HM010956.1	380
HM010957.1	380
HM010961.1	380
HQ334909.1	377
HQ334910.1	377
HQ334913.1	377
KC779787.1	366
KC779789.1	368
KC779790.1	368
KM025159.1	345
KX873017.1	353
KX873018.1	353
KX873019.1	353
MH377862.1	355
KC798477.1	373
EF545653.1	379
JF900510.1	365
HG004820.1	405
KY417941.1	388
OQ832760.1	393
PZ623435.1	392
PZ629994.1	393
KF704984.1	351
KP900380.1	415
KP900401.1	415
KX873123.1	345
KX873124.1	345
KY438086.1	313
KM005465.1	344
KM521838.1	391
MN381978.1	385
MN381984.1	385
MN382000.1	385
MN382007.1	385
MN382015.1	385
MN382017.1	385
MN382020.1	385
MN382021.1	385
MN382022.1	365
MN382034.1	385
MN382035.1	385
MN382041.1	385
LC010227.1	384
LC010228.1	384
LC010229.1	384
LC010230.1	384
LC010231.1	384
LC010232.1	384
LC010233.1	384
DQ787413.1	383
EU816751.1	410
KY214927.1	354
KY215021.1	355
KY215022.1	355
AF313037.1	359
AF313038.1	359
AJ548964.1	359
AJ548987.1	359
AM234141.1	374
AY101863.1	359
AY101865.1	359
AY101874.1	359
AY101876.1	358
AY101882.1	359
MN295324.1	375
MN295325.1	375
MW139232.1	359
AY101892.1	359
AY101895.1	361
AY101910.1	353
MH392738.1	347
KC539578.1	354
KF196321.1	413
KF196360.1	413
KF196361.1	413
KR087510.1	384
KR087519.1	384
KR087528.1	385
KR087531.1	384
KR087545.1	384
KR092931.1	383
KR092933.1	381
KR092943.1	382
KR092950.1	381
KY421908.1	367
LN812429.1	415
LN812467.1	415
MH718409.1	381
MH718411.1	381
MT117133.1	355
KF196339.1	415
KF196340.1	415
KF196341.1	415
KF196342.1	415
LN812493.1	419
LN812563.1	383
PV900127.1	390
JF706720.1	366
JF706721.1	365
KC528902.1	344
PX463693.1	347
AJ492459.1	376
KM051445.1	357
KP900397.1	415
HM347004.1	342
HM347010.1	337
HM347012.1	356
HM347013.1	355
HM347016.1	336
HM347018.1	340
HM347019.1	343
HM347020.1	339
HM347023.1	354
KR083318.1	391
KR083319.1	391
MN889428.1	394
AB675866.1	393
HG004849.1	365
LC420930.1	841
LC420935.1	842
MK025952.1	340
MK025953.1	340
MK025967.1	342
MN257667.1	365
KY067697.1	345
MK945634.1	363
MN750387.1	363
JF409917.1	345
KY417937.1	385
LC003517.1	402
KM005466.1	343
KM005467.1	343
KM005468.1	343
KM005469.1	343
KM005474.1	343
KM005475.1	343
KM005483.1	343
KM005484.1	343
KM005485.1	343
KM005486.1	343
KM005487.1	343
KM005488.1	343
KM005496.1	343
KM005497.1	343
KM005498.1	343
KM005499.1	343
KM005500.1	343
KM005501.1	343
KM005530.1	343
KM005531.1	343
KM005532.1	343
KM005533.1	343
KM005542.1	343
KM005543.1	343
KM005544.1	343
KM005553.1	343
KM005554.1	343
KY438025.1	314
KY438066.1	313
MW892822.1	369
MW892823.1	369
MW892825.1	369
MW892826.1	370
MW892827.1	370
MW892828.1	370
MW892829.1	370
HE657664.1	325
HE657669.1	324
HE657734.1	323
HE657738.1	320
HE657739.1	320
HE657740.1	320
HQ148777.1	323
HQ148812.1	323
HQ148813.1	323
HQ148814.1	323
MT924069.1	384
HE657697.1	320
HE657717.1	323
HE657729.1	328
HE657754.1	328
HE657755.1	323
HG004787.1	320
HQ148743.1	328
HQ148744.1	328
HQ148761.1	323
HQ148771.1	323
HQ148772.1	323
HQ148773.1	323
HQ148807.1	323
HQ148808.1	267
MW396584.1	320
MZ326019.1	322
OQ826573.1	302
JF893847.1	390
JF893848.1	390
JF893849.1	396
JF893850.1	487
JF893851.1	488
JF893852.1	393
JF893854.1	484
JF893855.1	488
JF893858.1	485
JF893859.1	485
JF893861.1	488
JF893862.1	396
JF893863.1	396
JF893864.1	396
JF893865.1	396
JF893866.1	393
JF893867.1	393
JF893869.1	390
JF893870.1	390
JF893872.1	390
JF893874.1	390
JF893875.1	390
JF893876.1	393
JF893877.1	486
JN161131.1	328
KC779641.1	367
KC779642.1	354
KC847592.1	396
KT751451.1	367
KT751461.1	374
JF807668.1	377
JF807669.1	378
JF807670.1	378
JF807671.1	378
JF807672.1	378
JF807673.1	377
JF807674.1	377
JF807675.1	377
JF807676.1	377
JN161136.1	312
JN161137.1	312
HE657771.1	323
HQ148742.1	324
HQ148819.1	323
HQ148820.1	322
HQ148823.1	323
HQ148824.1	323
HQ148825.1	323
HQ148826.1	323
JF893856.1	485
JQ248898.1	356
MW396581.1	323
ON557632.1	315
AF245410.1	383
MW536991.1	320
MW899018.1	367
MW899019.1	368
PQ474448.1	347
PQ474456.1	347
PQ474476.1	347
PQ474536.1	347
PQ474541.1	343
PQ474542.1	343
KF993486.1	426
KF993487.1	426
KF993488.1	426
KF993489.1	426
KF993490.1	426
KF993491.1	426
KF993492.1	426
KF993493.1	426
KF993494.1	426
KF993495.1	426
KF993496.1	426
KF993497.1	426
KF993498.1	426
KF993499.1	426
KF993500.1	424
KF993501.1	426
KF993502.1	426
KF993503.1	426
KF993504.1	426
KF993505.1	426
KF993506.1	426
KF993507.1	426
KF993508.1	426
KF993509.1	426
KF993510.1	426
KF993511.1	426
KF993512.1	426
KF993513.1	426
KX073343.1	426
KX073344.1	426
KX073345.1	426
KX073346.1	426
KX073347.1	426
KX073348.1	422
KX073349.1	422
KX073350.1	426
KC528839.1	345
KC528840.1	345
KC528841.1	345
KM589259.1	389
KM589260.1	389
KM589264.1	389
KM589268.1	389
KM589269.1	389
KM589271.1	389
KM589273.1	389
KM589277.1	389
KM589279.1	389
KP737536.1	386
KP737537.1	386
KY091359.1	355
KY091360.1	355
PV900028.1	369
KY067719.1	342
KY067722.1	342
KY067727.1	343
KY067728.1	343
KY397495.1	393
MT068496.1	342
MT068497.1	342
MT068498.1	342
MT068499.1	342
JF934757.1	349
JF934758.1	349
JF934759.1	352
JF934760.1	352
JF934761.1	349
JF934762.1	349
JF934763.1	350
JF934766.1	350
JF934767.1	350
JF934770.1	352
JF934772.1	352
JF934774.1	350
JF934775.1	350
JF934776.1	350
JF934778.1	349
JF934785.1	348
JF934786.1	348
JF934791.1	350
JF934792.1	350
JF934796.1	350
JF934797.1	350
JF934799.1	351
JF934800.1	351
JF934801.1	349
JF934802.1	349
JF934804.1	350
JF934805.1	350
JF934809.1	350
JF934810.1	356
JF934811.1	353
JF934812.1	356
JF934816.1	352
JQ306337.1	357
JQ306410.1	350
JQ306413.1	350
JQ306497.1	359
JQ995324.1	352
JQ995339.1	351
JQ995341.1	356
JQ995347.1	350
JQ995357.1	349
JQ995358.1	349
JQ995363.1	352
KC425839.1	352
KF747797.1	360
MN332377.1	352
JX070200.1	367
AY492108.1	362
KX686914.1	357
EU909427.1	313
MF076945.1	315
MF076947.1	314
MN545632.1	318
MN545634.1	314
MN545638.1	313
MN545639.1	313
MK988113.1	343
KJ170233.1	356
OM333851.1	365
EF041509.1	377
EU850628.1	377
EU850629.1	377
EU850632.1	376
HM116985.1	377
JN579581.1	331
JN579582.1	331
JN579584.1	330
JN579597.1	332
KF993463.1	379
AY271924.1	356
EF041514.1	375
EU850687.1	368
MW741818.1	356
AF328821.1	388
AF328827.1	388
AF328828.1	391
AF328829.1	391
AF328831.1	365
AF328832.1	335
AF328833.1	388
AY730060.1	377
KF848290.1	365
KJ784574.1	365
KR083068.1	370
KR083075.1	383
KR083080.1	384
KR083081.1	390
KR083085.1	379
KR083089.1	388
KR083197.1	394
KR083198.1	394
MF787296.1	388
MF787297.1	388
MF787312.1	393
KF871334.1	399
JN189714.1	365
AY492119.1	332
AY963776.1	332
KY612450.1	341
KY612451.1	341
KY968837.1	332
KY306643.1	345
HG004807.1	395
KY968864.1	385
KY968865.1	385
KY438062.1	314
KY930348.1	380
JQ341296.1	326
PV662197.1	319
PV662226.1	319
PV662230.1	318
PV662241.1	320
PV662251.1	318
PV662264.1	320
HM347009.1	338
KY657363.1	355
KY657419.1	364
HE586023.1	380
HE586024.1	380
HE586025.1	380
HE586033.1	384
KP904152.1	350
KP904154.1	351
KY306556.1	386
OR594036.1	319
OR594038.1	329
PQ871393.1	363
ON791523.1	425
ON791544.1	425
ON791545.1	425
FJ037842.1	376
FJ037843.1	376
JN634751.1	355
JX233660.1	368
JX233670.1	367
JX233671.1	367
JX233683.1	366
JX233684.1	366
JX233689.1	366
JX233690.1	366
JX233692.1	366
JX233696.1	366
JX233697.1	366
JX233698.1	366
JX233699.1	366
JX233700.1	366
JX233703.1	366
JX233704.1	362
JX233707.1	366
JX233708.1	366
JX233709.1	366
JX233712.1	369
JX233713.1	366
JX233714.1	366
JX233715.1	366
JX233716.1	366
JX233723.1	365
JX233724.1	365
JX233725.1	366
JX233728.1	365
JX233729.1	366
JX233733.1	366
JX233734.1	366
JX233738.1	366
JX233741.1	366
JX233742.1	366
JX233743.1	366
JX233744.1	366
JX233752.1	365
JX233753.1	366
JX233755.1	366
JX233756.1	366
JX233757.1	366
KF212026.1	403
KF212100.1	406
KF212101.1	406
KF906204.1	346
KF906205.1	346
KF906206.1	346
KF906207.1	348
MT439814.1	406
MT439815.1	406
MT439816.1	406
MT439817.1	406
PV844799.1	405
PV844800.1	405
DQ154077.1	388
JN161132.1	312
JN161133.1	312
JN161134.1	313
JN161135.1	312
KF794077.1	314
KF794095.1	314
PV901285.1	364
PV901286.1	364
AB762288.1	365
JN634721.1	357
JX862564.1	354
JX862570.1	354
JX862633.1	354
JX862637.1	354
JX862672.1	354
HF548929.1	383
HF548933.1	385
HF548935.1	385
JF807646.1	378
JF807678.1	377
JF807679.1	377
JF807682.1	376
JF807683.1	376
KX345131.1	371
AJ783640.1	352
KY584385.1	364
MF543757.1	357
MF543758.1	357
OQ106947.1	357
OQ106948.1	357
OQ106949.1	357
OQ818193.1	357
KJ189013.1	399
KJ189015.1	399
KJ189016.1	399
MN058288.1	346
MT023951.1	357
AJ783638.1	352
MF944296.1	379
MF944298.1	374
MK164498.1	366
MT500672.1	378
KR350152.1	374
KR350161.1	375
KY239245.1	376
KY239292.1	361
KY242102.1	366
KY242103.1	366
KY242104.1	366
KY242105.1	366
KY242106.1	366
KY242107.1	366
KY242108.1	366
KY242111.1	366
KY242112.1	366
KY242113.1	366
KY242114.1	366
KY242115.1	366
KY242116.1	367
KY242160.1	366
KY242161.1	366
KY242162.1	366
MF944332.1	374
MF944359.1	377
AB675699.1	393
AB675705.1	393
AB675707.1	393
AB675709.1	393
AB675716.1	393
AB675871.1	392
AB675872.1	393
AB675874.1	376
AB675888.1	376
AB675894.1	393
AB675902.1	369
AB675918.1	393
AB675919.1	393
EF108406.1	364
PZ111849.1	386
PZ111850.1	386
PZ111851.1	386
PZ111852.1	386
PZ111853.1	386
PZ111854.1	386
DQ385563.1	356
FJ481925.1	349
MW487230.1	357
AF414502.1	315
AM267066.1	335
AM267067.1	335
AY339678.1	321
AY339720.1	321
EU145353.1	353
MF076955.1	321
MT269650.1	315
MT269651.1	315
MF076957.1	321
HM347036.1	356
KF871335.1	399
OL778851.1	399
OL778873.1	399
OL778874.1	400
PZ294803.1	356
KP015390.1	409
KP015391.1	409
KP015424.1	409
KP015425.1	409
KP015426.1	409
KP015427.1	408
KP015448.1	409
KP015458.1	409
KP015459.1	409
KP015460.1	409
KP015461.1	409
KP015462.1	409
KP015463.1	409
KP015464.1	409
KP015466.1	408
KP015468.1	409
MZ366426.1	357
EF670378.1	367
JN796923.1	346
EU498141.1	349
EU912070.1	355
EU912071.1	355
EU912072.1	355
EU912073.1	355
KP904150.1	350
MZ366425.1	357
JQ248866.1	348
JQ248877.1	360
JQ248879.1	348
JQ248882.1	356
KC200600.1	356
KC200601.1	354
KC200751.1	350
KC200752.1	350
KC200753.1	350
KC200815.1	359
KC200816.1	360
KC200822.1	347
KC200857.1	355
KC200858.1	355
KC201019.1	345
KC201063.1	360
KC201095.1	335
KC201096.1	335
KC201097.1	335
KC201160.1	359
KC596001.1	354
KC955388.1	356
KC955389.1	361
KC955394.1	356
KC955395.1	356
KC955398.1	347
KC955508.1	356
KC955509.1	356
KC955510.1	356
KC955653.1	348
KC955654.1	354
KC955670.1	350
KC955689.1	351
KC955703.1	336
KC955749.1	348
KC955750.1	348
KC955751.1	348
KC955758.1	351
KC955759.1	351
MH048067.1	384
MW187770.1	384
MW187771.1	384
MW187772.1	384
AY558821.1	324
JF893853.1	398
JF893868.1	390
JF893871.1	390
JF893873.1	390
JF893878.1	389
JF893881.1	389
JF893882.1	390
JF893883.1	385
JF893885.1	388
KC847587.1	396
KC847588.1	397
KC847589.1	396
KC847590.1	396
KC847591.1	396
KP794419.1	371
KP901190.1	394
KX057826.1	304
OM886420.1	371
OR484623.1	362
JX870669.1	315
JX870734.1	314
JX870736.1	317
JX870749.1	317
KY397484.1	394
HM010959.1	378
HM010960.1	378
HM010979.1	370
HM140800.1	378
JQ230332.1	388
JX862643.1	367
JX862648.1	365
KR083065.1	341
KY971418.1	378
PP456703.1	395
AF470526.1	373
KF737003.1	323
MH446007.1	378
MT023915.1	258
MT376893.1	400
OP798463.1	374
OP798464.1	374
OP798465.1	374
OP798466.1	374
OP798487.1	374
OP798488.1	374
OP798489.1	374
OP798492.1	374
OP798493.1	374
OP798494.1	374
OP798495.1	374
OP798496.1	374
OP798497.1	374
OP798498.1	374
OP798499.1	373
OP798500.1	374
OP798501.1	374
OP798502.1	374
OP798532.1	374
OP798605.1	374
OP798631.1	374
OP798635.1	374
OP798638.1	374
OP798644.1	374
OP798688.1	374
PQ809740.1	372
PQ809741.1	372
PQ809742.1	373
PQ809756.1	372
PQ809757.1	372
PQ809768.1	372
PQ809771.1	372
PQ809772.1	372
AF470495.1	372
AF470509.1	372
AF470510.1	373
AF470511.1	372
AF470517.1	372
AF470520.1	372
AF470521.1	372
AF470522.1	372
DQ210156.1	355
DQ924393.1	355
KJ411660.1	368
MN825197.1	357
MN825198.1	357
MN825199.1	357
MN825200.1	357
MN825201.1	357
MN825422.1	348
MN825423.1	348
MN825424.1	348
MN825425.1	348
MN825426.1	348
MT940444.1	372
PQ809727.1	372
PQ809728.1	372
PQ809729.1	372
PQ809732.1	372
PQ809733.1	372
PQ809734.1	372
PQ809747.1	372
PQ809748.1	372
PQ809749.1	372
PQ809753.1	372
PQ809754.1	372
PQ809755.1	372
PQ809758.1	372
PQ809759.1	372
PQ809760.1	371
PQ809764.1	372
PQ809766.1	372
PQ809769.1	372
JQ067205.1	370
JQ067291.1	375
KT338761.1	358
KT338762.1	358
KT338763.1	358
KX371721.1	373
JQ341269.1	329
JQ341270.1	334
JQ341273.1	321
JQ341274.1	332
JQ341277.1	331
JQ341278.1	329
JQ341280.1	329
JQ341281.1	335
JQ341282.1	337
JQ341283.1	332
JQ341284.1	321
JQ341285.1	332
JQ341288.1	326
JQ341290.1	331
JQ341257.1	329
JQ341291.1	331
JQ341293.1	331
JQ341297.1	331
JQ341298.1	334
JQ341299.1	331
JQ341300.1	332
JQ341301.1	329
JQ341302.1	323
JQ341305.1	331
JQ341306.1	331
JQ341308.1	328
JQ341310.1	328
JQ341311.1	328
JQ341314.1	330
JQ341316.1	327
JQ341317.1	330
JQ341319.1	330
KP900418.1	415
MW821157.1	386
MW821160.1	386
MW821166.1	386
MW821167.1	386
MW821168.1	386
MW821174.1	386
PV901656.1	352
PV901658.1	352
PZ502323.1	385
JN560181.1	330
KC480525.1	331
KC480545.1	331
KJ411709.1	371
KP794448.1	378
KP794449.1	378
KP794450.1	378
KP794451.1	378
MG323913.1	355
MK641713.1	341
MK641714.1	341
OP643685.1	373
KY688829.1	328
KY688830.1	327
KY688831.1	324
PV342486.1	400
JN634722.1	372
JN634723.1	357
JN634724.1	333
JN634725.1	371
JN634726.1	340
JN634727.1	372
JN634728.1	336
JN634729.1	338
JN634731.1	362
JN634732.1	356
KX955039.1	357
OQ106946.1	357
JN560179.1	333
JN560180.1	333
JN560187.1	333
JN560188.1	334
JN560195.1	334
JN560196.1	333
JN560199.1	333
JN560201.1	334
JN560202.1	333
JN560205.1	333
JN560206.1	333
JN560207.1	333
JN560208.1	333
JN560210.1	333
JN560211.1	333
JN560212.1	333
JN560214.1	333
JN560215.1	333
JN560216.1	333
JN560217.1	333
JN560218.1	333
JN560220.1	333
JN560225.1	334
JN560226.1	333
JN560227.1	333
JN560228.1	333
JN560229.1	333
JN560230.1	332
JN560231.1	333
JN560233.1	333
JN560234.1	333
JN560235.1	324
JN560237.1	333
JN560240.1	333
JN560241.1	333
JN560242.1	333
JN560243.1	333
JN560244.1	333
JN560245.1	333
JN560246.1	334
JN560247.1	332
JN560248.1	333
JN560249.1	334
JN560250.1	333
JN560251.1	333
JN560254.1	333
JN560255.1	333
JN560256.1	332
JN560257.1	333
JN560262.1	333
JN560266.1	333
JN560267.1	333
JN560271.1	333
JN560273.1	333
JN560274.1	333
JN560275.1	333
JN634733.1	340
JN634734.1	337
JN634736.1	366
JN634737.1	356
JN634740.1	340
JN634741.1	357
JN634742.1	325
JN634745.1	334
JN634746.1	342
JN634748.1	334
JN634749.1	341
JN634752.1	344
JN634753.1	342
JN634754.1	334
JN634756.1	340
JQ067162.1	371
OR238555.1	359
JQ067126.1	371
JQ067128.1	374
JQ067129.1	375
JQ067135.1	366
JQ067136.1	371
JQ067137.1	371
JQ067140.1	372
JQ067141.1	372
JQ067142.1	374
JQ067146.1	371
JQ067147.1	372
JQ067149.1	370
JQ067151.1	371
JQ067152.1	370
JQ067153.1	355
JQ067155.1	370
JQ067156.1	371
JQ067157.1	371
JQ067160.1	375
JQ067161.1	378
JQ067163.1	372
JQ067164.1	371
JQ067166.1	370
JQ067167.1	370
JQ067168.1	345
JQ067171.1	375
JQ067172.1	370
JQ067173.1	372
JQ067174.1	370
JQ067175.1	371
JQ067177.1	371
JQ067179.1	370
JQ067180.1	375
JQ067181.1	370
JQ067182.1	372
JQ067183.1	360
JQ067184.1	371
JQ067185.1	370
JQ067186.1	374
JQ067187.1	374
JQ067188.1	368
JQ067189.1	373
JQ067190.1	370
JQ067191.1	370
JQ067192.1	374
JQ067193.1	370
JQ067194.1	371
JQ067195.1	374
JQ067196.1	374
JQ067197.1	374
JQ067199.1	370
JQ067200.1	370
JQ067201.1	374
JQ067202.1	370
JQ067203.1	371
JQ067204.1	370
JQ067207.1	370
JQ067210.1	376
JQ067211.1	370
JQ067212.1	374
JQ067213.1	370
JQ067214.1	371
JQ067215.1	374
JQ067216.1	374
JQ067218.1	374
JQ067219.1	370
JQ067220.1	374
JQ067221.1	369
JQ067223.1	370
JQ067224.1	370
JQ067225.1	374
JQ067226.1	371
JQ067227.1	370
JQ067228.1	371
JQ067229.1	374
JQ067231.1	372
JQ067232.1	370
JQ067234.1	370
JQ067235.1	371
JQ067236.1	370
JQ067237.1	346
JQ067238.1	371
JQ067239.1	369
JQ067240.1	373
JQ067241.1	371
JQ067242.1	371
JQ067243.1	371
JQ067244.1	374
JQ067245.1	371
JQ067246.1	370
JQ067247.1	370
JQ067248.1	370
JQ067249.1	374
JQ067251.1	370
JQ067252.1	371
JQ067253.1	370
JQ067255.1	372
JQ067256.1	371
JQ067259.1	370
JQ067260.1	372
JQ067263.1	370
JQ067264.1	370
JQ067265.1	370
JQ067266.1	376
JQ067267.1	371
JQ067268.1	371
JQ067269.1	370
JQ067271.1	370
JQ067272.1	370
JQ067275.1	371
JQ067276.1	370
JQ067277.1	374
JQ067279.1	370
JQ067281.1	370
JQ067284.1	370
JQ067288.1	371
JQ067289.1	371
JQ067301.1	370
JQ067304.1	373
JQ067306.1	372
JQ067309.1	370
JQ067310.1	355
JQ067312.1	253
JQ067314.1	375
JQ067317.1	370
JQ067318.1	370
JQ067319.1	370
JQ067320.1	370
KT338678.1	372
KX371687.1	327
KX371691.1	374
KX371707.1	371
KX390756.1	370
HE657657.1	318
HE657658.1	318
HE657659.1	331
HE657662.1	320
HE657663.1	321
HE657667.1	323
HE657670.1	323
HE657672.1	324
HE657674.1	321
HE657676.1	321
HE657677.1	302
HE657678.1	323
HE657682.1	318
HE657686.1	318
HE657687.1	322
HE657688.1	322
HE657691.1	316
HE657692.1	323
HE657693.1	323
HE657694.1	322
HE657695.1	322
HE657696.1	323
HE657698.1	323
HE657700.1	320
HE657701.1	320
HE657702.1	320
HE657703.1	320
HE657704.1	320
HE657705.1	320
HE657706.1	320
HE657707.1	324
HE657708.1	320
HE657709.1	324
HE657710.1	320
HE657711.1	323
HE657714.1	318
HE657716.1	322
HE657718.1	316
HE657719.1	319
HE657720.1	320
HE657721.1	322
HE657722.1	322
HE657723.1	322
HE657726.1	318
HE657727.1	318
HE657728.1	318
HE657733.1	323
HE657737.1	320
HE657741.1	322
HE657744.1	325
HE657746.1	320
HE657747.1	322
HE657750.1	324
HE657752.1	319
HE657753.1	319
HE657758.1	325
HE657759.1	322
HE657760.1	322
HE657762.1	325
HE657763.1	330
HE657764.1	335
HE657767.1	323
HE657768.1	323
HE657769.1	316
HE657773.1	323
JN091200.1	376
JN091201.1	376
MN091679.1	322
MW396585.1	325
MZ325999.1	322
MZ326000.1	322
AM234110.1	373
AM234113.1	371
AM234123.1	374
JN091202.1	376
JN091203.1	374
JN091206.1	374
JN091207.1	376
JN091209.1	374
JN091211.1	371
JN091212.1	376
JN091213.1	374
JN091214.1	374
JN091215.1	374
JN091216.1	373
JN091217.1	374
JN091218.1	374
JN091219.1	375
JN091220.1	374
JN091221.1	377
JN091222.1	374
JN091223.1	374
JN091224.1	374
JN091225.1	373
JN091226.1	374
JN091227.1	374
JN091228.1	374
JN091229.1	375
JN091230.1	373
JN091232.1	373
JN091233.1	373
JN091234.1	374
JN091235.1	373
JN091236.1	374
JN091237.1	374
JN091238.1	375
JN091239.1	373
JN091240.1	372
JN091241.1	374
JN091244.1	374
JN091245.1	374
JN091246.1	378
JN091247.1	375
KU898303.1	374
KU898312.1	373
MW023959.1	372
MW023960.1	374
MW023966.1	372
MW023968.1	374
MW023972.1	372
MW023986.1	372
MW023995.1	372
MW023998.1	372
JF831204.1	337
JF831205.1	331
JF831206.1	338
JF831210.1	352
JF831211.1	353
JF831212.1	351
JF831213.1	351
JF831214.1	328
JF831216.1	351
JF831217.1	352
JF831219.1	353
JF831221.1	353
JN091248.1	372
JN091249.1	372
JN091250.1	374
JN560252.1	333
JN560253.1	333
JN560268.1	333
JN560269.1	333
MW024000.1	372
ON557642.1	351
KF318917.1	367
KF318968.1	376
KP901194.1	392
KR083074.1	380
KY782469.1	383
LN831364.1	420
HF952968.1	367
MK341313.1	379
MK341331.1	379
MK341332.1	379
MK341348.1	376
MK341352.1	376
MT923059.1	403
MH477935.1	378
MK341344.1	380
MT153597.1	379
HE657675.1	325
HE657680.1	324
HE657713.1	322
HE657715.1	322
HE657725.1	318
HE657761.1	320
JF301411.1	316
JF301417.1	320
JF301421.1	316
JF301424.1	317
JF301425.1	316
JF301426.1	316
JF301427.1	316
JF301429.1	276
JF301433.1	317
JF301436.1	317
JF301437.1	317
JF301443.1	319
JF301445.1	318
JF301446.1	317
JF301448.1	318
JF301451.1	318
JF301452.1	317
JF301457.1	316
JF301460.1	316
JF301464.1	316
JF301466.1	316
JF301467.1	319
JF301472.1	316
JF301473.1	316
JF301475.1	316
JF301478.1	316
JF301484.1	316
JF301485.1	316
JF301486.1	316
JF301487.1	316
JF301489.1	316
JF301491.1	316
JF301496.1	317
JF301498.1	317
JF301500.1	317
JF301501.1	316
JF301505.1	316
JF301508.1	316
JF301509.1	315
JF301511.1	315
JF301512.1	315
JF301513.1	315
JF301514.1	315
JF301516.1	316
JF301519.1	317
JF301523.1	318
JF301524.1	316
JF301531.1	316
JF301533.1	318
JF301536.1	320
JF301539.1	324
JF301540.1	324
JF301550.1	321
JF301554.1	321
JF301558.1	321
JF301559.1	321
JF301560.1	321
JF301564.1	320
JF301566.1	321
JF301567.1	321
JF301568.1	321
JF301569.1	321
JF301570.1	320
JF301572.1	320
JF301575.1	321
JF301576.1	321
JF301577.1	321
JF301578.1	317
JF301586.1	321
JF301588.1	321
JF301590.1	321
JF301591.1	321
JF301592.1	321
MK164424.1	371
MK164431.1	371
MK164447.1	366
MK164457.1	371
MK164470.1	371
MK164472.1	367
MK164477.1	371
MK164496.1	370
MK164527.1	370
MZ326003.1	321
MZ326006.1	318
MZ326007.1	319
MZ326008.1	319
OM311712.1	371
ON009183.1	371
ON009191.1	365
ON009194.1	371
ON009198.1	367
ON009207.1	370
ON009214.1	371
OQ048271.1	366
KY612452.1	341
KY612453.1	341
LR588246.1	355
MH712629.1	366
MK164444.1	371
ON009188.1	371
PQ474505.1	310
HF586695.1	328
HF586709.1	327
HF586711.1	290
HF586714.1	327
HF586717.1	327
HF586719.1	327
MT923667.1	372
DQ059390.1	377
JX313373.1	388
MN114132.1	374
OL863053.1	368
OL863054.1	368
KX954991.1	360
PV900502.1	377
HF952962.1	366
HF952971.1	365
KX872950.1	353
KX872951.1	353
KX872952.1	353
LC732119.1	386
LC805914.1	386
LC805915.1	386
LC805916.1	386
LC805917.1	386
LC822536.1	386
LC822537.1	386
LC822538.1	386
LC822539.1	386
LC822540.1	386
LC625815.1	399
LC625816.1	393
HE586017.1	367
HE586018.1	367
HE586022.1	367
KY657405.1	325
KY657406.1	325
MH377873.1	351
MN400770.1	358
MN400771.1	358
AB701346.1	365
HE681570.1	364
KY688819.1	313
DQ926746.1	735
JQ067132.1	372
JQ067254.1	369
JQ067283.1	373
KR083088.1	390
KX872906.1	353
KX872912.1	353
KX872913.1	353
KX873134.1	352
KX873147.1	353
KX873148.1	353
MF348277.1	353
JQ730036.1	383
KY214940.1	334
JQ730045.1	369
JQ730071.1	393
JQ730101.1	388
JQ730157.1	380
JQ730166.1	380
JQ730173.1	381
JQ730175.1	383
JQ730180.1	380
JQ730189.1	383
JQ730200.1	383
KY782462.1	375
MT000930.1	383
JQ730202.1	380
JQ730216.1	383
JQ730221.1	380
JQ730238.1	380
JQ072902.1	341
JQ306335.1	369
JQ306336.1	359
JQ306339.1	360
JQ306340.1	360
JQ306341.1	359
JQ306342.1	359
JQ306344.1	360
JQ306345.1	360
JQ306350.1	356
JQ306351.1	359
JQ306352.1	356
JQ306353.1	356
JQ306355.1	361
JQ306359.1	360
JQ306360.1	360
JQ306361.1	358
JQ306362.1	358
JQ306363.1	358
JQ306365.1	358
JQ306366.1	358
JQ306367.1	357
JQ306368.1	357
JQ306369.1	357
JQ306371.1	358
JQ306375.1	358
JQ306377.1	358
JQ306378.1	360
JQ306380.1	357
JQ306381.1	356
JQ306382.1	360
JQ306386.1	352
JQ306387.1	352
JQ306390.1	352
JQ306393.1	354
JQ306394.1	366
JQ306397.1	352
JQ306398.1	352
JQ306399.1	353
JQ306407.1	352
JQ306408.1	352
JQ306411.1	358
JQ306424.1	358
JQ306425.1	358
JQ306429.1	352
JQ306430.1	358
JQ306433.1	360
JQ306434.1	360
JQ306435.1	360
JQ306438.1	357
JQ306439.1	362
JQ306443.1	358
JQ306444.1	358
JQ306445.1	358
JQ306446.1	358
JQ306448.1	356
JQ306449.1	357
JQ306450.1	356
JQ306451.1	357
JQ306452.1	357
JQ306453.1	360
JQ306455.1	360
JQ306458.1	360
JQ306459.1	360
JQ306460.1	360
JQ306461.1	360
JQ306462.1	352
JQ306463.1	352
JQ306466.1	357
JQ306467.1	352
JQ306469.1	352
JQ306470.1	352
JQ306471.1	352
JQ306472.1	352
JQ306473.1	352
JQ306474.1	352
JQ306475.1	352
JQ306476.1	352
JQ306477.1	352
JQ306478.1	352
JQ306479.1	352
JQ306480.1	352
JQ306483.1	352
JQ306484.1	352
JQ306486.1	355
JQ306487.1	360
JQ306488.1	355
JQ306490.1	359
JQ306492.1	350
JQ306493.1	350
JQ306494.1	358
JQ306495.1	357
JQ306496.1	357
JQ306498.1	360
JQ306499.1	352
JQ306500.1	352
JQ306503.1	369
JQ995325.1	350
JQ995332.1	357
KC425725.1	359
KF675938.1	328
KX686531.1	369
KX686534.1	371
KX686536.1	366
KY067729.1	347
KY067730.1	347
KY067733.1	347
KY067735.1	347
KY988898.1	359
MN332329.1	359
MN332332.1	360
MN332337.1	360
MN332348.1	360
MN332362.1	359
MN332363.1	360
MN332367.1	350
MN332388.1	359
MN332404.1	360
MN551422.1	352
MN551423.1	352
MN551425.1	352
MN551437.1	354
MN551440.1	351
MN551450.1	352
MN551456.1	352
MN551462.1	352
MN551465.1	353
MN551466.1	352
MN551471.1	352
JQ306347.1	358
JQ306357.1	352
JQ306358.1	358
JQ306372.1	354
JQ306383.1	351
JQ306384.1	350
JQ306385.1	350
JQ306389.1	357
JQ306391.1	359
JQ306392.1	359
JQ306396.1	352
JQ306400.1	352
JQ306401.1	352
JQ306405.1	357
JQ306406.1	357
JQ306412.1	350
JQ306414.1	350
JQ306416.1	351
JQ306417.1	350
JQ306419.1	349
JQ306420.1	349
JQ306422.1	350
JQ306428.1	354
JQ306432.1	361
JQ306437.1	358
JQ306441.1	361
JQ306442.1	361
JQ306454.1	358
JQ306457.1	362
JQ306464.1	355
JQ306465.1	354
JQ306481.1	352
JQ306482.1	352
JQ306485.1	350
JQ306502.1	351
KF747839.1	354
KY084278.1	357
LT574821.1	354
MN332407.1	351
JQ954559.1	359
JQ954565.1	366
MH710759.1	366
MH712584.1	367
KJ187627.1	376
MK184563.1	380
MK258159.1	381
OP431355.1	380
EU792403.1	354
HG004788.1	374
KY968887.1	386
JQ248872.1	361
JQ248873.1	361
JQ248876.1	349
JQ248884.1	349
JQ248885.1	339
JQ248890.1	353
JQ248893.1	351
JQ248894.1	349
JQ248896.1	350
JQ248901.1	360
JQ248905.1	360
JQ248906.1	340
KC200583.1	352
KC200584.1	352
KC200666.1	348
KC200690.1	347
KC200710.1	349
KC200830.1	350
KC200831.1	350
KC200855.1	348
KC200856.1	348
KC200980.1	349
KC200981.1	349
KC201000.1	348
KC201001.1	348
KC201002.1	348
KC201003.1	348
KC201004.1	348
KC201074.1	348
KC201076.1	348
KC201077.1	348
KC201078.1	348
KC201079.1	348
KC201080.1	348
KC201081.1	348
KC201082.1	348
KC201083.1	348
KC201084.1	348
KC201085.1	348
KC201086.1	348
KC201087.1	348
KC201153.1	359
KC201162.1	339
KC955269.1	354
KC955311.1	349
KC955312.1	349
KC955313.1	349
KC955351.1	349
KC955355.1	350
KC955359.1	349
KC955360.1	349
KC955366.1	350
KC955368.1	353
KC955370.1	350
KC955371.1	348
KC955372.1	349
KC955377.1	348
KC955378.1	349
KC955379.1	351
KC955380.1	351
KC955404.1	352
KC955405.1	340
KC955406.1	340
KC955495.1	352
KC955496.1	340
KC955497.1	340
KC955499.1	351
KC955500.1	351
KC955522.1	349
KC955525.1	349
KC955567.1	352
KC955568.1	350
KC955573.1	353
KC955574.1	351
KC955575.1	349
KC955576.1	349
KC955579.1	350
KC955583.1	350
KC955584.1	350
KC955586.1	349
KC955588.1	349
KC955593.1	348
KC955595.1	353
KC955680.1	349
KC955693.1	349
KC955700.1	349
KC955701.1	349
KC955712.1	350
KC955714.1	353
KC955716.1	349
KC955717.1	352
KC955728.1	351
KC955760.1	354
KC955761.1	354
KC200573.1	349
KC200574.1	353
KC200575.1	353
KC200579.1	344
KC200586.1	356
KC200589.1	355
KC200593.1	345
KC200595.1	354
KC200596.1	353
KC200603.1	349
KC200604.1	347
KC200610.1	348
KC200611.1	348
KC200612.1	348
KC200613.1	348
KC200614.1	349
KC200617.1	349
KC200619.1	356
KC200620.1	334
KC200621.1	350
KC200622.1	350
KC200623.1	350
KC200624.1	350
KC200626.1	349
KC200630.1	346
KC200632.1	349
KC200633.1	359
KC200635.1	343
KC200637.1	347
KC200638.1	347
KC200639.1	347
KC200648.1	360
KC200650.1	347
KC200651.1	359
KC200652.1	359
KC200670.1	366
KC200676.1	353
KC200678.1	359
KC200683.1	343
KC200696.1	350
KC200703.1	308
KC200704.1	308
KC200705.1	308
KC200707.1	348
KC200718.1	364
KC200723.1	354
KC200729.1	348
KC200732.1	335
KC200736.1	348
KC200741.1	359
KC200742.1	353
KC955271.1	360
KC955322.1	360
KC955324.1	344
KC955331.1	309
KC955332.1	326
KC955348.1	352
KC955349.1	354
KC955365.1	360
KC955518.1	350
KC955520.1	352
KC955521.1	354
KC955572.1	360
KC955623.1	358
KC955624.1	349
KC955659.1	354
KC955667.1	357
KC955669.1	355
KC955675.1	354
KC955685.1	350
KC955686.1	351
KC955771.1	360
KC200768.1	361
KC200778.1	353
KC200793.1	348
KC200801.1	353
KC200808.1	347
KC200809.1	347
KC200810.1	347
KC200811.1	336
KC200812.1	336
KC200813.1	355
KC200817.1	353
KC200818.1	353
KC200828.1	353
KC200832.1	348
KC200843.1	347
KC200846.1	352
KC200853.1	346
KC200861.1	352
KC200862.1	349
KC200863.1	349
KC200864.1	350
KC200865.1	346
KC200866.1	346
KC200867.1	337
KC200868.1	348
KC200869.1	351
KC200870.1	353
KC200871.1	348
KC200872.1	348
KC200881.1	346
KC200882.1	343
KC200883.1	348
KC200884.1	351
KC200885.1	356
KC200892.1	350
KC200902.1	348
KC200905.1	348
KC200906.1	348
KC200910.1	361
KC200911.1	359
KC200912.1	359
KC200913.1	359
KC200919.1	359
KC200932.1	359
KC200933.1	348
KC200936.1	348
KC200945.1	343
KC200946.1	342
KC200951.1	348
KC200968.1	349
KC200971.1	359
KC200993.1	348
KC200997.1	337
KC200998.1	356
KC201006.1	361
KC201007.1	349
KC201017.1	353
KC201018.1	353
KC201020.1	353
KC201021.1	352
KC201024.1	348
KC201025.1	347
KC201026.1	348
KC201027.1	342
KC201029.1	350
KC201030.1	349
KC201033.1	342
KC201045.1	348
KC201046.1	350
KC201047.1	355
KC201049.1	355
KC201062.1	343
KC201068.1	321
KC201070.1	346
KC201073.1	348
KC201075.1	347
KC201090.1	350
KC201100.1	350
KC201107.1	348
KC201109.1	348
KC201111.1	349
KC201112.1	349
KC201115.1	353
KC201116.1	353
KC201117.1	352
KC201142.1	355
KC201143.1	349
KC201144.1	349
KC201145.1	349
KC201146.1	349
KC201147.1	349
KC201148.1	349
KC955314.1	350
KC955337.1	349
KC955369.1	348
KC955390.1	360
KC955391.1	360
KC955396.1	356
KC955397.1	356
KC955410.1	345
KC955411.1	345
KC955422.1	352
KC955488.1	356
KC955489.1	356
KC955511.1	360
KC955512.1	360
KC955560.1	349
KC955596.1	348
KC955602.1	351
KC955634.1	353
KC955644.1	355
KC955707.1	350
KC955711.1	354
KC955715.1	352
KC955723.1	354
KC955725.1	354
KC955729.1	356
KC955733.1	354
KC955739.1	352
KC955740.1	352
KC955741.1	357
KC955745.1	360
KC955752.1	349
KC955762.1	359
KC955768.1	360
KC955770.1	360
KC955772.1	362
KC955774.1	361
KC201149.1	349
KC201150.1	349
KC201151.1	349
KC201154.1	353
KC201155.1	355
KC201157.1	347
KC201165.1	349
KC779711.1	374
KC955709.1	351
KC955710.1	352
MT565577.1	375
AB715202.1	329
AB715203.1	329
AB715204.1	329
AB715205.1	329
AB715206.1	329
AB715207.1	329
AB715208.1	329
AB715209.1	329
AB715210.1	329
AB715211.1	329
AB715212.1	329
AB715213.1	329
AB715214.1	329
AB715217.1	329
AB715218.1	329
AB715219.1	329
AB715220.1	331
AB715221.1	331
AB715222.1	329
AB715223.1	329
AB715225.1	330
AB715226.1	330
AB715227.1	330
AB715228.1	330
JQ762398.1	356
JQ762399.1	358
KF154261.1	359
OR593301.1	428
OR593302.1	428
OR593303.1	428
OR593305.1	428
OR631860.1	426
AB593561.1	367
AB593562.1	368
AB593604.1	368
AF303709.1	376
KX057822.1	303
KX057829.1	283
KX786520.1	399
KY688765.1	309
KY688766.1	311
KY688794.1	346
KY688820.1	348
MN264648.1	286
AB593616.1	368
AB593674.1	366
KX954926.1	364
MN213676.1	368
MN213677.1	368
MN213679.1	368
MW829698.1	362
MW879506.1	362
MW879507.1	362
MW879508.1	362
PQ590562.1	363
PQ590576.1	363
PQ590577.1	363
PQ590578.1	363
LC610878.1	391
LC610879.1	391
LC610880.1	390
LC610881.1	390
LC610882.1	390
LC610883.1	390
LC610884.1	390
LC610885.1	390
LC610886.1	390
LC610887.1	390
OQ106939.1	357
OQ106940.1	357
OQ106941.1	357
OQ106942.1	357
OQ106943.1	357
OQ106944.1	357
PV059272.1	361
JQ898976.1	337
JQ898977.1	337
JQ898979.1	336
JQ898985.1	337
JQ898989.1	336
JQ898990.1	338
JQ898995.1	337
JQ898997.1	336
JQ899005.1	337
JQ899011.1	330
JQ899012.1	330
JQ899016.1	337
JQ899019.1	337
JQ899025.1	336
KJ187648.1	377
KU164797.1	372
KU164818.1	371
MK164427.1	371
MK164429.1	371
MK164466.1	373
MK164471.1	371
MK164482.1	371
MK164484.1	371
MK164485.1	367
MK164486.1	370
MK164529.1	377
MN295300.1	376
MZ927376.1	341
MZ927391.1	331
PV522066.1	371
PZ124126.1	371
PZ124127.1	371
PZ124128.1	371
AJ492425.1	375
AJ492429.1	375
AJ492431.1	375
AJ492432.1	375
AJ492434.1	374
AJ492441.1	374
AJ492443.1	375
MK641681.1	339
MW142545.1	353
MW142546.1	353
MW142547.1	353
HQ665018.1	352
HQ665019.1	352
HQ665020.1	352
MW821141.1	386
MW821142.1	386
MW821150.1	386
MW821165.1	386
AB618105.1	423
KF589873.1	370
MH825853.1	349
MH825854.1	349
MK165464.1	368
MH710745.1	394
JQ716438.1	359
JQ716439.1	359
JQ716440.1	360
JQ716441.1	359
JQ716442.1	360
JQ067287.1	371
KF747785.1	356
KM495128.1	363
MH710810.1	387
JN805895.1	329
JN805896.1	334
JN805897.1	334
JN805898.1	331
JN805899.1	334
JN805900.1	329
JN805901.1	316
JN805903.1	340
JN805907.1	307
JN805909.1	309
JN805910.1	311
JN805912.1	313
JN805913.1	321
JN805914.1	319
JN805918.1	308
JN805919.1	318
JN805922.1	316
JN805925.1	322
JN805926.1	306
JN805927.1	316
JN805930.1	328
JN805931.1	322
JN805932.1	323
JN805933.1	309
JN805934.1	309
JN805935.1	318
JN805940.1	322
JN805944.1	301
JN805947.1	315
JN805950.1	343
JN872689.1	327
JN872690.1	320
JN872693.1	318
JN872694.1	332
JN872695.1	320
JN872696.1	320
JN872697.1	327
JN872698.1	328
KJ747015.1	370
MG523331.1	364
MG523332.1	364
MT384021.1	329
MT384023.1	334
MT384024.1	320
MT384026.1	346
MT384028.1	318
MT384029.1	319
MT384040.1	346
KX954888.1	357
KX954908.1	357
KX954969.1	357
KX954980.1	357
KX955046.1	358
MK945643.1	357
AY552102.1	368
AY552143.1	388
DQ154066.1	388
DQ985619.1	355
HE860068.1	384
HE860069.1	383
HE860073.1	384
HE860074.1	384
HE860085.1	380
HE860099.1	382
HE860104.1	380
HE860116.1	383
KY782453.1	385
AM234088.1	373
AM234149.1	373
JQ740194.1	373
KX789286.1	373
MN381982.1	384
MN381998.1	391
MN382052.1	385
DQ339081.1	395
KM025161.1	373
LC580226.1	366
MG869015.1	373
OL839314.1	373
JQ230331.1	391
JQ230334.1	400
JQ230335.1	392
JQ230336.1	377
JQ230338.1	378
JQ230341.1	375
JQ230342.1	375
JQ230343.1	375
JQ230345.1	381
JQ230349.1	382
JX070195.1	374
JX070196.1	377
JX070197.1	377
KR350165.1	376
KT338718.1	377
MF944274.1	376
MF944276.1	373
MF944324.1	377
MF944360.1	377
MH212250.1	377
MH212251.1	378
MT500674.1	380
OQ331227.1	378
PP447371.1	388
PP456690.1	394
AM266989.1	333
AM267002.1	326
AM267024.1	335
AM939427.1	332
AM939428.1	332
AM939462.1	324
AM939463.1	324
AM939464.1	318
AM939529.1	339
AM939531.1	324
AM939540.1	324
AM939546.1	319
AM945192.1	329
AM945206.1	331
EF660589.1	877
EU145387.1	353
HG004884.1	385
JQ230346.1	379
JQ230347.1	379
JQ230348.1	381
JQ230350.1	380
JQ230351.1	379
JQ230352.1	379
JQ230353.1	381
JQ230354.1	368
JQ230355.1	379
JQ230356.1	379
JQ230357.1	379
JQ230358.1	379
JQ230359.1	379
JQ230360.1	379
JQ230361.1	380
JQ230362.1	379
JQ230363.1	379
JQ230364.1	379
JQ230365.1	379
JQ230366.1	379
JQ230367.1	379
JQ230368.1	381
JQ230369.1	377
JQ230370.1	375
JQ230371.1	379
JQ230372.1	379
JQ230373.1	374
JQ230374.1	378
JQ230375.1	379
JQ230376.1	379
JQ230377.1	379
JQ230378.1	379
JQ230379.1	379
JQ230380.1	377
JQ230382.1	330
JQ230383.1	378
JQ230384.1	375
JQ230385.1	379
JQ230386.1	379
JQ230387.1	375
KJ588917.1	889
KJ588918.1	889
KJ588919.1	889
KJ588920.1	889
KJ588921.1	889
KJ588922.1	889
KX786505.1	375
KX786509.1	481
KX786510.1	379
KX786514.1	383
KX786515.1	390
KX786516.1	390
KX786517.1	400
KX786518.1	392
KX786519.1	399
KX786528.1	377
KX786533.1	381
KX786534.1	379
KX786535.1	381
KX786536.1	379
KX786537.1	383
KX786540.1	470
KX786543.1	379
MH212267.1	381
MH212271.1	379
MH212272.1	379
MH212276.1	379
MH212277.1	379
MH212278.1	379
MH212280.1	378
MH212283.1	379
MH308068.1	383
MH329184.1	383
MH329185.1	383
MH329186.1	383
MN114133.1	385
MZ750390.1	324
PP456686.1	375
PQ282459.1	323
PQ282464.1	322
JX070199.1	367
MH710705.1	367
KY242061.1	366
KY242062.1	366
KY242063.1	366
KY242064.1	366
KY242065.1	366
KY242066.1	366
LN607576.1	395
PV900285.1	387
JQ067337.1	373
OL778875.1	400
JQ954564.1	366
KJ608368.1	367
KM025158.1	364
KX873118.1	346
KY306491.1	366
KY306591.1	359
KY306607.1	373
KY306608.1	374
KY306609.1	373
KY306611.1	375
KY306630.1	375
MG648290.1	388
MG648291.1	387
MG648292.1	388
MG648293.1	388
MG648294.1	387
MG648295.1	388
MG648296.1	387
MG648297.1	387
MG648298.1	388
MG648299.1	388
MG648300.1	388
MH426493.1	413
MH426494.1	413
MH535214.1	373
MH535215.1	373
PP447372.1	391
PP447383.1	413
PP447390.1	390
PP456688.1	365
DQ314202.1	378
KP878875.1	342
KP878876.1	342
KP878877.1	342
HQ718984.1	385
HQ718985.1	385
HQ718986.1	385
HQ718987.1	385
HQ718988.1	385
HQ718989.1	385
HQ718990.1	385
EU812815.1	394
KF494259.1	355
AM404344.1	374
AM404347.1	338
HM347037.1	349
KP878856.1	374
OP881276.1	338
PV704862.1	365
PV901244.1	366
PX285743.1	355
JN579612.1	332
JN579613.1	332
MF543748.1	363
MF543749.1	363
MF543750.1	363
MF543751.1	363
MF543752.1	363
MF543753.1	363
MF543754.1	363
MF543755.1	363
MF543756.1	363
PV809980.1	364
JX124482.1	380
JX124483.1	380
OR347597.1	372
OR347598.1	372
OR347599.1	372
OR347600.1	372
OR347602.1	372
OR347605.1	372
OR347606.1	372
OR347607.1	372
OR347608.1	372
AB675883.1	391
AB675893.1	377
AB675907.1	393
AB675909.1	393
AB742455.1	387
AB742456.1	387
KT735317.1	391
KT735319.1	391
KT735321.1	390
MF468213.1	320
MF468214.1	320
MF468215.1	321
MH279644.1	258
JX152677.1	374
JX152678.1	373
JX152685.1	373
JX152686.1	373
JX152689.1	374
JX152698.1	351
JX152699.1	351
JX152700.1	384
JX152702.1	383
JX152719.1	351
JX152720.1	351
JX152728.1	351
JX152729.1	351
JX152730.1	351
JX152731.1	383
AF528489.1	389
AF528494.1	390
AY879153.1	391
DQ451794.1	389
DQ451818.1	385
DQ451820.1	388
DQ451823.1	388
LC010117.1	384
MN257671.1	377
OR531482.1	369
OR531494.1	353
OR531495.1	353
OR531496.1	366
OR531497.1	353
JX152696.1	350
KR083055.1	392
KT958341.1	373
KY858373.1	373
KR083079.1	386
KR083084.1	392
KR083166.1	391
KR083262.1	391
KR083263.1	391
AY174727.1	360
EF079374.1	359
EF079375.1	371
EF079381.1	365
EU554346.1	364
KR149439.1	359
KR149440.1	360
KT825454.1	358
KT825480.1	371
KT958324.1	373
MH218741.1	359
MN332381.1	363
OR347589.1	360
OR347590.1	360
OR347592.1	360
OR347595.1	360
AY174720.1	360
AY174722.1	360
AY174723.1	360
AY174756.1	361
EF079377.1	360
EF079383.1	362
EF079384.1	365
KJ187605.1	376
KJ187608.1	376
KJ187609.1	375
KJ187613.1	375
KJ187653.1	376
KJ187654.1	376
KR816308.1	360
KR816309.1	360
KR816312.1	360
KR816317.1	361
KR816320.1	359
KX789274.1	375
KX789275.1	375
LN607569.1	391
OR347614.1	372
OR347615.1	372
OR347616.1	372
OR347617.1	372
OR347618.1	372
PP002392.1	375
PP035936.1	376
HG004801.1	397
MH626411.1	322
MT922809.1	388
MZ366429.1	358
PV662266.1	319
JQ898978.1	336
KX954974.1	358
JX313359.1	395
JX313363.1	393
JX313382.1	395
MN257658.1	419
JQ067150.1	371
JQ067230.1	370
JQ067233.1	375
JQ067250.1	370
JQ067258.1	370
JQ067261.1	373
JQ067274.1	371
JQ067290.1	371
JQ067292.1	372
JQ067293.1	370
JQ067295.1	372
JQ067302.1	370
JQ067307.1	370
JQ067315.1	370
JQ067316.1	373
JQ067322.1	370
JQ067325.1	371
JQ067326.1	371
JQ067327.1	372
JQ067328.1	372
JQ067329.1	372
JQ067330.1	370
JQ067332.1	371
JQ067335.1	371
JQ067336.1	371
JQ067338.1	372
JX120577.1	370
JX120578.1	370
JX120580.1	372
JX120581.1	370
JX120582.1	374
JX120583.1	371
JX120584.1	371
JX120585.1	373
JX120586.1	371
JX120587.1	371
KM025166.1	352
KM659712.1	377
KT223752.1	366
KX371656.1	371
KX371671.1	371
KX371737.1	371
KX371760.1	371
MK165474.1	365
MN114127.1	374
MT023882.1	362
MT023928.1	361
OM333852.1	365
ON820134.1	365
ON820135.1	365
JX840554.1	316
KC633890.1	388
KT958317.1	373
KT958318.1	376
KT958320.1	373
KT958327.1	374
KT958330.1	373
KT958356.1	375
KT958358.1	373
KT958367.1	373
KY858269.1	373
KY858270.1	376
KY858272.1	373
KY858279.1	374
KY858282.1	373
KY858388.1	375
KY858390.1	373
KY858399.1	373
OQ240999.1	362
PP855050.1	397
PP855051.1	397
PV809971.1	365
PV810082.1	378
MT774638.1	410
MT774666.1	411
MT774671.1	411
MT774690.1	409
MT774704.1	388
MT774598.1	389
MT774630.1	411
MT774668.1	412
MT774700.1	409
KF114270.1	357
KF114272.1	359
KF114273.1	360
OR853922.1	356
PV986620.1	356
PV986623.1	356
LN809150.1	389
MT922898.1	371
OR853945.1	356
PV900335.1	374
GU354243.1	386
KM051460.1	375
KY968896.1	386
KY968920.1	375
KY968942.1	375
KY968964.1	386
HG004839.1	413
JX630159.1	403
JX630161.1	402
JX630164.1	403
JX630165.1	402
LC527437.1	396
LC527438.1	396
AY695592.1	400
AY695594.1	383
DQ861606.1	383
DQ861608.1	393
DQ861623.1	384
FJ462467.1	383
FJ462471.1	382
FJ518867.1	382
FJ518868.1	386
GU338247.1	383
KF848288.1	382
KJ784572.1	382
KP675796.1	382
AF239319.1	353
AF239320.1	349
AF239321.1	354
AF239324.1	340
AF239325.1	353
AF239326.1	356
AF239328.1	354
AF239329.1	359
AF239330.1	347
AF239331.1	356
AF239332.1	352
AF239333.1	355
AF239334.1	356
AF239335.1	356
AF239336.1	356
AF239337.1	355
AF239340.1	356
AF239341.1	353
AF239343.1	353
AF239344.1	355
AF239345.1	353
AF239346.1	353
AF239347.1	354
AF239348.1	353
AF239350.1	353
AF239351.1	352
AF239352.1	352
AF239353.1	352
AF239354.1	352
AF239355.1	352
AF239356.1	351
AF239357.1	352
AF239358.1	355
AF239359.1	354
AF239360.1	357
AF239361.1	367
AF239362.1	353
AF239363.1	366
AF239365.1	346
AF239367.1	349
AF239368.1	353
AF239369.1	351
AF239372.1	366
AF239373.1	366
AF239374.1	366
AF239375.1	354
AF239376.1	358
AF239377.1	359
AF239378.1	367
AF239379.1	359
AF239380.1	353
AF239381.1	358
AF239382.1	352
AF239384.1	353
AF239385.1	352
AF239386.1	359
AF239388.1	353
AF239390.1	349
AF239391.1	349
AF239393.1	347
AF239394.1	355
AF239395.1	352
AF239396.1	352
AF239397.1	352
AF239398.1	336
AF239399.1	355
AF239401.1	352
AF239402.1	353
AF239403.1	352
AF239404.1	352
AF239405.1	311
AF239408.1	352
AF239409.1	354
AF239410.1	354
AF239411.1	366
AF239413.1	360
AF350507.1	349
AF350513.1	348
AF350514.1	357
AF350518.1	352
AF350522.1	354
AF350524.1	354
AF350526.1	352
AF350527.1	353
AF350558.1	336
AF350573.1	358
AF350575.1	352
AF350582.1	311
AF350583.1	354
AF350584.1	353
AF350851.1	336
AF432961.1	336
AY870081.1	340
AY870109.1	354
AY870110.1	355
DQ210040.1	356
DQ210049.1	356
DQ210146.1	354
DQ210184.1	360
DQ210200.1	360
DQ210211.1	360
DQ210216.1	354
DQ210217.1	355
DQ210221.1	347
DQ210254.1	356
DQ210308.1	354
DQ210450.1	356
DQ210487.1	348
DQ210499.1	355
DQ315873.1	348
EF065706.1	351
EF065707.1	351
EU123580.1	349
FJ565170.1	349
FJ565174.1	357
FJ565221.1	352
FJ565224.1	352
FJ565236.1	349
FJ565527.1	349
FJ565633.1	353
FJ565651.1	352
FJ565669.1	356
KF318960.1	367
KX687833.1	349
MZ736808.1	356
MZ736809.1	356
MZ736810.1	356
OM311714.1	377
AF239322.1	353
AF239338.1	356
AF239339.1	356
AF239366.1	351
AF262813.1	369
AF262814.1	368
AF262815.1	367
AF262865.1	356
MN545643.1	313
MN545644.1	313
MN545646.1	312
PP392853.1	369
AF262758.1	353
AF262759.1	355
AF262760.1	355
AF262761.1	353
AF262762.1	353
AF262763.1	353
AF262764.1	353
AF262765.1	353
AF262766.1	353
AF262767.1	353
AF262768.1	352
AF262769.1	352
AF262770.1	355
AF262771.1	352
AF262772.1	352
AF262773.1	352
AF262774.1	352
AF262775.1	352
AF262777.1	354
AF262778.1	354
AF262779.1	354
AF262780.1	354
AF262781.1	354
AF262782.1	354
AF262783.1	354
AF262784.1	354
AF262786.1	352
AF262787.1	352
AF262788.1	352
AF262789.1	354
AF262790.1	352
AF262791.1	352
AF262792.1	356
AF262793.1	352
AF262794.1	352
AF262795.1	352
AF262796.1	352
AF262797.1	352
AF262798.1	352
AF262799.1	352
AF262800.1	352
AF262801.1	352
AF262802.1	352
AF262803.1	352
AF262810.1	357
AF262811.1	352
AF262812.1	352
AF262816.1	371
AF262821.1	355
AF262822.1	354
AF262823.1	354
AF262825.1	356
AF262829.1	350
AF262831.1	348
AF262832.1	352
AF262844.1	352
AF262856.1	358
AF262868.1	359
AF262882.1	364
AF262883.1	358
AF262884.1	356
AF262885.1	357
AF262889.1	361
AF262890.1	361
AF262891.1	360
AF262892.1	359
AF262893.1	361
AF262901.1	358
AF262902.1	359
AF262903.1	359
AF262904.1	359
AF262905.1	359
AF262911.1	361
AF262912.1	361
AF262913.1	365
AF262914.1	360
AF291098.1	367
DQ923762.1	352
DQ923764.1	356
DQ923766.1	352
EF079369.1	359
JF934787.1	350
JF934788.1	350
JQ306343.1	359
JQ306349.1	356
JQ306436.1	358
KC425746.1	352
KC425747.1	352
KC425750.1	352
KC425757.1	355
KC425758.1	355
KC425759.1	356
KC425773.1	355
KC425774.1	355
KF747784.1	355
KF747787.1	356
KP012468.1	359
KP012469.1	359
KP012486.1	359
KX686535.1	371
KX686538.1	356
KX810330.1	360
KX810331.1	359
KY988817.1	359
KY988935.1	352
MK306368.1	358
MN332379.1	356
MN332390.1	356
MT384041.1	348
AF262804.1	352
AF262805.1	352
AF262806.1	351
AF262807.1	352
AF262808.1	352
AF262809.1	352
AF262817.1	355
AF262818.1	356
AF262819.1	353
AF262820.1	352
AF262826.1	351
AF262827.1	351
AF262828.1	350
AF262830.1	352
AF262833.1	348
AF262835.1	355
AF262836.1	352
AF262837.1	356
AF262838.1	352
AF262839.1	352
AF262840.1	352
AF262841.1	353
AF262842.1	352
AF262843.1	346
AF262845.1	351
AF262846.1	351
AF262847.1	352
AF262848.1	361
AF262849.1	355
AF262850.1	353
AF262851.1	358
AF262852.1	359
AF262853.1	353
AF262854.1	357
AF262855.1	358
AF262857.1	357
AF262860.1	358
AF262861.1	354
AF262862.1	356
AF262863.1	355
AF262864.1	352
AF262866.1	349
AF262867.1	359
AF262869.1	359
AF262870.1	359
AF262872.1	353
AF262873.1	354
AF262874.1	352
AF262875.1	352
AF262878.1	349
AF262879.1	349
AF262881.1	352
AF262886.1	360
AF262887.1	360
AF262894.1	360
AF262895.1	359
AF262896.1	359
AF262898.1	360
AF262899.1	360
AF262900.1	349
AF262906.1	358
AF262907.1	358
AF262910.1	357
EF079364.1	351
EF079368.1	351
JF934764.1	349
JF934765.1	349
JF934789.1	350
JF934790.1	350
JF934794.1	350
JF934803.1	350
JF934813.1	352
JF934814.1	352
JF934817.1	357
JQ306356.1	358
JQ306388.1	359
JQ306415.1	360
JQ306421.1	349
JQ306427.1	354
JQ306440.1	358
JQ995344.1	358
JQ995355.1	350
JQ995365.1	349
KC425735.1	360
KC425765.1	355
KC425767.1	355
KC425783.1	357
KC425785.1	355
KC425787.1	354
KC425788.1	354
KC425789.1	349
KC425794.1	350
KC425796.1	350
KC425800.1	354
KC425803.1	353
KC425806.1	355
KC425834.1	357
KC425838.1	353
KF747813.1	350
KF747814.1	350
KP012336.1	351
KP012344.1	351
KP012467.1	351
KR816547.1	351
KX844982.1	360
KY084282.1	351
KY084286.1	360
KY084293.1	349
KY988948.1	352
KY988949.1	352
KY988972.1	353
KY988984.1	349
KY988989.1	355
KY989000.1	360
KY992369.1	379
KY992370.1	379
MK306384.1	361
MK306385.1	361
MK306386.1	360
MK306387.1	361
MK306391.1	357
MN332338.1	360
MN332352.1	360
MN332369.1	359
MN332391.1	350
MN332394.1	352
MN332399.1	356
MN332406.1	359
MN332409.1	350
MN332413.1	360
MN551474.1	351
MT923430.1	331
PX895168.1	360
JX661627.1	321
KY397511.1	389
LN607444.1	391
KY397502.1	389
LN607561.1	397
OM333857.1	365
MH218759.1	367
MH218763.1	367
HF560562.1	377
HF560564.1	376
HF560567.1	379
HF560570.1	380
HF560572.1	379
HF560575.1	379
HF560579.1	373
HF560585.1	381
JX862576.1	371
JX862622.1	364
JX862626.1	372
KM382187.1	363
KM382189.1	363
KM382192.1	363
KM382193.1	363
KM382205.1	363
LN515400.1	370
LN590009.1	372
LN590010.1	364
MN525464.1	372
JX862670.1	372
LN515403.1	374
LN515404.1	377
LN515409.1	379
MG323914.1	367
JX233667.1	369
JX233672.1	370
JX233678.1	365
JX233710.1	365
JX233735.1	369
JX233737.1	366
JX233750.1	366
KX954973.1	357
KX954996.1	361
KX955011.1	357
JX401433.1	353
JX401434.1	353
JX401435.1	353
JX401436.1	353
JX401437.1	353
JX401438.1	353
JX862571.1	354
JX862636.1	354
JX862654.1	371
JX862656.1	376
JX862659.1	372
JX862679.1	354
JX862682.1	366
JX862684.1	372
LN515410.1	366
LN515411.1	354
MN525465.1	373
MN525466.1	372
OR544114.1	372
OR544115.1	371
OR544116.1	372
OR544117.1	372
OR544118.1	372
KX057901.1	411
MN114128.1	390
MZ191034.1	390
MZ191053.1	363
DQ314182.1	378
DQ314190.1	379
JX233661.1	368
JX233730.1	366
PV900985.1	373
PV900987.1	373
PV900988.1	373
PV900994.1	373
JQ898974.1	337
JQ898982.1	336
JQ898987.1	337
JQ898992.1	335
JQ899010.1	330
JQ899014.1	336
JQ899017.1	336
JQ899020.1	336
JQ899021.1	337
JQ899022.1	336
JQ899023.1	337
JQ899024.1	338
KY782475.1	385
MG321414.1	380
MH710658.1	374
JQ898980.1	341
JQ898994.1	337
JQ899027.1	344
JQ899028.1	337
JQ899029.1	337
KY215099.1	354
MG693027.1	375
PV704893.1	359
MT923664.1	372
JX155059.1	332
JX155060.1	330
JX155061.1	330
JX155062.1	332
JX155063.1	331
JX155065.1	332
JX155066.1	332
JX155067.1	330
JX155069.1	329
JX155070.1	328
JX155071.1	330
JX155073.1	330
JX155074.1	329
JX155077.1	330
JX155078.1	327
JX155084.1	327
JX155085.1	328
JX155086.1	330
JX155087.1	330
JX155088.1	329
JX155090.1	330
JX155091.1	330
JX155092.1	330
JX155093.1	329
JX155094.1	330
JX155095.1	329
JX155097.1	331
JX155098.1	329
JX155100.1	329
JX155103.1	330
JX233665.1	366
JX233668.1	366
JX233669.1	366
JX233673.1	366
JX233674.1	366
JX233676.1	366
JX233677.1	366
JX233687.1	366
JX233688.1	366
JX233691.1	366
JX233693.1	365
JX233694.1	366
JX233695.1	366
JX233701.1	366
JX233702.1	366
JX233706.1	366
JX233711.1	366
JX233717.1	367
JX233718.1	366
JX233722.1	366
JX233731.1	365
JX233732.1	366
JX233736.1	366
JX233745.1	366
JX233746.1	366
JX233747.1	366
JX233749.1	366
JX233754.1	366
JX233758.1	365
JX233759.1	366
JX233760.1	366
JX233761.1	366
JX233762.1	366
JX233764.1	366
JX233765.1	368
JX233766.1	366
KY782494.1	387
KY782495.1	385
MK184565.1	387
MK184580.1	391
MK184608.1	386
PQ436462.1	308
KC200588.1	352
KC200625.1	352
KC200646.1	348
KC200647.1	348
KC200653.1	349
KC200654.1	347
KC200655.1	347
KC200656.1	347
KC200658.1	348
KC200661.1	354
KC200679.1	348
KC200694.1	345
KC200695.1	345
KC200706.1	347
KC200727.1	322
KC200747.1	359
KC200779.1	348
KC200780.1	348
KC200781.1	348
KC200782.1	348
KC200783.1	348
KC200784.1	348
KC200786.1	348
KC200787.1	348
KC200788.1	348
KC200823.1	348
KC200834.1	355
KC200860.1	346
KC200876.1	347
KC200901.1	359
KC201093.1	353
KC201094.1	348
KC201138.1	350
KC201139.1	350
KC201140.1	350
KC201141.1	350
KC955340.1	357
KC955341.1	357
KC955463.1	352
KC955546.1	351
KC955547.1	351
KC955548.1	351
KC955561.1	356
KC955562.1	357
KC955563.1	357
KC955628.1	345
KC955631.1	351
KC955637.1	349
KC955650.1	352
KC955690.1	351
KC955744.1	357
KC955763.1	357
KC955764.1	357
KC955765.1	357
KC955766.1	357
KC955767.1	357
KC955769.1	357
OQ786069.1	351
OQ786077.1	366
JQ995328.1	350
JQ995329.1	350
JQ995330.1	350
JQ995331.1	349
JQ995333.1	352
JQ995334.1	352
JQ995335.1	354
JQ995336.1	352
JQ995337.1	352
JQ995340.1	349
JQ995342.1	349
JQ995343.1	352
JQ995345.1	349
JQ995348.1	352
JQ995349.1	349
JQ995350.1	351
JQ995353.1	349
JQ995354.1	358
JQ995356.1	351
JQ995359.1	350
JQ995360.1	350
JQ995361.1	350
JQ995362.1	349
JQ995366.1	349
JQ995367.1	349
KC425741.1	356
KP012376.1	349
KY988978.1	347
AY730296.1	360
HM042459.1	350
JQ398730.1	371
JQ398731.1	371
JQ398732.1	374
KM005551.1	343
KM005552.1	343
KT958347.1	374
KX509827.1	376
KY858379.1	374
AB839942.1	372
AF272294.1	373
KT338679.1	372
KX509867.1	369
KX509871.1	372
KX509873.1	370
EF108395.1	393
MG920556.1	372
MG920557.1	372
MG920558.1	372
MN099442.1	372
MT023957.1	381
PV662252.1	322
HF586696.1	335
HF586703.1	335
AF275688.1	356
AF275689.1	359
AF275690.1	354
AF275691.1	358
AF275692.1	354
AF275693.1	360
AF275694.1	352
AF275695.1	352
FJ985191.1	389
FJ985192.1	389
FJ985193.1	389
FJ985194.1	389
FJ985195.1	389
FJ985196.1	389
FJ985197.1	389
FJ985198.1	389
FJ985199.1	389
FJ985200.1	389
FJ985201.1	389
FJ985202.1	389
FJ985203.1	389
FJ985204.1	389
FJ985205.1	389
FJ985206.1	389
FJ985207.1	389
FJ985208.1	389
FJ985209.1	389
FJ985210.1	389
FJ985211.1	389
FJ985212.1	389
FJ985213.1	389
FJ985214.1	389
FJ985215.1	389
FJ985216.1	389
FJ985217.1	389
FJ985218.1	389
FJ985219.1	389
FJ985220.1	389
FJ985221.1	389
JF934815.1	352
JQ306364.1	358
JQ306402.1	352
JQ306431.1	359
KC425745.1	354
KC425804.1	354
KX495754.1	358
MN551467.1	352
PQ474484.1	347
PQ474489.1	330
PQ474539.1	343
PQ474540.1	350
PQ474543.1	343
PQ474548.1	343
KY239347.1	361
KY239349.1	361
KY992364.1	385
KY992365.1	379
KY992366.1	380
KY992367.1	386
KY992368.1	385
KY992435.1	386
PQ474537.1	343
KY306557.1	375
MN824843.1	353
MN824844.1	353
MN824845.1	353
MN824846.1	353
MN824847.1	353
MN824848.1	353
MN825005.1	346
MN825006.1	346
MN825007.1	346
MN825008.1	346
MN825009.1	346
MN825010.1	346
MN825011.1	346
MN825153.1	324
MN825154.1	324
MN825155.1	324
MN825156.1	324
MN825157.1	324
MN825158.1	324
MN825160.1	324
MN825193.1	349
MN825194.1	349
MN825195.1	349
MN825247.1	324
MN825248.1	324
MN825249.1	324
MN825250.1	324
MN825251.1	324
MN825252.1	324
MN825253.1	324
MN825254.1	324
MN825255.1	324
MN825256.1	324
MN825257.1	323
MN825258.1	324
MN825259.1	324
MN825260.1	324
MN825761.1	315
MN825762.1	324
MN825763.1	324
MN825764.1	324
MN825765.1	324
MN825766.1	324
MN825767.1	324
MN825768.1	324
MN825769.1	325
MN825770.1	324
MN825772.1	324
MN825773.1	324
MN825774.1	324
MN825775.1	324
MN825776.1	324
MN825777.1	324
MN825778.1	324
MN825940.1	324
MN825957.1	324
MN825967.1	324
MN825968.1	324
MN825969.1	324
MN825970.1	324
MN825971.1	324
MN825973.1	324
MT153604.1	377
MT153605.1	377
OL636335.1	377
OM060350.1	377
PP758397.1	324
GQ139677.1	412
GQ139688.1	412
JX862563.1	362
JX862565.1	330
JX862566.1	330
JX862567.1	353
JX862568.1	355
JX862569.1	354
JX862575.1	372
JX862577.1	346
JX862579.1	355
JX862584.1	363
JX862585.1	320
JX862591.1	354
JX862592.1	353
JX862593.1	354
JX862594.1	363
JX862595.1	354
JX862597.1	355
JX862598.1	339
JX862599.1	355
JX862600.1	339
JX862601.1	357
JX862602.1	355
JX862603.1	354
JX862604.1	337
JX862605.1	356
JX862606.1	375
JX862607.1	375
JX862608.1	363
JX862609.1	354
JX862610.1	356
JX862611.1	347
JX862612.1	353
JX862613.1	354
JX862615.1	363
JX862616.1	357
JX862617.1	362
JX862619.1	346
JX862620.1	363
JX862627.1	346
JX862628.1	363
JX862629.1	375
JX862630.1	354
JX862631.1	375
JX862639.1	355
JX862640.1	346
JX862641.1	346
JX862644.1	354
JX862645.1	354
JX862646.1	363
JX862653.1	354
JX862655.1	373
JX862660.1	339
JX862663.1	346
JX862664.1	354
JX862665.1	353
JX862666.1	354
JX862667.1	346
JX862668.1	346
JX862669.1	346
JX862671.1	354
JX862674.1	353
JX862675.1	354
JX862676.1	354
JX862677.1	354
JX862678.1	353
JX862680.1	358
JX862681.1	353
JX862683.1	362
JX862685.1	339
JX862686.1	353
KC435854.1	375
KC435869.1	354
KC435870.1	354
KY992371.1	386
MK559689.1	323
MK559690.1	323
MK559691.1	323
MW396580.1	325
OM112106.1	366
MW142541.1	357
AJ783636.1	351
KC596002.1	348
KC633137.1	380
KC633139.1	380
KC633140.1	380
KC633141.1	380
KC633142.1	380
KC633143.1	380
KC633144.1	380
KC633147.1	380
KC633148.1	380
KC633149.1	380
KC633151.1	380
KC633153.1	380
KC633157.1	380
KC633158.1	380
KC633160.1	380
KC633161.1	380
KC633162.1	380
KC633164.1	380
KC633165.1	380
KC633166.1	380
KC633167.1	380
KC633168.1	380
KC633169.1	380
KC633170.1	380
KC633171.1	380
KC955264.1	357
KC955265.1	347
KC955412.1	348
KC955679.1	347
MH710803.1	354
MN792640.1	351
MN792798.1	351
MN795483.1	351
MN795484.1	351
MN795485.1	351
MN795486.1	351
MN795487.1	351
MN795489.1	351
MN795490.1	351
MN808604.1	351
MN808605.1	351
MN808606.1	351
MN808607.1	351
MN808608.1	351
MN808609.1	351
MN808610.1	351
MN808611.1	351
MN808612.1	351
MZ317330.1	351
KX954903.1	358
EF635477.1	337
EU841168.1	395
JX862596.1	354
JX862638.1	362
JX862647.1	375
KC292629.1	361
OL687472.1	361
MG208077.1	340
DQ985630.1	389
DQ985631.1	389
JQ730135.1	389
KC329485.1	357
KP878918.1	342
KP878919.1	342
KP878920.1	342
KP878921.1	342
KY242125.1	364
KY242126.1	364
KY242127.1	364
LC634469.1	364
LC634470.1	364
LC634471.1	364
LC634472.1	364
LC634473.1	364
LC634474.1	364
LC634475.1	364
LC634476.1	364
LC634477.1	364
LC767247.1	364
LC767248.1	364
LC767249.1	364
LC767250.1	364
DQ385562.1	316
DQ385573.1	317
EF660546.1	422
KU898314.1	372
MK313869.1	377
MW023965.1	372
MW023971.1	372
MW023982.1	375
MW023993.1	373
PP002396.1	375
AF274684.1	368
AF274688.1	366
AF274689.1	368
AF274690.1	367
AF274691.1	364
AF274693.1	369
AF274694.1	369
AF274695.1	366
AF274697.1	365
AF274698.1	365
AF274699.1	371
AF274701.1	369
DQ385577.1	317
DQ385578.1	317
DQ385582.1	317
DQ385584.1	317
KF267893.1	377
KJ630574.1	358
KJ918496.1	377
MK088015.1	378
MK088016.1	378
MT923253.1	376
OQ350918.1	374
OQ350938.1	369
MK356162.1	387
MK356163.1	387
MK356164.1	387
MK356165.1	387
MK356195.1	390
MK356196.1	390
MK356204.1	366
MK356205.1	366
MK356206.1	366
KF212054.1	406
MF787303.1	388
MF787304.1	388
MF787310.1	387
MF787311.1	387
KC480521.1	327
KC480522.1	330
KC480523.1	331
KC480524.1	331
KC480526.1	332
KC480527.1	331
KC480528.1	333
KC480529.1	330
KC480530.1	332
KC480531.1	331
KC480532.1	331
KC480534.1	331
KC480535.1	332
KJ777202.1	374
KJ777203.1	374
KR364555.1	398
MW399350.1	446
MW399351.1	446
MG208083.1	346
MG208084.1	339
AY880318.1	323
KY968857.1	324
MG669318.1	323
MN718805.1	324
HG004873.1	385
KC633885.1	388
KC633886.1	389
KC633887.1	387
KC633888.1	387
KC633889.1	388
KC633891.1	385
KC633892.1	389
KC633893.1	385
KC633894.1	386
KC633895.1	390
KC633896.1	387
KC633897.1	383
KC633898.1	384
KC633899.1	388
KC633900.1	389
KC633901.1	387
KC633902.1	387
KC633903.1	386
KC633904.1	388
KC633905.1	388
KC633906.1	392
KC633907.1	388
KC633908.1	387
KC633909.1	388
KC633910.1	386
KC633911.1	388
KC633912.1	389
KC633913.1	388
KC633914.1	390
KJ411646.1	368
KJ411708.1	366
KX057843.1	419
HF952958.1	367
HF952959.1	366
HF952963.1	365
HF952964.1	366
HF952966.1	366
HF952969.1	365
HF952970.1	366
HF952974.1	366
HF952976.1	366
HF952978.1	366
HF952980.1	366
JX152681.1	382
MK165472.1	371
MK334346.1	366
MK334347.1	366
MK334348.1	366
MK334349.1	366
MK334350.1	366
MK334351.1	366
MK334352.1	366
MK334353.1	366
MK334354.1	366
MK334355.1	366
MK334356.1	366
MK334357.1	366
MK334358.1	366
MK334359.1	366
MK334360.1	366
MK334361.1	366
MK334362.1	366
MK334363.1	366
MK334364.1	366
MK334365.1	366
MK334376.1	366
MK334377.1	366
MK334378.1	366
MK334379.1	366
MK334380.1	366
MK334381.1	366
MK334382.1	366
MK334383.1	366
MK334384.1	366
MK334385.1	366
MK334386.1	366
MK334387.1	366
MK334388.1	366
MK334389.1	366
MK334390.1	366
MK334391.1	366
MK334392.1	366
MK334393.1	366
MK334394.1	366
MK334395.1	366
MK334396.1	366
MK334397.1	366
MK334398.1	366
MK334399.1	366
MK334400.1	366
MK334401.1	366
MK334402.1	366
MK334403.1	366
MK334404.1	366
MK334405.1	366
MK334406.1	366
MK334407.1	366
MK334408.1	366
MK334409.1	366
MK334410.1	366
MK334411.1	366
MK334412.1	366
MK334413.1	366
MK334414.1	366
MK334415.1	366
MK334416.1	366
MK334417.1	366
MK334418.1	366
MK334419.1	366
MK334420.1	366
MK334421.1	366
MK334422.1	366
MK334423.1	366
MK334424.1	366
MK334425.1	366
MK334426.1	366
MK334427.1	366
MK334428.1	366
MK334429.1	366
MK334430.1	366
MK334431.1	366
MK334432.1	366
MK334433.1	366
MK334434.1	366
MK334435.1	366
MK334436.1	366
MK334437.1	366
MK334438.1	366
MK334439.1	366
MK334440.1	366
MK334441.1	366
MK334442.1	366
MK334443.1	366
MK334444.1	366
MK334445.1	366
MK334446.1	366
MK334447.1	366
MK334448.1	366
MK334449.1	366
MK334450.1	366
MK334451.1	366
MK334452.1	366
MK334453.1	366
MK334454.1	366
MK334455.1	366
MK334456.1	366
MK334457.1	366
MK334458.1	366
MK334459.1	366
MK334460.1	366
MK334461.1	366
MK334462.1	366
MK334463.1	366
MK334464.1	366
MK334465.1	366
MK334466.1	366
MK334467.1	366
MK334468.1	366
MK334469.1	366
MK334470.1	366
MK334471.1	366
MK334472.1	366
MK334473.1	366
MK334474.1	366
MK334475.1	366
MK334476.1	366
MK334477.1	366
MK334478.1	366
MK334479.1	366
MK334480.1	366
MK334481.1	366
MK334482.1	366
MK334483.1	366
MK334484.1	366
MK334485.1	366
MK334486.1	366
MK334487.1	366
MK334488.1	366
MK334489.1	366
MK334490.1	366
MK334491.1	366
MK334492.1	366
MK334493.1	366
MK334494.1	366
MK334495.1	366
MK334496.1	366
MK334497.1	366
MK334498.1	366
MK334499.1	366
MK334500.1	366
MK334501.1	366
MK334502.1	366
MK334503.1	366
MK334504.1	366
LC090020.1	409
MH260277.1	346
MH710816.1	409
MK334505.1	366
MK334506.1	366
MK334507.1	366
MK334508.1	366
MK334509.1	366
MK334510.1	366
MK334511.1	366
MK334512.1	366
MK334513.1	366
MK334514.1	366
MK334515.1	366
MK334516.1	366
MK334517.1	366
MK334518.1	366
MK334519.1	366
MK334520.1	366
MK334521.1	366
MK334522.1	366
MK334523.1	366
MK334524.1	366
MK334525.1	366
MK334526.1	366
MK334527.1	366
MK334528.1	366
MK334529.1	366
MK334530.1	366
MK334531.1	366
MK334532.1	366
MK334533.1	366
MK334534.1	366
MK334535.1	366
MK334536.1	366
MK334537.1	366
MK334538.1	366
MK334539.1	366
MK334540.1	366
MK334541.1	366
MK334542.1	366
MK334543.1	366
MK334544.1	366
MK334545.1	366
MK334546.1	366
MK334547.1	366
MK334548.1	366
MK334549.1	366
MK334550.1	366
MK334551.1	366
MK334552.1	366
MK334553.1	366
MK334554.1	366
MK334555.1	366
MK334556.1	366
MK334557.1	366
MK334558.1	366
MK334559.1	366
MK334560.1	366
MK334561.1	366
MK334562.1	366
MK334563.1	366
MK334564.1	366
MK334565.1	366
MK334566.1	366
MK334567.1	366
MK334568.1	366
MK334569.1	366
MK334570.1	366
MK334571.1	366
MK334572.1	366
MK334573.1	366
MK334574.1	366
MK334575.1	366
MK334576.1	366
MK334577.1	366
MK334578.1	366
MK334579.1	366
MK334580.1	366
MK334581.1	366
MK334582.1	366
MK334583.1	366
MK334584.1	366
PV900407.1	409
AB847639.1	365
AY616748.1	364
KM051448.1	366
KY214930.1	349
MK335217.1	366
MK335218.1	366
MK335219.1	366
MK335220.1	366
MK335221.1	366
MK335222.1	366
MK335223.1	366
MK335224.1	366
JX313351.1	394
JX313352.1	395
JX313353.1	395
JX313354.1	394
JX313356.1	393
JX313357.1	395
JX313358.1	395
JX313360.1	394
JX313361.1	394
JX313362.1	395
JX313364.1	395
JX313365.1	395
JX313367.1	392
JX313368.1	395
JX313370.1	395
JX313371.1	394
JX313372.1	394
JX313376.1	395
JX313377.1	395
JX313379.1	395
JX313380.1	395
JX313381.1	394
AJ550576.1	345
AJ550578.1	367
AJ550580.1	347
AJ550581.1	343
AJ550582.1	344
AJ550584.1	347
AJ550589.1	345
AJ550594.1	346
AJ550596.1	346
AJ550599.1	360
AJ550609.1	350
AJ550611.1	350
AJ550612.1	345
AJ550614.1	345
AJ584752.1	348
AJ584754.1	350
AJ584755.1	351
AJ584756.1	348
AJ584757.1	352
AJ584758.1	350
AJ584759.1	349
AJ584810.1	354
AJ584815.1	349
AJ584816.1	351
AJ584826.1	349
AJ616324.1	346
AJ616916.1	345
PV901254.1	397
EU841175.1	391
LC144536.1	400
HQ858882.1	382
HQ858883.1	382
HQ858884.1	382
KP737514.1	382
KT361713.1	312
MH280028.1	830
MH280029.1	830
MH280030.1	830
MH280031.1	830
MH280032.1	830
MH280033.1	830
MH280034.1	830
MH280035.1	830
MH280036.1	830
MH280037.1	830
MH280038.1	830
MH280039.1	830
MH280040.1	830
MH280041.1	833
MH280042.1	830
MH280043.1	830
MH280044.1	830
MH280045.1	830
MH280046.1	830
MH280047.1	830
MH280048.1	830
MH280049.1	830
MH280050.1	830
MH280051.1	830
MH280052.1	830
MH280053.1	830
MH280054.1	830
MH280055.1	830
MH280056.1	830
MH280057.1	830
MH280058.1	830
MH280059.1	830
MH280060.1	830
MH280061.1	830
MH280062.1	830
MH280063.1	830
MH280064.1	830
ON202657.1	310
ON202674.1	307
AF551726.1	356
KM921769.1	396
OM333860.1	365
ON820148.1	369
ON820149.1	365
HQ858879.1	398
JX463101.1	404
JX463107.1	404
JX463109.1	404
JX463112.1	404
JX463114.1	404
JX463143.1	404
JX463144.1	404
JX463145.1	404
JX463146.1	404
JX463150.1	404
JX463151.1	404
JX463152.1	403
JX463153.1	403
JX463154.1	403
JX463158.1	405
JX463163.1	412
HG004781.1	383
HG004783.1	364
HG004784.1	343
HG004785.1	380
HG004791.1	371
HG004793.1	325
HG004795.1	364
HG004797.1	342
HG004804.1	370
HG004811.1	368
HG004812.1	385
HG004813.1	343
HG004814.1	415
HG004815.1	384
HG004816.1	381
HG004818.1	381
HG004822.1	378
HG004823.1	369
HG004825.1	414
HG004826.1	379
HG004827.1	370
HG004829.1	376
HG004830.1	342
HG004832.1	372
HG004835.1	391
HG004836.1	343
HG004838.1	390
HG004843.1	390
HG004846.1	388
HG004847.1	425
HG004851.1	366
HG004852.1	421
HG004854.1	345
HG004856.1	358
HG004857.1	336
HG004860.1	372
HG004861.1	314
HG004864.1	368
HG004865.1	365
HG004867.1	372
HG004871.1	388
HG004874.1	332
HG004876.1	377
HG004880.1	343
HG004881.1	408
HG004882.1	307
HG004886.1	373
HG004887.1	345
JX463108.1	405
JX463110.1	405
JX463111.1	411
JX463113.1	404
JX463115.1	404
JX463116.1	404
JX463117.1	405
JX463118.1	404
JX463119.1	404
JX463120.1	404
JX463121.1	404
JX463122.1	404
JX463123.1	403
JX463124.1	404
JX463125.1	404
JX463126.1	404
JX463133.1	404
JX463134.1	404
JX463155.1	406
JX463156.1	403
JX463157.1	410
DQ153609.1	368
DQ246670.1	389
JX505463.1	324
JX505464.1	334
JX505465.1	334
JX505466.1	334
JX505467.1	333
KP218518.1	339
MN719947.1	368
OM141110.1	353
OQ780782.1	368
OQ780783.1	368
MZ191027.1	349
KC435832.1	355
KC435833.1	355
KC435834.1	346
KC435835.1	358
KC435836.1	363
KC435837.1	363
KC435838.1	358
KC435839.1	354
KC435840.1	354
KC435841.1	363
KC435842.1	354
KC435843.1	363
KC435844.1	356
KC435846.1	354
KC435847.1	354
KC435848.1	355
KC435849.1	354
KC435850.1	353
KC435851.1	354
KC435852.1	354
KC435853.1	353
KC435855.1	354
KC435856.1	354
KC435857.1	363
KC435858.1	363
KC435859.1	354
KC435860.1	346
KC435861.1	355
KC435862.1	354
KC435863.1	363
KC435864.1	354
KC435866.1	355
KC435871.1	363
KC435872.1	354
KC435873.1	358
KC435874.1	363
KC435875.1	355
KC435876.1	354
KC435877.1	363
KC435878.1	355
KC435879.1	354
KC435880.1	375
KC773767.1	337
KY968944.1	391
HG004842.1	380
HG004845.1	392
HG004863.1	391
HG004868.1	388
HG004869.1	362
KP737515.1	389
LN812444.1	412
MN543586.1	413
MN543587.1	413
MN543588.1	413
AY616730.1	370
KC899267.1	398
KC899269.1	395
KC899270.1	395
KC899271.1	395
KX425835.1	393
MN543594.1	414
MN543595.1	414
MN543617.1	415
MN543620.1	414
MN543621.1	415
KC339536.1	358
KC862372.1	373
KC862373.1	373
KC862374.1	373
KC862375.1	373
KC862376.1	373
KF193566.1	318
KF217175.1	396
KF217176.1	396
KF217177.1	396
KF217189.1	396
KF217200.1	397
KF217201.1	397
KF217202.1	397
KF217207.1	396
KF217222.1	396
KF217223.1	396
KF217240.1	396
KP737533.1	384
KP737534.1	384
LC610889.1	372
LC610894.1	372
OL863028.1	368
OL863029.1	368
OL863030.1	368
HG964376.1	373
KF146337.1	352
KF146338.1	351
KF193567.1	317
KF193569.1	320
KF193570.1	318
KF193573.1	321
PP152239.1	365
PP152240.1	365
PV662271.1	318
KF193572.1	303
MN264656.1	375
MN264657.1	375
OP798474.1	374
OP798475.1	374
OP798476.1	374
OP798483.1	374
OP798484.1	374
OP798485.1	374
OP798486.1	374
OP798593.1	374
OP798602.1	374
OP798640.1	374
PV901453.1	379
AB847650.1	366
AB847671.1	368
KY067598.1	347
KY067599.1	347
KY067620.1	347
KY067709.1	342
KY067710.1	342
KY067712.1	342
KY067714.2	342
KY067715.1	342
KY067716.1	342
KY067717.1	342
KY067718.1	342
JX840492.1	379
JX840585.1	319
JX840586.1	318
JX840588.1	318
JX870654.1	341
JX870655.1	341
JX870656.1	347
JX870659.1	317
JX870660.1	318
JX870661.1	340
JX870662.1	343
JX870664.1	339
JX870665.1	314
JX870666.1	318
JX870667.1	298
JX870668.1	317
JX870670.1	317
JX870671.1	317
JX870673.1	343
JX870674.1	315
JX870675.1	314
JX870677.1	317
JX870679.1	318
JX870680.1	343
JX870682.1	312
JX870688.1	343
JX870690.1	339
JX870691.1	318
JX870692.1	317
JX870695.1	299
JX870696.1	317
JX870697.1	316
JX870701.1	316
JX870702.1	343
JX870703.1	343
JX870704.1	316
JX870705.1	343
JX870706.1	317
JX870707.1	318
JX870708.1	317
JX870710.1	316
JX870711.1	343
JX870712.1	343
JX870714.1	318
JX870715.1	316
JX870716.1	318
KF933275.1	347
KY306541.1	375
KY306653.1	395
MG906835.1	374
MZ927381.1	347
AY560268.1	345
EU812832.1	345
EU812833.1	345
JX870721.1	296
JX870722.1	318
JX870723.1	318
JX870725.1	343
JX870726.1	299
JX870728.1	317
JX870730.1	317
JX870731.1	321
JX870732.1	339
JX870735.1	296
JX870737.1	343
JX870738.1	314
JX870741.1	315
JX870742.1	343
JX870748.1	317
JX870750.1	296
JX870751.1	317
JX870753.1	317
JX870754.1	296
JX870755.1	318
JX870756.1	342
JX870760.1	288
JX870761.1	315
JX870766.1	343
JX870767.1	330
JX870768.1	342
JX870772.1	330
JX870773.1	342
JX870774.1	341
JX870775.1	343
JX870776.1	340
JX870777.1	342
JX870778.1	342
JX870779.1	341
JX870780.1	339
JX870782.1	342
JX870783.1	341
MH710774.1	360
MK638925.1	329
MK638926.1	331
MK638927.1	332
MK638938.1	328
MK638939.1	336
MK638940.1	336
MZ015546.1	342
MF076952.1	325
KJ025068.1	346
PP049779.1	373
PV704843.1	361
KC798437.1	380
KC798438.1	380
KC798443.1	379
KC798444.1	379
KC798445.1	379
KC798452.1	379
KC798453.1	379
KC798454.1	379
KC798457.1	379
KC798458.1	379
KC798461.1	379
KC798462.1	379
KC798463.1	379
KC798464.1	379
KC798465.1	379
KC798470.1	380
KC798474.1	379
KC798476.1	379
MH710833.1	417
AB671743.1	368
GU256794.1	378
GU256798.1	378
GU256822.1	378
MN200181.1	369
MN200187.1	374
MN200188.1	374
AJ580573.1	367
AJ580580.1	367
AJ580581.1	367
MG321413.1	352
MT923705.1	365
FJ010796.1	366
FJ010802.1	366
LC380642.1	361
LC380643.1	361
LC380644.1	361
MT923704.1	365
EU352215.1	392
KT438758.1	314
GQ139679.1	412
GQ139698.1	412
JF831209.1	368
MT275653.1	412
ON557640.1	352
PV901472.1	376
JN161138.1	313
KC955328.1	360
KC955330.1	348
KC955344.1	350
KC955345.1	350
KC955382.1	350
KC955421.1	353
KC955424.1	347
KC955425.1	352
KC955426.1	352
KC955429.1	347
KC955432.1	346
KC955435.1	353
KC955436.1	353
KC955437.1	353
KC955456.1	350
KC955457.1	350
KC955458.1	350
KC955459.1	345
KC955460.1	345
KC955461.1	345
KC955462.1	347
KC955464.1	352
KC955465.1	351
KC955502.1	350
KC955516.1	350
KC955517.1	350
KC955581.1	349
KC955582.1	350
KC955599.1	353
KC955601.1	350
KC955603.1	352
KC955608.1	353
KC955613.1	350
KC955618.1	353
KC955720.1	352
KC955730.1	362
KJ025070.1	372
OP431220.1	387
OP431221.1	387
OP431222.1	387
OP431223.1	387
OQ099811.1	351
OQ878682.1	401
PZ013842.1	325
JX569812.1	366
KC955335.1	350
KC955336.1	349
KC955342.1	353
KC955343.1	353
KC955356.1	346
KC955357.1	346
KC955414.1	352
KC955415.1	345
KC955417.1	349
KC955418.1	349
KC955419.1	349
KC955420.1	352
KC955438.1	351
KC955446.1	356
KC955448.1	352
KC955449.1	353
KC955450.1	349
KC955451.1	349
KC955452.1	349
KC955454.1	354
KC955466.1	346
KC955467.1	349
KC955468.1	347
KC955469.1	347
KC955471.1	346
KC955473.1	354
KC955475.1	351
KC955476.1	351
KC955478.1	348
KC955480.1	353
KC955482.1	350
KC955484.1	354
KC955485.1	354
KC955486.1	354
KC955514.1	351
KC955515.1	351
KC955526.1	349
KC955527.1	349
KC955529.1	353
KC955530.1	350
KC955531.1	349
KC955532.1	349
KC955533.1	346
KC955534.1	345
KC955535.1	346
KC955536.1	353
KC955537.1	353
KC955538.1	353
KC955539.1	362
KC955540.1	362
KC955543.1	353
KC955544.1	353
KC955545.1	353
KC955549.1	350
KC955550.1	350
KC955553.1	353
KC955564.1	357
KC955598.1	355
KC955604.1	353
KC955606.1	353
KC955616.1	353
KC955617.1	353
KC955619.1	353
KC955626.1	351
KC955633.1	316
KC955639.1	356
KC955640.1	350
KC955642.1	355
KC955643.1	346
KC955645.1	349
KC955646.1	355
KC955647.1	347
KC955648.1	356
KC955649.1	351
KC955651.1	345
KC955652.1	347
KC955655.1	346
KC955656.1	346
KC955657.1	354
KC955658.1	352
KC955660.1	345
KC955674.1	349
KC955678.1	350
KC955702.1	350
KC955718.1	355
KC955724.1	350
KC955732.1	361
KC955737.1	352
KC955738.1	351
KC955746.1	351
KC955747.1	351
KC955748.1	351
KC955754.1	348
KC955755.1	348
KC955775.1	349
JX569808.1	366
JX569809.1	366
JX569811.1	366
JX569817.1	366
KC200916.1	349
KC955691.1	350
KC955692.1	350
KY688777.1	329
AY339668.1	318
AY339671.1	318
AY339679.1	319
AY339685.1	318
AY339721.1	318
HM116949.1	348
JQ248889.1	357
JQ248892.1	364
JX870759.1	350
KC200918.1	349
KC200921.1	347
KC200922.1	347
KC200927.1	356
KC200928.1	356
KC200949.1	355
KC200950.1	355
KC200958.1	352
KC200967.1	356
KC200992.1	351
KC201089.1	344
KC955376.1	348
KC955402.1	348
KC955492.1	348
KC955524.1	362
KC955615.1	350
KC955753.1	352
KC955756.1	350
KC955757.1	350
KF921698.1	340
KM382184.1	363
KM382185.1	363
KM382186.1	363
KM382188.1	363
KM382190.1	363
KM382194.1	363
KM382195.1	363
KM382196.1	363
KM382197.1	363
KM382198.1	363
KM382199.1	363
KM382201.1	363
KM382202.1	363
KM382203.1	363
KX057872.1	303
KY688824.1	335
MG869014.1	347
AF274696.1	368
AF274700.1	369
AY339665.1	318
AY339670.1	319
AY339673.1	318
AY339676.1	318
AY339705.1	315
AY339712.1	318
KC798446.1	379
KC798447.1	379
KC798448.1	379
KF675928.1	328
KF675929.1	328
KY214935.1	318
MT269654.1	315
KC798455.1	379
KC798456.1	379
MW396579.1	324
JQ248886.1	361
KC200684.1	352
KC200685.1	352
KC200686.1	352
KC200687.1	351
KC200722.1	353
KC200841.1	355
KC200908.1	353
KC200909.1	361
KC955571.1	360
KC955594.1	354
KC955687.1	353
KC955721.1	345
KC955722.1	345
KY239233.1	362
MK095543.1	418
MK095544.1	418
AF313001.1	312
AF509785.1	311
KC201106.1	346
KC955681.1	346
KC955708.1	341
KF196318.1	383
KF196319.1	383
KF196323.1	414
KF196324.1	414
KF196325.1	414
KF196332.1	417
KF196333.1	417
KF196334.1	417
KF196335.1	417
KF196336.1	417
KF196337.1	417
KF196338.1	417
KF196343.1	415
KF196344.1	415
KF196345.1	415
KF196346.1	415
KF196347.1	415
KF196348.1	413
KF196349.1	413
KF196350.1	413
KF196351.1	416
KF196352.1	416
KF196353.1	416
KF196354.1	413
KF196355.1	413
KF196356.1	413
KF196357.1	413
KF196358.1	413
KF196359.1	413
KF196363.1	413
KF196364.1	413
KF196366.1	413
KF196367.1	413
KF196368.1	413
KY968903.1	312
KY968923.1	312
LC314073.1	414
LC314074.1	414
LC314075.1	414
LC314076.1	414
LC314077.1	414
LC314078.1	414
LC314081.1	413
LC314082.1	413
LC314083.1	413
LC314084.1	413
LC314085.1	413
LC314086.1	413
LC314087.1	413
OP363791.1	311
PX021818.1	312
PX021819.1	312
PX021820.1	312
PX021821.1	312
KF318909.1	362
KF318933.1	362
KF318891.1	347
KF318892.1	347
KF318893.1	347
KF318895.1	347
KF318896.1	347
KF318899.1	375
KF318900.1	347
KF318901.1	373
KF318902.1	347
KF318903.1	342
KF318904.1	347
KF318905.1	347
KF318907.1	373
KF318908.1	347
KF318910.1	373
KF318911.1	376
KF318912.1	362
KF318913.1	361
KF318914.1	372
KF318918.1	369
KF318919.1	376
KF318920.1	373
KF318922.1	367
KF318923.1	373
KF318924.1	368
KF318925.1	346
KF318926.1	367
KF318927.1	347
KF318928.1	347
KF318929.1	347
KF318930.1	368
KF318931.1	373
KF318932.1	367
KF318935.1	373
KF318936.1	347
KF318937.1	376
KF318938.1	376
KF318939.1	373
KF318940.1	360
KF318941.1	373
KF318942.1	347
KF318943.1	367
KF318944.1	375
KF318945.1	368
KF318946.1	368
KF318947.1	362
KF318948.1	347
KF318949.1	373
KF318950.1	347
KF318951.1	373
KF318952.1	373
KF318953.1	369
KF318954.1	369
KF318956.1	373
KF318957.1	373
KF318958.1	362
KF318959.1	347
KF318961.1	367
KF318963.1	362
KF318964.1	362
KF318965.1	362
KF318966.1	347
KF318967.1	369
LN831363.1	420
LN831372.1	420
LN831385.1	420
LN831396.1	420
LN831400.1	420
LN831402.1	420
LN831403.1	420
LN831404.1	420
LN831405.1	420
LN831406.1	420
LN831408.1	420
LN831411.1	420
LN831421.1	420
LN849251.1	361
MG693012.1	374
ON922880.1	360
ON922881.1	365
OP881274.1	338
JF430410.1	342
KC955554.1	360
KC955555.1	360
KC955620.1	349
KF553449.1	343
MN257729.1	336
MN257733.1	336
MN257744.1	336
MN257811.1	336
MN257818.1	336
OM060342.1	377
PZ502327.1	385
AB847642.1	366
AB847643.1	368
AB847646.1	364
AB847647.1	366
AB847648.1	364
AB847649.1	356
AB847651.1	366
AB847652.1	369
AB847655.1	366
AB847656.1	370
AB847657.1	364
AB847658.1	363
AB847660.1	364
AB847662.1	365
AB847665.1	365
AB847666.1	366
AB847669.1	368
AB847670.1	365
AB847672.1	364
AB847673.1	365
AB847674.1	367
AB847676.1	365
KC200987.1	352
KC200988.1	346
KC200989.1	352
KC955338.1	348
KC955409.1	350
KC955565.1	350
KC955610.1	349
KC955726.1	349
KC955743.1	346
KF267889.1	377
KF267892.1	378
KF267894.1	378
KF267896.1	377
KF267897.1	377
KF267899.1	377
KJ918492.1	377
KR083093.1	398
KR083094.1	399
MK169312.1	366
MK169313.1	366
MK169314.1	366
OM060351.1	377
OM060352.1	377
OM311765.1	366
PV090949.1	332
AY339735.1	318
MH710986.1	352
MN825356.1	325
MN825357.1	325
MN825358.1	325
MN825559.1	348
MN825560.1	348
MN825561.1	348
MN825894.1	349
MN825895.1	349
PV084874.1	299
GQ396671.1	394
MN825131.1	392
MN825145.1	349
MN825146.1	349
MN825147.1	348
MN825149.1	349
MN825184.1	347
MN825185.1	347
MN825186.1	343
MN825187.1	347
MN825189.1	351
MN825220.1	348
MN825363.1	347
MN825364.1	347
MN825378.1	347
MN825566.1	347
MN825567.1	347
MN825660.1	350
MN825662.1	350
MN825711.1	349
MN825712.1	349
MN825713.1	350
MN825714.1	349
MN825715.1	349
MN825801.1	348
MN825802.1	348
MN825803.1	348
MN825804.1	348
MN825806.1	348
MN825936.1	349
MN825937.1	349
PV084897.1	341
KF114271.1	359
KF154257.1	359
KF154258.1	358
KF154260.1	349
KF154263.1	358
KF154264.1	360
KF154265.1	360
KF154266.1	360
KX440961.1	331
KX440962.1	349
MT922679.1	391
KY242153.1	363
KY242154.1	363
KY242155.1	363
MH535090.1	379
MH535126.1	379
MK641717.1	339
MT923607.1	373
GU556652.1	358
GU556653.1	360
MN332374.1	382
DQ385557.1	355
DQ385589.1	352
DQ450472.1	352
DQ450475.1	352
KF704969.1	353
KF704973.1	354
KF704976.1	351
KF704977.1	352
KF704978.1	355
KF704979.1	354
KF704980.1	352
KF704981.1	353
KF704985.1	355
KF704987.1	352
KF704994.1	354
KF704995.1	357
KF704998.1	354
KF705000.1	355
MW892824.1	370
KF704986.1	355
KF704989.1	353
KF704990.1	354
KF704991.1	355
KF704992.1	356
KF704999.1	362
KF705005.1	362
KF705006.1	362
KF705009.1	362
KF705010.1	362
KF705011.1	362
KF705015.1	362
KF705017.1	362
MW487236.1	357
MF543761.1	359
MF543762.1	359
OQ344681.1	359
OQ344682.1	359
OQ344683.1	359
AJ492440.1	374
AJ744941.1	372
EU347867.1	372
MW669308.1	372
OQ350932.1	375
OR631856.1	426
OR631857.1	426
OR631858.1	425
OR631859.1	427
KY321097.1	329
KY321098.1	341
KY321099.1	329
KY321100.1	329
KY321101.1	329
KY321102.1	329
PV900042.1	408
KC425727.1	360
KC425728.1	342
KC425729.1	342
KC425730.1	360
KC425733.1	360
KC425736.1	363
KC425737.1	359
KC425740.1	351
KC425742.1	356
KC425743.1	356
KC425744.1	352
KC425749.1	355
KC425751.1	355
KC425752.1	355
KC425752.1	874
KC425760.1	356
KC425761.1	352
KC425763.1	356
KC425764.1	355
KC425769.1	353
KC425771.1	353
KC425772.1	355
KC425775.1	353
KC425776.1	354
KC425777.1	355
KC425786.1	354
KC425791.1	354
KC425792.1	353
KC425793.1	356
KC425801.1	355
KC425802.1	355
KC425805.1	354
KC425807.1	354
KC425809.1	353
KC425810.1	356
KC425811.1	354
KC425812.1	355
KC425813.1	355
KC425814.1	354
KC425816.1	353
KC425817.1	353
KC425818.1	354
KC425819.1	354
KC425820.1	354
KC425821.1	355
KC425822.1	355
KC425823.1	355
KC425825.1	356
KC425828.1	354
KC425829.1	354
KC425830.1	354
KC425831.1	355
KC425837.1	351
KF747776.1	356
KF747788.1	356
KF747798.1	353
KF747799.1	354
KF747811.1	354
KF747812.1	356
KF747819.1	354
KF747820.1	354
KF747821.1	352
KF747830.1	351
KF747831.1	351
KP012338.1	351
KP012341.1	351
KP012343.1	350
KP012345.1	350
KP012347.1	351
KP012350.1	351
KP012353.1	352
KP012354.1	352
KP012356.1	352
KP012452.1	354
KP012453.1	354
KP012454.1	354
KP012455.1	354
KY988971.1	354
MH711004.1	357
MK306359.1	360
MN332397.1	354
FJ037795.1	270
KC425731.1	360
KC425734.1	359
KC425738.1	360
KC425739.1	351
KC425754.1	357
KC425755.1	357
KC425756.1	355
KC425766.1	355
KC425790.1	354
KC425795.1	351
KC425797.1	351
KC425798.1	359
KC425799.1	350
KC425815.1	351
MN317877.1	365
EU441205.1	371
KF675907.1	330
KF675908.1	330
KF675909.1	329
KF675911.1	330
KF675912.1	329
KF675914.1	330
KF675915.1	329
KF675916.1	328
KF675917.1	329
KF675918.1	328
KF675919.1	328
KF675920.1	328
KF675921.1	331
KF675922.1	328
KF675923.1	328
KF675925.1	329
KP763868.1	284
KY239341.1	360
MK039446.1	366
MK039448.1	366
MK039449.1	366
MK039450.1	366
MK039451.1	366
MK039452.1	366
MK039453.1	366
MK039454.1	366
MK039455.1	366
MK039456.1	366
MK356158.1	370
MK356159.1	370
MK356160.1	370
MK356161.1	370
MK356199.1	368
MK356200.1	368
MK356201.1	368
OQ350893.1	374
OQ350910.1	373
OQ645698.1	370
JX155081.1	331
JX155083.1	330
KF318955.1	369
KF675924.1	329
KF675927.1	330
KF675930.1	331
KF675931.1	331
KF675932.1	330
KF675933.1	329
KF675934.1	328
KF675937.1	328
KF675939.1	328
KF675940.1	328
KF675942.1	328
KF675944.1	328
KF675946.1	329
KF675947.1	328
KF675950.1	328
KF675952.1	329
KF675953.1	328
KF675954.1	330
KF675955.1	328
KF675956.1	328
KF675958.1	328
KF675959.1	331
KF675960.1	330
KF675964.1	327
KF675965.1	331
KF675967.1	330
KF675968.1	328
KF675969.1	327
KF675970.1	328
KF675971.1	329
KF675972.1	328
KF675973.1	330
KF675974.1	328
KF675975.1	328
KF675976.1	329
KF675977.1	328
KF675978.1	328
KF675979.1	328
KF675980.1	327
KF675981.1	329
KF675982.1	328
KF675983.1	328
KF675984.1	330
KF675985.1	329
KF675986.1	329
KF675987.1	327
KF675989.1	329
KF675990.1	328
KF675991.1	329
KF675992.1	330
KF675994.1	328
MG323905.1	367
AY056049.1	333
AY174742.1	363
AY174760.1	360
AY174761.1	359
EF635444.1	396
EF635456.1	397
EU554353.1	366
EU554354.1	365
KR149441.1	360
KR816305.1	360
KR816313.1	360
KR816316.1	360
KT825427.1	358
KT825428.1	358
KT825481.1	359
MF769381.1	369
MF769382.1	369
MF769383.1	369
MH218750.1	369
MH218751.1	367
MH218758.1	368
MH218760.1	366
MN332376.1	350
MZ006231.1	369
MZ006232.1	369
MZ006233.1	369
MZ006234.1	369
MZ006235.1	369
AY174752.1	359
AY174759.1	359
MK039466.1	366
AY174718.1	360
AY174732.1	360
AY174737.1	359
AY174738.1	359
AY174740.1	359
AY174748.1	359
EF079376.1	360
KR816318.1	359
KR816321.1	360
KR816322.1	364
KR816323.1	364
KR816324.1	359
KR816325.1	359
KR816326.1	359
KR816327.1	359
KR816328.1	359
KR816329.1	359
KR816330.1	359
KR816331.1	359
AB593484.1	367
AB593548.1	369
AB593571.1	362
AB593614.1	367
AB873180.1	367
KP743545.1	369
KP904136.1	350
KP904148.1	350
MH400502.1	350
MH400503.1	350
MH400504.1	350
MH400505.1	340
MH400506.1	351
MH400507.1	350
MH400508.1	350
MH400509.1	350
MH400510.1	350
MH400511.1	350
MH400512.1	350
MH400513.1	350
MH400514.1	350
MH400515.1	350
MH400516.1	350
MH400517.1	350
MH400518.1	350
MH400519.1	350
PQ804153.1	370
PQ804161.1	366
KF589870.1	375
KF589872.1	375
KF589874.1	370
KF589875.1	369
EU816743.1	416
GU256863.1	441
KC528822.1	346
KC528823.1	346
KC528824.1	346
KC528859.1	346
KC528861.1	346
KC528862.1	346
KC528863.1	345
KC528865.1	345
KC528868.1	345
KC528869.1	347
KC528878.1	345
KC528879.1	345
KC528880.1	345
KC528881.1	345
KC528908.1	345
KC528914.1	345
KC528916.1	345
KC528917.1	345
KC528922.1	345
KC528931.1	345
KC528932.1	345
KC528933.1	345
KC528934.1	345
KC528935.1	345
KC528936.1	345
KC528981.1	345
KC528990.1	346
KC528991.1	347
KC528995.1	349
KC528996.1	346
KC528997.1	346
KC528999.1	346
KC529000.1	346
KC529008.1	346
KC529009.1	346
KC529010.1	347
KC539577.1	354
KC539585.1	364
KC539590.1	355
KC539591.1	364
KC539592.1	364
KC539596.1	364
KC539603.1	364
PZ502329.1	345
KC528811.1	351
KC528813.1	350
KC528814.1	353
KC528816.1	350
KC528820.1	345
KC528825.1	345
KC528826.1	345
KC528827.1	345
KC528828.1	345
KC528829.1	345
KC528831.1	345
KC528832.1	345
KC528833.1	345
KC528834.1	345
KC528835.1	345
KC528836.1	345
KC528837.1	345
KC528838.1	345
KC528843.1	343
KC528844.1	345
KC528849.1	344
KC528850.1	344
KC528851.1	344
KC528852.1	345
KC528853.1	346
KC528854.1	361
KC528856.1	346
KC528858.1	346
KC528860.1	346
KC528864.1	345
KC528873.1	350
KC528876.1	349
KC528882.1	345
KC528883.1	345
KC528884.1	345
KC528888.1	349
KC528904.1	345
KC528926.1	344
KC528927.1	344
KC528928.1	345
KC528929.1	345
KC528942.1	345
KC528945.1	344
KC528946.1	345
KC528948.1	344
KC528960.1	343
KC528979.1	345
KC528980.1	345
KC528984.1	345
KC528986.1	344
KC528987.1	344
KC528988.1	344
KC528989.1	344
KC529002.1	346
MN824769.1	347
MN879544.1	349
PV901634.1	344
PZ611746.1	345
JX870689.1	315
MT923999.1	360
AB894132.1	366
AB894133.1	365
AB894141.1	366
KU295280.1	373
KU295282.1	374
MF285491.1	373
MF285494.1	370
MF285495.1	369
MZ366388.1	360
KC528812.1	352
KC528842.1	345
KC528855.1	361
KC528870.1	350
KC528892.1	347
KC528893.1	347
KC528915.1	345
KC528937.1	345
KC528940.1	345
KC528974.1	345
KC529005.1	346
KY397489.1	389
MF944268.1	373
MZ366387.1	360
MZ366397.1	367
PV901234.1	360
PV901235.1	360
KJ564042.1	409
KJ564043.1	409
KJ564045.1	409
KJ564046.1	409
KJ564047.1	409
KJ564048.1	409
KJ564051.1	409
KP015392.1	409
KP015393.1	409
KP015394.1	409
KP015395.1	409
KP015396.1	409
KP015397.1	409
KP015398.1	409
KP015399.1	409
KP015400.1	409
KP015401.1	409
KP015402.1	408
KP015403.1	407
KP015404.1	409
KP015405.1	409
KP015406.1	409
KP015407.1	409
KP015408.1	409
KP015409.1	409
KP015410.1	409
KP015411.1	409
KP015412.1	409
KP015413.1	409
KP015414.1	409
KP015415.1	409
KP015416.1	409
KP015417.1	409
KP015418.1	409
KP015419.1	409
KP015420.1	409
KP015422.1	409
KP015423.1	409
KP015429.1	409
KP015430.1	409
KP015449.1	409
KP015450.1	409
KP015453.1	409
KP015454.1	409
KP015455.1	409
KP015456.1	409
KP015457.1	409
KP015465.1	409
KP015467.1	409
KP015469.1	409
KP015470.1	409
KP015474.1	408
KP015477.1	409
MT924098.1	362
KX872921.1	353
KX873039.1	346
KX873089.1	346
KX873090.1	346
KX873091.1	346
KX873092.1	346
KX873097.1	346
KX873101.1	345
KX873102.1	344
KX873114.1	354
KX873155.1	346
KX873156.1	346
KX954892.1	357
KX954894.1	365
MK945603.1	364
PQ590565.1	363
KX954893.1	365
KX954895.1	357
KX954899.1	357
KX954900.1	357
KX954905.1	363
KX954909.1	357
KX954912.1	357
KX954913.1	357
KX954914.1	357
KX954915.1	357
KX954919.1	358
KX954923.1	357
KX954928.1	363
KX954929.1	363
KX954930.1	365
KX954933.1	357
KX954944.1	357
KX954945.1	357
KX954946.1	357
KX954947.1	357
KX954949.1	365
KX954951.1	365
KX954955.1	360
KX954956.1	360
KX954972.1	362
KX954982.1	357
KX954987.1	357
MK945608.1	364
MK945610.1	365
MK945611.1	366
MK945622.1	358
PQ590566.1	363
KP794420.1	373
KR083162.1	391
KX954877.1	363
KX954992.1	365
KX954994.1	352
KX954997.1	358
KX954998.1	363
KX955015.1	363
KX955020.1	357
KX955023.1	363
KX955032.1	366
KX955036.1	365
KX955048.1	363
KX955050.1	359
LC373552.1	364
MK945653.1	369
PV901021.1	357
HG004844.1	363
KF993470.1	420
KF993471.1	420
KF993472.1	420
KF993473.1	425
KF993474.1	420
KF993478.1	426
KF993479.1	426
KF993480.1	426
KF993481.1	426
KF993482.1	426
KF993483.1	426
KF993484.1	426
KF993485.1	426
KF993514.1	422
KF993515.1	422
KF993527.1	426
KF993528.1	426
KF993529.1	426
KF993530.1	426
KF993531.1	426
KF993532.1	426
KF993533.1	426
KF993534.1	426
KF993535.1	426
KF993555.1	422
KF993556.1	422
KF993557.1	422
KF993558.1	426
KF993559.1	426
KF993560.1	426
KF993561.1	422
KF993562.1	422
KF993568.1	426
KF993575.1	426
KF993576.1	426
KF993577.1	426
KF993578.1	426
KF993579.1	425
KF993580.1	426
KF993581.1	424
KF993582.1	426
KF993583.1	426
KF993584.1	427
KF993585.1	427
KF993586.1	422
KF993587.1	422
KF993588.1	422
KF993589.1	422
KF993590.1	422
KF993591.1	422
KF993592.1	422
KF993593.1	426
KF993594.1	426
KF993595.1	426
KF993596.1	426
KF993597.1	426
KF993604.1	426
KF993605.1	426
KF993606.1	426
KF993607.1	426
KF993608.1	426
KF993609.1	426
KF993610.1	426
KF993611.1	426
KF993612.1	426
KF993613.1	426
KX073401.1	426
KX073402.1	422
KX073403.1	426
KX073425.1	426
KX073426.1	426
KX073427.1	426
KX073430.1	424
KX073431.1	426
KX073450.1	422
KX073451.1	426
KX073452.1	426
KX073453.1	426
KX073454.1	426
KX073455.1	426
KX073456.1	426
KX873181.1	346
PQ560502.1	387
KP015431.1	409
KP015432.1	409
KP015433.1	409
KP015434.1	409
KP015436.1	409
KP015437.1	409
KP015445.1	409
KP015446.1	409
KP015447.1	409
KP015451.1	409
KP015471.1	409
KP015472.1	409
KP015473.1	409
KP015475.1	409
KP015476.1	409
KP015478.1	409
KP015479.1	409
KP015480.1	409
KP015481.1	409
OR680089.1	367
OR680096.1	370
OR680097.1	367
OR680099.1	367
OR680100.1	374
OR680101.1	376
OR680090.1	369
OR680091.1	369
OR680092.1	369
OR680093.1	369
OR680094.1	369
OR680114.1	366
OR680115.1	367
OR680116.1	366
KJ187606.1	376
KJ187614.1	375
KJ187615.1	376
KJ187616.1	380
KJ187617.1	374
KJ187618.1	375
KJ187619.1	369
KJ187621.1	373
KJ187623.1	377
KJ187624.1	377
KJ187625.1	376
KJ187626.1	375
KJ187628.1	376
KJ187629.1	375
KJ187630.1	363
KJ187632.1	375
KJ187633.1	376
KJ187634.1	375
KJ187635.1	373
KJ187636.1	375
KJ187637.1	375
KJ187640.1	375
KJ187641.1	375
KJ187642.1	375
KJ187643.1	373
KJ187644.1	374
KJ187645.1	371
KJ187646.1	370
KJ187649.1	375
KJ187650.1	376
KJ187651.1	375
KX789273.1	375
KY438068.1	316
MF954043.1	371
MN295269.1	376
MW541188.1	364
MW541195.1	365
MW899008.1	370
MW899022.1	366
MW899023.1	302
PP002382.1	371
PP035966.1	371
PP035967.1	377
PQ474455.1	347
PQ474460.1	347
PQ474481.1	347
KF771816.1	376
KF771817.1	376
KF771818.1	376
KF771819.1	376
KU295278.1	376
KU295279.1	376
KC779634.1	374
KC779643.1	374
KC779647.1	366
KC779648.1	366
KC779660.1	367
KC779664.1	366
KC779669.1	367
KC779670.1	366
KC779671.1	366
KJ402377.1	366
KJ402386.1	367
KT751436.1	368
KT751445.1	374
KT751446.1	374
KT751452.1	374
MT922672.1	391
KC779680.1	372
KC779681.1	372
KC779683.1	374
KC779690.1	372
KC779692.1	364
KC779694.1	374
KC779696.1	374
KC779697.1	372
KC779700.1	377
KC779704.1	372
KC779712.1	372
KC779713.1	372
KC779714.1	372
KC779715.1	372
KC779716.1	374
KC779717.1	374
KC779734.1	366
KC779735.1	366
KC779743.1	367
KC779748.1	367
KC779749.1	367
KC779751.1	367
KC779752.1	367
KC779753.1	367
KC779755.1	367
KC779756.1	367
KC779759.1	366
KC779760.1	367
KC779761.1	369
KC779762.1	367
KC779763.1	368
KC779765.1	367
KC779766.1	367
KC779767.1	366
KC779768.1	368
KC779769.1	368
KC779775.1	367
KC779776.1	366
KC779783.1	367
KC779786.1	367
KC779791.1	366
KC779806.1	366
KJ402378.1	366
KJ402379.1	367
MK495364.1	405
MK495365.1	405
MK496176.1	406
MT565565.1	362
MZ081682.1	378
MZ081683.1	378
MZ081684.1	378
MZ081685.1	378
MZ081686.1	378
MZ081687.1	378
OR531481.1	357
PV844786.1	405
PV844787.1	405
PV844788.1	405
PV844793.1	405
PV844794.1	405
PV844795.1	405
KF848274.1	346
MF944348.1	362
MN750396.1	363
MN750397.1	363
MN750398.1	363
MN750400.1	363
MN750401.1	363
MN750402.1	363
MN750403.1	363
OP763769.1	363
OP763770.1	363
KF906208.1	348
KF906211.1	348
PP456687.1	394
KR350147.1	375
KR350167.1	379
MF944315.1	379
MF944336.1	375
MK164487.1	368
MK164492.1	367
MT500667.1	378
ON009190.1	368
ON009205.1	367
KU164810.1	373
KY417927.1	391
MN240796.1	360
OM262163.1	379
OM262164.1	379
OM262165.1	379
OM262166.1	379
OM262167.1	379
OM262168.1	379
OM262169.1	379
OM262170.1	379
OM262171.1	379
OM262172.1	379
OM262173.1	379
OM262174.1	379
OM262175.1	379
OM262176.1	379
OM262177.1	379
OM262178.1	379
OM262179.1	379
OM262180.1	379
OM262181.1	379
OM262182.1	379
OM262183.1	379
OM262184.1	379
OM262185.1	379
OM262186.1	379
OM262187.1	379
OM262188.1	379
OM262189.1	379
OM262190.1	379
MH445998.1	379
MN295270.1	375
MN295297.1	377
MN295303.1	379
MN295306.1	376
MN295321.1	376
MT623510.1	377
MT623511.1	376
MT623512.1	376
MN295345.1	375
KC847550.1	488
KC847551.1	485
KC847553.1	396
KC847554.1	484
KC847555.1	484
KC847556.1	396
KC847557.1	390
KC847559.1	396
KC847560.1	396
KC847561.1	485
KC847562.1	390
KC847563.1	390
KC847564.1	398
KC847565.1	485
KC847566.1	396
KC847567.1	396
KC847568.1	484
KC847569.1	485
KC847570.1	488
KC847571.1	484
KC847572.1	486
KC847573.1	390
KC847575.1	488
KC847576.1	396
KC847577.1	396
KC847578.1	396
KC847579.1	396
KC847580.1	389
KC847581.1	408
KC847582.1	485
KC847583.1	396
KC847584.1	396
KC847585.1	396
KC847586.1	398
KC847593.1	396
KC847594.1	396
KC847595.1	396
KC847596.1	396
KC847597.1	396
KF938586.1	355
KR083299.1	401
MG208072.1	323
MG208082.1	345
KC955327.1	357
KC955413.1	345
KC955416.1	347
KC955428.1	347
KC955430.1	350
KC955431.1	347
KC955433.1	348
KC955434.1	348
KC955442.1	346
KC955443.1	353
KC955445.1	349
KC955470.1	340
KC955541.1	356
KC955542.1	356
KC955627.1	356
KC955630.1	346
KC955632.1	360
KC955636.1	351
KC955676.1	348
KC955734.1	349
KC955735.1	350
KC955736.1	352
EU816733.1	396
KC779649.1	367
KC779654.1	367
KC779659.1	367
KC779691.1	372
KC779718.1	372
KC779719.1	372
KC779740.1	369
KC779785.1	367
KJ402380.1	368
KJ402383.1	367
KJ402385.1	367
KM025153.1	360
KM025156.1	350
KM025157.1	350
KM025165.1	347
KM025169.1	347
KY242084.1	367
KY242085.1	367
KY242086.1	367
KY242087.1	367
KY242088.1	367
KY242089.1	367
KY242090.1	367
KY242091.1	367
KY242092.1	367
KY242093.1	367
KY242094.1	367
KY242095.1	367
KY242096.1	367
MK164441.1	367
MK164460.1	371
MK165461.1	360
MK165475.1	352
OL839318.1	360
OL839321.1	375
PV359354.1	367
PV359355.1	367
PV359356.1	367
PX673504.1	370
PX673505.1	370
PX673506.1	370
KF212074.1	402
KF212075.1	403
KF212130.1	403
KJ411667.1	364
MT439832.1	403
EF660568.1	878
EF660573.1	878
EF660577.1	877
EF660583.1	889
KJ588928.1	891
KJ588929.1	892
KJ588930.1	891
KJ588931.1	891
KJ588932.1	891
KJ588933.1	892
KJ588934.1	891
KJ588935.1	891
KJ588936.1	891
KJ588937.1	891
MG323896.1	367
MG323897.1	367
MG323902.1	367
MG323911.1	367
MG323912.1	367
MG323923.1	367
MZ927372.1	341
KF212014.1	408
KF212015.1	406
KF212016.1	406
KF212017.1	403
KF212018.1	406
KF212019.1	406
KF212020.1	410
KF212021.1	407
KF212027.1	406
KF212028.1	410
KF212030.1	405
KF212031.1	403
KF212032.1	402
KF212033.1	406
KF212034.1	406
KF212035.1	402
KF212047.1	402
KF212048.1	402
KF212049.1	406
KF212050.1	406
KF212053.1	404
KF212058.1	409
KF212059.1	403
KF212061.1	409
KF212062.1	406
KF212065.1	406
KF212066.1	403
KF212067.1	409
KF212068.1	406
KF212070.1	402
KF212071.1	408
KF212072.1	403
KF212078.1	403
KF212079.1	402
KF212080.1	404
KF212082.1	406
KF212083.1	406
KF212084.1	406
KF212085.1	402
KF212086.1	404
KF212087.1	402
KF212088.1	406
KF212090.1	409
KF212093.1	406
KF212094.1	406
KF212095.1	406
KF212096.1	395
KF212097.1	406
KF212098.1	407
KF212102.1	402
KF212103.1	406
KF212105.1	409
KF212107.1	406
KF212108.1	407
KF212109.1	406
KF212110.1	406
KF212111.1	406
KF212115.1	402
KF212121.1	402
KF212122.1	403
KF212123.1	410
KF212124.1	402
KF212125.1	406
KF212126.1	402
KF212128.1	403
KF212129.1	406
KF212131.1	403
KF212132.1	406
KF212133.1	407
KF212134.1	406
KF212135.1	406
KF212136.1	402
KF212138.1	407
KF212141.1	406
KF212142.1	407
KF212145.1	403
KF212151.1	402
KF212152.1	402
KF212153.1	403
KF212155.1	404
KF212159.1	402
KF212160.1	403
KF212169.1	402
KF212173.1	405
KF736995.1	322
KF993476.1	421
KF993477.1	421
KF993598.1	426
KF993599.1	426
KF993600.1	426
KF993601.1	426
KF993602.1	426
KF993603.1	426
KJ588914.1	889
KJ588915.1	889
KJ588916.1	889
MT439777.1	406
MT439778.1	402
MT439804.1	402
MT439805.1	402
MT439818.1	406
MT439827.1	406
MT439828.1	402
MT439829.1	402
OP881281.1	338
OP881282.1	338
HG964373.1	373
HG964384.1	372
MN824947.1	348
MN824948.1	347
MN824949.1	348
MN824950.1	348
MN825716.1	348
MN825901.1	342
MN825902.1	342
MN825903.1	342
MN825904.1	347
KC955600.1	353
KC955605.1	348
KC955607.1	353
KC955609.1	350
KC955611.1	352
KC955612.1	349
KC955614.1	350
KC955622.1	353
KC955719.1	353
KC955727.1	349
JX475147.1	290
JX475148.1	290
JX475166.1	473
JX475167.1	473
KC990710.1	331
KM495212.1	391
KX016087.1	349
MT924112.1	365
KC990708.1	351
KC990709.1	352
KC990711.1	341
KT159291.1	349
KT183415.1	352
KU532896.1	351
KY674522.1	348
OP919392.1	349
OP919393.1	349
OP919394.1	349
OP919395.1	349
OP919396.1	349
OP919397.1	349
OP919398.1	349
OP919400.1	349
OP919402.1	350
OP919404.1	349
OP919408.1	349
OP919409.1	351
OP919411.1	350
OP919414.1	349
OP919418.1	348
OP919419.1	349
OP919420.1	349
OP919421.1	349
OP919422.1	349
OP919423.1	349
OP919426.1	348
OP919428.1	349
OP919430.1	349
OP919431.1	349
OP919432.1	349
OP919435.1	349
OP919436.1	349
OP919440.1	349
OP919442.1	351
OP919443.1	349
OP919444.1	349
OP919449.1	349
OP919451.1	349
OP919452.1	349
OP919453.1	349
OP919454.1	349
OP919455.1	349
OP919457.1	349
OP919458.1	349
OP919460.1	349
OP919461.1	349
OP919463.1	350
OP919464.1	349
PX021886.1	312
DQ277638.1	354
KF160923.1	387
KF840817.1	396
KJ630584.1	341
KJ021015.1	366
KJ021016.1	366
MT923712.1	363
MT924135.1	345
MZ014689.1	377
MZ014690.1	375
KY321071.1	374
JX870784.1	342
KP794330.1	372
KP794340.1	371
KP794341.1	371
KP794342.1	371
KP794343.1	371
KP794377.1	371
KP794382.1	370
KP794384.1	370
KP794385.1	370
KP794454.1	378
KP794455.1	378
KP794456.1	378
MK638958.1	332
OM886417.1	371
AJ580552.1	366
KF794079.1	314
MN295281.1	376
MT623509.1	376
HM347021.1	343
GU220016.1	362
GU220017.1	365
HM347453.1	363
HM347478.1	363
JX152663.1	357
JX152664.1	350
JX152665.1	363
JX152703.1	351
JX152706.1	352
JX152707.1	351
JX152708.1	351
JX152723.1	351
KX057839.1	363
MZ049622.1	366
MZ049623.1	366
MZ049624.1	366
MZ049625.1	366
MZ049626.1	366
MZ049627.1	366
MZ049628.1	366
MZ049629.1	366
MZ049630.1	359
OR347583.1	351
KT970387.1	333
KT970388.1	333
KT970389.1	333
KT970390.1	333
KT970391.1	333
KT970392.1	333
KT970393.1	333
KT970394.1	333
KT970395.1	333
KT970396.1	333
KT970397.1	333
KT970398.1	333
KY321068.1	344
AB289465.1	367
AB289466.1	367
AB289467.1	367
KC425762.1	353
KC425835.1	354
KF747774.1	355
KF747775.1	355
KF747778.1	356
KF747779.1	353
KF747780.1	354
KF747781.1	355
KF747782.1	351
KF747783.1	355
KF747786.1	355
KF747789.1	351
KF747791.1	357
KF747792.1	355
KF747793.1	355
KF747794.1	355
KF747795.1	358
KF747796.1	358
KF747800.1	355
KF747806.1	351
KF747808.1	354
KF747809.1	358
KF747817.1	353
KF747818.1	353
KF747822.1	355
KF747823.1	355
KF747824.1	355
KF747832.1	359
KF747833.1	355
KF747835.1	341
KF747836.1	362
KF747837.1	359
KF747838.1	352
KF747840.1	350
KF747841.1	359
KF747842.1	355
KF747843.1	355
KF747844.1	355
KF747845.1	360
KP012466.1	355
KP012490.1	353
KT338680.1	372
KT338737.1	367
KT338768.1	376
MF944309.1	377
DQ339078.1	395
DQ339083.1	395
DQ339085.1	395
KT338701.1	363
KT338757.1	334
OQ786074.1	367
KF780481.1	398
KJ630931.1	388
KJ630932.1	388
KJ630933.1	391
KJ630934.1	388
KJ630935.1	388
KJ630936.1	388
KJ630937.1	387
KJ630938.1	391
MF787298.1	388
MF787299.1	388
MF787300.1	388
MF787309.1	388
MF787317.1	391
MF787318.1	391
MF787319.1	387
MF787320.1	387
KR364539.1	402
MF954074.1	372
MG232774.1	332
MG232776.1	332
MG232777.1	332
MG232792.1	332
MG232802.1	332
MG232816.1	332
MG232824.1	332
MG232825.1	334
MG232826.1	334
MG232827.1	332
MG232831.1	332
MG232834.1	332
MT914290.1	334
ON890709.1	334
KU295289.1	374
KU295290.1	374
AB675694.1	393
AB675695.1	393
AB675696.1	393
AB675697.1	393
AB675698.1	393
AB675702.1	393
AB675703.1	393
AB675864.1	392
AB675868.1	393
AB675869.1	393
AB675873.1	393
AB675876.1	393
AB675878.1	393
AB675879.1	394
AB675880.1	393
AB675881.1	392
AB675882.1	376
AB675885.1	393
AB675887.1	393
AB675914.1	393
AB675916.1	393
KY239354.1	361
MG321412.1	382
MK356152.1	359
AB675708.1	393
AB675896.1	386
AB675897.1	393
AB675903.1	393
AB675904.1	393
AB675908.1	376
AB675911.1	393
AB675920.1	393
EF635451.1	378
EF660550.1	378
EU352217.1	378
HM116950.1	379
HM116951.1	379
OR243949.1	358
OR243950.1	358
PV900563.1	373
MT923363.1	373
MZ366399.1	371
PV900004.1	353
PV900005.1	354
PV900461.1	371
PV900465.1	371
PV900476.1	373
PV900477.1	373
PV900478.1	373
PV900488.1	373
PV900757.1	373
PV900760.1	375
KJ680475.1	369
KJ680476.1	369
KJ680477.1	369
KJ680478.1	369
KJ680479.1	369
KJ680480.1	369
KJ680481.1	369
KJ680482.1	369
KJ680483.1	369
KJ680485.1	369
KJ680486.1	369
KJ680487.1	369
KJ680488.1	369
PP035938.1	377
KJ716507.1	379
KJ716508.1	379
KJ716509.1	379
KJ716510.1	379
KJ716511.1	379
KJ716512.1	379
KJ716513.1	379
KJ716514.1	379
KJ716515.1	379
KJ716516.1	379
MH477982.1	379
MH477983.1	379
MH477984.1	379
MH477985.1	379
MH477986.1	379
MH477987.1	379
MH477988.1	379
MH477989.1	379
MH477990.1	379
MH478075.1	381
MH478076.1	381
MH478077.1	381
MH478078.1	381
MH478079.1	381
MH478080.1	381
MH478081.1	381
MH537032.1	381
MH537033.1	381
MH537034.1	381
MH537035.1	381
KY421909.1	389
MH718398.1	364
MH718399.1	364
MH718400.1	364
MH718408.1	364
MH718410.1	364
MH718414.1	364
MH718422.1	364
OK271412.1	379
AY616735.1	365
KF906195.1	346
KF906196.1	346
KF906197.1	346
KF906198.1	346
KF906199.1	346
KF906200.1	346
KF906201.1	346
KF906202.1	346
KF906203.1	346
MN184752.1	346
MN184755.1	346
MN184759.1	346
KF906210.1	348
KF923168.1	397
KF923172.1	401
KF923174.1	400
KF923175.1	383
KF923183.1	395
KY397488.1	389
KY397491.1	391
OQ845451.1	295
OQ845452.1	295
PV900306.1	389
EU079374.1	322
HG004789.1	317
HG004790.1	319
MW025109.1	366
HG004782.1	328
LC604273.1	314
LC604274.1	313
LC604275.1	314
LC604276.1	313
LC604277.1	314
LC604278.1	314
OR646825.1	314
KJ564044.1	409
KJ564049.1	409
KJ564050.1	409
KM025144.1	372
KM025145.1	360
KM025146.1	360
KM025147.1	360
KM025148.1	360
KM025152.1	360
KM025162.1	372
KM025163.1	347
KM025164.1	347
KM025167.1	347
KM025168.1	348
KM025170.1	347
MG869012.1	371
JQ230340.1	379
JQ230381.1	378
MG648284.1	389
MG648285.1	392
MH212255.1	377
MH212256.1	377
MH212279.1	378
MH426474.1	386
PP447388.1	385
PP456695.1	388
AB593639.1	364
KT387961.1	384
KT387969.1	384
KT387970.1	382
MH685745.1	385
MK165465.1	361
FJ384033.1	375
PV901625.1	361
PV901626.1	362
MF543734.1	399
MF543735.1	399
MF543736.1	399
MF543737.1	399
MF543738.1	399
MF543739.1	399
MF543740.1	399
KX955030.1	358
KX955031.1	359
MH478001.1	379
MH478002.1	379
MH478058.1	381
MH478059.1	380
MH478060.1	381
MH478061.1	381
MH478062.1	380
MH478063.1	381
MH478068.1	381
MH478069.1	381
MW025095.1	346
PP165384.1	371
PP165385.1	365
KR083291.1	395
KR083292.1	395
MF543763.1	405
MF543764.1	405
MF543765.1	405
MF543766.1	405
OL862999.1	368
KX073357.1	422
KX073358.1	426
KX073359.1	426
KX073360.1	422
KX073361.1	426
KX073398.1	422
KX073428.1	426
KX073429.1	426
KX073432.1	426
KX073433.1	426
KX073434.1	426
MF155207.1	354
PQ760056.1	323
PX463654.1	347
KY387919.1	392
MK095507.1	419
MK095512.1	419
MK095517.1	419
MK095519.1	419
MK095520.1	419
MK095521.1	419
MK095522.1	419
MK095523.1	419
LN812507.1	414
MN543603.1	414
MN543604.1	415
MN543605.1	415
MN543606.1	415
MN543607.1	415
MN543608.1	416
MN543609.1	417
MN543610.1	417
MN543611.1	416
MN543616.1	414
MN543622.1	431
MN825042.1	326
MN825043.1	326
MT923106.1	403
OR162605.1	389
KX345321.1	348
KX345322.1	348
MF155215.1	354
MF155216.1	354
MF155217.1	354
MF155218.1	354
MF543807.1	373
MF543808.1	373
MF543809.1	373
MF543810.1	373
MN625371.1	394
MN625377.1	395
MN625385.1	395
MN625424.1	394
MN625429.1	394
MN625430.1	385
MN625435.1	385
MN638854.1	394
MN638857.1	393
ON124720.1	394
ON124721.1	394
ON124722.1	394
ON124725.1	394
ON124726.1	394
ON124727.1	394
ON124740.1	398
ON124741.1	393
AB981678.1	391
AB981679.1	391
AB981680.1	388
AB981681.1	391
AB981682.1	388
AB981683.1	388
AB981684.1	388
AB981685.1	391
AB981686.1	388
AB981687.1	391
AB981688.1	391
AB981689.1	391
AB981690.1	391
AB981691.1	391
AB981692.1	388
AB981693.1	388
AB981694.1	388
AB981695.1	388
AB981696.1	388
AB981697.1	391
AB981698.1	388
AB981699.1	391
AB981700.1	391
AB981701.1	388
AB981702.1	388
AB981703.1	391
AB981704.1	388
AB981705.1	388
AB981706.1	388
AB981707.1	388
AB981708.1	388
AB981709.1	388
KF612981.1	366
KF612982.1	371
KF612985.1	366
KF612987.1	366
KF612989.1	366
KF612990.1	366
KF612991.1	368
KF612992.1	367
KF612993.1	365
KF612994.1	368
KF612995.1	367
KF612996.1	366
KF613000.1	366
KF613001.1	366
KT923834.1	366
KT923840.1	366
MG008687.1	367
MG008689.1	368
MG008821.1	366
MH656421.1	375
OL863086.1	366
OL863087.1	366
AF245409.1	383
AF245411.1	294
AF245412.1	371
AF245413.1	371
AF245414.1	371
AF245416.1	415
AF245417.1	413
AF245418.1	414
AF245419.1	413
AF245420.1	420
AF245422.1	414
AF245423.1	394
AF245424.1	420
AF245425.1	372
AF245427.1	369
AF245428.1	370
AF245433.1	372
KF548544.1	375
KF548545.1	370
LC090013.1	403
MG460384.1	370
AY730310.1	352
AY730314.1	362
AY730331.1	365
PV661551.1	400
AY181581.1	343
KF933277.1	346
LN515401.1	369
LN515402.1	375
AB985735.1	382
MF076950.1	314
KY242146.1	369
KY242147.1	369
KY242148.1	369
OL839319.1	373
AB593529.1	369
AB593534.1	360
AB593539.1	368
MH763848.1	367
MN213664.1	369
MN213665.1	369
MN213666.1	369
MN213667.1	369
OQ645697.1	367
PV643874.1	367
AB593602.1	363
AY181582.1	343
AY181583.1	343
AY181587.1	343
AB593535.1	363
DQ314167.1	378
KC425778.1	355
KC425779.1	355
KC425780.1	355
KC425824.1	351
KC425826.1	353
KC425827.1	353
KF747825.1	356
KF747826.1	356
KF747827.1	356
KF747828.1	359
KF747829.1	359
KM005470.1	343
KM005471.1	343
KM005472.1	343
KM005473.1	343
KM005476.1	343
KM005477.1	343
KM005478.1	343
KM005479.1	343
KM005480.1	343
KM005481.1	343
KM005482.1	343
KM005502.1	343
KM005503.1	343
KM005504.1	343
KM005505.1	343
KM005506.1	343
KM005507.1	343
KM005508.1	343
KM005509.1	343
KM005510.1	343
KM005511.1	343
KM005512.1	343
KM005520.1	343
KM005521.1	343
KM005522.1	343
KM005523.1	343
KM005524.1	343
KM005525.1	343
KM005526.1	343
KM005527.1	343
KM005528.1	343
KM005529.1	343
KM005534.1	343
KM005535.1	343
KM005536.1	343
KM005537.1	343
KM005538.1	343
KM005539.1	343
KM005540.1	343
KM005541.1	343
KM005545.1	343
KM005546.1	343
KM005547.1	343
KM005548.1	343
KM005549.1	343
KM005550.1	343
KM005555.1	343
KM005556.1	343
MG460392.1	375
MG460393.1	375
AF350508.1	351
AF350510.1	351
AF350515.1	352
AF350519.1	354
AF350521.1	351
AF350523.1	354
AF350525.1	352
AF350531.1	352
AF350536.1	353
AF350537.1	353
AF350538.1	341
AF350539.1	342
AF350541.1	352
AF350546.1	337
AF350547.1	342
AF350548.1	348
AF350549.1	348
AF350550.1	350
AF350554.1	352
AF350557.1	336
AF350559.1	336
AF350560.1	335
AF350570.1	352
AF350743.1	352
AF350847.1	336
AF350850.1	336
AF350871.1	335
AF432958.1	336
AF432960.1	336
AF432973.1	335
DQ315823.1	351
FJ565166.1	353
FJ565195.1	348
FJ565228.1	352
FJ565306.1	335
FJ565328.1	345
FJ565445.1	353
FJ565446.1	353
FJ565449.1	340
FJ565467.1	348
FJ565518.1	335
FJ565542.1	341
FJ565554.1	344
FJ565557.1	332
FJ565562.1	348
FJ565599.1	352
FJ565643.1	352
FJ565656.1	336
AF350506.1	349
AF350509.1	350
AF350512.1	350
AF350516.1	352
AF350517.1	352
AF350520.1	353
AF350529.1	352
AF350530.1	352
AF350532.1	337
AF350533.1	340
AF350534.1	344
AF350535.1	346
AF350542.1	353
AF350543.1	355
AF350544.1	356
AF350545.1	353
AF350551.1	351
AF350552.1	352
AF350553.1	352
AF350555.1	353
AF350556.1	336
AF350561.1	351
AF350562.1	352
AF350563.1	352
AF350565.1	352
AF350568.1	352
AF350569.1	352
AF350571.1	353
AF350572.1	351
AF350574.1	352
AF350576.1	359
AF350577.1	352
AF350578.1	352
AF350580.1	351
AF350581.1	351
AF350747.1	353
AF350773.1	352
AF350789.1	352
AF350790.1	352
AF350791.1	352
AF350809.1	352
AF350828.1	352
AF350832.1	351
AF350844.1	336
AF350876.1	351
AF432942.1	336
AF432977.1	351
AY116280.1	343
AY116281.1	344
DQ315883.1	350
FJ565184.1	350
FJ565223.1	349
FJ565232.1	350
FJ565256.1	352
FJ565267.1	352
FJ565273.1	352
FJ565277.1	352
FJ565300.1	352
FJ565301.1	337
FJ565356.1	352
FJ565450.1	353
FJ565479.1	342
FJ565501.1	352
FJ565502.1	351
FJ565546.1	352
FJ565550.1	352
FJ565622.1	352
FJ565644.1	352
FJ565647.1	353
FJ565649.1	352
KF736988.1	325
KF736989.1	325
KF736991.1	325
KF736992.1	323
KF736993.1	322
KF736997.1	322
KF736999.1	325
KF737002.1	325
KF737004.1	321
KF737007.1	326
KF737010.1	323
KF737013.1	325
KF737014.1	325
KF737015.1	324
KF737016.1	324
KF737017.1	322
KF737019.1	323
KF737021.1	323
KF737022.1	324
KF737024.1	323
KF737025.1	323
KF737026.1	323
KF737027.1	324
KF737028.1	326
KM051456.1	331
KM215361.1	324
OM333845.1	365
ON820161.1	365
PQ282463.1	324
AF350744.1	352
AF350848.1	337
AF350849.1	336
AF350853.2	334
AF350854.1	336
AF350855.1	336
AF350856.2	336
AF350857.1	336
AF350858.1	336
AF350859.1	336
AF350860.1	336
AF350861.2	335
AF350862.1	336
AF350863.1	336
AF350864.1	336
AF350865.2	336
AF350866.1	336
AF350867.1	336
AF350868.1	334
AF350869.1	336
AF350870.1	336
AF350872.1	336
AF350873.1	337
AF350874.1	336
AF432970.1	335
AF432972.1	332
AF432975.1	336
AF432976.1	337
FJ565218.1	336
FJ565227.1	336
FJ565231.1	336
FJ565237.1	335
FJ565260.1	336
FJ565266.1	335
FJ565279.1	336
FJ565310.1	335
FJ565313.1	335
FJ565322.1	336
FJ565384.1	336
FJ565483.1	336
FJ565485.1	336
FJ565486.1	335
FJ565507.1	336
FJ565508.1	352
FJ565517.1	352
FJ565559.1	336
FJ565617.1	336
LN607424.1	388
LN607435.1	395
LN607446.1	392
LN607447.1	393
LN607448.1	392
LN607449.1	392
LN607451.1	391
LN607453.1	392
LN607454.1	392
LN607455.1	393
LN607457.1	392
LN607458.1	392
LN607460.1	392
LN607461.1	392
LN607462.1	392
LN607465.1	392
LN607469.1	392
LN607472.1	391
LN607473.1	392
PV900278.1	390
PZ240460.1	394
AF350748.1	353
AF350749.1	352
AF350750.1	352
AF350751.1	352
AF350752.1	352
AF350753.1	352
AF350754.1	352
AF350755.1	353
AF350756.1	352
AF350757.1	352
AF350758.1	352
AF350759.1	352
AF350760.1	352
AF350761.1	352
AF350762.1	352
AF350763.1	352
AF350764.1	352
AF350765.1	352
AF350766.1	352
AF350767.1	352
AF350768.1	352
AF350769.1	352
AF350770.1	352
AF350771.1	352
AF350772.1	353
AF350774.1	352
AF350775.1	352
AF350776.1	352
AF350777.1	352
AF350778.1	352
AF350779.1	352
AF350780.1	352
AF350781.1	352
AF350782.1	352
AF350783.1	352
AF350784.1	352
AF350785.1	352
AF350786.1	352
AF350787.1	352
AF350795.1	351
AF350796.1	352
AF350802.1	353
AF350803.1	353
AF350818.1	353
AF350846.1	337
AF432945.1	337
AF432982.1	352
FJ565204.1	352
FJ565215.1	352
FJ565265.1	352
FJ565278.1	351
FJ565280.1	352
FJ565286.1	352
FJ565295.1	353
FJ565308.1	352
FJ565319.1	352
FJ565353.1	352
FJ565375.1	336
FJ565484.1	352
FJ565488.1	352
FJ565490.1	352
FJ565513.1	352
FJ565531.1	352
FJ565534.1	353
FJ565540.1	352
FJ565541.1	352
FJ565566.1	352
KF794065.1	315
KF794066.1	300
KF794068.1	300
KF794070.1	305
KF794071.1	312
KF794072.1	313
KF794078.1	303
KF794084.1	314
KF794086.1	315
KF794087.1	314
KF794088.1	315
KF794089.1	313
KF794090.1	313
KF794091.1	315
KF794092.1	305
KF794093.1	314
KF794096.1	313
KF794097.1	315
KF794101.1	313
KF794104.1	315
KF794105.1	316
LN607494.1	394
LN607498.1	394
LN607502.1	393
LN607521.1	391
LN607534.1	392
LN607535.1	394
LN607537.1	391
LN607543.1	394
LN607544.1	391
LN607550.1	397
LN607551.1	397
LN607552.1	397
LN607556.1	397
LN607560.1	394
LN607571.1	394
LN607572.1	394
LN607573.1	394
LN607574.1	395
LN607575.1	394
LN607577.1	394
LN607579.1	394
LN607580.1	394
LN607581.1	394
LN607582.1	394
LN607587.1	392
LN607589.1	392
LN607591.1	391
LN607594.1	393
AF239400.1	352
AF350566.1	352
AF350792.1	352
AF350793.1	352
AF350797.1	352
AF350798.1	352
AF350799.1	352
AF350800.1	352
AF350801.1	353
AF350804.1	353
AF350805.1	353
AF350806.1	352
AF350807.1	354
AF350808.1	353
AF350811.1	352
AF350812.1	352
AF350814.1	353
AF350817.1	352
AF350819.1	353
AF350820.1	352
AF350821.1	352
AF350823.1	356
AF350824.1	354
AF350825.1	352
AF350826.1	353
AF350827.1	352
AF350829.1	352
AF350830.1	351
AF350831.1	352
AF350833.1	352
AF350834.1	352
AF350836.1	352
AF350837.1	352
AF350839.1	352
AF350840.1	352
AF350841.1	353
AF350842.1	352
AF350877.1	351
AF350878.1	352
AF350879.1	351
AF432978.1	351
AF432980.1	356
AF432981.1	351
FJ565180.1	355
FJ565201.1	352
FJ565205.1	353
FJ565291.1	352
FJ565296.1	353
FJ565297.1	354
FJ565305.1	352
FJ565373.1	355
FJ565448.1	354
FJ565500.1	352
FJ565537.1	351
FJ565543.1	353
FJ565548.1	352
FJ565556.1	352
FJ565567.1	352
FJ565572.1	352
FJ565574.1	352
FJ565607.1	352
FJ565610.1	351
FJ565618.1	356
FJ565627.1	351
KF921675.1	325
KF921676.1	325
KF921680.1	325
KF921681.1	325
KF921683.1	325
KF921690.1	326
KF921696.1	292
KF921699.1	334
KF921700.1	350
KF921701.1	342
KF921702.1	295
MG429053.1	352
MG429057.1	352
OM436176.1	334
OM436177.1	334
OM436178.1	334
OM436179.1	334
OM436180.1	334
FJ381773.1	374
FJ381775.1	374
KT235565.1	377
KT279735.1	377
AJ744951.1	373
EU347722.1	372
MH710818.1	406
MN736469.1	372
MN736470.1	372
MN736471.1	372
MN736472.1	372
MN736473.1	372
MN736474.1	372
MN736475.1	372
MN736476.1	372
MN736477.1	372
MN736478.1	372
MN736479.1	372
MN736480.1	372
MN736481.1	372
MN736482.1	372
MN736483.1	372
MN736484.1	372
MN736485.1	372
MN736486.1	372
MN736487.1	372
MN736488.1	372
KJ918493.1	377
KJ918494.1	378
KT923833.1	369
MK559498.1	378
MT193829.1	388
AF350746.1	352
AF350852.1	336
AY695595.1	388
DQ861613.1	398
FJ518900.1	386
KP675777.1	386
KP675778.1	386
KP675779.1	386
KP675780.1	386
KP675781.1	386
KP675782.1	386
KP675783.1	386
KP675784.1	385
KP675786.1	386
KP675787.1	386
KP675788.1	386
KP675791.1	386
KP675792.1	386
KP675793.1	386
KP675794.1	386
KP675795.1	386
KR364535.1	399
MW747897.1	363
MW747898.1	363
MW747899.1	363
MW747900.1	363
OM141052.1	353
PX457409.1	370
PX457410.1	370
KJ588923.1	882
KJ588924.1	882
KJ588925.1	882
KR087554.1	382
KR092939.1	380
KR092940.1	380
KR092945.1	381
MH718429.1	381
MK641724.1	341
EF660579.1	877
KX373656.1	394
MF871691.1	393
MF871659.1	394
MF871660.1	394
MF871662.1	393
MF871663.1	393
MF871665.1	394
MF871692.1	393
MG779416.1	394
MG779431.1	394
MG779434.1	394
MG779435.1	394
EU841877.1	392
EU841878.1	392
EU841879.1	392
EU841880.1	392
EU841886.1	392
EU841887.1	392
EU841888.1	392
EU841889.1	392
EU841890.1	392
EU841901.1	392
EU841902.1	392
EU841903.1	392
EU841904.1	392
EU841905.1	392
EU841906.1	392
EU841907.1	392
EU841908.1	392
KX373637.1	393
KX373638.1	392
KX373639.1	392
KX373640.1	392
KX373646.1	392
KX373647.1	392
KX373650.1	392
KX373655.1	392
MF871670.1	393
MF871671.1	393
MF871672.1	394
MF871673.1	393
MF871674.1	396
MF871675.1	393
MF871679.1	394
MF871680.1	394
MF871688.1	393
MF871689.1	392
MF871693.1	397
MF871694.1	394
MG779418.1	393
MG779427.1	392
LC010118.1	384
LC010119.1	384
LC010120.1	384
MN114140.1	364
KR083214.1	393
MG323903.1	367
MH710762.1	425
OM522108.1	393
MH685749.1	386
MT922794.1	390
MT922795.1	389
JN805941.1	328
KR087520.1	384
KY397510.1	389
MT384025.1	328
HE586020.1	380
HE586026.1	380
HG004872.1	384
KX057870.1	356
PV900767.1	368
JN418209.1	325
JF430408.1	325
JF430409.1	337
KJ825885.1	341
KR083316.1	391
KR083322.1	391
AY851073.1	376
AY851074.1	376
AY851075.1	376
AY851076.1	376
AY851077.1	376
KY379332.1	396
KY379510.1	396
KY379512.1	396
KY379850.1	396
KY379854.1	396
KY379898.1	396
KY379938.1	396
KY379957.1	396
KY379958.1	396
KY381271.1	396
PP855033.1	396
KY968845.1	365
MN825293.1	347
MN825295.1	347
HM347017.1	343
KP878857.1	342
KP878860.1	342
KP878901.1	341
KP878905.1	342
KP878908.1	340
KY968848.1	344
MN825053.1	347
MN825054.1	347
MN825355.1	348
MN825398.1	346
MN825686.1	326
MN825687.1	325
MN825688.1	325
MN825689.1	325
MN825821.1	349
MN825822.1	349
OP881289.1	337
OP881290.1	337
OP881291.1	337
OP881292.1	337
PV424123.1	344
PV424124.1	344
JX862621.1	373
KJ411645.1	372
KJ411650.1	360
KJ411651.1	370
KJ411652.1	366
KJ411653.1	366
KJ411654.1	366
KJ411655.1	370
KJ411656.1	347
KJ411661.1	369
KJ411664.1	366
KJ411666.1	365
KJ411668.1	357
KJ411669.1	369
KJ411670.1	370
KJ411671.1	370
KJ411676.1	370
KJ411677.1	366
KJ411678.1	370
KJ411679.1	364
KJ411680.1	370
KJ411681.1	369
KJ411682.1	370
KJ411683.1	366
KJ411684.1	249
KJ411686.1	368
KJ411688.1	368
KJ411690.1	366
KJ411691.1	368
KJ411692.1	366
KJ411693.1	369
KJ411694.1	361
KJ411695.1	368
KJ411696.1	368
KJ411698.1	369
KJ411700.1	368
KJ411702.1	368
KJ411703.1	366
KJ411704.1	367
KJ411705.1	370
KJ411706.1	370
KJ411707.1	350
KM514683.1	378
KP878912.1	342
KU182731.1	391
KU182734.1	391
KU182741.1	391
MK945637.1	363
PQ590582.1	364
KJ410000.1	281
KU832484.1	388
OL863105.1	323
OL863106.1	323
KM594527.1	358
KM594528.1	360
KM594529.1	335
MF871666.1	393
MG779432.1	393
KP323270.1	356
KP323271.1	357
KP323277.1	358
KP323278.1	357
KP323279.1	356
KP323281.1	356
KP323283.1	358
KP323286.1	358
KP323294.1	358
KP323295.1	357
KP323302.1	358
KP323305.1	356
KP323307.1	356
KP323312.1	356
KP323316.1	354
KP323318.1	353
KP323319.1	358
KP323321.1	356
KP323323.1	358
KP323326.1	357
KP323327.1	358
KP323329.1	358
KP323330.1	356
KP323331.1	358
KP323332.1	356
KP323339.1	358
KP323340.1	358
KP323346.1	356
KP323347.1	356
KP323348.1	358
KP323354.1	358
KP323355.1	356
KP323358.1	357
PV809965.1	387
KM495109.1	365
KM495114.1	367
KM495117.1	374
KM495119.1	365
KM495125.1	365
KM495127.1	367
KM495130.1	365
KM495163.1	378
KM495166.1	378
KM495169.1	378
KM495172.1	378
KM495178.1	378
MW399241.1	446
MW399242.1	446
MW399243.1	446
MW399244.1	446
MW399245.1	446
MW399246.1	446
MW399247.1	446
MW399248.1	446
MW399249.1	446
MW399268.1	446
MW399274.1	446
MW399275.1	446
MW399276.1	446
MW399277.1	446
MW399278.1	446
MW399279.1	446
MW399280.1	446
MW399281.1	446
MW399282.1	446
MW399283.1	446
MW399284.1	446
MW399285.1	446
MW399286.1	446
MW399287.1	446
MW399288.1	446
MW399289.1	446
MW399290.1	446
MW399291.1	446
MW399292.1	446
MW399293.1	446
MW399294.1	446
MW399295.1	446
MW399296.1	446
MW399297.1	446
MW399298.1	446
MW399299.1	446
MW399300.1	446
MW399301.1	446
MW399302.1	446
MW399303.1	446
MW399304.1	446
MW399305.1	446
MW399306.1	446
MW399307.1	446
MW399308.1	446
MW399309.1	446
MW399310.1	446
MW399311.1	446
MW399312.1	446
MW399313.1	446
MW399314.1	446
MW399318.1	446
MW399319.1	446
MW399320.1	446
MW399321.1	446
MW399322.1	446
MW399323.1	446
MW399324.1	446
MW399325.1	446
MW399326.1	446
MW399327.1	446
MW399328.1	446
MW399329.1	446
MW399330.1	446
MW399331.1	446
MW399332.1	446
MW399333.1	446
MW399334.1	446
MW399335.1	446
MW399336.1	446
MW399337.1	446
MW399338.1	446
MW399339.1	446
MW399340.1	446
MW399341.1	446
MW399342.1	446
MW399343.1	446
MW399344.1	446
MW399345.1	446
MW399346.1	446
MW399347.1	446
MW399348.1	446
MW399349.1	446
MW399360.1	446
MW399361.1	446
MW399368.1	446
MW399369.1	446
MW399370.1	446
MW399371.1	446
MW399372.1	446
MW399389.1	446
MW399390.1	446
MW399391.1	446
MW399392.1	446
MW821144.1	386
MW821145.1	386
EF635468.1	377
EF635470.1	381
MT434779.1	383
MT434780.1	381
EU792341.1	352
KY968882.1	391
KY968893.1	391
KY968943.1	391
FJ565197.1	336
KF318897.1	371
KF318906.1	371
KM025149.1	360
KM025150.1	360
KM025151.1	361
KM659704.1	369
KM659709.1	376
KM659710.1	378
KM659711.1	376
KY988941.1	352
LN831410.1	420
MK165462.1	360
OL839317.1	360
KM521839.1	385
KP092693.1	325
KR083057.1	392
KR083058.1	392
KY417938.1	384
MN381991.1	385
MN381993.1	385
MN381994.1	385
MN382002.1	387
MN382004.1	387
MN382005.1	385
MN382006.1	385
MN382032.1	385
MN382045.1	385
MN382048.1	385
MN382050.1	385
MN382051.1	385
OM333853.1	365
AY492118.1	362
KJ579141.1	358
KJ579142.1	358
KJ579143.1	358
KJ579144.1	358
KR083228.1	391
KR083229.1	391
AF313012.1	341
AF470498.1	372
AF470500.1	364
AF470501.1	371
AF470502.1	372
AF470503.1	373
AF470504.1	372
AF470505.1	371
AF470506.1	364
AF470513.1	372
AF470516.1	372
AF470518.1	372
DQ154050.1	389
DQ154095.1	390
EU661447.1	387
EU661450.1	391
FJ565666.1	371
HM140798.1	382
KF318890.1	371
LN809140.1	394
LN809154.1	397
LN831388.1	420
PQ809735.1	375
PQ809736.1	364
PQ809737.1	372
PQ809750.1	372
PQ809751.1	372
PQ809752.1	375
KY968949.1	357
OR854128.1	355
OR854129.1	356
OR854130.1	356
OR854131.1	355
OR854132.1	357
OR854133.1	357
OR854134.1	357
OR854135.1	356
OR854136.1	357
OR854137.1	356
OR854138.1	356
OR854140.1	357
OR854141.1	356
OR854142.1	356
OR854143.1	356
OR854144.1	356
OR854147.1	356
OR854149.1	356
PQ809738.1	364
PQ809739.1	372
AM158943.1	357
KY214931.1	348
MF944297.1	376
KP900409.1	415
MT117139.1	312
MH884553.1	302
MH884554.1	302
MH884556.1	302
PZ294805.1	357
PZ294828.1	357
DQ377521.1	388
EF025094.1	388
KJ400893.1	352
KJ400933.1	489
KJ400946.1	513
MH884555.1	302
OL863110.1	370
PQ859404.1	438
PQ859405.1	438
PQ859406.1	438
PQ859434.1	386
PQ859435.1	386
AM939440.1	313
AM939520.1	321
KY542156.1	318
KJ747000.1	369
KJ747001.1	370
KJ747002.1	369
KJ747003.1	369
KJ747004.1	369
KJ747005.1	369
KJ747006.1	369
KJ747007.1	369
KJ747008.1	370
KJ747009.1	369
KJ747010.1	369
KJ747011.1	370
KJ747012.1	369
KJ747013.1	369
KJ747014.1	369
KJ747016.1	369
KJ747017.1	370
KJ747018.1	369
KJ747019.1	369
KJ747020.1	370
KJ777185.1	389
KJ777186.1	387
KJ777187.1	387
KJ777188.1	388
KJ777189.1	390
KJ777190.1	374
KJ777191.1	374
KJ777193.1	374
KJ777198.1	374
KJ777221.1	375
KJ777222.1	374
KJ777223.1	374
KJ777224.1	374
KJ777225.1	374
KJ777226.1	374
KJ777227.1	374
KJ777228.1	374
KJ777231.1	375
KJ777232.1	374
KJ777233.1	376
KJ777234.1	374
KJ777235.1	374
KJ777236.1	374
KJ777249.1	374
KJ777250.1	374
KJ777251.1	374
KJ777252.1	374
KJ777253.1	376
KJ777254.1	374
KJ777255.1	374
KJ777256.1	374
KJ777257.1	374
KJ777258.1	374
KJ777259.1	374
KJ777260.1	374
KJ777265.1	374
KJ777266.1	374
KJ777267.1	374
KJ777268.1	374
KJ777269.1	374
KJ777270.1	374
KJ777271.1	374
KJ777272.1	374
KJ777273.1	374
KJ777274.1	374
KJ777282.1	374
KJ777283.1	376
LN812459.1	416
LN812545.1	412
MH535210.1	374
MN543592.1	414
MN543593.1	414
LN812460.1	416
LN812521.1	414
LN812533.1	414
LN812568.1	417
MN543599.1	415
MN543600.1	415
MN543601.1	415
MN543602.1	415
KM245054.1	368
KR083203.1	391
KX872936.1	353
LC090009.1	404
AB593533.1	368
AB593546.1	368
AB593580.1	366
AB593589.1	369
AB593600.1	363
AB593605.1	368
MN213668.1	368
ON694113.1	365
PQ804162.1	366
KJ777192.1	374
KJ777199.1	374
KJ777200.1	374
KJ777201.1	374
KJ777261.1	374
KJ777262.1	375
KJ777263.1	374
KJ777264.1	374
KJ788227.1	391
KP794416.1	372
KP794417.1	372
KP856179.1	392
KP878378.1	399
KP878393.1	399
KR083095.1	390
MF787313.1	393
MF787314.1	393
MF787315.1	393
MN091691.1	319
ON791516.1	424
OR347610.1	370
OR347611.1	370
OR347612.1	370
OR347613.1	372
KM215374.1	326
KP794386.1	370
KP794387.1	370
KR083087.1	394
KY584366.1	358
KY584387.1	373
PV662260.1	319
MZ927384.1	322
DQ385558.1	318
KY306485.1	401
KY306486.1	408
PQ809746.1	372
PQ809761.1	371
PQ809762.1	371
PQ809763.1	372
PQ809767.1	372
AF513653.1	377
AF513655.1	382
AF513656.1	385
AF513661.1	381
AF513667.1	431
AF513686.1	383
AF513687.1	379
AF513689.1	403
AY955792.1	378
AY955793.1	378
AY955804.1	369
AY955805.1	346
AY955811.1	378
AY955815.1	379
KJ777183.1	389
KJ777184.1	387
KJ777194.1	376
KJ777195.1	377
KJ777196.1	376
KJ777197.1	376
KJ777205.1	374
KJ777206.1	374
KJ777207.1	389
KJ777208.1	374
KJ777209.1	374
KJ777210.1	374
KJ777237.1	374
KJ777238.1	374
KJ777239.1	375
KJ777240.1	374
KJ777241.1	374
KJ777242.1	374
KJ777243.1	374
KJ777244.1	374
KJ777245.1	374
KJ777246.1	374
KJ777247.1	374
KU720159.1	353
KX057861.1	378
KX057867.1	380
KY306487.1	417
KY306488.1	385
KY306489.1	375
KY306490.1	375
KY306494.1	377
KY306498.1	402
KY306499.1	376
KY306500.1	378
KY306502.1	379
KY306503.1	379
KY306506.1	377
KY306507.1	377
KY306511.1	403
KY306514.1	383
KY306517.1	386
KY306518.1	379
KY306521.1	374
KY306523.1	374
KY306525.1	374
KY306526.1	376
KY306527.1	375
KY306531.1	378
KY306534.1	376
KY306535.1	378
KY306538.1	387
KY306539.1	395
KY306540.1	409
KY306546.1	376
KY306548.1	375
KY306549.1	376
KY306550.1	379
KY306551.1	378
KY306554.1	378
KY306561.1	377
KY306562.1	377
KY306567.1	380
KY306568.1	341
KY306572.1	376
KY306573.1	377
KY306577.1	374
KY321104.1	358
KY321105.1	356
MF987598.1	372
MF987601.1	375
MF987604.1	377
MG906829.1	375
MG906830.1	375
MG906831.1	375
MG906832.1	375
MG906834.1	374
MG906837.1	374
MG906847.1	376
MG906848.1	375
MG949290.1	378
MG949295.1	359
MG949301.1	376
MG949308.1	387
MG949312.1	385
MG949315.1	377
MG949316.1	376
MG949321.1	375
MG949337.1	378
MG949340.1	376
MG949354.1	378
MG949356.1	378
MG949363.1	376
MG949374.1	377
MG949377.1	387
MG949384.1	404
MH535138.1	376
MH535141.1	377
MH535150.1	377
MH535151.1	377
MH535152.1	378
MH535153.1	378
MH535159.1	377
MH535179.1	378
MN992815.1	378
MN992816.1	378
MN992818.1	378
MN992819.1	378
MN992820.1	378
MN992821.1	378
AF513690.1	397
AF513691.1	377
AF513692.1	382
AF513693.1	392
AF513694.1	384
AF513695.1	380
AF513696.1	375
AF513698.1	376
AF513699.1	375
AY955781.1	380
AY955784.1	378
AY955801.1	385
EF566982.1	374
KJ777211.1	374
KJ777212.1	374
KJ777213.1	374
KJ777214.1	375
KJ777215.1	374
KJ777216.1	375
KJ777217.1	374
KJ777219.1	375
KJ777220.1	375
KJ777275.1	375
KJ777276.1	376
KJ777277.1	376
KJ777278.1	375
KJ777279.1	375
KX057884.1	377
KX057885.1	377
KX057905.1	364
KY306575.1	374
KY306576.1	374
KY306578.1	310
KY306579.1	310
KY306580.1	390
KY306582.1	376
KY306584.1	376
KY306585.1	376
KY306590.1	374
KY306593.1	374
KY306595.1	374
KY306596.1	393
KY306597.1	368
KY306599.1	377
KY306604.1	388
KY306605.1	384
KY306614.1	338
KY306615.1	367
KY306617.1	375
KY306618.1	374
KY306621.1	376
KY306623.1	374
KY306626.1	350
KY306628.1	343
KY306629.1	373
KY306631.1	389
KY306632.1	375
KY306635.1	381
KY306636.1	381
KY306638.1	375
KY306639.1	378
KY306641.1	377
KY321069.1	337
KY321073.1	323
KY321080.1	277
MF987613.1	374
MF987632.1	375
MG906853.1	374
MG906860.1	375
MG949297.1	375
MG949298.1	375
MG949302.1	384
MG949303.1	375
MG949305.1	374
MG949311.1	378
MG949313.1	375
MG949322.1	381
MG949328.1	381
MG949336.1	381
MG949339.1	388
MG949362.1	374
MG949365.1	375
MG949369.1	375
MG949371.1	384
MG949372.1	374
MG949373.1	311
MG949378.1	349
MG949383.1	374
MG949386.1	370
MH535211.1	374
MH535212.1	374
MH535216.1	373
AY955774.1	380
AY955775.1	380
AY955795.1	377
AY955813.1	360
AY955818.1	410
AY955824.1	371
GQ888941.1	419
KY306645.1	351
KY306648.1	385
KY306649.1	385
KY306651.1	375
KY306656.1	367
KY306658.1	358
MG949376.1	360
MK095538.1	419
ON922884.1	373
PP577811.1	362
AF513662.1	436
AF513700.1	404
AF513701.1	391
AF513702.1	392
AF513703.1	392
AF513704.1	392
AF513705.1	393
AF513706.1	393
KY306662.1	393
KY306663.1	343
KY306664.1	378
MG949338.1	404
MG949358.1	392
MG949370.1	405
MG949385.1	392
MT923392.1	339
KR083266.1	391
KR083267.1	392
KR083320.1	391
KR083321.1	391
KR150632.1	391
ON694120.1	371
JF332126.1	364
KR816314.1	365
KT825438.1	358
KT825444.1	358
KT825449.1	358
KT825451.1	358
KT825452.1	358
KT825455.1	359
KT825457.1	358
KT825470.1	358
KU164819.1	375
KU898288.1	376
KU898301.1	374
KU898305.1	373
KU898332.1	379
KX789291.1	373
MF954068.1	376
MW023964.1	375
MW023974.1	374
AF470487.1	376
GU556663.1	361
KT825414.1	358
KT825423.1	358
KT825425.1	358
KT825426.1	358
KY239261.1	358
MF285480.1	373
AY870100.1	356
KF318916.1	359
KF318962.1	359
KY239234.1	363
LN831378.1	420
AF291099.1	359
EF660549.1	312
KM113803.1	335
KM113804.1	335
KM113805.1	335
KM113806.1	335
KP842277.1	367
LN831352.1	420
LN831355.1	420
LN831357.1	420
LN831359.1	420
LN831387.1	420
LN831389.1	420
LN831390.1	420
LN831392.1	420
LN831401.1	420
LN831409.1	420
LN831414.1	420
MN332400.1	359
KM589256.1	389
KM589257.1	389
KM589258.1	389
KM589262.1	389
KM589267.1	389
KM589270.1	389
KM589272.1	389
KM589274.1	389
KM589276.1	389
KR364563.1	391
KY584377.1	336
LN831354.1	420
LN831358.1	420
LN831360.1	420
LN831361.1	420
LN831362.1	420
LN831367.1	420
LN831371.1	420
LN831373.1	420
LN831374.1	420
LN831375.1	420
LN831376.1	420
LN831379.1	420
LN831380.1	420
LN831381.1	420
LN831382.1	420
LN831383.1	420
LN831386.1	420
LN831391.1	420
LN831398.1	420
LN831399.1	420
LN831407.1	420
LN831412.1	420
LN831413.1	420
LN831415.1	420
LN831416.1	420
LN831417.1	420
LN831418.1	420
LN831420.1	420
LN831422.1	420
LN831423.1	420
LN831425.1	420
LN831426.1	420
LN831427.1	420
LN831431.1	420
MN826051.1	348
MN826052.1	348
MW669313.1	370
KU832439.1	388
MN317928.1	366
KM215343.1	325
KM215344.1	325
KM215345.1	325
KM215346.1	325
KM215347.1	323
KM215348.1	323
KM215349.1	322
KM215350.1	323
KM215352.1	322
KM215353.1	323
KM215354.1	322
KM215355.1	324
KM215356.1	325
KM215357.1	324
KM215359.1	323
KM215362.1	324
KM215363.1	322
KM215364.1	324
KM215365.1	323
KM215366.1	323
KM215367.1	323
KM215371.1	324
KM215373.1	323
KM215375.1	323
KM215376.1	323
KM215377.1	323
KM215378.1	322
KM215379.1	324
MH014695.1	311
PV704837.1	358
AF313017.1	340
KX873085.1	353
MH710752.1	375
AY102779.1	397
AY102780.1	397
AY102781.1	397
AY102782.1	397
KP737538.1	387
KP737562.1	387
KP737575.1	384
KP737576.1	384
KP737577.1	384
KP737588.1	386
KP737590.1	386
KP737591.1	386
KP737592.1	386
KP737597.1	386
KP737600.1	386
KP737601.1	386
KP737602.1	386
KP737603.1	386
KP737604.1	386
KP737605.1	386
KP737606.1	386
KP737607.1	386
KP737608.1	386
KP737609.1	386
KP737625.1	386
KP737626.1	384
KP737627.1	384
KP737630.1	385
KP737631.1	385
KU832426.1	387
LC421224.1	349
LC421225.1	349
MN257669.1	400
OR531493.1	364
AF303702.1	378
AF303703.1	376
AF303705.1	377
AF303710.1	376
AF303712.1	366
AF303713.1	366
AF303714.1	375
AF303715.1	375
AF303716.1	375
AF303717.1	375
AF303718.1	375
AF303719.1	375
AF303720.1	375
AF303721.1	375
AF303722.1	375
AF303723.1	375
AF303724.1	375
AF303725.1	375
AF303726.1	375
AF303727.1	375
AF303728.1	375
AF303729.1	375
AF303730.1	371
AF303731.1	370
EF041512.1	375
JF807684.1	376
FM204691.1	318
HM042451.1	345
HM116990.1	375
JX155102.1	329
KF675949.1	330
KF675951.1	328
KP262483.1	366
KP262484.1	366
KP262485.1	366
KP262486.1	366
AF313021.1	340
AF313023.1	340
AF313024.1	339
AF313027.1	358
AF313028.1	357
AF313029.1	357
AF313032.1	358
AF313034.1	372
AY673619.1	340
JX313378.1	398
KM382191.1	363
KM382200.1	364
MT923829.1	340
PP058387.1	380
AF312995.1	312
AF312996.1	312
AF312997.1	312
AF312998.1	312
AF312999.1	312
AF313000.1	312
AF313003.1	313
AF313004.1	313
AF313005.1	313
AF313006.1	339
AF313007.1	339
AF313008.1	339
AF313009.1	340
AF313010.1	341
AF313011.1	341
AF313013.1	341
AF313014.1	344
AF313015.1	340
AF313016.1	341
AF313018.1	340
AF313019.1	341
AF313020.1	341
AF313022.1	340
AF313025.1	360
AF313026.1	360
AF313030.1	359
AF313031.1	358
AF313035.1	360
AF313040.1	312
AF509810.1	341
AY673621.1	340
AY673622.1	340
AY741516.1	314
AY741526.1	338
AY850094.1	339
AY850095.1	339
AY850096.1	340
AY850098.1	339
AY850101.1	338
AY850102.1	339
AY850103.1	339
AY850104.1	339
DQ227329.1	313
KJ630587.1	313
MN826014.1	327
MN826015.1	327
MN826037.1	324
MT923824.1	340
KR150145.1	372
MT923838.1	377
PV900019.1	376
PV900020.1	376
MT923847.1	371
MH710791.1	370
JQ067139.1	371
JQ067145.1	375
JQ067217.1	370
JQ067257.1	375
JQ067308.1	370
JQ067323.1	378
JQ067324.1	371
JQ067333.1	373
KX057850.1	370
KX057851.1	370
KX057853.1	377
KX057858.1	370
KX057859.1	370
KR704951.1	391
KR704952.1	391
KR704953.1	391
KR704954.1	391
KR704955.1	391
KR704956.1	391
KR704957.1	391
KR704958.1	391
KR704959.1	391
KR704960.1	391
KR704961.1	391
KR704962.1	391
KR704963.1	391
KR704964.1	391
KR704965.1	391
KR704966.1	391
KR704967.1	391
KR704968.1	391
KR704969.1	391
KR704970.1	391
KR704971.1	391
KR704972.1	391
KR704973.1	391
KR704974.1	391
KR704975.1	391
KR704976.1	391
KR704977.1	391
KR704978.1	391
KR704979.1	391
PX279283.1	355
KP185119.1	388
MN199980.1	348
FJ010793.1	364
LN515408.1	375
KP878339.1	400
KX897896.1	352
KX897897.1	352
KX897898.1	352
KX897899.1	352
KX897900.1	352
KX897901.1	352
KX897902.1	352
KX897903.1	352
KX897904.1	352
KX897905.1	352
KX897906.1	352
KX897907.1	352
KX897908.1	352
KX897909.1	352
KX897910.1	352
KX897911.1	352
KX897912.1	352
KX897913.1	352
KX897914.1	352
KX897915.1	352
KX897916.1	352
KX897917.1	352
KX897918.1	352
KX897919.1	352
KX897920.1	352
KX897921.1	352
KX897922.1	352
KX897923.1	352
KX897924.1	352
KX897925.1	352
KX897926.1	352
KX897927.1	352
KX897928.1	352
KX897929.1	352
KM521840.1	386
KM521841.1	387
KM521842.1	386
KM521843.1	387
KM521845.1	387
KM521846.1	386
KM521847.1	386
KM521848.1	386
KR364538.1	400
KR364540.1	399
KR364541.1	399
KR364543.1	398
KR364544.1	399
KR364545.1	401
KR364549.1	398
KR364550.1	401
KR364551.1	401
KR364553.1	399
KX897930.1	352
KX897931.1	352
KX897932.1	352
KX897933.1	352
KX897934.1	352
KX897935.1	352
MH478024.1	379
MH478025.1	379
MH478043.1	381
MZ663868.1	398
MZ663869.1	398
MZ663871.1	398
MZ663873.1	400
MZ663874.1	399
PV810077.1	377
PV810078.1	377
PV810079.1	377
HG004800.1	375
HG004840.1	399
HG004878.1	370
HG004883.1	372
HQ718980.1	384
HQ718983.1	377
HQ718993.1	383
HQ718994.1	383
HQ718999.1	376
HQ719000.1	376
HQ719005.1	373
HQ719007.1	371
HQ719014.1	372
HQ719028.1	372
HQ719029.1	373
HQ719031.1	372
HQ719032.1	372
HQ719035.1	374
HQ719036.1	374
HQ719038.1	372
HQ719039.1	372
HQ719040.1	372
HQ719041.1	372
HQ719042.1	372
HQ719043.1	372
HQ719044.1	372
HQ719045.1	372
HQ719046.1	372
HQ719048.1	372
HQ719060.1	372
HQ719061.1	372
HQ719063.1	372
HQ719064.1	372
HQ719065.1	372
HQ719066.1	372
KR364560.1	387
KR364566.1	408
MZ663870.1	399
MZ663872.1	399
MZ663941.1	387
MZ663942.1	387
MZ663943.1	387
MZ663944.1	388
MZ663945.1	387
MZ663946.1	398
MZ663947.1	398
MZ663948.1	398
MZ663949.1	387
EF108407.1	365
MK356173.1	363
MK356174.1	363
MK356175.1	363
MW025102.1	366
MW025103.1	366
MW025104.1	366
AB618102.1	397
AB618103.1	397
AB618104.1	400
KC779722.1	369
KX057873.1	375
MW463318.1	367
PV661557.1	351
KR350158.1	374
KR350162.1	387
KX057903.1	333
MF944262.1	370
MF944398.1	369
MF944399.1	371
MF944400.1	360
MF944403.1	371
MF944405.1	367
MF944407.1	371
MF944412.1	371
MF944413.1	371
JX862572.1	372
KP698827.1	356
KP698828.1	356
KP698829.1	356
KP698830.1	356
MT548763.1	356
MT548764.1	356
MT548765.1	356
MT548766.1	356
MT548767.1	356
MT548768.1	356
MT023955.1	355
OM112098.1	367
MF543744.1	295
MF543745.1	295
MF543746.1	295
MF543747.1	295
KY971425.1	386
KY971426.1	386
KY992422.1	386
KY992439.1	386
KY992441.1	386
OM992286.1	384
OM992287.1	384
OQ099822.1	350
KY971391.1	366
KY971427.1	386
FJ907080.1	326
FJ907081.1	326
KP738137.1	345
KP738147.1	345
KP738153.1	345
KP738154.1	355
MH710879.1	371
JX233767.1	366
KF747804.1	354
KF747805.1	354
KP012335.1	351
KP012337.1	351
KP012339.1	351
KP012340.1	351
KP012342.1	351
KP012346.1	351
KP012348.1	351
KP012349.1	350
KP012351.1	352
KP012352.1	351
KP012355.1	351
KP012357.1	352
KP012358.1	351
KP012359.1	349
KP012360.1	348
KP012361.1	349
KP012362.1	349
KP012363.1	349
KP012364.1	349
KP012365.1	349
KP012366.1	349
KP012367.1	349
KP012368.1	349
KP012369.1	349
KP012370.1	349
KP012371.1	349
KP012372.1	350
KP012373.1	349
KP012374.1	349
KP012375.1	349
KP012377.1	349
KP012378.1	349
KP012379.1	349
KP012456.1	353
KP012457.1	358
KP012458.1	355
KP012459.1	355
KP012460.1	355
KP012470.1	360
KP012471.1	360
KP012472.1	359
KP012473.1	359
KP012477.1	359
KP012478.1	359
KP012479.1	360
KP012481.1	359
KP012482.1	362
KP012483.1	362
KP012484.1	362
KP012489.1	360
KP012492.1	357
KP012493.1	356
KP100288.1	376
KP159322.1	328
KR816545.1	361
KR816548.1	360
KR816549.1	358
KR816551.1	356
KR827578.1	349
KR827579.1	349
KR827580.1	349
KR827581.1	349
KR827582.1	349
KR827583.1	349
KR827584.1	349
KR827585.1	349
KR827586.1	349
KR827588.1	351
KT366052.1	373
KT366053.1	373
KT366055.1	373
KT366064.1	373
KT366065.1	373
KT366080.1	373
KX844980.1	348
KX844981.1	349
KY084283.1	360
KY084284.1	360
KY988814.1	361
KY988815.1	361
KY988816.1	361
KY988917.1	354
KY988919.1	359
KY988961.1	358
MN332405.1	355
ON391674.1	351
ON391675.1	351
ON391676.1	350
ON391678.1	351
KP015438.1	409
KP015482.1	409
KP015483.1	409
KP015484.1	408
KP015485.1	408
KP015486.1	409
KP015487.1	409
PQ753521.1	362
LC089992.1	393
AB593633.1	363
AB593641.1	368
EF635466.1	401
KY657412.1	323
KY657413.1	323
MN213683.1	368
AY857971.1	385
JX475146.1	473
KY930349.1	380
KY971395.1	386
KY971407.1	380
KY971410.1	383
KY971411.1	383
KY971417.1	383
KY971422.1	386
KY971435.1	386
KY971436.1	386
KY971437.1	386
KY971442.1	386
KY971443.1	386
KY992361.1	380
KY992362.1	379
KY992363.1	380
KY992372.1	386
KY992375.1	386
KY992377.1	381
KY992378.1	381
KY992379.1	380
KY992382.1	387
KY992384.1	387
KY992388.1	386
KY992389.1	386
KY992393.1	386
KY992411.1	386
KY992413.1	386
KY992417.1	386
KY992425.1	386
KY992429.1	386
KY992430.1	386
KY992431.1	386
KY992433.1	386
KY992434.1	386
KY992436.1	386
KY992437.1	378
KY992442.1	386
MG323916.1	365
OR853898.1	356
PV986661.1	356
PP768835.1	355
PP768836.1	355
PV986420.1	356
PV986817.1	356
OL584029.1	388
OL584030.1	392
OR854179.1	355
PV901240.1	354
MK341314.1	379
MK341315.1	379
MK341316.1	379
MK341320.1	379
OL863083.1	367
OL863084.1	367
OL863085.1	367
MK341309.1	379
MK341310.1	378
MK341341.1	357
JF412826.1	364
JF412827.1	364
FM204689.1	375
FM204690.1	374
MN257782.1	374
KP878321.1	398
KP878330.1	398
KP878343.1	399
KP878348.1	399
KP878352.1	399
KP878360.1	399
KP878369.1	398
KP878388.1	400
KP878392.1	397
KP878394.1	399
MN257716.1	399
KP900347.1	417
KP900354.1	418
KP900361.1	416
KP900363.1	415
KP900364.1	415
KP900368.1	416
KP900371.1	415
KP900373.1	415
KP900374.1	415
KP900381.1	415
KP900384.1	415
KP900385.1	417
KP900388.1	416
KP900393.1	414
KP900394.1	414
KP900399.1	418
KP900404.1	417
KP900407.1	416
KP900417.1	415
KP900420.1	416
KP900423.1	413
OM141066.1	353
OM141090.1	353
MN638987.1	386
MN638988.1	386
DQ926734.1	734
DQ926736.1	734
GU139570.1	847
KF217219.1	391
KP212763.1	324
KP212775.1	330
KT958316.1	372
KT958362.1	374
KY306530.1	378
KY858267.1	372
KY858395.1	374
MH535104.1	378
MH535105.1	378
MH535106.1	378
MN638975.1	386
MN638976.1	386
MN638977.1	386
KC425836.1	360
KP871509.1	346
KP871510.1	345
KP871511.1	346
KP871512.1	345
KP871513.1	346
KR046193.1	364
KR046195.1	364
KR046196.1	364
KR046197.1	364
KR046198.1	364
KR046199.1	360
KR046200.1	364
KT709688.1	352
KT709689.1	351
KT709695.1	351
KX687838.1	352
MH321186.1	333
MH321187.1	333
EU841148.1	391
EU841149.1	391
EU841151.1	391
EU841152.1	391
EU841157.1	396
EU841161.1	395
EU841167.1	393
KP212777.1	330
KU182730.1	391
KU182732.1	391
KU182737.1	391
KU182738.1	391
MK034039.1	396
MK034042.1	395
MK034048.1	397
MK034051.1	395
MK034053.1	395
KP878859.1	341
KP878862.1	342
KP878863.1	346
KP878864.1	345
KP878869.1	338
KP878874.1	341
KP878878.1	342
KP878879.1	342
KP878880.1	341
KP878881.1	342
KP878882.1	341
KP878883.1	341
KP878884.1	342
KP878885.1	342
KP878887.1	341
KP878888.1	343
KP878890.1	341
KP878893.1	341
KP878911.1	342
KP878914.1	342
KP878915.1	342
KP878916.1	342
KP878917.1	342
LC090004.1	404
MK988114.1	345
MK988115.1	345
MK988116.1	345
MK988117.1	343
MK988123.1	342
MK988124.1	342
MK988125.1	342
MK988130.1	345
MK988137.1	345
MK988138.1	345
MK988148.1	345
MK988149.1	345
MK988150.1	345
MK988151.1	345
MK988152.1	345
MK988164.1	342
MK988165.1	345
MK988166.1	345
MT923037.1	404
MT923038.1	404
PV900377.1	404
AB120193.1	302
AJ347888.1	374
AJ347889.1	374
AJ347890.1	376
AJ347891.1	374
AJ347893.1	374
AJ347894.1	329
AJ347895.1	374
AJ347896.1	374
AJ347897.1	329
AJ347898.1	376
AJ347899.1	375
AJ347900.1	375
AJ347901.1	375
AJ347902.1	374
AJ347903.1	374
AJ347904.1	374
AJ347905.1	374
AJ347906.1	374
AJ347907.1	373
AJ347908.1	374
AJ347909.1	374
AJ347911.1	300
AJ347912.1	350
AJ347920.1	374
JX233772.1	350
KP878865.1	343
KP878866.1	342
KP878867.1	345
KP878868.1	345
KP878870.1	341
KP878871.1	341
KP878872.1	343
KP878873.1	341
KP878892.1	340
KP878896.1	342
KP878897.1	342
KP878898.1	342
KP878899.1	342
KP878900.1	341
KP878913.1	342
KT709684.1	352
KT709686.1	350
KT709692.1	353
KT709693.1	352
KX687846.1	350
MK920928.1	373
MK988120.1	345
MK988121.1	345
MK988131.1	345
MK988133.1	345
MK988157.1	343
MK988159.1	343
MK988160.1	343
MK988161.1	343
MK988167.1	345
MK988173.1	345
MK988174.1	345
MK988175.1	345
MK988177.1	345
MK988178.1	345
MK988179.1	345
PZ531644.1	399
AY181572.1	343
KR534412.1	393
KR534424.1	393
KR534435.1	393
KR534438.1	392
KR534439.1	388
KR534442.1	397
KR534448.1	382
KR534449.1	393
KR534451.1	416
KR534454.1	394
KR534455.1	385
KR534459.1	386
LC420900.1	843
LC420905.1	843
LC420979.1	844
LC420984.1	844
LC420989.1	844
LC420994.1	844
MF444899.1	399
MF444901.1	399
MZ366386.1	360
KU376274.1	343
KY397493.1	390
AF328801.1	388
AF328802.1	388
AF328806.1	388
AF328808.1	388
AF328809.1	388
AF328810.1	389
AF328811.1	388
AF328812.1	389
AF328813.1	389
AF328815.1	388
AF328816.1	388
AF328817.1	389
AF328818.1	388
AF328819.1	388
AF328824.1	388
AF328825.1	391
AM945212.1	329
FJ381783.1	368
KC633884.1	388
AB593560.1	366
AB593686.1	363
AF350875.1	336
AM939430.1	318
AM939431.1	319
AM939469.1	319
AM939470.1	319
AM939473.1	319
AM939518.1	319
KR150151.1	349
KR150152.1	357
KR150155.1	364
KR150159.1	390
MH711090.1	374
MN213671.1	366
MT117140.1	346
PV643878.1	363
KR827587.1	348
KT223753.1	366
KT223754.1	366
KT825412.1	358
KT825416.1	358
KT825420.1	358
KT825422.1	358
KT825434.1	358
KT825436.1	358
KT825442.1	358
KT825443.1	358
KT825446.1	358
KT825448.1	358
KT825458.1	358
KT825459.1	358
KT825465.1	358
KT825466.1	358
KT825471.1	358
KT825475.1	358
KT825476.1	358
KT825477.1	358
KT825483.1	366
KT825485.1	358
MN825497.1	347
MN825498.1	347
MN825499.1	347
AY052780.1	373
GQ396668.1	373
KU295281.1	374
LC088231.1	367
LC088232.1	367
MF285472.1	374
MF285475.1	371
MF285477.1	374
KX873093.1	355
KX873094.1	355
EU912084.1	356
EU912085.1	357
EU912087.1	357
FJ037799.1	389
KP331430.1	364
KY968819.1	343
MW602134.1	362
MW602141.1	362
OP881293.1	341
OP881294.1	341
OP881295.1	340
OP881296.1	340
OP881297.1	340
OP881298.1	340
OP881299.1	340
OP881307.1	338
AB120212.1	334
KR632775.1	365
AF432943.1	336
AF432946.1	338
AF432947.1	338
AF432948.1	338
AF432949.1	336
AF432950.1	336
AF432951.1	336
AF432952.1	336
AF432954.1	336
AF432955.1	336
AF432956.1	336
AF432959.1	336
AF432979.1	351
AF528491.1	388
DQ451796.1	388
DQ866893.1	366
DQ866899.1	461
DQ866914.1	432
EF660540.1	389
EU352244.1	388
FJ565506.1	336
FJ565529.1	336
FJ565530.1	336
FJ565576.1	336
FJ565600.1	336
FJ565609.1	336
KR534440.1	418
KR534441.1	392
KT334200.1	366
KT334201.1	363
KT334202.1	366
KT334203.1	363
KT334204.1	363
KT334205.1	363
LC090000.1	404
GQ888883.1	371
GQ888884.1	396
KP901145.1	390
KP901146.1	390
KP901147.1	390
KP901151.1	390
KP901153.1	388
KP901154.1	388
KP901155.1	390
KP901159.1	390
KP901166.1	390
KP901169.1	391
KP901172.1	391
KP901173.1	389
KP901175.1	390
KP901188.1	390
KP901191.1	392
KP901192.1	395
KP901195.1	392
KP901199.1	391
AJ812642.1	434
AJ812643.1	415
AJ812648.1	418
AJ812649.1	412
GQ888894.1	415
GQ888897.1	416
GQ888900.1	416
GQ888915.1	417
GQ888954.1	414
GQ888979.1	413
GQ888982.1	411
GQ888983.1	407
GQ888993.1	403
GQ889016.1	412
GQ889027.1	414
GQ889042.1	418
GQ889053.1	355
KP901163.1	391
KP901180.1	392
KP901182.1	392
KP901186.1	390
KP901189.1	390
KU682359.1	385
MK976763.1	411
MK976897.1	418
PV990273.1	431
PV990274.1	431
PV990283.1	431
PV990286.1	431
KP901143.1	389
KP901144.1	389
KP901157.1	390
KP901162.1	391
KP901164.1	389
KP901167.1	393
KP901168.1	390
KP901174.1	390
KP901176.1	390
KP901177.1	390
KP901181.1	392
KP901187.1	389
KP901193.1	396
KP901196.1	395
KP901197.1	395
KP901198.1	395
KP901201.1	390
KP901202.1	389
KT438757.1	314
LN898449.1	325
LN898450.1	323
LN898462.1	323
AF427499.1	397
AF427500.1	412
AF427501.1	409
AF427502.1	420
AF427503.1	443
AF427504.1	372
AF427505.1	401
AF427506.1	416
AF427507.1	398
AF427508.1	410
AF427509.1	423
AF427510.1	417
AF427511.1	413
AF427512.1	408
AF427513.1	410
AF427514.1	409
AF427515.1	379
MT923507.1	387
LC656563.1	390
AF513652.1	376
AF513659.1	418
AF513660.1	412
AF513666.1	381
AF513670.1	403
AF513671.1	403
AF513672.1	400
AF513675.1	403
AF513676.1	400
AF513677.1	398
AF513678.1	402
AF513681.1	401
AF513683.1	400
AF513684.1	400
AF513685.1	368
DQ414852.1	376
DQ414861.1	351
DQ414862.1	351
DQ414863.1	354
DQ414869.1	361
DQ414878.1	368
DQ414889.1	373
DQ414929.1	370
DQ414943.1	371
DQ414981.1	370
KY306509.1	400
KY306510.1	402
KY306512.1	402
KY306570.1	376
MG949294.1	376
MG949379.1	376
MH535213.1	376
MN825816.1	349
MN825817.1	349
MN825818.1	349
MN825819.1	349
MN825820.1	349
MT500599.1	376
PQ636476.1	370
PQ636477.1	370
PQ636478.1	370
PQ636479.1	370
PQ636480.1	370
PQ636481.1	370
PQ636482.1	370
PQ636483.1	370
PQ636484.1	370
PQ636485.1	370
PQ636486.1	370
PQ636487.1	370
PQ636488.1	370
PQ636490.1	370
PQ891797.1	371
PQ891798.1	371
PQ891799.1	371
PQ891800.1	371
PQ891801.1	371
PQ891802.1	371
DQ414857.1	360
DQ414858.1	330
DQ414859.1	349
DQ414867.1	361
DQ414872.1	356
DQ414875.1	372
DQ414876.1	371
DQ414909.1	373
DQ414910.1	373
DQ414923.1	371
DQ414925.1	372
DQ414948.1	373
DQ414962.1	372
DQ414978.1	371
DQ414980.1	370
DQ414991.1	370
MT500591.1	379
MT500592.1	378
MT500654.1	376
PQ636489.1	370
AY752477.1	356
LN607524.1	392
OP881309.1	338
OP881314.1	338
OP881315.1	338
OP881316.1	338
EF108399.1	393
KT958343.1	375
KY858375.1	375
AB290885.1	377
KR534414.1	396
KR534415.1	396
KR534416.1	395
KR534417.1	396
KR534420.1	398
KR534428.1	412
KR534437.1	385
KR534443.1	381
KR534444.1	396
KR534446.1	386
KU164799.1	374
KU164801.1	377
KU164804.1	375
KU164807.1	376
KU164809.1	376
KU164811.1	375
KU164812.1	376
KU164813.1	376
KU164815.1	376
KU164816.1	374
MN795134.1	351
AF432957.1	336
AF432962.1	336
AF432963.1	336
AF432966.1	336
AF432967.1	336
AF432968.1	336
AF432969.1	336
AF432971.1	341
AF432974.1	336
MG321408.1	380
MN114143.1	377
PP577810.1	356
PP577819.1	369
PP577838.1	357
PP577841.1	373
PV809967.1	369
PV810080.1	377
PV821426.1	362
PP577805.1	374
PP577808.1	334
PP577812.1	352
PP577823.1	341
PP577834.1	373
EU282109.1	312
FJ696962.1	393
FJ697044.1	390
FJ697045.1	390
KT361710.1	312
KY968839.1	377
KY968894.1	393
MF440593.1	393
MF440619.1	393
MN889431.1	377
PV298269.1	378
PV298270.1	378
PV298271.1	378
AJ783633.1	352
AJ783635.1	354
KT779117.1	348
KT779121.1	350
AJ783637.1	356
MH685752.1	387
MH711001.1	352
KT387959.1	379
KT387960.1	379
KT387974.1	382
KT387975.1	382
KT387976.1	382
KT387977.1	382
KT387979.1	382
KT387980.1	382
KT387981.1	382
KT387982.1	382
KT387986.1	379
KT387991.1	382
KT387992.1	382
KT387993.1	382
KT387994.1	382
KT387995.1	382
MF944330.1	371
MT500677.1	376
KP904135.1	350
KP904137.1	350
KP904138.1	350
KP904139.1	344
KP904140.1	350
KP904141.1	350
KP904142.1	350
KP904143.1	350
KP904144.1	350
KP904145.1	350
KP904146.1	350
KP904147.1	350
KP904149.1	350
KP904151.1	351
KP904156.1	345
KU295252.1	373
KU295253.1	373
KU295257.1	373
KU295262.1	373
KU295263.1	373
KU295269.1	374
KU295271.1	373
KU295276.1	374
KU295277.1	373
KU295286.1	377
KU295287.1	375
MH685751.1	383
MT137794.1	844
MT137795.1	844
MT137796.1	845
MT137797.1	844
MT137798.1	844
MT137799.1	844
MT137800.1	844
MT137801.1	844
MT137802.1	844
MT137803.1	844
KP794318.1	369
KP794319.1	369
KP794320.1	369
KP794321.1	369
KP794325.1	372
KP794328.1	372
KP794329.1	372
KP794331.1	372
KP794332.1	371
KP794333.1	371
KP794335.1	371
KP794338.1	371
KP794344.1	371
KP794348.1	374
KP794349.1	374
KP794351.1	376
KP794355.1	376
KP794357.1	371
KP794358.1	371
KP794359.1	371
KP794360.1	371
KP794368.1	374
KP794370.1	374
KP794372.1	374
KP794373.1	374
KP794376.1	371
KP794378.1	371
KP794381.1	370
KP794383.1	370
KP794390.1	370
KP794391.1	339
KP794392.1	371
KP794393.1	371
KP794394.1	373
KP794395.1	373
KP794396.1	372
KP794408.1	370
KP794409.1	370
KP794410.1	370
KP794411.1	372
KP794412.1	372
KP794413.1	372
KP794414.1	372
KP794415.1	372
KP794423.1	381
KP794429.1	377
KP794431.1	377
KP794434.1	374
KP794437.1	372
KP794438.1	372
KP794439.1	372
KP794441.1	373
KP794443.1	380
KP794452.1	359
KP794453.1	358
KP794457.1	380
KP967083.1	384
KP967112.1	382
OM886427.1	339
KP794326.1	372
KP794327.1	372
KP794334.1	371
KP794336.1	371
KP794337.1	371
KP794339.1	371
KP794345.1	371
KP794346.1	373
KP794347.1	373
KP794350.1	374
KP794352.1	376
KP794353.1	376
KP794354.1	375
KP794356.1	374
KP794366.1	374
KP794367.1	374
KP794369.1	374
KP794371.1	374
KP794374.1	374
KP794375.1	371
KP794379.1	371
KP794380.1	371
KP794388.1	375
KP794389.1	370
KP794399.1	371
KP794400.1	371
KP794401.1	371
KP794402.1	371
KP794421.1	371
AM234071.1	374
AM234129.1	373
AM234138.1	374
EF041515.1	377
KU164802.1	375
OM060346.1	377
OM218675.1	378
OM218684.1	378
OM218692.1	375
OM218695.1	373
PP049791.1	373
KP858796.1	388
KT438750.1	314
KT438756.1	314
KT438762.1	314
AB593575.1	367
HG004824.1	411
JQ248904.1	351
KC200578.1	351
KC200598.1	349
KC200825.1	364
KC201136.1	350
KC955558.1	362
KC955559.1	362
KC955661.1	351
KC955682.1	350
OP537840.1	375
DQ926722.1	729
DQ926723.1	729
KR134009.1	372
KR134010.1	372
KR134012.1	426
KR134013.1	426
KR134014.1	426
KR134015.1	372
KR134028.1	372
KR134029.1	372
KR134030.1	372
KR134031.1	372
KR134032.1	372
KR134034.1	372
KR134035.1	372
KR134037.1	372
KR134038.1	372
KR134039.1	372
KR134040.1	424
KR134041.1	372
KR134042.1	372
KR134043.1	372
KR134044.1	372
KR134045.1	372
KR134046.1	372
KR134047.1	374
KR134048.1	374
KR134049.1	374
KR134050.1	374
KR134055.1	373
KR134056.1	373
KR134057.1	373
KR134089.1	376
KR134090.1	376
KR134091.1	376
KR134092.1	376
KR134093.1	372
KR134094.1	372
KR134099.1	372
KR134100.1	372
KR134101.1	372
KR134102.1	372
KR134103.1	372
KR134104.1	372
KR134105.1	372
KR134110.1	376
KR134111.1	372
KR134112.1	372
KR134113.1	372
KR134116.1	373
KR134119.1	372
KX130187.1	771
KX130195.1	774
KX130208.1	774
KX130213.1	774
KX130214.1	774
KX130223.1	773
KX130225.1	771
KX130226.1	771
KX130230.1	773
KX130260.1	771
KX130268.1	604
KX130273.1	771
KX130291.1	771
AB593511.1	368
AB593515.1	363
AB593554.1	366
AB593563.1	367
AB847640.1	365
AB847645.1	365
PQ804168.1	365
KX873120.1	346
KX873125.1	346
AM745935.1	353
AM745936.1	353
AY936660.1	353
AY936661.1	354
KT387949.1	382
KT387950.1	382
KT387951.1	382
KT387971.1	382
KT387972.1	382
KT387978.1	382
KT387983.1	382
KT387984.1	382
KT387987.1	383
KT387990.1	383
KR816304.1	363
KR816306.1	360
KR816307.1	361
KR816310.1	360
KR816311.1	360
KR816315.1	360
MZ578145.1	356
MZ578146.1	355
AJ420994.1	360
AJ420995.1	371
AJ420996.1	371
AJ420997.1	366
AJ420998.1	366
AJ421000.1	367
AJ421002.1	328
AJ421003.1	323
AM945196.1	330
JQ306426.1	353
JX155068.1	332
JX155072.1	330
JX155075.1	330
JX155076.1	330
JX155082.1	328
KY084288.1	354
OL863102.1	367
KC175914.1	380
MT160372.1	391
ON684463.1	381
ON684472.1	381
OQ831659.1	380
AJ421034.1	324
AJ421035.1	319
AJ421036.1	321
AJ421037.1	322
AJ421038.1	323
AJ421039.1	322
AJ421040.1	324
AJ421041.1	324
AJ421042.1	323
JF301404.1	324
KR087509.1	384
KR087511.1	384
KR087512.1	385
KR087513.1	384
KR087516.1	384
KR087521.1	383
KR087524.1	384
KR087526.1	384
KR087527.1	383
KR087529.1	383
KR087530.1	384
KR087532.1	382
KR087533.1	384
KR087534.1	384
KR087536.1	384
KR087537.1	384
KR087540.1	385
KR087541.1	384
KR087543.1	384
KR087544.1	384
KR087548.1	384
KR087549.1	384
KR087550.1	384
KR087551.1	384
KR087552.1	382
KR087553.1	387
KR087555.1	385
KR087556.1	385
KT634250.1	356
MH229886.1	395
MH229887.1	395
MH229888.1	395
MH229889.1	395
MH229894.1	395
MH229895.1	395
MH229896.1	395
MH229897.1	395
MH229898.1	395
MH229899.1	395
MH229900.1	395
AB593530.1	366
OP599641.1	403
OP599647.1	403
DQ314163.1	378
KY782390.1	386
KY782499.1	385
KY782500.1	385
MZ663842.1	398
MZ663843.1	382
MZ663844.1	399
MZ663845.1	402
MZ663846.1	399
MZ663847.1	388
MZ663848.1	398
MZ663849.1	388
MZ663850.1	378
MZ663851.1	399
MZ663852.1	398
MZ663853.1	399
MZ663854.1	378
MZ663855.1	399
MZ663856.1	398
MZ663857.1	398
EU331132.1	353
PV661550.1	391
MF871658.1	396
MG779417.1	394
MH626413.1	316
HQ665024.1	352
HQ665025.1	352
HQ665026.1	352
JF332092.1	359
JF332111.1	357
KR083053.1	389
KR083054.1	392
KR083056.1	392
KR083061.1	391
KR083066.1	338
KR083067.1	372
KR083069.1	382
KR083070.1	383
KR083071.1	380
KR083072.1	383
KR083073.1	383
KR083078.1	386
KR083082.1	392
KR083083.1	388
KR083086.1	393
KR083091.1	388
KR083097.1	400
KR083098.1	408
KR083099.1	398
KR083100.1	401
KR083101.1	392
KR083164.1	391
KR083167.1	391
KR083169.1	392
KR083186.1	391
KR083187.1	394
KR083190.1	391
KR083194.1	391
KR083199.1	391
KR083200.1	391
KR083205.1	391
KR083206.1	394
KR083212.1	391
KR083233.1	394
KR083249.1	394
KR083253.1	394
MW075484.1	343
MW075485.1	343
KR083092.1	387
KR083173.1	394
KR083176.1	391
KR083188.1	392
KR083189.1	392
KR083191.1	391
KR083192.1	391
KR083204.1	391
KR083208.1	391
KR083209.1	391
KR083213.1	391
KR083215.1	391
KR083217.1	391
KR083218.1	391
KR083222.1	391
KR083224.1	391
KR083225.1	391
KR083231.1	391
KR083240.1	391
KR083248.1	391
KR083252.1	392
KR083254.1	391
KR083256.1	391
KR083259.1	391
KR083260.1	391
KR083264.1	393
KR083265.1	393
KR083269.1	391
KR083286.1	391
KR083294.1	391
KR083298.1	391
KR083300.1	391
KR083301.1	391
KR083302.1	391
KR083303.1	391
KR083304.1	391
KR083305.1	391
KR083312.1	392
KR083313.1	392
KR083314.1	391
KR083315.1	392
KR150630.1	391
KR150637.1	391
MG232755.1	335
MZ927392.1	323
FJ605223.1	355
KR083170.1	394
KR083211.1	394
KR083241.1	390
KR083268.1	391
KR083271.1	394
KR092937.1	380
KR092938.1	380
KR092941.1	381
KR092942.1	379
KR092946.1	381
KR092947.1	381
OK271417.1	378
OP798439.1	368
OP798440.1	368
OP798441.1	368
OP798673.1	374
OP798674.1	374
OP798676.1	374
KR150624.1	391
KR150633.1	391
KR150639.1	391
KT751419.1	374
KT751421.1	374
KT751422.1	375
KT751423.1	368
KT751430.1	363
KT751431.1	374
KT751433.1	367
KT751437.1	380
KT751444.1	366
KT751447.1	366
KT751448.1	378
KT751449.1	371
KT751450.1	374
KT751455.1	368
KT751456.1	376
KT751457.1	367
KT751459.1	373
KT751463.1	367
KT956864.1	376
KT956865.1	364
OP798672.1	374
EF545664.1	380
KR150626.1	391
KR150627.1	391
ON033151.1	394
AY063417.1	356
AY063418.1	354
AY063419.1	356
AY063420.1	356
AY063421.1	356
AY063422.1	356
AY063423.1	356
AY063424.1	356
AY063425.1	356
AY063426.1	356
AY063427.1	355
AY063428.1	355
AY063429.1	354
DQ210235.1	355
DQ210545.1	354
KR870335.1	429
KR870336.1	373
KR870337.1	428
KR870338.1	380
KR870339.1	379
KR870340.1	427
KR870341.1	427
KR870343.1	427
KU295787.1	343
KU295796.1	344
KU295798.1	342
KU948545.1	381
KX434449.1	355
KX434450.1	355
MG008342.1	349
MZ736804.1	356
MZ736805.1	356
MZ736811.1	356
MZ736812.1	356
MZ736813.1	356
MZ736814.1	356
MZ736815.1	356
MZ736816.1	357
DQ210385.1	354
DQ926748.1	740
DQ926749.1	736
KR350143.1	378
KR350146.1	377
KR350148.1	374
KR350149.1	374
KR350150.1	376
KR350151.1	376
KR350153.1	374
KR350154.1	374
KR350155.1	376
KR350156.1	376
KR350157.1	376
KR350159.1	374
KR350160.1	376
KR350163.1	381
KR350164.1	376
KR350166.1	376
KR350168.1	376
KR350169.1	374
KR350170.1	376
KR350171.1	376
KR350172.1	376
KR350173.1	375
KR350174.1	376
KR350175.1	376
KR350176.1	374
KR350177.1	374
KU963316.1	330
KU963325.1	331
MF944279.1	376
MF944280.1	376
MF944281.1	376
MF944333.1	376
MF944353.1	381
HQ859046.1	387
KU832330.1	386
KU832338.1	383
KU832341.1	390
KU832342.1	387
KU832343.1	393
KU832344.1	387
KU832347.1	387
KU832348.1	387
KU832352.1	387
KU832353.1	389
KU832355.1	387
KU832356.1	387
KU832360.1	386
KU832361.1	387
KU832363.1	387
KU832364.1	387
KU832366.1	387
KU832369.1	388
KU832370.1	388
KU832373.1	387
KU832377.1	387
KU832381.1	387
KU832383.1	388
KU832384.1	389
KU832386.1	387
KU832387.1	386
KU832391.1	387
KU832395.1	387
KU832396.1	387
KU832397.1	387
KU832398.1	389
KU832399.1	386
KU832400.1	387
KU832402.1	387
KU832403.1	387
KU832404.1	387
KU832405.1	386
KU832406.1	391
KU832408.1	387
KU832409.1	387
KU832410.1	387
KU832415.1	387
KU832416.1	387
KU832419.1	390
KU832420.1	390
KU832422.1	390
KU832423.1	387
KU832425.1	387
KU832428.1	387
KU832429.1	387
KU832431.1	390
KU832433.1	388
KU832434.1	387
KU832436.1	392
KU832437.1	387
KU832438.1	387
KU832444.1	387
KU832446.1	382
KU832449.1	387
KU832451.1	387
KU832452.1	387
KU832453.1	389
KU832454.1	387
KU832455.1	382
KU832461.1	387
KU832462.1	387
KU832463.1	387
KU832465.1	387
KU832466.1	387
KU832468.1	388
KU832472.1	386
KU832473.1	388
KU832551.1	384
KU863006.1	387
PV434874.1	387
PV434876.1	387
EF108403.1	397
EF108404.1	390
FJ696961.1	392
FJ697003.1	388
FJ697004.1	388
FJ697005.1	388
KU832474.1	383
KU832475.1	386
KU832476.1	387
KU832478.1	386
KU832480.1	387
KU832482.1	388
KU832483.1	386
KU832485.1	386
KU832487.1	389
KU832488.1	390
KU832489.1	387
KU832490.1	387
KU832492.1	387
KU832494.1	387
KU832498.1	387
KU832500.1	387
KU832501.1	387
KU832506.1	389
KU832507.1	382
KU832509.1	385
KU832511.1	387
KU832514.1	387
KU832517.1	387
KU832522.1	387
KU832526.1	387
KU832527.1	388
KU832529.1	387
KU832530.1	387
KU832531.1	387
KU832535.1	387
KU832536.1	386
KU832538.1	387
KU832539.1	387
KU832540.1	388
KU832541.1	390
KU832543.1	362
KU832544.1	387
KU832545.1	389
KU832546.1	389
KU832548.1	387
KU832549.1	387
KU832552.1	389
KU832553.1	387
KU832554.1	387
KU832555.1	387
KU832556.1	387
KU832558.1	395
KU832559.1	388
KU832560.1	385
KU832565.1	387
KU832566.1	387
KU832569.1	383
KU832575.1	387
KU832576.1	387
KY110806.1	386
KY968852.1	397
PV173793.1	387
FJ527609.1	386
HM116981.1	429
HM116982.1	386
KU145731.1	460
KU145771.1	460
KU832390.1	387
MN257760.1	431
MN257800.1	432
AB593599.1	366
KF993464.1	309
KF993465.1	384
KT989572.1	370
KT989573.1	370
MT023950.1	352
MT923471.1	356
AM234139.1	381
JN560209.1	333
JQ230339.1	377
KX000301.1	388
KX000302.1	388
KX000303.1	389
MH626412.1	320
KT354878.1	385
KT354879.1	386
KU898289.1	373
KU898290.1	374
KU898291.1	373
KU898292.1	373
KU898293.1	374
KU898294.1	373
KU898295.1	375
KU898296.1	376
KU898297.1	373
KU898298.1	373
KU898299.1	373
KU898300.1	373
KU898302.1	373
KU898304.1	378
KU898306.1	373
KU898307.1	373
KU898308.1	373
KU898309.1	373
KU898310.1	373
KU898311.1	376
KU898315.1	376
KU898316.1	374
KU898317.1	374
KU898318.1	373
KU898319.1	374
KU898320.1	375
KU898321.1	374
KU898322.1	374
KU898323.1	374
KU898324.1	373
KU898325.1	374
KU898326.1	374
KU898327.1	374
KU898328.1	373
KU898329.1	374
KU898330.1	375
KU898331.1	373
KU898333.1	373
LC458462.1	386
LC458463.1	386
MF954054.1	375
MF954060.1	373
MW023989.1	375
PV704865.1	361
AY102773.1	396
AY894518.1	396
AY894519.1	396
AY894520.1	396
KT354880.1	386
KT354881.1	386
MK356155.1	365
MK356156.1	365
MK356157.1	365
PX673500.1	370
PX673501.1	370
PX673502.1	370
PX673503.1	370
AY554404.1	334
AY554405.1	332
KT364079.1	339
KT364085.1	340
KT364101.1	340
KR534447.1	392
KT696031.1	415
LT574822.1	352
LT574823.1	352
MN551464.1	352
AJ548973.1	359
AY101897.1	360
AY101903.1	359
LT574825.1	352
MT384042.1	346
MT923493.1	351
MT923494.1	353
MT923679.1	372
PV900969.1	381
FJ696977.1	391
FJ696979.1	391
FJ696980.1	391
FJ696981.1	391
FJ697060.1	388
FJ697061.1	391
FJ697062.1	388
FJ697063.1	388
FJ697064.1	388
FJ697065.1	388
FJ697066.1	391
FJ697072.1	392
FJ697073.1	392
MN625362.1	394
MN625397.1	394
MN625419.1	394
EF108402.1	394
EF114670.1	394
FJ696963.1	390
KX872970.1	353
KX872982.1	353
KX872983.1	353
KT006783.1	369
KT006793.1	366
KT006794.1	368
HQ647233.1	354
KY417931.1	387
KY417932.1	387
KY417946.1	388
HG004819.1	375
JQ899015.1	337
KR922351.1	351
KR922352.1	351
KR922353.1	351
KR922354.1	351
KR922355.1	351
KR922356.1	351
KR922357.1	351
KR922358.1	351
KR922359.1	351
KR922360.1	351
KR922361.1	351
KR922362.1	351
KR922363.1	351
KR922364.1	351
KR922365.1	351
KR922366.1	351
KR922367.1	351
KR922368.1	351
OR531499.1	335
OR531500.1	353
OR531501.1	353
OR531502.1	353
OR531503.1	353
AJ584795.1	348
AJ616330.1	372
KJ411663.1	368
KP737539.1	384
KP737540.1	384
KR997866.1	330
AY554400.2	323
AY558827.2	336
HG004803.1	366
KJ411685.1	367
KY306495.1	377
MG949361.1	374
MZ366431.1	358
KX434448.1	353
KX434451.1	353
KX954883.1	367
KX954884.1	364
KX954885.1	365
KY397492.1	392
MK945655.1	363
MZ736832.1	353
PV662235.1	318
AF470489.1	370
AF470491.1	358
AF470493.1	365
AF470494.1	372
AF470507.1	366
AF470508.1	372
AF470515.1	373
AF470519.1	373
AF470523.1	372
AF470524.1	372
KF318915.1	358
KM051442.1	409
KY387918.1	392
LC610892.1	389
LC610895.1	389
LN831430.1	420
EU145391.1	331
EU145392.1	331
EU145393.1	331
EU145394.1	331
KT366054.1	373
KT366058.1	373
KT366059.1	373
KT366060.1	373
KT366062.1	373
KT366068.1	373
KT366070.1	373
KT366071.1	374
KT366072.1	374
KT366073.1	375
KT366076.1	373
KT366079.1	374
KT366081.1	373
KT366082.1	373
KT366083.1	373
KT366084.1	373
KT366088.1	373
KT366089.1	373
KT366090.1	373
KT366091.1	373
KT366092.1	373
KT366095.1	373
KT366099.1	373
KT366101.1	373
MK530524.1	378
MK554637.1	378
KT387948.1	382
KT387952.1	382
KT387953.1	382
KT387954.1	382
KT387955.1	382
KT387956.1	382
KT387957.1	382
KT387958.1	382
KT387962.1	382
KT387963.1	382
KT387964.1	382
KT387965.1	382
KT387966.1	382
KT387967.1	382
KT387968.1	382
KT387973.1	382
KY657373.1	346
KY657374.1	345
KY657375.1	345
KY657416.1	322
KY657417.1	322
KY657418.1	322
KY657433.1	363
KY657434.1	363
KY657435.1	363
KY657436.1	364
OP881269.1	337
OP881313.1	338
MH711132.1	368
MT233446.1	363
MT603971.1	332
PV704851.1	359
AF414461.1	315
AF414463.1	315
AF414464.1	314
AF414465.1	314
AF414466.1	315
AF414467.1	319
AF414468.1	314
AF414469.1	318
AF414470.1	314
AF414472.1	315
AF414473.1	314
AF414477.1	316
AF414482.1	314
AF414485.1	317
AF414489.1	316
AF414490.1	315
AF414492.1	313
AF414493.1	313
AF414494.1	317
AF414506.1	316
AF414507.1	314
AF414508.1	320
AF414509.1	315
AF414510.1	314
AF414511.1	317
AY339683.1	318
KY438096.1	316
KY657364.1	365
KY657366.1	367
KY657367.1	367
KY657377.1	322
KY657380.1	323
KY657381.1	324
KY657383.1	323
KY657386.1	322
KY657387.1	322
KY657388.1	322
KY657389.1	322
KY657390.1	322
KY657392.1	324
KY657393.1	326
KY657394.1	325
KY657395.1	326
KY657397.1	326
KY657399.1	325
KY657400.1	324
KY657402.1	324
KY657403.1	324
KY657404.1	322
KY657407.1	324
KY657408.1	325
KY657409.1	326
KY657410.1	324
KY657420.1	361
KY657421.1	363
KY657423.1	363
KY657424.1	363
KY657427.1	363
KY657428.1	363
KY657429.1	363
KY657431.1	363
KY657437.1	361
KY657438.1	363
KY657439.1	363
KY657440.1	363
KY657441.1	363
KY657442.1	363
KY657443.1	363
KY657444.1	355
KY657445.1	361
KY657446.1	363
KY657447.1	363
KY657451.1	363
AF414462.1	315
AF414471.1	314
AF414478.1	316
AF414479.1	314
AF414480.1	314
AF414483.1	316
AF414484.1	318
AF414491.1	315
AF414498.1	340
AF414504.1	316
JX155080.1	329
KC480533.1	327
KF675926.1	329
KT958365.1	375
KX872954.1	353
KX872955.1	353
KX954989.1	362
LC176597.1	364
AM945217.1	328
KF675957.1	329
KF675961.1	330
KF675962.1	330
KF675963.1	330
KP878891.1	341
KT923820.1	378
KT923822.1	379
KT923823.1	378
KT923824.1	378
KT923825.1	374
KT923826.1	374
KT923828.1	365
KT923829.1	365
KT923830.1	348
KT923831.1	366
KT923839.1	366
KT923841.1	366
KT923843.1	366
KT923844.1	366
KT923846.1	366
KU695540.1	338
KU720153.1	349
KU720154.1	349
KU720155.1	373
KU720156.1	373
KU720157.1	357
KU720158.1	349
KX873166.1	346
KX873184.1	346
KY968855.1	393
MG008688.1	366
MG008693.1	366
OQ449440.1	357
OQ449441.1	357
FR796705.1	391
FR796706.1	391
FR796707.1	391
FR796708.1	391
FR796713.1	391
FR796714.1	391
FR796717.1	391
FR796719.1	391
FR796720.1	391
FR796721.1	391
FR796722.1	391
FR796723.1	391
FR796724.1	391
FR796733.1	391
FR796734.1	391
FR796735.1	391
FR796736.1	391
FR796737.1	391
FR796738.1	391
FR796739.1	391
FR796740.1	391
FR796741.1	391
FR796742.1	391
FR796743.1	391
FR796744.1	391
FR796745.1	391
FR796746.1	391
FR796747.1	391
FR796748.1	391
FR796749.1	391
FR796750.1	391
FR796751.1	391
FR796752.1	391
FR796753.1	391
FR796754.1	391
FR796755.1	391
FR796760.1	391
FR796761.1	391
FR796762.1	391
FR796763.1	391
FR796764.1	391
FR796765.1	391
FR796766.1	391
FR796767.1	391
FR796768.1	391
FR796769.1	391
FR796770.1	391
FR796771.1	391
FR796778.1	391
FR796779.1	391
FR796780.1	391
FR796786.1	391
FR796787.1	391
FR796788.1	391
FR796789.1	391
FR796790.1	391
FR796791.1	391
FR796792.1	391
FR796793.1	391
FR796794.1	391
FR796795.1	391
FR796796.1	391
FR796797.1	391
FR796798.1	391
FR796799.1	391
FR796800.1	391
FR796801.1	391
FR796806.1	391
FR796807.1	391
FR796808.1	391
FR796809.1	391
FR796814.1	391
FR796815.1	391
FR796816.1	391
FR796817.1	391
FR796828.1	391
FR796829.1	391
FR796830.1	391
FR796831.1	391
FR796832.1	391
FR796833.1	391
FR796834.1	391
FR796835.1	391
FR796836.1	391
FR796837.1	391
FR796838.1	391
FR796839.1	391
FR796844.1	391
FR796845.1	391
FR796846.1	391
FR796847.1	391
FR796852.1	391
FR796853.1	391
FR796854.1	391
FR796855.1	391
FR796860.1	391
FR796861.1	391
FR796862.1	391
FR796863.1	391
FR796880.1	391
FR796881.1	391
FR796882.1	391
FR796883.1	391
FR796884.1	391
FR796885.1	391
FR796886.1	391
FR796887.1	391
FR796888.1	391
FR796889.1	391
FR796890.1	391
FR796891.1	391
FR796892.1	391
FR796893.1	391
FR796894.1	391
FR796895.1	391
FR796896.1	391
FR796897.1	391
FR796898.1	391
FR796899.1	391
FR796900.1	391
FR796901.1	391
FR796902.1	391
FR796903.1	391
FR796904.1	391
FR796905.1	391
FR796906.1	391
FR796907.1	391
FR796908.1	391
FR796909.1	391
FR796910.1	391
FR796911.1	391
FR796912.1	391
FR796913.1	391
FR796918.1	391
FR796919.1	391
FR796920.1	391
FR796921.1	391
LM997598.1	391
LM997599.1	391
LM997600.1	391
LM997601.1	391
LM997602.1	391
LM997606.1	391
LM997608.1	391
LM997609.1	391
LM997610.1	391
LM997611.1	391
LM997612.1	391
LM997613.1	391
LM997614.1	391
LM997615.1	391
LM997616.1	391
LM997617.1	391
LM997618.1	391
LM997619.1	391
LM997620.1	391
LM997621.1	391
LM997622.1	391
LM997623.1	391
LM997624.1	391
LM997625.1	391
LM997626.1	391
LM997627.1	391
LM997628.1	391
LM997629.1	391
LM997630.1	391
LM997631.1	391
LM997632.1	391
LM997633.1	391
LM997634.1	391
LM997635.1	391
LM997636.1	391
LM997637.1	391
LM997638.1	391
LM997639.1	391
LM997640.1	391
LM997641.1	391
LM997642.1	391
LM997643.1	391
LM997645.1	391
LM997646.1	391
LM997647.1	391
LM997648.1	391
LM997649.1	391
LM997653.1	391
LM997654.1	391
LM997655.1	391
LM997656.1	391
LM997657.1	391
LM997658.1	391
LM997659.1	391
LM997660.1	391
LM997661.1	391
LM997662.1	391
LM997663.1	391
LM997664.1	391
LM997665.1	391
LM997666.1	391
LM997667.1	391
LM997668.1	391
LM997669.1	391
LM997670.1	391
LM997671.1	391
LM997672.1	391
LM997673.1	391
LM997674.1	391
LM997675.1	391
LM997676.1	391
LM997677.1	391
LM997678.1	391
LM997681.1	391
LM997682.1	391
LM997683.1	391
LM997684.1	391
LM997685.1	391
LM997686.1	391
LM997687.1	391
LM997688.1	391
LM997689.1	391
LM997690.1	391
LM997695.1	391
LM997696.1	391
LM997697.1	391
LM997698.1	391
LM997699.1	391
LM997700.1	391
LM997701.1	391
LM997702.1	391
LM997703.1	391
LM997704.1	391
LM997705.1	391
LM997706.1	391
LM997707.1	391
LM997708.1	391
LM997709.1	391
LM997710.1	391
LM997711.1	391
LM997712.1	391
LM997713.1	391
LM997714.1	391
LM997715.1	391
LM997716.1	391
LM997717.1	391
LM997718.1	391
LM997719.1	391
LM997720.1	391
LM997721.1	391
LM997722.1	391
LM997723.1	391
LM997724.1	391
LM997725.1	391
LM997726.1	391
LM997727.1	391
LM997728.1	391
LM997729.1	391
LM997730.1	391
LM997731.1	391
LM997732.1	391
LM997733.1	391
LM997734.1	391
LM997735.1	391
LM997736.1	391
LM997737.1	391
LM997738.1	391
LM997739.1	391
LM997740.1	391
LM997741.1	391
LM997742.1	391
LM997743.1	391
LM997744.1	391
LM997745.1	391
LM997746.1	391
LM997747.1	391
LM997748.1	391
LM997749.1	391
LM997750.1	391
LM997751.1	391
LM997752.1	391
LM997753.1	391
LM997754.1	391
LM997755.1	391
LM997756.1	391
LM997757.1	391
LM997758.1	391
LM997759.1	391
LM997760.1	391
LM997761.1	391
LM997762.1	391
LM997763.1	391
LM997765.1	391
LM997769.1	391
LM997770.1	391
LM997771.1	391
LM997772.1	391
LM997773.1	391
LM997774.1	391
LM997775.1	391
LM997776.1	391
LM997777.1	391
LM997778.1	391
LM997779.1	391
LM997780.1	391
LM997781.1	391
LM997782.1	391
LM997783.1	391
LM997784.1	391
LM997785.1	391
LM997786.1	391
LM997787.1	391
LM997788.1	391
LM997789.1	391
LM997790.1	391
LM997791.1	391
LM997792.1	391
LM997793.1	391
LM997794.1	391
LM997795.1	391
LM997796.1	391
LM997797.1	391
LM997798.1	391
LM997799.1	391
LM997800.1	391
LM997801.1	391
LM997802.1	391
LM997803.1	391
LM997805.1	391
LM997806.1	391
LM997807.1	391
LM997810.1	391
LM997811.1	391
LM997815.1	391
LM997816.1	391
LM997817.1	391
FR796701.1	391
FR796702.1	391
FR796703.1	391
FR796704.1	391
FR796709.1	391
FR796710.1	391
FR796711.1	391
FR796712.1	391
FR796715.1	391
FR796716.1	391
FR796718.1	391
FR796725.1	391
FR796726.1	391
FR796727.1	391
FR796728.1	391
FR796729.1	391
FR796730.1	391
FR796731.1	391
FR796732.1	391
FR796756.1	391
FR796757.1	391
FR796758.1	391
FR796759.1	391
FR796772.1	391
FR796773.1	391
FR796774.1	391
FR796775.1	391
LM997818.1	391
LM997819.1	391
LM997820.1	391
LM997821.1	391
LM997822.1	391
LM997823.1	391
LM997824.1	391
LM997825.1	391
LM997826.1	391
LM997827.1	391
LM997828.1	391
LM997829.1	391
LM997830.1	391
LM997831.1	391
LM997832.1	391
LM997833.1	391
LM997834.1	391
LM997835.1	391
LM997836.1	391
LM997837.1	391
LM997838.1	391
LM997839.1	391
LM997840.1	391
LM997841.1	391
LM997842.1	391
LM997843.1	391
LM997844.1	391
LM997845.1	391
LM997846.1	391
LM997847.1	391
LM997849.1	391
LM997850.1	391
LM997851.1	391
LM997852.1	391
LM997853.1	391
LM997854.1	391
LM997855.1	391
LM997856.1	391
LM997857.1	391
LM997858.1	391
LM997859.1	391
LM997860.1	391
LM997861.1	391
LM997863.1	391
LM997864.1	391
LM997867.1	391
LM997868.1	391
LM997869.1	391
LM997870.1	391
LM997876.1	391
LM997879.1	391
LM997880.1	391
LM997881.1	391
LM997882.1	391
LM997883.1	391
LM997884.1	391
LM997885.1	391
LM997886.1	391
LM997887.1	391
LM997888.1	391
LM997889.1	391
LM997890.1	391
LM997891.1	391
LM997892.1	391
LM997893.1	391
LM997894.1	391
LM997895.1	391
LM997896.1	391
LM997897.1	391
LM997898.1	391
LM997899.1	391
LM997900.1	391
LM997901.1	391
LM997902.1	391
LM997903.1	391
LM997904.1	391
LM997905.1	391
LM997910.1	391
LM997911.1	391
LM997912.1	391
LM997913.1	391
LM997914.1	391
LM997915.1	391
LM997916.1	391
LM997917.1	391
LM997918.1	391
LM997919.1	391
LM997920.1	391
LM997921.1	391
LM997922.1	391
LM997923.1	391
LM997924.1	391
LM997925.1	391
LM997926.1	391
LM997927.1	391
LM997928.1	391
LM997929.1	391
LM997930.1	391
LM997931.1	391
LM997932.1	391
LM997933.1	391
LM997934.1	391
LM997935.1	391
LM997936.1	391
LM997937.1	391
LM997938.1	391
LM997939.1	391
LM997940.1	391
LM997941.1	391
LM997942.1	391
LM997943.1	391
LM997944.1	391
LM997945.1	391
LM997946.1	391
LM997947.1	391
LM997948.1	391
LM997949.1	391
LM997950.1	391
LM997951.1	391
LM997952.1	391
LM997953.1	391
LM997954.1	391
LM997955.1	391
LM997956.1	391
LM997957.1	391
LM997959.1	391
LM997960.1	391
LM997961.1	391
LM997963.1	391
LM997964.1	391
LM997965.1	391
LM997966.1	391
LM997967.1	391
LM997968.1	391
LM997969.1	391
LM997970.1	391
LM997971.1	391
LM997972.1	391
LM997973.1	391
LM997974.1	391
LM997975.1	391
LM997976.1	391
LM997977.1	391
LM997978.1	391
LM997979.1	391
LM997980.1	391
LM997981.1	391
LM997982.1	391
LM997983.1	391
LM997984.1	391
LM997985.1	391
LM997986.1	391
LM997987.1	391
LM997988.1	391
LM997989.1	391
LM997990.1	391
LM997991.1	391
LM997992.1	391
LM997993.1	391
LM997994.1	391
LM997995.1	391
LM997996.1	391
LM997997.1	391
LM997998.1	391
LM997999.1	391
LM998000.1	391
LM998001.1	391
LM998002.1	391
LM998003.1	391
LM998004.1	391
LM998005.1	391
LM998006.1	391
LM998007.1	391
FR796776.1	391
FR796777.1	391
FR796781.1	391
FR796782.1	391
FR796783.1	391
FR796784.1	391
FR796785.1	391
FR796802.1	391
FR796803.1	391
FR796804.1	391
FR796805.1	391
FR796810.1	391
FR796811.1	391
FR796812.1	391
FR796813.1	391
FR796818.1	391
FR796819.1	391
FR796820.1	391
FR796821.1	391
FR796822.1	391
FR796823.1	391
FR796824.1	391
FR796825.1	391
FR796826.1	391
FR796827.1	391
FR796840.1	391
FR796841.1	391
FR796842.1	391
FR796843.1	391
FR796848.1	391
FR796849.1	391
FR796850.1	391
FR796851.1	391
FR796856.1	391
FR796857.1	391
FR796858.1	391
FR796859.1	391
FR796864.1	391
FR796865.1	391
FR796866.1	391
FR796867.1	391
FR796868.1	391
FR796869.1	391
FR796870.1	391
FR796871.1	391
FR796872.1	391
FR796873.1	391
FR796874.1	391
FR796875.1	391
FR796876.1	391
FR796877.1	391
FR796878.1	391
FR796879.1	391
FR796914.1	391
FR796915.1	391
FR796916.1	391
FR796917.1	391
LM997603.1	391
LM997604.1	391
LM997605.1	391
LM997607.1	391
LM997644.1	391
LM997650.1	391
LM997651.1	391
LM997652.1	391
LM997679.1	391
LM997680.1	391
LM997691.1	391
LM997692.1	391
LM997693.1	391
LM997694.1	391
LM997764.1	391
LM997766.1	391
LM997767.1	391
LM997768.1	391
LM997804.1	391
LM997808.1	391
LM997809.1	391
LM997812.1	391
LM997813.1	391
LM997814.1	391
LM997848.1	391
LM997862.1	391
LM997865.1	391
LM997866.1	391
LM997871.1	391
LM997872.1	391
LM997873.1	391
LM997874.1	391
LM997875.1	391
LM997877.1	391
LM997878.1	391
LM997906.1	391
LM997907.1	391
LM997908.1	391
LM997909.1	391
LM997958.1	391
LM997962.1	391
MH710657.1	393
EU841177.1	390
EU924346.1	373
MK034054.1	390
MT923460.1	394
PV900915.1	394
AF486353.1	312
AF486354.1	312
AF486357.1	312
AF486358.1	312
AF486359.1	313
AF486362.1	312
AF486363.1	313
AF486364.1	313
KX872972.1	353
KY239271.1	361
KY239313.1	362
KY239338.1	361
KY239352.1	360
KY239356.1	361
KY306515.1	378
MF944269.1	375
MH710772.1	389
MN114124.1	362
MN257805.1	424
MN257853.1	362
OL863101.1	367
ON202647.1	312
PX021822.1	313
AF486355.1	312
AF486356.1	313
AF486360.1	312
AF486361.1	312
PX021823.1	313
PX021824.1	313
AF414487.1	316
KX345323.1	348
KX345324.1	348
KX345325.1	348
KX345326.1	348
KX345327.1	348
KX345328.1	348
KX345329.1	348
KX345330.1	348
KX345331.1	348
KX345332.1	348
KX345333.1	348
KX345334.1	348
KX345335.1	348
KX345336.1	348
KX345337.1	348
KX345339.1	348
KX345340.1	348
MT023888.1	360
AY673614.1	313
MN543596.1	417
MN543597.1	417
MN543598.1	416
MZ927401.1	338
ON922869.1	371
MK945630.1	365
KF923186.1	398
KX440964.1	358
KX440965.1	358
KX440966.1	357
KX440967.1	357
KX440968.1	326
MF155210.1	354
OQ587919.1	407
DQ154076.1	390
HQ858880.1	396
KY239231.1	362
KY239346.1	368
MK165460.1	368
KY306537.1	376
KY306547.1	375
KY306564.1	376
KY306610.1	375
KY306620.1	374
KY306652.1	395
KY306665.1	394
MH535093.1	374
MH535094.1	374
MH535125.1	377
MH535162.1	376
MH535163.1	378
MH535165.1	376
MH535166.1	376
MH535169.1	375
MH535170.1	376
MH535171.1	377
MH535172.1	377
MH535217.1	394
LC191846.1	400
LC191849.1	400
OL863052.1	368
AJ626908.1	389
KC425732.1	358
KU164800.1	375
KU164803.1	376
KU164805.1	376
KY084267.1	360
KY084268.1	360
KY084269.1	358
KY084271.1	358
KY084272.1	358
KY084273.1	358
KY084275.1	360
KY084276.1	360
KY084277.1	361
KY084279.1	356
KY084280.1	356
KY084281.1	358
KY084285.1	356
KY084291.1	360
KY084292.1	360
KY239280.1	361
KY239286.1	360
KY239314.1	362
KY239337.1	361
MF954020.1	377
KY084287.1	360
MN332330.1	360
MN825132.1	326
MN825133.1	326
MN825134.1	327
MN825135.1	326
MN825136.1	327
MN825138.1	326
PV900007.1	350
DQ826453.1	395
KY321082.1	165
KY321090.1	316
KY321091.1	316
KY321093.1	280
KY321094.1	305
KX345129.1	371
KX345130.1	371
KX618243.1	367
KY242067.1	366
KY242068.1	366
KY242069.1	366
KY242070.1	366
KY242071.1	365
KY242072.1	363
KY242073.1	363
KY242074.1	363
KY242075.1	363
KY242076.1	364
KY242077.1	368
KY242078.1	368
KY242079.1	368
KY242080.1	368
KY242081.1	368
KY242082.1	368
KY242083.1	366
KY242097.1	368
KY242098.1	368
KY242099.1	368
KY242100.1	364
KY242101.1	364
KY242109.1	368
KY242110.1	368
KY242117.1	366
KY242118.1	366
KY242119.1	364
KY242120.1	368
KY242121.1	366
KY242122.1	367
KY242123.1	367
KY242124.1	367
KY242128.1	368
KY242129.1	368
KY242130.1	368
KY242131.1	368
KY242132.1	368
KY242133.1	368
KY242134.1	368
KY242135.1	368
KY242136.1	368
KY242137.1	368
KY242138.1	366
KY242139.1	366
KY242140.1	366
KY242141.1	366
KY242142.1	366
KY242143.1	366
KY242144.1	366
KY242145.1	366
KY242149.1	365
KY242150.1	365
KY242151.1	365
KY242152.1	363
KY242156.1	364
KY242157.1	366
KY242158.1	366
KY242159.1	363
KY242163.1	373
KY242164.1	366
KY242165.1	366
KY242166.1	366
KY242167.1	359
KY242168.1	359
KY242169.1	361
KY242170.1	359
KY242171.1	367
KY242172.1	369
KY242173.1	369
KY242174.1	366
KY242175.1	366
KY242176.1	370
KY242177.1	366
KY242178.1	366
KY242179.1	366
KY242180.1	366
KY242181.1	366
KY242182.1	363
KY242183.1	363
MF440586.1	395
MH377857.1	351
MH377858.1	351
MH377859.1	351
MH377860.1	351
MN011950.1	399
MF543812.1	318
MN781142.1	341
MN781143.1	342
MN781144.1	341
MN781145.1	341
MN781146.1	341
MN781147.1	341
PX970247.1	341
KX894529.1	366
PV900338.1	373
KC779636.1	378
KC779702.1	377
KC779703.1	375
KT751426.1	378
KT751427.1	379
KX073404.1	422
KX073405.1	422
KX789268.1	375
KX789271.1	375
MF954041.1	375
MH446010.1	375
MH478028.1	381
MH478029.1	381
MZ081693.1	378
MZ081694.1	378
MZ081695.1	378
MZ081696.1	378
MZ081697.1	378
MZ081699.1	378
MZ081700.1	378
MZ081701.1	378
OK644061.1	373
PP002366.1	374
PP002368.1	375
PP035968.1	376
AY554406.1	334
AY558822.1	334
KX219997.1	342
KX219998.1	342
LC420870.1	848
LC420875.1	848
LC420959.1	847
LC420964.1	848
LC420969.1	847
AY616736.1	365
KM435148.1	385
KM435171.1	385
KM435174.1	348
KM435176.1	385
KY359358.1	366
KY359361.1	366
KU647698.1	349
KX509870.1	369
KX509872.1	369
KX509874.1	369
KX509875.1	369
KX509876.1	369
KX509879.1	370
KX509880.1	371
KY406145.1	373
KY406146.1	372
KY406147.1	373
KY406148.1	374
KY406149.1	374
KY406150.1	373
KY406151.1	373
KY406152.1	373
KY406153.1	373
KY406154.1	372
KY406155.1	373
KU289677.1	352
KU289678.1	351
KY214926.1	348
KY214956.1	353
KY214962.1	354
KY214964.1	353
KY215129.1	354
KY215132.1	354
KY214967.1	353
KY214972.1	353
KY214982.1	353
KY214985.1	353
KY214986.1	353
KY214987.1	353
KY214990.1	353
KY214996.1	353
KY214998.1	353
KY215002.1	353
KY215003.1	353
KY215011.1	353
KY215025.1	353
KY215037.1	353
KY215042.1	353
KY215043.1	353
KY215045.1	353
KY215046.1	353
KY215055.1	353
KY215056.1	353
KY215057.1	353
KY215069.1	353
KY215075.1	353
KY215089.1	353
KY215090.1	354
KY215093.1	353
KY215100.1	353
KY215106.1	353
KY215107.1	353
KY215109.1	353
KY215110.1	353
KY215115.1	353
KY215119.1	354
KY215124.1	353
KY215125.1	353
KY215134.1	353
MN825073.1	348
MN825074.1	348
MN825075.1	348
KU532888.1	331
KU532890.1	348
KU532891.1	351
KU532899.1	348
KU532900.1	348
KU532901.1	351
KU532905.1	348
KU532908.1	348
KX016075.1	349
KX016084.1	349
KX016086.1	348
KX016099.1	350
KX016103.1	349
KX016111.1	348
KX509868.1	373
AJ459400.1	360
AJ459401.1	360
AJ459402.1	360
AJ459403.1	360
AJ459404.1	360
KX073340.1	426
KX073341.1	426
KX073342.1	426
KX073351.1	422
KX073352.1	426
KX073353.1	422
KX073354.1	422
KX073355.1	422
KX073356.1	422
KX073362.1	426
KX073363.1	426
KX073364.1	426
KX073366.1	426
KX073369.1	426
KX073370.1	426
KX073397.1	426
KX073445.1	426
KX073446.1	426
KX073447.1	426
KX073448.1	426
KX073449.1	426
KX073462.1	357
KY468936.1	374
KX073399.1	426
KX073400.1	422
KX073406.1	422
KX073407.1	422
KX073408.1	422
KX073409.1	426
KX073410.1	426
KX073411.1	426
KX073412.1	426
KX073418.1	422
KX073419.1	422
KX073420.1	422
KX073421.1	426
KX073422.1	426
KX073423.1	426
KX073424.1	426
KX073435.1	422
KX073436.1	422
KX073437.1	422
KX073438.1	422
KX073439.1	426
KX073440.1	426
KX073441.1	426
KX073442.1	426
KX073443.1	426
KX073444.1	426
KX073460.1	356
MK088012.1	378
MK088020.1	378
MK088023.1	378
MK088024.1	378
OL662942.1	376
OL662988.1	375
OL662990.1	376
OL662995.1	376
OL663837.1	376
OL663847.1	376
OL663850.1	376
OL663851.1	376
OL664062.1	376
OL664563.1	376
OL664578.1	376
OL665118.1	376
OL665145.1	376
OL681878.1	376
MK945644.1	363
KX873141.1	352
KY512489.1	366
LR588229.1	353
LR588230.1	353
LR588231.1	353
LR588232.1	353
LR588233.1	353
LR588234.1	353
LR588235.1	353
LR588236.1	353
LR588237.1	353
LR588238.1	353
LR588239.1	353
LR588240.1	353
LR588243.1	353
LR606134.1	353
MK641685.1	339
MT924168.1	336
MW364623.1	361
MW364624.1	361
MZ927374.1	340
MT726054.1	372
AY730143.1	375
MK039457.1	366
MK039458.1	366
MK039459.1	366
MK039460.1	366
MK039461.1	366
MK039462.1	366
MK039463.1	366
MT726085.1	338
JX092083.1	370
PV900866.1	389
PV900870.1	389
AF509783.1	312
AF509786.1	314
AF509787.1	313
AF509788.1	313
AF509789.1	313
AF509791.1	313
AF509792.1	314
AF509793.1	313
AF509794.1	338
AF509795.1	340
AF509796.1	311
AF509797.1	341
AF509798.1	345
AF509799.1	337
AF509800.1	339
AF509802.1	339
AF509803.1	340
AF509804.1	339
AF509805.1	342
AF509806.1	343
AF509807.1	343
AF509809.1	342
AF509811.1	341
AF509813.1	357
AF509814.1	359
AF509815.1	358
AF509816.1	361
AF509818.1	312
AY673605.1	313
AY850092.1	338
AY850093.1	338
AY850097.1	339
AY850100.1	339
KJ630618.1	314
KY397478.1	389
KY397479.1	390
KY397497.1	392
KY397498.1	345
KY397507.1	392
KY397509.1	392
MH445988.1	378
MZ927371.1	341
MZ927373.1	341
MZ927375.1	341
PV901237.1	312
PX021816.1	312
PX021817.1	312
PX247878.1	359
PX247879.1	357
PX247880.1	357
MF987611.1	374
MG906852.1	374
MH535089.1	378
MH535091.1	378
MH535097.1	378
MH535144.1	378
MH535145.1	381
MH535146.1	378
MH535198.1	378
MH535199.1	379
MH535200.1	378
MH535201.1	379
MT023912.1	361
MZ927383.1	323
MZ927390.1	323
OM436182.1	324
AJ492456.1	375
AJ492457.1	374
AJ492458.1	373
KY009272.1	413
KY009298.1	413
KY009324.1	413
KY009326.1	413
KY009368.1	413
KY009414.1	413
KY009415.1	413
KY009420.1	413
KY009427.1	413
KY009429.1	413
KY306625.1	374
KY688786.1	307
KY688787.1	286
KY688788.1	307
KY688799.1	330
KY688806.1	305
KY688807.1	305
KY688816.1	310
MF987619.1	374
MF987624.1	374
MF987630.1	374
MF987639.1	375
MG906863.1	375
MK641728.1	341
MK641729.1	341
MZ475326.1	289
MZ927410.1	330
PP577827.1	331
PP577829.1	352
PP577831.1	370
PP577842.1	324
KX954986.1	365
LN607504.1	393
MH710868.1	348
KX373641.1	392
KX373642.1	392
KX373643.1	392
KX373644.1	392
KX373645.1	392
KX373648.1	392
KX373649.1	392
KX373652.1	392
KX373658.1	394
KX890449.1	359
KX890450.1	377
KX890451.1	377
KX890452.1	359
KY674523.1	350
MF871690.1	394
JN634738.1	338
JN634739.1	342
JN634743.1	334
JX463147.1	405
JX463164.1	399
KU682361.1	420
KU682362.1	415
KU682363.1	419
KU682365.1	423
KU682366.1	424
KU682368.1	422
KU682372.1	421
KU682371.1	428
KU682374.1	441
KX057891.1	321
OP798467.1	353
OP798482.1	353
OP798490.1	353
OP798505.1	353
OP798506.1	353
OP798664.1	353
OP798665.1	353
OP798666.1	353
OP798667.1	353
OP798668.1	351
OP798670.1	353
AH013865.2	437
KC528885.1	345
KC528886.1	345
KC528887.1	345
MN879546.1	345
MN879547.1	345
KX371667.1	371
KY067627.1	346
KY067650.1	347
KY067682.1	343
KY067687.1	342
KY067690.1	342
KY067737.2	347
KY067738.1	347
KY067741.1	347
KY067742.1	347
KY067745.1	347
KY067746.1	347
PV901238.1	347
KY306492.1	376
KY306493.1	379
KY306496.1	377
KY306497.1	377
KY306529.1	376
KY306532.1	362
KY306536.1	364
KY306542.1	400
KY306544.1	370
KY306545.1	375
KY306552.1	378
KY306553.1	378
KY306555.1	378
KY306565.1	376
KY306566.1	378
KY306569.1	376
KY306571.1	376
KY306583.1	375
KY306589.1	376
KY306592.1	376
KY306598.1	367
KY306600.1	383
KY306601.1	380
KY306602.1	375
KY306606.1	384
KY306612.1	375
KY306613.1	375
KY306619.1	375
KY306622.1	374
KY306624.1	374
MF987602.1	372
MF987603.1	374
MG906844.1	372
MG906845.1	374
MG949304.1	374
MG949306.1	377
MG949323.1	324
MG949327.1	378
MG949330.1	375
MG949335.1	378
MG949352.1	376
MG949380.1	374
MG949381.1	375
MH535092.1	379
MH535095.1	376
MH535096.1	376
MH535115.1	362
MH535116.1	362
MH535117.1	362
MH535118.1	363
MH535119.1	363
MH535142.1	379
MH535164.1	379
MH535167.1	362
MH535187.1	378
MN992822.1	378
MN992825.1	378
MN992826.1	378
KY306558.1	375
KY306660.1	359
KY397494.1	387
LC227998.1	363
LC227999.1	364
MG208067.1	315
MG949344.1	375
KY306603.1	369
KY397506.1	397
KY782391.1	385
KY782392.1	385
KY782393.1	385
KY782394.1	387
KY782395.1	385
KY782396.1	385
KY782397.1	385
KY782398.1	385
KY782399.1	385
KY782400.1	387
KY782401.1	385
KY782402.1	385
KY782403.1	385
KY782404.1	385
KY782405.1	385
KY782408.1	385
KY782409.1	385
KY782410.1	385
KY782411.1	385
KY782412.1	385
KY782413.1	385
KY782414.1	385
KY782415.1	385
KY782416.1	385
KY782417.1	385
KY782418.1	385
KY782419.1	385
KY782420.1	385
KY782421.1	387
KY782422.1	385
KY782423.1	385
KY782424.1	385
KY782426.1	385
KY782427.1	385
KY782428.1	385
KY782430.1	385
KY782431.1	385
KY782432.1	385
KY782435.1	385
KY782436.1	385
KY782437.1	385
KY782438.1	385
KY782439.1	385
KY782440.1	385
KY782442.1	385
KY782443.1	385
KY782444.1	385
KY782445.1	387
KY782446.1	385
KY782447.1	385
KY782448.1	385
KY782449.1	385
KY782450.1	385
KY782451.1	385
KY782452.1	385
KY782454.1	387
KY782455.1	387
KY782456.1	385
KY782457.1	385
KY782460.1	387
KY782461.1	387
KY782463.1	385
KY782464.1	385
KY782467.1	369
KY782468.1	382
KY782470.1	385
KY782471.1	385
KY782473.1	385
KY782474.1	385
KY782477.1	385
KY782478.1	387
KY782479.1	386
KY782480.1	385
KY782481.1	385
KY782482.1	385
KY782483.1	385
KY782484.1	385
KY782485.1	385
KY782486.1	385
KY782487.1	385
KY782491.1	385
KY782492.1	385
KY782493.1	385
KY782498.1	385
KY782501.1	385
KY782502.1	388
KY782503.1	385
KY782505.1	385
KY782506.1	385
KY782507.1	387
KY782508.1	386
KC528845.1	345
KC528846.1	345
KC528847.1	345
KC528848.1	345
MG779433.1	392
MN825843.1	348
MN825845.1	348
MN825846.1	350
MN826057.1	351
FN663871.1	380
FN663878.1	380
KX057846.1	389
KX057854.1	370
KX057855.1	375
KX057866.1	360
KX057871.1	361
KX057876.1	364
KX057902.1	389
KX057906.1	366
KX057908.1	364
KX371665.1	361
KX371685.1	371
KX371757.1	374
MN264655.1	389
MN264663.1	360
MZ475322.1	283
AJ548954.1	359
AJ548977.1	359
AJ548982.1	364
AJ548983.1	361
AY101862.1	359
AY101868.1	361
AY101877.1	358
AY101881.1	359
AY101886.1	359
AY101888.1	359
AY101891.1	361
AY101900.1	359
AY101901.1	360
AY101902.1	360
AY101905.1	359
AY101906.1	359
AY101909.1	365
AY101911.1	360
KJ579140.1	359
KX371770.1	359
MW139234.1	361
OR238563.1	361
OR238565.1	361
AJ548972.1	358
AJ548978.1	359
AJ548985.1	360
AJ548986.1	358
AY101858.1	359
AY101860.1	360
AY101867.1	361
AY101869.1	361
AY101870.1	361
AY101871.1	359
AY101872.1	359
AY101873.1	359
AY101875.1	359
AY101878.1	358
AY101879.1	358
AY101880.1	359
AY101883.1	359
AY101884.1	359
AY101887.1	359
AY101889.1	359
AY101890.1	359
AY101893.1	358
AY101894.1	358
AY101896.1	360
AY101899.1	360
AY101904.1	359
AY101907.1	361
AY101908.1	360
AY101912.1	361
AY101913.1	362
AY102729.1	395
AY102730.1	396
AY102731.1	395
AY102732.1	395
AY102733.1	395
AY102734.1	395
AY102735.1	396
AY102736.1	395
AY102738.1	397
AY102739.1	396
AY102740.1	395
AY102741.1	395
AY102742.1	395
AY102743.1	395
AY102744.1	395
AY102745.1	395
AY102746.1	396
AY102748.1	395
AY102749.1	395
AY102750.1	395
AY102751.1	396
AY102752.1	396
AY102753.1	396
AY102755.1	396
AY102756.1	396
AY102757.1	395
AY102758.1	395
AY102759.1	394
AY102760.1	396
AY102761.1	395
AY102762.1	395
AY102763.1	395
AY102767.1	396
AY102768.1	395
AY102770.1	395
AY102771.1	395
AY894502.1	396
AY894503.1	396
AY894504.1	396
AY894505.1	396
AY894506.1	396
AY894507.1	396
AY894508.1	396
AY894509.1	396
AY894510.1	396
AY894511.1	396
AY894512.1	396
AY894513.1	396
AY894514.1	396
AY894515.1	396
AY894516.1	396
AY894517.1	396
AY102772.1	397
AY102775.1	396
AY102776.1	395
AY102777.1	396
AY102778.1	395
AY102783.1	395
AY102785.1	396
AY102786.1	395
AY102787.1	395
AY102789.1	394
AY102791.1	394
AY102792.1	390
AY102794.1	402
KX073170.1	386
KX686910.1	357
KX686916.1	355
KX955014.1	358
KY782476.1	386
MN825240.1	326
DQ277636.1	374
DQ277639.1	378
DQ277640.1	357
DQ277643.1	374
KC200576.1	351
KC200616.1	348
KC200721.1	347
KC200755.1	351
KC200756.1	351
KC200775.1	315
KC955255.1	349
KC955383.1	352
KC955384.1	352
KC955503.1	352
KC955504.1	352
KC955585.1	360
KC955671.1	331
KC955713.1	352
KX513942.1	345
KX513943.1	345
MT160388.1	391
DQ277641.1	360
KX057875.1	366
KX057881.1	376
OQ350874.1	374
OQ350885.1	374
OQ350911.1	373
OQ350930.1	374
OQ350939.1	374
OQ350944.1	373
OQ350948.1	375
OQ350950.1	369
OQ350953.1	374
OQ350962.1	374
OQ350995.1	374
JX870764.1	323
JX870769.1	344
KU832375.1	396
KY688783.1	344
MZ927395.1	337
EF635481.1	389
EF635483.1	390
EF635487.1	389
EF660542.1	389
KX954878.1	363
KY321106.1	346
KY321107.1	228
KY321108.1	228
MF353617.1	362
MT376827.1	400
OR531506.1	365
HQ142586.1	388
HQ142598.1	388
HQ142603.1	388
KJ189026.1	385
KJ189029.1	383
KJ189030.1	383
KJ189031.1	383
KJ189032.1	383
MG232743.1	332
MH711372.1	362
MN116782.1	352
EU909413.1	313
EU909414.1	313
EU909415.1	313
EU909416.1	313
EU909417.1	313
EU909418.1	313
EU909419.1	313
EU909420.1	313
EU909421.1	313
EU909422.1	313
EU909423.1	313
EU909424.1	313
EU909425.1	313
MF076946.1	313
AF470499.1	373
AF470514.1	372
AY339708.1	317
MT269653.1	315
AF485224.1	355
AJ492428.1	375
AJ492430.1	373
AJ492435.1	374
AJ492436.1	374
AJ492437.1	374
AJ492438.1	376
AJ492442.1	375
AJ492446.1	375
AJ492453.1	375
KX610102.1	359
LN812553.1	414
MT924174.1	335
AY116279.1	343
AY116287.1	342
AY116291.1	343
EU331102.1	346
HQ334912.1	375
KY968821.1	343
KM025160.1	343
KY091117.1	353
KY091118.1	353
KY091119.1	353
KY091120.1	353
MF188241.1	392
MF188242.1	392
KM113802.1	335
KM113807.1	335
AY695536.2	403
AY695540.1	402
AY695584.1	407
AY695586.1	401
AY695587.1	402
DQ861619.1	399
DQ861630.1	386
EU310243.1	403
EU340981.1	403
EU340982.1	403
EU340983.1	403
EU340984.1	403
EU340985.1	403
EU340986.1	404
EU340987.1	404
EU340988.1	403
EU340989.1	403
EU340990.1	403
EU340991.1	404
FJ518873.1	390
FJ518894.1	378
KF212038.1	403
KF212039.1	403
KF212040.1	403
KF212044.1	402
KF212045.1	406
KF212046.1	402
KF212171.1	409
MT439766.1	402
MT439767.1	402
AY271915.1	356
AY271916.1	356
AY695593.1	399
DQ861605.1	369
DQ861618.1	402
DQ861626.1	396
DQ861631.1	384
KX789269.1	374
KX789270.1	374
KX789272.1	375
KX789276.1	375
KX789278.1	375
KX789279.1	372
KX789280.1	375
KX789282.1	375
KX789283.1	375
KX789285.1	375
KX954881.1	363
KX954882.1	363
KX954886.1	365
KX954887.1	366
KX954889.1	361
KX954890.1	362
KX954901.1	357
KX954902.1	357
KX954904.1	363
KX954911.1	363
KX954920.1	364
KX954921.1	363
KX954922.1	364
KX954925.1	363
KX954927.1	363
KX954939.1	356
KX954940.1	356
KX954941.1	356
KX954942.1	357
KX954948.1	358
KX954950.1	365
KX954952.1	363
KX954953.1	357
KX954954.1	357
KX954959.1	362
KX954960.1	362
KX954961.1	357
KX954962.1	357
KX954964.1	357
KX954965.1	362
KX954966.1	357
KX954967.1	357
KX954968.1	357
KX954970.1	361
KX954978.1	358
KX954979.1	357
KX954981.1	361
KX954984.1	359
KX954985.1	357
KX954993.1	357
KX954999.1	357
KX955000.1	369
KX955001.1	370
KX955002.1	370
KX955004.1	357
KX955005.1	358
KX955006.1	362
KX955008.1	363
KX955009.1	358
KX955010.1	358
KX955012.1	358
KX955013.1	358
KX955016.1	365
KX955017.1	358
KX955018.1	357
KX955019.1	358
KX955021.1	358
KX955022.1	358
KX955024.1	363
KX955025.1	358
KX955027.1	364
KX955028.1	357
KX955029.1	357
KX955034.1	358
KX955035.1	363
KX955037.1	363
KX955038.1	364
KX955043.1	358
KX955044.1	361
KX955047.1	357
KX955049.1	363
MN295292.1	380
MN396794.1	389
MZ663899.1	399
MZ663900.1	388
MZ663901.1	388
MZ663902.1	388
MZ663903.1	399
PP002370.1	380
KX686530.1	369
KX844973.1	360
KX844974.1	359
KY988807.1	360
KY988809.1	367
KY988810.1	359
KY988820.1	356
KY988821.1	361
KY988822.1	360
KY988824.1	360
KY988825.1	360
KY988826.1	360
KY988827.1	360
KY988828.1	360
KY988829.1	360
KY988831.1	360
KY988832.1	360
KY988833.1	362
KY988834.1	360
KY988835.1	362
KY988837.1	360
KY988838.1	360
KY988839.1	360
KY988840.1	360
KY988841.1	361
KY988842.1	359
KY988844.1	360
KY988845.1	360
KY988846.1	360
KY988847.1	360
KY988848.1	360
KY988849.1	360
KY988853.1	360
KY988854.1	360
KY988855.1	360
KY988856.1	362
KY988857.1	360
KY988858.1	362
KY988859.1	360
KY988860.1	360
KY988862.1	360
KY988863.1	360
KY988864.1	360
KY988865.1	361
KY988866.1	361
KY988867.1	360
KY988868.1	360
KY988869.1	362
KY988870.1	359
KY988871.1	360
KY988872.1	360
KY988873.1	360
KY988874.1	360
KY988875.1	360
KY988876.1	362
KY988877.1	360
KY988878.1	360
KY988879.1	360
KY988880.1	359
KY988881.1	360
KY988882.1	359
KY988883.1	362
KY988884.1	360
KY988885.1	360
KY988886.1	360
KY988887.1	360
KY988888.1	360
KY988889.1	362
KY988890.1	360
KY988892.1	360
KY988893.1	365
KY988894.1	360
KY988895.1	360
KY988896.1	360
KY988901.1	354
KY988902.1	354
KY988903.1	354
KY988904.1	354
KY988906.1	352
KY988907.1	354
KY988910.1	354
KY988911.1	354
KY988912.1	352
KY988913.1	354
KY988914.1	355
KY988915.1	355
KY988920.1	359
KY988926.1	355
KY988927.1	355
KY988928.1	356
KY988930.1	352
KY988931.1	352
KY988934.1	351
KY988937.1	352
KY988938.1	352
KY988939.1	352
KY988940.1	351
KY988942.1	352
KY988944.1	352
KY988945.1	352
KY988946.1	352
KY988947.1	352
KY988950.1	352
KY988951.1	351
KY988952.1	352
KY988953.1	352
KY988955.1	352
KY988956.1	352
KY988957.1	352
KY988962.1	352
KY988963.1	352
KY988964.1	352
KY988967.1	355
KY988968.1	354
KY988970.1	354
KY988819.1	360
KY988908.1	354
KY988916.1	354
KY988922.1	359
KY988923.1	359
KY988954.1	351
KY988974.1	354
KY988976.1	350
KY988977.1	350
KY988980.1	347
KY988981.1	347
KY988982.1	347
KY988985.1	360
KY988986.1	360
KY988987.1	360
KY988988.1	359
KY988990.1	359
KY988991.1	357
KY988992.1	356
KY988993.1	349
KY988994.1	360
KY988995.1	360
KY988997.1	360
KY988998.1	360
KY988999.1	360
KY989001.1	360
MG460373.1	370
MG460374.1	370
MG460377.1	370
MG460378.1	370
MG460382.1	371
MG460390.1	374
MG460396.1	370
MK306389.1	360
MK306390.1	360
MK306398.1	360
PX895160.1	360
PX895161.1	360
PX895162.1	360
PX895165.1	360
KX810328.1	359
KX810329.1	358
KX810332.1	358
KX844969.1	360
KX844970.1	360
KX844971.1	360
KX844972.1	360
KX844975.1	360
KX844976.1	360
KX844978.1	349
MF285471.1	367
MF285500.1	367
MF285502.1	374
KY387920.1	392
KY387921.1	392
MZ366419.1	357
PV901015.1	357
AF513663.1	418
AF513664.1	381
AF513665.1	380
HF952973.1	366
MG949355.1	417
MG949364.1	417
MK164428.1	370
MK164432.1	370
MK164433.1	370
MK164461.1	371
MK164478.1	371
MK164489.1	370
MK164502.1	371
MK164518.1	371
MK164520.1	369
MK164532.1	370
KC779674.1	367
KC779676.1	371
KY988973.1	355
KY988975.1	347
MG460368.1	370
MG460369.1	370
MG460370.1	370
MG460371.1	370
MG460372.1	370
MG460386.1	370
MG460398.1	368
MH710811.1	364
MT565568.1	371
PV901205.1	363
PV901206.1	363
AF515209.1	355
AY673615.1	313
AY741515.1	312
EF635486.1	312
EU792388.1	354
AJ548981.1	313
KF923171.1	398
KX579760.1	366
KX786507.1	398
KX786511.1	356
KX786513.1	379
KX786524.1	394
KX786525.1	394
KX786527.1	407
KX786529.1	374
KX786530.1	379
KX786532.1	378
LC090022.2	399
MF954076.1	373
MT090703.1	404
OL862997.1	370
KF217191.1	396
KF217192.1	396
KF217193.1	396
KF217215.1	395
KF217216.1	395
KF217245.1	396
KF217246.1	396
KF217247.1	396
KX686532.1	366
KX686533.1	371
KX686537.1	365
MN332375.1	367
EU812838.1	356
KX761263.1	390
KX761267.1	379
KX761269.1	386
KX761270.1	392
KX761271.1	395
KX761280.1	391
KX761284.1	404
KY039614.1	399
KY239284.1	361
KY239288.1	363
KY239290.1	363
KY239293.1	363
KY239296.1	362
KY239297.1	362
KY239302.1	359
KY239315.1	362
KY239316.1	362
KY239317.1	361
KY239318.1	361
KY239325.1	358
KY239343.1	360
KY239353.1	363
KY239355.1	361
KY239360.1	361
LC315674.2	342
LC315675.2	342
LC315677.2	342
MF353616.1	389
MF353628.1	371
KY239249.1	363
KY782389.1	385
KY782425.1	386
KY782429.1	385
KY782433.1	385
KY782488.1	385
KY782504.1	386
LC314071.1	413
LC314072.1	413
LC314079.1	414
LC314080.1	414
LC429603.1	376
MK164448.1	371
MK164515.1	366
MK164528.1	371
MN317965.1	365
JQ954558.1	359
JQ954560.1	361
JQ954561.1	361
MN825860.1	350
MN825861.1	350
MN825862.1	350
GQ374181.1	362
GQ374182.1	362
GQ374183.1	362
GQ374184.1	362
GQ374185.1	362
GQ374186.1	362
GQ374187.1	362
GQ374188.1	362
GQ374189.1	362
GQ374190.1	362
GQ374191.1	362
GQ374192.1	362
GQ374193.1	362
GQ374194.1	362
GQ374195.1	362
GQ374196.1	362
GQ374197.1	362
GQ374198.1	362
GQ374199.1	362
GQ374200.1	362
GQ374201.1	362
GQ374202.1	362
GQ374206.1	366
MT924100.1	362
JQ954568.1	387
KX872897.1	353
KX872898.1	353
PQ753371.1	362
PQ753382.1	362
PQ753414.1	362
PQ753421.1	362
PQ753458.1	362
PQ753474.1	362
PQ753491.1	362
PQ753500.1	362
PQ753513.1	362
KX872903.1	353
KX872904.1	353
KX872907.1	353
KX872919.1	353
KX872920.1	353
KX872922.1	353
KX872923.1	353
KX872925.1	353
KX872937.1	353
KX872943.1	353
KX872944.1	353
KX872945.1	355
KX872947.1	353
KX872948.1	353
KX872949.1	353
KX872953.1	353
KX872956.1	352
KX872959.1	353
KX872967.1	353
KX872968.1	353
KX872971.1	353
KX872974.1	353
KX872975.1	353
KX872979.1	353
KX872988.1	353
KX872989.1	354
KX872993.1	353
KX873000.1	353
KX873001.1	353
KX873002.1	353
KX873003.1	346
KX873004.1	353
KX873005.1	353
KX873015.1	353
KX873025.1	353
KX873035.1	353
KX873036.1	346
KX873037.1	346
KX873038.1	346
KX873041.1	353
KX873042.1	353
KX873043.1	346
KX873044.1	346
KX873047.1	346
KX873048.1	346
KX873049.1	346
KX873050.1	346
KX873051.1	346
KX873054.1	355
KX873055.1	353
KX873057.1	346
KX873058.1	346
KX873059.1	353
KX873060.1	353
KX873061.1	355
KX873062.1	353
KX873063.1	346
KX873064.1	353
KX873065.1	346
KX873066.1	346
KX873067.1	346
KX873068.1	346
KX873069.1	346
KX873070.1	346
KX873071.1	353
KX873072.1	346
KX873074.1	345
KX873076.1	346
KX873078.1	353
KX873079.1	352
KX873080.1	353
KX873081.1	353
KX873082.1	346
KX873084.1	346
KX873086.1	345
KX873087.1	346
KX873088.1	346
KX873095.1	346
KX873099.1	346
KX873103.1	346
KX873104.1	344
KX873105.1	346
KX873106.1	346
KX873107.1	346
KX873108.1	346
KX873109.1	346
KX873136.1	353
KX873138.1	353
KX873139.1	353
KX873140.1	353
KX873146.1	354
KX873151.1	346
KX873154.1	346
KX873158.1	346
KX873163.1	346
KX873164.1	346
KX873167.1	346
KX873168.1	346
KX873169.1	346
KX873170.1	346
KX873171.1	346
KX873172.1	346
KX873173.1	346
KX873174.1	346
KX873175.1	346
KY417934.1	384
KY417943.1	388
KY417944.1	387
MF871661.1	393
MF871664.1	392
MF871667.1	393
MF871668.1	397
MF871669.1	392
MF871681.1	393
MF871682.1	392
MF871686.1	393
MF871687.1	393
MF871695.1	393
MF871696.1	393
MF871697.1	393
MF871698.1	392
MG779430.1	394
MN114138.1	401
KX281081.1	352
KX687827.1	349
KX687830.1	349
KX687832.1	349
KX687834.1	349
KY306646.1	380
KY306647.1	380
KY320205.1	362
KY688768.1	350
KY688769.1	319
KY688773.1	310
KY688774.1	309
KY688775.1	309
KY688776.1	309
KY688791.1	305
KY688792.1	305
KY688796.1	303
KY688797.1	304
KY688798.1	304
KY688800.1	305
KY688801.1	305
KY688813.1	328
KY688814.1	329
KY688815.1	319
KY688818.1	350
KY688822.1	263
KY968922.1	381
KY968941.1	373
MG949291.1	380
MN992833.1	380
MZ927408.1	351
MZ927409.1	308
PQ237098.1	362
PQ237099.1	362
PV900398.1	389
PV973038.1	363
PV973039.1	362
KY110801.1	386
KY110802.1	386
LC003518.1	388
LC090010.1	388
MT923163.1	389
DQ926732.1	729
KC798439.1	379
KC798440.1	379
KC798441.1	379
KC798442.1	379
MG323918.1	323
MN265451.1	365
AJ620530.1	377
AJ620542.1	376
KX954891.1	363
JF301403.1	327
JF301408.1	330
JF301503.1	316
JF301534.1	320
JF301547.1	321
KX954896.1	358
KX954910.1	358
KX954957.1	362
KX954958.1	362
MF468210.1	315
MF468211.1	320
MF468212.1	321
MF468219.1	311
MF468220.1	311
MG232748.1	330
MG232750.1	332
MG232758.1	331
MG232775.1	332
MG232786.1	330
MG232789.1	332
MG232793.1	332
MG232822.1	331
MG232832.1	332
MH557902.1	332
MH557903.1	331
MH557904.1	330
MH557905.1	330
MH557906.1	332
MH557907.1	333
MH557908.1	332
MN116777.1	322
MN116779.1	329
MT603975.1	332
JF301405.1	311
JF301406.1	329
KR150146.1	362
KR150165.1	362
KX954995.1	358
MF468198.1	339
MF468199.1	339
MF468200.1	346
MF468201.1	336
MF468202.1	389
MF468203.1	365
MF468204.1	407
MF468205.1	355
MF468206.1	319
MF468216.1	309
MF468217.1	309
MF468218.1	309
MF468221.1	319
MF944278.1	379
MF944284.1	376
MF944285.1	376
MG023255.1	367
MG023257.1	373
MH557914.1	324
MK945629.1	359
MN257687.1	306
MN257704.1	306
MW315930.1	327
MW628176.1	367
OM333866.1	365
KX872899.1	352
KX872900.1	352
MK945636.1	359
MT923973.1	353
KX955041.1	358
KX955042.1	359
AY492106.1	370
PV901227.1	364
KU963314.1	329
KX944395.1	329
KX944402.1	328
KY657384.1	322
KY657432.1	363
MG208069.1	332
MW075486.1	342
MW075487.1	342
OP599636.1	402
OP599637.1	402
OP599639.1	402
OP599640.1	402
OP599642.1	402
OP599643.1	402
OP599644.1	402
OP599645.1	402
OP599648.1	402
OP599649.1	402
OP599650.1	402
OP599652.1	402
OP599653.1	402
JN006097.1	346
JX870727.1	296
JX870781.1	341
KC200605.1	348
KC200607.1	348
KC200608.1	348
KC200609.1	327
KC200631.1	352
KC200641.1	348
KC200642.1	348
KC200674.1	348
KC200688.1	353
KC200699.1	347
KC200714.1	359
KC200731.1	346
KC200744.1	343
KC200759.1	359
KC200771.1	349
KC200888.1	345
KC200889.1	345
KC200890.1	345
KC200966.1	349
KC200969.1	344
KC200970.1	344
KC955556.1	360
KC955625.1	349
KC955629.1	345
KC955662.1	354
KC955663.1	349
KC955664.1	349
KC955665.1	354
KC955666.1	354
KC955677.1	356
KC955683.1	330
KC955684.1	348
KX057869.1	381
KY062482.1	360
KY062487.1	366
KY062492.1	365
MK638950.1	331
KC200615.1	353
KC200977.1	349
KC200978.1	349
KC201034.1	348
KC201035.1	348
KC201036.1	348
KC201037.1	348
KC201038.1	348
KC201039.1	348
KC201040.1	348
KC201041.1	348
KC201042.1	348
KY040356.1	365
KY688781.1	313
KY688782.1	313
LT964874.1	383
MG321409.1	359
MN257786.1	345
MN400769.1	358
OL863114.1	330
PQ760054.1	323
MG523318.1	354
MG523333.1	364
MG523334.1	364
MG523335.1	364
MG523336.1	364
MG523337.1	364
MG523338.1	364
MG523339.1	364
MG523340.1	364
OL863012.1	368
OL863013.1	368
KY091367.1	409
HQ615089.1	416
HQ615127.1	401
HQ615129.1	399
KC435868.1	363
KJ409998.1	382
KJ410003.1	382
KY421910.1	381
MF197756.1	359
MF197757.1	360
MF197758.1	359
MF197759.1	359
MF197760.1	359
MF197761.1	359
MF197762.1	359
MF197763.1	359
MF197764.1	359
MF197765.1	359
MF197766.1	359
MF197767.1	359
MF197768.1	359
MF944260.1	352
MF944261.1	367
MF944266.1	373
MF944267.1	373
MF944271.1	372
MF944273.1	345
MF944277.1	373
MF944317.1	376
MF944318.1	376
MF944319.1	374
MF944320.1	379
MF944321.1	380
MF944322.1	378
MF944323.1	377
MF944341.1	376
MF944342.1	377
MF944343.1	376
MF944344.1	376
MF944345.1	376
MF944346.1	376
MF944347.1	376
KY239260.1	357
KY239263.1	362
KY239264.1	362
KY239265.1	364
KY239266.1	362
KY239329.1	361
KY239357.1	361
MF944263.1	370
MF944275.1	373
MF944282.1	380
MF944283.1	374
MF944286.1	379
MF944287.1	379
MF944288.1	380
MF944289.1	374
MF944292.1	376
MF944293.1	380
MF944294.1	380
MF944295.1	380
MF944299.1	376
MF944300.1	376
MF944301.1	374
MF944302.1	374
MF944303.1	379
MF944304.1	378
MF944305.1	374
MF944306.1	380
MF944307.1	381
MF944308.1	379
MF944310.1	374
MF944312.1	382
MF944314.1	379
MF944316.1	379
MF944326.1	381
MF944327.1	376
MF944328.1	376
MF944329.1	371
MF944334.1	381
MF944335.1	373
MF944349.1	379
MF944354.1	377
MF944355.1	390
MF944356.1	377
MF944357.1	370
MF944358.1	380
MF944361.1	381
MF944362.1	381
MF944363.1	377
MF944364.1	377
MF944365.1	377
MF944366.1	377
MF944367.1	376
MF944369.1	377
MF944371.1	370
MF944374.1	374
MF944375.1	374
MF944376.1	376
MF944377.1	374
MF944378.1	376
MF944381.1	373
MF944382.1	373
MF944383.1	373
MF944384.1	374
MF944385.1	374
MF944386.1	376
MF944387.1	376
MF944388.1	376
MF944389.1	380
MF944390.1	372
MF944391.1	374
MF944392.1	374
MF944393.1	373
MF944395.1	376
MF944396.1	376
MF944397.1	376
MF944404.1	371
MF944406.1	366
MF944408.1	371
MF944410.1	371
MF944416.1	370
MF944417.1	370
MT500666.1	379
MT500668.1	379
MT500671.1	378
KY239232.1	362
KY239237.1	380
KY239238.1	379
KY239239.1	384
KY239240.1	380
KY239241.1	380
KY239242.1	377
KY239244.1	391
KY239247.1	372
KY239248.1	373
KY239251.1	356
KY239252.1	364
KY239253.1	364
KY239256.1	365
KY239257.1	363
KY239258.1	363
KY239259.1	366
KY239262.1	362
KY239269.1	361
KY239270.1	361
KY239272.1	361
KY239273.1	361
KY239274.1	361
KY239275.1	361
KY239276.1	361
KY239277.1	361
KY239278.1	361
KY239279.1	362
KY239281.1	361
KY239282.1	361
KY239283.1	361
KY239285.1	361
KY239287.1	361
KY239289.1	363
KY239291.1	363
KY239294.1	362
KY239295.1	366
KY239298.1	361
KY239299.1	361
KY239300.1	360
KY239301.1	361
KY239303.1	361
KY239304.1	364
KY239305.1	364
KY239306.1	364
KY239307.1	363
KY239308.1	361
KY239309.1	361
KY239311.1	361
KY239312.1	363
KY239319.1	360
KY239320.1	361
KY239321.1	361
KY239322.1	361
KY239323.1	361
KY239324.1	358
KY239327.1	361
KY239328.1	361
KY239330.1	361
KY239331.1	361
KY239333.1	361
KY239334.1	361
KY239335.1	361
KY239336.1	361
KY239339.1	364
KY239348.1	361
KY239351.1	361
KY239358.1	360
KY239361.1	361
MF944338.1	376
MF944339.1	375
MF944340.1	376
MF944368.1	373
MF944370.1	373
MF944409.1	371
OL584032.1	392
OL584034.1	388
KP878910.1	341
LC625817.1	354
LC625818.1	354
LC625819.1	354
LC625820.1	354
LC625821.1	341
LC625822.1	362
LC625826.1	362
MH535149.1	376
KM659708.1	376
KT956866.1	372
KY968884.1	348
KY968915.1	349
MF959772.1	368
AY955800.1	375
KY438004.1	316
KY438006.1	313
KY438016.1	314
KY438033.1	316
KY438037.1	313
KY438043.1	314
KY438044.1	316
KY438046.1	310
KY438049.1	315
KY438053.1	316
KY438064.1	310
KY438072.1	315
KY438074.1	314
KY438082.1	316
KY438083.1	314
KY438099.1	314
KY584372.1	371
KY584384.1	339
KY657422.1	363
KY992373.1	386
KY992383.1	387
KY992415.1	386
MZ366391.1	344
OQ350879.1	375
PV901639.1	344
MG779415.1	392
MG779419.1	392
MG779422.1	395
MT153600.1	378
AY144458.1	312
AY144459.1	312
AY144460.1	312
AY144461.1	313
AY144462.1	313
AY144463.1	340
AY144464.1	341
KX016074.1	349
KX016076.1	349
KX016077.1	349
KX016078.1	349
KX016079.1	349
KX016080.1	349
KX016081.1	349
KX016082.1	348
KX016083.1	348
KX016085.1	349
KX016088.1	349
KX016089.1	349
KX016090.1	348
KX016091.1	348
KX016092.1	349
KX016093.1	349
KX016094.1	348
KX016095.1	349
KX016096.1	349
KX016108.1	350
KX016109.1	350
MG323888.1	367
MG323889.1	367
MG323890.1	367
MG323891.1	367
MG323893.1	366
MG323894.1	366
MW559754.1	378
KT387988.1	382
KT387989.1	382
KY612454.1	344
KY612455.1	344
HQ176475.1	363
HQ176472.1	363
HQ615070.1	261
HQ645896.1	386
MF987617.1	375
MF987618.1	374
MF987622.1	357
MF987625.1	374
MF987626.1	374
MF987635.1	374
MG906828.1	374
MG906838.1	374
MG906839.1	374
MG906840.1	375
MG906842.1	374
MG906843.1	374
MG906846.1	378
MG906855.1	345
MG906856.1	358
MG906857.1	374
MG906858.1	374
MG906861.1	374
MT922788.1	392
MT922789.1	392
MT923670.1	419
ON009186.1	367
PV901331.1	355
PV901335.1	355
AB593527.1	364
HM347030.1	356
KY417928.1	384
KY417929.1	384
KY417930.1	386
KY417936.1	385
KY417939.1	384
KY417945.1	386
KY417947.1	386
KY417949.1	388
KY523255.1	357
KY523256.1	358
KY523257.1	358
KY523258.1	358
KY523259.1	358
KY523260.1	358
KY523270.1	356
KY523271.1	356
KY523272.1	356
KY523273.1	358
KY523274.1	357
KY523276.1	358
KY523279.1	358
KY523280.1	355
KY523281.1	352
KY523282.1	353
KY523302.1	353
KY523303.1	353
KY523304.1	353
KY523305.1	353
KY523306.1	353
KY523307.1	353
KY523308.1	353
KY523309.1	353
KY523317.1	353
KY523318.1	353
KY523319.1	357
MF954013.1	373
MF954014.1	374
MF954017.1	379
MF954023.1	376
MF954024.1	378
MF954028.1	374
MF954031.1	376
MF954032.1	376
MF954034.1	378
MF954036.1	376
MF954038.1	377
MF954039.1	377
MF954040.1	378
MF954042.1	375
MF954044.1	376
MF954046.1	377
MF954049.1	377
MF954050.1	375
MF954052.1	373
MF954055.1	374
MF954056.1	377
MF954058.1	377
MF954064.1	375
MF954067.1	377
MF954073.1	377
MH446000.1	372
MH446011.1	376
MH446017.1	379
MK313867.1	375
MK313868.1	375
MK313871.1	376
MN295326.1	375
OK644049.1	373
OK644050.1	373
OK644051.1	373
OK644052.1	373
OK644071.1	373
PP035931.1	377
PP049775.1	373
PZ294665.1	356
AB593598.1	367
KY968957.1	390
AF513657.1	379
AF513673.1	378
AF513679.1	403
AF513680.1	403
PV900373.1	404
OL584036.1	388
OL584037.1	392
OL584040.1	388
OR162607.1	389
KC200952.1	348
KC200955.1	347
MG323892.1	367
MG323895.1	367
MG323898.1	367
MG323901.1	367
MG323904.1	367
MG323906.1	368
MG323909.1	367
JX987541.1	388
JX987542.1	388
KC955673.1	349
MF871676.1	394
MF871677.1	395
MF871683.1	393
MF871684.1	394
MF871685.1	394
MG779425.1	397
JQ341275.1	334
JQ341279.1	337
JQ341260.1	333
JQ341265.1	332
JQ341267.1	335
JQ341292.1	332
JQ341295.1	329
JQ341303.1	329
JQ341304.1	343
JQ341307.1	321
JQ341312.1	328
JQ341313.1	328
JQ341318.1	330
KC955731.1	362
KY968881.1	335
MK453262.1	352
MK453276.1	352
AY695551.1	408
AY695552.1	404
DQ311673.1	409
FJ527599.1	409
FJ527604.1	416
HG004831.1	396
GU256781.1	369
MN264649.1	283
MT924154.1	405
PV901668.1	405
AY146447.1	333
MH712669.1	385
PV901080.1	366
PV901083.1	366
AY146448.1	334
MF543777.1	334
MF543778.1	334
MF543779.1	334
MF543780.1	334
MF543781.1	334
MF543782.1	334
MF543783.1	334
MF543792.1	388
MF543793.1	388
EF107650.1	384
KF848303.1	384
KJ784587.1	384
MW821158.1	386
KX373651.1	392
KX373653.1	392
KY968823.1	365
KY968825.1	365
KY968906.1	365
LR588247.1	354
MF155200.1	354
MF155201.1	354
MF871656.1	394
MF871657.1	395
MG779424.1	396
MH048069.1	384
MH048070.1	384
MK164534.1	371
PQ474538.1	316
AY273746.1	352
AY273750.1	358
AY273768.1	372
EF670363.1	365
MF155208.1	354
AY936650.1	357
EF635460.1	393
EU436867.1	371
GQ424465.1	343
GQ478100.1	371
JN634730.1	371
JQ899018.1	341
KP878345.1	400
AF528433.1	389
AF528435.1	397
AF528436.1	390
AF528437.1	387
AF528438.1	390
AF528439.1	390
AF528440.1	396
AF528441.1	397
AF528443.1	397
AF528444.1	397
AF528445.1	397
AF528446.1	397
AF528448.1	389
AF528449.1	389
AF528451.1	396
AF528452.1	396
AF528462.1	389
AF528463.1	389
AF528483.1	397
AF528492.1	398
AF528493.1	397
AM745886.1	319
AM745888.1	319
AM745890.1	319
AY936742.1	356
MF987621.1	436
MF987623.1	374
MF987629.1	375
MF987631.1	376
MF987638.1	374
MF987642.1	460
MF987647.1	374
MF987649.1	374
MH710824.1	392
MT922785.1	392
MT922786.1	392
AF528465.1	396
AF528466.1	390
AF528467.1	397
AF528468.1	397
AF528469.1	396
AF528470.1	396
AF528471.1	396
AF528472.1	396
AF528473.1	396
AF528474.1	395
AF528475.1	396
AF528476.1	396
AF528477.1	396
AF528478.1	396
AF528479.1	396
AF528482.1	389
AF528484.1	394
AF528486.1	384
AF528487.1	389
AF528488.1	389
AF528490.1	387
AF528495.1	387
DQ451761.1	389
DQ451766.1	385
DQ451767.1	386
DQ451768.1	385
JX152668.1	358
JX152669.1	375
JX152687.1	374
JX152713.1	381
JX152714.1	381
KY968841.1	389
KY968911.1	400
LC191847.1	400
KY968918.1	397
KY968930.1	396
KJ025069.1	396
AJ515159.1	323
AJ515160.1	323
AJ515161.1	323
DQ153603.1	361
DQ153606.1	361
KT958345.1	375
KY858377.1	375
MN719963.1	361
MZ619086.1	362
MZ619087.1	362
MZ619088.1	362
MZ619089.1	361
MZ619090.1	361
AJ515304.1	322
AJ515306.1	322
AJ515307.1	325
AJ515308.1	323
AJ515309.1	323
AJ515310.1	323
AJ515311.1	324
AJ515312.1	323
AJ515314.1	323
AJ515315.1	322
AJ515316.1	327
AJ515317.1	323
AJ515318.1	323
AJ515319.1	323
AJ515320.1	324
HQ608195.1	353
HQ608197.1	353
HQ608199.1	353
HQ608201.1	353
HQ608221.1	353
MZ366389.1	352
AJ515606.1	323
LC458451.1	386
LC458452.1	386
LC458457.1	386
LC458458.1	386
LC458459.1	386
LC458460.1	386
LC458461.1	386
MK184582.1	391
MN382058.1	386
OP431246.1	389
OP431247.1	389
OP431248.1	389
OP431358.1	386
OP431174.1	388
OP431194.1	389
OP431195.1	389
OP431196.1	389
OP431366.1	383
OP431367.1	385
OP431368.1	383
AY955819.1	384
AY955822.1	371
MK164430.1	370
MK164456.1	371
MK164467.1	370
MK164474.1	371
MK164504.1	371
MK164512.1	370
MK164516.1	372
MK164523.1	371
MK165467.1	370
ON009192.1	372
ON009193.1	374
ON009195.1	363
ON009211.1	370
ON009212.1	372
OQ048273.1	366
EU436869.1	371
AF551721.1	358
AF551722.1	355
AF551724.1	357
AF551725.1	358
AF551728.1	356
AF551731.1	355
AF551732.1	355
AF551733.1	355
AF551738.1	356
HM116954.1	859
MW142540.1	353
MN317867.1	366
MN317870.1	365
MN317874.1	362
MN317879.1	365
MN317880.1	365
MN317883.1	365
MN317885.1	365
MN317888.1	365
MN317889.1	365
MN317890.1	366
MN317895.1	365
MN317897.1	365
MN317898.1	365
MN317899.1	364
MN317900.1	368
MN317904.1	365
MN317905.1	360
MN317906.1	365
MN317910.1	365
MN317912.1	364
MN317915.1	365
MN317916.1	365
MN317917.1	364
MN317922.1	366
MN317923.1	365
MN317925.1	365
MN317926.1	365
MN317929.1	366
MN317931.1	365
MN317934.1	365
MN317935.1	365
MN317936.1	364
MN317941.1	366
MN317942.1	363
MN317944.1	366
MN317946.1	365
MN317948.1	364
MN317951.1	364
MN317952.1	365
MN317956.1	364
MN317957.1	364
MN317959.1	364
MN317961.1	364
MN317962.1	364
MN317963.1	367
MN317966.1	365
MN317969.1	364
KR150158.1	386
AY339680.1	319
KU947959.1	401
KY657368.1	370
KY657369.1	370
KY657370.1	370
KY657372.1	368
KY657378.1	323
KY657358.1	358
KY657360.1	355
KY657361.1	355
KY657362.1	355
KY657401.1	324
KY657411.1	361
KY657414.1	322
KY657415.1	323
KY657430.1	363
MN317882.1	347
KY968924.1	398
KY968947.1	398
LC191844.1	400
LC191845.1	400
LC191848.1	400
MF155199.1	353
MF155209.1	353
MF155211.1	354
MF155214.1	354
MF155219.1	354
AJ783644.1	352
AJ783643.1	352
AY137315.1	389
AY137316.1	383
AY137317.1	383
AY137318.1	383
PV901189.1	372
MF944264.1	376
MT500632.1	376
MH269703.1	377
PV900287.1	392
AY174717.1	359
AY174719.1	360
AY174721.1	361
AY174724.1	360
AY174725.1	359
AY174726.1	359
AY174728.1	360
AY174729.1	360
AY174730.1	360
AY174731.1	360
AY174733.1	360
AY174734.1	359
AY174736.1	360
AY174739.1	359
AY174743.1	359
AY174744.1	359
AY174745.1	360
AY174746.1	358
AY174747.1	359
AY174750.1	359
AY174751.1	360
AY174753.1	359
AY174754.1	359
AY174755.1	359
AY174757.1	359
AY174758.1	359
EU924347.1	337
MK095540.1	418
MK341354.1	376
MK341355.1	376
MK341356.1	376
MK341357.1	376
MK945632.1	363
OL863057.1	369
OL863058.1	369
OL863113.1	323
MG949293.1	378
MG949296.1	375
MG949300.1	359
MG949307.1	389
MG949317.1	377
MG949318.1	389
MG949319.1	380
MG949320.1	375
MG949324.1	388
MG949329.1	364
MG949332.1	387
MG949333.1	386
MG949334.1	387
MG949342.1	375
MG949343.1	375
MG949345.1	375
MG949346.1	386
MG949347.1	386
MG949348.1	386
MG949353.1	377
MG949366.1	388
MG949368.1	400
MN992812.1	378
JN805894.1	334
JN805902.1	325
JN805904.1	308
JN805906.1	321
JN805911.1	318
JN805915.1	336
JN805921.1	309
JN805923.1	323
JN805924.1	316
JN805928.1	316
JN805937.1	308
JN805938.1	318
JN805939.1	327
JN805942.1	318
JN805945.1	331
JN805946.1	318
KC955580.1	345
KC955688.1	345
MT384020.1	281
MT384022.1	334
MT384027.1	323
MT384032.1	331
MT384033.1	318
AM939468.1	319
MH373431.1	356
KP878895.1	342
KP878906.1	342
KP878907.1	341
PV901041.1	367
PV901042.1	367
AY879158.1	389
AY879161.1	390
AY879164.1	390
AY879165.1	390
FJ784241.1	358
KF848298.1	358
KJ784582.1	358
MK945646.1	367
MN400766.1	358
MN400767.1	358
MN400768.1	358
MN400772.1	358
MW399379.1	446
MW399380.1	446
MW399381.1	446
MW399382.1	446
MW399383.1	446
MW399384.1	446
AY552153.1	383
MH413066.1	323
MH413067.1	323
MH413068.1	323
MZ479676.1	323
EU497240.1	360
MH445982.1	376
MH445985.1	376
MH445986.1	377
MH445987.1	377
MH445990.1	371
MH445991.1	290
MH445994.1	376
MH445996.1	377
MH445999.1	373
MH446001.1	375
MH446004.1	377
MH446006.1	378
MH446009.1	376
MH446012.1	376
MH446013.1	379
MH446016.1	375
MH446018.1	375
MH446020.1	375
MH446022.1	374
MH446025.1	375
MH446026.1	375
MH446028.1	375
MH446029.1	375
MH446030.1	375
MH446032.1	375
MN295284.1	378
OQ874563.1	360
PP002380.1	378
PP035965.1	380
JF332104.1	355
KX873131.1	357
AY181575.1	343
MH477945.1	379
MH477946.1	379
MH477947.1	379
MH477948.1	378
MH477949.1	378
MH477950.1	378
MH477961.1	379
MH477962.1	379
MH477963.1	379
MH477964.1	379
MH477978.1	379
MH477979.1	379
MH477980.1	379
MH477981.1	379
MH477997.1	379
MH477998.1	379
MH477999.1	379
MH478000.1	379
MH478003.1	378
MH478009.1	379
MH478010.1	379
MH478012.1	378
MH478013.1	378
MH478023.1	381
MH478026.1	381
MH478027.1	381
MH478030.1	381
MH478031.1	381
MH478032.1	381
MH478033.1	381
MH478041.1	381
MH478048.1	381
MH478050.1	380
MH478051.1	380
MH478052.1	381
MH478053.1	381
MH478055.1	381
MH478092.1	378
MH478093.1	379
MH478098.1	380
MH478099.1	380
MH478105.1	379
MW567735.1	379
MW567736.1	379
MW567737.1	379
MW567738.1	379
AY181580.1	346
AY181586.1	346
PV786062.1	357
JX193303.1	341
AJ548956.1	358
AJ548957.1	358
AJ548958.1	358
AJ548980.1	360
AJ548955.1	358
AJ548959.1	358
AJ548960.1	358
AJ548961.1	358
AJ548962.1	358
AJ548963.1	358
AJ548965.1	359
AJ548966.1	359
AJ548967.1	361
AJ548968.1	359
AJ548969.1	361
AJ548970.1	359
AJ548971.1	358
AJ548974.1	367
AJ548975.1	367
AJ548976.1	359
AJ548979.1	359
AY101885.1	358
KX786512.1	357
MF353608.1	356
MF353609.1	401
MF353610.1	382
MF353612.1	393
MF353614.1	401
MF353620.1	362
MF353622.1	390
MF353623.1	385
MF353625.1	382
MF353632.1	390
MF353633.1	373
MW139239.1	362
LC429602.1	376
MN825434.1	350
MN825435.1	350
MN825436.1	347
MN825437.1	350
MN825438.1	350
KX024767.1	349
KX024769.1	349
KX024771.1	349
KT779120.1	350
KP856178.1	390
KT779126.1	353
KC955551.1	354
PV900579.1	375
PV900592.1	376
PV900728.1	378
PV900731.1	376
DQ450468.1	352
DQ450473.1	352
DQ450476.1	352
LC420910.1	841
LC420920.1	841
MH711801.1	362
AJ550577.1	369
AJ550585.1	347
AJ550586.1	346
AJ550587.1	347
AJ550588.1	347
AJ550591.1	346
AJ550592.1	346
AJ550593.1	346
AJ550595.1	346
AJ550597.1	345
AJ550598.1	346
AJ550600.1	346
AJ550601.1	346
AJ550604.1	345
AJ550605.1	344
AJ550606.1	345
AJ550608.1	345
GQ413950.1	364
MH990653.1	343
AJ620526.1	376
AY955794.1	375
KY306519.1	375
KJ564039.1	409
KJ564040.1	409
KJ564041.1	409
KP015421.1	409
KP015428.1	409
KP015435.1	409
KP015439.1	409
KP015440.1	409
KP015441.1	409
KP015442.1	409
KP015443.1	409
KP015444.1	409
KP015452.1	409
MF543741.1	409
MF543742.1	409
MF543743.1	409
MH574772.1	372
PV900397.1	402
AY233309.1	356
AY233310.1	357
AY233312.1	355
AY233313.1	356
AY233314.1	356
AY233315.1	356
AY233316.1	355
AY233317.1	355
AY233319.1	355
AY233320.1	356
AY233321.1	356
AY233322.1	356
AY233328.1	356
AY233329.1	356
AY233330.1	356
AY233331.1	356
AY271923.1	356
JX870729.1	318
MT923117.1	389
EF079387.1	367
LC088233.1	367
LC088234.1	367
DQ175561.1	336
DQ175588.1	337
GQ396670.1	336
JQ740191.1	341
JQ740192.1	341
JQ740193.1	341
JX911337.1	341
JX911338.1	341
JX911339.1	341
JX911340.1	341
JX911341.1	341
JX911342.1	341
JX911343.1	341
JX911344.1	341
JX911345.1	341
JX911346.1	341
JX911347.1	341
JX911348.1	341
JX911349.1	341
JX911350.1	341
JX911351.1	341
JX911352.1	341
JX911353.1	341
JX911354.1	341
JX911355.1	341
JX911356.1	341
OQ720931.1	341
OQ720932.1	341
MH377861.1	355
MH377863.1	354
MH377870.1	355
MH377871.1	355
MH596706.1	363
MH596708.1	362
EU792347.1	353
EU792351.1	354
EU792352.1	354
EU792353.1	354
EU792397.1	353
EU792346.1	353
KP794861.1	349
KP794862.1	350
AY641635.1	335
HM116957.1	382
HM116958.1	425
MH710814.1	380
PQ474509.1	279
KR046194.1	364
MF695588.1	358
MF695591.1	387
MF695592.1	356
MF695593.1	357
MF695594.1	387
MF695595.1	368
MF695596.1	368
MF695597.1	368
MF695598.1	368
MF695599.1	370
MF695600.1	370
MF695601.1	382
MF695602.1	387
MF695603.1	385
MF695604.1	366
MF695608.1	384
MF695609.1	384
MF695610.1	368
MF695611.1	368
MF695612.1	369
MF695613.1	369
MF695614.1	370
MF695615.1	369
MF695620.1	375
MF695621.1	375
MF695622.1	385
MF695623.1	385
MF695624.1	387
MF695625.1	384
MF695626.1	384
MF695627.1	385
MF695628.1	385
MF695629.1	385
MF962882.1	349
MF962883.1	349
MF962884.1	349
MH656409.1	364
MH656412.1	371
MH656414.1	366
MH656415.1	367
MH656416.1	367
MH656417.1	364
MH656422.1	372
MH656423.1	371
MH656425.1	366
MH656426.1	368
MH656427.1	369
MH656428.1	365
MH685746.1	386
MK801519.1	358
MK801523.1	387
MK801524.1	387
MK801525.1	387
OQ910038.1	363
AY256898.1	358
AY256899.1	356
AY278111.1	367
HG004798.1	372
HG004808.1	373
MH710749.1	362
MH711151.1	356
OR680108.1	367
OR680109.1	367
OR680110.1	374
KR534427.1	411
LC089995.1	395
MT090706.1	402
PV331313.1	354
MH710756.1	379
MH710820.1	375
OL442775.1	356
ON557635.1	312
MH710720.1	357
MH710767.1	382
MH710982.1	371
MH708155.1	386
MH708158.1	380
MH708160.1	386
MH712586.1	403
MH712626.1	389
MH712631.1	307
MH712632.1	377
MH712635.1	333
MH712636.1	389
MH712638.1	350
MH712641.1	389
MH712642.1	363
MH718401.1	380
MH718402.1	380
MH718403.1	380
MH718406.1	366
MH718407.1	380
MH718412.1	381
MH718413.1	364
MH718415.1	380
MH718416.1	380
MH718417.1	380
MH718418.1	380
MH718419.1	380
MH718420.1	380
MH718421.1	380
MH718423.1	380
MH718424.1	364
MH718425.1	383
MH718426.1	380
MH718427.1	380
MH718428.1	380
MH718430.1	380
MH718431.1	381
MH718432.1	381
LC458450.1	386
LC458464.1	384
LC458465.1	384
LC458466.1	384
LC458467.1	384
MN381977.1	385
MN381980.1	385
MN381981.1	385
MN381986.1	385
MN381992.1	385
MN381996.1	385
MN381999.1	385
MN382008.1	385
MN382009.1	385
MN382010.1	385
MN382011.1	385
MN382012.1	385
MN382018.1	385
MN382023.1	385
MN382024.1	385
MN382025.1	385
MN382026.1	385
MN382027.1	385
MN382028.1	385
MN382036.1	385
MN382040.1	385
MN382046.1	385
MN382047.1	385
MN382053.1	385
MN382054.1	385
MN382055.1	385
OP431173.1	388
AY271917.1	356
FJ527607.1	392
GQ424456.1	338
GQ424464.1	338
JQ898993.1	335
MH685742.1	385
MH685744.1	388
MH685747.1	386
MH758563.1	377
AY787403.1	369
AY787404.1	369
MH763845.1	372
LC420690.1	845
LC420700.1	845
LC420710.1	845
LC420720.1	845
LC420730.1	845
LC420740.1	843
LC420750.1	843
LC420760.1	843
LC420770.1	843
LC420780.1	843
LC420790.1	843
LC420795.1	843
LC421038.1	844
LC421041.1	844
LC421044.1	844
LC421047.1	844
LC421050.1	844
LC421053.1	844
LC421056.1	846
LC421165.1	845
LC421174.1	845
LC421186.1	843
LC421189.1	843
LC421192.1	843
LC421195.1	843
LC421198.1	843
MG008340.1	374
MG008341.1	374
MG008343.1	364
MG008345.1	353
MG008347.1	363
MG008348.1	360
MG008349.1	361
MF944265.1	373
MG924887.1	339
MG924889.1	372
AB593494.1	363
EU145384.1	353
MH478056.1	381
MK341339.1	381
MN545645.1	314
AB120179.1	317
HM116994.1	361
JX463102.1	404
JX463103.1	404
JX463104.1	403
JX463105.1	404
JX463168.1	404
MG924890.1	373
PX342720.1	318
PX342721.1	318
PZ596747.1	399
MK088021.1	378
MK088022.1	378
MK164476.1	371
MK530513.1	376
MK542016.1	378
MK554640.1	378
MK554641.1	378
MK554642.1	381
MK559501.1	377
MN420835.1	377
MN447219.1	377
MN447220.1	377
AB120181.1	307
AB120183.1	302
AB120184.1	317
AB120185.1	309
AB120186.1	317
AB120187.1	308
AB120188.1	309
AB120189.1	301
AB120190.1	309
AB120191.1	308
AB120192.1	304
AB120194.1	301
AB120195.1	291
AB120196.1	301
AB120197.1	318
AB120198.1	310
AB120199.1	306
AB120200.1	307
AB120202.1	308
AB120203.1	301
AB120204.1	302
AB120205.1	308
AB120206.1	301
AB120208.1	311
AB120209.1	308
AB120210.1	304
AB120211.1	309
AB120213.1	331
AB120214.1	333
AB120215.1	282
KC004031.1	317
MH218742.1	366
MH218756.1	361
MN825551.1	327
MN825552.1	327
MN825554.1	327
MT924030.1	291
MW023985.1	375
KJ630619.1	341
LC847312.1	391
LC847313.1	391
LC847314.1	391
MG460375.1	370
MG460379.1	370
MG460380.1	370
MG460383.1	374
MG460385.1	371
MG460387.1	370
MG460388.1	370
MG460389.1	370
MG460391.1	370
MG460394.1	370
MG460395.1	370
MG460397.1	368
MG648286.1	390
MG648287.1	390
MG648288.1	388
MG648289.1	386
MG648301.1	387
MG648302.1	388
MG648303.1	388
MH426473.1	396
MH426475.1	392
MH426476.1	392
MH426477.1	392
MH426478.1	386
MH426479.1	392
MH426480.1	388
MH426481.1	390
MH426482.1	396
MH426484.1	392
MH426486.1	387
MH426487.1	387
MH426488.1	392
MH426489.1	392
MH426492.1	387
MN295267.1	374
PP447378.1	392
PP447379.1	392
PP447380.1	386
PP456697.1	401
KC779635.1	367
KC779657.1	367
KC779678.1	372
KC779679.1	372
KC779701.1	377
KC779708.1	372
KC779709.1	372
KJ402384.1	367
KT751440.1	374
MZ081688.1	378
MZ081689.1	377
MZ081690.1	378
MZ081691.1	378
MZ081692.1	378
AY552134.1	348
AY552135.1	397
AY552150.1	380
AY552152.1	383
DQ154051.1	387
DQ246666.1	400
DQ246667.1	384
DQ246671.1	389
DQ246672.1	386
DQ246673.1	402
DQ246674.1	381
DQ246675.1	380
DQ246676.1	376
DQ246679.1	386
DQ246681.1	387
DQ246682.1	382
DQ246683.1	389
FJ037864.1	382
FJ037865.1	382
FJ037870.1	377
FJ037876.1	387
FJ037877.1	382
FJ037878.1	382
FJ037884.1	387
JX987533.1	382
JX987535.1	383
JX987536.1	383
JX987537.1	383
MK356154.1	368
MK356191.1	368
MK356192.1	368
MK356197.1	368
MK356198.1	368
MT497981.1	347
MZ470006.1	386
AY552103.1	384
AY552106.1	383
AY552113.1	384
AY552115.1	352
AY552137.1	385
AY552141.1	392
AY552144.1	385
AY552148.1	387
AY552151.1	383
AY552157.1	358
AY552158.1	358
DQ154084.1	400
DQ246685.1	385
DQ246686.1	380
DQ246688.1	384
FJ037885.1	387
HE860084.1	392
AB593496.1	366
AB593509.1	365
AB593514.1	364
AB593543.1	370
AB593559.1	366
AB593564.1	366
AB593569.1	365
AB593570.1	366
AB593590.1	380
AB593596.1	356
AB593597.1	368
AB593613.1	366
AB593617.1	365
AB593655.1	365
AB593664.1	359
AB847659.1	365
AB847664.1	365
AB847667.1	371
AB894131.1	366
AB894143.1	368
KY239340.1	364
MZ366410.1	391
OM311720.1	361
OM311759.1	365
OM311768.1	365
OM311769.1	365
OM311770.1	365
OM311771.1	365
PQ753377.1	362
PQ753417.1	362
PQ753437.1	362
PQ753473.1	362
PQ753479.1	362
PQ753480.1	362
PQ753488.1	362
PQ753510.1	362
AB593684.1	364
AB593685.1	333
JF706719.1	367
ON009187.1	367
EU352224.1	361
MZ617456.1	357
MT923235.1	359
MF787301.1	388
MF787302.1	387
MF787305.1	388
MF787307.1	388
MF787308.1	387
MF787316.1	391
EF026605.1	370
EU850631.1	371
MK184570.1	387
MH979036.1	351
MK945613.1	363
AY648559.1	412
JX463166.1	409
JX463167.1	409
AJ620515.1	376
AJ620518.1	376
AJ620522.1	376
AJ620525.1	376
AJ620528.1	377
AJ620535.1	375
AJ620538.1	378
AJ620539.1	378
DQ385591.1	312
KY968843.1	376
MH212239.1	387
MH710812.1	394
KY091339.1	411
KY091340.1	411
KY091341.1	411
KY091342.1	411
KY091343.1	411
KY091344.1	411
KY091345.1	411
KY091346.1	411
KY091348.1	410
KY657396.1	325
KY657425.1	363
KY657426.1	363
KC790419.1	413
KC790420.1	413
KC790421.1	413
KC790422.1	413
KC790423.1	413
KC790424.1	413
KC790425.1	413
KC790426.1	413
KY009262.1	413
KY009268.1	413
KY009270.1	413
KY009271.1	413
KY009275.1	413
KY009276.1	413
KY009277.1	413
KY009291.1	413
KY009292.1	413
KY009293.1	413
KY009294.1	413
KY009295.1	413
KY009296.1	413
KY009304.1	413
KY009305.1	413
KY009320.1	413
KY009321.1	413
KY009322.1	413
KY009336.1	413
KY009347.1	413
KY009348.1	413
KY009349.1	413
KY009362.1	413
KY009363.1	413
KY009364.1	413
KY009365.1	413
KY009366.1	413
KY009367.1	413
KY009369.1	413
KY009370.1	413
KY009371.1	413
KY009372.1	413
KY009373.1	413
KY009388.1	413
KY009389.1	413
KY009390.1	413
KY009391.1	413
KY009399.1	413
KY009400.1	413
KY009401.1	413
KY009402.1	413
KY009403.1	413
KY009411.1	413
KY009424.1	413
KY009425.1	413
KY009426.1	413
KY009430.1	413
KY009431.1	413
KY009432.1	413
KY009433.1	413
KY009440.1	413
KY009441.1	413
KY009442.1	413
KY009443.1	413
KY009444.1	413
KY091349.1	410
KY091351.1	410
KY091352.1	410
KY091353.1	410
KY091354.1	410
KY091355.1	410
KY091356.1	410
KY091357.1	410
KY091358.1	410
MT774709.1	410
DQ810274.1	392
KY091361.1	408
KY091362.1	408
KY091363.1	408
KY091364.1	408
KY091365.1	408
KY091366.1	408
OQ874671.1	361
PV900417.1	378
MK802981.1	380
MT923309.1	358
MT923310.1	381
PV900519.1	373
PV900609.1	375
PV900610.1	375
PV900619.1	375
PV900644.1	375
PV900741.1	375
AY339666.1	319
AY339688.1	319
AY339690.1	318
AY339694.1	317
AY339695.1	317
AY339696.1	319
AY339697.1	319
AY339698.1	317
AY339699.1	317
AY339700.1	319
AY339703.1	318
AY339707.1	317
AY339716.1	321
AY339722.1	317
AY339723.1	317
AY339724.1	317
AY339729.1	318
AY339736.1	317
AY339742.1	319
HM347028.1	340
MT269652.1	315
KY657359.1	358
MF543759.1	356
MF543760.1	356
OK560687.1	356
AY492122.1	365
MW487227.1	355
EU912095.1	367
HF952982.1	367
KY306543.1	375
MG949325.1	375
OR199624.1	306
AY730142.1	372
FJ037845.1	372
FJ037846.1	376
FJ037847.1	381
FJ037848.1	375
MT726055.1	372
MT726059.1	382
MT726104.1	373
AY730144.1	372
FJ037849.1	373
FJ037850.1	373
MT726105.1	373
MF893313.1	359
MF893315.1	353
MF893317.1	353
MK020475.1	387
MK020478.1	379
MK020514.1	386
MK020562.1	388
MK020568.1	386
MK020569.1	386
MK020651.1	386
AJ580554.1	367
AJ580555.1	367
AJ580556.1	367
AJ580559.1	367
AJ580561.1	367
AJ580568.1	368
AJ580569.1	368
AJ580570.1	367
AJ580571.1	367
AJ580572.1	367
AJ580574.1	367
AJ580575.1	367
AJ580576.1	367
AJ580577.1	367
AJ580578.1	367
AJ580579.1	367
KF675941.1	329
KT438752.1	313
KT438761.1	345
KF993569.1	426
KF993570.1	426
KF993571.1	426
EU102681.1	314
EU102682.1	313
EU102683.1	314
FJ794651.1	373
JX475156.1	482
JX475157.1	483
JX475158.1	483
JX475161.1	290
MN750419.1	363
AJ242077.1	409
AY641622.1	337
AY641641.1	336
AY641644.1	336
AY641649.1	337
AY641651.1	337
KJ512896.1	387
KY968937.1	358
MK025938.1	342
MK025939.1	342
MK025941.1	342
MK025942.1	342
MK025946.1	342
MK025947.1	342
MK025948.1	342
MK025949.1	342
MK025950.1	342
MK025951.1	340
MK025954.1	342
MK025955.1	342
MK025956.1	342
MK025957.1	342
MK025958.1	342
MK025959.1	342
MK025960.1	342
MK025961.1	342
MK025962.1	342
MK025963.1	342
MK025964.1	342
MK025965.1	342
MK025966.1	342
AB175947.1	380
AB175948.1	380
AB175949.1	380
AB175950.1	380
AB175951.1	380
AB175952.1	380
AB175953.1	379
AB175954.1	379
AB175955.1	379
AB175956.1	379
AB175957.1	379
AB175958.1	379
AB175959.1	379
AB175960.1	379
AB175961.1	379
AB175962.1	379
AB175963.1	379
AB175964.1	379
AB175965.1	379
EU436859.1	359
EU436862.1	360
EU436864.1	335
EU436865.1	335
EU436875.1	356
EU436881.1	359
EU436884.1	361
EU436888.1	357
EU436892.1	358
EU436898.1	358
EU436901.1	356
EU436902.1	358
EU436904.1	359
EU436907.1	357
EU436911.1	347
EU436917.1	359
EU436919.1	358
EU436922.1	358
EU436924.1	356
EU436927.1	358
EU436928.1	359
EU436929.1	358
EU436930.1	357
EU436932.1	360
EU436936.1	358
EU436940.1	359
EU436941.1	357
EU436947.1	357
EU436949.1	360
EU436950.1	357
EU436952.1	359
EU436953.1	302
EU436960.1	359
EU436961.1	359
EU436966.1	360
EU436967.1	359
EU436968.1	360
EU436971.1	359
EU436972.1	351
EU436974.1	361
EU436975.1	358
EU436977.1	360
EU436978.1	358
EU436979.1	357
EU436980.1	358
EU436981.1	358
EU436983.1	357
EU436985.1	357
EU436986.1	357
EU436988.1	357
EU436989.1	357
EU436990.1	357
EU436995.1	358
EU436996.1	357
EU436997.1	358
EU436999.1	359
EU437000.1	359
EU437004.1	359
EU437005.1	358
EU437006.1	358
EU437008.1	358
EU437010.1	358
EU437013.1	358
EU437014.1	358
EU437016.1	358
EU437017.1	357
EU437022.1	357
EU437023.1	358
EU437025.1	358
EU437026.1	358
EU437028.1	358
EU437029.1	358
FJ211168.1	357
FJ211171.1	358
FJ211173.1	356
FJ211174.1	356
FJ211175.1	356
FJ211176.1	361
FJ211177.1	358
FJ410329.1	359
KC329484.1	358
KF154262.1	357
KP323273.1	357
KP323274.1	357
KP323299.1	357
KP323338.1	357
KX440960.1	357
DQ210148.1	357
DQ210219.1	357
KP323298.1	357
KP323342.1	357
KX073458.1	360
KX356086.1	363
KY657376.1	322
MF695616.1	382
MF695617.1	382
MF695618.1	382
MF695619.1	382
MH230002.1	361
MN317911.1	364
MZ736841.1	357
OM976775.1	387
EF688903.1	361
FJ037801.1	392
JF332106.1	359
GQ888937.1	345
JX870672.1	297
KC539576.1	354
KY688793.1	331
MW821146.1	386
JX124484.1	366
MN058281.1	345
MN058282.1	345
MN058284.1	345
AJ584760.1	349
AJ584762.1	349
AJ584763.1	347
AJ584764.1	349
AJ584767.1	348
AJ584768.1	349
AJ584771.1	349
AJ584780.1	349
AJ584782.1	348
AJ584786.1	348
AJ584793.1	348
AJ584794.1	348
AJ584796.1	350
AJ584797.1	350
AJ584799.1	350
AJ584801.1	353
AJ584802.1	349
AJ584806.1	349
AJ584807.1	349
AJ584813.1	351
AJ584818.1	350
AJ584819.1	350
AJ584823.1	352
AJ584824.1	349
AJ584825.1	349
MG868991.1	371
MG868993.1	375
MG868994.1	375
MG868995.1	375
MG868997.1	376
MG868998.1	376
MG868999.1	375
MG869000.1	375
MG869001.1	375
MG869006.1	365
MK088019.1	377
MK095935.1	327
AJ584761.1	349
AJ584775.1	349
AJ584776.1	349
AJ584779.1	349
AJ584781.1	347
AJ584783.1	348
AJ584788.1	348
AJ584804.1	351
AJ584805.1	348
AJ584808.1	348
AJ584809.1	349
AJ584820.1	351
AJ584827.1	349
AJ584828.1	349
AJ584829.1	348
LC431210.1	367
LC431211.1	367
LC431212.1	367
MF543811.1	365
MG229893.1	386
MK129257.1	399
MK129262.1	399
LC830868.1	371
LC830869.1	371
MG229894.1	375
MG229895.1	375
MG229896.1	375
MG229897.1	375
MG229898.1	375
MG229899.1	375
MG229900.1	375
MG229901.1	375
MG229902.1	375
MK164426.1	371
MK164435.1	367
MK164436.1	370
MK164438.1	371
MK164439.1	371
MK164440.1	371
MK164442.1	371
MK164443.1	374
MK164445.1	369
MK164449.1	371
MK164450.1	371
MK164451.1	370
MK164452.1	370
MK164453.1	373
MK164454.1	371
MK164455.1	371
MK164458.1	366
MK164459.1	374
MK164462.1	371
MK164463.1	374
MK164464.1	377
MK164465.1	377
MK164468.1	371
MK164469.1	366
MK164475.1	371
MK164479.1	373
MK164490.1	373
MK164491.1	373
MK164493.1	367
MK164494.1	367
MK164495.1	370
MK164497.1	373
MK164499.1	369
MK164500.1	369
MK164501.1	366
MK164503.1	371
MK164505.1	370
MK164506.1	371
MK164507.1	373
MK164508.1	371
MK164509.1	370
MK164510.1	371
MK164511.1	370
MK164513.1	371
MK164517.1	371
MK164519.1	368
MK164521.1	370
MK164522.1	374
MK164524.1	371
MK164526.1	370
MK164530.1	371
MK164533.1	368
MK165480.1	374
ON009197.1	368
ON009206.1	367
PQ474491.1	308
MK164531.1	371
MK169287.1	367
MK169288.1	367
MK169321.1	368
MK169322.1	368
MH710839.1	301
MK184568.1	387
MK184574.1	386
MK211153.1	882
MN825020.1	323
MN825021.1	322
MN825022.1	322
MN825702.1	323
MN825703.1	322
MN825704.1	322
MN825705.1	322
MN825706.1	322
OQ804641.1	368
MK258158.1	386
MK258163.1	386
MG232742.1	332
MG232744.1	332
MG232745.1	332
MG232751.1	332
MG232754.1	333
MG232763.1	332
MG232764.1	332
MG232766.1	332
MG232767.1	333
MG232768.1	332
MG232769.1	332
MG232770.1	332
MG232773.1	332
MG232781.1	332
MG232790.1	332
MG232803.1	332
MG232815.1	332
MG232819.1	332
MG232820.1	330
MG232833.1	332
MK250072.1	346
MT603970.1	333
MK179295.1	373
MK179297.1	373
MK179298.1	373
MK179302.1	371
MK179304.1	371
MK179313.1	371
MK179315.1	374
MK179317.1	373
MK179325.1	372
MK179326.1	372
MK179329.1	372
MK179331.1	372
MK179332.1	376
MK179337.1	373
MK179346.1	378
MK179353.1	373
MK179355.1	371
MK179356.1	373
MK179361.1	373
MK179376.1	377
MK179380.1	377
MK179381.1	377
MK179382.1	377
MK179383.1	379
MK179385.1	379
MK179388.1	379
MK179397.1	379
MK282426.1	369
MK286577.1	376
MT500614.1	379
MK313858.1	375
MK313859.1	376
MK313860.1	376
MK313861.1	377
MK313862.1	377
MK313863.1	377
MK313864.1	376
MK313865.1	374
MK313866.1	375
MK313870.1	377
MK313873.1	378
MK313875.1	373
MH094146.1	366
MK356142.1	363
AF262888.1	360
JQ306456.1	349
KC425726.1	361
KF747834.1	362
KY988983.1	363
MK306362.1	350
MK306363.1	359
MK306364.1	360
MK306365.1	350
MK306366.1	361
MK306367.1	361
MK306369.1	359
MK306370.1	358
MK306371.1	358
MK306372.1	360
MK306373.1	349
MK306374.1	349
MK306375.1	349
MK306376.1	349
MK306377.1	348
MK306378.1	360
MK306379.1	360
MK306380.1	359
MK306381.1	361
MK306382.1	361
MK306383.1	361
MK306392.1	360
MK306393.1	360
MK306394.1	360
MK306395.1	358
MK306396.1	360
MK306397.1	363
MK306400.1	360
MK306401.1	358
MK306402.1	360
MK306403.1	360
MK306404.1	360
MK306405.1	360
MK306406.1	360
MK306407.1	360
MN332383.1	362
MW559753.1	378
LC457485.1	349
LC457486.1	349
LC457487.1	349
LC457498.1	349
LC457499.1	349
LC457500.1	349
MH212238.1	392
MH212240.1	377
MH212241.1	377
MH212242.1	378
MH212243.1	377
MH212244.1	377
MH212245.1	377
MH212246.1	377
MH212247.1	377
MH212252.1	376
MH212253.1	377
MH212254.1	377
MH212257.1	377
MH212258.1	376
MH212259.1	377
MH212260.1	377
MH212261.1	377
MH212262.1	374
MH212263.1	374
MH212264.1	377
MH212265.1	378
MH212266.1	377
MH212268.1	379
MH212269.1	381
MH212270.1	379
MH212274.1	378
MH212275.1	378
OQ786055.1	352
OQ786056.1	356
OQ786068.1	362
LC460457.1	329
LC460458.1	329
AY339669.1	319
AY339672.1	319
AY339677.1	319
AY339681.1	318
AY339682.1	318
AY339687.1	317
AY339701.1	318
AY339709.1	318
AY339710.1	318
AY339711.1	318
AY339715.1	319
AY339719.1	318
AY339725.1	319
AY339731.1	318
EU347765.1	369
KX130217.1	772
KX130218.1	772
MN825223.1	348
MN825598.1	350
MN825599.1	350
PV084898.1	322
KF736994.1	322
KF737005.1	325
MH321188.1	333
OR936246.1	379
KC779675.1	366
KJ402376.1	366
MN825409.1	324
MN825410.1	324
MN825411.1	324
MN825413.1	324
MN825414.1	324
ON124743.1	388
KY438112.1	316
MF076948.1	317
MF076949.1	313
MK554635.1	378
MK554636.1	378
MK554638.1	379
MK554639.1	378
KC200814.1	348
KX873040.1	346
KX873045.1	345
KX873046.1	346
KY438028.1	313
KY438034.1	313
KY438073.1	314
KY438076.1	313
KY438097.1	313
KY438098.1	314
MK559499.1	377
MK559502.1	378
MK562745.1	322
MK562746.1	322
MN091685.1	320
MN091686.1	320
ON791521.1	425
MH710743.1	374
MH710828.1	374
MN091717.1	321
MN091718.1	322
MT923481.1	378
AJ783639.1	339
AY339741.1	319
MT109374.1	345
PV704855.1	359
KY971398.1	383
KY971399.1	383
KY971414.1	383
KY992406.1	386
KY992407.1	386
KY992408.1	386
KY992409.1	386
KY992410.1	386
KY992426.1	386
KY992432.1	386
KY992440.1	386
AM267047.1	319
AY339693.1	319
AM939451.1	319
HE657743.1	319
HE657765.1	319
HQ148745.1	320
HQ148746.1	319
HQ148747.1	319
HQ148759.1	320
HQ148762.1	320
HQ148763.1	320
HQ148786.1	319
HQ148787.1	319
HQ148796.1	319
HQ148797.1	319
HQ148798.1	319
HQ148799.1	318
HQ148804.1	320
HQ148828.1	319
HQ148829.1	319
HQ148830.1	320
HQ148831.1	319
HQ148832.1	319
HQ148833.1	319
HQ148834.1	319
HQ148835.1	319
HQ148836.1	320
HQ148837.1	319
HQ148838.1	319
JQ730817.1	320
MT108802.1	345
MT108803.1	345
AY339674.1	318
AY339686.1	316
AY339713.1	318
AY339717.1	319
AY339718.1	318
AY339730.1	319
MT922787.1	392
OM141048.1	354
EF635442.1	393
EF635454.1	393
MK595449.1	377
MK595450.1	377
MK605250.1	375
MK034040.1	399
MK034041.1	396
MK034043.1	396
MK034044.1	396
MK034049.1	395
MK034050.1	395
MK626688.1	374
MK626689.1	374
OM141040.1	352
PV900294.1	393
KY214939.1	334
MK638924.1	324
MK638928.1	338
MK638930.1	336
MK638932.1	341
MK638933.1	340
MK638934.1	341
MK638935.1	333
MK638936.1	324
MK638937.1	336
MK638943.1	329
MK638944.1	334
MK638947.1	334
MK638948.1	337
MK638949.1	331
MK638951.1	338
MK638952.1	335
MK638953.1	333
MK638954.1	327
MK638956.1	334
MK638957.1	333
MK638959.1	330
MK638962.1	331
MK638963.1	331
MK641671.1	349
MK641672.1	341
MK641679.1	341
MK641683.1	333
MK641684.1	341
MK641686.1	339
MK641687.1	341
MK641688.1	210
MK641693.1	342
MK641695.1	341
MK641696.1	341
MK641698.1	342
MK641699.1	341
MK641700.1	342
MK641702.1	340
MK641703.1	307
MK641704.1	307
MK641705.1	307
MK641706.1	341
MK641707.1	307
MK641709.1	342
MK641710.1	341
MK641711.1	341
MK641718.1	340
MK641719.1	338
MK641720.1	342
MK641721.1	341
MK641722.1	341
MK641723.1	341
MK641725.1	340
MK641726.1	341
MK641727.1	341
MT937164.1	338
MT937168.1	335
MZ015537.1	333
OM141039.1	352
OM141043.1	352
OM141044.1	352
OM141045.1	352
OM141046.1	352
OM218676.1	372
AJ616314.1	363
AJ616318.1	368
AJ616319.1	366
AY492099.1	362
MG523317.1	350
MG523350.1	361
MH014676.1	307
MH014681.1	309
MH014687.1	307
MH014691.1	306
MH014693.1	306
MH014694.1	306
MH014698.1	308
EU498142.1	353
FJ377641.1	344
KJ588939.1	762
KM025154.1	371
KT223750.1	360
LC472996.1	407
MH596710.1	359
MK165473.1	362
MK211154.1	877
MK211155.1	877
MK976749.1	430
MN114142.1	363
PX580590.1	761
PX580591.1	761
PX580592.1	761
PX580593.1	761
PX580594.1	761
PX580595.1	761
DQ210169.1	353
DQ210241.1	354
HM854608.1	366
JF934825.1	352
JF934826.1	352
KX434447.1	356
KY239254.1	363
KY971413.1	383
KY992381.1	387
MK165470.1	363
MZ191017.1	364
MZ736849.1	356
MH014677.1	307
MH014678.1	307
MH014679.1	308
MH014680.1	308
MH014683.1	307
MH014684.1	307
MH014685.1	310
MH014686.1	309
MH014689.1	308
MH014696.1	309
MH014700.1	308
OQ780774.1	380
OQ780775.1	380
PV704869.1	381
PV938552.1	380
MH763720.1	379
MK801521.1	385
MK801526.1	382
MK801527.1	382
MK801528.1	380
MK801529.1	380
MK801530.1	382
MK801531.1	382
MK801532.1	382
MK801533.1	382
MK801534.1	384
MK801535.1	385
MK801536.1	385
MK801537.1	385
MK801538.1	385
OR484638.1	361
AM939490.1	323
EU145382.1	322
FJ695446.1	343
MK801522.1	353
MK802979.1	381
MK803034.1	381
AB593553.1	365
AB593557.1	365
AB593582.1	367
AB593668.1	368
AB593670.1	367
AB847644.1	365
AB847661.1	367
AB847675.1	368
KJ170230.1	356
MN213673.1	367
MN213675.1	365
PQ804163.1	368
AJ616315.1	362
AJ616321.1	365
AJ616322.1	367
AJ616325.1	370
AJ616327.1	366
AJ616328.1	366
KP900377.1	415
LC458453.1	384
LC458454.1	384
LC458455.1	384
LC458456.1	384
EF065703.1	361
KT825415.1	358
KY992390.1	386
KY992391.1	386
KY992392.1	386
MH341196.1	351
MH341197.1	354
MH341198.1	352
MK881624.1	366
MK881625.1	366
MK895546.1	359
MK920271.1	319
MK920273.1	319
MN825500.1	351
MN825501.1	351
MN825502.1	351
MN825503.1	351
MN825504.1	351
MN825505.1	351
MN825506.1	351
MN825507.1	351
MH341195.1	351
MT923998.1	360
PP024598.1	372
MK945604.1	363
MK945605.1	363
MK945606.1	358
MK945607.1	358
MK945612.1	365
MK945617.1	365
MK945621.1	357
MK945624.1	359
MK945626.1	358
MK945627.1	364
MK945628.1	357
MK945631.1	357
MK945633.1	357
MK945638.1	357
MK945640.1	357
MK945641.1	368
MK945661.1	363
GQ888994.1	418
MH142252.1	393
MK967960.1	364
MK976746.1	417
MK976755.1	418
MK976759.1	426
MK976761.1	416
MK976762.1	417
MK976773.1	407
MK976774.1	422
MK976775.1	418
MK976780.1	419
MK976783.1	410
MK976790.1	417
MK976791.1	417
MK976792.1	417
MK976793.1	416
MK976794.1	425
MK976796.1	425
MK976807.1	417
MK976809.1	417
MK976810.1	418
MK976811.1	422
MK976821.1	427
MK976822.1	409
MK976824.1	420
MK976825.1	416
MK976829.1	407
MK976835.1	424
MK976847.1	420
MK976852.1	422
MK976859.1	417
MK976860.1	418
MK976863.1	416
MK976864.1	424
MK976865.1	426
MK976867.1	418
MK976872.1	427
MK976877.1	419
MK976882.1	422
MK976883.1	420
MK976890.1	422
MK976891.1	419
MK976896.1	422
MK976898.1	405
MN011946.1	399
MN011951.1	399
MN381985.1	385
MN381988.1	385
MN381989.1	385
MN382013.1	385
MN382014.1	385
MN382016.1	385
MN382033.1	385
MN382038.1	385
MN382039.1	385
MN382042.1	385
MN382043.1	385
MW079311.1	380
KX873020.1	353
KX873021.1	353
KX873022.1	353
MK165466.1	371
MK165468.1	362
MK165469.1	366
MK165471.1	366
MK165476.1	370
MK165479.1	367
MK165481.1	366
MN114131.1	375
MN114135.1	409
MN114136.1	411
MN114137.1	390
MN114139.1	394
MN114144.1	377
MN114145.1	365
MN114146.1	392
MN114147.1	425
MN114148.1	400
MN114150.1	373
MT023918.1	361
MT923280.1	380
OM333843.1	365
OM333877.1	365
ON009209.1	370
ON820123.1	365
OQ786063.1	364
OQ786064.1	364
OR470733.1	365
PV810087.1	378
MT023884.1	366
MT023901.1	357
MT023903.1	352
MT023909.1	352
MT023935.1	359
EU792419.1	353
EU792423.1	353
MH535098.1	376
MH535099.1	376
MH535100.1	376
MH535102.1	376
MH535103.1	376
MH535120.1	388
MH535121.1	392
MH535122.1	376
MH535107.1	362
MH535108.1	363
MH535109.1	362
MH535111.1	378
MH535112.1	378
MH535113.1	378
MH535114.1	378
MH535123.1	362
MH535124.1	379
MH535127.1	383
MH535128.1	383
MH535129.1	389
MH535130.1	383
MH535131.1	363
MH535132.1	363
MH535133.1	362
MH535134.1	362
MH535135.1	364
MH535136.1	364
MH535137.1	362
MH535139.1	377
MH535140.1	377
MH535143.1	378
MH535147.1	362
MH535148.1	368
MH535154.1	362
MH535155.1	364
MH535156.1	364
MH535157.1	375
MH535158.1	377
MH535160.1	379
MH535168.1	362
MH535173.1	363
MH535174.1	362
MH535175.1	362
MH535176.1	362
MH535177.1	362
MH535178.1	378
MH535180.1	378
MH535181.1	378
MH535182.1	378
MH535183.1	378
MH535184.1	362
MH535185.1	383
MH535186.1	378
MH535188.1	378
MH535189.1	377
MH535190.1	362
MH535191.1	362
MH535192.1	386
MH535193.1	380
MH535194.1	386
MH535195.1	386
MH535196.1	392
MH535197.1	368
MH535202.1	362
MH535203.1	362
MH535204.1	362
MH535205.1	376
MH535206.1	376
MH535207.1	378
MH535208.1	376
MH535209.1	376
MH557901.1	332
LC489161.1	349
LC489166.1	352
MH535110.1	364
MH535161.1	359
KR092948.1	381
KR092949.1	381
MK356153.1	368
MK356166.1	368
MK356167.1	368
MK356180.1	371
MK356181.1	371
MK356182.1	371
MK356183.1	373
MK356184.1	369
MK356185.1	369
MK356186.1	369
MK356187.1	362
MK356188.1	362
MK356189.1	362
MK356190.1	362
MK356193.1	365
MK356194.1	365
MK356202.1	364
MK356203.1	364
MN186256.1	364
MN186257.1	366
MN186258.1	366
MN186259.1	366
MN186260.1	364
MN186261.1	364
MN186262.1	364
MN186263.1	364
GQ396673.1	392
MN213674.1	368
MN240795.1	360
MN240799.1	360
MN240875.1	352
MN240876.1	352
MN240885.1	352
MN240886.1	352
MN240890.1	352
MN240891.1	352
MN257685.1	368
MN257731.1	389
MN257732.1	389
MN257746.1	373
MN257749.1	373
MN257839.1	368
MN257845.1	368
OQ449629.1	357
OQ449636.1	357
OQ449641.1	357
AM234067.1	378
AM234076.1	376
AM234082.1	376
AM234101.1	373
AM234128.1	375
KJ187652.1	377
KX789288.1	373
MF954063.1	378
MH446003.1	374
MK313874.1	376
MN257641.1	321
MN257642.1	364
MN257643.1	372
MN257644.1	361
MN257646.1	373
MN257647.1	358
MN257649.1	403
MN257650.1	403
MN257652.1	359
MN257653.1	378
MN257654.1	386
MN257655.1	397
MN257656.1	374
MN257657.1	343
MN257660.1	390
MN257661.1	403
MN257663.1	394
MN257664.1	416
MN257665.1	359
MN257666.1	378
MN257668.1	377
MN257673.1	371
MN257674.1	335
MN257677.1	358
MN257682.1	358
MN257688.1	440
MN257689.1	441
MN257691.1	360
MN257692.1	373
MN257694.1	372
MN257695.1	364
MN257696.1	366
MN257698.1	320
MN257701.1	386
MN257702.1	386
MN257705.1	440
MN257706.1	380
MN257711.1	371
MN257713.1	352
MN257714.1	428
MN257715.1	380
MN257718.1	373
MN257721.1	387
MN257724.1	360
MN257725.1	287
MN257728.1	365
MN257734.1	359
MN257735.1	389
MN257736.1	377
MN257737.1	374
MN257738.1	389
MN257740.1	335
MN257741.1	366
MN257743.1	364
MN257748.1	378
MN257750.1	335
MN257751.1	360
MN257752.1	360
MN257753.1	396
MN257755.1	360
MN257756.1	361
MN257757.1	371
MN257758.1	389
MN257759.1	394
MN257762.1	394
MN257766.1	393
MN257767.1	339
MN257769.1	377
MN257770.1	394
MN257776.1	377
MN257778.1	377
MN257779.1	362
MN257780.1	360
MN257781.1	377
MN257783.1	360
MN257784.1	360
MN257785.1	377
MN257787.1	393
MN257788.1	390
MN257789.1	411
MN257790.1	390
MN257792.1	383
MN257794.1	394
MN257795.1	390
MN257797.1	377
MN257802.1	377
MN257803.1	360
MN257806.1	365
MN257808.1	335
MN257809.1	367
MN257812.1	365
MN257813.1	373
MN257814.1	365
MN257816.1	408
MN257817.1	366
MN257820.1	378
MN257824.1	366
MN257826.1	359
MN257827.1	364
MN257833.1	340
MN257834.1	365
MN257835.1	365
MN257836.1	366
MN257838.1	365
MN257840.1	365
MN257841.1	365
MN257842.1	371
MN257843.1	365
MN257844.1	365
MN257846.1	368
MN257847.1	391
MN257849.1	398
MN257850.1	390
MN257854.1	404
MN257855.1	390
MN263052.1	371
OK644062.1	376
OK644063.1	377
OK644077.1	378
PP002367.1	377
AM234143.1	373
MK413692.1	378
MK413693.1	377
MK413694.1	379
MN264650.1	341
MN264651.1	334
MN264652.1	313
MN264653.1	390
MN264654.1	390
MN264658.1	357
MN264659.1	361
MN264661.1	371
MN264662.1	377
MN264664.1	427
MN264665.1	404
MN264666.1	405
MN264667.1	404
MN264668.1	404
MF954070.1	379
MN295252.1	374
MN295255.1	375
MN295257.1	375
MN295259.1	375
MN295260.1	375
MN295265.1	373
MN295272.1	377
MN295273.1	376
MN295274.1	376
MN295276.1	375
MN295279.1	376
MN295280.1	376
MN295283.1	378
MN295289.1	376
MN295290.1	376
MN295291.1	376
MN295294.1	377
MN295296.1	377
MN295299.1	377
MN295301.1	377
MN295302.1	379
MN295304.1	376
MN295305.1	378
MN295310.1	376
MN295311.1	376
MN295313.1	375
MN295314.1	376
MN295317.1	376
MN295327.1	375
MN295328.1	378
MN295329.1	378
MN295330.1	375
MN295331.1	376
MN295333.1	375
MN295334.1	375
MN295335.1	377
MN295336.1	376
MN295338.1	373
MN295341.1	376
MN295342.1	375
MN295343.1	373
MN295349.1	376
MN295350.1	377
MN295353.1	377
MN295355.1	375
MN295356.1	375
MN295357.1	376
MN295361.1	376
MN295362.1	377
MN295363.1	378
MN295364.1	377
MN295365.1	376
MN295366.1	377
MN295368.1	359
MT623514.1	375
MN295354.1	376
MN625370.1	393
MN625428.1	393
MT068500.1	342
MT068501.1	342
MT068502.1	342
MT068503.1	343
MT068504.1	343
MT068505.1	342
MK341311.1	379
MK341312.1	379
MK341321.1	379
MK341322.1	379
MK341323.1	379
MK341324.1	379
MK341325.1	379
MK341326.1	379
MK341330.1	379
MK341333.1	379
MK341334.1	379
MK341335.1	379
MK341336.1	379
MK341338.1	382
MK341342.1	381
MK341343.1	381
MK341349.1	376
MK341353.1	376
MN638942.1	386
MN638943.1	386
MN638944.1	386
MN638945.1	386
MN638946.1	386
MN638947.1	386
MN638948.1	386
MN638949.1	386
MN638950.1	386
MT726063.1	373
MT726064.1	383
MT726065.1	383
MT726066.1	383
MT726071.1	383
MT726075.1	383
MT726091.1	383
MT726095.1	383
MT726096.1	383
MT726098.1	385
MT726099.1	384
MT726102.1	375
MT726103.1	375
OL863099.1	367
PQ760053.1	323
AJ620516.1	376
AJ620517.1	376
AJ620519.1	375
AJ620520.1	376
AJ620521.1	376
AJ620524.1	376
AJ620527.1	376
AJ620529.1	376
AJ620531.1	376
AJ620532.1	376
AJ620533.1	376
AJ620534.1	376
AJ620537.1	378
AJ620540.1	376
AJ620543.1	376
KY968846.1	383
MN381979.1	385
MN381983.1	388
MN381990.1	385
MN381995.1	385
MN381997.1	385
MN382001.1	385
MN382003.1	385
MN382019.1	385
MN382029.1	385
MN382030.1	385
MN382031.1	385
MN382037.1	388
MN382044.1	385
MN382049.1	385
MN382057.1	385
MN382131.1	357
MN382132.1	357
OL442774.1	359
MN824772.1	347
MN824773.1	347
MN824774.1	347
MN824775.1	347
MN824776.1	347
MN824777.1	347
MN824779.1	347
MN824780.1	347
MN824781.1	347
MN824782.1	347
MN824783.1	347
MN824797.1	347
MN824800.1	349
MN824801.1	349
MN824812.1	348
MN824827.1	348
MN824828.1	348
MN824829.1	348
MN824830.1	348
MN824831.1	347
MN824832.1	342
MN824833.1	348
MN824835.1	348
MN824836.1	348
MN824837.1	348
MN824838.1	348
MN824857.1	346
MN824862.1	348
MN824863.1	348
MN824864.1	348
MN824865.1	348
MN824867.1	347
MN824868.1	347
MN824869.1	347
MN824870.1	347
MN824871.1	347
MN824955.1	347
MN824957.1	348
MN824960.1	353
MN824978.1	348
MN824979.1	347
MN824980.1	348
MN824981.1	348
MN824982.1	348
MN824983.1	348
MN824984.1	348
MN824985.1	360
MN824986.1	360
MN824987.1	348
MN824992.1	348
MN824993.1	348
MN824994.1	348
MN824996.1	348
MN824997.1	346
MN824998.1	348
MN825012.1	344
MN825015.1	348
MN825016.1	350
MN825017.1	350
MN825035.1	348
MN825041.1	347
MN825059.1	348
MN825060.1	348
MN825106.1	349
MN825107.1	348
MN825108.1	349
MN825109.1	348
MN825110.1	349
MN825178.1	348
MN825179.1	348
MN825180.1	349
MN825181.1	347
MN825213.1	347
MN825214.1	348
MN825215.1	347
MN825232.1	348
MN825233.1	348
MN825236.1	348
MN825261.1	348
MN825262.1	348
MN825265.1	349
MN825266.1	349
MN825267.1	349
MN825273.1	348
MN825274.1	348
MN825307.1	348
MN825308.1	348
MN825312.1	348
MN825313.1	348
MN825318.1	348
MN825319.1	348
MN825380.1	349
MN825381.1	349
MN825385.1	347
MN825386.1	347
MN825387.1	346
MN825419.1	347
MN825420.1	347
MN825421.1	348
MN825442.1	349
MN825443.1	350
MN825444.1	349
MN825446.1	348
MN825475.1	325
MN825486.1	348
MN825487.1	348
MN825488.1	348
MN825491.1	347
MN825492.1	347
MN825493.1	347
MN825513.1	347
MN825514.1	348
MN825515.1	348
MN825516.1	348
MN825543.1	350
MN825544.1	350
MN825545.1	350
MN825546.1	348
MN825596.1	353
MN825597.1	353
MN825600.1	347
MN825607.1	348
MN825608.1	348
MN825610.1	348
MN825611.1	348
MN825612.1	348
MN825613.1	348
MN825614.1	347
MN825615.1	348
MN825625.1	346
MN825626.1	346
MN825627.1	346
MN825628.1	346
MN825630.1	348
MN825632.1	348
MN825633.1	348
MN825634.1	348
MN825635.1	347
MN825636.1	351
MN825637.1	351
MN825638.1	351
MN825639.1	348
MN825640.1	348
MN825646.1	347
MN825647.1	347
MN825648.1	347
MN825760.1	348
MN825852.1	347
MN825853.1	347
MN825854.1	347
MN825855.1	347
AY725468.1	357
LC716011.1	366
MN824969.1	348
MN825225.1	347
MN825226.1	347
MN825383.1	346
MN825482.1	347
MN825483.1	347
MN825485.1	347
MN825579.1	346
MN825591.1	346
MN825658.1	348
MN825693.1	350
MN825695.1	348
MN825696.1	348
MN825717.1	349
MN825718.1	348
MN825719.1	348
MN825720.1	348
MN825726.1	349
MN825727.1	349
MN825728.1	349
MN825730.1	351
MN825731.1	351
MN825732.1	349
MN825733.1	342
MN825734.1	325
MN825737.1	347
MN825740.1	348
MN825744.1	354
MN825745.1	354
MN825746.1	354
MN825747.1	354
MN825756.1	351
MN825783.1	350
MN825784.1	347
MN825787.1	351
MN825788.1	350
MN825789.1	351
MN825797.1	348
MN825810.1	326
MN825811.1	326
MN825872.1	347
MN825873.1	347
MN825883.1	347
MN825884.1	346
MN825893.1	347
MN825896.1	350
MN825897.1	350
MN825898.1	350
MN825918.1	347
MN825919.1	346
MN825920.1	346
MN825927.1	347
MN825928.1	347
MN825932.1	360
MN825933.1	360
MN825975.1	347
MN825976.1	347
MN825977.1	347
MN825978.1	347
MN825979.1	347
MN825980.1	347
MN826019.1	347
MN826020.1	347
MN826021.1	347
MN826024.1	346
MN826028.1	348
MN826029.1	354
MN826033.1	349
MN826034.1	349
MN826048.1	349
MN826049.1	349
PV084859.1	299
MN400760.1	358
MN400761.1	358
MN400762.1	358
MN400763.1	358
MN400764.1	358
MN400765.1	358
MN418729.1	372
MN447215.1	378
MN447216.1	378
MN447217.1	378
MN447218.1	377
MN824770.1	348
MN824771.1	348
MN824786.1	324
MN824811.1	348
MN824858.1	348
MN824952.1	348
MN824953.1	348
MN825038.1	350
MN825046.1	326
MN825530.1	345
MN825779.1	407
MN824787.1	324
MN824788.1	348
MN824793.1	347
MN824794.1	347
MN824809.1	347
MN824859.1	348
MN824861.1	348
MN824873.1	334
MN824874.1	334
MN824875.1	350
MN824965.1	348
MN824966.1	348
MN824970.1	348
MN824971.1	348
MN824972.1	350
MN824974.1	349
MN824975.1	349
MN824976.1	326
MN824977.1	348
MN825002.1	347
MN825003.1	347
MN825004.1	348
MN825014.1	348
MN825018.1	349
MN825019.1	349
MN825023.1	348
MN825034.1	348
MN825044.1	348
MN825045.1	350
MN825047.1	346
MN825056.1	348
MN825058.1	348
MN825071.1	348
MN825105.1	348
MN825122.1	347
MN825123.1	347
MN825124.1	348
MN825139.1	350
MN825140.1	350
MN825142.1	350
MN825143.1	350
MN825144.1	350
MN825151.1	348
MN825152.1	348
MN825162.1	347
MN825165.1	326
MN825166.1	326
MN825168.1	326
MN825171.1	347
MN825172.1	348
MN825175.1	347
MN825176.1	348
MN825177.1	348
MN825191.1	326
MN825204.1	347
MN825205.1	347
MN825206.1	347
MN825207.1	348
MN825209.1	347
MN825210.1	353
MN825211.1	353
MN825212.1	353
MN825218.1	346
MN825219.1	346
MN825221.1	348
MN825222.1	348
MN825227.1	350
MN825235.1	349
MN825237.1	348
MN825239.1	348
MN825268.1	348
MN825269.1	348
MN825272.1	316
MN825275.1	325
MN825277.1	347
MN825298.1	347
MN825299.1	347
MN825301.1	347
MN825302.1	348
MN825303.1	348
MN825304.1	346
MN825305.1	346
MN825306.1	346
MN825333.1	325
MN825334.1	325
MN825362.1	347
MN825370.1	325
MN825371.1	353
MN825372.1	348
MN825373.1	348
MN825374.1	348
MN825375.1	349
MN825376.1	349
MN825379.1	346
MN825390.1	352
MN825391.1	352
MN825400.1	350
MN825401.1	347
MN825404.1	348
MN825405.1	347
MN825416.1	348
MN825417.1	327
MN825418.1	327
MN825429.1	348
MN825432.1	345
MN825433.1	345
MN825447.1	348
MN825448.1	348
MN825449.1	348
MN825451.1	348
MN825452.1	348
MN825453.1	348
MN825455.1	347
MN825456.1	348
MN825457.1	348
MN825459.1	348
MN825464.1	348
MN825465.1	348
MN825466.1	348
MN825467.1	348
MN825468.1	347
MN825471.1	322
MN825472.1	322
MN825477.1	348
MN825480.1	349
MN825520.1	347
MN825535.1	328
MN825537.1	347
MN825565.1	348
MN825603.1	347
MN825605.1	414
MN825645.1	347
MN825664.1	347
MN825674.1	348
MN825679.1	351
MN825707.1	348
MN825721.1	347
MN825722.1	347
MN825723.1	347
OR418062.1	352
PV084909.1	318
EF206702.1	388
MN825735.1	348
MN825785.1	348
MN825786.1	348
MN825790.1	327
MN825795.1	348
MN825800.1	346
MN825812.1	349
MN825813.1	349
MN825815.1	348
MN825826.1	351
MN825829.1	348
MN825830.1	348
MN825831.1	348
MN825832.1	349
MN825833.1	349
MN825835.1	349
MN825836.1	254
MN825837.1	349
MN825838.1	348
MN825847.1	346
MN825849.1	346
MN825850.1	346
MN825851.1	347
MN825870.1	346
MN825871.1	346
MN825875.1	349
MN825877.1	347
MN825878.1	347
MN825881.1	348
MN825882.1	348
MN825907.1	346
MN825914.1	351
MN825921.1	348
MN825922.1	348
MN825923.1	348
MN825924.1	348
MN825925.1	348
MN825926.1	348
MN825929.1	347
MN825931.1	347
MN825935.1	348
MN825939.1	349
MN825942.1	351
MN825944.1	351
MN825945.1	325
MN825946.1	346
MN825948.1	347
MN825951.1	322
MN825953.1	348
MN825959.1	348
MN825961.1	348
MN825966.1	325
MN825981.1	347
MN825982.1	346
MN825983.1	346
MN825993.1	346
MN825994.1	346
MN825995.1	345
MN825996.1	350
MN826013.1	347
MN826022.1	348
MN826023.1	348
MN826026.1	348
MN826031.1	348
MN826041.1	348
MN826042.1	348
MN826047.1	351
MT922834.1	389
PV900300.1	389
PV900303.1	389
PX622883.1	388
PX622884.1	388
KJ187607.1	377
KJ187631.1	377
MF954035.1	380
MH445976.1	377
MH445977.1	378
MH445978.1	378
MH445979.1	377
MH445980.1	376
MH445981.1	378
MH445984.1	377
MH445995.1	376
MH445997.1	381
MH446015.1	376
JX092074.1	370
JX092077.1	371
AJ626909.1	388
AJ626910.1	389
AJ626911.1	389
AJ626912.1	389
AJ626913.1	389
AJ626914.1	389
AJ626915.1	389
DQ339080.1	395
KY782406.1	385
KY782407.1	385
KY782458.1	385
KY782459.1	385
JQ730188.1	383
KY782466.1	388
KY782490.1	387
AY492095.1	364
AY492096.1	358
AY492097.1	373
AY492104.1	366
AY492111.1	373
AY492115.1	367
AY492120.1	369
AY673609.1	313
AY673610.1	313
AY741522.1	313
EU224207.1	343
KY968940.1	331
LC090006.1	401
MN824805.1	325
MN824806.1	325
MN825024.1	335
MN825036.1	322
MN825037.1	322
MN825229.1	404
MN825230.1	329
MN825279.1	329
MN825288.1	329
MN825289.1	328
MN825290.1	329
MN825291.1	329
MN825292.1	329
MN825338.1	324
MN825339.1	325
MN825340.1	325
MN825341.1	325
MN825343.1	325
MN825344.1	325
MN825345.1	325
MN825346.1	325
MN825347.1	325
MN825348.1	324
MN825350.1	325
MN825351.1	325
MN825494.1	334
MN825495.1	338
MN825496.1	333
MN825562.1	329
MN825563.1	329
MN825569.1	325
MN825570.1	325
MN825571.1	325
MN825572.1	325
MN825618.1	326
MN825619.1	326
MN825620.1	326
MN825622.1	326
MN825741.1	325
MN825742.1	325
MN825743.1	325
MN825749.1	356
MN825823.1	327
MN825825.1	327
MN825840.1	357
MN825841.1	357
MN825842.1	357
MN825856.1	324
MN825857.1	348
MN825858.1	324
MN825859.1	325
MN825905.1	324
MN825906.1	324
MN825949.1	329
MN825950.1	322
JX870698.1	297
LC489183.1	389
LC489184.1	389
LC489185.1	389
KR083103.1	392
KX229774.1	396
KX229775.1	396
KX229776.1	396
KX229777.1	396
KX229778.1	396
KX229779.1	396
KX229781.1	396
KY380006.1	394
KY486199.1	396
MK641673.1	347
MN513334.1	352
MZ663875.1	398
MZ663876.1	398
OR531505.1	347
OR531509.1	364
OR531510.1	365
OR538883.1	363
OR538884.1	362
AJ831780.1	378
LC504449.1	349
LC504450.1	349
MN543612.1	415
MN543613.1	414
MN543614.1	414
MN545627.1	314
MN545628.1	313
MN545629.1	312
MN545630.1	314
MN545633.1	314
MN545640.1	316
MN545647.1	314
MN545648.1	314
MN545649.1	313
MN545653.1	314
MN545654.1	314
MN545655.1	314
MN545656.1	314
MT500643.1	371
OL839316.1	373
KJ170232.1	356
MN589995.1	365
MN589996.1	365
MW747903.1	363
MW747904.1	363
MW747905.1	363
MW747906.1	363
MW747907.1	363
MW747908.1	363
MW747911.1	363
MW747912.1	363
AB715215.1	329
AB715216.1	329
AB715224.1	329
LC822883.1	350
LC822884.1	350
ON819588.1	330
ON819590.1	332
ON819597.1	330
ON819596.1	330
LC506602.1	418
LC506603.1	419
LC523901.1	242
MK095508.1	419
MK095509.1	419
MK095511.1	419
MK095513.1	419
MK095514.1	416
MK095515.1	419
MK095516.1	419
MK095518.1	419
MK095524.1	419
MK095525.1	419
MK095526.1	419
MK095527.1	419
MK095528.1	419
MK095529.1	419
MK095530.1	422
MK095531.1	419
MK095532.1	419
MK095533.1	419
MK095535.1	419
MK095536.1	419
MK095537.1	419
MK095539.1	419
MK095541.1	419
MK095542.1	419
MN625368.1	394
MN625369.1	394
MN625372.1	394
MN625373.1	394
MN625380.1	394
MN625381.1	394
MN625383.1	394
MN625398.1	395
MN625401.1	395
MN625403.1	394
MN625404.1	394
MN625416.1	395
MN625417.1	394
MN625418.1	394
MN625423.1	394
MN625431.1	395
MN625432.1	394
MN625433.1	394
MN625434.1	394
MN625436.1	394
AY494015.1	322
MN625363.1	395
MN625364.1	395
MN625365.1	395
MN625378.1	395
MN625379.1	395
MN625382.1	395
MN625384.1	394
MN625386.1	394
MN625387.1	394
MN625388.1	394
MN625389.1	394
MN625392.1	394
MN625393.1	394
MN625394.1	394
MN625396.1	394
MN625402.1	394
MN625407.1	395
MN625411.1	394
MN625412.1	394
MN625414.1	394
MN625415.1	394
MN625421.1	394
MN625422.1	394
MN625425.1	394
MN625426.1	394
MN625427.1	394
MN625438.1	394
MN625439.1	394
MN625440.1	394
MN625441.1	394
MN625442.1	394
MN625444.1	394
MN638856.1	393
MN638859.1	394
MN638860.1	393
ON124728.1	394
ON124729.1	394
ON124730.1	394
ON124731.1	394
ON124732.1	394
ON124733.1	394
MK184589.1	392
FJ947107.1	389
FJ947109.1	389
FJ947110.1	389
OL863005.1	369
OL863006.1	369
OL863007.1	368
OL863010.1	368
OL863060.1	359
OL863107.1	373
OL863117.1	369
FJ947108.1	389
AY554398.2	323
AY554399.1	322
AY558824.1	323
AY558825.1	322
AY560269.1	345
AY560270.1	342
AY560271.1	346
EU812830.1	345
EU812831.1	345
KC528982.1	344
KC528983.1	344
KJ025065.1	324
PV901649.1	323
AH013854.2	439
AH013855.2	442
AH013856.2	441
AH013857.2	441
AH013858.2	394
AH013859.2	442
AH013860.2	413
AH013862.2	401
AH013863.2	403
AH013864.2	443
AH013866.2	443
AH013867.2	441
AH013868.2	422
AH013869.2	434
AH013870.2	404
AY560272.1	346
AY560273.1	345
AY560276.1	347
AY560278.1	344
AY560280.1	344
AY560286.1	347
AY560288.1	347
AY560290.1	347
AY560295.1	344
EF371706.1	344
EF371707.1	344
EF371708.1	344
EF371709.1	344
EF371710.1	344
EF371711.1	344
EF371712.1	344
EF371713.1	344
EF371714.1	344
EF371715.1	344
EF371716.1	342
EF371717.1	344
EF371718.1	344
EF371719.1	344
EF371720.1	344
EF371721.1	344
EF371722.1	344
EF371723.1	344
EF371750.1	346
EF371751.1	346
EF371752.1	346
EF371753.1	346
EF371754.1	346
KC528817.1	346
KC528818.1	346
KC528819.1	346
KC528866.1	345
KC528871.1	350
KC528889.1	347
KC528890.1	347
KC528891.1	347
KC528895.1	347
KC528897.1	347
KC528900.1	345
KC528951.1	346
KC528954.1	344
KC528955.1	344
KC528956.1	343
KC528957.1	343
KC528959.1	344
KC528966.1	345
KC528967.1	345
KC528968.1	345
KC528969.1	345
KC528971.1	346
KC528972.1	346
KC528976.1	345
KC528977.1	345
KC529001.1	346
KC529003.1	346
KC529004.1	346
MW139241.1	362
AH013871.2	443
AH013872.2	439
AH013873.2	398
AH013874.2	399
AH013875.2	398
AH013876.2	397
AH013877.2	436
AH013878.2	437
AH013879.2	435
AH013880.2	443
AH013881.2	442
AH013882.2	443
AH013883.2	395
AY560305.1	354
AY560306.1	346
AY560312.1	345
AY560313.1	344
AY560315.1	345
AY560318.1	347
AY560319.1	350
EF371724.1	344
EF371725.1	344
EF371726.1	344
EF371727.1	344
EF371728.1	344
EF371729.1	344
EF371730.1	344
EF371731.1	344
EF371732.1	344
EF371733.1	344
EF371734.1	344
EF371736.1	344
EF371737.1	344
EF371755.1	344
EF371756.1	344
EF371757.1	344
EF371758.1	344
EF371759.1	344
EF371760.1	343
EF371761.1	344
EF371762.1	344
KC528894.1	347
KC528896.1	347
KC528898.1	347
KC528903.1	344
KC528938.1	345
KC528939.1	345
KC528961.1	345
KC528963.1	353
KC528970.1	346
KC528978.1	345
KC528993.1	346
KC529006.1	346
PZ502252.1	343
PZ502330.1	335
DQ866891.1	386
DQ866901.1	461
MN116776.1	329
MN585153.1	352
MN585154.1	352
MN585155.1	352
MN719945.1	361
MN719946.1	361
MN719949.1	361
MN719962.1	361
MN719970.1	368
MN719971.1	368
MN719972.1	368
MN824767.1	345
MN824768.1	345
MN826055.1	346
MT250043.1	368
MT250044.1	368
MT250045.1	368
DQ451817.1	387
DQ451819.1	387
DQ451783.1	385
DQ451786.1	385
PV900307.1	389
DQ451821.1	387
MN750384.1	363
MN750385.1	363
MN750386.1	357
MN750404.1	357
MN750405.1	357
MN750409.1	357
MN750410.1	357
MN750411.1	363
MN750415.1	363
MN750416.1	363
MN750417.1	363
MN750418.1	363
MN750420.1	363
MN750421.1	363
MN825320.1	346
MN825323.1	347
MN825359.1	348
MN825361.1	348
MN825397.1	346
MN825403.1	346
MN825478.1	347
MN825577.1	348
MN825578.1	348
MN825616.1	326
MN825617.1	326
MN825691.1	346
MN825692.1	346
MN825709.1	345
MN825791.1	347
MN825792.1	347
MN825798.1	346
MN825799.1	346
MN825868.1	347
MN825869.1	347
MN825962.1	322
MN825963.1	322
MN826027.1	348
MN826054.1	336
OP763771.1	357
OP763772.1	357
OP763773.1	357
OP763774.1	363
OP763775.1	363
OP763776.1	363
FJ907093.1	329
FJ907094.1	328
FJ907095.1	328
MN852257.1	385
MN852285.1	390
PZ013838.1	329
MN852283.1	375
MN852286.1	374
MZ191049.1	362
AJ831781.1	378
AJ831783.1	378
AJ831784.1	378
AJ831785.1	378
AJ831791.1	378
FJ384026.1	375
FJ384027.1	375
KM011961.2	378
MN879545.1	345
MT090718.1	402
EU792389.1	355
EU792395.1	352
EU792396.1	353
EU792401.1	353
EU792404.1	353
DQ385556.1	359
OR470736.1	361
OR470738.1	365
PV809998.1	365
PV810083.1	363
PV818402.1	377
FJ037873.1	345
FJ037874.1	345
GQ888958.1	406
HM347007.1	368
MN959968.1	330
MN959969.1	330
MN959972.1	329
MN960096.1	329
MN960097.1	329
HM347008.1	366
HQ858910.1	386
HQ858911.1	387
HQ858969.1	387
HQ858978.1	385
KP737520.1	387
KP737521.1	387
KP737522.1	387
KP737523.1	387
KP737524.1	387
KP737525.1	387
KP737526.1	387
KP737527.1	387
KP737528.1	387
KP737529.1	387
KP737530.1	386
KP737531.1	387
KP737532.1	387
KP737548.1	385
KP737549.1	385
KP737550.1	385
KP737551.1	385
KP737552.1	385
KP737553.1	385
KP737554.1	385
KP737555.1	385
MK302266.1	352
HQ859085.1	386
HQ859086.1	386
HQ859092.1	386
HQ859093.1	387
HQ859152.1	387
HQ859153.1	387
HQ859154.1	387
HQ859246.1	375
HQ859309.1	387
HQ859310.1	387
HQ859318.1	385
HQ859319.1	385
JQ306348.1	360
JQ995326.1	350
JQ995327.1	351
KP737556.1	384
KP737557.1	384
KP737559.1	384
KP737560.1	384
KP737561.1	384
KP737579.1	389
KP737580.1	389
KP737581.1	389
KP737582.1	389
KP737583.1	384
KP737584.1	384
KP737585.1	384
KP737593.1	386
KP737594.1	386
KP737595.1	386
KP737596.1	386
KP737614.1	380
KP737615.1	379
KP737628.1	385
KP737629.1	385
KU832447.1	387
MN332368.1	351
MN332380.1	356
MN332414.1	360
MN332415.1	360
PQ474466.1	347
HQ858930.1	387
HQ859315.1	386
KU832345.1	387
GU477715.1	356
GU477716.1	356
GU477717.1	356
MN638981.1	386
MN638982.1	386
MN638983.1	386
MN992809.1	378
MN992824.1	378
MT023934.1	355
PQ777247.1	356
KY486202.1	386
MT090714.1	402
MT090716.1	402
MT090719.1	402
PQ753357.1	362
PQ753358.1	362
PQ753368.1	362
PQ753400.1	362
PQ753438.1	362
PQ753451.1	362
PQ753454.1	362
PQ753495.1	362
PQ753496.1	362
PQ753497.1	362
PQ753505.1	362
PQ753508.1	362
PQ753509.1	362
PQ753511.1	362
PQ753512.1	362
KM005489.1	343
KM005490.1	343
KM005491.1	343
KM005492.1	343
KM005493.1	343
KM005494.1	343
KM005495.1	343
LC527432.1	396
LC527433.1	396
LC527434.1	396
MH377869.1	355
MT108804.1	345
MT108805.1	345
MT108806.1	345
MT108807.1	345
MT108808.1	345
DQ210329.1	356
MT137824.1	843
MT137825.1	843
MT137826.1	843
MT137827.1	844
MT137828.1	843
MT137829.1	843
MT137830.1	843
MT137831.1	843
MT137832.1	843
MT137833.1	843
MT137834.1	843
MT137835.1	843
MT137836.1	843
MT137837.1	843
MT137838.1	843
MT137839.1	843
MT137840.1	843
MT137841.1	843
MT137842.1	843
MT137843.1	843
MT137844.1	843
MT137845.1	843
MT137846.1	844
MT137847.1	844
MT137848.1	844
MT137849.1	844
MT137850.1	844
MT137852.1	843
MT137853.1	844
MT137855.1	844
MT137856.1	844
MT137858.1	844
MT137860.1	844
MT137862.1	844
MT137863.1	844
MT137864.1	843
MT137865.1	843
MT137868.1	843
MT137870.1	843
MT137871.1	844
MT137873.1	844
MT137874.1	843
MT137875.1	843
AY936651.1	357
LC420890.1	849
LC420895.1	849
MH477934.1	380
MH477951.1	379
MH477952.1	379
MH477954.1	379
MH477955.1	379
MH477956.1	378
MH477957.1	378
MH477958.1	379
MH477959.1	379
MH477960.1	378
MH477991.1	379
MH477992.1	379
MH477993.1	379
MH477994.1	379
MH477995.1	379
MH477996.1	379
MH478011.1	378
MH478014.1	381
MH478015.1	381
MH478016.1	381
MH478017.1	381
MH478018.1	381
MH478019.1	381
MH478020.1	381
MH478021.1	381
MH478022.1	381
MH478034.1	381
MH478035.1	381
MH478036.1	381
MH478037.1	381
MH478038.1	381
MH478039.1	381
MH478040.1	381
MH478042.1	381
MH478045.1	381
MH478054.1	381
MH478057.1	381
MH478064.1	381
MH478065.1	381
MH478066.1	380
MH478067.1	381
MH478070.1	380
MH478071.1	380
MH478072.1	380
MH478073.1	380
MH478074.1	381
MH478082.1	381
MH478083.1	381
MH478084.1	381
MH478085.1	381
MH478086.1	381
MH478090.1	368
MH478091.1	379
MH478094.1	379
MT153606.1	377
MT153607.1	377
OM060344.1	377
OM060347.1	377
OP303319.1	850
OP303320.1	850
OP303321.1	849
OP303322.1	850
OP303323.1	849
OP303324.1	849
OP303325.1	850
OP303326.1	849
OP303327.1	850
OP303328.1	850
OP303329.1	850
OP303330.1	849
OP303331.1	854
OP303332.1	850
OP303333.1	855
OP303334.1	851
MH477937.1	378
MH477938.1	378
MH477939.1	378
MH477940.1	378
MH477941.1	380
MH477942.1	380
MH477943.1	380
MH477944.1	380
MH477953.1	378
MH477965.1	379
MH477966.1	378
MH477967.1	378
MH477968.1	378
MH477969.1	378
MH477970.1	379
MH477971.1	378
MH477972.1	379
MH477973.1	379
MH477974.1	378
MH477975.1	379
MH477976.1	379
MH477977.1	379
MH478004.1	379
MH478005.1	379
MH478006.1	379
MH478087.1	368
MH478088.1	379
MH478089.1	368
MH478095.1	379
MH478096.1	379
MH478097.1	379
MH478100.1	379
MH478101.1	379
MH478102.1	379
MH478103.1	379
MH478104.1	379
MT923221.1	381
MW567730.1	379
MW567731.1	378
MW567732.1	378
MW567733.1	379
MW567734.1	379
GU799493.1	351
GU799494.1	351
GU799495.1	351
GU799501.1	351
GU799502.1	351
OM218678.1	374
MN381230.1	338
MN381231.1	338
MN381232.1	338
MN381233.1	338
MT248119.1	363
MT248120.1	363
MT248121.1	363
MT248124.1	363
MT248125.1	363
MT248126.1	363
MT248127.1	363
MT248128.1	363
MT248129.1	363
MT248130.1	363
MT248132.1	363
MZ015542.1	341
OM218691.1	381
PQ760057.1	323
MK703796.1	356
MK703797.1	359
MK703798.1	360
MT500673.1	380
ON922883.1	372
AY530741.1	377
MW187773.1	384
MW703708.1	386
MZ325998.1	321
PQ856154.1	386
MT358870.1	389
MT376884.1	400
MT384034.1	346
MT384036.1	346
MT384037.1	346
MT384038.1	346
MT384039.1	346
KY239326.1	360
MT505284.1	371
MT505285.1	360
MT505288.1	378
MT505289.1	365
MT505296.1	362
MT539156.1	348
OM886423.1	371
FJ794619.1	376
FJ794620.1	351
FJ794622.1	349
FJ794623.1	352
FJ794625.1	302
FJ794626.1	351
FJ794627.1	126
FJ794629.1	335
FJ794630.1	116
FJ794631.1	378
FJ794632.1	375
FJ794633.1	359
FJ794634.1	345
FJ794635.1	375
FJ794637.1	214
FJ794639.1	245
FJ794642.1	373
FJ794645.1	376
FJ794646.1	373
FJ794647.1	122
FJ794649.1	332
FJ794650.1	111
FJ794652.1	340
FJ794653.1	345
FJ794654.1	364
FJ794655.1	360
FJ794657.1	335
FJ794658.1	332
FJ794659.1	330
FJ794660.1	348
FJ794661.1	350
FJ794663.1	353
FJ794664.1	115
FJ794667.1	356
FJ794668.1	377
FJ794669.1	326
FJ794670.1	373
FJ794671.1	207
FJ794674.1	365
FJ794675.1	348
FJ794676.1	303
FJ794677.1	373
FJ794678.1	380
FJ794679.1	350
FJ794680.1	121
FJ794681.1	376
FJ794682.1	376
FJ794683.1	348
FJ794684.1	298
FJ794688.1	357
FJ794689.1	349
FJ794692.1	124
MN240647.1	374
MN240648.1	373
MN240669.1	375
MN240670.1	375
MN240671.1	375
MN240682.1	375
MT384035.1	345
MT500585.1	376
MT500587.1	379
MT500588.1	376
MT500590.1	373
MT500593.1	374
MT500594.1	373
MT500595.1	373
MT500596.1	373
MT500597.1	373
MT500600.1	376
MT500603.1	368
MT500604.1	376
MT500607.1	374
MT500608.1	376
MT500609.1	374
MT500611.1	374
MT500615.1	371
MT500616.1	379
MT500617.1	379
MT500618.1	379
MT500619.1	371
MT500620.1	379
MT500621.1	376
MT500622.1	375
MT500623.1	375
MT500624.1	376
MT500625.1	376
MT500626.1	376
MT500627.1	379
MT500628.1	371
MT500629.1	376
MT500630.1	371
MT500631.1	375
MT500633.1	376
MT500634.1	376
MT500636.1	376
MT500637.1	371
MT500639.1	373
MT500640.1	376
MT500641.1	376
MT500642.1	376
MT500644.1	376
MT500645.1	373
MT500646.1	373
MT500647.1	376
MT500649.1	379
MT500650.1	375
MT500651.1	375
MT500652.1	371
MT500653.1	376
MT500655.1	373
MT500656.1	378
MT500657.1	377
MT500658.1	376
MT500659.1	374
MT500660.1	374
MT500661.1	376
MT500662.1	376
MT500664.1	374
MT500665.1	376
MT500669.1	379
MT500670.1	381
MT500675.1	379
MT500676.1	379
MT500678.1	371
MT500679.1	376
PV901253.1	390
KF704971.1	352
MN240642.1	375
MN240643.1	375
MN240644.1	375
MN240645.1	375
MN240649.1	375
MN240651.1	375
MN240652.1	375
MN240653.1	375
MN240656.1	375
MN240657.1	375
MN240658.1	375
MN240659.1	375
MN240662.1	375
MN240663.1	375
MN240666.1	375
MN240672.1	375
MN240673.1	375
MN240674.1	375
MN240675.1	375
MN240676.1	375
MN240677.1	375
MN240679.1	375
MN240681.1	375
MN240683.1	375
MZ927394.1	341
OM886422.1	375
OQ396764.1	318
AY741525.1	339
AY850099.1	339
FJ381768.1	383
MT586315.1	364
MT603968.1	332
MT603969.1	332
MT603974.1	332
MT603976.1	332
MT603978.1	332
MT623513.1	376
OK644070.1	378
OK644078.1	377
PP002364.1	373
PP035952.1	379
DQ787394.1	307
JQ306346.1	352
JQ306395.1	352
MN551426.1	353
MN551427.1	352
MN551436.1	353
MN551441.1	352
MN551444.1	352
MN551447.1	352
MN551453.1	352
MN551454.1	352
MN551458.1	352
MN551460.1	354
MN551476.1	352
OP431359.1	394
OP431362.1	387
PV770039.1	351
PV770040.1	351
PV770041.1	351
PV770042.1	351
MN295254.1	375
MN295256.1	375
MN295278.1	376
MN295285.1	376
MN332331.1	359
MN332333.1	360
MN332334.1	360
MN332335.1	360
MN332336.1	359
MN332341.1	360
MN332342.1	360
MN332343.1	358
MN332345.1	359
MN332346.1	360
MN332347.1	360
MN332349.1	361
MN332350.1	359
MN332354.1	359
MN332356.1	360
MN332359.1	360
MN332364.1	359
MN332366.1	360
MN332384.1	340
MN332387.1	359
MN332395.1	351
MN332396.1	354
MN332398.1	352
MN332410.1	349
MN332412.1	349
MN332416.1	359
MN551414.1	357
MN551421.1	352
MN551433.1	352
MN551469.1	351
MN551470.1	352
MN551480.1	358
MT152902.1	356
MT703013.1	370
MT703014.1	371
MT703015.1	369
MT703016.1	371
MT774615.1	410
MT774621.1	410
MT774622.1	411
MT774632.1	411
MT774643.1	409
MT774647.1	388
MT774655.1	388
MT774664.1	388
OR552442.1	373
OR552443.1	372
OR552444.1	372
MT741856.1	388
MZ409450.1	359
MZ409452.1	354
MK988132.1	345
MT793597.1	320
MT793598.1	320
MW396589.1	323
HE657751.1	319
HQ148788.1	320
HQ148789.1	320
HQ148790.1	320
HQ148821.1	320
MN091677.1	319
MN091681.1	319
MN091682.1	319
MN091683.1	319
MN091692.1	320
MN091693.1	320
MN091694.1	322
MN091695.1	322
MN091696.1	322
MN091697.1	318
MN091698.1	319
MN091699.1	319
MN091704.1	319
MN091705.1	319
MN091706.1	320
MN091708.1	320
MN091709.1	314
MN091710.1	319
MN091711.1	319
MN091712.1	319
MN091713.1	319
MN091715.1	318
MN091716.1	318
MW527093.1	351
MT923492.1	383
MT923530.1	357
PP647894.1	366
PQ590553.1	363
PV900996.1	363
MT922594.1	350
MT922596.1	351
MT922725.1	391
MT922784.1	392
MT922827.1	392
MT923219.1	380
MT923228.1	372
MT923255.1	376
MT923697.1	366
MT923736.1	364
MT923745.1	368
MT923811.1	365
MT923851.1	371
MT924006.1	295
MT924084.1	372
OL863024.1	368
OL863025.1	368
PV900405.1	402
PV901447.1	304
JN805908.1	309
JN805917.1	308
JN805920.1	310
JN805929.1	320
JN805943.1	318
JN805948.1	327
JN872691.1	320
JN872692.1	320
MN332328.1	349
MN332339.1	360
MN332355.1	360
MN332357.1	360
MN332371.1	360
MN332378.1	352
MN332385.1	362
MN332386.1	362
MN332401.1	358
MT384031.1	310
MT948050.1	372
AF313033.1	356
KM051450.1	396
LC580225.1	367
MH711766.1	346
MT439751.1	404
MT439795.1	407
MT439796.1	407
MT439797.1	407
MT439806.1	402
MT439807.1	402
MT439808.1	402
PV900403.1	401
MW013563.1	377
MW013564.1	377
MW013565.1	377
MW013582.1	377
MW023961.1	372
MW023962.1	372
MW023967.1	372
MW023970.1	372
MW023976.1	374
MW023977.1	374
MW023978.1	376
MW023979.1	375
MW023981.1	373
MW023983.1	375
MW023984.1	374
MW023987.1	372
MW023988.1	374
MW023990.1	372
MW023994.1	374
MW023996.1	375
MW023997.1	373
MW023999.1	372
MW024056.1	349
MW025091.1	366
MW025092.1	366
MW025093.1	366
MW025106.1	366
MW025107.1	366
MW025108.1	366
MW025111.1	366
MW025112.1	366
MW025114.1	366
MW025115.1	366
MW025116.1	366
MW025117.1	366
MW025120.1	366
MW025121.1	366
OQ729925.1	377
AY705883.1	353
FJ381770.1	349
KF794075.1	289
MW035093.1	347
MW075488.1	342
MW075489.1	342
MW075490.1	342
MW075491.1	342
MW075495.1	343
MW081547.1	372
PP808918.1	373
JN805905.1	318
JN805916.1	290
JN805936.1	324
KY968858.1	386
KY968925.1	386
KY968934.1	386
LC588894.1	367
MT384030.1	319
MZ927402.1	313
MW142525.1	353
MW142526.1	357
MW142530.1	353
MW142531.1	357
MW142533.1	353
MW142534.1	357
MW142536.1	353
MW142537.1	357
MW166245.1	322
MW166246.1	322
MW250234.1	322
MZ326009.1	322
MN317868.1	365
MN317876.1	366
MN317878.1	365
MN317884.1	365
MN317902.1	365
MN317907.1	365
MN317920.1	365
MN317921.1	365
MN317927.1	364
MN907381.1	372
MW169047.1	324
MW169048.1	324
MW187774.1	384
MW187775.1	384
MZ326002.1	322
MZ366404.1	363
PV662208.1	319
PV662209.1	319
PV662213.1	320
PV662214.1	320
AY552114.1	386
AY552116.1	391
AY552155.1	380
AY552156.1	388
AY552161.1	383
DQ246677.1	383
DQ246689.1	394
KX954906.1	358
KY387917.1	391
MN317871.1	365
MN317872.1	364
MN317873.1	365
MN317875.1	365
MN317881.1	365
MN317886.1	365
MN317887.1	365
MN317891.1	365
MN317892.1	365
MN317893.1	365
MN317894.1	364
MN317896.1	366
MN317901.1	365
MN317908.1	364
MN317909.1	365
MN317913.1	365
MN317914.1	365
MN317924.1	366
MN317930.1	365
MN317932.1	365
MN317937.1	365
MN317938.1	366
MN317939.1	365
MN317940.1	366
MN317943.1	365
MN317945.1	365
MN317947.1	364
MN317949.1	364
MN317950.1	365
MN317955.1	364
MN317958.1	365
MN317960.1	365
MN317964.1	366
MN317967.1	365
MZ468557.1	388
HQ176478.1	363
MK945623.1	358
MN255131.1	368
MN255174.1	361
MN255175.1	362
MN255177.1	361
MN255178.1	361
MN255179.1	362
MN255180.1	361
MW264177.1	323
MW264178.1	323
MW703710.1	385
AJ744933.1	372
AJ744935.1	373
AJ744936.1	372
AJ744937.1	372
AJ744938.1	372
AJ744940.1	373
AJ744942.1	373
AJ744943.1	373
AJ744945.1	373
AJ744948.1	373
AJ744949.1	373
AJ744950.1	373
EU347740.1	373
EU347741.1	372
EU347742.1	374
GU219997.1	360
GU219998.1	359
JQ248888.1	349
KX057849.1	426
MN255132.1	361
MN255133.1	361
MN255137.1	361
MN255141.1	361
MN255151.1	361
MN255152.1	361
MN255153.1	361
MN255161.1	361
MN255164.1	361
MN255165.1	361
MN255166.1	361
MN255173.1	364
MN255181.1	361
MN255182.1	362
MN255183.1	361
MN255184.1	361
MN255185.1	361
MN255186.1	361
MN255187.1	361
MN255188.1	361
MN255189.1	361
MN255191.1	361
MN255192.1	361
MN255193.1	361
MN255194.1	359
MN255195.1	361
MN255196.1	361
MN255197.1	361
MN255198.1	362
MN255199.1	361
MN255200.1	361
MN255201.1	361
MN255202.1	362
MN255203.1	361
MN255205.1	361
MN255206.1	362
MN255207.1	362
MN255208.1	361
MN255209.1	361
MN255210.1	361
MN255212.1	364
MN255214.1	361
AY616709.1	370
AY616710.1	366
AY616712.1	370
AY616713.1	371
AY616715.1	371
AY616716.1	365
AY616717.1	371
AY616718.1	365
AY616720.1	366
AY616721.1	366
AY616723.1	366
AY616725.1	365
AY616726.1	367
AY616727.1	371
AY616728.1	370
AY616732.1	366
AY616733.1	370
AY616734.1	370
AY616737.1	366
AY616738.1	366
AY616740.1	366
AY616741.1	370
AY616743.1	366
AY616744.1	370
AY616745.1	370
AY616747.1	365
AY616749.1	363
KM435150.1	362
KM435178.1	362
KM435179.1	362
KM435180.1	362
KM435182.1	320
KM435184.1	338
KM435186.1	338
KM435237.1	440
MN638962.1	386
MN638963.1	386
MN638964.1	386
MN638965.1	386
MN638966.1	386
MN638967.1	386
MT565567.1	368
MT565570.1	378
MT565571.1	364
MT565578.1	374
MW025082.1	366
MW025083.1	366
MW025084.1	366
MW025085.1	366
MW025086.1	366
MW025087.1	366
MW025088.1	366
MW025097.1	366
MW025098.1	366
MW025099.1	366
MW025100.1	366
MW025101.1	366
MW025105.1	366
MW025110.1	366
MW025113.1	366
MW025118.1	366
MW025119.1	366
MZ366414.1	357
OQ629677.1	371
PP165391.1	370
AY616719.1	366
AY616722.1	371
AY616724.1	371
AY616729.1	346
AY616731.1	370
AY616742.1	365
AY616746.1	363
AY616750.1	365
KM435232.1	311
MW025096.1	366
MW396582.1	328
MW396583.1	323
MW396587.1	323
MW396588.1	323
MW741819.1	356
OR739412.1	371
PP165378.1	371
PP165379.1	371
PP165382.1	365
PP165383.1	365
FN870380.1	393
KR083154.1	322
KR083160.1	391
KR083168.1	394
KR083178.1	394
KR083179.1	394
KR083180.1	394
KR083182.1	391
KR083183.1	391
KR083184.1	391
KR083201.1	393
KR083202.1	393
KR083210.1	391
KR083274.1	393
KR083279.1	391
KR083280.1	391
KR083281.1	391
KR083282.1	391
KR083284.1	391
KR083295.1	391
KR083296.1	391
KR083297.1	391
KR083306.1	394
OM522104.1	391
OM522105.1	391
OM522106.1	391
OM522107.1	391
OM522109.1	393
OM522110.1	393
MT023893.1	359
MT023906.1	361
MT023919.1	368
MT023926.1	355
MT023937.1	357
MZ014687.1	376
AB451545.1	373
AB451546.1	382
AJ744939.1	377
AY557225.1	380
AY557226.1	377
AY557228.1	374
AY557229.1	373
AY557230.1	383
EF670344.1	369
EF670348.1	369
EF670366.1	366
EF670387.1	348
AF513697.1	343
AY552104.1	387
AY552105.1	385
AY552107.1	386
AY552108.1	386
AY552109.1	387
AY552111.1	378
AY552112.1	388
AY552119.1	389
AY552120.1	389
AY552145.1	387
HE860079.1	393
JQ730151.1	380
JX313369.1	386
JX475151.1	475
JX475152.1	475
JX475153.1	475
JX475154.1	472
JX475155.1	475
KJ777280.1	375
KJ777281.1	375
MG949326.1	378
MG949341.1	343
AY552123.1	388
AY552124.1	399
AY552125.1	396
AY552126.1	390
AY552129.1	389
AY552130.1	389
AY552131.1	391
AY552138.1	387
AY552139.1	386
AY552146.1	387
AY552149.1	387
AY552154.1	380
AY552159.1	388
AY552160.1	384
EU661433.1	392
FJ381761.1	373
FJ381762.1	373
MZ227007.1	376
OM218683.1	374
EF635446.1	392
EF635450.1	391
EF635458.1	391
EF660537.1	392
EU331117.1	393
EU331119.1	393
MW628177.1	367
OP919438.1	347
OP919439.1	350
PV495198.1	352
PV495199.1	352
PV495200.1	352
EU792348.1	354
EU792349.1	354
EU792350.1	354
FJ462475.1	382
FJ518893.1	382
MN525473.1	372
MN525488.1	372
MW669274.1	371
MW669275.1	371
MW669280.1	371
MW669281.1	371
MW669282.1	371
MW669283.1	371
MW669284.1	371
MW669285.1	371
MW669286.1	371
MW669287.1	371
MW669288.1	371
MW669289.1	371
MW669290.1	371
MW669291.1	371
MW669292.1	371
MW669298.1	371
MW669299.1	371
MW669300.1	371
MW669301.1	371
MW669302.1	371
MW669307.1	372
MW669309.1	372
MW669310.1	372
MW669311.1	372
MW669312.1	372
MW669314.1	371
MW669320.1	372
AB435655.1	367
MW703706.1	386
MW703707.1	387
MW703709.1	386
MW743275.1	364
MW747894.1	364
HG996867.1	395
EF660547.1	312
LC610888.1	389
MW760851.1	379
MW760852.1	379
MW776588.2	377
OM141081.1	353
AY552127.1	390
MW829695.1	362
MW879501.1	362
MW879502.1	362
MW879503.1	362
MW879504.1	362
MW879505.1	361
MZ015523.1	341
MZ015525.1	318
MZ015529.1	247
MZ015531.1	294
MZ015532.1	341
MZ015534.1	339
MZ015547.1	341
MZ015550.1	342
MZ015553.1	342
MZ015556.1	342
MZ015557.1	341
MZ015558.1	342
LC090017.1	391
MZ015561.1	323
OL862995.1	368
PV900535.1	378
PV900564.1	372
LC625801.1	376
LC625802.1	364
LC625806.1	310
LC625823.1	365
MW879465.1	362
MW879466.1	362
MW879467.1	362
MW879468.1	362
MW879469.1	362
MW879470.1	362
MW879471.1	362
MW879472.1	362
MW879473.1	362
MW879474.1	362
MW879475.1	362
MW879476.1	362
MW879477.1	362
MW879478.1	362
MW879479.1	362
MW879480.1	362
MW879482.1	362
MW879483.1	362
MW879484.1	362
MW879511.1	362
MW879514.1	362
MW879515.1	362
MW879518.1	362
MW892830.1	372
MW892831.1	372
MW892832.1	372
MW892833.1	372
MW892834.1	372
GQ396674.1	390
LC090003.1	403
PV900356.1	432
PV900357.1	432
MW899011.1	372
MW899012.1	372
MW899020.1	367
MW899024.1	301
PQ474464.1	353
MW938637.1	386
MW938638.1	386
MW938643.1	386
MW938644.1	386
MW938646.1	386
MW962203.1	345
PQ474511.1	313
AM745823.1	345
AM745824.1	345
AM745826.1	344
AM745827.1	344
AM745829.1	344
AM745872.1	319
AM745874.1	319
AM745896.1	346
AM745897.1	346
AM745907.1	345
AM745909.1	345
AM745924.1	335
AM745926.1	334
AM745928.1	335
AY936656.1	359
AY936659.1	353
AY936663.1	359
AY936674.1	331
AY936714.1	362
AY936715.1	362
AY936716.1	362
AY936744.1	358
AY936751.1	346
AY936752.1	344
FJ439907.1	365
FJ439909.1	364
FJ439910.1	364
JQ670926.1	358
MN257852.1	359
MZ054139.1	380
MZ054140.1	380
MZ054141.1	380
MZ054142.1	380
MZ054143.1	380
PV359339.1	366
PV359340.1	366
PV359341.1	366
AY936750.1	355
MK945647.1	366
MZ063562.1	378
MZ063563.1	378
MZ063568.1	378
MZ063614.1	378
MZ063615.1	378
MZ063617.1	378
MZ063618.1	378
MZ063619.1	378
MZ063621.1	378
MZ063623.1	378
MZ063628.1	378
MZ063629.1	378
MZ063632.1	378
MZ063633.1	378
KY657357.1	356
MZ098270.1	369
MZ153093.1	370
MZ153094.1	364
OL863082.1	368
OM333861.1	364
PV901079.1	366
AY649407.1	391
AY649408.1	391
AY649409.1	391
AY649410.1	391
AY649411.1	391
AY649412.1	391
AY649413.1	391
EU169117.1	391
EU886837.1	391
MZ227008.1	376
MZ736847.1	370
HG004786.1	325
MW602128.1	363
MW602129.1	363
PV810002.1	352
PV810073.1	352
MW602120.1	371
MW602123.1	364
MW602124.1	363
MW602125.1	354
MW602126.1	375
MW602127.1	366
MW602130.1	363
MW602131.1	362
MW602133.1	354
MW602135.1	366
MW602136.1	366
MW602137.1	364
MW602138.1	366
MW602139.1	366
MW602140.1	362
MW602142.1	363
MW602144.1	366
MW602145.1	366
MW602146.1	366
MZ326001.1	322
MZ326004.1	323
MZ326010.1	323
MZ326011.1	323
MZ326012.1	323
MZ326013.1	323
MZ326014.1	323
MZ326015.1	323
MZ326016.1	323
MZ326017.1	323
MZ326018.1	323
MZ326028.1	322
OR594016.1	368
OR594017.1	362
OR594020.1	361
OR594027.1	362
OR594041.1	366
PP713070.1	363
PP713073.1	362
PV476763.1	361
PV476764.1	366
JF301520.1	318
LC634462.1	364
LC634463.1	364
LC634464.1	364
LC634465.1	364
LC634466.1	364
LC634467.1	364
LC634468.1	364
LC634478.1	364
LC634479.1	364
LC634480.1	364
LC634481.1	364
LC634482.1	364
LC634484.1	364
LC634485.1	366
MZ326005.1	323
MZ326020.1	323
MZ326021.1	323
MZ326022.1	324
MZ326023.1	323
MZ326024.1	322
MZ326025.1	323
MZ326026.1	323
MZ326027.1	323
MZ366378.1	339
MZ366379.1	339
MZ366380.1	373
MZ366384.1	357
MZ366385.1	359
MZ366403.1	363
MZ366416.1	357
MZ366421.1	357
MZ366435.1	362
MZ411390.1	323
AJ783641.1	352
AJ783642.1	352
EF153104.1	338
KC899278.1	388
KC899279.1	388
KC899280.1	388
KC899281.1	388
KC899282.1	388
KC899283.1	388
KC899284.1	388
KC899285.1	388
KC899286.1	388
KC899287.1	388
KC899288.1	388
KC899289.1	388
KC899290.1	388
KC899291.1	388
KC899292.1	388
KC899293.1	388
KC899294.1	388
KC899295.1	388
KC899296.1	388
KC899297.1	388
KC899298.1	388
KC899299.1	388
KC899300.1	388
KC899301.1	388
KC899302.1	388
KC899303.1	388
KC899304.1	388
KC899305.1	388
KC899306.1	388
KC899307.1	388
KC899312.1	390
KC899313.1	390
KC899314.1	390
KC899315.1	390
KC899316.1	390
KC899317.1	390
KF873547.1	389
KF873548.1	389
KF873549.1	389
KF873550.1	389
KF873551.1	389
KF873552.1	389
KF873553.1	389
KF873554.1	389
KF873555.1	389
KF873556.1	389
KF873557.1	389
KF873558.1	389
KF873559.1	389
KF873560.1	389
KF873561.1	389
KF873562.1	389
KF873563.1	389
KF873564.1	389
KF873565.1	389
KF873566.1	389
KF873567.1	389
KF873568.1	389
KF873569.1	389
KF873570.1	389
KF873573.1	389
KF873574.1	389
KF873575.1	389
KX351273.1	388
KX425644.1	388
KX425645.1	388
KX425646.1	388
KX425647.1	388
KX425648.1	388
KX425649.1	388
KX425650.1	388
KX425651.1	388
KX425652.1	388
KX425653.1	388
KX425654.1	390
KX425655.1	390
KX873129.1	355
KX873130.1	355
MW166880.1	361
MW166881.1	360
MW166883.1	361
MW166884.1	360
OL584035.1	388
KC899308.1	388
KC899309.1	388
KC899310.1	388
KC899311.1	388
KF873571.1	388
KF873572.1	388
KX351271.1	388
KX351272.1	388
KX351274.1	388
KX351275.1	388
KX351276.1	388
KX351277.1	388
KX351278.1	387
KX351279.1	388
KX351280.1	388
KX351281.1	388
KX351282.1	388
KX351283.1	388
KX351284.1	388
KX351285.1	388
KX351286.1	388
KX351287.1	388
KX425656.1	388
KX425657.1	388
KX425658.1	388
KX425659.1	388
KX425660.1	388
KX425661.1	388
KX425662.1	388
KX425663.1	388
KX425664.1	388
KX425665.1	388
KX425666.1	388
KX425667.1	388
KX425668.1	388
KX425669.1	388
KX425670.1	388
KX425671.1	388
KX425672.1	388
KX425673.1	388
KX425674.1	388
KX425675.1	388
KX425676.1	388
KX425677.1	388
KX425678.1	388
KX425679.1	388
KX425680.1	388
KX425681.1	388
KX425682.1	388
KX425683.1	388
KX425684.1	388
KX425685.1	388
KX425686.1	388
KX425687.1	388
KX425688.1	388
KX425689.1	388
KX425690.1	388
KX425691.1	388
KX425692.1	388
KX425693.1	388
KX425694.1	388
KX425695.1	388
KX425696.1	388
KX425697.1	388
KX425698.1	388
KX425699.1	388
KX425700.1	388
KX425701.1	388
KX425702.1	388
KX425703.1	388
KX425704.1	388
KX425705.1	388
KX425706.1	388
KX425707.1	388
KX425708.1	388
KX425709.1	388
KX425710.1	388
KX425711.1	388
KX425712.1	388
KX425713.1	388
KX425714.1	388
KX425715.1	388
KX425716.1	388
KX425717.1	388
KX425718.1	388
KX425719.1	388
KX425720.1	388
KX425721.1	388
KX425722.1	388
KX425723.1	388
KX425724.1	388
KX425725.1	388
KX425726.1	388
KX425727.1	388
KX425728.1	388
KX425729.1	388
KX425730.1	388
KX425731.1	388
KX425732.1	388
KX425733.1	388
KX425734.1	388
KX425735.1	388
KX425736.1	388
KX425737.1	388
KX425738.1	388
KX425739.1	388
KX425740.1	388
KX425741.1	388
KX425742.1	388
KX425743.1	388
KX425744.1	388
KX425745.1	388
KX425746.1	388
KX425747.1	388
KX425748.1	388
KX425749.1	388
KX425750.1	388
KX425751.1	388
KX425752.1	388
KX425753.1	388
KX425754.1	388
KX425755.1	388
KX425756.1	388
KX425757.1	388
KX425758.1	388
KX425759.1	388
KX425760.1	388
KX425761.1	388
KX425762.1	388
KX425763.1	388
KX425764.1	388
KX425765.1	388
KX425766.1	388
KX425767.1	388
KX425768.1	388
KX425769.1	388
KX425770.1	388
KX425771.1	388
KX425772.1	388
KX425773.1	388
KX425774.1	388
KX425775.1	388
KX425776.1	388
KX425777.1	388
KX425778.1	388
KX425779.1	388
KX425780.1	388
KX425781.1	388
KX425782.1	388
KX425783.1	388
KX425784.1	388
KX425785.1	388
KX425786.1	388
KX425787.1	388
KX425788.1	388
KX425789.1	388
KX425790.1	388
KX425791.1	388
KX425792.1	388
KX425793.1	388
KX425794.1	388
KX425795.1	388
KX425796.1	388
KX425797.1	388
KX425798.1	388
KX425799.1	388
KX425800.1	388
KX425801.1	388
KX425802.1	388
KX425803.1	388
KX425804.1	388
KX425805.1	388
KX425806.1	388
KX425807.1	388
KX425808.1	388
KX425809.1	388
KX425810.1	388
KX425811.1	388
KX425812.1	388
KX425813.1	388
KX425814.1	388
KX425815.1	388
KX425816.1	387
KX425817.1	387
KX425818.1	388
KX425819.1	388
KX425820.1	388
KX425822.1	388
KX425823.1	388
KX425824.1	388
KX425825.1	388
KX425826.1	388
KX425827.1	388
KX425828.1	388
KX425829.1	388
KX425830.1	388
KX425831.1	388
KX425832.1	388
KX425833.1	388
KX425834.1	388
EU383034.1	367
JN802670.1	367
KC899272.1	394
KC899273.1	394
KC899274.1	394
KC899275.1	394
KC899276.1	394
KC899277.1	394
KM051459.1	367
KM382204.1	363
KX425821.1	386
KX425836.1	394
KX425837.1	394
KX425838.1	394
KY091370.1	409
KY091371.1	409
MN257830.1	351
MZ191028.1	348
MZ407950.1	323
MZ407951.1	322
MZ409451.1	359
MZ409454.1	356
MZ409849.1	334
OM333838.1	365
ON791518.1	425
ON791520.1	425
ON791531.1	425
ON820131.1	365
ON820132.1	365
EF529522.1	453
EF529523.1	453
EF529524.1	453
EF529525.1	453
EF529526.1	453
EF529527.1	453
EF529528.1	453
EF529529.1	453
EF529531.1	453
EF529532.1	453
EF529533.1	453
EF529534.1	453
EF529535.1	453
EF529536.1	453
KY968929.1	386
DQ632601.1	322
DQ632602.1	322
DQ632604.1	322
DQ632605.1	322
EF529537.1	453
EF529538.1	453
EF529540.1	453
EF529541.1	453
EF529542.1	453
LC638693.1	360
OM333846.1	365
ON820133.1	365
AB289464.1	367
AB289474.1	367
AB289480.1	368
AB289481.1	368
MN825066.1	326
MN825067.1	326
MN825068.1	326
MT090704.1	400
MT090705.1	401
MT090709.1	400
MZ468551.1	402
MZ468552.1	402
MZ475317.1	287
MZ475318.1	284
MZ475323.1	289
PV900314.1	390
KP738135.1	355
MK514306.1	356
OM112103.1	365
MZ578149.1	358
OR484635.1	359
KX872917.1	353
KX872928.1	354
MZ646047.1	375
MZ663836.1	387
MZ663837.1	398
MZ663838.1	398
MZ663839.1	398
MZ663840.1	398
MZ663841.1	388
MZ663858.1	398
MZ663859.1	398
MZ663860.1	398
MZ663861.1	398
MZ663862.1	382
MZ663863.1	398
MZ663864.1	398
MZ663865.1	398
MZ663866.1	398
MZ663867.1	398
MZ663877.1	382
MZ663878.1	398
MZ663879.1	398
MZ663880.1	398
MZ663881.1	398
MZ663882.1	400
MZ663883.1	382
MZ663884.1	398
MZ663885.1	398
MZ663886.1	398
MZ663887.1	398
MZ663888.1	398
MZ663889.1	398
MZ663890.1	398
MZ663891.1	398
MZ663892.1	399
MZ663893.1	399
MZ663894.1	399
MZ663895.1	399
MZ663896.1	401
MZ663897.1	399
MZ663898.1	399
MZ663904.1	398
MZ663905.1	398
MZ663906.1	398
MZ663907.1	398
MZ663908.1	398
MZ663909.1	398
MZ663910.1	391
MZ663911.1	399
MZ663912.1	398
MZ663913.1	398
MZ663914.1	398
MZ663915.1	398
MZ663916.1	398
MZ663917.1	387
MZ663918.1	399
MZ663919.1	387
MZ663920.1	391
MZ663921.1	387
MZ663922.1	398
MZ663923.1	398
MZ663924.1	398
MZ663925.1	398
MZ663926.1	398
MZ663927.1	398
MZ663928.1	399
MZ663929.1	398
MZ663930.1	398
MZ663931.1	398
MZ663932.1	398
MZ663933.1	398
MZ663934.1	399
MZ663935.1	398
MZ663936.1	398
MZ663937.1	398
MZ663938.1	398
MZ663939.1	398
MZ663940.1	398
MZ663950.1	387
MZ663951.1	398
MZ663952.1	398
MZ663953.1	398
MZ663954.1	398
MZ663955.1	398
MZ663956.1	398
MZ663957.1	398
MZ663958.1	387
MZ663959.1	387
MZ736845.1	354
MZ736846.1	355
MW013558.1	377
MW013559.1	377
MW013560.1	377
MW013561.1	377
MW013562.1	377
MW013566.1	377
MW013567.1	377
MW013568.1	377
MW013569.1	377
MW013570.1	377
MW013571.1	377
MW013572.1	377
MW013573.1	377
MW013574.1	377
MW013575.1	377
MW013576.1	377
MW013577.1	375
MW013578.1	373
MW013579.1	375
MW013580.1	375
MW013581.1	377
MW013583.1	377
MN889429.1	395
PX622467.1	395
EU792421.1	353
MH477931.1	381
MH478046.1	381
MH478047.1	381
MW541189.1	364
MW541190.1	364
MW541191.1	364
MW541194.1	364
MZ927377.1	341
MZ927412.1	328
MZ927415.1	333
OK032114.1	357
PQ474461.1	350
PQ474465.1	347
PQ474474.1	347
PQ474478.1	347
HQ329791.1	363
KP901156.1	391
OK157391.1	357
KX057831.1	363
MT726056.1	383
MT726057.1	383
MT726058.1	383
MT726068.1	384
MT726069.1	384
MT726070.1	383
MT726073.1	383
MT726077.1	383
MT726079.1	383
MT726080.1	383
MT726082.1	381
MT726086.1	383
MT726087.1	382
MT726088.1	382
MT726092.1	384
MT726093.1	384
MT726094.1	383
MT726097.1	383
ON685344.1	362
AY936657.1	353
AY936703.1	356
AY936704.1	356
OP933717.1	363
OP933719.1	363
KX686909.1	356
MT799821.1	358
MT819373.1	358
OK632276.1	370
OK644053.1	374
OK644054.1	374
OK644055.1	373
OK644056.1	374
OK644057.1	374
OK644059.1	373
OK644072.1	373
OK644074.1	373
OK644058.1	374
OK644060.1	374
OK644064.1	373
OK644066.1	373
OK644067.1	373
OK644069.1	373
OK644075.1	373
OK644076.1	429
EU792405.1	353
GQ863229.1	362
GQ863233.1	362
GQ863238.1	364
GQ863243.1	362
GQ863244.1	364
GQ863247.1	362
GQ863250.1	362
GQ863251.1	364
GQ863254.1	362
GQ863257.1	362
GQ863259.1	362
GQ863260.1	364
GQ863262.1	362
GQ863263.1	364
OL415178.1	387
PP958847.1	362
GQ863230.1	364
GQ863234.1	364
GQ863237.1	356
GQ863239.1	364
GQ863240.1	362
GQ863242.1	356
GQ863245.1	364
GQ863248.1	364
GQ863252.1	364
GQ863253.1	362
GQ863255.1	364
GQ863265.1	362
GQ863267.1	361
GQ863268.1	361
JN247412.1	356
JN247413.1	361
KP698825.1	356
KP698826.1	356
KP698831.1	355
KP698832.1	356
KP698833.1	356
KP698834.1	356
KP698835.1	356
KP698836.1	356
KP698837.1	356
KP698838.1	356
KP698839.1	356
KP698840.1	356
KP698841.1	356
KP698842.1	356
KP698843.1	356
KP698844.1	356
KX620857.1	362
KX620858.1	364
KX620859.1	362
KX620860.1	362
KX620861.1	362
OM886409.1	370
GQ863231.1	362
GQ863235.1	362
GQ863241.1	362
GQ863246.1	362
GQ863249.1	362
GQ863256.1	362
GQ863258.1	362
GQ863261.1	362
GQ863264.1	362
GQ863266.1	362
HQ615124.1	399
KX873075.1	353
MT164174.1	362
OQ241000.1	371
OQ241001.1	371
AY936749.1	358
JX313375.1	394
EU436863.1	360
OL584031.1	388
OL584038.1	392
OL584039.1	392
FJ037860.1	373
FJ037861.1	373
HF952961.1	365
JF829710.1	748
JF829711.1	743
KT001114.1	749
KT001115.1	749
KT001116.1	749
MN257703.1	386
MN257761.1	385
MN257832.1	386
OL619327.1	370
OL619328.1	370
OL619329.1	370
AY686654.1	353
AY686655.1	354
AY686656.1	353
AY686657.1	353
AY686658.1	353
AY686659.1	353
AY686660.1	352
AY686661.1	353
AY686662.1	353
AY686663.1	353
AY686664.1	353
AY686665.1	353
AY686666.1	353
AY686667.1	353
AY686668.1	353
AY686669.1	353
EU482063.1	353
EU482065.1	353
EU482066.1	353
EU482074.1	353
EU482077.1	353
LC656560.1	377
AM234074.1	337
MN638989.1	387
OL863001.1	370
OL863003.1	369
OL863004.1	368
OL863014.1	368
OL863015.1	368
OL863016.1	368
OL863026.1	368
OL863031.1	368
OL863033.1	367
OL863035.1	368
OL863036.1	368
OL863039.1	368
OL863040.1	369
OL863042.1	369
OL863043.1	369
OL863050.1	369
OL863063.1	368
OL863064.1	368
OL863066.1	367
OL863067.1	368
OL863074.1	368
OL863076.1	367
OL863077.1	367
OL863078.1	366
OL863080.1	366
OL863081.1	368
OL863088.1	368
OL863089.1	368
OL863090.1	368
OL863091.1	368
OL863092.1	368
OL863093.1	368
OL863094.1	368
OL863097.1	367
OL863108.1	371
OL863112.1	325
OL863115.1	326
OM030226.1	371
OM030227.1	371
OM030228.1	371
OM030229.1	371
OM060345.1	377
OM060348.1	377
OM112082.1	371
OM112083.1	371
OM112084.1	370
OM112085.1	370
OM112100.1	371
OM141050.1	353
OM141051.1	353
OM141059.1	353
OM141076.1	353
OM141079.1	350
OM141109.1	353
OM141111.1	353
OM141112.1	353
OM218686.1	374
OM218688.1	377
OM218689.1	376
OM218697.1	375
KT438760.1	313
OM262115.1	379
OM262116.1	379
OM262117.1	379
OM262118.1	379
OM262119.1	379
OM262120.1	379
OM262121.1	379
OM262122.1	379
OM262123.1	379
OM262124.1	379
OM262125.1	379
OM262126.1	379
OM262127.1	379
OM262128.1	379
OM262129.1	379
OM262130.1	379
OM262131.1	379
OM262132.1	379
OM262133.1	379
OM262134.1	379
OM262135.1	379
OM262136.1	379
OM262137.1	379
OM262138.1	379
OM262139.1	379
OM262140.1	379
OM262141.1	379
OM262142.1	379
OM262143.1	379
OM262144.1	379
OM262145.1	379
OM262146.1	379
OM262147.1	379
OM262148.1	379
OM262149.1	379
OM262150.1	379
OM262151.1	379
OM262152.1	379
OM262153.1	379
OM262154.1	379
OM262155.1	379
OM262156.1	379
OM262157.1	379
OM262158.1	379
OM262159.1	379
OM262160.1	379
OM262161.1	379
OM262162.1	379
AF239327.1	353
AY752488.1	346
AY870103.1	354
FM164948.1	389
FM164949.1	389
FM164950.1	389
KX872918.1	353
MW075496.1	343
MW075497.1	343
OM333842.1	365
OM333847.1	365
OM333849.1	365
OM333850.1	365
OM333854.1	365
OM333856.1	365
OM333858.1	365
OM333862.1	365
OM333863.1	365
OM333865.1	365
OM333869.1	365
OM333870.1	365
OM333872.1	365
OM333878.1	365
OM333886.1	365
ON820136.1	365
ON820143.1	365
ON820144.1	365
ON820145.1	365
ON820157.1	365
ON820158.1	365
ON820159.1	365
PP035945.1	375
PP035946.1	375
MZ927418.1	333
AY870107.1	354
AY641617.1	336
AY641619.1	336
AY641620.1	335
AY641625.1	337
AY641626.1	336
AY641627.1	335
AY641629.1	336
AY641633.1	335
AY641634.1	336
AY641639.1	335
AY641640.1	337
AY641642.1	335
AY641647.1	335
AY641648.1	336
AY641650.1	335
AY641652.1	336
AY641653.1	336
AY641654.1	335
AY641655.1	322
AY699610.1	355
AY699612.1	356
AY699613.1	356
AY699614.1	356
AY699615.1	356
AY699616.1	356
AY699617.1	356
AY699618.1	356
AY699622.1	356
AY699623.1	357
AY699625.1	358
AY699627.1	356
AY699628.1	356
AY699629.1	356
AY699630.1	356
AY699631.1	356
AY699632.1	356
AY699633.1	356
AY699635.1	356
AY699636.1	356
AY699638.1	357
AY699639.1	356
AY699641.1	356
AY699642.1	357
AY699644.1	356
EU352223.1	356
MN736447.1	355
MN750376.1	357
MN750377.1	357
MN750378.1	357
MN750379.1	357
MN750380.1	363
MN750393.1	363
MN750394.1	363
MN750395.1	363
OM458870.1	375
OM458875.1	376
OM458876.1	375
OM458877.1	375
OP763761.1	357
OP763762.1	357
OP763763.1	363
OP763768.1	363
LC682626.1	376
MN825518.1	347
MW399250.1	446
MW399251.1	446
MW399252.1	446
MW399253.1	446
MW399254.1	446
MW399255.1	446
MW399270.1	446
MW399271.1	446
MW399272.1	446
MW399273.1	446
MW399385.1	446
MW399386.1	446
MW399388.1	446
PV900342.1	369
PV900343.1	369
AJ783645.1	352
AJ812572.1	415
AJ812573.1	415
AJ812574.1	414
AJ812575.1	414
AJ812576.1	414
AJ812577.1	416
AJ812578.1	416
AJ812579.1	414
AJ812580.1	414
AJ812581.1	415
AJ812582.1	415
AJ812583.1	414
AJ812584.1	414
AJ812585.1	415
AJ812586.1	427
AJ812587.1	428
AJ812588.1	416
AJ812589.1	419
AJ812590.1	424
AJ812591.1	423
AJ812592.1	415
AJ812593.1	418
AJ812594.1	418
AJ812595.1	420
AJ812596.1	420
AJ812597.1	418
AJ812598.1	419
AJ812599.1	422
AJ812600.1	421
AJ812601.1	421
AJ812602.1	426
AJ812603.1	421
AJ812604.1	421
AJ812605.1	427
AJ812606.1	423
AJ812607.1	427
AJ812608.1	427
AJ812609.1	427
AJ812610.1	427
AJ812611.1	426
AJ812612.1	431
AJ812613.1	421
AJ812614.1	423
AJ812615.1	421
AJ812616.1	421
AJ812617.1	421
AJ812618.1	421
AJ812619.1	421
AJ812620.1	427
AJ812621.1	426
AJ812622.1	421
AJ812623.1	423
AJ812624.1	421
AJ812625.1	421
AJ812626.1	421
AJ812627.1	423
AJ812628.1	423
AJ812629.1	422
AJ812630.1	421
AJ812631.1	421
AJ812632.1	426
AJ812633.1	423
AJ812634.1	423
AJ812635.1	421
AJ812636.1	423
AJ812637.1	423
AJ812638.1	423
AJ812639.1	420
AJ812640.1	427
AJ812641.1	426
AJ812644.1	416
AJ812645.1	415
AJ812646.1	414
AJ812650.1	418
AY699634.1	356
GQ888911.1	415
GQ888988.1	418
MK976845.1	418
MN825623.1	345
MN825624.1	345
OM719995.1	360
OM836062.1	366
OM836063.1	366
OM836064.1	366
OR594045.1	366
MK179300.1	371
MK179305.1	371
MK179306.1	371
MK179308.1	371
MK179310.1	371
MK179314.1	371
MK179319.1	371
MK179320.1	365
MK179333.1	371
MK179338.1	371
MK179341.1	371
MK179358.1	371
MK179359.1	371
MK179360.1	371
MK179364.1	371
MK179365.1	371
MK179366.1	371
MK179367.1	371
MK179368.1	371
MK179369.1	371
MK179370.1	371
MK179371.1	371
MK179372.1	371
MK179373.1	371
OM886410.1	373
OM886411.1	379
OM886412.1	379
OM886413.1	375
OM886414.1	373
OM886418.1	372
OM886421.1	370
OM886425.1	381
OM888572.1	309
KJ025064.1	366
PZ626041.1	388
OM983508.1	358
OQ240998.1	368
OM992280.1	384
OM992281.1	384
OM992282.1	384
OM992283.1	384
OM992284.1	384
OM992285.1	384
OM992288.1	384
OM992289.1	384
OM992290.1	384
OM992291.1	384
ON033150.1	377
ON033176.1	392
ON124734.1	395
ON124735.1	395
ON124736.1	395
ON124737.1	395
ON124738.1	395
ON124739.1	395
MH377865.1	349
MH377866.1	349
MH377867.1	349
MH377868.1	349
ON009181.1	368
ON009182.1	367
ON009189.1	367
ON009200.1	373
ON009202.1	368
ON009203.1	368
ON009204.1	368
ON009208.1	371
ON009213.1	371
ON009215.1	366
ON009216.1	371
ON009217.1	371
ON124723.1	394
ON124724.1	395
AY725463.1	357
AY725464.1	360
AY725465.1	355
AY725466.1	357
AY725467.1	354
AY936668.1	354
AY936669.1	355
AY936686.1	355
AY936712.1	357
AY936733.1	360
KX946201.1	357
KY968910.1	356
MH373400.1	354
MH373401.1	354
MH373402.1	354
MH373403.1	354
MH373404.1	354
MH373405.1	354
MH373406.1	354
MH373407.1	354
MH373408.1	354
MH373409.1	354
MH373410.1	354
MH373411.1	354
MH373412.1	354
MH373413.1	354
MH373414.1	360
MH373415.1	360
MH373416.1	360
MH373417.1	360
MH373418.1	360
MH373419.1	360
MH373420.1	360
MH373421.1	360
MH373422.1	360
MH373423.1	360
MH373424.1	360
MH373425.1	360
ON124025.1	375
ON694122.1	371
PV704896.1	382
KF921697.1	326
KY321092.1	338
MZ475324.1	341
ON202642.1	312
ON202644.1	312
ON261402.1	389
ON286750.1	340
ON286751.1	340
AY705879.1	353
AY705880.1	353
AY705881.1	353
AY705882.1	353
AY705884.1	353
AY705885.1	353
AY705886.1	353
AY705887.1	353
AY705888.1	353
AY705889.1	353
AY705890.1	352
AY705891.1	353
AY705892.1	353
AY705893.1	352
AY705900.1	353
AY705901.1	354
AY705902.1	354
AY705903.1	353
AY705904.1	352
KY612448.1	341
KY612449.1	341
ON391672.1	351
ON391673.1	352
ON391677.1	351
ON393923.1	372
AY705894.1	357
AY705895.1	357
AY705896.1	357
AY705897.1	357
AY705898.1	357
AY705899.1	357
AY705905.1	352
AY705906.1	352
AY705907.1	353
AY705908.1	353
MK306399.1	360
ON557634.1	351
ON557643.1	352
ON557646.1	352
ON557647.1	352
ON614190.1	367
ON614191.1	367
AM234142.1	380
ON637062.1	321
ON637063.1	321
ON677963.1	374
ON694111.1	367
ON694112.1	369
ON694117.1	365
ON694118.1	364
ON694119.1	364
ON694121.1	371
OP871839.1	381
ON791517.1	424
ON791519.1	425
ON791522.1	425
ON791524.1	426
ON791525.1	425
ON791526.1	425
ON791527.1	424
ON791528.1	425
ON791529.1	425
ON791530.1	425
ON791533.1	424
ON791534.1	424
ON791535.1	425
ON791536.1	426
ON791537.1	426
ON791538.1	424
ON791539.1	426
ON791540.1	425
ON791541.1	425
ON791542.1	430
ON791543.1	426
ON818542.1	323
ON818543.1	323
AY830087.1	355
AY842254.1	356
AY936684.1	361
AY936689.1	355
AY936728.1	356
AY936735.1	356
AY936736.1	357
GU477718.1	356
GU477719.1	356
GU477720.1	356
GU477721.1	356
GU477722.1	356
GU477723.1	356
HM106987.1	356
HM106989.1	358
HM106990.1	356
MH373426.1	353
MH373427.1	353
MH373428.1	353
MH373430.1	357
ON890782.1	330
PQ460257.1	355
PQ777259.1	353
PQ777260.1	353
PQ777279.1	353
OP798422.1	374
OP798423.1	374
OP798424.1	374
OP798425.1	374
OP798426.1	374
OP798427.1	374
OP798428.1	374
OP798429.1	374
OP798430.1	374
OP798431.1	374
OP798432.1	374
OP798433.1	374
OP798434.1	374
OP798435.1	373
OP798437.1	374
OP798438.1	374
OP798442.1	374
OP798443.1	374
OP798444.1	374
OP798445.1	374
OP798446.1	374
OP798447.1	374
OP798448.1	374
OP798449.1	374
OP798450.1	374
OP798451.1	374
OP798453.1	373
OP798454.1	374
OP798455.1	374
OP798457.1	374
OP798459.1	374
OP798461.1	374
OP798462.1	374
OP798468.1	374
OP798469.1	374
OP798470.1	374
OP798471.1	374
OP798472.1	374
OP798473.1	353
OP798477.1	376
OP798478.1	376
OP798479.1	376
OP798480.1	376
OP798481.1	376
OP798491.1	374
OP798503.1	376
OP798504.1	376
OP798509.1	374
OP798510.1	374
OP798511.1	374
OP798512.1	374
OP798513.1	374
OP798514.1	374
OP798516.1	374
OP798517.1	374
OP798533.1	374
OP798534.1	374
OP798535.1	374
OP798536.1	374
OP798537.1	374
OP798538.1	374
OP798539.1	374
OP798540.1	374
OP798541.1	374
OP798560.1	373
OP798561.1	374
OP798562.1	374
OP798563.1	374
OP798564.1	374
OP798565.1	369
OP798567.1	369
OP798579.1	374
OP798592.1	374
OP798594.1	374
OP798595.1	374
OP798596.1	374
OP798597.1	374
OP798598.1	374
OP798599.1	374
OP798600.1	374
OP798601.1	374
OP798603.1	374
OP798604.1	374
OP798606.1	374
OP798607.1	374
OP798608.1	374
OP798609.1	374
OP798610.1	353
OP798611.1	353
OP798612.1	353
OP798613.1	353
OP798614.1	353
OP798615.1	353
OP798616.1	353
OP798617.1	353
OP798618.1	353
OP798619.1	353
OP798632.1	374
OP798633.1	374
OP798634.1	374
OP798636.1	374
OP798639.1	374
OP798641.1	374
OP798642.1	374
OP798643.1	374
OP798646.1	374
OP798650.1	374
OP798651.1	374
OP798653.1	374
OP798654.1	374
OP798655.1	374
OP798656.1	374
OP798662.1	374
OP798663.1	374
OP798675.1	374
OP798677.1	374
OP798679.1	374
OP798680.1	374
OP798681.1	374
OP798684.1	374
OP798689.1	374
AB120182.1	316
MT924028.1	310
ON922876.1	355
ON922878.1	354
ON922993.1	343
ON922994.1	343
OP798515.1	374
OP798637.1	353
OP798648.1	374
OP798649.1	374
OP798652.1	374
OP798657.1	374
OP798660.1	374
OP798661.1	374
OP798671.1	374
OP798678.1	374
OP798682.1	374
OP798683.1	374
OP798685.1	374
AJ550607.1	345
OP030615.1	365
KM051458.1	356
AY752467.1	365
AY752468.1	364
AY752469.1	363
AY752470.1	364
AY752472.1	364
AY752473.1	364
AY752475.1	353
AY752476.1	353
AY752478.1	372
AY752479.1	356
AY752480.1	361
AY752482.1	361
AY752483.1	361
AY752484.1	361
AY752485.1	346
AY752487.1	346
KX872929.1	356
KX872930.1	355
OP034980.1	383
KX872963.1	353
KX872964.1	353
KX872965.1	353
KX872966.1	353
OP087801.1	373
PV901314.1	353
AY752474.1	363
AB762289.1	357
KX873115.1	352
KM005513.1	343
KM005514.1	343
KM005515.1	343
KM005516.1	343
KM005517.1	343
KM005518.1	343
KM005519.1	343
KY968951.1	342
MZ833487.1	396
PV661556.1	383
AM267054.1	330
AM945215.1	328
KP878894.1	341
PV901377.1	356
KY657356.1	366
KY968890.1	385
KY968891.1	385
LC090005.1	401
OP214777.1	360
PQ753503.1	363
HF952975.1	366
KC539574.1	355
LC653147.1	389
MT117113.1	355
OX365750.1	346
PZ111859.1	358
PZ111860.1	356
MW821140.1	386
MW821143.1	386
MW821147.1	386
MW821148.1	386
MW821149.1	386
MW821151.1	386
MW821152.1	386
MW821154.1	386
MW821155.1	386
MW821163.1	386
MW821170.1	386
MW821171.1	386
KF196320.1	412
OP467561.1	371
MZ014671.1	377
MZ014672.1	377
MZ014674.1	376
MZ014675.1	376
MZ014676.1	376
MZ014677.1	377
MZ014678.1	377
MZ014683.1	374
MZ014684.1	374
MZ014685.1	374
MZ014686.1	371
JX856471.1	314
MF444902.1	399
MN011936.1	399
MN011937.1	399
MN011941.1	399
MN011942.1	399
OP431164.1	388
OP431170.1	386
OP431175.1	388
OP431176.1	388
OP431177.1	388
OP431178.1	388
OP431202.1	387
OP431203.1	392
OP431204.1	392
OP431205.1	388
OP431206.1	388
OP431212.1	389
OP431214.1	389
OP431216.1	388
OP431302.1	387
OP431303.1	388
OP431304.1	389
OP431305.1	390
OP431306.1	388
OP431307.1	388
OP431308.1	388
OP431309.1	388
OP431310.1	388
OP431311.1	388
OP431314.1	388
OP431330.1	388
OP431333.1	388
OP431334.1	389
OP431335.1	388
OP431342.1	388
OP431363.1	389
OP431364.1	385
OP431365.1	385
AM939432.1	322
KF736987.1	322
OP431165.1	388
OP431166.1	388
OP431167.1	388
OP431171.1	388
OP431172.1	388
OP431217.1	388
OP431219.1	389
OP431224.1	387
OP431241.1	389
OP431244.1	386
OP431255.1	374
OP431256.1	389
OP431257.1	389
OP431258.1	388
OP431259.1	388
OP431260.1	388
OP431261.1	388
OP431262.1	388
OP431263.1	388
OP431264.1	388
OP431267.1	391
OP431268.1	391
OP431269.1	390
OP431270.1	391
OP431271.1	391
OP431272.1	391
OP431273.1	391
OP431274.1	390
OP431275.1	391
OP431276.1	391
OP431277.1	390
OP431278.1	391
OP431279.1	391
OP431280.1	391
OP431281.1	391
OP431285.1	390
OP431298.1	388
OP431356.1	386
OP431357.1	386
FJ695466.1	320
KY411903.1	337
OP508182.1	338
AY101861.1	359
MW139237.1	359
OR238569.1	359
KY968829.1	405
AM266999.1	326
JX987527.1	371
JX987528.1	371
JX987529.1	371
JX987530.1	370
JX987531.1	370
JX987539.1	373
JX987540.1	373
MZ575595.1	352
OP592163.1	374
OP592164.1	369
OP592166.1	369
OP592167.1	374
OP592169.1	374
OP592170.1	369
OP592173.1	374
OP592176.1	366
OP592179.1	376
OP599638.1	402
OP599646.1	402
OQ274968.1	375
OQ274972.1	379
OQ274973.1	374
OQ274974.1	369
OQ274976.1	374
OQ274977.1	374
OQ274978.1	369
OQ274979.1	374
OQ274982.1	369
OQ274983.1	374
OQ274984.1	371
OQ274986.1	369
OQ274988.1	374
PQ804145.1	365
PQ804146.1	365
PV052385.1	368
PV084870.1	320
PZ054008.1	366
PZ054009.1	366
PZ054010.1	366
JX463159.1	404
MZ750389.1	332
OP605346.1	362
OP605347.1	362
OP605348.1	367
OP605349.1	367
OR594012.1	367
AM939445.1	322
AM939447.1	327
AM939523.1	321
AM939524.1	317
AM939530.1	339
KC779706.1	374
KF737000.1	322
KF737008.1	326
KF737011.1	327
OP680785.1	375
OK104771.1	366
OR594035.1	366
PQ777248.1	356
PQ777269.1	354
PQ777271.1	357
PQ777272.1	357
PV704877.1	379
PV900196.1	391
KX931037.1	357
OP798456.1	378
OP798458.1	378
OP798460.1	378
OP798559.1	378
OP798630.1	378
OP798645.1	353
OP821985.1	365
OP853102.1	354
OP853103.1	354
OP858708.1	363
PV704818.1	357
PV704819.1	357
KM104689.1	347
KM104690.1	347
KM104691.1	347
KM104692.1	347
KM104693.1	347
KM104694.1	347
KM104695.1	347
KM104696.1	347
KM104697.1	347
KM104698.1	347
KM104699.1	347
KM104700.1	347
KM104701.1	347
KM104702.1	347
KM104703.1	347
KM104704.1	347
KM104705.1	347
KM104706.1	347
KM104707.1	347
KM104708.1	347
KM104709.1	347
KM104710.1	347
KM104711.1	347
KM104712.1	347
KM104713.1	347
KM104714.1	347
KM104715.1	347
KM104716.1	347
KM104717.1	347
KM104718.1	347
KM104719.1	347
KM104720.1	347
KM104721.1	347
KM104722.1	347
KM104723.1	347
KM104724.1	347
KM104725.1	347
KM104726.1	347
KM104727.1	347
KM104728.1	347
KM104729.1	347
KM104730.1	347
KM104731.1	347
KM104732.1	347
KM104733.1	347
KM104734.1	347
KM104735.1	347
KM104736.1	347
KM104737.1	347
KM104738.1	347
KM104739.1	347
KM104740.1	347
KM104741.1	347
KM104742.1	346
KM104743.1	347
KM104744.1	347
MN257722.1	313
MN545636.1	316
MN545641.1	314
MN545642.1	313
OP933718.1	363
KM659707.1	373
AY787405.1	367
AY787406.1	367
AY787408.1	367
AY787409.1	370
AY787410.1	368
AY787411.1	367
AY787412.1	371
AY787413.1	367
AM745762.1	343
AM745783.1	345
AM745785.1	345
AM745787.1	346
AM745802.1	347
AM745804.1	347
AM745806.1	347
AM745808.1	347
AM745819.1	344
AM745821.1	350
AM745834.1	346
AM745836.1	344
AM745860.1	344
AM745884.1	319
AM745901.1	345
AM745903.1	345
AY936649.1	334
AY936693.1	354
AY936698.1	358
AY936699.1	356
AY936725.1	356
AY936743.1	355
FJ439915.1	363
FJ439916.1	363
FJ439917.1	363
FJ439918.1	363
OQ048270.1	363
OQ048272.1	363
OQ048274.1	370
PV576048.1	354
PZ111822.1	345
OQ099810.1	347
OQ099812.1	347
OQ099813.1	347
OQ099814.1	354
OQ099816.1	321
OQ099819.1	351
OQ099820.1	344
OQ099824.1	354
OQ099825.1	349
OQ099826.1	355
OQ099828.1	345
OQ099829.1	362
OQ099831.1	348
OQ099832.1	354
PV646513.1	385
PV646514.1	385
PV646515.1	385
PV646516.1	385
PV646517.1	385
PV646518.1	385
AY830088.1	357
AY830089.1	357
AY831634.1	359
KY397500.1	390
OQ240964.1	371
OQ240965.1	371
OQ240967.1	371
OQ240968.1	371
OQ240969.1	371
OQ240970.1	371
OQ240971.1	371
OQ240973.1	371
OQ240974.1	371
OQ240975.1	371
OQ240976.1	371
OQ240977.1	371
OQ240978.1	371
OQ240979.1	371
OQ240980.1	371
OQ240981.1	371
OQ240982.1	371
OQ240983.1	371
OQ240984.1	371
OQ240985.1	371
OQ240987.1	360
OQ240988.1	360
OQ240989.1	371
OQ240990.1	371
OQ240991.1	371
OQ240992.1	371
OQ240993.1	371
OQ240995.1	360
OQ240996.1	360
PV661553.1	389
KC425781.1	354
KC425782.1	354
KF747801.1	354
KF747802.1	354
KF747803.1	354
KY239342.1	361
KY239359.1	360
OQ350864.1	374
OQ350867.1	374
OQ350868.1	374
OQ350870.1	374
OQ350876.1	374
OQ350877.1	374
OQ350880.1	374
OQ350884.1	374
OQ350886.1	374
OQ350888.1	374
OQ350889.1	374
OQ350891.1	365
OQ350894.1	374
OQ350895.1	374
OQ350900.1	374
OQ350901.1	374
OQ350902.1	374
OQ350903.1	374
OQ350905.1	374
OQ350906.1	374
OQ350907.1	374
OQ350908.1	374
OQ350909.1	374
OQ350913.1	372
OQ350914.1	374
OQ350916.1	374
OQ350917.1	374
OQ350919.1	374
OQ350921.1	374
OQ350922.1	374
OQ350924.1	374
OQ350925.1	376
OQ350926.1	375
OQ350928.1	373
OQ350929.1	373
OQ350931.1	374
OQ350934.1	374
OQ350936.1	374
OQ350937.1	365
OQ350940.1	374
OQ350941.1	376
OQ350943.1	376
OQ350949.1	374
OQ350951.1	373
OQ350952.1	374
OQ350954.1	374
OQ350955.1	373
OQ350957.1	374
OQ350959.1	374
OQ350963.1	369
OQ350964.1	369
OQ350966.1	370
OQ350967.1	374
OQ350969.1	375
OQ350970.1	373
OQ350971.1	373
OQ350974.1	374
OQ350975.1	374
OQ350977.1	374
OQ350979.1	374
OQ350980.1	374
OQ350981.1	374
OQ350982.1	374
OQ350986.1	374
OQ350987.1	374
OQ350988.1	374
OQ350989.1	374
OQ350991.1	374
OQ350992.1	376
OQ350993.1	374
OQ350994.1	374
OQ350996.1	374
OQ350997.1	374
OQ350998.1	374
OQ351001.1	375
OQ351003.1	374
OQ351004.1	369
KM495213.1	389
OM311711.1	361
OM311713.1	377
OM311715.1	377
OM311716.1	366
OM311717.1	366
OM311718.1	366
OM311719.1	366
OM311721.1	366
OM311722.1	366
OM311723.1	366
OM311724.1	365
OM311725.1	366
OM311735.1	366
OM311736.1	366
OM311737.1	366
OM311738.1	366
OM311739.1	366
OM311740.1	366
OM311741.1	366
OM311742.1	366
OM311743.1	366
OM311744.1	366
OM311745.1	365
OM311746.1	366
OM311747.1	368
OM311748.1	366
OM311749.1	366
OM311750.1	366
OM311751.1	366
OM311752.1	366
OM311753.1	366
OM311754.1	366
OM311756.1	366
OM311760.1	366
OM311761.1	366
OM311762.1	366
OM311763.1	365
OM311764.1	366
OM311766.1	366
OM311767.1	366
OM311772.1	366
OM311773.1	366
OM311774.1	366
OM311775.1	366
OM311776.1	366
OQ350865.1	375
OQ350866.1	374
OQ350871.1	374
OQ350872.1	369
OQ350873.1	365
OQ350882.1	374
OQ350883.1	374
OQ350887.1	374
OQ350892.1	374
OQ350915.1	374
OQ350920.1	375
OQ350947.1	369
OQ350956.1	374
OQ350958.1	374
OQ350960.1	374
OQ350961.1	373
OQ350968.1	374
OQ350972.1	374
OQ350973.1	374
OQ350983.1	374
OQ350990.1	374
OQ350999.1	374
OQ351006.1	366
OQ376977.1	378
PQ859426.1	437
PQ859427.1	437
ON642332.1	372
OQ429027.1	355
OQ451564.1	357
OQ451565.1	357
OQ451566.1	357
OQ451567.1	357
OQ451568.1	357
OQ451570.1	352
OQ451571.1	357
OQ451572.1	352
OQ451573.1	357
OQ451574.1	357
OQ451575.1	357
OQ451576.1	329
OQ451578.1	357
OQ451579.1	357
OQ451580.1	352
OQ451581.1	357
OQ451582.1	357
OQ451584.1	357
OQ458739.1	356
OQ476073.1	373
PP855024.1	398
JF332076.1	356
AJ620523.1	376
AY673606.1	313
AY673607.1	314
AY673611.1	313
AY673612.1	313
AY673613.1	313
AY673616.1	313
AY673617.1	312
AY673618.1	340
AY673620.1	340
AY741514.1	313
OQ617446.1	377
OQ627454.1	364
OQ627455.1	367
OR594018.1	364
OR594028.1	367
PV990277.1	428
PV990278.1	431
PV990282.1	428
HQ142590.1	388
OQ645701.1	366
OQ730084.1	369
OQ730085.1	369
OQ730086.1	369
OQ730087.1	369
OQ730088.1	369
OQ730089.1	369
PV173786.1	387
DQ314171.1	378
DQ314203.1	378
KY968916.1	354
OL839315.1	373
OQ909077.1	380
OQ968812.1	366
OQ968813.1	364
OR081622.1	329
PZ111868.1	383
PZ111869.1	383
PZ111870.1	383
KY397482.1	391
OR162604.1	389
OR162606.1	389
PQ760055.1	330
KR150160.1	362
MK945650.1	369
OR347584.1	350
PV990285.1	428
AY695524.1	406
AY695525.1	402
AY695526.1	402
AY695527.1	406
AY695528.1	404
AY695529.1	404
AY695531.1	407
AY695532.1	408
AY695533.1	406
AY695534.1	408
AY695535.1	405
AY695537.1	402
AY695538.1	404
AY695539.1	402
AY695541.1	402
AY695542.1	402
AY695543.1	409
AY695544.1	409
AY695545.1	409
AY695546.1	404
AY695547.1	407
AY695548.1	402
AY695549.1	402
AY695550.1	408
AY695553.1	402
AY695554.1	402
AY695555.1	408
AY695556.1	402
AY695559.1	406
AY695581.1	402
AY695582.1	403
AY695588.1	403
AY695590.1	408
EF491263.1	403
EF491264.1	403
KF212022.1	404
KF212023.1	406
KF212024.1	406
KF212036.1	403
KF212037.1	403
KF212056.1	406
KF212063.1	403
KF212064.1	405
KF212069.1	402
KF212077.1	408
KF212091.1	402
KF212092.1	395
KF212116.1	408
KF212174.1	403
KF212175.1	403
MT439752.1	402
MT439753.1	402
MT439755.1	402
MT439756.1	402
MT439757.1	402
MT439758.1	402
MT439761.1	404
MT439762.1	404
MT439764.1	404
MT439770.1	404
MT439771.1	404
MT439772.1	404
MT439773.1	404
MT439774.1	404
MT439792.1	407
MT439793.1	407
MT439794.1	407
MT439809.1	403
MT439810.1	402
MT439811.1	402
MT439812.1	405
MT439820.1	406
AY695557.1	408
AY695558.1	410
AY695560.1	402
AY695561.1	401
AY695562.1	402
AY695563.1	402
AY695564.1	406
AY695565.1	408
AY695566.1	406
AY695567.1	407
AY695569.1	406
AY695570.1	406
AY695572.1	404
AY695573.1	402
AY695574.1	403
AY695575.1	402
AY695576.1	401
AY695577.1	402
AY695578.1	402
AY695579.1	402
AY695580.1	402
AY695583.1	403
AY695585.1	406
AY695589.1	405
EF491265.1	406
EU310245.1	408
EU310247.1	402
EU310248.1	409
EU310249.1	406
EU310250.1	409
EU310251.1	407
EU310253.1	406
EU310254.1	406
EU310255.1	410
EU310256.1	408
EU310257.1	408
EU310258.1	408
EU310259.1	408
EU310260.1	406
EU310261.1	410
EU310262.1	410
EU310263.1	408
EU310264.1	408
EU310265.1	408
EU310266.1	409
EU310267.1	408
KF212112.1	406
KF212113.1	406
KF212114.1	406
KF212118.1	402
KF212119.1	403
KF212120.1	402
KF212137.1	406
KF212139.1	403
KF212143.1	406
KF212146.1	402
KF212147.1	405
KF212148.1	406
KF212149.1	406
KF212157.1	403
KF212158.1	402
KF212164.1	402
KF212165.1	402
KF212168.1	402
MT439779.1	402
MT439780.1	402
MT439781.1	402
MT439782.1	402
MT439783.1	402
MT439785.1	402
MT439786.1	402
MT439787.1	402
MT439788.1	402
MT439789.1	402
MT439790.1	402
MT439803.1	402
MT439819.1	410
MT439823.1	402
MT439824.1	402
MT439825.1	402
MT439826.1	402
MT439830.1	402
MT439835.1	406
MT439836.1	406
OR381497.1	383
OR381499.1	384
GQ139681.1	412
GQ139683.1	412
GQ139693.1	412
KF553451.1	344
KX786506.1	365
KX786523.1	394
OR417356.1	364
OR417357.1	364
OR417358.1	364
OR418058.1	349
OR418060.1	327
OR418061.1	327
OR418063.1	348
OR418064.1	348
OR470723.1	366
OR470726.1	367
OR470728.1	366
OR470730.1	365
OR470731.1	368
OR470734.1	366
OR484621.1	357
OP881268.1	338
OP881270.1	337
OP881271.1	337
OP881272.1	336
OP881273.1	337
OP881283.1	337
OP881284.1	337
OP881285.1	337
OP881286.1	337
OP881287.1	337
OP881288.1	337
OP881300.1	341
OP881301.1	341
OP881304.1	341
OP881305.1	341
OP881306.1	341
OP881308.1	338
OP881310.1	338
OP881311.1	338
OP881312.1	338
OR594009.1	363
OR594042.1	357
OR606636.1	356
OR606637.1	356
OR606638.1	356
OR606639.1	358
OR606640.1	358
OR606641.1	358
OR606642.1	358
OR626594.1	371
AY857961.1	363
AY857962.1	368
AY857963.1	368
AY857970.1	378
AY857972.1	382
AY857973.1	379
AY857974.1	375
AY857976.1	365
OQ786054.1	344
OR680086.1	367
OR680087.1	366
OR680095.1	367
OR680102.1	367
OR680103.1	369
OR680104.1	367
OR680106.1	367
OR680107.1	366
OR680113.1	368
OR741789.1	338
DQ175574.1	315
DQ175618.1	304
KC955641.1	355
PX939340.1	361
KX954936.1	366
KX954937.1	365
KX954938.1	365
MN114130.1	377
AY730061.1	378
AY730064.1	378
AY730065.1	378
AY730066.1	378
AY730067.1	379
AY730068.1	377
AY730069.1	381
AY730070.1	382
AY730072.1	380
AY730073.1	380
AY730074.1	381
AY730076.1	381
AY730077.1	382
AY730079.1	380
AY730080.1	380
AY730081.1	381
AY730082.1	381
AY730083.1	381
GQ888996.1	419
JX870771.1	332
KU289672.1	350
KU289673.1	350
KU289674.1	350
LC375800.1	377
PP577816.1	341
PP577840.1	366
AB762287.1	351
AY730084.1	380
AY730085.1	381
AY730086.1	380
AY730089.1	380
AY730090.1	377
AY730091.1	379
AY730092.1	377
AY730094.1	382
AY730095.1	381
AY730096.1	381
AY730097.1	381
AY730098.1	379
AY730100.1	381
AY730101.1	381
AY730104.1	380
AY730105.1	380
AY730106.1	380
AY730107.1	380
AY730108.1	380
AY730109.1	378
AY730110.1	378
AY730111.1	378
AY730112.1	379
AY730113.1	380
AY730114.1	382
AY730115.1	379
AY730116.1	380
AY730117.1	379
AY730118.1	380
AY730119.1	378
AY730122.1	376
AY730123.1	377
AY730124.1	376
AY730125.1	377
AY730126.1	374
AY730127.1	374
AY730131.1	378
AY730132.1	378
AY730133.1	378
AY730135.1	378
AY730136.1	377
AY730137.1	377
DQ455660.1	380
DQ455664.1	377
LC375804.1	377
MN883374.1	381
AY730138.1	379
AY730292.1	367
AY730300.1	362
AY730306.1	365
AY730311.1	367
AY730313.1	362
AY730321.1	369
KP012475.1	365
KP012476.1	365
OR853879.1	358
OR854042.1	356
PP768830.1	356
PP768831.1	356
AY741517.1	312
AY741518.1	300
AY741519.1	312
AY741521.1	313
AY741523.1	313
AY741528.1	340
FJ565442.1	353
OR853886.1	356
OR853888.1	356
OR853969.1	356
OR854092.1	357
OR854125.1	356
OR854126.1	356
OR854152.1	348
OR854226.1	357
PV986188.1	356
PV986189.1	356
PV986385.1	356
AY870012.1	356
AY870013.1	356
AY870014.1	353
AY870015.1	356
AY870016.1	352
AY870017.1	352
AY870026.1	354
AY870027.1	354
AY870028.1	354
AY870029.1	353
AY870030.1	353
AY870031.1	356
AY870032.1	353
AY870039.1	353
AY870040.1	356
AY870041.1	356
AY870042.1	356
AY870043.1	355
AY870044.1	355
AY870045.1	356
AY870046.1	355
AY870047.1	353
AY870051.1	356
AY870053.1	352
AY870063.1	356
AY870064.1	356
AY870065.1	353
AY870066.1	355
AY870067.1	354
AY870068.1	355
AY870069.1	353
AY870070.1	353
AY870071.1	353
AY870072.1	358
AY870073.1	358
AY870074.1	356
AY870075.1	356
AY870076.1	356
AY870077.1	349
AY870078.1	353
AY870079.1	353
AY870080.1	354
AY870082.1	335
AY870085.1	353
AY870086.1	353
AY870087.1	353
AY870088.1	353
AY870089.1	353
AY870090.1	353
AY870091.1	353
AY870092.1	353
AY870096.1	353
AY870098.1	353
AY870104.1	358
AY870105.1	357
AY870106.1	353
EU123584.1	354
EU123585.1	354
EU123586.1	354
EU123603.1	353
EU123604.1	353
AY870018.1	352
AY870019.1	352
AY870020.1	343
AY870021.1	343
AY870022.1	343
AY870023.1	352
AY870024.1	352
AY870025.1	352
AY870033.1	353
AY870034.1	353
AY870035.1	353
AY870036.1	353
AY870037.1	353
AY870038.1	353
AY870048.1	356
AY870049.1	356
AY870050.1	356
AY870052.1	356
AY870054.1	357
AY870055.1	357
AY870056.1	357
AY870057.1	357
AY870058.1	357
AY870059.1	356
AY870060.1	356
AY870061.1	356
AY870062.1	356
AY870083.1	355
AY870084.1	355
AY870093.1	352
AY870094.1	353
AY870095.1	353
AY870099.1	355
AY870101.1	355
KF217174.1	398
KF923170.1	402
KF923176.1	397
KF923180.1	399
KF923181.1	397
MT090701.1	398
MT090702.1	402
HG004792.1	380
KT366098.1	380
AY752486.1	346
KX873176.1	346
KX873177.1	346
KX873178.1	346
KX873179.1	346
KX873180.1	346
AY879152.1	390
HM010958.1	380
HM010963.1	380
HM010964.1	380
HM010965.1	380
HM010966.1	380
HM010967.1	380
KY992401.1	386
KY992427.1	386
KY992428.1	386
AY879154.1	390
AY879155.1	390
AY879156.1	390
AY879157.1	390
AY879159.1	390
AY879160.1	390
AY879166.1	390
AY879167.1	390
AY879168.1	390
AY879169.1	390
AY879170.1	390
AY879173.1	390
AY879174.1	390
AY879175.1	390
AY879176.1	390
AY879177.1	390
AY879178.1	390
AY879179.1	390
AY879180.1	390
AY879181.1	390
AY879182.1	390
JN091210.1	374
MN295253.1	375
PP002373.1	375
PP002376.1	374
PP002378.1	376
PP002388.1	374
PP035929.1	378
PP035930.1	373
PP035933.1	373
PP035934.1	377
PP035941.1	377
PP035942.1	378
PP035943.1	378
PP035944.1	375
PP035947.1	378
PP035954.1	375
PP035955.1	375
PP035956.1	375
PP035959.1	375
PP035960.1	375
PP035961.1	375
PP035962.1	376
PP035963.1	377
PP035964.1	375
PP035969.1	375
PP035970.1	373
PP038298.1	372
PP038299.1	372
PP038300.1	371
PP049774.1	373
PP060556.1	375
PP060575.1	374
MN295307.1	375
MN295308.1	376
PP002393.1	376
PP035957.1	375
AM234108.1	375
AM234109.1	375
EU792332.1	355
JN091204.1	374
JN091205.1	374
JN091208.1	374
KU164798.1	374
KU164814.1	376
KU164821.1	374
PP035928.1	375
PP165381.1	370
PP165386.1	370
PP165387.1	370
PP165388.1	370
PP165389.1	372
PP165390.1	372
JX313366.1	395
PP456691.1	400
PP456694.1	387
PP456696.1	389
PP456698.1	399
PP456699.1	396
PP456700.1	395
PP456701.1	396
PP456702.1	396
PP456704.1	395
PP456705.1	401
PP456706.1	395
PP456707.1	396
PV809997.1	365
EF079434.1	368
EF670377.1	366
JX862578.1	354
JX862580.1	354
JX862634.1	354
PP447377.1	386
PP447381.1	387
PP447384.1	393
PQ474544.1	343
EU338022.1	371
JX840494.1	314
PV661554.1	390
LC610873.1	389
LC610874.1	389
PP537971.1	368
PP537972.1	368
PP537973.1	368
PQ842533.1	370
PQ842534.1	370
PQ842535.1	370
PQ842536.1	370
AJ421001.1	368
AJ550613.1	344
PP565936.1	369
PP565939.1	367
PP577801.1	365
PP577807.1	370
PP577809.1	332
PP577813.1	333
PP577814.1	371
PP577818.1	387
PP577820.1	342
PP577822.1	331
PP577824.1	376
PP577825.1	373
PP577826.1	362
PP577828.1	337
PP577830.1	360
PP577832.1	332
PP577833.1	333
PP577839.1	358
PP577843.1	324
PP577844.1	328
AF509817.1	344
KY968955.1	341
LN607423.1	337
LN607441.1	394
LN607445.1	392
LN607486.1	391
LN607488.1	392
LN607499.1	392
LN607503.1	393
LN607545.1	391
LN607549.1	392
LN607585.1	391
LN607592.1	394
LN607596.1	337
PV900710.1	375
PV900714.1	375
EU224206.1	339
LN607512.1	394
LN607519.1	391
LN607525.1	394
LN607526.1	394
LN607527.1	394
LN607532.1	393
LN607546.1	392
MT922590.1	353
MT922591.1	351
PP713071.1	363
PP713072.1	363
KR083257.1	391
KR083258.1	391
PP764804.1	389
PP764805.1	389
PP764806.1	394
PP764807.1	394
PP764808.1	394
PP766544.1	367
PP768063.1	367
PP897029.1	361
PP897030.1	361
PV489920.1	367
PV489921.1	367
PV489922.1	367
LC822885.1	350
MN295344.1	373
PP002390.1	374
PP767957.1	352
MG523316.1	356
PP855023.1	398
PP855044.1	396
PP855058.1	398
PV704897.1	384
HQ615109.1	400
PV901457.1	370
PV901458.1	370
EF635449.1	393
FJ037823.1	387
KP794397.1	371
KP794398.1	371
MH891850.1	312
OM886408.1	369
OM886424.1	372
PZ111902.1	387
KP794317.1	370
KP794323.1	374
KP794324.1	374
KP794365.1	374
KP794403.1	371
KP794404.1	371
KP794405.1	371
KP794406.1	371
KP794407.1	371
KP794427.1	377
KP794428.1	377
KP794430.1	377
KP794435.1	366
KP794436.1	366
KP794444.1	380
KP794445.1	380
KP794446.1	381
KP794447.1	381
MH229893.1	395
EF635471.1	359
HM116993.1	354
EF108394.1	389
KY645501.1	424
PV162825.1	401
EF107651.1	392
EF108393.1	392
EF108400.1	389
LC434635.1	401
MF440602.1	392
AM404333.1	369
AM404334.1	349
AM404335.1	369
AM404336.1	349
AM404338.1	348
AM404339.1	350
AM404340.1	355
AM745759.1	345
AM745761.1	345
AM745789.1	345
AM745790.1	345
AY851062.1	379
AY851063.1	379
AY851064.1	376
AY851065.1	376
AY851066.1	376
AY851067.1	376
AY851068.1	376
AY851069.1	379
AY851070.1	379
AY851071.1	378
AY851072.1	379
AY936648.1	342
AY936662.1	355
AY936664.1	358
AY936665.1	359
EU912021.1	359
EU912022.1	359
EU912023.1	359
EU912040.1	354
EU912041.1	354
EU912056.1	357
EU912058.1	357
EU912060.1	357
EU912061.1	357
FJ439906.1	363
AY936652.1	356
AY936653.1	357
AY936654.1	359
AY936655.1	357
AY936658.1	353
AY936667.1	358
AY936670.1	357
AY936671.1	355
AY936673.1	357
AY936675.1	357
AY936676.1	356
AY936677.1	357
AY936678.1	356
AY936679.1	355
AY936680.1	356
AY936681.1	357
AY936682.1	334
AY936683.1	355
AY936685.1	355
AY936688.1	355
AY936690.1	359
AY936691.1	359
AY936694.1	356
AY936695.1	356
AY936696.1	357
AY936697.1	357
AY936700.1	357
AY936701.1	359
AY936702.1	354
AY936706.1	356
AY936708.1	356
AY936709.1	355
AY936710.1	356
AY936711.1	356
AY936717.1	354
AY936718.1	354
AY936719.1	356
AY936720.1	355
AY936721.1	357
AY936722.1	357
AY936723.1	356
AY936724.1	357
AY936726.1	333
AY936729.1	354
AY936730.1	357
AY936731.1	357
AY936732.1	355
AY936734.1	359
AY936737.1	356
AY936739.1	360
AY936740.1	352
AY936741.1	355
AY936745.1	365
AY936746.1	358
AY936747.1	359
AY936748.1	362
KY091110.1	353
KY091111.1	353
KY091112.1	353
KY091113.1	353
KY091114.1	353
KY091115.1	353
KY091116.1	353
MF444900.1	399
MH373429.1	357
ON689028.1	324
OQ851299.1	324
OQ851301.1	323
OQ851302.1	324
PQ777270.1	354
MT726060.1	384
AY876276.1	386
AY876277.1	386
AY876278.1	386
AY876279.1	386
AY876280.1	386
AY876281.1	386
AY876282.1	386
AY876283.1	386
KY321081.1	389
KY321095.1	352
KY321096.1	352
KY321103.1	358
KY321110.1	355
KY321111.1	355
KY321112.1	355
KY321113.1	355
KY321114.1	355
KP878329.1	398
KP878365.1	398
KY321109.1	340
PP969753.1	369
PP969755.1	369
PP969756.1	369
PP969757.1	369
PP969758.1	369
LC830866.1	371
LC830867.1	371
LN515406.1	372
PQ045858.1	314
PQ045859.1	314
DQ813301.1	404
EF114671.1	403
OR531483.1	363
OR531484.1	363
OR531485.1	363
OR531486.1	363
OR531487.1	363
OR531488.1	363
OR531489.1	369
OR531490.1	369
OR531491.1	369
OR531492.1	369
JQ341258.1	335
JQ341263.1	337
JQ341264.1	339
OR531498.1	353
PQ195666.1	382
HG004859.1	414
MH477936.1	380
PV900075.1	390
PV900077.1	390
PV900078.1	390
KY971439.1	386
MH477932.1	379
MK641675.1	341
MK641682.1	341
EF635464.1	428
MF543813.1	297
OQ874672.1	362
AY955780.1	379
AY955782.1	380
AY955783.1	381
AY955785.1	378
AY955797.1	372
AY955799.1	376
AY955802.1	364
AY955803.1	384
AY955806.1	346
AY955808.1	393
AY955816.1	371
AY955821.1	353
AY955823.1	371
DQ787421.1	376
GQ888892.1	369
KY306574.1	384
KY306640.1	380
KY306642.1	380
KY306650.1	375
KY968844.1	373
MG523341.1	363
MG523342.1	363
MG523343.1	363
MG523344.1	363
MG523345.1	363
MG523346.1	363
MG523347.1	363
MG523348.1	363
MG523349.1	364
PP855026.1	396
PP855027.1	396
PV455976.1	396
AB289470.1	367
AB289471.1	367
AB289472.1	367
AB289473.1	367
AB289482.1	378
MZ014688.1	377
EU912027.1	355
EU912028.1	355
EU912038.1	357
KT763381.1	355
KT763384.1	379
KY306587.1	390
KY306657.1	363
MG949382.1	364
MZ014673.1	375
MZ014679.1	374
MZ014680.1	374
MZ014681.1	374
MZ014682.1	374
HQ608220.1	353
KR534433.1	398
KR534458.1	398
MT949933.1	336
EU912036.1	355
EU912037.1	355
EU912043.1	354
EU912044.1	354
HM116955.1	831
JN805949.1	325
MG924888.1	339
KX130204.1	771
KY968860.1	380
KY968861.1	380
KY968901.1	380
KY968902.1	380
KY968933.1	380
LC593158.1	380
HQ142576.1	388
HQ142582.1	388
HQ142584.1	388
HQ142592.1	388
HQ142593.1	388
HQ142594.1	388
HQ142595.1	388
KF193571.1	318
KX130176.1	772
KX130177.1	772
KX130179.1	772
KY215062.1	356
LC090008.1	402
AB675711.1	393
AB675900.1	393
AB675915.1	392
HM347015.1	344
PZ294660.1	342
PZ294662.1	342
AJ492460.1	351
DQ314155.1	378
EF079431.1	377
EF079438.1	370
EF670329.1	376
EF670330.1	376
EF670331.1	376
EF670357.1	366
EF670368.1	366
EF670369.1	366
EF670370.1	366
EF670371.1	366
GQ478098.1	378
KT366051.1	373
KT366102.1	378
KY968849.1	378
MG693002.1	377
EF079439.1	366
EF670364.1	368
EF670372.1	367
EF670379.1	375
EF670380.1	373
EF670381.1	366
EF670382.1	366
EF670383.1	373
EF670384.1	372
KP100299.1	352
LC090011.1	403
MN257710.1	403
MN257719.1	403
MN257764.1	403
MT940443.1	367
PX810287.1	360
JQ954562.1	361
PQ282454.1	323
PQ282456.1	323
PQ282458.1	323
PQ282460.1	320
PQ282461.1	323
PQ282465.1	324
PQ282466.1	324
PQ282467.1	325
PQ282468.1	322
PQ282469.1	323
PQ282470.1	321
KC200709.1	318
KC200838.1	342
KC200962.1	352
KC201012.1	322
KC201059.1	318
KC201060.1	318
KC201102.1	330
KC201103.1	330
KC201104.1	330
KC201110.1	333
KC955587.1	323
KC955694.1	323
KC955695.1	323
KC955704.1	330
KC955705.1	335
KU164820.1	375
PQ278855.1	380
PQ278856.1	381
AM234135.1	373
AM234136.1	373
PV495751.1	425
PQ351917.1	356
PV173776.1	387
PV173781.1	387
PV173785.1	387
PV173790.1	386
PV173791.1	389
PV173795.1	389
PV173797.1	389
PV173798.1	389
PV173799.1	389
PV173800.1	387
PV173805.1	387
PV173807.1	387
PV173809.1	387
PV173810.1	387
PV173811.1	385
PV434877.1	387
PV173779.1	387
PV173782.1	387
PV173783.1	387
DQ059392.1	377
DQ059393.1	377
AB593552.1	367
DQ059412.1	377
DQ059413.1	377
KX873033.1	353
KX873034.1	353
KX873185.1	352
AY730297.1	362
DQ059400.1	377
DQ059401.1	377
DQ059403.1	377
DQ059411.1	377
FJ037857.1	356
MN736448.1	355
KC798473.1	379
KX872981.1	354
MZ960148.1	371
PQ474449.1	333
PQ474451.1	347
PQ474452.1	347
PQ474453.1	352
PQ474459.1	347
PQ474462.1	352
PQ474463.1	345
PQ474467.1	347
PQ474468.1	347
PQ474470.1	347
PQ474471.1	358
PQ474472.1	344
PQ474473.1	348
PQ474475.1	353
PQ474477.1	346
PQ474479.1	344
PQ474480.1	348
PQ474483.1	327
PQ474486.1	299
PQ474487.1	299
PQ474488.1	306
PQ474490.1	307
PQ474492.1	310
PQ474493.1	309
PQ474494.1	312
PQ474495.1	307
PQ474496.1	312
PQ474497.1	312
PQ474498.1	310
PQ474499.1	309
PQ474501.1	300
PQ474502.1	316
PQ474503.1	315
PQ474504.1	299
PQ474506.1	310
PQ474507.1	299
PQ474508.1	300
PQ474510.1	317
PQ474512.1	307
PQ474513.1	268
PQ474514.1	309
PQ474515.1	307
PQ474516.1	299
PQ474517.1	314
PQ474518.1	310
PQ474519.1	311
PQ474520.1	311
PQ474521.1	309
PQ474522.1	310
PQ474523.1	318
PQ474526.1	312
PQ474527.1	312
PQ474528.1	312
PQ474529.1	309
PQ474530.1	313
PQ474532.1	308
PQ474533.1	304
PQ474534.1	313
PQ474545.1	346
PQ474546.1	331
PQ474547.1	326
MW669315.1	370
MW669316.1	370
PQ590554.1	363
PQ590555.1	363
PQ590556.1	363
PQ590557.1	363
PQ590558.1	363
PQ590559.1	363
PQ590560.1	363
PQ590561.1	363
PQ590563.1	363
PQ590564.1	363
PQ590567.1	363
PQ590568.1	363
PQ590569.1	363
PQ590570.1	363
PQ590571.1	363
PQ590579.1	363
PQ590580.1	363
PQ753356.1	363
PQ753359.1	362
PQ753360.1	362
PQ753361.1	362
PQ753363.1	362
PQ753366.1	363
PQ753373.1	362
PQ753374.1	362
PQ753376.1	362
PQ753378.1	362
PQ753379.1	362
PQ753381.1	362
PQ753383.1	362
PQ753384.1	362
PQ753386.1	362
PQ753387.1	362
PQ753389.1	362
PQ753391.1	362
PQ753393.1	362
PQ753396.1	362
PQ753397.1	362
PQ753398.1	363
PQ753401.1	362
PQ753402.1	362
PQ753403.1	362
PQ753404.1	362
PQ753405.1	362
PQ753406.1	362
PQ753407.1	362
PQ753408.1	362
PQ753409.1	362
PQ753410.1	362
PQ753411.1	362
PQ753412.1	362
PQ753413.1	362
PQ753416.1	362
PQ753418.1	362
PQ753419.1	362
PQ753420.1	362
PQ753422.1	362
PQ753424.1	362
PQ753425.1	362
PQ753427.1	362
PQ753428.1	362
PQ753429.1	362
PQ753430.1	362
PQ753431.1	362
PQ753432.1	362
PQ753433.1	363
PQ753436.1	364
PQ753439.1	362
PQ753440.1	362
PQ753442.1	362
PQ753443.1	362
PQ753444.1	362
PQ753445.1	362
PQ753449.1	362
PQ753450.1	362
PQ753452.1	362
PQ753455.1	362
PQ753456.1	362
PQ753457.1	362
PQ753459.1	362
PQ753461.1	362
PQ753464.1	362
PQ753466.1	362
PQ753467.1	362
PQ753468.1	362
PQ753469.1	362
PQ753470.1	362
PQ753471.1	362
PQ753472.1	362
PQ753475.1	362
PQ753476.1	362
PQ753477.1	362
PQ753481.1	362
PQ753482.1	362
PQ753484.1	362
PQ753485.1	362
PQ753486.1	362
PQ753487.1	362
PQ753489.1	362
PQ753501.1	362
PQ753502.1	362
PQ753506.1	362
PQ753507.1	362
PQ753514.1	362
PQ753515.1	362
PQ753516.1	362
PQ753517.1	362
PQ753518.1	362
PQ753519.1	361
PQ753522.1	362
PQ753523.1	362
PQ753524.1	362
AB223151.1	362
AB223152.1	362
AB223153.1	362
AB223154.1	362
AB223155.1	362
AB223156.1	362
AB223157.1	362
AB223158.1	362
AB223159.1	362
AB223160.1	362
AB223161.1	362
AB223162.1	362
GQ396669.1	362
HM116971.1	382
KY968859.1	385
KY968874.1	385
PQ753364.1	362
PQ753365.1	362
PQ753367.1	362
PQ753369.1	362
PQ753370.1	362
PQ753375.1	362
PQ753380.1	362
PQ753392.1	362
PQ753394.1	362
PQ753399.1	362
PQ753415.1	362
PQ753423.1	362
PQ753434.1	362
PQ753435.1	362
PQ753441.1	362
PQ753448.1	363
PQ753453.1	362
PQ753483.1	362
PQ753490.1	362
PQ753498.1	362
PQ753499.1	363
PQ753520.1	362
DQ087422.1	408
EF670365.1	366
PQ777251.1	353
PQ777252.1	354
PQ777254.1	354
PQ777257.1	353
PQ777262.1	354
PQ777263.1	353
PQ777264.1	353
PQ777265.1	353
PQ777266.1	353
PQ777267.1	354
PQ777276.1	357
PQ777281.1	354
EF670340.1	369
EF670386.1	366
GU556662.1	358
OR680088.1	367
OR680123.1	367
PQ859422.1	437
PQ859424.1	437
PQ859428.1	437
PQ859429.1	437
AM267015.1	330
FJ695454.1	308
FJ907073.1	326
FM204678.1	370
FM204680.1	370
FM204681.1	368
HM622084.1	362
HM622085.1	362
MH710785.1	336
PQ859421.1	437
PQ859425.1	439
PQ859430.1	438
PQ859432.1	437
KX954897.1	357
KX954916.1	358
KX954917.1	360
KX954924.1	365
KX954932.1	362
KX954963.1	365
KX954971.1	363
KX954975.1	365
KX954983.1	357
KX955003.1	366
MK945614.1	362
MK945618.1	365
MK945625.1	357
OQ106919.1	357
OQ106920.1	357
OQ106921.1	357
OQ106922.1	357
OQ106923.1	357
OQ106924.1	357
OQ106925.1	357
OQ106926.1	357
OQ106927.1	357
OQ106928.1	357
OQ106929.1	357
OQ106930.1	357
OQ106931.1	357
OQ106932.1	357
OQ106933.1	357
OQ106934.1	357
OQ106935.1	357
OQ106936.1	357
OQ106937.1	357
OQ106938.1	357
PQ891804.1	371
PQ891805.1	371
PQ891806.1	371
PQ891807.1	371
PQ932035.1	376
PQ932036.1	376
PX673496.1	370
PX673497.1	370
PX673498.1	370
PX673499.1	370
PZ124122.1	370
PZ124123.1	370
PZ124124.1	370
PZ124125.1	370
DQ153521.1	369
DQ153522.1	369
DQ153523.1	368
DQ153524.1	369
DQ153527.1	369
DQ153528.1	369
DQ153534.1	369
DQ153537.1	370
DQ153539.1	370
DQ153540.1	370
DQ153541.1	370
DQ153543.1	369
DQ153544.1	369
DQ153545.1	369
DQ153551.1	369
DQ153552.1	369
DQ153553.1	372
DQ153556.1	369
DQ153558.1	363
DQ153559.1	358
DQ153560.1	369
DQ153561.1	369
DQ153562.1	369
DQ153563.1	370
DQ153565.1	369
DQ153566.1	369
DQ153568.1	369
DQ153570.1	369
DQ153574.1	362
DQ153575.1	368
DQ153583.1	368
DQ153584.1	369
DQ153585.1	369
DQ153586.1	369
DQ153594.1	367
DQ153599.1	361
DQ153601.1	370
DQ153612.1	368
DQ153613.1	369
DQ153623.1	368
DQ153630.1	369
DQ153635.1	369
DQ153636.1	369
DQ153639.1	367
KX955040.1	363
PV062112.1	381
PV084856.1	298
PV084860.1	322
PV084866.1	318
PV084899.1	322
PV084900.1	322
DQ153512.1	369
DQ153513.1	369
DQ153514.1	369
DQ153515.1	369
DQ153516.1	355
DQ153518.1	369
DQ153520.1	372
DQ153526.1	370
DQ153530.1	369
DQ153532.1	369
DQ153533.1	369
DQ153535.1	369
DQ153536.1	369
DQ153538.1	369
DQ153542.1	369
DQ153546.1	369
DQ153547.1	369
DQ153548.1	369
DQ153557.1	369
DQ153564.1	369
DQ153569.1	369
DQ153571.1	370
DQ153572.1	369
DQ153573.1	369
DQ153576.1	361
DQ153577.1	369
DQ153580.1	369
DQ153581.1	361
DQ153582.1	361
DQ153587.1	369
DQ153589.1	370
DQ153590.1	361
DQ153592.1	368
DQ153600.1	370
DQ153602.1	370
DQ153605.1	368
DQ153607.1	369
DQ153608.1	370
DQ153615.1	368
DQ153616.1	368
DQ153617.1	368
DQ153619.1	368
DQ153620.1	368
DQ153624.1	368
DQ153625.1	369
DQ153626.1	368
DQ153633.1	369
DQ153634.1	369
DQ153638.1	368
DQ153640.1	361
FR832860.1	363
JN560221.1	333
JN560222.1	333
PV090950.1	332
PV090952.1	332
PV173801.1	387
PV173802.1	383
PV173803.1	387
PV173804.1	387
PV173806.1	390
AY552136.1	397
JX233763.1	366
PV330000.1	367
PV330001.1	367
EU436870.1	358
JN634720.1	358
OP265395.1	334
PV476761.1	362
PV476765.1	351
PV528708.1	371
PV541734.1	485
PV810084.1	363
DQ277637.1	374
PV646510.1	363
PV646511.1	367
PV646519.1	386
PV646520.1	386
PV646521.1	386
PV646522.1	386
PV646523.1	386
PV646524.1	386
PV646525.1	386
PV661552.1	362
PV662216.1	318
PV662218.1	318
PV662219.1	317
PV662223.1	320
PV662234.1	319
PV662240.1	321
PV662242.1	320
PV662250.1	320
PV662256.1	320
PV662257.1	319
PV662259.1	321
PV662262.1	320
PV662265.1	322
PV662267.1	321
KX894528.1	364
MZ191047.1	361
PP531453.1	361
PV704813.1	362
PV704828.1	358
PV704892.1	359
PV704895.1	359
KX509877.1	374
PV809973.1	364
PV809983.1	366
PV946708.1	392
PX285745.1	351
JX463161.1	408
JX463162.1	408
AM745854.1	344
AM748815.1	352
EU331134.1	533
KM051457.1	374
PV821430.1	377
PV821431.1	376
DQ175543.1	334
DQ175544.1	333
DQ175556.1	335
DQ175619.1	297
EU912048.1	355
EU912049.1	355
EU912093.1	367
HF952972.1	366
MN295262.1	375
PV844805.1	405
PV844806.1	405
PV866665.1	371
PV866666.1	371
PV866667.1	371
PV866668.1	371
DQ175531.1	335
DQ175532.1	334
DQ175533.1	337
DQ175535.1	335
DQ175536.1	335
DQ175539.1	332
DQ175546.1	336
DQ175547.1	334
DQ175550.1	336
DQ175554.1	337
DQ175555.1	333
DQ175557.1	336
DQ175558.1	334
DQ175560.1	335
DQ175562.1	335
DQ175565.1	333
DQ175567.1	334
DQ175568.1	333
DQ175569.1	333
DQ175571.1	335
DQ175572.1	333
DQ175578.1	335
DQ175579.1	337
DQ175580.1	335
DQ175581.1	333
DQ175582.1	336
DQ175585.1	317
DQ175586.1	307
DQ175589.1	316
DQ175593.1	336
DQ175595.1	336
DQ175596.1	340
DQ175597.1	337
DQ175600.1	334
DQ175602.1	336
DQ175604.1	336
DQ175605.1	334
DQ175606.1	337
DQ175607.1	335
DQ175612.1	334
DQ175613.1	334
DQ175614.1	334
DQ175617.1	335
PV900344.1	368
PV900997.1	358
PV901256.1	397
PV901470.1	376
PV938549.1	359
PV938550.1	359
PV938555.1	364
PP855041.1	396
PV961633.1	331
PV986718.1	356
PV986720.1	356
PV986721.1	356
PV986734.1	356
PV986735.1	356
PV986736.1	356
DQ175534.1	333
DQ175542.1	333
DQ175573.1	315
DQ175575.1	316
DQ175576.1	316
DQ175577.1	334
DQ175587.1	334
DQ175592.1	316
DQ175594.1	318
DQ175603.1	338
DQ175615.1	334
DQ175616.1	338
MK341337.1	382
PV986752.1	355
AB120201.1	304
DQ175590.1	335
KR083076.1	381
KR083102.1	392
KX873142.1	352
KX873143.1	352
KX873144.1	352
KX873145.1	352
LR699049.1	352
LR699052.1	352
PP855030.1	392
PP855031.1	393
PP855037.1	401
PP855046.1	399
PX215779.1	393
PX245743.1	386
KR134120.1	478
KR134121.1	478
KX872901.1	352
KX872902.1	352
KX872905.1	352
KX872908.1	352
KX872909.1	354
LR699050.1	352
LR699053.1	352
PX342714.1	317
PX342715.1	317
PX342716.1	317
PX342717.1	317
PX342718.1	317
PX342719.1	317
PX342722.1	319
PX342723.1	318
PX342724.1	318
AY552140.1	389
AY552142.1	378
DQ154042.1	384
DQ154043.1	384
DQ154044.1	384
DQ154045.1	384
DQ154046.1	385
DQ154047.1	385
DQ154048.1	384
DQ154049.1	387
DQ154053.1	348
DQ154054.1	397
DQ154055.1	389
DQ154056.1	390
DQ154057.1	388
DQ154058.1	390
DQ154059.1	392
DQ154060.1	389
DQ154061.1	386
DQ154062.1	389
DQ154063.1	384
DQ154064.1	389
DQ154065.1	392
DQ154067.1	380
DQ154068.1	381
DQ154069.1	387
DQ154070.1	380
DQ154071.1	387
DQ154072.1	385
DQ154073.1	382
DQ154074.1	384
DQ154075.1	388
DQ154078.1	386
DQ154080.1	380
DQ154081.1	378
DQ154082.1	385
DQ154083.1	380
DQ154085.1	380
DQ154086.1	390
DQ154087.1	383
DQ154088.1	393
DQ154089.1	380
DQ154090.1	380
DQ154091.1	390
DQ154092.1	394
DQ154093.1	389
DQ154094.1	389
DQ154096.1	386
EF025091.1	385
EF025107.1	387
EU661439.1	396
HE860070.1	384
HM116996.1	389
KR134073.1	372
KR134074.1	372
KR134075.1	372
KR134076.1	372
KR134077.1	372
KX057899.1	390
KX057900.1	369
KY968883.1	390
KY968917.1	369
MT023883.1	350
MT023904.1	285
MT023964.1	365
HM347006.1	350
HM347039.1	353
MN219520.1	361
OR642791.1	361
AY730075.1	381
AY730129.1	374
EU912024.1	357
EU912025.1	357
EU912030.1	357
JX233770.1	365
KC332217.1	362
LC375796.1	377
MH187214.1	351
MH187215.1	351
MH187216.1	351
MH187217.1	351
MH187218.1	351
MH187219.1	351
MH187220.1	351
MH187221.1	351
DQ209984.1	362
DQ209988.1	356
DQ209999.1	348
DQ210011.1	365
DQ210012.1	357
DQ210019.1	356
DQ210027.1	357
DQ210034.1	360
DQ210035.1	360
DQ210044.1	356
DQ210046.1	356
DQ210050.1	356
DQ210054.1	357
DQ210055.1	357
DQ210063.1	357
DQ210064.1	357
DQ210066.1	356
DQ210068.1	356
DQ210069.1	356
DQ210082.1	356
DQ210087.1	358
DQ210088.1	356
DQ210142.1	360
DQ210149.1	359
DQ210150.1	358
DQ210155.1	354
DQ210161.1	359
DQ210168.1	356
DQ210171.1	361
DQ210180.1	356
DQ210189.1	358
DQ210204.1	361
DQ210214.1	353
DQ210233.1	357
DQ210239.1	359
DQ210242.1	357
DQ210248.1	358
DQ210257.1	351
DQ210262.1	356
DQ210263.1	355
DQ210277.1	356
DQ210280.1	353
DQ210296.1	363
DQ210301.1	360
DQ210305.1	356
DQ210309.1	352
DQ210315.1	362
DQ210322.1	354
DQ210324.1	351
DQ210331.1	356
DQ210332.1	348
DQ210336.1	357
DQ210337.1	356
DQ210341.1	359
DQ210350.1	356
DQ210357.1	357
DQ210364.1	354
DQ210367.1	353
DQ210372.1	351
DQ210386.1	357
DQ210399.1	353
DQ210404.1	356
DQ210407.1	352
DQ210408.1	363
DQ210414.1	357
DQ210416.1	355
DQ210425.1	356
DQ210429.1	357
DQ210443.1	356
DQ210447.1	364
DQ210456.1	356
DQ210458.1	356
DQ210467.1	353
DQ210478.1	357
DQ210479.1	357
DQ210481.1	356
DQ210500.1	363
DQ210501.1	352
DQ210506.1	355
DQ210511.1	348
DQ210512.1	357
DQ210517.1	357
DQ210518.1	360
DQ210532.1	357
DQ210535.1	353
DQ210551.1	357
DQ210555.1	357
DQ210569.1	358
DQ210573.1	357
KP323315.1	357
KP323325.1	356
KP323328.1	356
MN826035.1	348
MN826036.1	348
MZ736818.1	358
DQ209977.1	356
DQ209980.1	358
DQ209981.1	358
DQ209982.1	357
DQ209983.1	362
DQ209986.1	355
DQ209987.1	354
DQ209989.1	357
DQ209991.1	354
DQ209992.1	356
DQ209994.1	363
DQ210001.1	357
DQ210008.1	357
DQ210009.1	354
DQ210010.1	357
DQ210013.1	359
DQ210020.1	356
DQ210022.1	356
DQ210029.1	362
DQ210032.1	356
DQ210033.1	356
DQ210036.1	360
DQ210041.1	354
DQ210052.1	354
DQ210079.1	356
DQ210091.1	356
DQ210092.1	358
DQ210096.1	356
DQ210097.1	356
DQ210098.1	356
DQ210107.1	357
DQ210108.1	355
DQ210111.1	354
DQ210113.1	355
DQ210115.1	355
DQ210117.1	367
DQ210120.1	359
DQ210121.1	360
DQ210124.1	359
DQ210126.1	360
DQ210128.1	359
DQ210129.1	359
DQ210139.1	359
DQ210140.1	359
DQ210141.1	359
DQ210145.1	366
DQ210147.1	357
DQ210151.1	356
DQ210154.1	355
DQ210162.1	359
DQ210165.1	358
DQ210176.1	359
DQ210177.1	360
DQ210181.1	354
DQ210182.1	358
DQ210188.1	354
DQ210194.1	354
DQ210197.1	359
DQ210206.1	357
DQ210208.1	359
DQ210209.1	357
DQ210210.1	363
DQ210213.1	355
DQ210225.1	354
DQ210228.1	356
DQ210232.1	354
DQ210238.1	354
DQ210243.1	356
DQ210246.1	359
DQ210250.1	358
DQ210251.1	357
DQ210253.1	357
DQ210256.1	357
DQ210259.1	350
DQ210260.1	358
DQ210264.1	357
DQ210265.1	358
DQ210278.1	360
DQ210286.1	359
DQ210288.1	360
DQ210290.1	356
DQ210293.1	357
DQ210297.1	356
DQ210298.1	361
DQ210307.1	364
DQ210312.1	354
DQ210314.1	356
DQ210318.1	358
DQ210319.1	357
DQ210320.1	357
DQ210333.1	354
DQ210334.1	357
DQ210343.1	357
DQ210345.1	357
DQ210347.1	357
DQ210354.1	356
DQ210359.1	358
DQ210362.1	353
DQ210363.1	357
DQ210365.1	352
DQ210366.1	357
DQ210368.1	357
DQ210378.1	362
DQ210389.1	354
DQ210395.1	357
DQ210396.1	357
DQ210397.1	358
DQ210400.1	359
DQ210410.1	356
DQ210412.1	356
DQ210431.1	357
DQ210434.1	358
DQ210438.1	356
DQ210440.1	357
DQ210441.1	356
DQ210445.1	356
DQ210449.1	356
DQ210451.1	361
DQ210452.1	356
DQ210454.1	357
DQ210455.1	357
DQ210460.1	356
DQ210462.1	356
DQ210468.1	356
DQ210469.1	356
DQ210472.1	354
DQ210473.1	356
DQ210476.1	357
DQ210484.1	356
DQ210486.1	357
DQ210491.1	356
DQ210492.1	359
DQ210497.1	354
DQ210502.1	357
DQ210504.1	357
DQ210508.1	350
DQ210513.1	357
DQ210520.1	358
DQ210524.1	356
DQ210527.1	356
DQ210529.1	357
DQ210530.1	356
DQ210533.1	357
DQ210536.1	357
DQ210537.1	358
DQ210541.1	356
DQ210542.1	356
DQ210546.1	357
DQ210547.1	357
DQ210554.1	357
DQ210562.1	357
DQ210565.1	357
DQ210570.1	357
DQ210574.1	357
DQ924384.1	355
DQ924385.1	354
DQ924386.1	355
DQ924388.1	356
DQ924389.1	361
DQ924401.1	353
EU101459.1	356
KP323272.1	358
KP323282.1	354
KP323289.1	358
KP323303.1	358
KP323306.1	358
KP323311.1	358
KP323324.1	365
KP323333.1	358
KP323336.1	358
KP323337.1	358
KP323341.1	358
KP323352.1	358
KP323357.1	356
KP323359.1	358
KX822793.1	354
MZ736829.1	356
MZ736830.1	356
MZ736834.1	357
MZ736835.1	357
MZ736837.1	357
MZ736842.1	367
OK032113.1	357
DQ209978.1	354
DQ209979.1	354
DQ209990.1	356
DQ209993.1	356
DQ209995.1	358
DQ209996.1	355
DQ210003.1	357
DQ210004.1	362
DQ210006.1	357
DQ210007.1	356
DQ210015.1	359
DQ210021.1	357
DQ210023.1	357
DQ210037.1	357
DQ210038.1	356
DQ210045.1	356
DQ210047.1	357
DQ210051.1	358
DQ210053.1	355
DQ210056.1	357
DQ210059.1	357
DQ210060.1	354
DQ210061.1	357
DQ210062.1	352
DQ210065.1	357
DQ210070.1	353
DQ210077.1	358
DQ210081.1	361
DQ210083.1	359
DQ210084.1	355
DQ210086.1	355
DQ210099.1	357
DQ210104.1	355
DQ210105.1	357
DQ210106.1	354
DQ210112.1	355
DQ210114.1	365
DQ210116.1	355
DQ210118.1	355
DQ210119.1	359
DQ210125.1	360
DQ210127.1	359
DQ210130.1	359
DQ210131.1	359
DQ210135.1	359
DQ210137.1	359
DQ210138.1	360
DQ210144.1	357
DQ210159.1	355
DQ210163.1	359
DQ210164.1	360
DQ210166.1	359
DQ210167.1	365
DQ210173.1	355
DQ210186.1	357
DQ210190.1	355
DQ210191.1	356
DQ210192.1	360
DQ210193.1	355
DQ210195.1	357
DQ210198.1	359
DQ210203.1	359
DQ210207.1	359
DQ210222.1	356
DQ210226.1	355
DQ210227.1	362
DQ210229.1	357
DQ210236.1	357
DQ210258.1	357
DQ210261.1	357
DQ210270.1	357
DQ210271.1	357
DQ210272.1	358
DQ210275.1	357
DQ210281.1	359
DQ210284.1	359
DQ210285.1	358
DQ210294.1	355
DQ210295.1	358
DQ210299.1	360
DQ210302.1	356
DQ210303.1	359
DQ210313.1	355
DQ210316.1	356
DQ210327.1	359
DQ210328.1	355
DQ210335.1	361
DQ210338.1	358
DQ210339.1	356
DQ210346.1	358
DQ210349.1	359
DQ210351.1	358
DQ210353.1	357
DQ210358.1	357
DQ210369.1	357
DQ210370.1	357
DQ210373.1	357
DQ210379.1	357
DQ210380.1	357
DQ210381.1	358
DQ210403.1	361
DQ210406.1	357
DQ210409.1	357
DQ210413.1	358
DQ210415.1	358
DQ210417.1	357
DQ210420.1	356
DQ210421.1	356
DQ210422.1	356
DQ210424.1	356
DQ210426.1	356
DQ210427.1	357
DQ210428.1	356
DQ210432.1	358
DQ210433.1	358
DQ210439.1	354
DQ210442.1	356
DQ210444.1	362
DQ210448.1	356
DQ210453.1	357
DQ210457.1	356
DQ210463.1	355
DQ210465.1	362
DQ210470.1	355
DQ210471.1	359
DQ210474.1	357
DQ210488.1	362
DQ210489.1	357
DQ210490.1	357
DQ210493.1	356
DQ210495.1	356
DQ210503.1	355
DQ210505.1	357
DQ210509.1	357
DQ210510.1	357
DQ210521.1	356
DQ210522.1	355
DQ210525.1	354
DQ210526.1	355
DQ210528.1	357
DQ210539.1	356
DQ210548.1	355
DQ210557.1	354
DQ210558.1	357
DQ210560.1	358
DQ210571.1	354
DQ461786.1	357
DQ461792.1	357
DQ924392.1	359
DQ924395.1	359
DQ924397.1	357
DQ924399.1	357
DQ924403.1	356
DQ924404.1	355
KP323269.1	356
KP323280.1	356
KP323287.1	358
KP323288.1	356
KP323290.1	356
KP323292.1	358
KP323293.1	356
KP323296.1	356
KP323300.1	358
KP323309.1	358
KP323310.1	356
KP323313.1	356
KP323317.1	356
KP323322.1	358
KP323334.1	356
KP323335.1	358
KP323344.1	358
KP323345.1	356
KP323351.1	356
KP323356.1	358
MZ736819.1	355
MZ736820.1	355
MZ736821.1	355
MZ736823.1	355
MZ736831.1	356
MZ736840.1	355
OM925901.1	355
DQ209998.1	360
DQ210014.1	360
DQ210018.1	356
DQ210028.1	356
DQ210030.1	356
DQ210039.1	357
DQ210043.1	356
DQ210057.1	356
DQ210058.1	364
DQ210071.1	356
DQ210072.1	356
DQ210076.1	356
DQ210085.1	356
DQ210090.1	357
DQ210101.1	356
DQ210102.1	356
DQ210109.1	358
DQ210110.1	341
DQ210123.1	360
DQ210134.1	359
DQ210136.1	359
DQ210143.1	357
DQ210152.1	357
DQ210153.1	358
DQ210157.1	355
DQ210158.1	355
DQ210170.1	354
DQ210172.1	354
DQ210175.1	355
DQ210179.1	356
DQ210183.1	350
DQ210185.1	350
DQ210187.1	360
DQ210199.1	360
DQ210201.1	358
DQ210202.1	354
DQ210205.1	355
DQ210218.1	355
DQ210220.1	343
DQ210230.1	357
DQ210231.1	355
DQ210234.1	356
DQ210244.1	356
DQ210245.1	356
DQ210247.1	363
DQ210249.1	357
DQ210252.1	360
DQ210255.1	357
DQ210266.1	358
DQ210267.1	357
DQ210276.1	357
DQ210282.1	361
DQ210283.1	356
DQ210287.1	359
DQ210289.1	357
DQ210300.1	353
DQ210304.1	356
DQ210306.1	356
DQ210310.1	354
DQ210340.1	357
DQ210356.1	360
DQ210371.1	355
DQ210376.1	358
DQ210384.1	355
DQ210387.1	354
DQ210394.1	355
DQ210398.1	357
DQ210419.1	357
DQ210423.1	357
DQ210446.1	355
DQ210459.1	360
DQ210461.1	352
DQ210466.1	355
DQ210475.1	356
DQ210477.1	356
DQ210482.1	356
DQ210494.1	360
DQ210516.1	357
DQ210523.1	358
DQ210531.1	357
DQ210534.1	360
DQ210538.1	356
DQ210552.1	356
DQ210553.1	357
DQ210563.1	357
DQ210566.1	358
DQ210567.1	357
DQ210572.1	358
DQ461800.1	355
DQ924405.1	353
DQ924406.1	359
DQ924407.1	354
DQ924408.1	359
DQ924409.1	359
DQ924411.1	355
DQ924413.1	361
JN247411.1	352
KP323275.1	357
KP323276.1	356
KP323285.1	357
KP323291.1	356
KP323297.1	357
KP323308.1	356
KP323314.1	356
KP323320.1	360
KP323343.1	360
KP323349.1	360
KP323350.1	356
KP323353.1	358
MZ736824.1	355
MZ736825.1	355
MZ736826.1	355
MZ736827.1	355
MZ736828.1	355
MZ736833.1	355
MZ736848.1	356
MZ773925.1	353
AJ783646.1	352
DQ210000.1	362
DQ210002.1	356
DQ210016.1	355
DQ210017.1	356
DQ210026.1	357
DQ210042.1	356
DQ210048.1	356
DQ210067.1	357
DQ210073.1	357
DQ210080.1	357
DQ210093.1	357
DQ210094.1	357
DQ210095.1	357
DQ210160.1	356
DQ210223.1	360
DQ210224.1	363
DQ210240.1	357
DQ210274.1	356
DQ210323.1	351
DQ210325.1	357
DQ210326.1	357
DQ210330.1	356
DQ210342.1	357
DQ210344.1	357
DQ210348.1	358
DQ210352.1	355
DQ210361.1	358
DQ210377.1	357
DQ210388.1	358
DQ210390.1	357
DQ210391.1	357
DQ210392.1	357
DQ210401.1	356
DQ210430.1	357
DQ210436.1	356
DQ210480.1	357
DQ210485.1	356
DQ210496.1	360
DQ210498.1	360
DQ210507.1	351
DQ210514.1	360
DQ210540.1	355
DQ210544.1	357
DQ210549.1	357
DQ210550.1	357
DQ210556.1	357
DQ210561.1	358
PZ124129.1	371
PZ124130.1	371
PZ124131.1	371
DQ414851.1	377
KT958319.1	378
KT958326.1	376
KT958348.1	374
KT958352.1	374
KY858271.1	378
KY858380.1	374
KY858384.1	374
MG208081.1	325
MH710760.1	365
HQ615082.1	402
AM267070.1	325
AM939548.1	325
AM945197.1	329
DQ227330.1	313
DQ227331.1	313
DQ227335.1	313
EU145357.1	329
EU145358.1	308
EU145361.1	306
EU145365.1	331
EU145369.1	352
EU145370.1	362
EU812818.1	365
KF675910.1	329
KT958355.1	374
KY584363.1	362
KY858387.1	374
MF787822.1	374
MH711814.1	369
KM051449.1	417
PV900496.1	358
PZ013836.1	329
PV900064.1	393
PV900720.1	374
MG693029.1	374
DQ861600.1	404
DQ861602.1	397
DQ861603.1	384
DQ861617.1	404
DQ861620.1	385
DQ861622.1	398
DQ861624.1	386
DQ861629.1	381
DQ861632.1	382
FJ518902.1	394
FJ518903.1	393
KF848281.1	391
KR150154.1	386
KY968853.1	386
KY968886.1	386
KY968895.1	386
KY968907.1	386
KY968931.1	386
MT923224.1	372
MT923225.1	372
AY552117.1	404
AY857968.1	380
DQ246684.1	387
DQ246691.1	389
FJ037892.1	391
FJ037893.1	391
MT923223.1	372
DQ277642.1	376
LC822849.1	350
LC822850.1	350
LC822851.1	350
LC822852.1	350
LC822853.1	350
LC822854.1	350
LC822855.1	350
LC822856.1	350
LC822857.1	350
LC822858.1	350
LC822859.1	350
LC822860.1	350
LC822861.1	350
LC822862.1	350
LC822863.1	350
LC822864.1	350
LC822865.1	350
LC822866.1	350
LC822867.1	350
LC822868.1	350
LC822869.1	350
LC822870.1	350
LC822871.1	350
LC822872.1	350
LC822873.1	350
LC822874.1	350
LC822875.1	350
LC822876.1	350
LC822877.1	350
LC822878.1	350
LC822879.1	350
LC822880.1	350
LC822881.1	350
LC822882.1	350
PV901579.1	314
PV901583.1	314
PV901597.1	314
PV901606.1	314
AM158945.1	353
AY857977.1	381
MH478044.1	380
MH478049.1	381
PV901539.1	316
PV901540.1	314
PV901542.1	314
PV901544.1	314
PV901546.1	314
PV901547.1	314
PV901548.1	314
PV901550.1	314
AM158942.1	356
AM159128.1	410
AM159129.1	410
AM159131.1	410
AM159132.1	411
AM159133.1	410
AM159134.1	410
AM159135.1	410
AM159136.1	410
AM159137.1	409
AM159138.1	410
AM159139.1	411
AM159140.1	410
AM159141.1	410
FJ527601.1	409
FJ527603.1	409
PV900363.1	422
PV900364.1	422
FJ907050.1	325
KF704974.1	352
KF704982.1	353
KF704983.1	355
KY968871.1	325
KY968888.1	325
MN825077.1	324
MN825078.1	324
MN825080.1	323
MN825081.1	323
MN825082.1	323
MN825083.1	323
MN825084.1	323
MN825085.1	323
MN825086.1	324
MN825088.1	324
MN825089.1	323
MN825090.1	324
MN825091.1	324
MN825093.1	324
MN825094.1	324
MN825095.1	324
MN825096.1	324
MN825097.1	324
MN825098.1	324
MN825099.1	324
MN825100.1	324
MN825101.1	324
MN825102.1	323
MN825103.1	324
MN825573.1	325
MN825574.1	325
MN825575.1	325
MN825576.1	325
MN825698.1	348
PZ013840.1	325
AJ492433.1	374
AY554402.1	322
KF704972.1	243
KF704988.1	354
KF704993.1	353
KF705001.1	352
KY968867.1	324
KY968868.1	324
KY968875.1	324
KY968878.1	324
KY968885.1	324
KY968898.1	349
KY968904.1	324
MN825986.1	324
MN825987.1	324
MN825988.1	324
MN825989.1	324
MN825991.1	324
MN825992.1	324
MN825997.1	324
MN825999.1	324
MN826000.1	324
MN826001.1	324
MN826002.1	324
MN826003.1	324
MN826004.1	324
MN826005.1	324
MN826006.1	324
MN826007.1	324
MN826008.1	324
MN826009.1	324
MN826010.1	324
MN826011.1	324
MN826012.1	326
FJ601828.1	359
FJ601831.1	359
FJ695457.1	323
FJ695469.1	330
FJ695470.1	330
KY397499.1	397
LC489167.1	350
LC489169.1	350
LC489177.1	350
AM162490.1	346
AM162491.1	346
AM162492.1	346
AM162493.1	346
AM162495.1	345
AM162498.1	346
DQ311675.1	412
DQ311676.1	412
DQ924410.1	359
FJ527605.1	413
MG229903.1	375
MG229904.1	375
MG229905.1	375
MG229906.1	375
MG229907.1	375
MG229908.1	375
MG229909.1	375
KR083174.1	391
KR083175.1	391
KY009283.1	413
KY009284.1	413
KY009285.1	413
KY009286.1	413
KY009287.1	413
KY009290.1	413
KY009380.1	413
KY009381.1	413
KY009382.1	413
KY009383.1	413
KY009384.1	413
KY009385.1	413
KY009386.1	413
KY009387.1	413
MT774695.1	411
DQ314156.1	377
DQ314159.1	379
DQ314160.1	378
DQ314165.1	380
DQ314169.1	378
DQ314170.1	378
DQ314173.1	378
DQ314175.1	377
DQ314176.1	378
DQ314177.1	377
DQ314178.1	378
DQ314179.1	377
DQ314180.1	377
DQ314181.1	378
DQ314183.1	378
DQ314184.1	377
DQ314185.1	378
DQ314186.1	378
DQ314187.1	380
DQ314188.1	378
DQ314189.1	378
DQ314191.1	378
DQ314192.1	377
DQ314193.1	380
DQ314195.1	378
DQ314196.1	378
DQ314198.1	378
DQ314199.1	379
DQ314200.1	378
DQ314201.1	378
MG693003.1	377
KP058317.1	369
KY214464.1	369
MG323910.1	355
DQ315817.1	349
DQ315818.1	350
DQ315819.1	351
DQ315820.1	349
DQ315821.1	345
DQ315822.1	348
DQ315824.1	349
DQ315825.1	349
DQ315826.1	349
DQ315827.1	349
DQ315828.1	349
DQ315829.1	349
DQ315830.1	349
DQ315831.1	349
DQ315832.1	349
DQ315833.1	349
DQ315834.1	353
DQ315835.1	350
DQ315836.1	350
DQ315837.1	347
DQ315838.1	348
DQ315840.1	349
DQ315841.1	349
DQ315842.1	349
DQ315844.1	349
DQ315845.1	349
DQ315846.1	349
DQ315847.1	351
DQ315848.1	348
DQ315849.1	351
DQ315850.1	348
DQ315852.1	348
DQ315853.1	348
DQ315854.1	348
DQ315855.1	349
DQ315856.1	348
DQ315857.1	348
DQ315858.1	348
DQ315860.1	348
DQ315861.1	348
DQ315864.1	348
DQ315865.1	348
DQ315866.1	347
DQ315867.1	348
DQ315868.1	348
DQ315869.1	348
DQ315870.1	348
DQ315871.1	348
DQ315872.1	348
DQ315874.1	347
DQ315875.1	348
DQ315876.1	348
DQ315877.1	347
DQ315878.1	348
DQ315882.1	349
DQ315884.1	350
DQ315885.1	350
DQ315886.1	350
DQ315887.1	343
FJ565183.1	349
FJ565185.1	350
FJ565362.1	353
FJ565378.1	348
FJ565447.1	348
FJ565468.1	350
FJ565561.1	349
FJ565593.1	350
KT709691.1	353
KT709694.1	349
MZ575600.1	350
MZ575603.1	350
MZ575606.1	350
FJ010794.1	364
EU912076.1	357
EU102699.1	313
EU102700.1	313
EU102701.1	314
EU102702.1	314
EU102703.1	314
EU102704.1	314
EU102705.1	313
EU102706.1	314
EU102707.1	314
EU102708.1	312
EU102709.1	314
PV900575.1	378
PV900576.1	376
PV900598.1	375
DQ339079.1	395
DQ339082.1	395
DQ339084.1	395
DQ339086.1	395
DQ339087.1	395
DQ339088.1	396
DQ339089.1	396
DQ339090.1	396
DQ339091.1	398
OR717487.1	366
KX873113.1	346
KX873119.1	346
KX873121.1	346
KX873122.1	346
KX873149.1	346
KX873150.1	348
LR588213.1	353
LR588214.1	353
LR588215.1	353
LR588216.1	353
LR588217.1	353
LR588218.1	353
LR588219.1	353
LR588220.1	353
LR588221.1	353
LR588222.1	353
LR588223.1	353
LR588224.1	353
LR588225.1	353
LR588226.1	353
LR588227.1	353
LR588228.1	353
LR588241.1	352
LR588242.1	352
LR588244.1	353
LR594548.1	352
KM051438.1	352
KM051444.1	389
JN560191.1	337
JX996124.1	350
KY426981.1	370
JX870752.1	316
KM051446.1	334
MN824807.1	324
MN824808.1	324
MN825048.1	326
MN825050.1	326
MN825062.1	348
MN825063.1	348
MN825064.1	348
MN825114.1	322
MN825116.1	322
MN825117.1	322
MN825118.1	322
MN825119.1	322
MN825120.1	322
MN825224.1	349
MN825278.1	349
MN825365.1	348
MN825366.1	349
MN825367.1	349
MN825368.1	348
MN825369.1	348
MN825523.1	355
MN825524.1	354
MN825531.1	339
MN825533.1	339
MN825534.1	339
MN825654.1	348
MN825655.1	348
MN825886.1	349
PX895163.1	360
PX895164.1	360
PX895166.1	361
EF577511.1	354
EU792328.1	353
EU792330.1	351
EU792331.1	351
EU792337.1	349
EU792340.1	354
EU792342.1	356
EU792345.1	354
EU792354.1	353
EU792355.1	353
EU792356.1	353
EU792361.1	351
EU792362.1	351
EU792379.1	353
EU792394.1	353
EU792415.1	353
KX872914.1	353
EU792360.1	354
EU792368.1	353
EU792370.1	354
EU792375.1	352
EU792377.1	353
EU792380.1	354
EU792381.1	354
EU792393.1	353
EU792398.1	353
EU792399.1	353
EU792402.1	353
EU792406.1	353
EU792407.1	353
EU792411.1	353
EU792413.1	353
EU792414.1	353
PZ013835.1	329
PZ013841.1	325
PZ013843.1	325
PZ036642.1	109
PZ036647.1	109
KM051440.1	350
KM382206.1	363
MT923111.1	403
MT923622.1	373
PV900387.1	401
PZ111908.1	388
LC089989.1	404
MT922958.1	402
PZ294668.1	337
PZ294698.1	337
PZ324400.1	366
PZ324401.1	366
KY688790.1	346
LC089996.1	393
MN317968.1	365
DQ377522.1	390
EF025105.1	390
EF025108.1	390
LC089998.1	405
PV900354.1	405
PV900355.1	405
DQ385550.1	348
DQ385551.1	348
DQ385552.1	348
DQ385553.1	348
DQ385554.1	349
DQ385555.1	348
DQ385559.1	318
DQ385560.1	318
DQ385561.1	318
DQ385564.1	356
DQ385565.1	356
DQ385566.1	356
DQ385567.1	353
DQ385568.1	316
DQ385569.1	347
DQ385570.1	349
DQ385571.1	349
DQ385572.1	350
DQ385574.1	317
DQ385575.1	316
DQ385583.1	317
DQ385585.1	317
DQ385586.1	347
DQ385587.1	346
DQ385588.1	348
DQ385590.1	352
DQ450478.1	352
PP133497.1	369
PP133498.1	369
PP133499.1	369
PP133500.1	369
PP133501.1	369
PP133502.1	369
PP133503.1	369
PP133504.1	369
PP133505.1	369
PP133507.1	362
DQ385579.1	317
DQ385580.1	317
DQ385593.1	369
DQ385594.1	336
DQ385595.1	369
DQ385596.1	364
DQ385597.1	306
DQ385598.1	327
DQ385599.1	358
DQ385600.1	306
DQ385601.1	336
DQ385602.1	368
DQ385603.1	368
DQ385605.1	357
EU331105.1	368
GU386444.1	362
GU386445.1	369
GU386446.1	369
GU386447.1	327
GU386449.1	358
GU386450.1	306
GU386451.1	368
GU386452.1	368
GU386453.1	306
GU386456.1	336
GU386457.1	336
PP133489.1	364
PP133490.1	364
PP133491.1	364
PP133492.1	364
PP133493.1	358
PP133494.1	368
PP133495.1	369
PP133496.1	369
PP133506.1	369
PP133508.1	362
X15915.1	400
AB856331.1	387
MN638968.1	386
MN638969.1	386
MN638970.1	386
MN638971.1	386
MT923162.1	389
MG523319.1	365
MG523322.1	364
AB120207.1	307
MG523323.1	363
MG523324.1	363
MG523325.1	363
MG523326.1	363
MG523327.1	363
MG523328.1	363
MG523329.1	363
MG523330.1	363
MG523351.1	364
MG523352.1	349
GQ888909.1	414
GQ888923.1	419
GQ888936.1	419
GQ888955.1	418
GQ888956.1	415
GQ888957.1	418
GQ888995.1	416
GQ889011.1	415
KU682381.1	427
KY306484.1	382
PZ317650.1	349
PZ317651.1	349
AM234068.1	373
AM234069.1	374
AM234070.1	375
AM234072.1	375
AM234073.1	374
AM234075.1	373
AM234077.1	373
AM234079.1	376
AM234080.1	378
AM234081.1	375
AM234083.1	372
AM234084.1	374
AM234085.1	375
AM234086.1	376
AM234087.1	376
AM234089.1	375
AM234090.1	372
AM234091.1	375
AM234092.1	375
AM234093.1	373
AM234094.1	375
AM234095.1	376
AM234096.1	373
AM234097.1	373
AM234098.1	373
AM234099.1	375
AM234100.1	375
AM234102.1	373
AM234103.1	376
AM234104.1	376
AM234105.1	375
AM234106.1	371
AM234107.1	376
AM234111.1	374
AM234112.1	373
AM234114.1	374
AM234115.1	372
AM234116.1	372
AM234117.1	375
AM234118.1	372
AM234119.1	375
AM234120.1	377
AM234121.1	374
AM234122.1	374
AM234124.1	374
AM234125.1	371
AM234127.1	376
AM234130.1	376
AM234131.1	375
AM234132.1	375
AM234133.1	374
AM234134.1	375
AM234144.1	375
AM234145.1	375
AM234146.1	375
AM234147.1	373
AM234148.1	373
GQ889031.1	418
GQ889036.1	418
GQ889041.1	418
KJ187622.1	376
KJ187638.1	376
KJ187647.1	375
KJ187656.1	375
KR632774.1	365
KU898313.1	372
KX789287.1	374
KX789289.1	373
MF954018.1	374
MF954053.1	379
MH445983.1	370
MH446002.1	373
MK313872.1	378
MN295346.1	373
OK644065.1	373
PP002375.1	376
PP035939.1	375
PP035940.1	376
PP049776.1	375
PP049777.1	374
PP049780.1	375
PP049781.1	375
PP049792.1	375
PP049793.1	375
AM234078.1	372
FJ377665.1	354
MF155205.1	354
MF155206.1	354
MZ191044.1	355
DQ414860.1	355
DQ414866.1	361
DQ414871.1	372
DQ414877.1	371
DQ414880.1	364
DQ414882.1	371
DQ414883.1	367
DQ414884.1	367
DQ414885.1	367
DQ414886.1	367
DQ414887.1	367
DQ414888.1	367
DQ414890.1	370
DQ414891.1	371
DQ414892.1	370
DQ414893.1	358
DQ414894.1	371
DQ414895.1	371
DQ414896.1	371
DQ414897.1	371
DQ414898.1	371
DQ414899.1	371
DQ414900.1	369
DQ414901.1	369
DQ414903.1	370
DQ414904.1	373
DQ414905.1	376
DQ414906.1	369
DQ414907.1	367
DQ414908.1	373
DQ414912.1	368
DQ414913.1	368
DQ414914.1	369
DQ414915.1	371
DQ414916.1	371
DQ414917.1	371
DQ414918.1	369
DQ414919.1	369
DQ414920.1	369
DQ414921.1	374
DQ414922.1	371
DQ414924.1	372
DQ414926.1	372
DQ414927.1	370
DQ414928.1	372
DQ414930.1	333
DQ414931.1	371
DQ414933.1	370
DQ414934.1	369
DQ414935.1	375
DQ414936.1	371
DQ414937.1	371
DQ414938.1	371
DQ414939.1	371
DQ414940.1	371
DQ414941.1	371
MF155202.1	354
MF155203.1	354
PV901385.1	351
PV901387.1	351
AB593660.1	367
DQ414854.1	346
DQ414942.1	371
DQ414944.1	372
DQ414945.1	372
DQ414946.1	371
DQ414947.1	371
DQ414949.1	371
DQ414950.1	371
DQ414951.1	371
DQ414952.1	371
DQ414953.1	371
DQ414954.1	371
DQ414955.1	371
DQ414956.1	371
DQ414957.1	371
DQ414958.1	347
DQ414959.1	369
DQ414960.1	334
DQ414961.1	365
DQ414963.1	373
DQ414964.1	373
DQ414965.1	373
DQ414966.1	373
DQ414967.1	373
DQ414968.1	373
DQ414969.1	373
DQ414970.1	373
DQ414971.1	373
DQ414972.1	373
DQ414973.1	373
DQ414974.1	371
DQ414976.1	371
DQ414977.1	371
DQ414979.1	370
DQ414982.1	371
DQ414983.1	371
DQ414984.1	371
DQ414985.1	371
DQ414986.1	372
DQ414987.1	371
DQ414988.1	371
DQ414989.1	371
DQ414990.1	370
DQ414992.1	370
KC986378.1	354
KX872997.1	353
KX872998.1	353
KX873116.1	346
KX873117.1	346
KX873159.1	346
KX873160.1	346
KX873161.1	347
LR588245.1	354
MF155212.1	354
MF155213.1	354
MK179336.1	373
MK179340.1	373
MK179344.1	373
MK179347.1	373
MK179348.1	373
MK179351.1	373
MK179357.1	372
PQ636474.1	369
PQ636475.1	370
PQ891803.1	372
LC089997.1	401
MN811184.1	355
MN638951.1	386
MN638952.1	386
MN638953.1	386
MN638954.1	386
MN638955.1	386
MN638956.1	386
MN638957.1	386
MN638958.1	386
KX872935.1	352
KX873029.1	353
KX873030.1	353
KX873031.1	353
KX873032.1	353
LR699051.1	352
LR699054.1	352
OM141024.1	352
OM141025.1	352
DQ450465.1	353
DQ450466.1	352
DQ450467.1	352
DQ450469.1	352
DQ450470.1	353
DQ450471.1	352
DQ450474.1	352
DQ450477.1	352
DQ450479.1	352
KF217228.1	396
KF217233.1	395
KF217234.1	395
KF217235.1	395
KF923165.1	389
DQ455637.1	378
DQ455638.1	378
DQ455639.1	380
DQ455640.1	378
DQ455641.1	377
DQ455642.1	379
DQ455643.1	378
DQ455645.1	382
DQ455646.1	381
DQ455647.1	381
DQ455649.1	379
DQ455650.1	381
DQ455651.1	384
DQ455652.1	384
DQ455653.1	377
DQ455654.1	382
DQ455655.1	382
DQ455656.1	380
DQ455657.1	380
DQ455659.1	384
DQ455661.1	380
DQ455662.1	380
DQ455663.1	380
DQ455665.1	379
JX463127.1	402
JX463128.1	402
JX463129.1	402
JX463130.1	402
JX463131.1	404
JX463132.1	404
JX463135.1	403
JX463136.1	403
JX463137.1	403
JX463138.1	403
JX463139.1	402
JX463140.1	403
JX463141.1	403
JX463142.1	403
JX463165.1	400
EF095731.1	354
AM982517.1	365
DQ451757.1	391
DQ451759.1	384
GU256783.1	376
JF893880.1	388
KY523278.1	358
MF695587.1	358
MK801518.1	358
MW669293.1	371
MW669294.1	371
MW669295.1	371
MW669296.1	372
MW669297.1	371
PZ291711.1	367
PZ291714.1	367
PZ291717.1	368
DQ451765.1	389
DQ451772.1	389
DQ451776.1	390
DQ451778.1	386
DQ451781.1	384
DQ451795.1	389
GU256802.1	377
GU256813.1	377
KF318898.1	346
KF318921.1	346
KF318934.1	346
KY397496.1	393
LN831384.1	420
MF695590.1	364
MK801520.1	366
MN240641.1	375
MN240646.1	375
MN240650.1	375
MN240655.1	377
MN240680.1	375
OQ350881.1	374
PV090942.1	355
PV090946.1	356
DQ451756.1	389
DQ451758.1	386
DQ451762.1	386
DQ451764.1	389
DQ451773.1	388
DQ451780.1	386
DQ451788.1	386
DQ451789.1	344
DQ451801.1	388
DQ451802.1	388
DQ451809.1	389
DQ451815.1	386
DQ451822.1	388
EU912074.1	355
KM589261.1	389
KM589263.1	389
KM589265.1	389
KM589266.1	389
KM589275.1	389
KM589278.1	389
DQ451755.1	389
LC877716.1	364
MT923733.1	364
PV901202.1	363
PV901204.1	363
DQ461784.1	356
DQ461785.1	356
DQ461787.1	356
DQ461789.1	351
DQ461790.1	357
DQ461791.1	351
DQ461793.1	354
DQ461794.1	357
DQ461795.1	357
DQ461796.1	357
DQ461797.1	354
DQ461799.1	354
DQ461801.1	357
DQ461798.1	360
KY968872.1	361
KY968879.1	361
KY968899.1	361
KY968963.1	361
KY988979.1	347
AB593656.1	365
AF156675.2	343
AF470497.1	372
DQ209985.1	357
DQ210031.1	357
DQ210100.1	357
DQ210291.1	357
DQ210292.1	357
DQ210464.1	357
DQ210568.1	357
EF079372.1	362
GU556685.1	358
GU556686.1	358
GU556687.1	358
GU556693.1	358
GU556698.1	358
HM041010.1	358
HM041011.1	358
HM041012.1	358
HM041013.1	358
KY239268.1	361
OR680105.1	367
AF262897.1	360
AY557227.1	380
EF079433.1	366
HG004877.1	337
HM854654.1	366
KF612986.1	366
KX057842.1	378
KX844977.1	360
KY239267.1	362
KY988996.1	360
MG869007.1	374
MG869008.1	377
MG869009.1	366
MG869010.1	366
MG869011.1	366
MK164434.1	370
MK306360.1	358
MK306361.1	360
MT726061.1	383
MT726062.1	383
OM970997.1	383
OM970998.1	383
ON009184.1	370
AF274687.1	371
AY594660.1	376
JQ067144.1	373
JQ067208.1	370
JQ067305.1	374
KC200671.1	356
KC200672.1	358
KC200693.1	359
KC200730.1	361
KC779646.1	374
KC955381.1	357
KC955501.1	357
KC955635.1	357
KT751438.1	367
KX057856.1	373
OR531479.1	366
FJ389511.1	337
JQ248897.1	360
KC200819.1	360
KC200973.1	359
KC779686.1	376
KC955392.1	360
KC955393.1	361
KC955408.1	360
KC955498.1	361
KC955513.1	360
KC955557.1	360
KC955566.1	360
KC955569.1	360
KC955638.1	359
KC955773.1	361
MZ081662.1	377
MZ081663.1	377
MZ081664.1	377
MZ081665.1	377
MZ081666.1	377
MZ081668.1	377
MZ081669.1	377
MZ081670.1	377
MZ081671.1	377
MZ081672.1	377
MZ081673.1	377
MZ081675.1	377
MZ081676.1	377
MZ081678.1	377
MZ081679.1	377
MZ081680.1	377
MZ081681.1	377
OQ099827.1	366
DQ813300.1	365
MT023925.1	361
MT500589.1	377
MT500605.1	374
MT500606.1	376
MT500612.1	376
KC955668.1	346
KX057874.1	355
MH710775.1	355
JQ067321.1	371
MH194065.1	393
MH707248.1	379
HM057398.1	326
HM057399.1	326
HQ608218.1	355
JN560182.1	332
JN560183.1	335
JN560190.1	336
JN560203.1	333
JN560204.1	333
JN560223.1	329
JN560224.1	329
JN560276.1	333
JX505458.1	329
JX505461.1	326
JX505462.1	326
JX505468.1	326
JX505469.1	326
KU289679.1	353
KU289680.1	353
KU289681.1	353
KU289682.1	353
KU289683.1	353
KU289684.1	353
KU289685.1	353
KU289686.1	352
KU289687.1	352
KU289688.1	352
KY523264.1	358
KY523265.1	357
KY523266.1	357
KY523267.1	358
AM266990.1	331
AM266991.1	332
AM266992.1	335
AM266994.1	333
AM266995.1	335
AM266996.1	328
AM266997.1	333
AM266998.1	328
AM267000.1	326
AM267001.1	329
AM267003.1	329
AM267004.1	333
AM267005.1	330
AM267006.1	330
AM267007.1	330
AM267009.1	330
FN376361.1	333
JF807648.1	378
JF807655.1	378
JF807656.1	378
JF807657.1	378
JF807658.1	378
JF807659.1	378
JF807660.1	378
JF807661.1	378
JF807662.1	377
JF807663.1	377
JF807664.1	377
JF807665.1	377
JF807666.1	377
JF807667.1	377
KT793005.1	333
KT793008.1	334
KT793009.1	335
KY218779.1	377
AM267010.1	330
AM267011.1	329
AM267012.1	330
AM267013.1	330
AM267014.1	330
AM267016.1	330
AM267017.1	333
AM267018.1	330
AM267020.1	335
AM267021.1	340
AM267022.1	331
AM267025.1	335
AM267026.1	335
AM267027.1	335
AM267028.1	334
AM267031.1	335
AM267032.1	335
AM267034.1	296
AM267035.1	335
AM267036.1	319
AM267038.1	327
AM267039.1	330
AM267040.1	319
AM267041.1	327
AM267042.1	336
AM267043.1	327
AM267044.1	319
AM267045.1	327
AM267046.1	327
AM267048.1	336
AM267049.1	335
AM267050.1	326
AM267051.1	318
AM267052.1	327
AM267053.1	326
AM267055.1	319
AM267056.1	319
AM267057.1	319
AM267058.1	329
AM267059.1	327
AM267060.1	327
AM267062.1	318
AM267063.1	327
AM267065.1	337
AM267068.1	335
AM267069.1	335
AM404342.1	357
AM404348.1	342
FN376362.1	330
FN376363.1	330
FN376368.1	331
HM057396.1	334
HM057408.1	333
HQ608206.1	353
HQ608207.1	353
MW669318.1	371
PX069524.1	356
PX069525.1	356
PX279225.1	355
PZ294738.1	341
PX285212.1	353
AB120180.1	310
KY968953.1	373
OR660203.1	331
JN560189.1	333
MW843823.1	401
MW843827.1	401
Z48779.1	400
MN384666.1	348
MW345612.1	369
MZ191050.1	369
EU792364.1	356
JX862625.1	374
KX872931.1	353
KX873110.1	346
KX873111.1	346
KX873112.1	346
KX873152.1	346
KX873153.1	346
LR588248.1	346
MF155204.1	353
KY860933.1	431
PV990275.1	431
PV990276.1	431
PV990279.1	431
PV990280.1	431
PV990281.1	431
PV990284.1	431
PV990287.1	431
PV990290.1	431
KF923185.1	398
KX872933.1	348
KX872940.1	353
KX872941.1	353
KX872942.1	355
KY968960.1	372
PP417727.1	372
PV901096.1	366
PV901097.1	366
PV901099.1	366
HQ665021.1	358
HQ665022.1	358
HQ665023.1	358
MT923583.1	366
X17535.1	371
EU912045.1	357
EU912046.1	357
EU912047.1	357
EU912086.1	357
JF430407.1	325
JF430412.1	342
X14337.1	341
EU792373.1	353
HM347024.1	358
KX872924.1	354
KX873026.1	353
KX873157.1	354
OR531480.1	359
AJ420999.1	363
AJ550615.1	345
OL862994.1	369
OL863017.1	368
OL863018.1	368
OL863037.1	368
OL863038.1	368
OL863118.1	367
AJ515313.1	323
AM939539.1	328
AY492098.1	358
FJ695456.1	325
FJ695458.1	325
FJ695460.1	325
FJ695461.1	328
FJ907057.1	328
FJ907083.1	328
FJ907091.1	326
MF468207.1	321
MF468208.1	321
MF468209.1	319
MN257822.1	319
OL863072.1	368
OL863073.1	368
OL863111.1	325
PQ760052.1	325
MZ191052.2	361
AJ580550.1	365
AY857969.1	371
OQ048318.1	365
PV901495.1	385
AF313036.1	360
AJ548984.1	360
AY101898.1	360
DQ153519.1	372
DQ153550.1	369
DQ153610.1	361
KY411913.1	360
KY968842.1	360
MT923781.1	359
MW139236.1	360
KC798436.1	380
KC798449.1	379
KC798450.1	379
KC798451.1	379
KC798459.1	379
KC798460.1	379
KC798469.1	380
KX872976.1	353
KX872977.1	353
KX872978.1	353
KX873009.1	353
KX873010.1	353
KX873012.1	353
KX873013.1	353
KX873014.1	353
AJ620541.1	378
HQ176484.1	363
HQ176485.1	363
HQ176486.1	363
KC798475.1	379
FJ381764.1	374
JX233662.1	366
JX233663.1	366
JX233664.1	366
KC798471.1	379
MT924035.1	366
DQ813305.1	391
KY992418.1	386
KY992419.1	386
PP595897.1	388
PP595900.1	388
PP595902.1	388
PP595906.1	388
PP595907.1	388
PP595908.1	388
PP595910.1	388
PP595911.1	388
PZ111843.1	384
PZ111844.1	384
PZ111845.1	384
PZ111846.1	384
PZ111889.1	385
PZ111896.1	385
PZ111909.1	387
EU816720.1	413
EU816741.1	389
EU816754.1	423
DQ787405.1	371
DQ787406.1	368
DQ787416.1	323
DQ787417.1	364
DQ787418.1	389
DQ787420.1	384
DQ787422.1	371
DQ826452.1	391
DQ837371.1	389
FJ037810.1	336
FJ037896.1	391
JF301573.1	321
JQ898986.1	336
KR087522.1	384
KR087547.1	384
KX509866.1	371
PV900727.1	376
KT364072.1	340
KT364073.1	340
KT364088.1	339
KT364094.1	340
KT364100.1	340
MZ927400.1	361
MZ927404.1	318
MZ927416.1	340
KP794316.1	370
MN826038.1	351
MN826039.1	351
MN826040.1	351
MT153596.1	362
MT153598.1	379
MT153599.1	379
EF060223.1	376
FJ384030.1	375
FJ384031.1	375
FJ384032.1	375
KJ918487.1	377
KP794363.1	374
KP794364.1	374
MK554643.1	378
MN420822.1	378
AJ831787.1	378
AJ831788.1	378
EU330445.1	380
MN257690.1	387
PV138092.1	387
FJ384037.1	375
FJ384039.1	375
FJ384040.1	375
OM060341.1	377
X86858.2	378
FJ384041.1	374
FJ384042.1	374
FJ384043.1	374
FJ384044.1	374
FJ384045.1	374
FJ384046.1	374
FJ384047.1	374
FJ384048.1	374
FJ384049.1	374
FJ949064.1	331
FJ949065.1	331
FJ949066.1	331
FJ949067.1	331
AB675713.1	393
AM234137.1	374
KJ187655.1	375
MH445989.1	372
AF245429.1	394
DQ985620.1	386
DQ985641.1	390
DQ985642.1	390
DQ985643.1	390
JQ730089.1	386
JQ730136.1	390
DQ210024.1	357
DQ210025.1	357
DQ210269.1	357
DQ210360.1	357
DQ210435.1	357
DQ210437.1	357
DQ210515.1	357
DQ210543.1	357
KP900370.1	415
MH615785.1	363
MH615786.1	363
PV900218.1	391
DQ889459.1	384
DQ861601.1	404
DQ861607.1	383
DQ861611.1	403
DQ861612.1	402
DQ861615.1	380
DQ861616.1	404
DQ861628.1	396
DQ861634.1	397
EU436868.1	371
HG004858.1	364
HQ334911.1	377
KJ918501.1	376
MK088009.1	378
MK088017.1	378
MK088018.1	378
AY552527.1	352
PV901031.1	366
PV901032.1	366
X17534.1	351
KM051454.1	349
MN257851.1	349
MT108800.1	348
MW142564.1	342
EF635465.1	337
LC033838.1	339
LC033839.1	339
LC033840.1	339
LC033841.1	339
MT276680.1	357
MT276681.1	357
MT276682.1	357
MT276685.1	357
MT276686.1	357
MT276687.1	357
MT276688.1	357
MT276689.1	357
MT276690.1	357
DQ210559.1	361
DQ924390.1	353
DQ924391.1	361
DQ924394.1	357
DQ924396.1	360
DQ924400.1	359
DQ924402.1	353
DQ924412.1	357
KF727964.1	356
KF727965.1	356
KF727966.1	356
KF727967.1	356
KF727968.1	356
KF727969.1	356
KF727970.1	356
KF727971.1	356
KF727972.1	356
KF727973.1	356
KF727974.1	356
KF727975.1	356
KF924123.1	340
LC033836.1	341
LC033837.1	341
MG208068.1	337
AM404337.1	350
AM404341.1	354
AM404343.1	364
MN825525.1	348
MN825526.1	348
MN825527.1	348
OR973574.1	371
OR973576.1	371
PQ793164.1	364
MG693038.1	375
KF196317.1	403
KM051464.1	344
KY968824.1	375
KY968854.1	375
MW079309.1	349
AY552528.1	355
DQ314157.1	357
KF668233.1	355
PV901442.1	352
AJ492424.1	375
AJ492426.1	375
AJ492452.1	376
AJ492439.1	376
AJ492454.1	375
AJ492455.1	375
EF026604.1	378
EU850633.1	379
MH298755.1	349
HM042458.1	352
HM042476.1	353
MN257763.1	351
PV901521.1	390
AJ492423.1	375
AJ492447.1	375
AJ492448.1	375
AJ492450.1	375
MH377864.1	355
EF041511.1	368
EF041513.1	376
MK854642.1	372
MK854643.1	372
MK854644.1	372
MK854645.1	372
MK854646.1	372
MK854647.1	372
MK854648.1	372
MK854649.1	372
MK854650.1	372
MK854651.1	372
MK854652.1	372
MK854653.1	372
MK854654.1	372
MK854655.1	372
MK854656.1	372
MK854657.1	372
MK854658.1	372
MK854659.1	372
MK854660.1	371
MK854661.1	372
MK854662.1	372
MK854663.1	372
MK854664.1	372
MK854665.1	372
MK854666.1	372
MK854667.1	372
MK854668.1	372
EF060212.1	379
EF060217.1	378
EF060224.1	376
EF060226.1	377
EF060227.1	377
EF060228.1	378
EF060229.1	376
MK542829.1	378
MK559500.1	378
MN420826.1	378
MN824877.1	324
MN824878.1	324
MN824879.1	324
MN824880.1	324
MN824881.1	324
MN824882.1	324
MN824883.1	324
MN824884.1	324
MN824885.1	324
MN824886.1	324
MN824887.1	324
MN824888.1	324
MN824889.1	324
MN824890.1	324
MN824891.1	324
MN824892.1	324
MN824893.1	324
MN824894.1	324
MN824895.1	324
MN824896.1	324
MN824897.1	324
MN824898.1	324
MN824899.1	324
MN824900.1	324
MN824901.1	324
MN824902.1	324
MN824903.1	324
MN824904.1	324
MN824905.1	324
MN824906.1	324
MN824907.1	324
MN824908.1	324
MN824909.1	324
MN824910.1	324
MN824911.1	324
MN824912.1	324
MN824913.1	324
MN824914.1	324
MN824915.1	324
MN824916.1	324
MN824917.1	324
MN824918.1	324
MN824919.1	324
MN824920.1	324
MN824921.1	324
MN824922.1	324
MN824923.1	324
MN824924.1	324
MN824925.1	324
MN824926.1	324
MN824927.1	324
MN824928.1	324
MN824929.1	324
MN824930.1	324
MN824931.1	324
MN824932.1	324
MN824933.1	324
MN824934.1	324
MN824935.1	324
MN824936.1	324
MN824937.1	324
MN824938.1	324
MN824939.1	324
MN824940.1	324
MN824942.1	324
MN824943.1	324
MN824944.1	324
MN824945.1	323
MN824946.1	324
AY558826.1	345
AY560274.1	345
AY560316.1	350
GU556631.1	364
KC528905.1	345
KC528906.1	345
KC528907.1	345
KM921777.1	365
KY968856.1	325
MG232788.1	340
MN825750.1	325
MN825751.1	325
MN825752.1	325
MN825753.1	326
MN825754.1	325
MN825755.1	325
MT923437.1	294
PQ438543.1	345
PZ502242.1	345
AY558823.1	334
EF065700.1	357
EF065701.1	361
EF065702.1	361
KX095168.1	293
DQ923759.1	358
DQ923760.1	358
DQ923761.1	358
DQ923763.1	352
DQ923765.1	352
DQ923767.1	353
DQ923768.1	354
DQ923769.1	354
DQ923770.1	354
DQ923771.1	354
DQ923772.1	354
DQ923773.1	354
DQ923780.1	352
DQ923781.1	352
DQ923782.1	354
DQ923783.1	354
DQ923784.1	354
DQ923785.1	352
DQ923786.1	354
DQ923787.1	352
DQ923789.1	352
DQ923790.1	352
DQ923791.1	352
DQ923793.1	352
KY988899.1	354
KY988900.1	354
DQ923774.1	354
DQ923775.1	354
DQ923776.1	352
DQ923777.1	353
DQ923778.1	354
DQ923779.1	352
DQ923788.1	354
DQ923792.1	352
DQ926718.1	733
DQ926721.1	730
MH710832.1	362
DQ926724.1	730
DQ926725.1	730
KY780583.1	349
KY780584.1	349
EF108392.1	389
EF108396.1	387
EF108398.1	390
EF108401.1	393
EF108405.1	394
MZ191013.1	391
EF107654.1	389
EF107655.1	344
EF107657.1	388
EF107658.1	387
KU182733.1	391
PV424302.1	345
PV424303.1	345
PV424304.1	345
KX873186.1	352
KX873187.1	352
JX313355.1	393
JX313374.1	395
LN607542.1	393
MK988140.1	345
MK988141.1	345
MK988142.1	344
MK988144.1	345
MK988145.1	345
EU841166.1	389
MZ366395.1	354
MT922839.1	390
DQ985621.1	382
DQ985622.1	382
DQ985623.1	382
DQ985624.1	388
DQ985625.1	388
DQ985626.1	389
DQ985627.1	389
DQ985628.1	388
DQ985629.1	388
DQ985632.1	391
DQ985634.1	382
DQ985635.1	389
DQ985636.1	393
DQ985637.1	382
DQ985638.1	382
DQ985639.1	389
DQ985640.1	389
JQ730134.1	388
MG693004.1	374
MG693005.1	374
AY554401.1	334
EF174484.1	359
EU352230.1	358
KY523268.1	358
KY523275.1	358
KY523283.1	361
KY523288.1	353
KY523290.1	353
KY523300.1	353
KY523301.1	354
KY523310.1	354
KY523311.1	354
KY523312.1	354
MG680626.1	353
MZ409449.1	358
PX411354.1	353
AB289458.1	367
AB289459.1	367
AB289460.1	367
AB289461.1	367
AB289462.1	367
AB289463.1	367
AB289468.1	364
AB289469.1	364
AB289476.1	363
AB289477.1	366
AB289478.1	362
AB289479.1	364
AB289483.1	367
EF025089.1	388
EF025090.1	373
EF025092.1	387
EF025093.1	385
EF025095.1	380
EF025096.1	380
EF025097.1	388
EF025098.1	385
EF025099.1	380
EF025100.1	380
EF025101.1	386
EF025102.1	385
EF025103.1	385
EF025104.1	389
EF025106.1	387
EF025109.1	389
HM347031.1	350
JX475162.1	476
JX475163.1	476
MT922881.1	368
AY857966.1	376
DQ059395.1	377
MT153602.1	379
PX218332.1	377
AM489410.1	374
AM489411.1	375
AM489412.1	375
AY857967.1	378
DQ059407.1	378
DQ059408.1	377
DQ059409.1	377
DQ059410.1	377
EF152583.1	426
FJ384056.1	373
FJ384057.1	373
FJ384058.1	373
KC201067.1	347
KJ918495.1	373
KX789290.1	375
LC424042.1	373
MN750382.1	363
MN750383.1	363
MN750392.1	363
MN750407.1	363
MN750412.1	363
MN750413.1	363
MN750414.1	363
MT153603.1	378
OM060349.1	377
OM060353.1	377
OM060354.1	376
PP002397.1	375
AB290886.1	377
AB290890.1	377
AB290891.1	378
OR544143.1	372
OR544144.1	372
OR544145.1	372
OR544146.1	372
OR544147.1	372
OR544148.1	372
EF206701.1	370
KJ187639.1	375
KP690132.1	392
KP747686.1	392
KP751380.1	392
MN199981.1	318
PP035948.1	375
PP035950.1	375
PP035951.1	376
KR150143.1	390
KY397481.1	390
KY397487.1	393
KP794418.1	373
KX073459.1	360
KY952677.1	387
KY952678.1	387
KY952679.1	387
KY952681.1	387
KY968840.1	389
KY968876.1	389
KY968897.1	389
KY968959.1	398
MT922753.1	387
OM886416.1	374
EF371738.1	344
EF371739.1	344
EF371740.1	344
EF371742.1	344
EF371743.1	344
EF371744.1	344
EF371745.1	344
EF371746.1	344
EF371747.1	344
EF371748.1	344
EF371749.1	344
EF371763.1	344
EF371764.1	344
EF371765.1	344
EF371766.1	344
EF371767.1	344
EF371768.1	344
EF371769.1	344
EF371770.1	344
EF371771.1	344
EF371772.1	344
EF371773.1	344
EF371774.1	344
EF371775.1	346
EF371776.1	344
EF371777.1	344
EF371778.1	344
EF371779.1	344
EF371780.1	344
EF371781.1	344
EF371782.1	344
EF371783.1	344
EF371784.1	344
EF371785.1	344
EF371786.1	344
EF371788.1	344
EF371789.1	344
EF371790.1	344
EF371791.1	344
EF371792.1	344
EF371793.1	344
EF371794.1	344
EF371795.1	344
EF371796.1	344
EF371797.1	344
LN515407.1	371
MN525478.1	374
OR540651.1	371
OR540652.1	371
OR540653.1	371
OR540654.1	371
OR540655.1	372
OR540656.1	371
OR544021.1	371
OR544022.1	371
OR544023.1	371
OR544024.1	373
OR544025.1	373
OR544026.1	371
OR544219.1	372
OR544220.1	372
OR544221.1	372
OR544222.1	372
OR544223.1	372
OR544224.1	372
OR544225.1	372
EF092318.1	379
KP878361.1	401
KP878362.1	400
MG232783.1	332
MH557909.1	332
MH557910.1	332
MH557913.1	332
MH710823.1	332
MN257639.1	400
AB593568.1	365
LC380637.1	361
LC380640.1	363
LC380641.1	363
EF079365.1	355
EF079367.1	356
EF079370.1	367
EF079371.1	358
EF079379.1	358
EF079382.1	364
EF079386.1	369
EF079436.1	366
EF079437.1	366
EF079443.1	370
EF079445.1	368
EF670359.1	366
EU123551.1	353
EU554351.1	366
FJ565193.1	354
FJ565206.1	352
FJ565216.1	353
FJ565219.1	353
FJ565250.1	352
FJ565321.1	351
FJ565339.1	352
FJ565365.1	351
FJ565393.1	352
FJ565635.1	351
FJ565657.1	353
GU556666.1	357
HM854630.1	367
KR087517.1	384
KR087518.1	384
KT923827.1	367
KY239332.1	361
MG023256.1	367
MG460381.1	371
MK164473.1	371
MK164525.1	371
MN332402.1	357
ON694123.1	366
OQ645700.1	370
OR397939.1	356
FJ565252.1	354
FJ565261.1	352
GQ888946.1	412
HG004870.1	357
KY009278.1	413
KY009279.1	413
KY009280.1	413
KY009281.1	413
KY009282.1	413
KY009288.1	413
KY009289.1	413
MG323900.1	367
MG323907.1	367
KY009328.1	412
KY009329.1	412
KY009330.1	412
KY009331.1	412
KY009374.1	412
KY009375.1	412
KY009376.1	412
KY009377.1	412
KY009378.1	412
MT774613.1	411
DQ210005.1	357
DQ210089.1	355
DQ210103.1	356
DQ210273.1	357
DQ210311.1	356
DQ210317.1	360
DQ210355.1	362
DQ210375.1	355
DQ210382.1	359
DQ210383.1	356
DQ210402.1	359
DQ210405.1	353
DQ210418.1	362
DQ210483.1	356
DQ210564.1	357
EF079366.1	352
EF079373.1	361
EF079380.1	364
EF079385.1	377
EF079432.1	366
EF079440.1	372
EF079441.1	372
EF079446.1	363
EF079447.1	368
EF079448.1	370
EF079449.1	371
EF095734.1	357
EF095735.1	355
EF095738.1	377
EF095740.1	375
EF095741.1	375
MT922582.1	351
HG004828.1	366
HG004855.1	362
HG004885.1	357
KY417940.1	388
AB873181.1	366
EF136576.1	392
EF136578.1	418
HE586019.1	384
MH711816.1	355
KJ747021.1	369
KP675789.1	401
KR350144.1	376
KR350145.1	376
KT338649.1	369
LC503613.1	365
MF944290.1	379
MF944291.1	379
MF944325.1	376
MF944372.1	376
MF944402.1	365
MK413695.1	373
AF328830.1	388
KJ630930.1	388
MN257675.1	361
MN825282.1	325
MN825283.1	325
MN825285.1	325
MN825286.1	326
OR936239.1	377
OR936243.1	378
OR936244.1	376
FN870379.1	317
GU257977.1	366
JX233768.1	366
JX233769.1	366
JX233771.1	368
KC633145.1	380
FJ794673.1	374
KX057896.1	380
KY968827.1	381
LC593156.1	381
LC593157.1	381
LC593159.1	381
MK803019.1	381
EU145355.1	307
MG693039.1	374
HQ647234.1	354
AM939500.1	325
AM939501.1	325
AM939502.1	325
EF174483.1	362
FJ907060.1	326
FJ907061.1	326
HQ148750.1	325
HQ148757.1	325
HQ148841.1	326
JQ730816.1	325
KF848292.1	326
KJ784576.1	326
MN091684.1	325
AM267023.1	340
AM939527.1	326
AM939528.1	326
EU145377.1	357
FJ695455.1	326
HQ148758.1	325
HQ148800.1	325
HQ148801.1	325
HQ148802.1	325
HQ148803.1	325
HQ148817.1	325
HQ148839.1	325
HQ148840.1	325
HQ148842.1	325
KF553452.1	349
OQ449456.1	357
OQ449457.1	357
OQ449502.1	357
OQ449566.1	357
OQ449568.1	357
KP878889.1	340
KP878902.1	341
KP878903.1	341
KP878904.1	341
HM116975.1	363
MK164425.1	368
MK164446.1	371
MK164488.1	371
ON009180.1	368
ON009201.1	367
ON009210.1	369
AF348405.1	314
AB675865.1	393
HQ148843.1	341
DQ861609.1	393
FJ518905.1	393
MH710848.1	369
AY695591.1	395
DQ861627.1	383
DQ861633.1	389
FJ518904.1	372
FM204692.1	367
FM204693.1	367
FM204694.1	366
AB985734.1	371
EF214585.1	373
FJ605220.1	372
FJ605234.1	372
FJ605236.1	372
AY552121.1	388
AY552122.1	388
AY552132.1	388
EU661434.1	389
EU661438.1	389
LN607484.1	394
LN607485.1	394
MT940441.1	368
KY512508.1	360
MN750388.1	363
MN750389.1	363
MN750390.1	363
MN750391.1	363
MN750406.1	363
MN750408.1	363
OP763764.1	363
OP763765.1	363
OP763766.1	363
OP763767.1	363
KP675790.1	367
MK179324.1	365
MK179327.1	365
MK179328.1	365
MK179330.1	365
MK179339.1	365
MK179345.1	365
MT500613.1	372
AY271919.1	356
MF944415.1	369
FJ377635.1	266
KX872960.1	346
KX872961.1	346
KX872969.1	346
PV844789.1	406
PV844790.1	406
PV844792.1	406
AY271921.1	355
AY271922.1	356
OM886415.1	370
OM886419.1	373
AM745764.1	346
AM745767.1	344
AM745769.1	347
AM745771.1	342
AM745773.1	347
AM745910.1	333
AM745912.1	331
AM745914.1	331
AM745916.1	335
AM745918.1	331
AM745920.1	333
AM745922.1	335
AM745929.1	331
AM745931.1	336
AM745933.1	331
AY271918.1	355
AY271920.1	356
KX873132.1	357
KX873133.1	357
AM745777.1	347
AM745779.1	342
AM745781.1	346
AM745792.1	349
AM745794.1	352
AM745796.1	347
AM745798.1	347
AM745800.1	347
AM745809.1	345
AM745811.1	351
AM745813.1	350
AM745815.1	351
AM745817.1	351
AM745830.1	342
AM745832.1	342
AM745838.1	345
AM745840.1	344
AM745842.1	345
AM745844.1	345
AM745846.1	347
AM745848.1	344
AM745850.1	344
AM745852.1	345
AM745856.1	344
AM745858.1	344
AM745864.1	349
AM745866.1	341
AM745868.1	344
AM745870.1	319
AM745876.1	319
AM745878.1	319
AM745880.1	318
AM745882.1	319
AM745892.1	319
AM745894.1	344
AM745899.1	344
AM745905.1	344
AM745938.1	346
AM745940.1	346
AM745862.1	344
EU069393.1	379
JX505456.1	326
EU347729.1	372
EU347733.1	372
EU347736.1	372
EF660578.1	750
EU347723.1	372
EU347726.1	372
EU347730.1	372
EU347734.1	373
EU347748.1	372
EU347834.1	371
EU347844.1	371
EU347846.1	373
EU347847.1	373
HE586021.1	380
HE586032.1	380
KX872934.1	354
OP881279.1	338
OP881280.1	338
HQ615146.1	391
MT923926.1	354
MK450367.1	356
MK450368.1	357
MK450369.1	357
MK450370.1	357
MK450371.1	356
MK450372.1	356
MK450373.1	356
MK450374.1	356
MK450375.1	356
MK450376.1	357
MK450377.1	356
MK450378.1	356
MK450379.1	356
MK450380.1	356
MK450381.1	356
MK450382.1	356
MK450383.1	356
MK450384.1	356
MK450385.1	356
MK450386.1	356
MK450387.1	356
MK450388.1	356
MK450389.1	356
MK450390.1	356
MK450391.1	356
MK450392.1	356
MK450393.1	356
MK450394.1	357
MK450395.1	356
MK450396.1	356
MK450397.1	356
MK450398.1	356
MK450399.1	356
MK450400.1	356
MK450401.1	357
MK450402.1	357
MK450403.1	357
MK450404.1	357
MK450405.1	356
MK450406.1	356
MK450407.1	357
MK450408.1	356
MK450409.1	356
MK450410.1	356
GU219992.1	354
GU219993.1	360
GU219999.1	360
GU220006.1	360
GU220009.1	357
GU220010.1	357
JX152672.1	373
KM051462.1	374
EF635441.1	401
EF635443.1	325
EF635448.1	393
EF635452.1	364
EF635453.1	325
EF635455.1	325
EF635459.1	391
EF635461.1	393
EF635462.1	393
EF635463.1	393
EF635467.1	401
EF635469.1	377
EF635473.1	359
EF635474.1	357
EF635478.1	386
EF635480.1	351
EF635482.1	389
EF635484.1	312
EF635485.1	312
EF660582.1	877
EU331098.1	325
EU812810.1	401
GQ130326.1	325
KC181916.1	343
KC181917.1	343
KC181918.1	343
KC181919.1	343
KC181920.1	343
MG208076.1	335
MG208079.1	340
EF660572.1	877
KX931027.1	362
KX931033.1	359
KX931035.1	358
MT923942.1	347
PV704795.1	362
PV704796.1	361
PV704807.1	333
PV704817.1	357
PV704830.1	357
PV704831.1	357
PV704832.1	357
PV704833.1	358
PV704852.1	359
PV704853.1	359
PV704868.1	380
PV704870.1	379
PV704878.1	400
PV704879.1	400
PV704880.1	400
PV704881.1	400
PV938553.1	357
JF831220.1	342
DQ175608.1	334
FJ565238.1	352
FJ565604.1	352
KC539575.1	346
AY233323.1	356
AY271912.1	356
AY271913.1	356
AY271914.1	356
KY968905.1	362
KY968952.1	362
HM347027.1	342
JQ067133.1	368
KY523292.1	359
PV901619.1	380
PV901620.1	380
EU331123.1	363
HM116974.1	457
KY657448.1	363
KY657449.1	363
KY657450.1	363
DQ826447.1	429
EF660531.1	377
EF660532.1	385
EF660533.1	386
EF660534.1	389
EF660535.1	325
EF660536.1	392
EF660538.1	391
EF660539.1	386
EF660541.1	389
EF660543.1	428
EF660545.1	422
HG004875.1	368
KP900411.1	415
MT434778.1	377
MH710804.1	389
KX955045.1	365
KY782496.1	385
KY782497.1	385
PV900432.1	375
MH229891.1	384
MH229892.1	395
HG004833.1	367
OL355279.1	367
KM051455.1	343
KY968954.1	343
OR544149.1	374
OR544150.1	371
OR544151.1	374
OR544152.1	371
OR544153.1	371
OR544154.1	371
OR544155.1	371
OR544231.1	371
OR544232.1	372
OR544233.1	371
OR544234.1	372
MN787126.1	357
MN787127.1	357
HG004809.1	364
EU352241.1	391
LC088731.1	391
LC088732.1	391
LC088733.1	391
PV900347.1	408
PV900350.1	409
PV900351.1	409
JX870685.1	296
KC779796.1	366
KP262482.1	366
MF543799.1	388
MF543800.1	388
MF543801.1	388
MF543802.1	388
MF543803.1	388
MF543804.1	388
KY968822.1	364
KY968826.1	364
KY968847.1	378
KY968869.1	379
MN058283.1	345
MN058285.1	348
MN058286.1	348
MN058287.1	348
PZ515784.1	375
PZ531942.1	375
PZ531943.1	375
PZ531944.1	375
PZ531945.1	375
PZ531946.1	375
PZ531947.1	375
PZ531948.1	375
PZ531949.1	376
PZ531950.1	375
PZ531953.1	376
PZ531954.1	377
AJ626905.1	388
EF545652.1	380
EU091665.1	381
OQ451583.1	357
PV901296.1	353
EU338056.1	379
HG004806.1	383
JX840525.1	322
KY688810.1	317
LC009426.1	363
LC009427.1	363
LC009428.1	363
LC009429.1	363
LC009430.1	363
AF313002.1	312
DQ227328.1	313
KX057907.1	378
KX057909.1	338
EF635445.1	325
EF635457.1	369
EF635475.1	369
EF635476.1	337
GQ130333.1	325
EF558615.1	387
KY968912.1	375
KY968928.1	376
FN582349.1	364
FN582350.1	364
KM051437.1	358
KY214933.1	336
KY968946.1	361
MK123470.1	877
EU331120.1	393
EU812816.1	394
EU812817.1	394
AM939450.1	324
AM939491.1	323
AM939494.1	320
HE657661.1	321
HE657673.1	319
HE657730.1	319
HE657731.1	319
HE657732.1	319
HE657736.1	323
HE657748.1	320
HG004879.1	321
HQ148748.1	324
HQ148749.1	321
HQ148751.1	321
HQ148752.1	324
HQ148753.1	321
HQ148754.1	321
HQ148755.1	320
HQ148756.1	320
HQ148760.1	324
HQ148767.1	324
HQ148768.1	324
HQ148769.1	324
HQ148770.1	324
HQ148776.1	320
HQ148778.1	323
HQ148779.1	323
HQ148780.1	320
HQ148781.1	320
HQ148782.1	324
HQ148783.1	319
HQ148784.1	319
HQ148785.1	319
HQ148794.1	319
HQ148795.1	320
HQ148805.1	319
HQ148806.1	319
HQ148816.1	324
HQ148818.1	324
HQ148822.1	319
HQ148827.1	320
MN091680.1	320
MN625361.1	394
MN625366.1	395
MN625367.1	395
MN625374.1	395
MN625375.1	395
MN625376.1	395
MN625390.1	394
MN625391.1	395
MN625395.1	395
MN625400.1	395
MN625405.1	394
MN625406.1	394
MN625408.1	394
MN625409.1	394
MN625413.1	395
MN625420.1	395
MN625437.1	395
MN625443.1	395
MN625445.1	395
AM939544.1	324
AM939545.1	324
EU091623.1	377
HQ148791.1	319
HQ148792.1	319
HQ148793.1	319
HQ148815.1	319
KF736998.1	324
EU102673.1	312
EU102674.1	312
EU102675.1	312
EU102676.1	312
EU102684.1	314
EU102685.1	312
EU102687.1	314
EU102688.1	314
EU102691.1	314
EU102692.1	313
EU102710.1	314
EU102711.1	314
EU102712.1	314
EU102713.1	314
EU102714.1	314
EU102715.1	314
EU102716.1	314
EU102717.1	314
EU102718.1	311
EU102719.1	313
EU102720.1	314
EU102721.1	313
EU102722.1	313
EU102723.1	313
EU102725.1	313
EU102726.1	313
EU102728.1	313
EU102729.1	313
EU102730.1	316
EU102732.1	318
EU102733.1	313
EU102734.1	314
EU102735.1	314
EU102736.1	314
EU102737.1	316
EU102738.1	314
EU102739.1	314
EU102740.1	314
EU102741.1	313
EU102742.1	320
EU102743.1	320
EU102744.1	320
EU102745.1	320
EU102746.1	320
EU102747.1	320
PZ111864.1	383
PZ111865.1	383
PZ111866.1	383
PZ111867.1	383
PZ111911.1	389
HM116972.1	388
PV900248.1	390
AF551739.1	357
EU091563.1	379
EU091578.1	377
EU091581.1	377
EU091585.1	377
EU091586.1	378
EU091590.1	377
EU091603.1	380
EU091639.1	377
EU091646.1	374
EU091655.1	374
EU091660.1	378
EU091572.1	378
EU091576.1	377
EU091592.1	377
EU091606.1	381
EU091610.1	376
EU091677.1	378
KY214929.1	349
KX872926.1	355
KX872927.1	355
MZ366400.1	375
AF551730.1	355
AF551734.1	355
AF551735.1	355
JQ067262.1	371
KU532889.1	362
KX016112.1	363
MN625399.1	385
MN625410.1	385
JX870758.1	294
KY214941.1	334
KY321083.1	337
MZ015526.1	150
MZ015528.1	296
AB593579.1	366
AB593628.1	368
EU091670.1	378
JQ067334.1	362
KP878909.1	342
KX130206.1	772
MT500610.1	370
KF993563.1	426
KF993564.1	426
KF993565.1	426
KF993566.1	426
KF993567.1	426
EF649986.1	377
JX475149.1	473
JX475150.1	473
JX870763.1	341
KF921691.1	325
KF921695.1	352
MZ171224.1	372
EF670320.1	379
EF670321.1	394
EF670322.1	386
EF670323.1	403
EF670324.1	368
EF670325.1	369
EF670326.1	369
EF670327.1	369
EF670328.1	373
EF670335.1	402
EF670336.1	422
EF670337.1	392
EF670339.1	394
EF670341.1	369
EF670350.1	362
EF670351.1	379
EF670353.1	378
EF670354.1	424
EF670355.1	374
EF670356.1	371
EF670358.1	376
EF670360.1	368
EF670361.1	369
EF670367.1	360
EF670373.1	366
EF670375.1	366
EF670376.1	366
EF670388.1	368
OM141070.1	353
OQ645699.1	371
AB593630.1	366
HF952957.1	367
JX233679.1	366
JX233680.1	366
JX233681.1	366
JX233682.1	366
JX233685.1	366
JX233686.1	366
JX233726.1	366
JX233727.1	366
JX233748.1	366
KR632776.1	365
MT923431.1	331
AJ347892.1	376
AJ347910.1	369
GU257978.1	310
KC899268.1	396
KF977432.1	309
MF543771.1	373
MF543772.1	373
MF543773.1	373
MF543774.1	373
MF543775.1	373
MZ366415.1	357
KX873162.1	346
KX954943.1	365
MW399365.1	446
MW399366.1	446
MW399367.1	446
MW399387.1	446
KX954934.1	357
KX955026.1	364
KY218781.1	375
MZ366417.1	357
KY968966.1	374
MT923626.1	374
OK667797.1	374
MZ356153.1	377
OK036668.1	376
OK036669.1	376
OK036670.1	376
OK036671.1	376
HQ142580.1	387
HQ142581.1	388
HQ142583.1	388
HQ142596.1	388
HQ142599.1	388
HQ142600.1	385
HQ142601.1	383
HQ142602.1	388
KX954918.1	362
KY930350.1	380
KY971438.1	386
KY992414.1	386
MK945649.1	366
MK945659.1	363
MK945660.1	363
MN186839.1	356
EU347725.1	373
EU347731.1	374
KY218780.1	337
AH013853.2	434
MH710765.1	345
OP599651.1	397
PV900318.1	368
PV900319.1	368
FJ565270.1	352
FJ565653.1	352
HQ858907.1	387
HQ859013.1	387
KU832339.1	387
EU169118.1	389
EU169119.1	384
GQ139307.1	386
KY782388.1	378
KY782465.1	378
MK184599.1	358
MK945657.1	364
MK945658.1	365
MT923647.1	365
GQ139311.1	386
HM042453.1	354
HM042454.1	308
HM042461.1	348
HM042477.1	355
HM042479.1	353
HM042488.1	354
HM042489.1	354
HM042496.1	353
HM042497.1	354
HM042501.1	354
EU145386.1	354
HM042463.1	354
HM042464.1	353
HM042466.1	353
HM042467.1	353
HM042468.1	353
HM042469.1	355
HM042470.1	353
HM042471.1	352
HM042472.1	353
HM042475.1	353
HM042480.1	353
HM042484.1	353
PP855017.1	395
PP855025.1	397
PP855035.1	395
PX411357.1	336
EF670332.1	391
EF670333.1	391
EF670334.1	391
KC955698.1	350
KC955699.1	350
LC090014.1	403
EU091577.1	377
EU091604.1	383
EU091605.1	380
EU091627.1	377
EU091657.1	375
EU091671.1	378
KY968851.1	351
MT922584.1	350
HQ615087.1	401
HQ615088.1	410
HQ615093.1	410
HQ615094.1	431
HQ615095.1	403
HQ615100.1	398
HQ615101.1	402
HQ615102.1	404
HQ615103.1	403
HQ615104.1	403
HQ615105.1	402
HQ615106.1	373
HQ615112.1	399
HQ615114.1	404
HQ615115.1	400
HQ615117.1	400
HQ615118.1	399
HQ615120.1	400
HQ615121.1	401
HQ615122.1	399
HQ615131.1	399
HQ615133.1	398
HQ615134.1	400
HQ615135.1	400
HQ615136.1	399
HQ615140.1	402
HQ615143.1	406
HQ615144.1	405
HQ615145.1	407
HQ615107.1	374
KT366067.1	372
AB366610.1	368
AB366614.1	368
EU123545.1	353
EU123546.1	353
EU123547.1	353
EU123548.1	351
EU123549.1	353
EU123550.1	353
EU123552.1	353
EU123553.1	353
EU123554.1	351
EU123555.1	353
EU123556.1	353
EU123557.1	353
EU123558.1	353
EU123559.1	353
EU123560.1	353
EU123561.1	353
EU123562.1	353
EU123563.1	353
EU123564.1	353
EU123565.1	353
EU123566.1	353
EU123567.1	353
EU123568.1	353
EU123569.1	353
EU123570.1	353
EU123571.1	353
EU123572.1	353
EU123573.1	351
EU123574.1	351
EU123575.1	353
EU123576.1	353
EU123577.1	353
EU123578.1	353
EU123579.1	353
EU123581.1	353
EU123582.1	353
EU123583.1	355
EU123587.1	352
EU123588.1	353
EU123589.1	353
EU123590.1	353
EU123591.1	353
EU123592.1	352
EU123593.1	352
EU123595.1	353
EU123596.1	353
EU123597.1	353
EU123598.1	353
EU123599.1	353
EU123600.1	353
EU123601.1	352
EU123602.1	352
EU123605.1	353
EU123606.1	353
EU123607.1	353
EU123608.1	353
EU123609.1	352
EU123610.1	351
AF328834.1	387
JN560192.1	332
JQ067300.1	372
JQ398734.1	371
KY584371.1	356
LC372527.1	365
EU145350.1	364
EU145351.1	370
EU145360.1	308
EU145371.1	362
EU145372.1	375
EU145376.1	360
EU145378.1	357
EU145381.1	356
HQ615139.1	405
JX040540.1	374
MK945652.1	363
AF350564.1	352
AF350810.1	352
FJ565257.1	352
GQ889012.1	390
MW075481.1	343
MW075482.1	343
MW075483.1	342
MW075492.1	342
EU266441.1	377
EU266442.1	377
EU266443.1	377
EU266444.1	377
EU266445.1	377
EU266446.1	377
EU266447.1	377
EU266448.1	377
EU266449.1	377
EU266450.1	377
FJ462480.1	367
FJ462481.1	369
JF807649.1	377
JF807650.1	377
JF807651.1	377
JF807652.1	377
JF807653.1	377
JF807654.1	378
KX057904.1	349
LC008195.1	364
LC009378.1	364
LC775705.1	364
LC775706.1	364
LC775707.1	364
LC775708.1	364
MZ927382.1	318
JX870765.1	323
MZ475325.1	323
FJ518897.1	392
GU269247.1	365
HF586697.1	335
HF586698.1	335
HF586699.1	335
HF586700.1	335
HF586705.1	335
HF586706.1	335
HF586707.1	334
FJ948470.1	843
MH710686.1	329
MH711177.1	364
HM347011.1	356
MT923749.1	366
MZ927387.1	323
OL863044.1	366
OL863046.1	366
OL863048.1	366
PX248636.1	366
PX459825.1	363
HQ724822.1	365
MN825315.1	347
MN825316.1	346
MN825321.1	348
MW399315.1	446
MW399316.1	446
MW399317.1	446
MW399362.1	446
MW399363.1	446
MW399364.1	446
KR150148.1	349
ON706927.1	380
ON706929.1	380
ON706930.1	379
ON706931.1	379
ON706934.1	379
ON706935.1	379
ON706936.1	379
ON706937.1	379
LN812342.1	413
EU331095.1	358
EU331096.1	359
EU331097.1	359
EU331099.1	389
EU331100.1	380
EU331101.1	379
EU331103.1	353
EU331106.1	393
EU331110.1	356
EU331111.1	356
EU331112.1	356
EU331113.1	356
EU331114.1	356
EU331115.1	356
EU331116.1	356
EU331118.1	393
EU331121.1	397
EU331122.1	397
EU331124.1	324
EU331125.1	324
EU331127.1	324
EU331128.1	324
EU331129.1	324
EU331130.1	324
EU331131.1	324
EU331133.1	352
EU331135.1	361
EU331138.1	389
EU331139.1	389
EU331140.1	389
EU331141.1	389
EU331142.1	389
EU331143.1	389
EU886843.1	389
FJ621494.1	392
MF543784.1	389
MF543785.1	389
MF543786.1	389
MF543787.1	389
MF543788.1	389
MF543789.1	389
MF543790.1	389
MF543791.1	389
HQ859295.1	385
KP737610.1	386
KP737611.1	386
KP737612.1	386
KP737613.1	385
KP737618.1	385
KP737620.1	385
KP737621.1	385
KP737622.1	385
KP737623.1	385
KP737624.1	385
PV661555.1	389
MF543805.1	371
MF543806.1	371
EU352214.1	392
EU352216.1	392
EU352218.1	356
EU352219.1	356
EU352220.1	358
EU352221.1	356
EU352222.1	357
EU352225.1	359
EU352226.1	356
EU352227.1	356
EU352228.1	356
EU352229.1	356
EU352231.1	358
EU352232.1	356
EU352233.1	356
EU352234.1	356
EU352236.1	356
EU352237.1	358
EU352238.1	356
JN600627.1	841
MF543776.1	338
DQ153510.1	370
DQ153511.1	370
DQ153517.1	355
DQ153525.1	368
DQ153529.1	369
DQ153549.1	369
DQ153554.1	369
DQ153555.1	369
DQ153567.1	369
DQ153578.1	369
DQ153579.1	361
DQ153588.1	368
DQ153591.1	368
DQ153593.1	368
DQ153595.1	361
DQ153596.1	367
DQ153597.1	368
DQ153598.1	368
DQ153604.1	365
DQ153611.1	368
DQ153614.1	367
DQ153618.1	368
DQ153621.1	368
DQ153622.1	368
DQ153627.1	361
DQ153628.1	361
DQ153629.1	369
DQ153631.1	369
DQ153632.1	368
DQ153637.1	369
EU338028.1	372
EU352239.1	392
EU352240.1	393
EU352242.1	389
EU352243.1	388
EU352245.1	388
EU352246.1	388
EU352247.1	387
EU490670.1	368
FJ565262.1	352
FJ565601.1	352
FJ565632.1	352
FR832861.1	369
FR832862.1	369
FR832865.1	370
FR832866.1	370
JX840511.1	372
JX840562.1	372
JX840569.1	332
JX840590.1	315
KF146339.1	357
KR816546.1	356
KT825411.1	358
KY084274.1	356
MN257659.1	373
MN257662.1	401
MN719950.1	368
MN719951.1	368
MN719952.1	368
MN719953.1	361
MN719954.1	361
MN719955.1	361
MN719956.1	361
MN719957.1	361
MN719958.1	361
MN719959.1	361
MN719960.1	361
MN719961.1	361
MN719964.1	365
MN719965.1	369
MN719966.1	368
MN719968.1	368
MN719969.1	368
PV829565.1	357
AJ492427.1	375
AJ492451.1	374
EU224204.1	358
EU224205.1	328
EU224208.1	341
EU224210.1	358
EU554333.1	366
EU554334.1	366
FJ481927.1	349
FJ565167.1	353
FJ565168.1	353
FJ565213.1	347
FJ565371.1	352
FJ565400.1	352
FJ565401.1	352
FJ565620.1	351
FJ565631.1	353
FJ565639.1	347
JF934798.1	351
JF934806.1	350
JF934807.1	350
JF934808.1	350
JF934823.1	350
JF934824.1	353
KC425768.1	355
KC425808.1	352
KF612997.1	366
KF747790.1	355
KM495102.1	366
KM495106.1	366
KP012465.1	351
KR816319.1	361
KY988823.1	360
KY988830.1	360
KY988836.1	361
KY988850.1	360
KY988851.1	360
KY988852.1	360
KY988861.1	360
KY988891.1	359
KY988909.1	354
KY988921.1	359
LC610891.1	391
LC610893.1	391
MH218761.1	366
MT500663.1	377
JX862573.1	373
JX862582.1	363
JX862583.1	362
JX862587.1	363
JX862588.1	363
JX862590.1	363
JX862614.1	362
JX862618.1	362
JX862632.1	362
JX862635.1	363
JX862657.1	375
JX862658.1	375
KC435865.1	363
KC435867.1	356
LN515405.1	382
AY102788.1	395
AY102793.1	395
AY102795.1	395
EU331126.1	324
EU841173.1	387
EU841174.1	387
JF893879.1	386
OK103621.1	379
OK103622.1	379
OK103623.1	379
OK103624.1	379
OK103625.1	379
OK103626.1	379
OK103627.1	379
OK103628.1	379
OK103629.1	379
OK103630.1	379
OK103631.1	379
OK103632.1	379
OK103633.1	379
OK103634.1	379
OK103635.1	379
OK103636.1	379
OK103637.1	379
OK103638.1	379
OK103639.1	379
OK103640.1	379
OK103641.1	379
OK103642.1	379
OK103643.1	379
OK103644.1	379
OK103645.1	379
OK103646.1	379
OK103647.1	379
OK103648.1	379
OK103649.1	379
OK103650.1	379
OK103651.1	379
OK103652.1	379
OK103653.1	379
OK103654.1	379
OK103655.1	379
OK103656.1	379
OK103657.1	379
OK103658.1	379
OK103659.1	379
OK103660.1	379
OK103661.1	379
OK103662.1	379
OK103663.1	379
OK103664.1	378
OK103665.1	379
OK103666.1	379
OK103667.1	379
OK103668.1	379
OK103669.1	379
OK325626.1	378
MH710738.1	355
KY584374.1	323
MT922597.1	351
AM939433.1	321
AM939437.1	322
AM939438.1	323
AM939439.1	323
AM939443.1	323
AM939444.1	324
AM939448.1	325
AM939449.1	325
AM939454.1	322
AM939455.1	323
AM939456.1	322
AM939457.1	323
AM939458.1	322
AM939459.1	322
AM939461.1	320
AM939466.1	322
AM939467.1	319
AM939472.1	319
AM939475.1	324
AM939476.1	325
AM939477.1	324
AM939478.1	329
AM939479.1	316
AM939480.1	317
AM939482.1	328
AM939483.1	316
AM939484.1	322
AM939487.1	317
AM939489.1	325
AM939493.1	317
AM939496.1	325
AM939497.1	325
AM939503.1	325
AM939504.1	322
AM939505.1	322
AM939506.1	323
AM939513.1	318
AM939514.1	318
AM939515.1	318
AM939517.1	325
AM939525.1	325
AM939533.1	324
AM939535.1	326
AM939537.1	323
AM939541.1	323
AM939542.1	324
AM939543.1	325
AM939549.1	325
AM939554.1	319
AM939555.1	325
AM939556.1	325
FJ695467.1	324
GU951619.1	251
HE657660.1	316
HE657749.1	320
HQ148809.1	320
HQ148810.1	320
HQ148811.1	320
KF736996.1	323
KF737006.1	323
KF737009.1	324
KF737012.1	325
KM215351.1	325
KM215369.1	324
KX873007.1	353
KX873008.1	353
KX873024.1	353
LN898443.1	324
MN091701.1	318
MN091702.1	318
MN091703.1	318
AM939460.1	322
EU792324.1	354
MW399376.1	446
MW399377.1	446
MW399378.1	446
KT874470.1	354
KT874472.1	354
KY306528.1	374
PP855039.1	396
KM051461.1	364
MT923613.1	373
MW669319.1	371
AJ580549.1	366
AJ580560.1	367
AJ580551.1	366
AJ580557.1	367
AJ580558.1	367
AJ580562.1	367
AJ580563.1	367
AJ580564.1	367
AJ580565.1	367
AJ580566.1	367
AJ580567.1	367
AM939425.1	318
AM939452.1	319
AM939471.1	319
AM939481.1	316
AM939485.1	318
AM939498.1	322
AM939507.1	319
AM939508.1	321
AM939516.1	325
AM939519.1	350
AM939521.1	318
HE657665.1	320
HE657666.1	320
KP904157.1	349
KP904158.1	349
MN091688.1	319
MN091689.1	319
MN091690.1	319
MW396586.1	321
AM939522.1	325
AM939534.1	324
AM939536.1	326
AM939550.1	312
AM939551.1	312
AM939552.1	311
AM939553.1	312
FM204682.1	369
FM204683.1	369
FM204684.1	369
FM204685.1	369
FM204686.1	370
FM204695.1	366
FM204698.1	372
FM204699.1	369
GQ413942.1	371
KJ680484.1	369
KM215380.1	325
MZ063564.1	378
MZ063565.1	378
MZ063566.1	378
MZ063567.1	378
MZ063570.1	378
MZ063573.1	378
MZ063574.1	378
MZ063576.1	378
MZ063577.1	381
MZ063578.1	378
MZ063579.1	378
MZ063580.1	378
MZ063581.1	378
MZ063582.1	378
MZ063583.1	378
MZ063584.1	378
MZ063585.1	378
MZ063586.1	378
MZ063587.1	378
MZ063588.1	378
MZ063589.1	378
MZ063590.1	378
MZ063591.1	378
MZ063592.1	378
MZ063593.1	378
MZ063594.1	378
MZ063595.1	378
MZ063596.1	378
MZ063598.1	378
MZ063600.1	378
MZ063601.1	379
MZ063602.1	378
MZ063603.1	378
MZ063604.1	378
MZ063606.1	378
MZ063608.1	378
MZ063609.1	378
MZ063610.1	378
MZ063613.1	378
MZ063616.1	378
MZ063620.1	378
MZ063622.1	378
MZ063624.1	378
MZ063627.1	378
MZ063630.1	378
MZ063631.1	378
MZ063634.1	378
MZ063635.1	379
KR534429.1	402
KR534430.1	405
MZ063571.1	378
MZ063572.1	378
MZ063575.1	378
MZ063625.1	378
EF660595.1	877
KJ588912.1	890
KJ588913.1	890
KY968828.1	390
MH710813.1	391
MT922824.1	385
AF303704.1	377
DQ339094.1	444
JF807647.1	377
PV900312.1	389
AB593538.1	366
AB894142.1	374
AF303707.1	377
JF807643.1	377
JF807644.1	377
JF807645.1	377
KY397501.1	396
PV662225.1	321
EF660544.1	312
JX233719.1	366
JX233720.1	366
JX233721.1	366
KY417935.1	388
LC089994.1	406
LC089999.1	404
PV900353.1	406
X98630.1	404
X98632.1	406
LC090019.1	404
X98636.1	404
KP900424.1	421
LC090018.1	404
MH710798.1	404
EU338018.1	373
EU338019.1	373
EU338020.1	371
EU338023.1	374
EU338024.1	372
EU338031.1	373
EU338032.1	373
EU338033.1	373
EU338034.1	373
EU338035.1	375
EU338040.1	372
EU338041.1	365
EU338042.1	370
EU338043.1	370
EU338044.1	371
EU338045.1	371
EU338048.1	365
EU338049.1	365
EU338050.1	365
EU338051.1	376
EU338052.1	377
EU338053.1	379
EU338054.1	380
EU338057.1	374
EU338058.1	378
EU441204.1	374
EU441206.1	366
EU441207.1	356
EU441208.1	352
EU441209.1	356
EU441210.1	374
EU482064.1	353
EU482067.1	353
EU482068.1	353
EU482069.1	353
EU482070.1	353
EU482071.1	353
EU482072.1	353
EU482073.1	353
EU482075.1	353
EU482076.1	353
FJ565469.1	352
HF586721.1	327
HF586722.1	327
HF586724.1	327
HF586725.1	327
HF586726.1	327
HF586727.1	327
HF586728.1	327
HF586729.1	327
JX840489.1	372
JX840490.1	376
JX840491.1	317
JX840500.1	373
JX840502.1	313
JX840503.1	313
JX840505.1	308
JX840506.1	373
JX840507.1	315
JX840509.1	375
JX840512.1	314
JX840514.1	316
JX840515.1	371
JX840517.1	372
JX840518.1	305
JX840519.1	308
JX840520.1	319
JX840521.1	372
JX840522.1	316
JX840534.1	329
JX840542.1	323
JX840543.1	373
JX840544.1	337
JX840559.1	332
JX840570.1	365
JX840573.1	322
JX840574.1	308
JX840575.1	335
JX840576.1	376
JX840577.1	301
JX840578.1	314
JX840581.1	365
JX840583.1	325
JX840589.1	318
KJ400864.1	413
KU295261.1	373
MK356207.1	366
MK356208.1	366
PQ590572.1	363
PQ590573.1	363
PQ590574.1	363
PQ590575.1	363
PQ590581.1	363
EU338007.1	378
EU338008.1	373
EU338009.1	373
EU338010.1	374
EU338012.1	375
EU338013.1	371
EU338014.1	372
EU338015.1	373
EU338016.1	371
EU338017.1	371
EU338021.1	373
EU338025.1	374
EU338026.1	372
EU338029.1	371
EU338030.1	375
EU338036.1	377
EU338038.1	375
EU338039.1	374
EU338046.1	370
EU338047.1	373
EU338055.1	376
EU338059.1	375
JX840493.1	316
JX840497.1	321
JX840499.1	372
JX840501.1	372
JX840504.1	318
JX840508.1	371
JX840516.1	315
JX840523.1	316
JX840524.1	372
JX840528.1	314
JX840530.1	374
JX840531.1	323
JX840535.1	316
JX840536.1	314
JX840537.1	313
JX840545.1	337
JX840547.1	316
JX840553.1	372
JX840560.1	373
JX840563.1	315
JX840565.1	315
JX840566.1	315
JX840567.1	315
JX840568.1	361
JX840572.1	314
JX840579.1	374
JX840591.1	317
JX840593.1	314
JX840595.1	370
KF794064.1	312
KF794067.1	312
KF794069.1	311
MT923693.1	366
AJ580553.1	367
EU347724.1	373
EU347727.1	371
EU347728.1	372
EU347732.1	373
EU347735.1	372
EU347829.1	371
EU347830.1	371
EU347831.1	371
EU347833.1	371
EU347840.1	371
EU347841.1	371
EU347842.1	371
EU347843.1	371
EU347849.1	373
EU347850.1	373
EU347851.1	373
EU347853.1	374
EU347857.1	373
EU347862.1	378
EU347864.1	372
EU347866.1	372
EU347870.1	372
EU347877.1	361
EU347886.1	370
EU347887.1	370
EU347889.1	370
EU347890.1	370
JQ067124.1	371
JQ067134.1	372
JQ067138.1	371
JQ067143.1	369
JQ067344.1	371
KX371653.1	371
EU347747.1	372
EU347749.1	372
EU347750.1	372
EU347751.1	372
EU347752.1	372
EU347753.1	372
EU347754.1	372
EU347756.1	378
EU347757.1	371
EU347758.1	371
EU347759.1	369
EU347760.1	372
EU347876.1	359
EU347878.1	363
EU352248.1	386
EU352249.1	389
EU352250.1	386
EU352251.1	386
EU352252.1	386
EU352253.1	390
EU352254.1	386
EU352255.1	386
EU352256.1	387
EU352257.1	385
MW669276.1	371
MW669277.1	371
MW669278.1	371
MW669279.1	371
MW669303.1	371
MW669304.1	371
MW669305.1	371
MW669306.1	371
MW669317.1	370
EU554338.1	365
FJ037825.1	377
FM204679.1	369
HF937260.1	375
HF937261.1	375
HF937262.1	377
HF937263.1	375
HF937264.1	375
HF937265.1	375
HF937266.1	375
HF937267.1	375
HF937268.1	375
HF937269.1	375
HF937270.1	375
HF937271.1	375
HF937272.1	375
HF937273.1	375
HF937278.1	375
HM041820.1	377
HM041821.1	377
KJ777229.1	377
KJ777230.1	377
KY306508.1	377
KY306513.1	379
KY306524.1	375
KY306533.1	379
KY306559.1	345
KY306560.1	346
KY306563.1	376
KY306634.1	379
KY321079.1	345
MF769379.1	366
MF769380.1	366
MF987644.1	374
MG906836.1	375
MG949292.1	381
MG949350.1	344
MH218755.1	366
ON922872.1	354
ON922873.1	354
AM945193.1	329
AM945199.1	330
AM945200.1	330
AM945201.1	330
AM945202.1	330
AM945204.1	332
AM945205.1	332
AM945207.1	332
AM945208.1	333
AM945209.1	318
AM945210.1	328
AM945211.1	329
AM945216.1	328
AM945218.1	330
KC779801.1	367
KC779802.1	367
AB593537.1	367
AM939538.1	325
EU850664.1	367
HM116987.1	367
HQ142588.1	388
KF217195.1	396
KF217196.1	396
KF217197.1	396
KF923164.1	398
KF923173.1	386
KF923179.1	397
MH763846.1	367
MN396793.1	396
MT951409.1	350
MZ540353.1	367
EU498138.1	351
EU498139.1	351
EU498140.1	355
EU498143.1	353
EU498144.1	353
EU498145.1	353
EU498146.1	352
EU498147.1	351
EU498148.1	352
EU498149.1	352
EU498150.1	352
EU498151.1	352
EU498152.1	355
EU498153.1	355
EU498156.1	346
EU498157.1	352
EU498158.1	352
EU498162.1	368
EU498165.1	355
KX873027.1	353
KX873028.1	353
MG208075.1	341
MH050231.1	311
MH070605.1	311
OM060343.1	377
EF107649.1	389
FN582333.1	364
FN582334.1	364
FN582335.1	364
FN582336.1	364
FN582337.1	364
FN582338.1	364
FN582339.1	364
FN582340.1	364
FN582341.1	364
FN582342.1	364
FN582343.1	364
FN582344.1	364
FN582345.1	364
FN582346.1	364
FN582347.1	364
FN582348.1	364
FN582351.1	364
FN582352.1	364
KY968873.1	317
KY968935.1	389
KY968880.1	389
KY968892.1	389
KY968958.1	389
KY968965.1	389
OQ106945.1	357
HQ615130.1	398
HQ645898.1	384
KJ409994.1	381
KJ410006.1	382
GU799498.1	352
JN560185.1	333
JN560186.1	333
JN560238.1	333
JN560239.1	333
JN560260.1	333
JN560261.1	333
KU289675.1	351
KU289676.1	351
MT923240.1	359
AB763377.1	367
EU792358.1	354
EU792359.2	354
GU726292.1	359
KM051436.1	392
OL863096.1	368
PX945650.1	368
PX945651.1	368
PX945652.1	368
PX945653.1	368
PX945654.1	368
PX945655.1	368
AB593576.1	365
EU816710.1	408
EU841142.1	395
EU841146.1	391
EU841154.1	391
EU841169.1	393
EU841170.1	391
EU841171.1	390
EU841172.1	390
EU841176.1	390
KU182735.1	391
KU182742.1	391
KU182743.1	391
KU182744.1	391
MK164483.1	374
ON009199.1	373
EU430374.1	367
EU430384.1	368
EU909426.1	313
JN560184.1	333
KC811531.1	368
KC811532.1	368
KC811546.1	368
KC811549.1	368
MF944311.1	380
EU436861.1	370
EU436866.1	342
EU436874.1	341
EU436879.1	358
EU436886.1	359
EU436887.1	408
EU436889.1	357
EU436890.1	357
EU436893.1	358
EU436895.1	358
EU436896.1	358
EU436903.1	358
EU436905.1	358
EU436906.1	357
EU436908.1	357
EU436909.1	292
EU436910.1	344
EU436913.1	347
EU436914.1	348
EU436918.1	316
EU436920.1	360
EU436921.1	360
EU436923.1	349
EU436925.1	348
EU436931.1	357
EU436935.1	358
EU436939.1	359
EU436942.1	359
EU436943.1	359
EU436944.1	349
EU436951.1	360
EU436954.1	357
EU436957.1	358
EU436958.1	346
EU436965.1	358
EU436969.1	360
EU436970.1	359
EU436973.1	344
EU436976.1	360
EU436982.1	356
EU436991.1	356
EU436992.1	359
EU436993.1	357
EU436994.1	358
EU436998.1	357
EU437001.1	359
EU437002.1	359
EU437007.1	358
EU437009.1	358
EU437011.1	358
EU437012.1	358
EU437015.1	358
EU437018.1	357
EU437020.1	357
EU437024.1	359
EU437027.1	358
FJ211178.1	359
JN634735.1	340
JN634744.1	343
KC329486.1	346
KF154256.1	358
KX440963.1	349
OP782704.1	341
OP782705.1	338
OP782706.1	338
OP782707.1	338
OP782708.1	338
OP782709.1	338
OP782710.1	338
OP782711.1	338
OP782712.1	338
OP782713.1	338
OP782714.1	338
OP782715.1	338
OP782716.1	338
OP782717.1	338
OP782736.1	341
OP782737.1	341
OP782738.1	341
OP782739.1	341
OP782740.1	341
OP782741.1	341
OP782742.1	341
OP782743.1	341
OP782744.1	341
OP782745.1	341
OP782746.1	341
OP782748.1	341
OP782749.1	341
OP782750.1	341
OP782751.1	341
OP782752.1	341
OP782753.1	341
OP782754.1	341
OP782755.1	341
OP782756.1	341
OP782757.1	341
OP782758.1	341
OP782759.1	341
OP782760.1	341
OP782761.1	341
OP782762.1	341
OP782763.1	341
OP782764.1	341
OP782765.1	341
OP782766.1	341
OP782767.1	341
OP782768.1	341
OP782769.1	341
OP782770.1	341
OP782771.1	341
OP782772.1	341
OP782773.1	341
OP782774.1	341
OP782775.1	341
OP782776.1	341
OP782777.1	341
OP782778.1	341
OP782779.1	341
OP782780.1	341
OP782781.1	341
OP782782.1	341
OP782783.1	341
OP782784.1	341
OP782785.1	341
EU436860.1	361
EU436873.1	342
EU436877.1	356
EU436878.1	357
EU436880.1	358
EU436891.1	358
EU436894.1	358
EU436899.1	358
EU436900.1	359
EU436915.1	341
EU436916.1	315
EU436933.1	358
EU436934.1	358
EU436937.1	359
EU436938.1	359
EU436955.1	357
EU436956.1	358
EU436959.1	358
EU436962.1	357
EU436963.1	358
EU436964.1	358
EU436984.1	357
EU436987.1	357
EU437003.1	359
EU437019.1	357
EU437021.1	358
FJ211166.1	358
FJ410328.1	356
HQ608211.1	353
HQ608212.1	353
JN634750.1	357
JN634755.1	344
KY523314.1	355
KY523315.1	353
KY523316.1	353
OP782718.1	338
OP782719.1	338
OP782720.1	338
OP782721.1	338
OP782722.1	338
OP782723.1	338
OP782724.1	338
OP782725.1	338
OP782726.1	338
OP782727.1	338
OP782728.1	338
OP782729.1	338
OP782730.1	338
OP782731.1	338
OP782732.1	338
OP782733.1	338
OP782734.1	338
OP782735.1	338
OP782747.1	338
EU436871.1	334
EU436876.1	356
EU436883.1	335
EU436885.1	358
EU436897.1	360
EU436912.1	347
EU436926.1	356
EU436945.1	359
EU436948.1	357
FJ518907.1	391
KY688812.1	330
KY688817.1	330
MW732038.1	388
MW732044.1	371
MZ927380.1	306
FJ377632.1	353
KX872932.1	353
OM141028.1	353
OM141054.1	354
OM141055.1	354
OM141056.1	354
OM141057.1	354
OM141058.1	354
OM141091.1	353
MW142542.1	357
MW142543.1	357
MW142544.1	357
GQ413945.1	330
EU490663.1	366
EU490664.1	366
EU490665.1	382
EU490666.1	367
EU490667.1	365
EU490668.1	365
EU490669.1	363
EU490671.1	366
EU490672.1	366
EU490673.1	366
EU490674.1	361
FJ565192.1	352
HM854577.1	365
HM854610.1	365
HM854613.1	365
HM854644.1	366
HM854657.1	363
KF612988.1	366
KT923837.1	366
KT923838.1	366
MG008690.1	366
MH656418.1	364
MH656419.1	365
MH656420.1	365
AB593499.1	366
AB593565.1	368
AB593661.1	367
AB593678.1	369
KP743542.1	367
KP743544.1	366
MH710800.1	349
MK164437.1	368
MT373506.1	366
MT373507.1	366
MT373508.1	366
MT373509.1	366
MT373510.1	366
MT373511.1	366
MT373512.1	366
MT373513.1	366
MT373514.1	366
MT373515.1	366
MT373516.1	366
MT373517.1	366
MZ540354.1	366
OP592175.1	367
KR150150.1	353
PV900698.1	374
PV900699.1	375
PV900706.1	372
PV900708.1	372
KY411878.1	349
MT108809.1	343
MZ687314.1	349
EU436946.1	359
KF154259.1	359
KR083157.1	391
EU497241.1	360
EU497242.1	360
PV662210.1	319
AY557232.1	378
EF079442.1	372
FR832859.1	372
GU951615.1	251
MF543767.1	378
MF543768.1	378
MF543769.1	378
MF543770.1	378
MH250185.1	378
MH250187.1	378
MT940442.1	362
PV704793.1	402
PV704794.1	402
PV704803.1	362
PV704810.1	357
PV704814.1	362
PV704844.1	361
PV704871.1	402
PV704872.1	402
PV704873.1	402
PV704874.1	402
KX931029.1	362
KX931031.1	359
KX931032.1	359
KX931034.1	358
OM311777.1	356
OM311778.1	356
PV704798.1	362
PV704802.1	362
PV704806.1	362
PV704808.1	333
PV704815.1	362
PV704822.1	358
PV704823.1	356
PV704824.1	357
PV704825.1	357
PV704826.1	357
PV704829.1	358
PV704839.1	359
PV704841.1	359
PV704842.1	359
PV704845.1	359
PV704846.1	359
PV704848.1	359
PV704849.1	359
PV704850.1	359
PV704854.1	359
PV704859.1	361
PV704860.1	365
PV704864.1	361
PV704890.1	361
PV938554.1	357
EF459731.1	358
EU232630.1	358
KX931030.1	362
KX931036.1	359
KX931039.1	387
PV704799.1	362
PV704800.1	362
PV704801.1	362
PV704804.1	362
PV704811.1	360
PV704812.1	362
PV704816.1	362
PV704820.1	358
PV704821.1	359
PV704827.1	357
PV704834.1	358
PV704836.1	359
PV704838.1	358
PV704847.1	359
PV704856.1	358
PV704863.1	361
PV704882.1	388
PV704883.1	388
PV704884.1	388
PV704885.1	388
PV704886.1	388
PV704894.1	362
PV938551.1	359
OR594051.1	371
PV704887.1	382
PV704889.1	382
FJ794618.1	374
KY417933.1	386
KY417948.1	389
KY417950.1	386
KY417951.1	386
EU700340.1	373
KX872991.1	353
KX872992.1	353
KY968948.1	389
HQ615068.1	404
HQ615069.1	403
HQ615073.1	401
HQ615077.1	401
HQ615079.1	401
HQ615081.1	401
HQ615083.1	395
HQ615085.1	399
HQ615090.1	406
HQ615092.1	435
HQ615098.1	403
HQ615099.1	406
HQ615119.1	400
OM333841.1	369
OM333844.1	365
OM333855.1	365
OM333864.1	365
OM333871.1	369
OM333875.1	364
OM333876.1	364
OM333879.1	365
OM333880.1	365
OM333881.1	365
OM333882.1	364
OM333883.1	365
OM333884.1	365
OM333885.1	365
OM333888.1	365
ON820118.1	369
ON820119.1	369
ON820120.1	369
ON820125.1	365
ON820126.1	365
ON820127.1	365
ON820138.1	365
ON820139.1	365
ON820151.1	364
ON820152.1	364
ON820153.1	364
ON820156.1	365
PV359361.1	369
PV359362.1	369
PV359363.1	369
JX630163.1	403
KM201465.1	403
KM201466.1	403
KM201467.1	403
KM201468.1	403
KM201469.1	403
KM201470.1	403
KM201471.1	403
KM201472.1	403
KM201473.1	403
KM201474.1	403
KM201475.1	403
KM201476.1	403
KM201477.1	403
KM201478.1	403
KM201479.1	403
KM201480.1	403
KM201481.1	403
KM201482.1	403
OM333859.1	369
OM333873.1	365
OM333874.1	365
ON820141.1	369
ON820146.1	369
ON820147.1	369
KY968877.1	387
KY968962.1	387
MF440607.1	387
EU436872.1	336
EU436882.1	335
JN634747.1	334
JX124496.1	378
JX124504.1	378
GU220003.1	360
JX152666.1	347
KX057841.1	374
KX057877.1	364
KX057878.1	369
KY306616.1	374
MF987607.1	374
MG906851.1	374
OQ350869.1	366
OQ350890.1	374
OQ350899.1	366
OQ350904.1	374
OQ350923.1	374
OQ350927.1	370
OQ350935.1	370
OQ350942.1	374
OQ350965.1	368
OQ350976.1	373
OQ350984.1	374
OQ350985.1	366
OQ351000.1	374
OQ351002.1	367
OQ351007.1	365
AF274685.1	368
KX057879.1	368
KX057880.1	368
KX057897.1	390
OM333839.1	385
OM333887.1	365
OQ350875.1	374
OQ350878.1	368
OQ350896.1	374
OQ350897.1	370
OQ350898.1	367
OQ350912.1	374
OQ350933.1	368
OQ350945.1	374
OQ350946.1	374
OQ350978.1	374
OQ351005.1	374
OQ876751.1	365
OQ876752.1	365
PP577835.1	376
KX954931.1	365
JF893846.1	396
JF893857.1	396
JF893884.1	390
KP100298.1	373
KP904153.1	340
KP904155.1	340
KT366048.1	373
KT366049.1	373
KT366069.1	373
KT366078.1	373
KT366085.1	373
KT366086.1	373
KT366087.1	373
FR832863.1	369
FR832864.1	369
FJ194497.1	401
JQ341259.1	335
MW602119.1	359
EU554331.1	366
EU554332.1	366
EU554335.1	362
EU554336.1	363
EU554340.1	366
EU554341.1	365
EU554342.1	362
EU554345.1	364
EU554347.1	365
EU554349.1	365
EU554352.1	362
GQ888967.1	420
GQ888981.1	417
JQ899007.1	339
MK976799.1	420
MK976800.1	420
MK976801.1	420
MK976817.1	423
MK976818.1	420
MK976819.1	423
MK976880.1	420
MK976881.1	419
OR531507.1	366
KX955033.1	363
EU792363.1	351
EU812811.1	394
EU812812.1	391
EU812813.1	397
EU812814.1	397
EU812819.1	365
EU812820.1	372
EU812821.1	359
EU812822.1	359
EU812823.1	358
EU812824.1	357
EU812825.1	358
EU812826.1	345
EU812827.1	345
EU812828.1	345
EU812829.1	345
EU812834.1	345
EU812835.1	345
FJ377651.1	353
MT922726.1	390
AY752471.1	363
KJ025063.1	349
AJ515305.1	323
KR083062.1	388
KR083063.1	389
GQ396672.1	378
MH710739.1	379
KM211717.1	386
KM211718.1	369
KM211719.1	386
KM211720.1	386
KM211721.1	385
KM211722.1	386
KM211723.1	386
KM211724.1	369
KM211725.1	369
KM211726.1	386
KM211727.1	386
KM211728.1	369
KM211729.1	386
KM211730.1	372
KM211731.1	386
KM211732.1	386
KM211733.1	386
KM211734.1	386
KM211735.1	355
KM211736.1	355
KM211737.1	386
KM211738.1	386
KM211739.1	385
KM211740.1	386
KM211741.1	385
KM211742.1	386
KP871508.1	346
KY930351.1	380
KY930352.1	380
KY971373.1	386
KY971374.1	386
KY971375.1	386
KY971376.1	386
KY971377.1	386
KY971400.1	386
KY971401.1	380
KY971402.1	380
KY971408.1	383
KY971409.1	383
KY971412.1	383
KY971419.1	381
KY971423.1	386
KY971424.1	386
KY992374.1	385
KY992376.1	385
KY992380.1	387
KY992412.1	386
KY992423.1	386
KY992424.1	386
KY992438.1	379
EU816748.1	415
HM010962.1	380
HM010969.1	380
HM010970.1	380
HM010971.1	380
HM010972.1	380
HM010973.1	380
HM010974.1	380
HM010975.1	380
HM010976.1	380
KM211755.1	369
KM211756.1	369
KM211757.1	369
KM211758.1	369
KM211759.1	369
KM211760.1	369
KM211761.1	369
KM211762.1	372
KM211763.1	372
KM211767.1	369
KM211768.1	369
KM211769.1	369
KM211770.1	369
KM211771.1	369
KM211772.1	369
KY930339.1	380
KY930340.1	380
KY930341.1	380
KY930342.1	380
KY930343.1	380
KY930344.1	380
KY930345.1	380
KY930346.1	380
KY930347.1	380
KY971379.1	369
KY971380.1	369
KY971381.1	368
KY971382.1	369
KY971383.1	366
KY971384.1	366
KY971385.1	366
KY971386.1	366
KY971393.1	370
KY971394.1	380
KY971396.1	386
KY971397.1	386
KY971403.1	386
KY971404.1	386
KY971405.1	380
KY971406.1	380
KY971415.1	383
KY971416.1	383
KY971420.1	380
KY971428.1	386
KY971429.1	386
KY971430.1	386
KY971431.1	386
KY971432.1	386
KY971433.1	386
KY971434.1	386
KY971440.1	386
KY971441.1	386
KY992360.1	380
KY992385.1	386
KY992386.1	386
KY992387.1	386
KY992394.1	386
KY992395.1	386
KY992400.1	386
KY992402.1	386
KY992403.1	386
KY992404.1	386
KY992405.1	386
KY992416.1	386
KY992420.1	386
KY992421.1	386
MZ015533.1	289
JX862662.1	370
KX873052.1	353
KX873053.1	353
MN257774.1	408
MN257775.1	408
MN257823.1	408
OR531504.1	365
MG232753.1	332
MH557912.1	332
AY552118.1	404
AY552128.1	388
AY552133.1	388
EU661435.1	392
EU661436.1	388
EU661437.1	390
MG232814.1	332
AY552110.1	388
EU661440.1	390
EU661441.1	388
EU661442.1	390
EU661443.1	389
EU661444.1	393
EU661445.1	390
EU661448.1	394
EU661449.1	388
AB451547.1	373
AB451548.1	371
AB762291.1	450
EU912026.1	357
EU912029.1	357
EU912031.1	359
EU912032.1	359
EU912033.1	359
EU912034.1	359
EU912035.1	359
EU912050.1	359
EU912051.1	359
EU912053.1	357
EU912055.1	357
EU912057.1	357
EU912062.1	357
EU912063.1	357
EU912064.1	357
EU912065.1	356
EU912067.1	357
EU912068.1	357
EU912069.1	357
EU912088.1	341
EU912089.1	359
EU912090.1	359
EU912091.1	359
EU912094.1	366
HF952979.1	365
KM051451.1	417
KR083285.1	394
KR150636.1	394
LC625803.1	310
LC625804.1	312
LC625805.1	310
LC625807.1	310
LC625808.1	310
LC625809.1	310
LC625810.1	308
LC625811.1	310
LC625824.1	368
LC625825.1	368
KT596448.1	411
KT596598.1	413
KT596618.1	413
KT596447.1	413
KT596600.1	411
DQ339092.1	398
KX786538.1	379
MT923500.1	381
KC175913.1	384
DQ339093.1	399
KJ956698.1	223
KY420909.1	376
KY421011.1	373
LC771598.1	376
EU841147.1	391
FN870378.1	394
GQ413944.1	364
MH712603.1	381
FJ037863.1	372
MN257686.1	378
MT922728.1	389
OM141017.1	352
OM141020.1	352
OM141094.1	352
OM141095.1	352
OM141096.1	352
OM141097.1	352
OM141104.1	353
OM141105.1	352
OM141106.1	352
PV809969.1	377
MT922730.1	391
MT923928.1	352
OM141029.1	353
OM141030.1	353
OM141037.1	352
OM141061.1	353
OM141063.1	353
OM141064.1	353
OM141065.1	353
OM141067.1	353
OM141068.1	353
OM141086.1	352
OM141087.1	352
OM141088.1	353
KY968932.1	391
KY968945.1	391
OM141053.1	352
OM141108.1	354
FJ010795.1	365
FJ010800.1	365
FJ010801.1	365
JX569823.1	366
JX870700.1	295
LN607588.1	392
KY968863.1	385
AB593625.1	367
AB593626.1	367
AB593627.1	367
HM042478.1	354
HM042482.1	354
HM042485.1	354
HM042487.1	354
HM042491.1	354
FJ211167.1	357
FJ211169.1	356
FJ211170.1	360
FJ211172.1	356
GU269248.1	365
KU182736.1	391
OM333867.1	365
ON820121.1	365
ON820160.1	365
PV901471.1	376
EU792327.1	354
EU792333.1	353
EU792334.1	353
EU792335.1	353
EU792336.1	353
EU792343.2	354
EU792344.1	354
EU792365.1	353
EU792371.1	354
EU792372.1	354
EU792376.1	353
EU792382.1	354
EU792383.1	354
EU792384.1	354
EU792385.1	354
EU792400.1	353
EU792418.1	353
EU817408.1	373
KX873135.1	352
FJ384020.1	377
FJ384021.1	377
FJ384023.1	377
FJ384024.1	378
FJ384025.1	378
KX872985.1	353
KX872995.1	353
KX872996.1	353
MN257796.1	407
MN257819.1	407
MN257837.1	407
FJ384055.1	374
EU817133.1	377
EU817134.1	377
EU833161.1	376
EU850634.1	381
EU850645.1	379
EU850646.1	376
EU850655.1	381
EU850657.1	381
EU850658.1	381
EU850659.1	381
EU850663.1	380
EU850665.1	379
EU850666.1	380
EU850667.1	380
EU850668.1	380
EU850669.1	379
HM116988.1	380
MH710795.1	307
MW602121.1	362
MW602132.1	367
OQ627453.1	359
OR594003.1	359
AJ492445.1	375
AJ492449.1	375
JF332079.1	358
OL584022.1	386
OL584023.1	386
OL584024.1	386
OL584025.1	386
OL584026.1	386
OL584027.1	386
OL584028.1	389
FJ426283.1	350
KY214932.1	352
EU877155.1	373
FJ439898.1	363
FJ439899.1	363
FJ439900.1	363
FJ439901.1	360
FJ439902.1	360
FJ439903.1	360
FJ439904.1	360
FJ439905.1	364
FJ439908.1	366
FJ439912.1	366
FJ439913.1	366
FJ439914.1	363
FJ439919.1	363
FJ439920.1	363
FJ439921.1	364
FJ439922.1	364
FJ439923.1	363
FJ439925.1	362
FJ439927.1	363
FJ439928.1	363
FJ439929.1	363
FJ439930.1	354
FJ439931.1	354
FJ439932.1	358
FJ439933.1	358
KF318894.1	373
KP675785.1	359
LN831432.1	420
EU877145.1	373
EU877148.1	372
EU877150.1	372
EU877151.1	380
EU877158.1	376
FJ381756.1	375
FJ381757.1	375
FJ381758.1	373
FJ381759.1	372
FJ381760.1	374
FJ381763.1	371
FJ381765.1	371
FJ381766.1	371
FJ381767.1	372
FJ381769.1	372
FJ381771.1	373
FJ381772.1	372
FJ381776.1	373
FJ381777.1	374
FJ381778.1	374
FJ381780.1	373
FJ381782.1	373
FJ381784.1	368
JX840488.1	309
JX840496.1	316
JX840498.1	372
JX840546.1	314
JX840549.1	315
JX840550.1	373
JX840558.1	318
KF794094.1	313
KF794098.1	315
KU295283.1	372
KU295284.1	372
KU295285.1	372
KY397508.1	391
MF543795.1	383
MF543796.1	383
MF543797.1	383
MF543798.1	383
FJ697006.1	388
FJ697007.1	388
FJ697008.1	388
FJ697014.1	388
FJ697015.1	388
FJ697016.1	388
DQ926728.1	733
DQ926729.1	733
DQ926730.1	733
EF660581.1	750
KX130229.1	773
LC420860.1	846
LC420865.1	846
LC420940.1	847
LC420945.1	847
LC420950.1	844
MK116531.1	750
JF831208.1	352
JX233705.1	366
KJ588907.1	891
KJ588908.1	891
KJ588909.1	891
KJ588910.1	891
KJ588911.1	891
MH477933.1	363
ON557639.1	351
ON557644.1	352
ON557645.1	352
PV900324.1	366
PV900325.1	366
PV900326.1	366
PV900327.1	366
PV900328.1	366
FJ462460.1	384
FJ462461.1	383
FJ462465.1	384
FJ462466.1	384
FJ462469.1	383
FJ462470.1	383
FJ462473.1	382
FJ462474.1	382
FJ462478.1	367
FJ462479.1	367
FJ462484.1	367
FJ462486.1	367
FJ462489.1	383
FJ481926.1	349
AM267029.1	335
AM267064.1	327
AM939424.1	319
AM939510.1	318
AM939511.1	318
AM939526.1	341
EU145385.1	353
FJ695459.1	326
FJ695465.1	327
FJ695468.1	325
AM266993.1	328
AM939436.1	323
AM939453.1	322
AM939474.1	324
AM939495.1	318
AM939509.1	317
EU145356.1	333
EU145363.1	309
EU145364.1	339
EU145368.1	353
EU145375.1	360
FJ695432.1	333
FJ695442.1	331
FJ695444.1	324
HM042457.1	360
JX155079.1	329
JX155089.1	332
JX155101.1	331
KC779650.1	367
KC779651.1	367
KC779652.1	367
KC779653.1	367
KC779667.1	366
KC779738.1	365
KC779739.1	365
KC779744.1	365
KC779745.1	365
KC779746.1	365
KC779757.1	366
KC779774.1	367
KC779792.1	364
KC779797.1	367
KC779799.1	366
KJ402381.1	367
KJ402382.1	367
EU145359.1	308
FJ695439.1	325
KY397505.1	397
ON124742.1	395
FJ565190.1	352
FJ565242.1	352
FJ565323.1	351
FJ565324.1	352
FJ565327.1	346
FJ565358.1	352
FJ565406.1	352
FJ565407.1	352
FJ565410.1	352
FJ565419.1	352
FJ565422.1	352
FJ565423.1	352
FJ565431.1	352
FJ565625.1	352
FJ565650.1	351
FJ565658.1	352
FJ565659.1	352
FR832869.1	370
AF528447.1	385
AF528453.1	395
AF528457.1	394
AF528458.1	394
AF528459.1	393
AF528460.1	394
AF528461.1	386
AF528485.1	397
DQ451769.1	389
DQ451770.1	389
DQ451771.1	389
EF107656.1	387
HF952965.1	364
JX070198.1	374
MZ927393.1	331
FJ518866.1	391
FJ518869.1	388
FJ518870.1	388
FJ518871.1	388
FJ518872.1	391
FJ518874.1	387
FJ518875.1	391
FJ518876.1	387
FJ518877.1	389
FJ518878.1	387
FJ518879.1	391
FJ518880.1	388
FJ518881.1	387
FJ518882.1	389
FJ518883.1	389
FJ518884.1	389
FJ518885.1	388
FJ518886.1	388
FJ518887.1	388
FJ518888.1	388
FJ518889.1	388
FJ518890.1	388
FJ518891.1	391
FJ518892.1	388
FJ518895.1	377
FJ518896.1	384
FJ518898.1	393
FJ518899.1	382
FJ518901.1	389
FJ518908.1	384
LC315676.2	342
MN585147.1	333
MW829691.1	355
MW829692.1	355
OL863068.1	368
OL863069.1	368
OL863070.1	368
OR594013.1	329
OR594031.1	329
MW602147.1	329
MW602148.1	329
OR594034.1	329
AB378733.1	383
AB378735.1	383
FJ527600.1	411
FJ527602.1	409
FJ527608.1	386
FJ565171.1	353
FJ565172.1	353
FJ565198.1	355
FJ565203.1	352
FJ565211.1	353
FJ565222.1	352
FJ565264.1	351
FJ565315.1	346
FJ565337.1	351
FJ565338.1	353
FJ565340.1	353
FJ565342.1	351
FJ565345.1	343
FJ565352.1	352
FJ565369.1	353
FJ565370.1	349
FJ565395.1	351
FJ565396.1	352
FJ565399.1	353
FJ565451.1	353
FJ565455.1	353
FJ565456.1	353
FJ565458.1	353
FJ565459.1	352
FJ565460.1	353
FJ565465.1	352
FJ565472.1	353
FJ565477.1	353
FJ565491.1	353
FJ565493.1	355
FJ565503.1	352
FJ565505.1	352
FJ565512.1	352
FJ565525.1	352
FJ565528.1	353
FJ565545.1	352
FJ565560.1	349
FJ565563.1	349
FJ565564.1	349
FJ565568.1	351
FJ565580.1	353
FJ565586.1	344
FJ565587.1	344
FJ565588.1	352
FJ565589.1	344
FJ565590.1	349
FJ565594.1	350
FJ565597.1	351
FJ565598.1	353
FJ565603.1	347
FJ565612.1	353
FJ565619.1	350
FJ565623.1	352
FJ565624.1	354
FJ565634.1	349
FJ565640.1	329
FJ565646.1	358
FJ565660.1	352
FJ565663.1	353
FJ565671.1	338
HE681569.1	364
JN189791.1	351
JX856519.1	298
KY306654.1	383
KY306655.1	383
MG949357.1	383
AJ812647.1	416
GQ888939.1	416
JX870762.1	340
KF737023.1	325
KF933276.1	340
MW139233.1	359
MW139240.1	361
MW139242.1	361
FJ565226.1	352
FJ565414.1	352
FJ565430.1	352
JQ306374.1	356
JQ306447.1	356
KP058312.1	379
MF769387.1	365
MF769388.1	365
MF769389.1	365
MF769390.1	365
MF769391.1	365
MF769392.1	365
MF769393.1	365
MF769394.1	365
MF769395.1	365
MF769396.1	365
MF769397.1	365
MF769398.1	365
MF769399.1	365
MZ736844.1	354
PV901336.1	353
FJ565441.1	352
MF029696.1	341
MH212281.1	379
PP456689.1	367
FJ565175.1	353
FJ565176.1	353
FJ565177.1	353
FJ565181.1	353
FJ565182.1	353
FJ565186.1	348
FJ565187.1	351
FJ565194.1	352
FJ565196.1	353
FJ565208.1	352
FJ565209.1	352
FJ565210.1	354
FJ565214.1	351
FJ565220.1	343
FJ565225.1	351
FJ565229.1	358
FJ565230.1	336
FJ565233.1	348
FJ565241.1	349
FJ565244.1	336
FJ565245.1	336
FJ565246.1	352
FJ565247.1	336
FJ565253.1	354
FJ565254.1	353
FJ565255.1	336
FJ565268.1	351
FJ565271.1	352
FJ565272.1	352
FJ565274.1	352
FJ565276.1	351
FJ565281.1	352
FJ565283.1	356
FJ565285.1	353
FJ565287.1	352
FJ565288.1	352
FJ565289.1	352
FJ565290.1	352
FJ565292.1	346
FJ565293.1	346
FJ565294.1	346
FJ565298.1	353
FJ565299.1	354
FJ565302.1	346
FJ565303.1	342
FJ565307.1	352
FJ565311.1	352
FJ565314.1	342
FJ565316.1	346
FJ565317.1	345
FJ565318.1	353
FJ565320.1	352
FJ565330.1	346
FJ565331.1	353
FJ565333.1	342
FJ565334.1	354
FJ565343.1	353
FJ565344.1	351
FJ565354.1	352
FJ565355.1	353
FJ565357.1	346
FJ565359.1	352
FJ565360.1	220
FJ565363.1	353
FJ565374.1	352
FJ565382.1	338
FJ565387.1	346
FJ565404.1	346
FJ565405.1	343
FJ565415.1	352
FJ565433.1	352
FJ565434.1	354
FJ565435.1	352
FJ565436.1	346
FJ565438.1	354
FJ565439.1	361
FJ565440.1	351
FJ565452.1	353
FJ565462.1	342
FJ565464.1	353
FJ565466.1	336
FJ565470.1	352
FJ565471.1	352
FJ565476.1	352
FJ565480.1	346
FJ565494.1	353
FJ565504.1	336
FJ565510.1	352
FJ565511.1	336
FJ565515.1	336
FJ565516.1	352
FJ565519.1	336
FJ565526.1	349
FJ565533.1	352
FJ565536.1	352
FJ565538.1	352
FJ565539.1	352
FJ565544.1	352
FJ565549.1	353
FJ565552.1	353
FJ565555.1	351
FJ565558.1	336
FJ565565.1	349
FJ565569.1	352
FJ565571.1	352
FJ565573.1	352
FJ565585.1	351
FJ565596.1	351
FJ565605.1	352
FJ565613.1	352
FJ565614.1	353
FJ565616.1	352
FJ565621.1	351
FJ565626.1	351
FJ565628.1	356
FJ565629.1	352
FJ565630.1	349
FJ565636.1	354
FJ565637.1	352
FJ565638.1	353
FJ565641.1	354
FJ565645.1	353
FJ565654.1	352
FJ565655.1	352
FJ565661.1	336
FJ565662.1	336
FJ565664.1	356
FJ565665.1	353
KX687831.1	349
KX687835.1	349
KY971421.1	377
AY616739.1	365
FJ001670.1	390
FJ001673.1	389
FJ001689.1	389
FJ001696.1	388
FJ001698.1	389
FJ001702.1	386
FJ565169.1	352
FJ565199.1	352
FJ565200.1	352
FJ565207.1	351
FJ565217.1	352
FJ565234.1	351
FJ565235.1	349
FJ565239.1	350
FJ565243.1	350
FJ565248.1	354
FJ565249.1	351
FJ565251.1	352
FJ565282.1	336
FJ565309.1	352
FJ565312.1	352
FJ565332.1	346
FJ565341.1	354
FJ565346.1	353
FJ565351.1	352
FJ565361.1	353
FJ565364.1	352
FJ565366.1	353
FJ565367.1	352
FJ565368.1	352
FJ565372.1	352
FJ565376.1	352
FJ565377.1	348
FJ565379.1	348
FJ565380.1	348
FJ565381.1	347
FJ565386.1	352
FJ565388.1	354
FJ565389.1	353
FJ565390.1	354
FJ565391.1	349
FJ565392.1	352
FJ565394.1	352
FJ565402.1	352
FJ565403.1	349
FJ565409.1	352
FJ565412.1	351
FJ565413.1	352
FJ565416.1	352
FJ565417.1	352
FJ565418.1	352
FJ565420.1	352
FJ565421.1	352
FJ565424.1	352
FJ565425.1	352
FJ565426.1	352
FJ565427.1	352
FJ565428.1	352
FJ565429.1	351
FJ565432.1	352
FJ565461.1	351
FJ565463.1	352
FJ565474.1	352
FJ565475.1	352
FJ565481.1	353
FJ565482.1	352
FJ565487.1	335
FJ565489.1	352
FJ565492.1	353
FJ565496.1	352
FJ565497.1	351
FJ565498.1	352
FJ565499.1	352
FJ565509.1	352
FJ565514.1	352
FJ565520.1	352
FJ565521.1	352
FJ565522.1	352
FJ565523.1	352
FJ565532.1	352
FJ565551.1	350
FJ565553.1	352
FJ565570.1	352
FJ565577.1	336
FJ565578.1	352
FJ565579.1	353
FJ565581.1	351
FJ565584.1	354
FJ565591.1	349
FJ565592.1	352
FJ565602.1	352
FJ565606.1	351
FJ565611.1	338
FJ565642.1	354
FJ565648.1	352
FJ565652.1	335
FJ565667.1	351
FJ565668.1	352
FJ565670.1	351
HQ645897.1	392
AF350794.1	351
AY616751.1	365
EU912092.1	362
FJ565173.1	353
FJ565179.1	357
FJ565189.1	353
FJ565202.1	353
FJ565212.1	353
FJ565240.1	353
FJ565275.1	336
FJ565304.1	353
FJ565325.1	342
FJ565326.1	352
FJ565329.1	346
FJ565335.1	342
FJ565336.1	342
FJ565350.1	352
FJ565383.1	352
FJ565385.1	353
FJ565408.1	352
FJ565443.1	351
FJ565454.1	353
FJ565457.1	353
FJ565473.1	352
FJ565478.1	342
FJ565524.1	352
FJ565535.1	350
FJ565547.1	352
FJ565575.1	350
FJ565582.1	350
FJ565583.1	350
FJ565595.1	353
FJ565615.1	346
FM986443.1	354
FM986444.1	354
FM986445.1	353
FM986458.1	355
FM986459.1	355
AM748814.1	358
DQ153531.1	369
FJ605183.1	351
FJ605198.1	352
FJ605226.1	352
FJ605229.1	353
FJ605238.1	353
FJ605239.1	353
KX073461.1	357
PV900288.1	392
PX285744.1	355
FJ009832.1	486
FJ009847.1	443
FJ605210.1	360
FJ605218.1	351
FJ605222.1	353
FJ605233.1	352
FJ605237.1	352
KP967090.1	381
KR134011.1	372
KR134016.1	426
KR134017.1	426
KR134018.1	372
KR134019.1	372
KR134020.1	372
KR134021.1	372
KR134022.1	372
KR134023.1	372
KR134024.1	372
KR134025.1	372
KR134026.1	372
KR134027.1	372
KR134033.1	372
KR134036.1	372
KR134051.1	372
KR134052.1	372
KR134053.1	372
KR134054.1	372
KR134058.1	373
KR134059.1	373
KR134060.1	373
KR134061.1	373
KR134062.1	372
KR134063.1	372
KR134064.1	372
KR134065.1	372
KR134066.1	371
KR134067.1	372
KR134068.1	373
KR134069.1	372
KR134070.1	372
KR134071.1	372
KR134072.1	372
KR134078.1	372
KR134079.1	372
KR134080.1	372
KR134081.1	372
KR134082.1	374
KR134083.1	374
KR134084.1	372
KR134085.1	374
KR134086.1	372
KR134087.1	372
KR134088.1	372
KR134095.1	372
KR134096.1	372
KR134097.1	372
KR134098.1	372
KR134106.1	372
KR134107.1	372
KR134108.1	372
KR134109.1	372
KR134114.1	372
KR134115.1	375
KR134117.1	375
KR134118.1	373
HQ142591.1	388
KY968900.1	388
LC090012.1	403
KY512487.1	376
MF944259.1	367
MF944373.1	376
HG004841.1	391
AM945194.1	328
AM945195.1	318
FJ037835.1	378
FJ907046.1	329
JF430413.1	342
JQ609255.1	389
KF675913.1	328
KF675936.1	329
KF675948.1	329
JQ730191.1	380
KF993466.1	432
KF993467.1	433
KF993468.1	433
KF993469.1	432
KF993516.1	426
KF993517.1	426
KF993518.1	426
KF993519.1	426
KF993520.1	426
KF993521.1	426
KF993522.1	426
KF993523.1	426
KF993524.1	426
KF993525.1	426
KF993526.1	426
KF993536.1	426
KF993537.1	426
KF993538.1	426
KF993539.1	426
KF993540.1	426
KF993541.1	426
KF993542.1	426
KF993543.1	426
KF993544.1	426
KF993545.1	419
KF993546.1	426
KF993547.1	419
KF993548.1	426
KF993549.1	426
KF993550.1	426
KF993551.1	426
KF993552.1	426
KF993553.1	426
KF993554.1	426
KF993572.1	426
KF993573.1	426
KF993574.1	426
KX073365.1	426
KX073367.1	426
KX073368.1	426
KX073371.1	426
KX073372.1	426
KX073373.1	426
KX073374.1	426
KX073375.1	426
KX073376.1	426
KX073377.1	422
KX073378.1	426
KX073379.1	426
KX073380.1	422
KX073381.1	422
KX073382.1	422
KX073383.1	422
KX073384.1	422
KX073385.1	426
KX073386.1	426
KX073387.1	422
KX073388.1	426
KX073389.1	426
KX073390.1	424
KX073391.1	426
KX073392.1	426
KX073393.1	426
KX073394.1	426
KX073395.1	426
KX073396.1	426
KX073413.1	426
KX073414.1	426
KX073415.1	426
KX073416.1	426
KX073417.1	426
KX073457.1	426
EU145344.1	352
FJ037789.1	385
FJ037790.1	385
FJ037792.1	361
FJ037793.1	359
FJ037794.1	359
FJ037796.1	356
FJ037797.1	366
FJ037805.1	337
FJ037806.1	337
FJ037807.1	337
FJ037808.1	337
FJ037809.1	336
FJ037811.1	336
FJ037812.1	336
FJ037813.1	338
FJ037814.1	338
FJ037815.1	338
FJ037816.1	338
FJ037817.1	338
FJ037818.1	337
FJ037819.1	337
FJ037822.1	347
FJ037824.1	347
FJ037826.1	366
FJ037827.1	366
FJ037836.1	400
FJ037841.1	368
FJ037844.1	376
FJ037851.1	376
FJ037852.1	375
FJ037854.1	367
FJ037855.1	367
FJ037859.1	370
FJ037862.1	373
FJ037867.1	386
FJ037868.1	378
FJ037869.1	384
FJ037871.1	346
FJ037872.1	346
FJ037875.1	385
FJ037879.1	384
FJ037880.1	389
FJ037881.1	389
FJ037882.1	381
FJ037883.1	381
FJ037886.1	385
FJ037887.1	391
FJ037888.1	377
FJ037889.1	383
FJ037890.1	387
FJ037891.1	387
FJ037894.1	386
FJ037895.1	384
FJ037897.1	373
FJ037898.1	373
FJ037899.1	373
JQ898975.1	337
JQ898983.1	336
JQ898988.1	336
JQ898998.1	337
JQ899001.1	337
JQ899003.1	337
JQ899004.1	338
JQ899006.1	338
JQ899008.1	338
JQ899009.1	337
LC089988.1	403
MG323908.1	367
MH445992.1	375
MZ927389.1	308
FJ037798.1	368
FJ037821.1	376
FJ037837.1	391
FJ037838.1	391
FJ037839.1	391
FJ037840.1	390
JX870785.1	332
MK641677.1	339
MK641692.1	340
OP881317.1	342
AJ347913.1	374
AM945198.1	330
EU145367.1	352
FJ695471.1	340
HG004853.1	307
HM042462.1	351
KF704975.1	351
KF705002.1	331
MH014692.1	306
MH014697.1	308
MH014699.1	309
MH710719.1	327
OP688578.1	372
AM267008.1	330
AM267019.1	329
AM939426.1	331
AM939429.1	319
AM939434.1	320
AM939435.1	320
AM939441.1	313
AM939442.1	313
AM939446.1	325
AM939465.1	320
AM939486.1	318
AM939488.1	323
AM939492.1	348
AM939499.1	319
AM939512.1	319
AM939532.1	324
FJ695436.1	332
FJ695443.1	327
FJ695445.1	327
HE657681.1	348
KF737001.1	325
KF737018.1	324
KM215358.1	325
KM215372.1	325
KY968820.1	324
KY968913.1	324
KY968938.1	324
PQ282457.1	324
PV485347.1	388
PV485350.1	388
AJ783647.1	352
AM267033.1	335
JX155064.1	330
JX155099.1	328
KF675993.1	328
KF737020.1	324
AY616714.1	366
MN883388.1	381
MN883390.1	383
MW025094.1	366
GU197868.1	844
GU197869.1	844
GU197870.1	844
EU102693.1	314
EU102694.1	313
EU102695.1	313
EU102696.1	314
EU102697.1	314
KT751428.1	367
AY730307.1	365
EU145354.1	356
EU145383.1	351
FJ696966.1	390
FJ696967.1	390
FJ696968.1	389
FJ696969.1	389
FJ696970.1	389
FJ696971.1	389
FJ696972.1	389
FJ696973.1	389
FJ696974.1	389
FJ696975.1	391
FJ696976.1	391
FJ696982.1	391
FJ696983.1	391
FJ696984.1	391
FJ696985.1	391
FJ696986.1	392
FJ696987.1	392
FJ696988.1	391
FJ696989.1	388
FJ696990.1	391
FJ696991.1	391
FJ696992.1	391
FJ696993.1	391
FJ696994.1	391
FJ696995.1	391
FJ696996.1	391
FJ696997.1	392
FJ696998.1	392
FJ696999.1	392
FJ697000.1	390
FJ697001.1	389
FJ697002.1	390
FJ697009.1	388
FJ697010.1	388
FJ697011.1	388
FJ697012.1	388
FJ697013.1	388
FJ697018.1	387
FJ697019.1	387
FJ697020.1	387
FJ697021.1	387
FJ697022.1	390
FJ697023.1	390
FJ697024.1	390
FJ697025.1	390
FJ697026.1	390
FJ697027.1	390
FJ697028.1	390
FJ697029.1	387
FJ697030.1	390
FJ697031.1	387
FJ697033.1	392
FJ697034.1	393
FJ697035.1	386
FJ697036.1	386
FJ697037.1	387
FJ697038.1	387
FJ697039.1	390
FJ697040.1	389
FJ697041.1	390
FJ697042.1	390
FJ697043.1	389
FJ697046.1	390
FJ697047.1	390
FJ697048.1	390
FJ697049.1	390
FJ697050.1	390
FJ697051.1	390
FJ697052.1	390
FJ697053.1	390
FJ697054.1	390
FJ697055.1	391
FJ697056.1	389
FJ697057.1	389
FJ697058.1	390
FJ697059.1	389
FJ697067.1	391
FJ697068.1	391
FJ697069.1	392
FJ697070.1	391
FJ697071.1	391
JX040541.1	369
JX233666.1	370
JX856487.1	361
KM005464.1	345
MN825892.1	347
MN825955.1	350
MN826050.1	348
KJ411665.1	368
MN396792.1	378
OR531508.1	370
KC175908.1	381
GQ374203.1	362
GQ374204.1	362
GQ374205.1	363
AB985733.1	379
FJ789805.1	387
FJ789806.1	390
DQ414865.1	356
DQ414870.1	361
DQ414873.1	371
DQ414874.1	371
DQ414879.1	362
DQ414881.1	371
DQ414975.1	371
MT500586.1	381
MT500602.1	371
DQ414864.1	354
DQ414868.1	361
DQ414902.1	370
HF560563.1	376
MF695589.1	376
MF944414.1	369
MK413691.1	376
MN240654.1	375
MN240660.1	375
MN240661.1	375
MN240664.1	375
MN240665.1	375
MN240667.1	375
MN240668.1	375
MN240678.1	375
PV424120.1	372
PV424121.1	372
PX622882.1	390
KC539583.1	367
KC539586.1	354
KC539588.1	365
KC539597.1	365
KC539598.1	365
KC539602.1	365
JX040542.1	363
JX124513.1	368
FJ948467.1	843
KX954879.1	364
MH710776.1	385
MK945645.1	356
FJ842643.1	462
FJ842645.1	471
MW722957.1	371
KX872910.1	353
KX872911.1	353
LC090021.1	404
FN376364.1	330
FN376365.1	330
FN376366.1	330
FN376367.1	335
FN376369.1	335
FN376370.1	335
FN376371.1	335
FN376372.1	335
GQ351361.1	360
HQ718982.1	378
HQ718995.1	381
HQ718996.1	381
HQ719001.1	371
HQ719024.1	372
HQ719025.1	372
HQ719067.1	372
HQ719068.1	372
HQ719069.1	372
HQ719070.1	372
HQ719071.1	372
HQ719072.1	372
HQ719073.1	372
LC489140.1	362
MN825680.1	349
MN825681.1	349
MN825682.1	349
MN825683.1	349
GQ351362.1	360
GQ351363.1	360
GQ351364.1	360
FJ377624.1	345
FJ377633.1	345
FJ377679.1	345
KX872938.1	353
KX872939.1	353
KX872946.1	353
KX873126.1	346
KX873128.1	345
KX873137.1	352
MF944351.1	380
MF944352.1	380
FJ377645.1	345
FJ377654.1	353
FJ377661.1	304
FJ377662.1	346
FJ377676.1	344
KX872962.1	353
KX872984.1	353
KX872986.1	352
KX872990.1	346
KX872999.1	353
KX873182.1	346
KX873183.1	346
MH711765.1	406
AB839943.1	372
AY616711.1	366
MW025089.1	366
HQ859242.1	389
KC779661.1	367
KP737542.1	384
KP737544.1	384
KP737545.1	384
KP737546.1	384
KP737547.1	384
MN317903.1	366
MN317918.1	361
MN317919.1	365
MN317954.1	364
HM010981.1	369
KX873016.1	346
KY992396.1	386
KY992397.1	386
KY992398.1	386
KY992399.1	386
FJ948466.1	843
FJ948468.1	843
FJ948469.1	843
FJ948471.1	845
KC633136.1	380
MK341317.1	379
MK341318.1	379
MK341319.1	379
MK341327.1	379
MK341328.1	379
MK341345.1	376
MK341346.1	376
MK341347.1	376
MK341350.1	376
MK341351.1	376
MK341358.1	379
MK341359.1	379
KC633138.1	380
KC633146.1	380
KC633150.1	380
KC633152.1	380
KC633154.1	380
KC633155.1	380
KC633156.1	380
KC633159.1	380
KC633163.1	380
MZ927397.1	308
MZ927398.1	328
MZ927399.1	310
MZ927406.1	338
KY438041.1	314
KY438101.1	314
MW315931.1	370
HG004862.1	378
PV901005.1	357
PV901008.1	357
PV901009.1	358
PV901010.1	357
KC528909.1	353
KC528910.1	345
KC528912.1	345
KC528918.1	345
KC528921.1	348
KC528925.1	345
KY009257.1	413
KY009258.1	413
KY009259.1	413
KY009260.1	413
KY009261.1	413
KY009263.1	413
KY009264.1	413
KY009265.1	413
KY009266.1	413
KY009267.1	413
KY009269.1	413
KY009273.1	413
KY009274.1	413
KY009297.1	413
KY009299.1	413
KY009300.1	413
KY009301.1	413
KY009302.1	413
KY009303.1	413
KY009306.1	413
KY009307.1	413
KY009308.1	413
KY009309.1	413
KY009310.1	413
KY009311.1	413
KY009312.1	413
KY009313.1	413
KY009314.1	413
KY009315.1	413
KY009316.1	413
KY009317.1	413
KY009318.1	413
KY009319.1	413
KY009323.1	413
KY009325.1	413
KY009327.1	413
KY009332.1	413
KY009333.1	413
KY009334.1	413
KY009335.1	413
KY009342.1	413
KY009343.1	413
KY009344.1	413
KY009345.1	413
KY009346.1	413
KY009350.1	413
KY009351.1	413
KY009352.1	413
KY009353.1	413
KY009354.1	413
KY009355.1	413
KY009356.1	413
KY009357.1	413
KY009358.1	413
KY009359.1	413
KY009360.1	413
KY009361.1	413
KY009379.1	413
KY009392.1	413
KY009393.1	413
KY009394.1	413
KY009395.1	413
KY009396.1	413
KY009397.1	413
KY009398.1	413
KY009404.1	413
KY009405.1	413
KY009406.1	413
KY009407.1	413
KY009408.1	413
KY009409.1	413
KY009410.1	413
KY009412.1	413
KY009413.1	413
KY009416.1	413
KY009417.1	413
KY009418.1	413
KY009419.1	413
KY009421.1	413
KY009422.1	413
KY009423.1	413
KY009428.1	413
KY009434.1	413
KY009435.1	413
KY009436.1	413
KY009437.1	413
KY009438.1	413
KY009439.1	413
HM347025.1	340
KY091368.1	409
KY091369.1	409
PZ294741.1	342
GQ130322.1	312
GQ130323.1	380
GQ130324.1	380
GQ130325.1	364
GQ130335.1	365
AB675899.1	393
KF794083.1	312
KJ025067.1	376
OR544031.1	373
OR544032.1	373
OR544033.1	373
OR544034.1	373
OR544035.1	373
OR544036.1	373
OR544037.1	373
MK088011.1	378
MK088013.1	378
MK088014.1	378
HQ615110.1	400
JX040539.1	406
AB715201.1	329
FJ907038.1	332
FJ907039.1	329
FJ907040.1	323
FJ907042.1	329
FJ907043.1	329
FJ907045.1	329
FJ907047.1	329
FJ907048.1	329
FJ907049.1	333
FJ907051.1	328
FJ907052.1	330
FJ907053.1	331
FJ907054.1	326
FJ907055.1	324
FJ907056.1	328
FJ907059.1	330
FJ907062.1	326
FJ907063.1	330
FJ907064.1	325
FJ907065.1	329
FJ907066.1	325
FJ907067.1	327
FJ907068.1	330
FJ907069.1	329
FJ907070.1	329
FJ907071.1	326
FJ907072.1	333
FJ907074.1	328
FJ907075.1	334
FJ907076.1	328
FJ907077.1	325
FJ907078.1	328
FJ907079.1	325
FJ907089.1	330
FJ907090.1	328
FJ907092.1	329
FJ907096.1	329
FJ907097.1	330
GQ463245.1	326
GQ463246.1	326
GQ463247.1	326
GQ463248.1	326
GQ463249.1	326
KR049065.1	326
LC090015.1	400
PZ294657.1	348
AY752481.1	361
KY306594.1	374
KY968927.1	344
OP881275.1	337
OP881277.1	338
OP881278.1	338
JN161130.1	330
PV900806.1	385
KJ025066.1	358
MH710744.1	359
MN116780.1	336
OM333868.1	366
ON820130.1	365
EU091659.1	378
KF267891.1	377
KF267898.1	374
MG232746.1	332
MG232747.1	332
MG232749.1	332
MG232762.1	332
MG232765.1	332
MG232771.1	332
MG232772.1	332
MG232778.1	332
MG232779.1	332
MG232780.1	333
MG232784.1	333
MG232785.1	332
MG232787.1	332
MG232791.1	333
MG232795.1	332
MG232796.1	332
MG232797.1	333
MG232798.1	332
MG232799.1	333
MG232800.1	332
MG232801.1	332
MG232805.1	332
MG232808.1	333
MG232809.1	332
MG232810.1	332
MG232811.1	332
MG232821.1	332
MG232823.1	332
MG232828.1	332
MG232829.1	332
MG232830.1	332
MG232835.1	332
MK088010.1	378
MK341308.1	378
MN116778.1	327
MN116781.1	352
MN585151.1	328
MN585156.1	352
MN585157.1	352
MN585158.1	352
MN585159.1	353
MN585160.1	352
MN585161.1	352
MT603973.1	332
MT603977.1	333
OL863116.1	326
ON890682.1	332
KC862356.1	373
KC862377.1	373
KC862378.1	373
KC862379.1	373
KC862380.1	373
KC862357.1	373
KC862358.1	373
KC862359.1	373
KC862360.1	373
KC862361.1	373
KC862362.1	373
KC862363.1	373
KC862364.1	373
KC862365.1	373
KC862366.1	373
KC862367.1	373
KC862368.1	373
KC862369.1	373
KC862370.1	373
KC862371.1	373
PV901411.1	352
GQ465541.1	482
AY641630.1	335
AY641631.1	335
AY641632.1	335
MT924158.1	335
PV901664.1	341
GQ374207.1	366
MF769384.1	370
MF769385.1	370
MF769386.1	370
MH218748.1	367
MH218749.1	367
MH218753.1	367
MH218754.1	367
MH218757.1	361
MZ006236.1	367
MZ006237.1	370
MZ006239.1	367
MZ006240.1	367
MZ006241.1	367
MZ006242.1	367
MZ006243.1	367
MZ006244.1	367
MZ006245.1	367
KX027583.1	373
KX027584.1	373
KX027590.1	373
KX027591.1	373
OL455025.1	373
OL455026.1	373
OL455027.1	373
OL455028.1	373
OL455029.1	373
OL455030.1	373
OL455031.1	373
OL455032.1	373
OL455033.1	373
GQ396675.1	400
JQ248883.1	354
KC955334.1	354
KX872957.1	353
KX872958.1	353
LC089993.1	406
MG232812.1	332
MG232818.1	332
MT922650.1	389
MW487232.1	357
MT923245.1	377
HQ142575.1	388
JX233739.1	367
JX233740.1	367
KF196322.1	412
KF196326.1	414
KF196327.1	414
KF196328.1	414
KF196329.1	414
KF196330.1	414
KF196331.1	414
KF196362.1	413
KF196365.1	413
LC314070.1	414
LC314088.1	414
LC314089.1	414
GQ413941.1	361
GQ413946.1	362
GQ413948.1	365
GQ413949.1	370
KX057863.1	365
KX057864.1	365
KX057865.1	365
MG868982.1	371
MG868983.1	371
MN257825.1	361
MW829683.1	362
MW829684.1	362
MW879490.1	362
MW879491.1	362
MW879492.1	362
MW879493.1	362
MW879494.1	362
MW879495.1	362
MW879496.1	362
MW879497.1	362
MW879498.1	362
MW879499.1	362
MW879500.1	362
MW879512.1	362
MW879513.1	362
MW879516.1	362
MW879517.1	362
GQ413943.1	373
JQ341287.1	326
MZ927386.1	323
PV901136.1	363
AB593643.1	368
HM746960.1	377
KY968909.1	361
OL862996.1	368
OL863109.1	371
PX945645.1	368
PX945646.1	368
PX945647.1	368
PX945648.1	368
PX945649.1	368
PX945656.1	368
MN114134.1	409
FJ695428.1	329
FJ695429.1	331
FJ695431.1	333
FJ695433.1	331
FJ695434.1	330
FJ695435.1	331
FJ695437.1	341
FJ695438.1	330
FJ695440.1	336
FJ695441.1	333
FJ695448.1	330
FJ695449.1	330
FJ695450.1	331
FJ695451.1	330
FJ695452.1	330
FJ695453.1	331
FJ695462.1	331
MN959970.1	330
MN959971.1	330
MN960095.1	330
FJ462488.1	383
FJ518906.1	384
FJ695463.1	331
FJ695464.1	331
FJ696703.1	389
HM116976.1	365
LC610875.1	391
GQ892876.1	401
KM025155.1	376
OL839320.1	375
JF332081.1	358
KT447529.1	364
KT447530.1	364
KT447531.1	364
KY657579.1	364
KY657580.1	364
MF954027.1	373
MH557911.1	332
GQ424461.1	336
KF794080.1	314
KJ411672.1	368
PP577837.1	370
KC955696.1	350
KC955697.1	351
KY968862.1	398
MN889430.1	398
PV809963.1	364
GU556632.1	360
GU556633.1	344
GU556635.1	360
GU556636.1	359
GU556637.1	358
GU556639.1	365
GU556640.1	358
GU556641.1	358
GU556642.1	359
GU556643.1	359
GU556644.1	359
GU556645.1	359
GU556646.1	358
GU556647.1	358
GU556648.1	360
GU556650.1	359
GU556651.1	358
GU556654.1	359
GU556655.1	360
GU556656.1	358
GU556657.1	358
GU556658.1	358
GU556659.1	359
GU556660.1	358
GU556661.1	359
GU556664.1	358
GU556665.1	358
GU556668.1	360
GU556669.1	359
GU556670.1	358
GU556671.1	358
GU556672.1	358
GU556673.1	358
GU556674.1	360
GU556675.1	358
GU556676.1	359
GU556677.1	359
GU556678.1	359
GU556679.1	358
GU556680.1	359
GU556681.1	358
GU556682.1	358
GU556683.1	359
GU556684.1	360
GU556689.1	360
GU556690.1	358
GU556691.1	360
GU556692.1	360
GU556694.1	359
GU556696.1	359
GU556697.1	360
HM018545.1	359
HM018546.1	358
HM018547.1	359
HM018548.1	365
HM018549.1	358
HM018550.1	359
HM018551.1	358
HM018552.1	359
HM018553.1	359
HM018555.1	358
HM018556.1	358
HM041009.1	358
HM041018.1	358
HM041019.1	358
HM041021.1	359
HM041022.1	358
HM041023.1	358
HM041025.1	359
HM041026.1	359
HM041027.1	358
HM041028.1	358
HM041029.1	359
HM041032.1	359
HM176598.1	359
JQ899000.1	337
JQ899002.1	337
JX152671.1	373
KP794361.1	371
KP794362.1	371
KP794424.1	381
KP794425.1	381
KP794426.1	381
MH445993.1	374
MH446027.1	371
MH710802.1	377
MZ927385.1	331
PP002374.1	375
PP577836.1	317
GU139567.1	846
LC420880.1	846
LC420885.1	846
LC420974.1	845
FJ794614.1	354
FJ794615.1	354
FJ794616.1	355
FJ794636.1	328
AJ584798.1	352
GQ139678.1	412
GQ139680.1	412
GQ139682.1	413
GQ139684.1	412
GQ139685.1	412
GQ139689.1	412
GQ139690.1	412
GQ139691.1	412
GQ139692.1	413
GQ139694.1	412
GQ139695.1	412
GQ139696.1	412
GQ139697.1	412
GQ139699.1	412
GQ139700.1	412
GQ888880.1	326
GQ888893.1	415
GQ888895.1	415
GQ888896.1	412
GQ888898.1	415
GQ888899.1	415
GQ888901.1	417
GQ888902.1	414
GQ888904.1	414
GQ888905.1	415
GQ888908.1	415
GQ888917.1	414
GQ888919.1	417
GQ888920.1	416
GQ888924.1	420
GQ888926.1	420
GQ888927.1	424
GQ888928.1	423
GQ888929.1	425
GQ888930.1	414
GQ888931.1	405
GQ888932.1	426
GQ888935.1	412
GQ888940.1	413
GQ888942.1	415
GQ888943.1	403
GQ888944.1	411
GQ888947.1	416
GQ888949.1	421
GQ888953.1	420
GQ888959.1	418
GQ888962.1	421
GQ888963.1	414
GQ888965.1	412
GQ888969.1	422
GQ888971.1	414
GQ888972.1	415
GQ888973.1	419
GQ888975.1	417
GQ888976.1	424
GQ888977.1	415
HG004810.1	366
KF981793.1	411
KF981795.1	406
KF981796.1	409
KT779118.1	350
MK976752.1	417
MK976764.1	427
MK976776.1	419
MK976777.1	419
MK976802.1	419
MK976803.1	418
MK976805.1	418
MT275651.1	415
MT275652.1	412
MT275654.1	412
MT275655.1	412
GQ888984.1	414
GQ888986.1	422
GQ888987.1	420
GQ888989.1	418
GQ888991.1	408
GQ889000.1	420
GQ889001.1	402
GQ889003.1	410
GQ889004.1	412
GQ889008.1	411
GQ889009.1	414
GQ889013.1	421
GQ889014.1	421
GQ889019.1	374
GQ889022.1	424
GQ889023.1	414
GQ889024.1	422
GQ889025.1	423
GQ889032.1	419
GQ889037.1	420
GQ889038.1	418
GQ889039.1	423
GQ889043.1	418
GQ889048.1	406
GQ889055.1	414
HQ142585.1	388
HQ142589.1	388
HQ142597.1	388
HQ142604.1	388
HQ142605.1	388
HQ142606.1	388
HQ142607.1	385
HQ142608.1	388
HQ142609.1	388
HQ142610.1	388
HQ142611.1	388
HQ142612.1	388
HQ142613.1	388
HQ142614.1	385
HQ142615.1	388
HQ142616.1	388
HQ142617.1	388
HQ142618.1	388
HQ142619.1	385
HQ142620.1	383
HQ142621.1	388
KF981794.1	409
KU145704.1	460
KU145725.1	460
KU145726.1	460
KU145729.1	460
KU145730.1	460
KU145773.1	460
KU682369.1	423
MK095510.1	419
MK095534.1	419
MK976742.1	417
MK976744.1	416
MK976894.1	420
MK976895.1	419
MN257700.1	443
MN825126.1	346
MN825127.1	346
MN825128.1	346
MN825129.1	346
MN825887.1	347
MN825889.1	347
MN825890.1	347
MN825891.1	347
MN825910.1	349
MN825911.1	347
PV084864.1	323
GQ424451.1	305
GQ424454.1	337
GQ424455.1	344
GQ424457.1	332
GQ424458.1	336
GQ424459.1	337
GQ424460.1	339
GQ424462.1	337
GQ424463.1	343
GQ424466.1	338
GQ424467.1	340
GQ424468.1	340
JQ067222.1	370
JQ898991.1	338
JQ899026.1	337
HM010980.1	370
MF987627.1	375
MF987634.1	374
MG906859.1	374
MH710771.1	363
MH711772.1	363
MN257723.1	364
LC656559.1	369
LC656561.1	369
LC656562.1	369
GU177873.1	357
GU177874.1	354
GU177875.1	354
GU177876.1	357
HM116948.1	346
JQ248875.1	349
JQ248895.1	350
JQ248903.1	351
KC200675.1	351
KC200716.1	349
KC200760.1	348
KC200790.1	356
KC200805.1	347
KC200806.1	352
KC200850.1	349
KC200947.1	348
KC201051.1	351
KC201052.1	351
KC201098.1	351
KC201124.1	345
KC201125.1	345
KC201126.1	345
KC201127.1	345
KC201128.1	345
KC201129.1	345
KC201130.1	345
KC595999.1	357
KC955362.1	352
KC955373.1	350
KC955374.1	350
KC955399.1	349
KC955400.1	349
KC955490.1	349
KC955577.1	355
KC955578.1	352
KC955589.1	350
KC955590.1	350
KT779116.1	349
PV090954.1	332
HE586027.1	382
HE586028.1	383
HE586029.1	382
HE586030.1	383
HE586031.1	383
HE657699.1	324
HQ148764.1	324
HQ148765.1	324
HQ148766.1	324
HQ148774.1	324
HQ148775.1	324
KC955403.1	348
KC955493.1	348
MK088055.1	400
MK088056.1	400
MK088067.1	400
MW747892.1	363
MW747893.1	364
AY492113.1	359
EU347888.1	372
GQ863232.1	356
GQ863236.1	356
GU219994.1	360
GU219995.1	360
GU219996.1	360
GU220000.1	360
GU220001.1	360
GU220002.1	360
GU220004.1	360
GU220005.1	360
GU220007.1	360
GU220008.1	360
GU220011.1	351
GU220012.1	360
GU220013.1	360
GU220014.1	360
GU220015.1	360
GU220018.1	358
KP698845.1	356
PQ007634.1	327
MH324741.1	354
MH324742.1	354
MH324743.1	354
AB540127.1	336
AB985731.1	336
GU256777.1	369
GU256778.1	383
GU256784.1	376
GU256785.1	377
GU256786.1	376
GU256791.1	376
GU256796.1	378
GU256799.1	379
GU256803.1	378
GU256815.1	378
GU256816.1	378
GU256819.1	378
GU256824.1	383
GU256825.1	379
GU256826.1	378
GU256831.1	381
GU256832.1	379
GU256833.1	377
GU256836.1	378
GU256840.1	377
GU256843.1	376
GU256844.1	377
GU256845.1	377
GU256847.1	379
GU256848.1	377
GU256851.1	378
GU256854.1	379
GU256855.1	379
GU256856.1	379
GU256857.1	379
GU256859.1	379
GU256864.1	367
GU256865.1	376
GU256866.1	378
MG232752.1	332
MT603972.1	332
GU256776.1	385
GU256779.1	378
GU256782.1	378
GU256787.1	380
GU256789.1	378
GU256790.1	378
GU256793.1	378
GU256795.1	378
GU256797.1	378
GU256800.1	377
GU256804.1	380
GU256805.1	380
GU256806.1	380
GU256807.1	378
GU256808.1	378
GU256810.1	378
GU256811.1	380
GU256812.1	380
GU256814.1	377
GU256817.1	378
GU256818.1	377
GU256820.1	379
GU256823.1	383
GU256827.1	378
GU256828.1	378
GU256829.1	377
GU256830.1	379
GU256834.1	377
GU256835.1	377
GU256837.1	378
GU256838.1	377
GU256839.1	378
GU256841.1	376
GU256842.1	377
GU256846.1	377
GU256849.1	378
GU256850.1	378
GU256853.1	378
GU256858.1	379
GU256860.1	379
GU256861.1	379
GU256862.1	379
MF944401.1	370
KX027585.1	373
KX027586.1	373
KX027592.1	373
MW440556.1	373
MZ513909.1	374
MZ513910.1	374
MZ513911.1	374
MZ513912.1	374
MZ513913.1	374
MZ513914.1	374
MZ513915.1	374
ON679663.1	373
ON679664.1	373
ON679665.1	371
PV901128.1	373
PV901129.1	374
HQ142623.1	389
HQ859308.1	386
KX027581.1	373
KX027582.1	373
KX027587.1	373
KX027588.1	373
KX027589.1	373
KY968866.1	383
KY968950.1	383
KY968961.1	383
MW440557.1	373
MW440558.1	373
MW440559.1	373
MW440560.1	373
MW440561.1	373
MW440562.1	373
MW440563.1	373
MW440564.1	373
LC090007.1	402
LC090016.1	389
FN663879.1	380
KM051439.1	370
KP159331.1	420
MK945651.1	368
JQ898981.1	335
KY584378.1	331
MF076956.1	321
MW747909.1	363
MW747910.1	363
MH377872.1	355
AF328804.1	388
AF328835.1	388
KR083237.1	391
KR083238.1	391
KR083239.1	391
KR083242.1	391
KR083243.1	391
JF807680.1	377
KX057862.1	310
KY306520.1	374
KY306522.1	374
KY321084.1	312
KY321085.1	314
KY321086.1	314
KY321087.1	312
KY321088.1	312
KY321089.1	317
MF987597.1	377
MF987599.1	373
MF987600.1	374
MG523321.1	363
MG523354.1	364
MG523355.1	364
MG906824.1	374
MG906825.1	376
MG906827.1	378
MH535218.1	374
MH535219.1	374
MN114129.1	389
MN257765.1	390
MN257828.1	390
MZ015545.1	227
AF303706.1	377
JF807681.1	377
KF217237.1	396
KF217238.1	396
KF923187.1	397
MW399256.1	446
MW399257.1	446
MW399258.1	446
MW399259.1	446
MW399260.1	446
MW399261.1	446
MW399262.1	446
MW399263.1	446
MW399264.1	446
MW399265.1	446
MW399266.1	446
MW399267.1	446
MW399269.1	446
EF108397.1	389
HQ142622.1	389
HQ142624.1	393
MF440596.1	389
HQ142577.1	388
EF041510.1	375
KR083090.1	387
AM234140.1	376
FM204677.1	369
GQ463250.1	325
MG229910.1	375
MG229911.1	375
MG229912.1	375
MG229913.1	375
MG229914.1	376
MG229915.1	375
MG229916.1	375
MG229917.1	375
MG229918.1	375
KF906209.1	348
KX669649.1	348
KX669650.1	348
OP881318.1	342
GU139568.1	846
GU139569.1	847
GU139571.1	846
JX070193.1	399
JX070194.1	391
KU659592.1	370
MG648281.1	390
MG648282.1	393
MG648283.1	393
MH426483.1	393
MH426485.1	388
MH426490.1	387
MH426491.1	388
MH426495.1	392
MT923652.1	370
PP447375.1	390
PP447382.1	393
PP447385.1	385
PP447387.1	385
PP456693.1	329
FM164423.1	389
FM164424.1	389
FM164946.1	389
FM164947.1	389
OP491881.1	389
EF660548.1	312
HQ176476.1	363
HQ176477.1	363
HQ176487.1	363
MT923821.1	341
MT924018.1	384
MT924019.1	384
PV900393.1	400
AB551993.1	361
AF245430.1	420
MT923592.1	370
HM116961.1	304
PV986285.1	356
PV987159.1	356
PP768829.1	356
MN257829.1	362
MH718404.1	383
MH718405.1	383
MK945648.1	366
MK945654.1	369
MK945656.1	363
LC610876.1	385
LC610890.1	389
MK945662.1	363
MT922662.1	390
MH478007.1	379
MH478008.1	379
OQ343723.1	353
LC420800.1	844
LC420810.1	844
LC420820.1	844
LC420830.1	845
LC420840.1	844
LC420850.1	844
LC420855.1	845
LC421035.1	844
LC421059.1	844
LC421062.1	845
LC421145.1	844
LC421148.1	843
LC421151.1	845
LC421154.1	845
LC421168.1	845
LC421171.1	843
LC421181.1	843
LC421203.1	843
LC421210.1	843
LC421215.1	843
LC421218.1	843
MH710831.1	374
ON557648.1	331
PX415234.1	331
PX415235.1	331
PX415236.1	331
PX415237.1	331
PX415238.1	331
PX415239.1	331
PX415240.1	331
ON557631.1	293
ON557633.1	352
ON557636.1	352
ON557637.1	351
ON557638.1	351
ON557641.1	351
ON557649.1	352
HM057397.1	329
HM057400.1	334
HM057401.1	332
HM057402.1	327
HM057403.1	332
HM057404.1	332
HM057405.1	335
HM057406.1	327
HM057407.1	328
HM057409.1	338
HM057410.1	328
HM057412.1	335
HM057413.1	330
HM104679.1	327
HM057411.1	334
HQ334906.1	377
HQ334907.1	376
HQ334908.1	377
KC779724.1	376
KC779726.1	376
KX057889.1	309
KY968926.1	348
KY968939.1	348
MH070606.1	257
PV138120.1	309
MG868984.1	375
MG868985.1	375
MG868986.1	376
MG868987.1	376
MG868988.1	376
MG868989.1	376
MG868990.1	376
MG868992.1	375
MG868996.1	366
MG869002.1	366
MG869003.1	375
MG869004.1	375
MG869005.1	375
MG869013.1	366
MG872844.1	375
MG872845.1	375
MG872846.1	376
MG872847.1	376
MG872848.1	376
MG872849.1	375
MG872850.1	376
MG872851.1	376
MG872852.1	375
MG872853.1	375
MG872854.1	375
MG872855.1	375
MG872856.1	375
PV900381.1	402
DQ385576.1	317
JX862651.1	372
LC610877.1	387
MZ191022.1	365
EU792409.1	353
KY067700.1	344
MH891849.1	322
PV662227.1	320
PV662228.1	318
JX840594.1	318
MZ927379.1	306
MZ927413.1	329
JX870770.1	289
MN638978.1	386
MN638979.1	386
MN638980.1	386
OL863020.1	366
OL863021.1	366
OL863022.1	366
JX152682.1	373
JX152683.1	373
MH710987.1	356
MH710996.1	356
OP798518.1	373
OP798519.1	373
OP798523.1	373
OP798524.1	373
OP798525.1	373
OP798526.1	373
OP798531.1	373
OP798548.1	373
OP798551.1	373
OP798552.1	373
OP798553.1	373
OP798554.1	373
OP798555.1	373
OP798557.1	373
OP798558.1	373
OP798582.1	373
OP798583.1	373
OP798585.1	373
OP798621.1	373
OP798622.1	373
OP798627.1	373
OP798628.1	373
OP798647.1	373
GQ888916.1	370
MH048066.1	384
MW187769.1	384
MW938639.1	386
MW938640.1	386
MW938641.1	386
MW938642.1	386
OP798436.1	373
OP798507.1	373
OP798508.1	373
OP798520.1	373
OP798521.1	373
OP798522.1	373
OP798527.1	373
OP798528.1	373
OP798529.1	373
OP798530.1	373
OP798542.1	373
OP798543.1	373
OP798544.1	373
OP798545.1	373
OP798546.1	373
OP798547.1	373
OP798549.1	373
OP798550.1	373
OP798556.1	373
OP798568.1	373
OP798569.1	373
OP798570.1	373
OP798571.1	373
OP798572.1	373
OP798573.1	373
OP798576.1	373
OP798578.1	372
OP798580.1	373
OP798581.1	373
OP798584.1	373
OP798586.1	373
OP798588.1	373
OP798589.1	373
OP798590.1	373
OP798591.1	373
OP798620.1	373
OP798623.1	373
OP798624.1	373
OP798626.1	373
OP798658.1	373
OP798659.1	373
AY876257.1	385
AY876258.1	385
AY876259.1	385
AY876260.1	385
AY876261.1	385
AY876262.1	385
AY876263.1	385
AY876264.1	385
AY876265.1	386
AY876266.1	386
AY876267.1	386
AY876268.1	386
AY876269.1	386
AY876270.1	386
AY876271.1	386
AY876272.1	386
AY876273.1	386
AY876274.1	386
AY876275.1	386
KF675935.1	331
LC656558.1	386
MW938634.1	386
MW938635.1	386
MW938636.1	386
MW938645.1	386
EF667972.1	328
KF675943.1	329
KF675945.1	331
KF675988.1	328
LC089990.1	399
MF327245.1	358
JX475159.1	472
JX475160.1	472
JX475164.1	472
JX475165.1	473
KR534422.1	391
KR534423.1	391
MW399373.1	446
MW399374.1	446
MW399375.1	446
EF079444.1	370
MN257709.1	377
MN257720.1	377
AF470496.1	372
AF470512.1	372
AY146446.1	332
DQ210279.1	354
DQ210321.1	354
EF079363.1	366
KT338675.1	372
KT387985.1	378
MH685748.1	386
ON009196.1	368
PQ809743.1	372
PQ809744.1	372
PQ809745.1	372
AB289475.1	370
AB894138.1	368
AF239323.1	357
AF239342.1	352
AF239364.1	367
AF239371.1	351
AF262785.1	358
AF262859.1	355
AF470488.1	378
AY851078.1	378
AY870102.1	355
DQ209997.1	357
DQ210178.1	357
DQ210215.1	357
DQ210237.1	357
DQ210374.1	355
DQ210393.1	354
DQ210411.1	357
DQ461788.1	355
DQ924387.1	357
DQ924398.1	357
EF079435.1	361
EF670362.1	361
EU123594.1	351
EU498159.1	355
EU498160.1	349
EU498161.1	355
HM018554.1	358
HM854639.1	366
HM854651.1	366
JQ306379.1	357
KF612998.1	366
KF747810.1	354
KP323304.1	351
KY239344.1	360
LN831433.1	420
MG008694.1	366
PV290569.1	361
PV290570.1	361
PV290571.1	361
PV290572.1	361
PV290573.1	361
PV290574.1	361
PV290575.1	361
PV290576.1	361
PV290577.1	361
PV704857.1	365
PV704861.1	365
PV704875.1	400
PV704876.1	401
PV704891.1	365
PV938557.1	362
AF239349.1	352
AF239392.1	348
AF350511.1	349
AY870097.1	353
HQ724817.1	365
HQ724821.1	365
HQ724824.1	365
HQ724825.1	365
KY239350.1	359
MN257693.1	361
MW829708.1	362
MW879509.1	362
MW879510.1	362
OQ449642.1	357
OQ449643.1	357
HM116945.1	349
HM116946.1	362
HM116947.1	349
HM116952.1	379
HM116953.1	381
HM116956.1	313
HM116960.1	304
HM116962.1	389
KC201022.1	361
KC596000.1	347
KC955385.1	349
KC955505.1	349
KC955506.1	349
KC955523.1	364
LC472999.1	431
PV900345.1	371
HM116967.1	358
HM116968.1	358
HM116969.1	381
HM116970.1	381
HM116973.1	384
HM116978.1	366
HM116979.1	366
HM116983.1	382
HM116984.1	381
HM116986.1	367
HM116989.1	374
HM116991.1	364
HM116992.1	364
HM116995.1	390
HM347005.1	352
KR350178.1	376
KY215036.1	353
KY239310.1	361
LN831429.1	420
MF944337.1	376
MF944394.1	373
MF944411.1	371
MT500598.1	373
MT500635.1	376
MT500638.1	376
MT500648.1	376
PP456692.1	365
MH711720.1	368
JX233751.1	366
KM113798.1	379
KM113799.1	374
KM113800.1	375
KM113801.1	376
KX686912.1	357
KX686913.1	357
PV900435.1	375
PV900436.1	375
PV900439.1	375
PV900568.1	374
KX686911.1	355
KX686917.1	355
KF794085.1	284
MW075493.1	342
MW075494.1	342
AF262915.1	365
MZ366407.1	356
KY696289.1	390
LN607419.1	390
AJ492444.1	376
EF541019.1	403
HQ615080.1	400
HQ615137.1	400
HQ615138.1	399
HQ615141.1	404
HQ615142.1	404
LN607418.1	390
HQ615084.1	400
HQ615086.1	402
HQ615096.1	402
HQ615108.1	400
HQ615113.1	397
KY968850.1	358
LC089991.1	385
MT922573.1	350
DQ277645.1	358
DQ277646.1	375
EU912052.1	359
GQ424452.1	354
GQ424453.1	335
JQ898984.1	336
JQ899013.1	337
KJ170231.1	356
KY968919.1	379
HQ724816.1	365
HQ724818.1	365
HQ724823.1	365
HQ724827.1	365
AF303708.1	376
AY489212.1	371
KC779803.1	368
KC779804.1	368
LN812394.1	416
MN543589.1	414
MN543590.1	414
MN543591.1	414
AM267030.1	327
AM945191.1	316
EU145347.1	363
EU145374.1	370
EU145380.1	357
EU145389.1	354
FJ794662.1	144
FJ907041.1	329
KM215368.1	317
MH014690.1	308
PP165380.1	370
KX954880.1	363
AF245421.1	420
AF245432.1	377
AF313039.1	367
DQ154079.1	386
EF635472.1	344
KY067707.1	363
MN825508.1	348
MN825509.1	348
MN825511.1	348
MW747895.1	363
MW747896.1	363
MW747901.1	363
MW747902.1	363
PQ350376.1	376
HG004805.1	358
MT276669.1	357
MT276670.1	357
MT276671.1	357
MT276672.1	357
MT276673.1	357
MT276674.1	357
MT276675.1	357
MT276676.1	357
MT276677.1	357
MT276678.1	357
MT276679.1	357
MT276683.1	357
MT276684.1	357
MW399352.1	446
MW399353.1	446
MW399354.1	446
MW399355.1	446
MW399356.1	446
MW399357.1	446
MW399358.1	446
MW399359.1	446
HQ724826.1	365
MN638972.1	386
MN638973.1	386
MN638974.1	386
MN638984.1	386
MN638985.1	386
MN638986.1	386
KM051435.1	350
AY552147.1	394
HG004794.1	343
KX057833.1	363
AB593659.1	366
AB593497.1	364
AB593505.1	366
LC716010.1	366
MK169310.1	366
MK169311.1	366
AB593621.1	367
AB847654.1	361
AB847663.1	367
HM041014.1	358
HM041015.1	358
HM041016.1	358
HM041017.1	358
HM041024.1	359
HM041030.1	359
MH763847.1	366
MN213663.1	367
OQ645702.1	367
OQ645703.1	367
AF303711.1	377
JX233675.1	367
KY306504.1	377
KY306505.1	378
MG949310.1	377
MG949349.1	377
MK123472.1	877
HM106991.1	356
KF217230.1	393
KF217231.1	393
KF923166.1	399
KR083060.1	392
KR083219.1	389
KR083220.1	391
KR083221.1	391
MT090717.1	401
KF217180.1	398
KF217181.1	398
KF217183.1	392
KF217184.1	392
KF217210.1	395
KF217211.1	395
KF217244.1	396
KF923184.1	403
MG523320.1	362
PV485429.1	390
PV485430.1	390
PV485431.1	390
MF695605.1	354
MF695606.1	354
MF695607.1	354
MG460376.1	370
OR680117.1	367
OR680119.1	367
OR680120.1	367
KC200590.1	348
KC200591.1	348
AY492107.1	360
JQ248880.1	349
KC200640.1	348
KC200737.1	349
KC200738.1	349
KC200739.1	349
KC200925.1	348
KC201050.1	349
KC201108.1	348
KC955375.1	353
KC955386.1	349
KC955387.1	349
KC955507.1	349
KC955591.1	353
KC955672.1	350
KC955742.1	349
KJ187620.1	376
OQ099823.1	349
AF134860.1	389
EF190460.1	392
EU145348.1	362
EU145349.1	358
EU145352.1	358
PX459862.1	325
KX057910.1	349
KX057911.1	366
JF430411.1	325
KT779119.1	350
KT779122.1	348
KT779123.1	348
KT779124.1	350
KT779125.1	350
EU792329.1	353
KM488629.1	430
KX873165.1	345
KY688771.1	320
KY688772.1	335
KY688779.1	317
KY688780.1	344
KY688795.1	309
KY688805.1	346
KY688825.1	335
EU792390.1	354
HM639777.1	316
KM211743.1	386
KM211744.1	386
KM211745.1	386
KM211746.1	372
KM211747.1	372
KM211748.1	386
KM211749.1	386
KM211750.1	386
KM211751.1	386
KM211752.1	372
KM211753.1	372
KM211754.1	386
KM211764.1	369
KM211765.1	369
KM211766.1	385
KM211773.1	355
KM211774.1	355
KM211775.1	372
KM211776.1	355
KM211777.1	385
KM211778.1	385
KM211779.1	369
KM211780.1	369
KM211781.1	369
KM211782.1	369
KM211783.1	369
KM211784.1	369
KY971378.1	386
KY971387.1	366
KY971388.1	366
KY971389.1	366
KY971390.1	369
MF039090.1	386
HM854578.1	365
HM854580.1	366
HM854581.1	367
HM854582.1	367
HM854583.1	367
HM854584.1	367
HM854585.1	367
HM854588.1	367
HM854590.1	367
HM854593.1	362
HM854594.1	367
HM854599.1	367
HM854607.1	366
HM854614.1	366
HM854621.1	367
HM854623.1	366
HM854625.1	366
HM854627.1	366
HM854628.1	366
HM854629.1	367
HM854631.1	367
HM854632.1	366
HM854637.1	377
HM854640.1	374
HM854641.1	374
HM854646.1	371
HM854647.1	373
HM854648.1	374
HM854649.1	371
HM854650.1	367
HM854662.1	370
HM854663.1	367
KC955401.1	357
KC955491.1	357
KF612980.1	372
KF612983.1	366
KF612984.1	366
KT923812.1	376
KT923813.1	376
KT923814.1	376
KT923815.1	375
KT923816.1	375
KT923817.1	377
KT923819.1	374
KT923832.1	366
KT923835.1	365
KT923836.1	366
KT923842.1	366
KT923845.1	368
MG008691.1	367
MG008850.1	367
MG023251.1	374
MG023252.1	374
MG023254.1	374
MG023258.1	374
MG023259.1	374
MH656410.1	363
MH656413.1	367
MK116527.1	877
MK116529.1	877
MK116530.1	877
MK123469.1	877
MK168610.1	877
MK168611.1	877
MK168612.1	877
MK168613.1	877
MK168614.1	877
MK168615.1	877
HM854586.1	367
HM854591.1	367
HM854592.1	366
HM854598.1	367
HM854600.1	367
HM854601.1	366
HM854602.1	363
HM854606.1	366
HM854609.1	367
HM854611.1	366
HM854612.1	366
HM854615.1	366
HM854616.1	366
HM854617.1	363
HM854618.1	363
HM854619.1	366
HM854620.1	366
HM854622.1	367
HM854626.1	367
HM854633.1	366
HM854635.1	367
HM854636.1	358
HM854638.1	356
HM854642.1	374
HM854645.1	366
HM854653.1	366
HM854656.1	365
HM854658.1	370
HM854659.1	365
HM854660.1	367
HM854661.1	374
AM939547.1	322
GU386448.1	327
GU386454.1	368
GU386455.1	340
GU386458.1	342
GU386459.1	333
GU386460.1	343
HQ176480.1	363
HQ176481.1	363
HQ176482.1	363
HQ176483.1	363
PV704866.1	380
PV704867.1	380
MN295309.1	375
PP768832.1	356
PP768833.1	356
PP768834.1	356
PV986821.1	356
PV986878.1	356
PX622561.1	375
EU145362.1	306
JN091242.1	375
JN091243.1	374
MF954059.1	375
MG323915.1	356
MT137804.1	843
MT137805.1	843
MT137806.1	843
MT137807.1	843
MT137808.1	843
MT137809.1	843
MT137810.1	843
MT137811.1	843
MT137812.1	843
MT137813.1	843
MT137814.1	843
MT137815.1	843
MT137816.1	843
MT137817.1	843
MT137818.1	843
MT137819.1	843
MT137820.1	843
MT137821.1	843
MT137822.1	843
MT137823.1	843
MT137851.1	843
MT137854.1	841
MT137857.1	841
MT137859.1	841
MT137861.1	843
MT137866.1	843
MT137867.1	843
MT137869.1	843
MT137872.1	843
MW023991.1	375
GU799496.1	354
GU799497.1	352
GU799500.1	352
HM042452.1	324
HM042456.1	308
HM042465.1	354
HM042473.1	356
HM042474.1	356
HM042481.1	353
HM042483.1	354
HM042486.1	354
HM042490.1	354
HM042492.1	346
HM042494.1	354
HM042495.1	355
HM042498.1	354
HM042500.1	354
HM042503.1	354
KM051452.1	355
KY968936.1	358
MH710781.1	350
OM333848.1	365
ON820128.1	365
ON820129.1	365
GU354242.1	386
JQ398728.1	371
JQ398729.1	371
JQ398733.1	371
JQ398735.1	371
JQ398736.1	371
JQ398737.1	371
JQ398738.1	371
JQ398739.1	371
MF954015.1	377
MF954065.1	375
JQ067294.1	371
MT384017.1	328
EF660569.1	820
KJ588926.1	888
KJ588927.1	890
KJ588938.1	762
KY427307.1	484
LC090002.1	404
MK211152.1	890
PV900368.1	404
AY616752.1	365
HF952981.1	366
PQ859381.1	437
PQ859385.1	437
PQ859386.1	437
PQ859387.1	437
PQ859388.1	437
PQ859390.1	437
PQ859391.1	437
PQ859393.1	437
PQ859397.1	437
PQ859398.1	437
PQ859399.1	437
PQ859401.1	437
PQ859409.1	437
PQ859413.1	437
PQ859414.1	437
PQ859415.1	437
PQ859416.1	437
PQ859418.1	437
PQ859431.1	438
PQ859433.1	437
MN824790.1	327
MN824791.1	327
MN824792.1	328
MN824802.1	349
MN824803.1	349
MN824804.1	349
MN824815.1	350
MN824816.1	350
MN824817.1	350
MN824818.1	348
MN824821.1	348
MN824822.1	349
MN824850.1	351
MN824851.1	351
MN824852.1	351
MN824853.1	351
MN824856.1	351
MN825025.1	348
MN825026.1	348
MN825027.1	348
MN825028.1	348
MN825029.1	348
MN825031.1	348
MN825242.1	348
MN825243.1	347
MN825244.1	351
MN825245.1	351
MN825327.1	350
MN825328.1	349
MN825329.1	349
MN825330.1	348
MN825332.1	350
KY968870.1	324
KY968889.1	324
MN825394.1	324
MN825395.1	324
MN825396.1	324
MN825406.1	349
MN825407.1	349
MN825427.1	326
MN825428.1	325
MN825439.1	326
MN825440.1	326
MN825548.1	348
MN825549.1	348
MN825588.1	347
MN825589.1	347
MN825590.1	379
MN825593.1	347
MN825594.1	347
MN825641.1	350
MN825642.1	349
MN825643.1	349
MN825644.1	350
MN825649.1	348
MN825650.1	328
MN825651.1	328
MN825652.1	328
MN825653.1	335
MN825666.1	349
MN825667.1	349
MN825668.1	349
MN825669.1	349
MN825670.1	346
MN825671.1	347
MN825672.1	347
MN825699.1	348
MN825700.1	348
PV084894.1	322
MN825710.1	348
MN825757.1	323
MN825758.1	323
MN825864.1	330
MN825865.1	348
MN825866.1	347
MN825867.1	330
MN825984.1	334
MN825985.1	334
EF114672.1	389
KX954898.1	363
KX954907.1	362
MK945609.1	358
HQ176473.1	363
HQ176474.1	363
HQ176479.1	363
KX954935.1	362
KX954976.1	358
KX954977.1	358
KX954988.1	358
KX954990.1	358
KX955007.1	365
MK945615.1	358
MK945616.1	358
MK945620.1	358
MK945635.1	358
MK945639.1	358
MK945642.1	363
AM404346.1	342
HQ130066.1	344
KC200893.1	345
KC200894.1	345
KC200895.1	345
KC200896.1	345
KC200897.1	345
KC200898.1	345
KC200899.1	345
KC200900.1	345
KC955315.1	346
KC955316.1	346
KC955317.1	346
KC955318.1	346
KP738156.1	347
KP878858.1	341
JQ954566.1	367
KY387916.1	390
AY641613.1	332
AY641614.1	332
AY641615.1	334
AY641616.1	334
AY641623.1	320
AY641624.1	335
AY641638.1	336
MN638855.1	394
MN638858.1	394
PV901693.1	337
PV901694.1	337
PV901697.1	337
PV901706.1	336
AB593485.1	367
AB593486.2	365
AB593488.1	366
AB593489.1	368
AB593490.1	366
AB593492.1	367
AB593493.1	364
AB593495.1	366
AB593498.1	365
AB593500.1	360
AB593501.1	367
AB593502.1	368
AB593503.1	358
AB593504.1	366
AB593506.1	366
AB593507.1	367
AB593512.1	365
AB593517.1	367
AB593519.1	366
AB593521.1	366
AB593522.1	366
AB593523.1	368
AB593524.1	365
AB593525.1	370
AB593526.1	367
AB593531.1	367
AB593536.1	365
AB593541.1	366
AB593542.1	364
AB593545.1	365
AB593547.1	367
AB593550.1	362
AB593551.1	367
AB593556.1	366
AB593558.1	366
AB593566.1	366
AB593567.1	368
AB593572.1	366
AB593573.1	366
AB593574.1	366
AB593577.1	366
AB593578.1	366
AB593584.1	365
AB593586.1	366
AB593587.1	367
AB593591.1	368
AB593662.1	368
KP743543.1	366
OM311730.1	365
OM311731.1	365
OM311732.1	366
OM311733.1	366
OM311734.1	366
OM311755.1	366
PP758186.1	368
AB593592.1	365
AB593593.1	365
AB593601.1	367
AB593603.1	367
AB593606.1	365
AB593607.1	365
AB593608.1	366
AB593609.1	363
AB593610.1	366
AB593611.1	365
AB593612.1	367
AB593618.1	367
AB593622.1	367
AB593623.1	368
AB593624.1	368
AB593629.1	363
AB593635.1	366
AB593636.1	368
AB593637.1	366
AB593638.1	369
AB593640.1	365
AB593642.1	366
AB593644.1	365
AB593645.1	366
AB593646.1	367
AB593647.1	367
AB593648.1	366
AB593649.1	364
AB593650.1	368
AB593651.1	365
AB593654.1	365
AB593658.1	365
AB593663.1	365
AB593665.1	366
AB593666.1	364
AB593667.1	360
AB593671.1	365
AB593672.1	364
AB593677.1	367
AB593679.1	363
AB593680.1	355
AB593682.1	366
AB593683.1	366
AB593688.1	366
AB847668.1	365
KP737564.1	369
KP737565.1	369
KP737566.1	369
KP737567.1	369
KY218784.1	367
MN213685.1	368
OM311757.1	366
OM311758.1	366
OP592174.1	374
PQ474549.1	347
PQ804149.1	367
AB593513.1	367
AB593555.1	370
AB593595.1	367
KJ409999.1	360
KJ410008.1	368
KJ410011.1	345
KT223751.1	363
MK164480.1	367
MK164481.1	368
MK356170.1	371
MK356171.1	371
MK356172.1	371
OM311726.1	366
OM311727.1	366
OM311728.1	366
OM311729.1	366
AB593510.1	363
FR715993.1	357
GU951611.1	251
GU951612.1	251
GU951613.1	251
GU951614.1	251
GU951617.1	252
GU951618.1	251
GU951620.1	251
JQ954563.1	366
JQ954567.1	360
JQ954569.1	404
MT924088.1	361
PP125555.1	368
OM462506.1	334
OM462507.1	334
OM462508.1	334
OM462511.1	334
OM462512.1	334
OM462513.1	334
OM462517.1	334
OM462519.1	334
OM462521.1	334
OM462522.1	334
OM462523.1	334
OM462524.1	334
OM462525.1	334
OM462683.1	335
OM462686.1	335
OM462687.1	335
OM462688.1	335
OM462695.1	335
OM462696.1	335
OM462697.1	335
OM462699.1	335
OM462700.1	335
OM462701.1	335
OM462702.1	334
OM462863.1	335
OM462864.1	335
OM462865.1	335
OM462866.1	335
OM462867.1	335
OM462869.1	335
OM462870.1	335
OM462871.1	335
OM462872.1	335
OM462875.1	335
OM462876.1	335
OM462877.1	335
OM462878.1	335
OM462879.1	335
OM462880.1	335
PQ753362.1	362
PQ753372.1	362
PQ753385.1	362
PQ753388.1	362
PQ753390.1	362
PQ753395.1	363
PQ753446.1	362
PQ753447.1	362
PQ753460.1	362
PQ753463.1	362
PQ753465.1	362
PQ753492.1	363
PQ753493.1	363
PQ753494.1	363
PQ753504.1	363
OM462509.1	334
OM462510.1	334
OM462514.1	334
OM462515.1	334
OM462516.1	334
OM462518.1	334
OM462520.1	334
OM462684.1	334
OM462685.1	335
OM462689.1	335
OM462690.1	335
OM462691.1	335
OM462692.1	334
OM462693.1	334
OM462694.1	335
OM462698.1	335
OM462868.1	337
OM462873.1	335
OM462874.1	335
OM462881.1	335
OM462882.1	335
KP878366.1	398
MN197548.1	357
MT922707.1	389
JX630162.1	403
JX870694.1	318
KY321072.1	317
HM347038.1	342
LC421226.1	349
LC457488.1	349
LC457489.1	349
LC457490.1	349
LC457491.1	349
LC457492.1	349
LC457493.1	349
LC457494.1	349
LC457495.1	349
LC457496.1	349
LC457497.1	349
LC504443.1	349
LC504444.1	349
LC504445.1	349
LC504446.1	349
LC504447.1	349
LC504448.1	349
KY411902.1	371
HQ615071.1	399
HQ615072.1	402
HQ615074.1	402
HQ615075.1	399
HQ615076.1	404
HQ615078.1	399
HQ615091.1	401
HQ615097.1	403
HQ615111.1	402
HQ615116.1	399
HQ615123.1	401
HQ615125.1	401
HQ615126.1	400
HQ615128.1	399
HQ615132.1	401
HQ645895.1	400
JF807677.1	377
OL584033.1	392
HQ456263.1	390
HQ456271.1	389
HQ608203.1	353
HQ608204.1	353
OQ786052.1	349
PX069522.1	357
HQ608205.1	354
HQ608208.1	353
HQ608209.1	353
HQ608210.1	353
HQ608213.1	353
HQ608214.1	353
HQ608215.1	355
HQ608216.1	353
HQ608217.1	202
HQ608223.1	350
JQ230333.1	374
JQ230337.1	378
MH212248.1	377
MH212249.1	377
PX069528.1	356
HF586701.1	335
HF586702.1	335
JN560193.1	333
JN560213.1	333
JX505459.1	326
JX505460.1	326
AJ242046.1	395
AJ242048.1	409
AJ242049.1	409
AJ242050.1	414
AJ242051.1	414
AJ242064.1	398
AJ242065.1	398
AJ242066.1	409
AJ242067.1	409
AJ242070.1	408
AJ242072.1	408
AJ242073.1	408
AJ242074.1	413
AJ242075.1	412
AJ242082.1	404
AJ242085.1	306
AJ242086.1	306
AJ242087.1	347
AJ242088.1	347
AJ242091.1	405
AJ242101.1	397
AJ242102.1	396
AJ242103.1	395
AJ242104.1	370
AJ242105.1	411
AJ242106.1	411
AJ242108.1	411
AJ242109.1	410
AJ242110.1	372
AJ242111.1	411
AJ242112.1	384
AJ242113.1	395
AJ242114.1	381
AJ242115.1	355
AJ242118.1	405
AJ242119.1	405
AJ242120.1	404
AJ242121.1	317
AJ242123.1	341
AJ242124.1	341
AJ242125.1	404
AJ242126.1	430
AJ242127.1	421
AJ242128.1	420
AJ242129.1	422
AJ242130.1	421
AJ242139.1	346
AJ242140.1	430
AJ242143.1	408
AJ242147.1	413
AJ242148.1	471
AJ242149.1	471
AJ242150.1	413
AJ242151.1	413
AJ242152.1	448
AJ242153.1	448
AJ242093.1	407
AJ242094.1	406
AJ242095.1	409
AJ242096.1	409
AJ242097.1	407
AJ242098.1	406
AJ242100.1	407
AJ242132.1	396
AJ242133.1	409
AJ242134.1	408
AJ242135.1	408
AJ242137.1	409
AJ242138.1	408
HQ291780.1	383
LC090001.1	404
KX016110.1	358
MG208080.1	339
MH711144.1	369
PQ809730.1	372
PQ809731.1	372
PQ809765.1	372
PQ809770.1	372
DQ311674.1	413
FJ161701.1	413
HQ718981.1	378
HQ718991.1	385
HQ718992.1	385
HQ718997.1	383
HQ718998.1	383
HQ719006.1	371
HQ719008.1	371
HQ719009.1	371
HQ719010.1	371
HQ719011.1	371
HQ719012.1	371
HQ719013.1	371
HQ719015.1	373
HQ719016.1	373
HQ719017.1	372
HQ719018.1	371
HQ719019.1	371
HQ719020.1	372
HQ719022.1	372
HQ719023.1	372
HQ719026.1	372
KY968914.1	409
KY427316.1	484
AF136237.1	390
JX862623.1	372
KX786542.1	398
KY239250.1	360
OR544048.1	372
PQ302579.1	372
PQ302580.1	372
AB593619.1	366
HQ130062.1	361
HQ130081.1	343
KF553450.1	343
KY067701.1	343
KY067747.1	342
KY067749.1	342
KY067750.1	343
KY067751.1	343
KY067753.1	343
KY067755.1	343
KY067756.1	343
KY067757.1	343
KY067758.1	343
KY067761.1	343
KY067763.1	343
KY067766.1	343
KY067767.1	343
KY067768.1	343
MN213680.1	366
MN213681.1	366
MT068506.1	342
MT068507.1	342
MT068508.1	342
MT068509.1	342
MT068510.1	342
MT940440.1	366
PQ804160.1	362
AF134859.1	390
AF134861.1	390
AF134862.1	380
EF190461.1	392
EF190462.1	392
EU909428.1	314
EU909429.1	314
KY214928.1	349
KY214938.1	332
MN545635.1	313
JQ341261.1	332
JQ341268.1	339
JQ341271.1	334
JQ341272.1	329
JQ341289.1	331
JQ341294.1	332
JQ341309.1	331
JQ341320.1	325
KY214936.1	331
MN257672.1	427
MN257801.1	426
MN257804.1	427
MN257807.1	426
JQ341262.1	331
MG693017.1	374
MW013555.1	375
MW013556.1	375
MW013557.1	375
HM746958.1	377
HQ688669.1	349
MT922579.1	351
JX152676.1	373
MT923032.1	404
KX872915.1	352
KX872916.1	352
EF667969.1	333
EF667970.1	332
EU792326.1	354
JX155096.1	330
JX862624.1	372
KM051463.1	377
LN590008.1	372
KY021161.1	374
KY021162.1	372
KY021163.1	375
KY021164.1	372
KY021165.1	372
KY021166.1	372
KY021167.1	372
KY021168.1	372
KY021169.1	372
KY021170.1	372
KY021171.1	372
KY021172.1	372
KY021173.1	372
KY021174.1	372
KY021175.1	372
AF414496.1	314
AF414497.1	316
AF414501.1	314
HM347014.1	341
HM347022.1	351
OP881302.1	341
OP881303.1	341
KF217226.1	396
KF923177.1	396
KY427308.1	484
MH710656.1	406
JF301548.1	321
MG232804.1	332
OL863002.1	368
HQ665027.1	352
HQ665028.1	352
HQ665029.1	352
HQ665030.1	352
HQ840772.1	354
JN189789.1	351
JN189790.1	346
JN189792.1	352
KJ187611.1	377
MH710660.1	347
MT726067.1	383
MT726072.1	383
MT726100.1	383
MT726101.1	383
OP431360.1	386
OP431361.1	386
MT726074.1	384
MT726076.1	383
MT726078.1	371
MT726083.1	383
MT726084.1	384
MT726089.1	383
MT726090.1	383
HQ724819.1	365
HQ724820.1	365
HQ858886.1	386
HQ858888.1	386
HQ858889.1	386
HQ858890.1	386
HQ858891.1	389
HQ858892.1	389
HQ858893.1	387
HQ858894.1	388
HQ858895.1	386
HQ858896.1	387
HQ858897.1	385
HQ858898.1	387
HQ858899.1	387
HQ858900.1	387
HQ858901.1	387
HQ858902.1	388
HQ858903.1	386
HQ858904.1	388
HQ858905.1	387
HQ858906.1	387
HQ858908.1	387
HQ858909.1	386
HQ858912.1	390
HQ858913.1	387
HQ858914.1	387
HQ858915.1	387
HQ858917.1	385
HQ858918.1	387
HQ858921.1	386
HQ858923.1	388
HQ858924.1	385
HQ858925.1	387
HQ858928.1	387
HQ858929.1	386
HQ858931.1	387
HQ858932.1	387
HQ858934.1	387
HQ858935.1	387
HQ858936.1	390
HQ858937.1	390
HQ858938.1	387
HQ858939.1	387
HQ858940.1	388
HQ858941.1	389
HQ858944.1	387
HQ858945.1	386
HQ858946.1	387
HQ858947.1	389
HQ858948.1	389
HQ858949.1	387
HQ858950.1	390
HQ858951.1	390
HQ858952.1	387
HQ858953.1	387
HQ858954.1	387
HQ858955.1	387
HQ858956.1	389
HQ858957.1	387
HQ858958.1	387
HQ858959.1	387
HQ858960.1	382
HQ858961.1	387
HQ858962.1	387
HQ858964.1	390
HQ858965.1	387
HQ858966.1	387
HQ858967.1	387
HQ858968.1	387
HQ858971.1	386
HQ858973.1	386
HQ858975.1	384
HQ858976.1	387
HQ858979.1	387
HQ858980.1	387
HQ858981.1	389
HQ858982.1	388
HQ858983.1	387
HQ858984.1	387
HQ858985.1	387
HQ858986.1	384
HQ858987.1	386
HQ858988.1	386
HQ858989.1	387
HQ858990.1	386
HQ858991.1	386
HQ858992.1	386
HQ858995.1	387
HQ858996.1	387
HQ858997.1	387
HQ858998.1	387
HQ858999.1	387
HQ859003.1	388
HQ859004.1	389
HQ859005.1	387
HQ859006.1	386
HQ859007.1	388
HQ859009.1	387
HQ859010.1	387
HQ859011.1	393
HQ859012.1	387
HQ859014.1	387
HQ859015.1	383
HQ859017.1	386
HQ859018.1	387
HQ859019.1	387
HQ859020.1	388
HQ859021.1	387
HQ859022.1	387
HQ859023.1	387
HQ859024.1	386
HQ859025.1	387
HQ859026.1	387
HQ859027.1	387
HQ859028.1	387
HQ859029.1	387
HQ859030.1	387
HQ859031.1	387
HQ859032.1	388
HQ859033.1	386
HQ859034.1	387
HQ859035.1	387
HQ859036.1	388
HQ859037.1	388
HQ859038.1	385
HQ859039.1	388
HQ859040.1	387
HQ859041.1	395
HQ859042.1	383
HQ859043.1	383
HQ859044.1	387
HQ859045.1	387
HQ859047.1	387
HQ859048.1	387
HQ859050.1	386
HQ859051.1	391
HQ859052.1	387
HQ859053.1	387
HQ859054.1	386
HQ859055.1	386
HQ859056.1	390
HQ859057.1	387
KP737517.1	386
KP737541.1	387
KU832331.1	386
KU832332.1	388
KU832333.1	387
KU832334.1	387
KU832337.1	387
KU832340.1	387
KU832346.1	388
KU832351.1	389
KU832354.1	389
KU832357.1	387
KU832358.1	387
KU832368.1	387
KU832371.1	387
KU832374.1	387
KU832376.1	386
KU832382.1	387
KU832388.1	387
KU832401.1	387
KU832407.1	387
KU832412.1	387
KU832413.1	387
KU832414.1	387
KU863007.1	390
PV173808.1	387
HQ859058.1	385
HQ859059.1	389
HQ859060.1	387
HQ859061.1	390
HQ859062.1	389
HQ859063.1	386
HQ859064.1	386
HQ859065.1	387
HQ859066.1	387
HQ859067.1	386
HQ859068.1	387
HQ859069.1	387
HQ859070.1	389
HQ859071.1	387
HQ859072.1	389
HQ859074.1	389
HQ859075.1	387
HQ859076.1	386
HQ859077.1	388
HQ859078.1	387
HQ859080.1	387
HQ859081.1	389
HQ859082.1	387
HQ859083.1	386
HQ859084.1	387
HQ859087.1	388
HQ859089.1	386
HQ859090.1	387
HQ859091.1	386
HQ859094.1	387
HQ859095.1	387
HQ859096.1	388
HQ859097.1	387
HQ859098.1	387
HQ859099.1	387
HQ859101.1	389
HQ859102.1	386
HQ859103.1	388
HQ859104.1	388
HQ859105.1	386
HQ859106.1	387
HQ859107.1	387
HQ859108.1	387
HQ859109.1	389
HQ859110.1	389
HQ859111.1	387
HQ859112.1	387
HQ859113.1	386
HQ859114.1	387
HQ859115.1	387
HQ859116.1	387
HQ859117.1	387
HQ859118.1	387
HQ859119.1	387
HQ859120.1	387
HQ859121.1	387
HQ859122.1	387
HQ859123.1	390
HQ859124.1	384
HQ859125.1	387
HQ859126.1	387
HQ859127.1	387
HQ859128.1	387
HQ859129.1	387
HQ859130.1	386
HQ859132.1	387
HQ859133.1	387
HQ859134.1	387
HQ859136.1	387
HQ859137.1	387
HQ859138.1	387
HQ859140.1	387
HQ859141.1	387
HQ859142.1	387
HQ859143.1	387
HQ859144.1	387
HQ859145.1	387
HQ859146.1	387
HQ859147.1	387
HQ859148.1	387
HQ859149.1	385
HQ859151.1	387
HQ859155.1	387
HQ859157.1	384
HQ859158.1	390
HQ859159.1	387
HQ859160.1	387
HQ859161.1	387
HQ859163.1	386
HQ859164.1	388
HQ859165.1	388
HQ859166.1	387
HQ859167.1	387
HQ859168.1	387
HQ859169.1	384
HQ859170.1	387
HQ859171.1	387
HQ859172.1	387
HQ859173.1	387
HQ859174.1	387
HQ859175.1	389
HQ859176.1	389
HQ859177.1	386
HQ859178.1	387
HQ859179.1	387
HQ859180.1	386
HQ859181.1	390
HQ859182.1	388
HQ859183.1	388
HQ859184.1	388
HQ859185.1	391
HQ859186.1	387
HQ859187.1	387
HQ859188.1	387
HQ859189.1	386
HQ859190.1	386
HQ859191.1	389
HQ859192.1	387
HQ859194.1	377
HQ859195.1	387
HQ859196.1	387
HQ859197.1	387
HQ859198.1	387
HQ859199.1	382
HQ859200.1	387
HQ859201.1	389
HQ859202.1	387
HQ859203.1	387
HQ859204.1	386
HQ859205.1	387
HQ859206.1	386
HQ859207.1	388
HQ859208.1	387
HQ859209.1	387
HQ859210.1	387
HQ859211.1	386
HQ859212.1	387
HQ859213.1	387
HQ859314.1	387
KF160926.1	387
KF160928.1	385
KF160932.1	386
KP737563.1	387
KP737568.1	385
KP737570.1	385
KP737571.1	385
KP737572.1	385
KP737573.1	385
KP737574.1	385
KP737586.1	387
KP737587.1	388
KU832336.1	389
KU832417.1	387
KU832418.1	389
KU832430.1	387
KU832432.1	386
KU832441.1	388
KU832456.1	393
KU832457.1	387
KU832458.1	385
KU832460.1	384
KU832464.1	390
KU832479.1	387
KU832481.1	387
KU832486.1	387
KU832495.1	390
KU832496.1	388
KU832497.1	391
KU832503.1	387
KU832505.1	389
KU832515.1	386
KY110807.1	386
KY110810.1	386
PV173780.1	387
HQ859079.1	387
HQ859156.1	387
HQ859215.1	387
HQ859216.1	387
HQ859217.1	387
HQ859218.1	387
HQ859219.1	387
HQ859220.1	387
HQ859221.1	387
HQ859222.1	387
HQ859223.1	389
HQ859224.1	386
HQ859225.1	387
HQ859226.1	387
HQ859227.1	389
HQ859228.1	379
HQ859229.1	387
HQ859230.1	387
HQ859231.1	386
HQ859232.1	387
HQ859233.1	386
HQ859234.1	387
HQ859235.1	386
HQ859236.1	386
HQ859237.1	386
HQ859238.1	386
HQ859239.1	386
HQ859240.1	387
HQ859241.1	388
HQ859243.1	387
HQ859244.1	367
HQ859245.1	387
HQ859247.1	367
HQ859248.1	387
HQ859250.1	387
HQ859251.1	387
HQ859252.1	387
HQ859253.1	387
HQ859254.1	388
HQ859255.1	387
HQ859257.1	394
HQ859258.1	387
HQ859259.1	388
HQ859261.1	387
HQ859262.1	387
HQ859263.1	387
HQ859264.1	388
HQ859265.1	387
HQ859266.1	391
HQ859267.1	387
HQ859268.1	383
HQ859269.1	383
HQ859270.1	387
HQ859271.1	387
HQ859272.1	387
HQ859273.1	387
HQ859274.1	390
HQ859275.1	387
HQ859276.1	387
HQ859277.1	389
HQ859278.1	389
HQ859279.1	395
HQ859280.1	387
HQ859281.1	388
HQ859282.1	387
HQ859283.1	387
HQ859285.1	386
HQ859287.1	387
HQ859288.1	387
HQ859289.1	387
HQ859290.1	386
HQ859291.1	386
HQ859292.1	390
HQ859293.1	386
HQ859294.1	385
HQ859296.1	387
HQ859297.1	386
HQ859298.1	390
HQ859299.1	387
HQ859300.1	387
HQ859301.1	386
HQ859302.1	387
HQ859303.1	380
HQ859304.1	383
HQ859305.1	387
HQ859306.1	376
HQ859307.1	386
HQ859311.1	387
HQ859312.1	382
HQ859313.1	386
HQ859316.1	387
HQ859317.1	390
HQ859321.1	390
HQ859322.1	387
HQ859323.1	387
HQ859324.1	388
HQ859325.1	387
HQ859326.1	380
HQ859327.1	386
HQ859328.1	386
HQ859329.1	386
HQ859330.1	387
HQ859331.1	386
HQ859332.1	386
HQ859333.1	386
HQ859334.1	386
HQ859335.1	386
HQ859336.1	390
HQ859337.1	390
HQ859338.1	392
HQ859339.1	390
HQ859340.1	387
HQ859341.1	388
KU832510.1	387
KU832518.1	386
KU832519.1	388
KU832525.1	387
KU832534.1	387
KU832537.1	387
KU832542.1	385
KU832547.1	390
KU832557.1	387
KU832561.1	387
KU832562.1	387
KU832563.1	387
KU832567.1	386
KU832572.1	389
KU863009.1	387
KY110811.1	385
KY110814.1	386
MF954075.1	373
MK341340.1	354
MN295367.1	374
PV173794.1	379
JF301414.1	317
JF301415.1	317
JF301418.1	317
JF301428.1	317
JF301434.1	317
JF301438.1	316
JF301447.1	318
JF301454.1	317
JF301461.1	316
JF301462.1	316
JF301463.1	316
JF301470.1	316
JF301471.1	316
JF301474.1	316
JF301480.1	316
JF301481.1	316
JF301482.1	316
JF301483.1	316
JF301497.1	318
JF301502.1	315
JF301517.1	316
JF301518.1	317
JF301521.1	318
JF301522.1	317
JF301525.1	317
JF301529.1	316
JF301537.1	323
JF301542.1	324
JF301543.1	324
JF301546.1	321
JF301551.1	321
JF301552.1	321
JF301553.1	320
JF301556.1	321
JF301557.1	321
JF301562.1	322
JF301579.1	321
JF301581.1	321
JF301582.1	321
JF301585.1	322
MG232740.1	332
MG232741.1	332
MG232761.1	335
MG232782.1	335
MG232806.1	332
MG232813.1	332
MG232794.1	332
MG232807.1	332
AY699637.1	357
PV900057.1	391
MK184591.1	395
MK184592.1	372
MN525463.1	372
MN525471.1	373
MT922656.1	390
MZ191014.1	389
MZ191015.1	390
MN114125.1	284
MN114141.1	377
MN257670.1	374
MN257697.1	374
MN257699.1	284
MN257726.1	284
MN257745.1	374
MN257747.1	284
MN257768.1	284
MN257771.1	374
MN257791.1	284
MN257821.1	374
FR832867.1	355
FR832868.1	355
JF332063.1	358
JF332066.1	359
JF332075.1	357
JF332078.1	357
JF332084.1	358
JF332088.1	357
JF332091.1	357
JF332093.1	349
JF332112.1	359
JF332115.1	358
JF332116.1	359
JF332123.1	358
JF332125.1	363
JX120579.1	370
JX862574.1	376
JX862649.1	363
MN114126.1	369
MN257717.1	374
MN257739.1	394
MN257754.1	374
MN257793.1	394
MN257798.1	375
MN257799.1	394
MN257815.1	394
MN257848.1	394
OR814210.1	378
PV818401.1	377
AF509784.1	313
LC420640.1	843
LC420650.1	843
LC420660.1	843
LC420670.1	843
LC420680.1	843
LC421000.1	775
LC421006.1	843
LC421013.1	725
LC421016.1	843
LC421019.1	844
LC421022.1	844
LC421028.1	844
LC421065.1	844
LC421068.1	844
LC421071.1	844
LC421074.1	784
LC421080.1	844
LC421087.1	844
LC421090.1	749
LC421093.1	844
LC421099.1	844
LC421106.1	844
LC421109.1	676
LC421112.1	617
LC421118.1	844
LC421125.1	615
LC421131.1	846
LC421138.1	652
MN826018.1	357
FR832858.1	372
HG004796.1	372
KX513939.1	345
KX513940.1	345
MT251436.1	374
MT251437.1	374
MT251438.1	374
MT251439.1	374
MT251440.1	374
MT251441.1	374
MT251442.1	374
MT251443.1	374
MT251444.1	374
MT251445.1	374
MT251446.1	374
MT251447.1	374
MT251448.1	375
MT251449.1	375
MT251450.1	375
MT251451.1	375
MT251452.1	375
MT251453.1	375
MT251454.1	375
MT251455.1	375
MT251456.1	375
MT251457.1	375
MT251458.1	375
MT251459.1	375
MT251460.1	375
MT251461.1	375
MT251462.1	375
MT251463.1	375
MT251464.1	375
MT251465.1	375
MT251466.1	375
MT251467.1	375
MT251468.1	375
MT251469.1	375
MT251470.1	375
MT251471.1	375
MT251472.1	375
MT251473.1	375
PZ348213.1	374
PZ348214.1	374
PZ348215.1	374
KP871514.1	345
KX513941.1	345
MT108801.1	345
HQ142578.1	388
HQ142579.1	388
HQ142587.1	388
JF301456.1	316
JF301458.1	317
JF301459.1	316
JF301468.1	316
JF301469.1	316
JF301545.1	322
KC779689.1	372
JF829707.1	732
JF829708.1	731
MK116528.1	877
MK123471.1	877
MK123473.1	877
MK168608.1	868
MK168609.1	868
MK168616.1	877
MK168617.1	877
MK168782.1	877
MK168783.1	877
MK168784.1	877
MK168785.1	877
