2708	4
2709	1
2711	5
3240	3
3258	2
3271	1
3285	1
3300	4
3301	5
3302	3
3304	3
3305	1
3307	1
3311	17
3322	4
3329	1
3333	2
3335	3
3341	4
3348	4
3349	2
3350	2
3355	3
3366	1
3377	3
3381	5
3382	9
3383	2
3388	1
3389	10
3396	12
3397	6
3406	4
3419	1
3429	1
3431	3
3442	3
3447	1
3469	4
3483	10
3485	3
3486	2
3489	1
3492	1
3494	1
3496	3
3498	38
3505	1
3512	1
3516	1
3517	1
3518	1
3523	1
3527	33
3528	14
3538	1
3541	2
3552	1
3559	7
3562	1
3589	1
3617	3
3619	2
3625	2
3627	2
3631	12
3649	4
3654	3
3656	5
3661	4
3662	9
3663	8
3668	2
3670	9
3673	3
3674	8
3677	35
3679	3
3685	1
3702	2
3704	1
3707	11
3710	1
3711	56
3712	2
3713	3
3716	1
3719	7
3721	1
3724	5
3726	3
3728	3
3732	2
3735	6
3741	1
3755	2
3760	20
3765	35
3767	10
3806	13
3809	3
3813	9
3818	3
3824	6
3827	3
3830	1
3834	1
3835	1
3843	2
3845	7
3847	13
3848	1
3855	1
3864	2
3866	1
3871	1
3872	1
3873	1
3874	1
3878	3
3879	12
3880	2
3884	1
3885	7
3886	2
3888	3
3893	93
3897	12
3899	5
3900	2
3902	1
3905	12
3906	1
3908	1
3909	1
3910	2
3914	10
3915	22
3916	20
3917	2
3918	4
3920	2
3930	2
3942	2
3956	29
3981	9
3983	3
3985	6
3986	4
3988	8
3993	2
3996	2
4006	9
4020	2
4026	1
4031	1
4032	2
4039	10
4041	3
4043	1
4045	1
4047	3
4049	5
4054	82
4058	9
4060	6
4066	1
4072	19
4073	1
4075	20
4076	18
4079	27
4081	14
4097	16
4103	1
4111	30
4112	22
4113	10
4114	3
4120	6
4121	18
4123	1
4138	13
4146	11
4151	1
4153	1
4182	7
4189	1
4202	2
4203	1
4212	1
4214	1
4217	55
4220	20
4222	39
4232	1
4233	1
4300	6
4307	10
4337	1
4341	1
4347	1
4355	2
4357	2
4359	2
4373	1
4392	21
4396	1
4397	1
4412	1
4414	25
4426	1
4432	22
4442	6
4451	4
4456	6
4460	11
4465	23
4472	4
4477	1
4483	1
4486	1
4498	13
4499	1
4502	1
4505	11
4509	20
4513	10
4515	2
4516	6
4517	1
4519	1
4522	2
4528	2
4529	2
4530	23
4532	2
4533	2
4534	2
4535	2
4537	2
4538	2
4543	4
4545	5
4547	2
4555	7
4556	1
4565	11
4567	5
4568	1
4570	2
4571	4
4572	3
4573	4
4577	16
4582	1
4586	11
4593	3
4606	2
4608	2
4628	1
4636	1
4641	2
4666	1
4683	17
4686	3
4714	1
4718	5
4744	4
12948	1
13044	1
13055	8
13129	3
13216	2
13258	2
13288	5
13327	8
13329	6
13331	37
13345	22
13359	1
13365	1
13393	1
13413	1
13419	5
13427	3
13429	12
13443	4
13447	3
13449	1
13465	3
13483	1
13485	5
13508	1
13533	1
13547	1
13579	14
13601	17
13612	1
13622	1
13674	6
13696	1
13708	1
13731	6
13754	1
13818	1
13824	14
13894	4
14027	2
15000	9
15368	1
15371	2
15565	7
15957	4
16364	1
16680	1
16752	18
16897	1
16906	52
16915	12
16922	4
16924	3
19953	1
20401	3
20402	1
20403	1
20404	1
20405	1
20407	1
20408	1
20409	1
20410	1
20411	1
20414	1
20415	2
20417	1
20418	2
20420	1
20421	1
20423	1
20424	1
20425	1
20426	1
20484	5
20511	1
20805	1
20997	1
21015	1
21017	1
21018	1
21020	1
22663	6
22694	2
22903	1
23081	1
23090	1
23110	5
23211	1
23225	1
23241	1
23262	1
23265	1
25629	2
28470	1
28475	4
28478	1
28490	1
28494	2
28498	1
28501	1
28504	2
28508	1
28511	9
28517	1
28518	1
28520	1
28525	1
28528	4
28542	1
28545	42
28930	1
28955	1
28974	3
28978	1
28982	4
29588	3
29596	1
29606	5
29651	1
29655	16
29656	2
29659	1
29661	2
29663	1
29664	1
29667	2
29668	1
29674	4
29679	6
29683	2
29689	2
29690	2
29694	1
29695	1
29719	39
29727	1
29746	3
29747	1
29760	2
29763	1
29765	1
29768	1
29771	5
29773	1
29774	1
29780	9
29808	3
29813	5
29818	15
32101	1
32189	4
32201	1
32211	1
32212	1
32214	1
32218	1
32224	11
32239	5
32247	4
33109	1
33113	10
33118	8
33120	12
33124	1
33125	2
33127	1
33128	4
33129	1
33151	1
33152	42
33153	4
34182	5
34190	9
34199	21
34205	6
34220	2
34221	1
34222	2
34224	1
34225	2
34226	1
34227	4
34228	2
34229	1
34230	1
34231	1
34232	1
34233	1
34235	2
34236	2
34238	1
34239	2
34240	1
34241	2
34242	1
34243	5
34244	1
34245	4
34254	9
34256	73
34270	5
34294	6
34296	5
34297	6
34298	1
34299	1
34301	1
34305	2
34317	1
34342	1
34343	2
34344	5
35608	77
35625	21
35628	1
35708	6
35716	2
35875	1
35882	1
35883	22
35884	1
35885	1
35896	1
35924	91
35925	5
35926	2
35933	2
35936	28
35938	1
35945	3
35946	1
35947	1
35948	1
35949	1
35951	1
35952	1
35953	1
35954	1
35955	1
35956	1
35958	1
35960	1
35962	1
35963	1
35964	1
35965	1
35967	1
35974	16
35982	2
36012	4
36013	2
36596	18
36602	2
36604	1
36610	1
36612	1
36622	1
36900	1
36901	1
37334	23
37499	7
37501	1
37565	3
37622	1
37645	8
37646	2
37647	4
37648	6
37649	8
37650	8
37672	1
37682	2
37685	1
37690	5
37721	1
37722	1
37723	6
37794	1
38195	1
38412	1
38596	1
38680	1
38691	2
38785	1
38844	1
38845	1
38849	1
38851	1
38853	2
38855	4
38856	1
38857	1
38858	1
38859	40
38860	41
38864	1
38865	1
38868	5
38869	2
38872	2
38873	2
38874	1
38903	5
38904	1
38905	1
38906	1
38907	1
38908	1
38909	1
38910	1
38911	1
38912	1
38913	1
38915	1
38916	1
38917	1
38918	1
38919	1
38920	1
38921	1
38922	1
38924	1
38925	1
38927	1
38942	1
39271	2
39279	1
39296	1
39347	1
39350	2
39352	5
39353	1
39358	20
39367	1
39379	3
39380	1
39385	2
39387	6
39414	21
39468	1
39474	2
39499	1
39501	4
39505	1
39506	1
39507	1
39508	1
39510	1
39511	1
39512	1
39513	1
39514	1
39516	1
39518	1
39519	1
39520	1
39522	1
39524	1
39526	3
39527	1
39529	31
39530	1
39531	1
39532	1
39534	1
39535	1
39537	1
39539	1
39541	1
39542	1
39545	1
39547	1
39549	1
39551	1
39552	1
39553	1
39554	1
39555	1
39615	1
39790	4
39860	19
39862	1
39877	1
39879	1
39880	1
39891	1
39946	2
39947	2
40015	1
40148	2
40149	2
40321	5
40592	2
40686	1
40698	7
40722	6
40727	2
40729	1
40759	1
40790	1
40791	1
40793	1
40880	1
40888	1
40891	1
40902	2
40909	1
40916	1
40918	1
40919	3
40920	2
40922	1
40924	1
40926	1
40928	1
40935	1
40937	2
40939	1
40941	1
40943	1
40945	1
40947	1
40949	1
40950	1
40952	1
40954	1
40955	1
40957	1
40959	1
40960	1
40962	1
41226	1
41228	3
41241	16
41390	2
41396	6
41398	5
41401	2
41466	5
41472	1
41484	2
41486	49
41492	1
41496	1
41498	2
41500	1
41502	5
41505	2
41506	1
41507	1
41511	1
41516	1
41522	6
41526	1
41531	2
41534	1
41535	2
41536	1
41537	3
41538	1
41539	1
41540	2
41541	1
41545	3
41546	5
41550	2
41554	4
41560	4
41561	1
41563	1
41568	13
41571	2
41582	1
41594	1
41596	7
41602	1
41606	1
41614	1
41624	1
41635	3
41644	4
41648	1
41653	1
41663	1
41689	18
41776	7
41803	1
41896	1
41964	1
41994	1
42043	1
42328	1
42329	1
42337	25
43067	1
43073	1
43166	7
43171	1
43188	5
43190	3
43192	3
43194	3
43195	2
43197	6
43199	1
43200	1
43202	2
43203	4
43204	1
43206	3
43207	3
43208	5
43364	2
43493	3
43503	2
43522	4
43536	23
43575	41
43711	7
43723	5
43872	3
43891	5
44586	101
44588	65
44681	2
44685	23
44929	2
44947	1
44982	7
45005	1
45043	2
45078	1
45079	2
45166	2
45171	41
45176	2
45177	1
45314	1
45325	13
45372	1
45385	3
45695	1
45835	6
45837	5
46087	1
46112	15
46146	1
46147	8
46150	5
46247	1
46346	2
46348	1
46365	1
46367	6
46385	1
46415	1
46417	12
46421	5
46587	1
46611	1
46772	1
46773	2
46774	1
46775	1
46776	1
46789	3
46838	35
46901	5
46963	1
46973	1
46985	1
46993	1
47033	1
47035	1
47037	2
47038	1
47051	1
47052	1
47053	1
47064	18
47065	1
47075	1
47076	1
47077	1
47078	1
47080	1
47082	1
47083	5
47084	3
47085	6
47086	1
47087	1
47088	2
47089	1
47091	1
47093	1
47095	1
47096	1
47098	1
47099	1
47101	1
47103	1
47105	1
47106	2
47141	1
47143	1
47247	5
47519	3
47623	1
47624	1
47630	2
47642	1
47643	1
47645	1
47647	1
47649	1
47651	1
47653	1
47654	1
48024	2
48026	1
48027	2
48032	3
48034	1
48040	1
48042	23
48046	2
48051	1
48053	15
48059	1
48061	2
48063	1
48101	71
48104	14
48105	5
48106	14
48109	10
48117	5
48119	20
48131	4
48210	1
48211	1
48213	1
48234	3
48236	1
48242	1
48248	2
48249	1
48386	12
48401	1
48555	5
48735	40
48749	2
48753	3
48759	3
48761	2
48767	1
48769	1
48779	1
48798	1
48804	1
48807	2
48816	2
48822	3
48872	2
48874	4
49015	2
49017	1
49019	1
49024	3
49028	2
49032	1
49059	1
49068	1
49069	1
49070	1
49071	1
49072	1
49073	1
49074	1
49143	1
49152	1
49167	1
49168	9
49211	4
49215	3
49221	1
49225	1
49367	1
49368	1
49369	4
49370	1
49371	1
49372	1
49373	3
49374	1
49375	1
49376	1
49377	1
49378	1
49379	1
49380	1
49381	1
49383	1
49385	1
49386	1
49387	1
49388	1
49389	1
49390	3
49391	2
49399	1
49400	2
49402	1
49403	1
49456	1
49495	1
49499	1
49500	1
49502	1
49507	1
49509	1
49510	1
49511	7
49539	1
49541	1
49543	1
49545	1
49553	32
49554	2
49556	8
49558	4
49563	5
49575	1
49576	9
49577	2
49648	14
49650	1
49651	1
49652	1
49657	2
49666	6
49681	14
49683	19
49684	1
49732	2
49734	1
49735	1
49768	4
49769	6
49770	4
49772	4
49788	1
49789	1
49790	1
49791	1
49793	1
49795	1
49797	1
49799	1
49801	1
49802	1
49805	1
49806	1
49807	1
49809	2
49810	1
49813	1
49814	1
49815	1
49816	1
49817	6
49819	3
49820	2
49821	1
49822	3
49823	5
49824	1
49825	1
49826	1
49827	20
49828	1
49830	2
49832	1
49834	1
49836	1
49837	1
49838	1
49840	22
49841	1
49843	2
49845	1
49847	1
49848	1
49851	1
49853	1
49854	1
49855	1
49856	1
49857	1
49858	1
49859	1
49860	1
49862	1
49863	1
49866	4
49933	3
49934	4
49935	1
49936	1
49937	1
49938	1
49940	1
49941	1
49942	7
49944	2
49945	2
49946	1
49947	51
49953	1
49955	1
49961	1
49992	2
49993	3
49994	2
49997	2
49998	2
50000	1
50001	2
50002	2
50003	2
50004	2
50005	2
50006	2
50176	1
50179	5
50181	5
50182	2
50184	3
50187	64
50189	1
50191	2
50192	11
50193	6
50194	1
50195	2
50196	4
50197	2
50198	1
50199	3
50200	3
50201	3
50202	2
50203	3
50204	1
50205	3
50206	3
50207	6
50208	2
50209	1
50210	3
50211	2
50212	2
50213	3
50214	2
50217	2
50219	4
50221	2
50222	3
50223	3
50224	1
50225	13
50246	1
50277	1
50282	2
50283	6
50295	5
50305	15
50331	1
50346	1
50458	1
50461	3
50462	3
50463	2
50465	7
50498	3
50506	8
50507	43
50543	6
50746	1
50748	2
50749	8
50751	1
50753	2
50754	6
50756	1
50758	2
50759	1
50760	1
50761	6
50762	1
50763	1
50764	2
50765	52
50766	1
50767	7
50768	11
50769	1
50770	1
50772	2
50773	1
50780	1
50785	25
50800	1
50801	2
50802	17
50804	16
50806	3
50808	2
50810	1
50866	1
50878	24
50993	1
50994	2
50995	1
50997	1
50998	1
51000	1
51002	1
51004	1
51024	1
51121	2
51240	7
51275	1
51276	1
51277	8
51672	1
51953	2
52137	1
52139	9
52147	1
52150	1
52152	50
52153	4
52155	37
52163	3
52290	3
52292	1
52293	1
52294	3
52295	1
52296	1
52297	1
52298	1
52299	4
52300	1
52301	4
52302	1
52303	1
52304	1
52305	1
52306	1
52307	1
52308	1
52309	1
52311	4
52312	1
52319	1
52320	1
52321	2
52322	1
52324	2
52326	1
52334	2
52444	1
52445	14
52447	1
52451	178
52454	1
52456	2
52458	1
52460	1
52462	1
52469	1
52471	1
52477	1
52481	1
52486	2
52490	19
52491	43
52492	1
52494	1
52497	1
52499	1
52508	1
52518	2
52545	2
52568	1
52570	1
52572	1
52712	1
52818	13
52822	17
52823	3
52824	1
52830	1
52832	2
52838	1
52861	8
52862	8
52874	1
53081	1
53094	2
53103	2
53142	1
53143	1
53144	1
53145	1
53146	1
53147	2
53148	1
53149	3
53150	1
53151	1
53152	1
53153	1
53154	1
53155	1
53156	4
53157	1
53205	7
53211	4
53214	1
53215	1
53216	2
53217	2
53218	2
53219	1
53220	1
53221	1
53222	2
53225	2
53226	2
53227	1
53228	2
53229	2
53230	1
53231	1
53232	2
53233	2
53234	1
53235	1
53236	1
53237	2
53238	1
53239	1
53240	1
53241	1
53242	1
53576	2
53578	2
53580	2
53582	1
53583	1
53585	2
53587	3
53588	3
53590	10
53717	1
53719	14
53721	13
53723	1
53725	1
53727	3
53728	1
53729	1
53730	1
53732	1
53734	2
53735	1
53737	1
53738	1
53740	1
53741	1
53742	1
53743	1
53744	1
53748	1
53749	1
53750	1
53751	1
53752	1
53753	1
53818	1
53846	1
53848	2
53852	10
53861	1
53863	1
53871	1
53881	2
53893	1
53923	6
53935	1
54211	16
54221	3
54228	2
54229	4
54236	1
54428	6
54431	3
54451	1
54453	1
54454	1
54456	1
54466	1
54667	3
54699	1
54700	1
54702	1
54703	1
54706	2
54710	1
54711	3
54713	1
54715	1
54720	2
54722	1
54724	59
54726	2
54728	1
54730	1
54778	2
54796	6
54799	3
54800	1
54801	3
54804	49
54806	6
54817	2
54824	1
54825	1
54826	1
54829	1
54830	4
54831	1
54832	1
54833	1
54860	4
54874	1
54882	19
55062	4
55184	4
55188	3
55190	15
55313	1
55315	1
55316	2
55317	1
55318	2
55319	1
55321	1
55322	1
55326	1
55380	2
55385	1
55444	2
55449	1
55484	1
55486	1
55496	2
55513	1
55598	2
55605	3
55611	2
55615	2
55635	16
55670	3
55760	1
55761	1
55762	1
55763	1
55764	1
55765	2
55766	1
55767	1
55768	1
55769	1
55770	1
55771	1
55772	1
55773	1
55774	1
55775	1
55776	1
55777	2
55801	1
56017	1
56026	1
56027	1
56028	1
56029	1
56030	1
56031	1
56032	2
56033	11
56035	2
56036	2
56037	2
56038	1
56039	1
56040	1
56041	1
56042	1
56043	1
56044	1
56060	2
56065	2
56066	1
56147	1
56154	1
56477	1
56513	1
56521	1
56523	1
56539	1
56857	1
56860	11
56890	3
56892	3
56894	3
56896	3
56897	1
56899	3
56900	3
56903	3
56905	3
56993	1
56994	3
57120	1
57122	2
57203	1
57329	2
57577	2
57655	1
57912	2
57916	2
57918	1
57925	1
57926	2
57927	1
57928	2
57929	1
57931	1
57932	1
57933	1
57934	1
57935	4
57939	1
57941	1
57942	6
57943	1
57945	3
57947	1
58026	3
58027	3
58029	1
58031	2
58033	1
58034	2
58035	3
58038	3
58040	1
58043	8
58045	2
58046	14
58047	9
58048	1
58223	1
58330	4
58331	2
58332	1
58333	1
58334	1
58335	1
58378	3
58484	1
58508	1
58530	4
58644	1
58645	1
58646	1
58647	2
58648	1
58649	1
58650	1
58651	1
58652	1
58654	1
58655	1
58656	1
58657	1
58658	2
58660	1
58662	1
58707	1
58847	1
58850	1
58860	1
58874	1
58883	1
58925	1
58926	1
58928	1
58930	9
58932	1
58944	29
58954	1
58955	1
58960	1
59001	1
59011	9
59016	1
59019	1
59045	27
59054	1
59166	1
59170	5
59292	1
59314	2
59316	1
59318	1
59320	1
59322	1
59324	1
59326	1
59328	1
59330	1
59332	1
59333	1
59334	2
59335	1
59336	1
59337	1
59338	1
59339	1
59340	1
59341	1
59342	1
59343	1
59344	1
59345	1
59346	1
59347	1
59348	1
59349	1
59350	1
59351	1
59353	1
59355	1
59498	3
59626	2
59677	2
59680	15
59825	1
59900	13
59972	1
59974	1
59976	1
59985	1
59993	1
59994	1
60011	2
60119	1
60188	1
60230	2
60373	3
60698	1
60857	2
60915	1
60916	1
60917	1
61011	3
61074	1
61075	1
61076	1
61077	3
61101	1
61108	2
61111	1
61113	1
61119	1
61121	1
61167	1
61222	1
61297	4
61436	1
61437	1
61438	1
61439	2
61440	1
61441	2
61442	1
61443	1
61450	2
61509	1
61589	1
61591	1
61884	4
61885	3
61886	2
61887	2
61888	6
61889	4
61892	5
61949	1
62092	10
62097	37
62330	1
62334	1
62335	3
62974	1
62991	1
62992	1
62995	1
62996	1
62997	1
62998	1
62999	1
63000	2
63001	1
63002	1
63003	2
63004	1
63005	1
63006	1
63007	1
63008	1
63009	1
63010	1
63012	1
63013	1
63017	1
63019	1
63021	1
63022	1
63023	1
63024	1
63025	1
63027	1
63028	3
63029	1
63033	1
63036	1
63037	1
63038	1
63039	1
63040	1
63042	1
63043	1
63045	1
63047	1
63066	9
63345	1
63349	1
63351	10
63353	1
63359	6
63442	1
63476	2
63479	19
63523	1
63524	1
63528	1
63530	1
63532	1
63534	1
63535	1
63536	1
63537	1
63538	1
63540	1
63541	1
63543	1
63544	1
63546	1
63548	1
63550	1
63551	1
63553	1
63554	1
63555	1
63557	1
63629	2
63633	3
63634	1
63635	1
63636	1
63637	1
63638	1
63639	2
63640	1
63641	2
63642	1
63643	1
63644	1
63645	1
63646	1
63647	1
63779	16
64022	1
64023	1
64028	1
64029	46
64032	27
64034	18
64035	5
64042	15
64109	1
64111	2
64113	1
64118	1
64134	1
64136	1
64138	1
64173	2
64232	5
64234	1
64434	1
64478	2
64480	1
64700	3
64989	6
64990	1
64991	3
64992	1
64993	3
64994	4
64995	4
64996	1
64997	4
64998	1
64999	2
65000	4
65001	2
65002	1
65003	3
65004	2
65006	2
65041	2
65043	3
65351	1
65409	294
65489	2
65491	2
65557	2
65559	1
65561	5
65948	1
65951	2
65952	1
66014	4
66096	11
66201	2
66214	2
66380	4
66386	12
66393	1
66627	2
66636	2
66652	1
66672	3
66675	3
66807	2
66808	2
66809	3
66810	3
66811	2
66812	2
66814	3
66815	3
66816	3
66817	3
66818	2
66819	4
67779	1
67938	56
68299	6
68527	5
68554	47
69056	2
69063	1
69381	10
69385	3
69389	112
69404	6
69405	14
69449	1
69456	4
69721	4
69846	1
69847	1
69848	1
69849	3
69850	3
69851	1
69852	1
69853	1
69854	1
69855	1
69856	2
69857	3
69858	2
69859	1
69860	1
69861	1
69862	1
69863	1
69864	1
69865	1
69866	3
69867	1
69868	2
69869	2
69870	4
69872	2
69873	2
69874	2
69875	2
69876	2
69877	2
69878	2
69879	1
69880	2
69881	2
69882	1
69883	1
69884	1
69885	5
69886	1
69902	2
70005	1
70071	2
70073	1
70124	1
70270	1
70292	1
70407	1
70606	1
70607	1
70741	1
70766	4
70933	3
70934	1
70936	2
70937	2
70938	1
70939	2
70940	2
70941	3
70942	1
70943	2
70944	2
70945	3
70946	1
70947	2
70948	2
70949	1
70950	2
70951	1
70952	2
70953	2
70954	1
70955	1
70956	2
70957	2
70958	2
70959	2
70960	2
70961	2
70962	2
70963	2
70964	2
70965	2
70966	2
70967	2
70968	2
70969	1
70970	2
70971	2
70972	2
70973	2
70975	2
70976	2
70977	1
70978	1
70979	2
70980	2
71137	1
71141	3
71251	10
71322	1
71324	1
71325	1
71326	1
71327	1
71328	1
71329	1
71330	1
71331	1
71332	1
71333	2
71334	1
71335	1
71336	1
71337	1
71338	1
71339	1
71340	1
71341	1
71342	1
71343	1
71344	1
71345	1
71346	1
71348	1
71350	1
71352	1
71354	2
71356	1
71358	1
71360	1
71362	1
71364	1
71365	1
71390	1
71391	1
71392	1
71393	1
71595	2
71597	1
71608	4
71610	8
71626	6
71654	1
72152	2
72153	1
72180	1
72192	2
72328	1
72329	2
72331	1
72332	10
72333	2
72334	2
72335	1
72336	1
72337	3
72338	2
72339	3
72340	1
72341	12
72342	2
72343	1
72344	1
72345	1
72346	1
72347	1
72348	1
72349	2
72350	1
72351	39
72352	2
72353	2
72354	6
72355	3
72356	1
72357	5
72386	12
72402	11
72468	6
72642	1
72645	1
72751	1
72752	1
72917	1
73154	1
73200	1
73732	3
73737	1
73829	1
73975	1
73977	1
73978	1
73979	1
73980	1
73981	1
73982	1
73983	1
73984	1
73985	1
73986	1
73987	1
73988	1
73990	1
73992	1
73993	1
74504	1
74508	1
74510	2
74514	1
74517	1
74522	1
74523	1
74525	1
74526	1
74529	1
74572	2
74579	1
74613	26
74614	19
74628	7
74631	3
74632	15
74635	9
74637	1
74638	1
74639	1
74640	1
74645	15
74646	4
74647	9
74648	8
74649	12
74650	5
74651	3
74652	19
74656	3
74693	3
74695	1
74716	1
74781	1
74787	1
74823	5
74828	1
74859	17
75067	4
75084	1
75092	1
75099	2
75133	1
75134	1
75135	1
75136	2
75578	1
75626	1
75627	1
75628	1
75629	1
75630	2
75631	1
75632	1
75633	1
75634	1
75635	2
75636	1
75637	1
75639	1
75640	8
75642	2
75643	1
75644	1
75645	1
75646	1
75647	1
75648	1
75649	1
75650	1
75651	1
75652	11
75653	1
75699	3
75715	6
75950	1
75952	1
76001	1
76025	62
76035	20
76037	1
76079	1
76080	1
76081	5
76082	5
76083	1
76084	3
76085	3
76086	1
76087	3
76088	1
76089	3
76090	1
76091	11
76092	1
76093	2
76094	1
76095	1
76096	1
76097	1
76098	20
76099	1
76100	1
76101	1
76102	1
76103	1
76104	1
76105	1
76106	1
76119	4
76132	2
76277	1
76353	1
76387	2
76388	2
76389	2
76395	4
76397	6
76398	2
76403	2
76404	2
76959	2
76967	8
77069	1
77108	1
77322	1
77327	1
77331	1
77332	1
77563	2
77880	3
77895	2
77896	6
77904	1
78168	2
78372	2
78380	3
78479	3
78528	1
78529	1
78530	1
78531	1
78533	1
78534	7
78607	1
78632	1
78707	22
78740	1
78827	1
79000	1
79002	11
79156	1
79158	1
79160	1
79162	1
79163	1
79165	1
79166	1
79169	1
79171	1
79173	2
79175	1
79176	1
79177	1
79183	1
79184	3
79185	1
79186	1
79187	1
79188	4
79189	1
79191	2
79195	1
79200	1
79390	1
79410	1
79411	1
79412	1
79413	1
79414	1
79415	1
79416	1
79417	1
79418	1
79419	2
79420	1
79421	1
79422	1
79423	1
79424	1
79425	1
79426	1
79427	1
79428	1
79429	1
79431	1
79432	1
79433	1
79434	1
79435	1
79436	1
79437	1
79438	1
79439	1
79440	1
79441	1
79442	1
79443	1
79444	1
79445	1
79541	1
79759	1
79762	3
79765	1
79766	1
79768	15
79772	17
79829	1
79857	1
80369	2
80379	1
81729	2
81733	1
81800	3
81991	2
82082	1
82083	1
82093	5
82094	15
82096	22
82207	15
82213	7
82271	3
82272	2
82273	1
82274	1
82275	1
82276	1
82277	1
82278	2
82279	7
82280	1
82281	2
82282	3
82284	1
82285	1
82286	1
82288	1
82289	1
82312	3
82313	3
82316	3
82327	9
82337	4
82338	5
82339	5
82340	2
82353	3
82354	3
82355	1
82356	1
82357	3
82358	3
82359	2
82502	3
82528	29
82574	1
82575	1
82577	1
82578	1
82701	1
82704	10
82706	2
82708	1
82711	1
82714	1
82718	2
82726	2
82728	3
82734	1
82735	2
82736	3
82751	1
82752	1
82753	1
82754	1
82755	1
82756	1
82757	1
82758	2
83154	12
83318	1
83375	3
83407	1
83408	1
83608	1
83609	1
83858	2
83906	6
83937	11
83951	6
84000	1
84004	1
84007	1
84008	1
84009	4
84012	1
84014	2
84018	2
84021	2
84098	1
84168	1
84169	1
84170	1
84171	1
84172	1
84173	1
84174	1
84175	1
84176	1
84177	1
84178	1
84179	1
84180	1
84181	1
84182	1
84183	1
84184	1
84185	1
84186	1
84187	1
84188	1
84189	1
84190	1
84191	1
84192	1
84193	1
84194	1
84195	1
84196	1
84197	1
84198	1
84199	1
84200	1
84201	1
84202	1
84203	1
84204	1
84639	1
84793	1
84868	2
84872	1
84876	1
84884	4
84892	1
84893	1
84894	1
84895	1
84902	1
84905	1
84913	2
84918	1
84923	1
84931	2
84938	1
84942	1
85040	1
85058	1
85107	1
85153	1
85157	1
85178	2
85181	17
85214	1
85237	1
85247	2
85277	1
85280	1
85282	8
85359	7
85361	5
85362	7
85363	14
85365	5
85438	4
85439	2
85571	37
85692	6
85712	7
85719	1
85835	7
85854	1
85856	3
85864	7
85957	4
85961	1
86306	1
86307	1
86308	1
86309	2
86310	2
86311	2
86312	5
86313	3
86314	1
86315	1
86316	2
86317	5
86318	2
86319	1
86642	1
86725	4
86757	5
86758	1
86864	15
87065	1
87066	1
87067	1
87068	1
87069	2
87070	1
87071	1
87072	1
87073	1
87074	1
87075	5
87076	1
87077	5
87078	3
87079	5
87080	1
87081	7
87083	1
87084	9
87085	13
87086	6
87087	1
87088	9
87462	4
87463	2
87464	4
87465	4
87466	5
87467	4
87469	2
87470	6
87471	9
87472	4
87473	4
87474	4
87475	6
87477	7
87478	4
88032	4
88033	1
88034	1
88730	11
88731	3
88840	1
89039	3
89068	1
89069	1
89070	1
89071	1
89072	1
89074	1
89075	1
89076	1
89077	1
89078	1
89079	1
89082	1
89083	1
89084	1
89085	1
89087	1
89088	1
89089	1
89090	1
89091	1
89196	2
89197	2
89199	2
89200	1
89201	1
89203	1
89205	2
89206	1
89207	1
89478	1
89479	3
89482	3
89483	1
89527	1
89530	1
89531	1
89532	1
89533	20
89534	1
89535	2
89536	1
89538	1
89539	1
89540	2
89541	1
89542	1
89544	3
89630	1
89634	1
89636	1
89646	161
89647	1
89662	1
89665	1
89684	3
90037	7
90162	1
90167	14
90209	1
90449	1
90451	1
90570	1
90605	1
90614	1
90639	1
90897	1
90898	1
90899	1
91065	1
91066	1
91067	1
91068	1
91069	1
91070	1
91072	1
91092	1
91113	1
91146	13
91198	26
91201	8
91225	4
91242	2
91246	1
91248	3
91287	1
91532	1
91533	1
91534	1
91535	1
91537	1
91538	1
91539	1
91540	1
91541	1
91542	1
91543	1
91544	1
91546	1
91547	1
91548	1
91549	1
91550	1
91551	1
91552	1
91553	1
91555	1
91556	1
91557	2
91558	1
92052	1
92055	1
92718	1
92719	1
92720	1
92907	2
92910	1
92911	1
92913	1
92917	1
92919	1
92921	1
92923	1
92927	13
93014	1
93015	1
93016	1
93017	1
93018	1
93020	1
93022	1
93025	1
93026	1
93027	1
93028	1
93029	1
93031	1
93036	2
93147	1
93608	13
93611	11
93813	1
93824	1
93977	2
94007	25
94219	15
94283	6
94284	8
94286	58
94327	15
94328	21
94380	1
94429	1
94431	1
95392	2
95638	1
96050	1
96455	8
96480	2
97006	2
97007	1
97008	1
97009	2
97010	1
97011	1
97012	1
97013	1
97014	1
97015	1
97016	1
97017	1
97018	1
97019	1
97020	1
97021	1
97022	1
97023	2
97024	1
97025	2
97026	1
97027	1
97028	2
97029	1
97031	1
97032	1
97033	1
97034	1
97035	1
97036	1
97037	1
97038	1
97039	1
97040	2
97041	1
97042	1
97043	1
97044	1
97045	1
97046	1
97047	1
97048	1
97049	1
97168	2
97170	1
97171	1
97305	1
97319	3
97361	2
97415	1
97420	1
97441	9
97723	13
97736	1
97746	7
97749	3
97750	9
97751	1
97754	2
97782	1
97783	1
97858	1
97859	1
97860	5
97861	1
97862	1
97863	2
97864	1
97865	1
97866	1
97867	1
97868	1
97870	1
97871	2
97872	1
97873	3
97874	2
97875	1
97986	1
98111	5
98112	4
98113	5
98114	2
98238	1
98239	1
98240	1
98241	1
98242	1
98243	1
98244	1
98245	1
98246	1
98319	1
98320	1
98321	1
98373	3
98504	5
98680	1
98682	1
98684	1
98686	1
98688	1
98689	1
98690	1
98691	1
98692	1
98693	1
98695	1
98696	1
98698	1
98700	2
98703	1
98704	1
98705	1
98707	1
98709	2
98710	1
98712	1
98714	1
98716	1
98718	1
98719	1
98720	1
98721	1
98722	2
98723	1
98724	1
98725	1
98745	1
99022	1
99024	2
99026	1
99028	3
99030	2
99037	2
99038	1
99040	1
99046	3
99048	2
99050	1
99056	4
99062	1
99064	1
99066	2
99070	2
99072	1
99076	1
99078	3
99080	1
99082	2
99084	4
99086	1
99091	1
99095	2
99097	1
99098	2
99104	2
99106	2
99108	3
99285	5
99300	31
99363	1
99441	5
99448	1
99449	1
99450	1
99452	1
99453	1
99454	1
99455	1
99456	4
99459	2
99461	1
99497	1
99498	1
99501	1
99502	1
99503	1
99505	1
99506	1
99507	1
99508	2
99509	1
99510	1
99512	1
99516	1
99518	1
99519	1
99521	1
99523	1
99524	1
99525	2
99526	2
99527	1
99529	1
99531	2
99536	1
99537	1
99658	37
99806	5
99809	3
99814	2
99815	10
100276	1
100285	1
100293	1
100364	1
100494	5
100496	3
100506	72
100514	80
100515	1
100521	18
100525	1
100526	2
100528	3
100531	1
100534	1
100541	1
100555	2
100557	1
100569	3
100580	1
100614	1
100615	1
100714	2
100771	1
100789	1
100791	5
100792	2
100794	1
100795	2
100796	2
100797	3
100799	3
100800	1
100801	1
100802	3
100803	3
100804	1
100806	2
100808	2
100810	1
100812	3
100814	1
101015	1
101651	1
101743	3
101772	3
101774	2
101775	1
101777	1
101992	6
102107	4
102211	3
102689	1
102691	2
102697	1
102714	1
102715	1
102716	1
102717	1
102718	1
102719	1
102720	1
102721	1
102722	1
102723	1
102724	1
102725	1
102726	1
102727	1
102728	1
102729	1
102730	1
102731	1
102732	1
102733	1
102734	1
102735	1
102736	1
102737	1
102738	1
102739	1
102748	1
102750	2
102751	1
102752	1
102754	1
102755	1
102757	1
102758	1
102759	1
102761	1
102763	1
102764	1
102765	1
102766	1
102767	1
102768	1
102769	1
102770	2
102771	2
102772	2
102773	1
102774	1
102775	1
102776	1
102777	1
102778	1
102779	1
102781	1
102783	1
102784	1
102785	1
102787	1
102789	1
102791	1
102792	1
103032	2
103480	1
103481	3
103482	2
103484	1
103527	1
103684	2
103688	1
103742	1
103744	1
103745	7
103802	4
103991	2
103993	1
103995	2
103997	3
103998	1
103999	2
104256	1
104518	2
104519	2
104520	2
104521	2
104522	2
104523	9
104525	1
104526	4
104527	2
104528	4
104583	1
105046	1
105181	1
105189	1
105271	1
105274	1
105303	1
105309	1
105370	1
105371	3
105372	1
105373	1
105374	1
105375	1
105376	1
105377	1
105378	1
105379	2
105380	1
105381	1
105382	1
105383	2
105384	1
105388	3
105594	1
105665	5
105667	3
105668	3
105669	1
105670	1
105671	4
105672	2
105673	4
105674	1
105675	3
105676	1
105677	2
105678	2
105679	5
105680	1
105681	2
105704	1
105757	5
105808	1
105884	51
105886	18
105906	1
105907	3
105909	4
105941	4
106061	1
106130	1
106132	8
106335	5
106546	6
106677	1
106693	1
106780	1
106781	1
106782	1
106783	1
106786	1
106811	6
106950	1
107199	1
107243	3
107254	1
107308	3
107604	6
107682	1
108210	1
108217	1
108336	2
108338	2
108340	2
108341	1
108342	2
108344	2
108346	2
108348	2
108350	2
108352	2
108354	2
108356	2
108357	2
108358	2
108359	2
108360	2
108361	2
108362	9
108363	2
108364	2
108365	2
108366	2
108367	2
108368	2
108369	2
108370	2
108371	2
108372	2
108373	2
108374	1
108375	2
108376	2
108377	7
108378	2
108379	2
108380	3
108381	2
108382	2
108383	2
108384	2
108398	2
108399	2
108400	2
108438	1
108440	2
108442	2
108444	2
108445	2
108446	2
108447	2
108449	2
108451	2
108453	5
108455	2
108457	2
108535	2
108536	1
108537	2
108539	2
108540	2
108542	1
108544	57
108546	39
108594	11
108868	3
108883	1
109061	1
109079	2
109080	1
109081	1
109082	1
109084	1
109085	1
109087	1
109089	1
109091	1
109092	1
109093	1
109094	1
109095	1
109096	1
109097	1
109098	1
109099	1
109100	1
109101	1
109102	1
109103	1
109104	1
109105	1
109106	1
109107	1
109108	1
109109	2
109111	1
109113	1
109114	1
109117	1
109119	1
109121	2
109124	1
109125	2
109127	1
109132	1
109134	1
109135	2
109137	1
109141	2
109143	1
109144	1
109145	1
109147	11
109149	1
109150	1
109151	1
109171	7
109224	15
109355	1
109556	1
109558	1
109559	1
109561	1
109563	1
109565	1
109567	1
109568	6
109569	3
109570	1
109571	1
109572	1
109573	1
109574	1
109575	1
109576	1
109577	1
109578	1
109579	3
109580	1
109582	1
109584	1
109585	1
109590	2
109594	2
109598	2
109601	2
109604	2
109792	3
109975	3
110151	1
110152	1
110153	1
110154	4
110155	1
110156	1
110157	1
110318	1
110699	1
110709	2
110748	1
110751	1
110753	2
110762	1
110763	1
110867	1
110871	1
111144	1
111145	1
111146	1
111147	1
111148	1
111149	1
111150	1
111151	1
111152	1
111153	1
111154	1
111155	1
111156	1
111157	1
111158	1
111159	1
111160	1
111161	1
111162	1
111597	1
112353	1
112363	1
112509	3
112516	3
112519	1
112521	1
112522	3
112523	6
112603	1
112604	1
112612	3
112615	5
112786	2
112787	1
112788	2
112789	1
112790	4
112791	1
112792	1
112793	4
112808	1
112837	1
112863	18
112867	1
112879	2
112883	29
113202	1
113205	2
113208	3
113414	2
113415	2
113416	2
113417	1
113418	2
113517	5
113638	3
114260	4
114285	6
114287	6
114318	1
114320	1
114473	1
114476	22
114511	1
114617	25
114844	2
114980	1
115441	2
115622	1
115726	1
115727	1
115728	1
115730	1
115731	1
115732	1
115733	1
115734	1
115735	1
115736	1
115737	1
115738	1
115739	1
115740	1
115872	2
115873	1
115875	2
115876	1
115877	2
115879	3
115880	1
115881	1
115882	1
115883	1
115884	1
115885	1
115886	1
115887	1
115888	1
115889	2
115890	1
115891	2
115892	1
115893	1
115894	1
115895	1
115896	1
115897	1
115898	1
115899	2
115900	1
115901	1
115902	1
115903	1
115904	2
115905	2
115906	1
115907	1
115908	1
116719	1
116726	2
117406	1
117798	3
117952	5
117953	8
117954	9
117955	1
117978	17
118357	1
118363	2
118431	2
118510	3
118676	7
118749	2
118750	2
118751	4
118752	2
118753	2
118754	2
118755	2
118756	2
118757	2
118758	2
118759	2
118760	2
118761	4
118762	2
118763	8
118764	2
118765	2
118766	4
118767	2
118768	2
118769	2
118770	4
118771	10
118772	2
118773	2
118774	2
118775	2
118776	2
118778	8
118781	4
118890	2
118891	2
118906	1
119168	1
119169	1
119170	1
119172	5
119173	1
119175	1
119176	15
119177	1
119180	1
119182	1
119184	1
119185	1
119186	1
119187	1
119188	1
119189	1
119190	1
119191	1
119236	4
119260	17
119261	6
119380	1
119381	1
119382	1
119383	1
119384	1
119386	1
119388	1
119389	1
119390	1
119391	1
119392	1
119393	1
119730	1
119770	1
119776	1
119783	1
119805	1
119808	1
119828	4
119829	39
119830	3
119954	3
119992	1
120015	1
120133	3
120134	2
120273	5
120290	1
120385	1
120406	1
120581	3
120586	3
120587	3
120591	3
120592	3
120593	3
120595	3
120596	3
120598	3
120602	3
120620	6
120622	3
120624	1
120631	4
120634	3
120635	3
120636	3
120637	3
120638	3
120640	3
120728	2
120732	1
120960	3
121073	4
121170	2
121171	2
121172	2
121173	2
121177	3
121486	2
121625	1
121720	6
121883	1
121884	1
121886	1
121888	1
121890	1
121891	1
121892	2
121893	2
121894	1
121895	2
121896	1
121897	2
121898	1
121899	2
121900	2
121901	3
121902	2
121904	1
121905	1
121907	1
121908	1
121910	1
122009	1
122010	3
122011	3
122012	3
122122	6
122310	1
122662	1
122663	1
122664	1
122665	1
122666	1
122667	1
122668	1
122669	1
122670	1
122671	1
122672	1
122673	1
122675	1
122808	6
122810	4
122812	5
122813	2
122814	5
122815	1
122816	1
123132	1
123485	10
123498	3
123564	71
123800	2
123801	2
123802	1
123803	1
123804	1
123805	2
123806	4
123807	1
123808	2
123809	2
123810	2
123811	3
123903	1
123904	1
123905	1
123906	1
123907	1
123908	2
123909	1
123910	1
123911	2
123913	1
124693	12
124760	1
124763	1
124768	9
124778	12
124780	1
124781	1
124782	3
124789	1
124790	1
124929	1
124932	1
124943	11
124999	1
125004	4
125195	1
125241	1
125259	20
125261	13
125264	1
125587	1
125588	2
125589	2
125590	3
125973	2
126270	3
126273	1
126276	1
126278	4
126279	1
126367	1
126369	6
126418	16
126435	9
126596	8
126618	8
126635	2
126639	1
126820	19
126903	2
126910	3
126911	1
126914	1
126981	1
126985	1
127428	1
127430	1
127432	1
127554	8
127626	1
127977	2
127978	5
127979	4
127980	2
127982	11
127983	2
127985	2
127986	23
127988	3
127990	2
127992	4
127993	3
127994	3
127995	3
127996	3
127997	3
127998	2
127999	6
128000	3
128001	2
128002	5
128004	2
128017	19
128608	2
128609	1
128685	3
128714	1
128735	108
128738	10
128739	1
128810	2
129070	2
129080	6
129081	6
129082	4
129083	2
129084	2
129085	4
129086	4
129087	2
129089	10
129090	4
129091	8
129092	2
129093	2
129094	2
129095	2
129096	6
129097	10
129098	2
129099	6
129100	2
129101	4
129102	2
129104	2
129117	2
129200	1
129201	2
129202	1
129203	1
129204	1
129206	1
129207	1
129208	1
129209	1
129565	2
129566	2
129567	2
129741	1
129742	1
129743	1
129744	1
129749	2
129750	1
129751	1
129752	1
129755	2
129758	1
130243	1
130248	1
130278	2
130290	1
130385	1
130453	1
130454	1
130512	3
131243	2
132428	1
132433	1
132443	3
133196	2
133203	4
133205	1
133233	2
133234	1
133235	1
133237	1
133241	1
133243	4
133245	1
133247	1
133248	2
133249	1
133251	1
133253	3
133254	1
133255	1
133257	1
133258	1
133260	1
133261	1
133262	1
133263	1
133264	2
133266	1
133267	1
133401	1
133430	1
133431	1
133504	1
133545	1
133931	1
133948	1
134033	5
134525	2
134587	1
134771	2
134791	2
135798	2
136122	2
136126	4
136205	1
136207	2
136208	1
136209	10
136213	1
136216	9
136217	31
136218	7
136219	1
136221	11
136224	8
136225	8
136296	1
136330	1
136339	2
136443	1
136444	1
136445	1
136649	1
136650	1
136651	1
136652	1
136653	1
136654	1
136655	1
136656	1
136657	1
136658	1
136659	1
136660	1
136661	1
136662	1
136663	1
136664	1
136665	1
136666	1
136667	1
136669	1
136670	1
136671	1
136672	1
136673	1
136674	1
136675	1
136676	1
136678	1
136680	1
136681	1
136685	1
136686	1
136687	1
136688	1
136781	1
136799	1
136802	1
136803	1
136804	1
136805	1
136806	1
136809	1
136998	3
137094	1
137095	3
137096	1
137097	1
137098	1
137099	1
137100	1
137101	1
137102	1
137103	1
137104	1
137105	1
137106	1
137107	2
137108	1
137109	1
137110	1
137111	1
137112	1
137113	1
137114	1
137115	1
137116	1
137117	1
137118	1
137119	1
137121	1
137122	1
137123	1
137124	1
137125	1
137126	1
137127	1
137128	2
137129	7
137130	9
137131	8
137132	1
137133	2
137220	29
137221	22
137226	33
137229	12
137430	1
137431	1
137433	1
137434	2
137435	1
137436	1
137438	2
137439	1
137441	1
137442	1
137445	2
137450	2
137451	1
137452	1
137454	1
137455	1
137456	1
137457	18
137458	1
137685	1
137693	7
137698	2
137761	10
137887	31
137888	14
137889	6
137890	9
137895	1
138017	11
138030	1
138033	3
138179	1
138181	2
138183	2
138408	83
138409	38
138955	2
139405	1
139772	3
140035	1
140786	1
140788	5
140795	1
140808	3
140812	1
140850	1
140861	1
140873	1
140907	1
140934	1
140935	1
140941	2
140997	6
141005	10
141007	1
141186	1
141189	5
141191	6
141298	1
141307	1
141317	1
141487	4
141545	6
141603	2
141728	1
141752	8
141996	1
142181	2
142404	1
142611	4
142612	11
142613	4
142614	7
142615	32
142716	1
142738	26
142860	4
143169	1
143171	1
143172	1
143173	1
143174	1
143176	1
143178	1
143179	1
143180	1
143181	1
143182	1
143183	1
143184	1
143185	1
143188	1
143189	1
143190	1
143191	1
143192	1
143193	1
143195	1
143196	1
143198	1
143199	1
143202	1
143207	1
143208	1
143209	2
143210	4
143212	1
143213	1
143215	1
143216	1
143217	1
143282	1
143284	1
143318	1
143356	1
143362	1
143363	1
143364	1
143365	1
143366	1
143367	1
143368	1
143369	1
143370	1
143371	1
143372	1
143373	1
143374	1
143375	1
143376	1
143377	1
143378	1
143379	1
143380	1
143381	1
143382	1
143383	1
143384	1
143385	1
143386	1
143780	3
144192	1
145283	2
145471	15
145486	1
145487	1
145488	1
145489	1
145490	1
145491	1
145492	2
145493	1
145494	1
145495	1
145496	1
145497	1
145498	1
145499	1
145500	1
145501	1
145502	1
145503	1
145504	1
145505	1
145506	1
145507	1
145508	1
145509	1
145510	1
145511	1
145512	1
145513	1
145514	1
145515	1
145516	1
145517	1
145518	1
145706	1
145754	1
145795	1
145796	1
145798	1
145799	1
145800	1
145802	1
145803	1
145804	1
145805	1
145807	1
145808	1
145809	1
145810	1
145812	1
145813	1
145817	2
145819	1
145820	1
145822	1
145823	1
145824	2
145825	2
145826	3
145828	1
145830	2
145831	1
145832	1
145833	1
146505	27
146540	15
146541	19
146542	2
146595	1
146596	1
146597	1
146993	4
146994	1
146995	40
146996	10
146997	3
146998	3
147000	4
147001	2
147002	6
147003	4
147244	2
147272	1
147273	3
147280	4
147457	1
147460	3
147917	1
147918	1
147923	1
147930	1
148491	1
148620	1
148621	1
148623	2
148624	1
148625	10
148626	1
148627	2
148628	2
148629	1
149021	3
149051	7
149052	1
149053	1
149054	1
149055	1
149056	1
149057	1
149059	2
149060	1
149061	1
149062	1
149063	1
149329	2
149639	1
149687	1
150393	1
150405	6
150406	3
150407	3
150409	3
150727	1
151069	4
151232	1
151258	1
151430	13
151439	3
151440	17
151997	1
152000	2
152002	2
152003	2
152088	20
152089	11
152091	21
152092	19
152093	4
152095	42
152096	37
152097	1
152208	1
152286	11
152349	1
152357	1
152358	13
152359	4
152363	19
152364	2
152366	2
152367	2
152369	2
152370	3
152371	2
152374	2
152658	1
152659	1
152660	1
152661	1
152663	1
152664	1
152665	1
152666	1
152667	1
152668	1
152669	1
152670	1
152671	1
152672	1
152673	2
152674	1
152675	1
152676	1
152677	1
152679	1
152766	1
152838	2
152892	4
153317	2
153318	2
153319	1
153321	2
153323	1
153324	1
153325	1
153326	1
153327	1
153328	1
153329	1
153330	1
153331	1
153332	1
153333	1
153334	1
153335	1
153336	1
153337	1
153338	1
153339	1
153340	1
153341	1
153342	1
153343	1
153344	1
153345	1
153346	1
153347	1
153348	7
153349	1
153350	1
153351	1
153352	1
153353	1
153354	1
153355	1
153356	1
153357	1
153358	2
153359	1
153360	1
153361	1
153362	1
153363	1
153364	1
153365	1
153366	1
153367	1
153368	1
153369	1
153370	1
153371	1
153372	1
153449	1
153450	1
153452	1
153453	1
153454	1
153455	1
153456	1
153459	6
153460	1
153462	1
153463	1
153464	1
153465	1
153490	3
153559	20
153563	19
153569	1
153602	1
153729	33
153950	17
153951	1
153952	3
153953	1
153954	1
153955	1
153956	2
153957	1
153958	1
153959	1
153960	1
153961	13
153962	6
154099	1
154289	8
154290	9
154291	11
154293	6
154294	5
154439	1
154493	1
154494	1
154495	12
154496	1
154497	1
154498	1
154499	1
154501	1
154502	1
154503	1
154504	3
154506	1
154507	1
154530	2
154764	1
154765	4
154986	2
154987	1
154988	1
154989	1
154990	3
154991	1
154992	1
154993	1
154994	2
154995	2
154996	1
154997	1
154998	1
155013	2
155021	4
155022	7
155123	1
155124	1
155132	19
155271	1
155272	1
155274	1
155275	1
155276	1
155278	1
155286	3
155287	2
155290	2
155291	3
155292	3
155293	3
155294	3
155296	2
155297	7
155299	8
155302	2
155303	4
155638	1
155640	23
155884	5
156270	1
156271	1
156520	1
156521	4
156522	3
157092	1
157133	2
157409	15
157443	34
157514	30
157595	1
157652	2
157680	3
157739	3
157741	2
157743	2
157744	2
157745	2
157746	2
157747	4
157748	4
157749	3
157750	2
157751	2
157752	2
157753	2
157791	11
157811	2
157812	3
157914	3
158149	2
158213	1
158215	1
158216	1
158217	1
158219	1
158220	1
158221	1
158222	1
158223	1
158224	1
158225	1
158226	1
158227	1
158228	2
158229	1
158230	1
158231	1
158232	3
158233	1
158234	1
158237	1
158323	1
158532	1
158538	1
158541	13
158543	1
158546	2
158550	1
158552	8
158555	13
158558	12
158559	1
158573	6
159030	1
159033	5
159053	1
159071	6
159386	1
159418	1
159419	1
159420	1
159421	2
159422	87
159423	22
159424	95
159425	1
159426	1
159427	1
159428	1
159429	1
159430	1
159431	1
159432	1
159433	1
159434	1
159435	1
159655	1
159656	1
159657	2
159658	2
159660	1
159661	1
159662	1
159663	2
159664	1
159665	1
159666	1
159667	1
159668	1
159669	1
159670	1
159671	1
159672	1
159673	1
159674	1
159675	1
159677	1
159679	1
159680	1
159682	1
159683	1
159684	1
159685	1
159687	1
159690	1
159691	1
159693	2
159695	2
159697	3
159710	1
159958	1
159961	1
159965	1
159968	1
160431	1
160525	1
160528	1
160530	1
160531	2
160532	1
160538	1
160690	1
160790	1
160992	2
160994	2
160995	2
160997	1
160998	1
160999	2
161000	1
161001	2
161003	2
161004	2
161005	2
161006	1
161008	1
161016	2
161018	4
161020	1
161022	1
161023	1
161024	1
161025	1
161026	2
161027	2
161028	1
161029	6
161030	3
161031	2
161032	2
161033	2
161034	1
161086	1
161087	1
161088	1
161260	19
161269	1
161395	135
161396	3
161397	96
161506	1
161507	1
161508	7
161509	1
161510	1
161511	1
161512	1
161513	2
161514	1
161515	1
161516	4
161517	1
161518	1
161519	1
161520	2
161521	1
161522	1
161523	1
161524	2
161525	1
161526	2
161750	3
161753	1
161756	8
161865	9
161866	9
161867	5
161868	6
161869	2
161870	1
161871	8
161874	1
161922	1
162018	2
162020	2
162022	2
162024	2
162025	1
162053	4
162304	2
162307	1
162707	1
162735	1
162821	1
162894	4
162906	3
163010	1
163058	2
163081	2
163095	1
163264	1
163267	1
164262	4
165083	2
165205	9
165309	12
165316	1
165317	1
165318	1
165327	1
165345	3
165352	18
165353	122
165357	1
165361	3
165363	1
165364	1
165365	2
165366	1
165367	1
165368	1
165370	1
165372	2
165374	2
165375	1
165376	1
165377	1
165378	2
165379	1
165380	1
165382	1
165383	1
165385	2
165484	1
165487	1
165489	1
165490	1
165491	1
165495	1
165498	1
165499	37
165502	1
165504	1
165637	1
165660	1
165712	1
165719	1
165770	1
166601	1
166602	1
166603	1
166604	1
166605	1
166607	1
166608	1
166609	1
166610	1
166611	1
166612	1
166613	1
166614	1
166615	1
166616	1
166617	4
166618	1
166619	1
166620	2
166622	1
166623	1
166624	1
166625	1
166797	1
166980	1
166982	1
166983	2
166984	1
166985	1
166986	1
166987	2
166988	1
166989	1
166990	1
166991	1
166992	1
166993	2
166994	1
166996	1
166997	1
166998	2
166999	1
167001	1
167002	2
167004	2
167005	1
167006	1
167008	1
167009	1
167011	1
167406	1
167472	2
167473	5
167561	3
167569	1
167572	14
167744	1
167791	7
167911	8
167917	11
167919	3
167921	10
167922	7
167923	2
167997	1
168000	9
168006	4
168126	1
168127	1
168128	1
168129	1
168335	1
168336	1
168337	1
168338	1
168339	1
168340	1
168341	1
168342	1
168343	1
168344	1
168345	1
168346	1
168347	1
168348	1
168349	1
168350	1
168351	1
168352	1
168353	1
168354	1
168355	1
168357	1
168358	1
168359	1
168361	1
168363	1
168364	1
168366	1
168367	1
168369	1
168370	1
168372	1
168497	7
168528	1
168530	1
168559	1
169072	1
169074	1
169179	8
169180	9
169214	1
170035	4
170481	8
170543	1
170545	1
170547	1
170549	1
170551	1
170552	1
170715	1
170927	1
170989	1
171009	1
171010	2
171012	1
171013	2
171014	3
171016	2
171017	1
171018	3
171250	1
171251	11
171569	2
171784	1
171804	1
171805	3
171806	3
171807	1
171808	3
171814	1
171883	1
171910	2
171929	1
172051	1
172052	2
172053	2
172054	3
172055	1
172056	5
172057	11
172058	3
172059	1
172060	1
172061	3
172062	2
172063	2
172064	7
172065	3
172066	1
172067	3
172068	1
172069	4
172070	1
172071	2
172072	13
172073	3
172074	3
172075	6
172076	9
172077	2
172078	2
172079	3
172080	2
172081	1
172082	2
172097	10
172200	4
172644	10
172645	1
172646	9
173080	1
173274	4
173276	5
173278	23
173279	2
173280	28
173395	1
173437	1
173624	1
173626	1
173669	3
173672	1
173699	1
173703	1
173843	1
174162	8
174164	5
174167	3
174170	2
174171	14
174182	2
174190	1
174217	3
174445	1
174447	6
174549	12
174648	27
174649	5
174651	2
174652	3
174662	2
174664	1
175026	1
175031	1
175033	1
175037	1
175068	1
175082	3
175086	1
175111	1
175113	1
175230	2
175253	1
175259	1
175260	2
175266	1
175403	1
175404	2
175694	16
175955	1
175956	1
175957	3
175958	1
175959	2
175960	1
175961	2
175962	1
175963	2
175964	2
175965	1
175966	2
175967	2
175968	1
175969	2
175970	3
175971	2
175972	2
175973	1
175974	1
175975	2
175976	2
175977	2
175978	2
175979	2
175980	2
175981	2
175982	2
175983	1
175984	1
175985	1
175986	2
175987	2
175988	2
175989	1
175990	1
175991	1
175992	1
175993	2
175994	2
175995	2
175996	2
175997	1
175998	1
175999	1
176000	1
176001	2
176002	2
176003	1
176004	1
176005	1
176136	22
176248	3
176250	1
176347	5
176353	1
176602	2
178137	1
178353	1
178639	2
178640	1
178642	9
178643	1
178644	1
178645	1
178646	1
178648	1
178649	1
178651	1
178652	1
178654	1
178656	1
178657	1
178658	1
178659	1
178660	1
178661	1
178662	1
178663	1
178664	1
178665	1
178667	1
178669	1
178670	1
178671	1
178673	1
178675	1
178677	1
178678	1
178680	1
178681	1
178682	1
178683	1
178684	1
178686	1
178689	1
178690	1
178691	1
178693	1
178696	1
178698	1
178701	1
178703	1
178705	1
178706	1
178707	1
178708	1
178710	2
178712	3
178714	5
178715	1
178716	1
178717	1
178718	1
178719	1
178720	1
178721	2
178741	9
178762	3
178765	3
178868	2
179072	1
179181	1
179183	1
179184	5
179186	1
179187	5
179188	1
179190	2
179191	2
179192	3
179193	2
179194	2
179195	2
179196	2
179197	2
179198	2
179199	4
179200	1
179201	3
179202	6
179203	2
179204	2
179205	2
179206	2
179207	2
179208	3
179209	2
179210	6
179211	3
179212	4
179213	2
179214	2
179215	4
179216	2
179217	3
179218	4
179219	2
179220	2
179221	2
179222	3
179223	2
179224	2
179225	2
179226	2
179227	4
179228	2
179229	2
179230	3
179231	2
179232	2
179233	3
179234	1
179348	4
179349	8
179350	10
179351	8
179352	2
179353	3
179354	4
179355	5
179393	1
179394	1
179395	1
179396	2
179397	1
179398	1
179682	2
179731	1
179837	7
179860	4
180062	1
180066	9
180076	1
180078	1
180079	11
180080	3
180081	4
180082	1
180083	4
180084	1
180222	4
180498	2
180499	1
180500	1
180535	2
180675	4
180793	1
180794	1
180795	1
180796	1
180797	1
180798	1
180799	2
180800	1
180801	1
180802	1
180803	1
180804	1
180806	1
180807	1
180808	1
181002	3
181244	1
181245	1
181247	1
181267	1
182070	1
182084	11
182112	1
182318	3
182321	1
182486	5
183063	2
183085	1
183089	1
183220	8
183247	1
183282	1
183284	1
183286	1
183287	1
183288	1
183289	1
183290	1
183291	1
183292	1
183293	1
183294	1
183295	1
183296	1
183298	2
183318	1
183482	4
183557	1
183559	1
183560	1
183561	1
183563	1
183564	1
183566	1
183568	1
183569	1
183571	2
183572	1
183573	1
183574	1
183577	1
183579	1
183855	1
183944	8
183966	1
184125	1
184140	8
184727	1
184730	1
184732	1
184733	3
184734	3
184783	2
184983	1
184984	1
185080	2
185191	24
185493	5
185494	9
185560	1
185652	1
185653	2
185654	1
185655	1
185656	1
185657	1
185660	1
185706	3
185716	1
185774	4
186263	2
186264	1
186722	1
186723	1
186725	1
186727	1
186729	3
186951	1
186955	4
186965	6
186970	6
187269	6
187286	5
187367	2
187373	1
187503	1
187505	61
188317	2
188481	1
188493	1
189224	1
189232	5
189247	34
189386	9
189791	3
190223	15
190244	2
190248	7
190265	3
190266	3
190267	3
190268	3
190270	3
190330	1
190404	2
190405	2
190515	2
190712	20
190755	2
190884	1
190902	32
191057	1
191068	1
191143	1
191144	1
191145	1
191146	1
191147	1
191148	1
191149	1
191150	1
191152	1
191154	1
191155	1
191156	1
191158	1
191160	1
191162	1
191163	6
191164	1
191166	2
191167	1
191168	1
191169	1
191170	1
191171	1
191172	2
191173	1
191174	1
191176	1
191177	1
191178	1
191179	1
191180	1
191181	1
191182	1
191183	1
191184	1
191186	1
191219	1
191309	5
191453	4
191455	1
191457	1
191506	1
191662	3
191669	1
191671	1
191701	27
191881	2
191885	2
191891	1
191896	5
192273	1
192319	1
192352	1
192627	1
192634	4
192635	2
192636	1
192637	1
192999	1
193313	8
193515	8
193516	2
193518	5
193519	11
193520	3
193522	3
193524	5
193525	3
193526	3
193528	3
193530	8
193531	26
193563	1
194209	1
194513	7
194712	1
194871	2
195015	2
195120	2
195136	1
195802	4
196241	2
196284	2
196285	3
196286	3
196288	1
196289	4
196290	3
196291	5
196292	1
196293	6
196294	1
196295	1
196579	1
197124	55
197594	1
197595	1
197597	1
197598	2
197599	1
197600	1
197601	1
197602	1
197603	2
197604	2
197613	5
197796	65
197920	1
197922	1
197923	1
197924	1
197925	1
197926	1
197927	1
197928	1
197929	1
197930	1
197931	1
197932	1
197933	1
197934	1
197935	1
197936	1
197937	1
197938	1
198364	1
198368	1
198401	1
198914	9
199093	1
199156	4
199178	1
199220	10
199222	35
199225	156
199402	1
199410	1
199422	1
199542	4
199544	14
199598	1
199602	1
199604	1
199605	1
199607	1
199608	1
199609	2
199610	1
199611	1
199612	1
199614	1
199618	4
199623	12
199626	4
199627	15
199634	1
199646	1
199711	1
199987	2
200048	1
200054	1
200327	1
200328	1
200330	1
200333	1
200489	23
200492	1
200565	1
200864	3
200865	3
200866	6
200876	1
200955	1
200958	1
200970	1
200993	1
201010	4
201510	1
202126	1
202128	4
202327	7
202412	2
202477	1
202667	1
202775	1
202778	1
202995	1
203000	3
203002	4
203003	5
203004	6
203005	1
203008	12
203013	1
203015	44
203016	1
203018	2
203019	4
203025	2
203092	2
203098	4
203100	5
203102	2
203103	3
203270	1
203576	1
203592	2
203598	1
203599	1
203601	1
203608	1
203609	1
203624	3
203643	16
203689	1
203690	1
203706	1
203708	1
203709	1
203710	1
203711	1
203712	2
203713	1
203717	62
203719	1
203756	2
203766	2
203822	1
203823	1
203896	1
203897	1
204131	1
204133	16
204144	1
204215	22
204224	1
204517	1
204979	3
205027	3
205360	5
205361	1
205362	4
205363	1
205364	1
205366	1
205367	2
205368	1
205369	1
205370	1
205371	2
205372	2
205373	1
205374	2
205375	4
205376	2
205378	10
205379	1
205381	1
205383	4
205385	1
205386	3
205388	1
205463	1
205464	1
205465	22
205479	1
205524	1
205536	3
205691	7
206222	1
206223	1
206224	1
206225	1
206226	2
206227	7
206228	2
206229	1
206230	2
206231	2
206232	1
206233	2
206234	1
206235	4
206236	2
206237	2
206238	2
206239	2
206240	2
206241	2
206242	1
206243	1
206244	2
206245	1
206246	1
206247	1
206248	2
206307	1
206550	3
206613	2
206614	2
206616	2
206617	2
206618	2
206619	2
206620	2
206621	2
206622	2
206623	2
206624	4
206625	2
206626	2
206627	2
206628	2
206629	2
206630	2
206631	2
206632	2
206633	2
206634	2
206635	2
206636	2
206637	2
206638	2
206639	2
206640	2
206641	2
206642	2
206643	2
206644	2
206645	2
206646	2
206647	2
206648	2
206649	4
206650	2
206651	5
206652	2
206653	2
206654	2
206655	2
206656	2
206657	2
206658	8
206659	2
206660	2
206661	2
207709	1
207710	1
207711	1
207712	1
207713	1
207714	1
207715	1
207716	1
207717	1
207718	1
207719	1
207720	1
208273	1
208859	2
208863	1
208913	1
208924	1
208944	1
209083	1
209194	1
209320	1
209324	1
209339	1
209342	1
209346	1
209536	1
210328	1
210332	7
210334	14
210340	26
210348	9
210355	1
210357	1
210369	10
210372	48
210377	3
210380	4
210383	2
210387	2
210858	49
210859	2
210861	1
210862	1
210888	6
210935	1
211100	1
211583	1
211666	1
211667	1
211974	1
211975	1
212022	2
212023	1
212024	1
212026	2
212027	1
212028	1
212029	1
212030	2
212031	1
212032	1
212056	1
212077	1
212239	2
212256	3
212286	1
212288	2
212301	8
212306	1
212310	3
212677	1
212690	3
212787	2
212810	1
212826	1
212838	1
212840	1
212849	1
212851	1
212858	1
212879	1
212900	1
212903	1
212908	1
212909	1
212925	11
212935	1
212937	1
212961	1
212975	1
212981	1
212994	1
212996	1
213007	1
213017	1
213031	1
213032	1
213050	1
213053	1
213255	36
213261	2
213283	1
213405	39
213406	1
213833	1
213841	1
214041	1
214042	1
214043	1
214044	1
214045	1
214046	1
214047	1
214049	1
214050	1
214052	1
214053	1
214054	1
214058	1
214059	1
214060	1
214227	1
214521	1
214527	1
214528	1
214529	1
214697	4
215066	5
215068	9
215070	5
215071	12
215073	2
215075	1
215538	1
215639	1
216036	2
216067	5
216080	1
216145	2
216468	1
216470	1
216471	1
216472	2
216473	1
216474	1
216475	1
216476	1
216477	1
216478	1
216479	1
216480	1
216481	1
216482	1
216483	1
216484	1
216485	1
216486	1
216487	1
216488	1
216489	1
216490	1
216491	1
216492	1
216493	1
216494	1
216507	3
216508	3
216509	3
216511	3
216512	3
216514	3
216515	3
216516	1
216521	3
216522	3
216524	2
216526	3
216528	3
216530	3
216535	3
216536	3
216537	3
216539	3
216540	3
216545	3
216546	3
217170	1
217469	8
217471	2
217472	1
217474	5
217475	2
217498	1
217502	1
217505	3
217627	1
217839	1
218190	1
218854	1
219070	2
219868	9
220462	28
220640	1
221162	7
221224	1
221250	1
221254	6
221258	3
221259	1
221260	10
221454	5
221659	1
221660	1
221762	2
222564	48
222567	53
223100	5
223431	18
223577	1
223864	2
223865	2
223866	2
223867	3
223868	8
223869	2
223870	8
224330	1
224331	1
224332	1
224333	1
224334	1
224335	1
224336	1
224337	1
224338	1
224339	1
224355	3
224734	1
224739	4
224826	1
225117	6
225203	1
225560	1
225561	1
225562	5
225563	13
225564	1
225565	2
225589	5
225590	12
225591	2
225592	4
225593	2
225594	4
225595	2
225596	4
225597	2
225600	2
225601	1
225602	1
225603	2
225604	2
225605	1
225607	2
225664	1
225671	1
225688	1
225779	3
225784	1
225796	1
226017	4
226018	1
226051	1
226110	8
226205	1
226206	1
226208	27
226209	6
226225	3
226677	1
227241	7
227256	16
227398	5
227399	7
227489	2
227494	6
227498	17
227691	2
227692	1
227722	4
227909	2
227914	5
228100	1
228181	2
228246	6
228391	1
228393	9
228395	2
228514	1
228586	4
228709	6
228712	4
228726	38
228775	5
228776	3
228778	2
228779	2
228780	1
228782	3
228785	1
228787	1
228788	3
228789	3
228790	2
228801	2
228806	24
228826	2
228869	1
228870	1
228898	2
228974	1
229039	1
229426	1
229429	1
229430	1
229440	1
229449	1
229450	1
229460	1
229462	1
229701	9
230060	1
230192	20
230570	1
230597	1
230707	1
230711	1
230712	1
230713	1
230714	1
230715	1
230716	1
230717	1
230718	1
230719	1
230721	1
230722	2
230724	2
230726	1
230727	1
230728	1
230966	1
231174	1
231175	1
231176	1
231177	1
231178	1
231179	1
231180	1
231181	1
231182	1
231183	1
231184	1
231185	1
231186	1
231187	1
231188	1
231190	1
231191	1
231192	1
231638	1
231648	3
231661	1
231665	1
231674	19
232205	1
232238	2
232322	2
233688	1
233706	1
233892	2
233893	1
234464	1
234725	1
234729	1
234868	29
235074	1
235357	1
235806	15
236218	2
236219	3
236220	4
236732	22
236733	4
237596	4
237838	1
237843	1
237861	1
237862	1
237865	1
237867	1
237871	1
237873	1
237875	1
237879	1
237882	1
237887	1
237889	1
237891	1
237893	1
237894	1
237926	1
237928	1
238281	1
238476	2
238477	1
238478	1
238479	1
238480	1
238482	1
238484	1
238487	3
238488	2
238492	2
238493	2
238495	3
238496	1
238498	1
238499	2
238500	1
238501	3
238502	1
238503	3
238504	1
238505	1
238507	2
238509	3
238510	2
238512	2
238516	1
238520	1
238521	1
238523	1
238524	1
238895	1
238930	2
238932	1
238933	1
238937	1
238939	1
238940	1
238942	1
238943	1
238944	1
238948	2
238954	1
238955	1
238957	1
239395	5
239396	1
239397	1
239398	2
239399	1
239400	2
239401	1
239402	3
239403	3
239404	1
239405	1
239406	2
239407	1
239408	1
239409	1
239410	1
239411	1
239412	1
239413	1
239414	1
239415	1
239416	1
239417	1
239418	1
239419	2
239420	1
239421	1
239422	5
239423	1
239424	1
239425	1
239426	1
239427	1
239428	1
239430	1
239432	1
239433	1
239434	1
239436	1
239438	1
239439	1
239441	1
239443	1
239445	1
239447	1
239449	1
239450	1
239451	1
239452	1
239453	1
239455	1
239456	1
239458	1
239460	1
239462	1
239464	1
239466	1
239468	1
239469	1
239471	2
239472	2
239473	1
239475	1
239477	1
239561	1
239637	1
239640	1
239642	1
239644	1
239646	1
239648	1
239650	2
239651	1
239652	1
239653	1
239655	1
239657	1
239658	1
239660	1
239662	1
239663	1
239664	1
239666	1
239668	1
239670	1
239672	1
239673	1
239675	9
239678	1
239680	2
239685	18
239686	12
239688	6
240005	7
240009	8
240019	1
240031	2
240037	1
240043	1
240080	1
240228	18
240677	1
240906	1
241069	2
241197	2
241200	2
241236	1
241594	1
241598	1
241807	9
241808	4
241809	12
241810	2
241841	1
241842	7
241857	12
241874	1
242041	1
242064	1
242169	1
242170	1
242528	1
242529	1
242530	1
242531	1
242532	1
242533	9
242534	1
242780	2
242839	14
242867	1
242872	1
242873	1
242878	1
242879	1
242999	2
243002	1
243004	1
243663	2
243669	2
243671	1
243673	1
243810	6
243811	1
243812	1
243817	2
243819	1
243964	1
244311	1
244509	2
245182	1
245183	1
245492	1
246361	1
246369	1
246378	1
246694	4
246702	1
246829	1
246841	1
246853	1
246856	1
246857	8
246859	1
247021	1
247104	1
247974	1
248297	1
248814	1
248815	1
248837	1
248839	1
248846	1
248848	1
249341	1
249342	3
251165	2
251266	6
251268	1
251412	1
251413	2
251679	1
251682	1
251683	1
251764	2
251770	1
251771	1
252241	1
252529	2
252537	3
252538	1
252558	1
252847	9
252851	8
252855	6
252856	3
252863	3
252867	7
252868	6
252870	39
253090	1
253611	8
253612	8
253615	3
253616	14
253618	10
253745	1
253809	1
254017	1
254018	1
254019	1
254021	8
254022	5
254027	23
254135	1
254146	2
254149	2
254151	1
254158	1
254670	1
254671	1
254672	1
254673	1
254674	1
254675	1
254676	1
254677	1
254678	1
254679	1
254680	1
254681	1
254682	1
254683	1
254684	2
254685	1
254686	2
254687	1
254688	1
254689	1
254691	1
254692	2
254693	1
254694	2
254695	1
254697	1
254698	1
254699	1
254700	1
254701	1
254703	1
254762	1
254780	1
254782	1
254896	1
254902	1
254903	1
254904	1
254905	1
254907	2
254908	1
254909	1
254910	1
254911	2
254912	1
254913	1
254915	1
254916	1
254917	1
254918	1
254919	2
254920	1
254921	1
254922	1
254924	1
254925	1
254926	1
254927	1
255352	7
255578	4
255856	1
256348	1
256364	2
256365	1
256373	1
256492	1
257355	2
257356	4
257357	1
257360	6
257361	3
257425	8
257426	2
257780	1
258140	1
258141	1
258142	1
258143	1
258144	1
258145	1
258146	1
258147	1
258148	1
258149	1
258150	1
258151	1
258152	1
258153	1
258154	1
258155	1
258156	1
258157	1
258158	4
258159	1
258160	1
258161	1
258162	16
258163	1
258164	1
258165	4
258166	1
258167	1
258168	1
258169	1
258171	1
258173	1
258174	1
258175	1
258176	1
258178	1
258179	1
258180	1
258181	1
258182	1
258183	1
258184	1
258185	1
258186	1
258187	1
258188	1
258189	1
258190	1
258191	1
258192	1
258194	1
258195	3
258196	1
258197	1
258199	1
258200	1
258201	1
258202	3
258203	1
258204	1
258205	1
258206	1
258207	1
258208	1
258209	3
258210	1
258211	2
258212	1
258455	5
258456	3
258457	5
258458	1
258459	1
258461	1
258494	1
258907	1
259381	3
259890	1
259893	142
260142	5
260718	3
260883	2
260885	2
260886	2
260996	1
261423	9
261448	9
261449	19
261450	46
261451	1
261454	3
261455	3
261619	5
261798	1
261917	9
261999	9
262102	1
262276	4
262280	10
262521	1
262674	1
262676	2
262677	3
262678	2
262679	2
262682	2
262683	2
262684	2
262685	2
262686	1
262687	2
262688	2
262689	2
262690	2
262691	2
262692	2
262694	2
262695	1
262696	4
262738	1
262913	19
263362	3
263653	6
263848	2
263896	1
263965	1
263973	1
263978	1
263995	2
264394	3
264395	1
264396	2
264397	1
264398	1
264399	1
264400	1
264401	1
264402	1
264405	2
264406	1
264407	1
264409	1
264410	1
264414	2
264415	1
264416	3
264418	2
264420	1
264422	1
264424	1
264425	2
264427	1
264428	1
264429	1
264431	1
264432	1
264434	1
264435	1
264438	1
264723	1
264809	2
264810	2
264811	2
264812	2
264813	2
264814	2
264972	1
264981	1
265133	1
265141	1
265354	3
265496	3
265497	3
265705	1
265763	12
265764	31
265783	17
265785	72
265822	3
266086	4
266091	40
266420	16
266494	2
267224	1
267225	1
267228	1
267237	6
267239	1
267240	1
267241	1
267242	1
267243	1
267245	1
267246	10
267247	3
267250	1
267254	1
267256	1
267260	1
267261	1
267525	1
267555	14
267557	8
267621	3
268006	4
268012	1
268016	1
268017	1
268022	1
268024	1
268027	1
268029	1
268033	1
268065	1
268088	2
268090	4
268493	6
268494	1
268745	6
268884	1
268885	2
268887	1
268901	1
268902	5
268905	1
268906	1
268916	1
268933	3
269377	1
269721	1
269722	1
270399	1
270402	1
270403	1
270405	1
270407	1
270408	1
270409	1
270410	1
270411	1
270412	1
270413	1
270414	1
270415	1
270416	1
270417	1
270418	1
270419	1
270420	1
270421	1
270422	1
270425	1
271014	1
271247	4
271549	1
271789	1
271816	2
271817	1
272643	1
272673	1
272675	2
272678	1
272846	2
272852	1
272855	1
272856	1
272859	1
272861	1
272862	34
272863	1
272865	1
273501	1
273502	1
273503	2
273504	1
273505	1
273621	2
274332	1
274387	1
274391	1
274560	2
274561	1
274562	1
274564	2
274565	1
274566	1
274567	1
274568	1
274569	2
274570	1
274571	1
274573	1
274574	1
274575	2
274576	1
274577	1
276775	18
276780	1
276782	6
278099	1
278101	1
278102	1
278103	1
278104	1
278105	1
278106	1
278107	1
278672	2
278676	1
278718	1
278719	1
278720	2
278721	1
278722	1
278723	1
278725	1
278726	1
278950	31
279153	1
279195	1
279679	1
279683	1
279687	3
279737	6
279738	1
279741	3
279769	1
279770	1
279771	1
279772	1
279773	1
280056	1
280450	1
280743	1
281077	1
281127	1
281128	1
281129	1
281130	1
281131	1
281132	1
281133	1
281396	1
281909	1
282201	2
282202	2
282203	1
282204	1
282205	1
282206	1
282207	1
282208	1
282210	1
282212	1
282213	1
282539	2
282542	9
282553	3
282587	1
282588	3
282589	4
282590	3
282591	3
282592	1
282593	4
282594	3
282595	1
282596	4
282597	1
282599	1
282600	2
282602	1
282604	1
282719	1
282722	1
282736	1
282738	1
282741	1
282747	1
282753	1
282765	1
282767	1
282772	8
282775	1
282776	1
282783	1
283087	1
283121	5
283122	1
283153	4
283343	3
283872	1
283874	1
284227	1
284231	1
284363	1
284366	5
284589	2
285590	2
285841	1
285890	1
286045	12
286046	13
286050	1
286051	4
286919	1
286928	1
286986	1
286999	4
287009	1
287011	1
287721	5
287724	1
287754	1
287755	1
287979	1
288284	1
288818	4
288820	1
288823	4
288835	1
288836	2
288950	6
289058	1
289064	1
289417	1
289701	2
289751	1
289753	5
289799	1
290078	4
290079	6
290080	2
290081	2
290082	2
290084	4
290085	4
290086	2
290087	2
290217	1
290577	1
290911	11
290921	1
290952	1
290984	1
291062	2
291096	1
291097	1
291098	1
291099	1
291102	1
291277	1
291278	1
291312	2
291314	1
291325	2
291326	148
291474	1
291501	2
291859	1
291860	1
292239	6
292350	1
292351	1
292352	2
292353	5
292354	2
292355	2
292356	1
292357	2
292358	1
292359	1
292393	61
292545	1
292617	5
293057	1
293720	1
293721	1
293722	1
293723	1
293724	2
293725	2
293726	1
293727	1
293728	1
293729	1
293751	17
293752	6
293753	1
293754	2
293755	1
293806	13
294061	1
294073	1
294078	1
294733	28
294751	10
296035	1
296036	6
296040	1
296041	1
296043	1
296044	1
296046	1
298346	1
298649	1
299782	2
299908	1
299910	1
299913	1
299915	1
299916	1
299918	1
299921	1
299922	1
299923	1
299927	5
299928	1
299929	1
299931	1
299934	1
299935	1
299944	1
299997	3
300000	1
300216	2
300218	1
300220	2
300354	14
300553	4
300554	1
300830	11
300832	2
300833	2
300835	5
300837	1
300839	3
300841	2
300888	1
301342	1
301488	1
301489	1
301491	5
301492	3
301493	1
301497	1
301498	1
301613	1
301614	1
301615	1
301616	1
301617	1
301618	1
301619	1
301620	1
301621	1
301623	2
301624	1
301625	1
301626	1
301627	1
301628	1
301629	1
301630	1
301632	1
301633	1
301634	1
301635	1
301636	1
301637	1
301693	2
301861	1
301862	2
301866	2
301867	1
301869	1
301871	1
301873	1
301874	1
301875	1
301876	1
301877	1
301878	1
301879	1
301880	3
301881	2
301882	1
301883	1
301884	1
301885	1
301896	2
302104	2
302105	2
302106	3
302107	1
302108	1
302109	15
302110	8
302111	1
302112	5
302113	2
302114	2
302115	4
302116	5
302117	5
302118	1
302119	6
302120	1
302121	3
302122	2
302123	1
302124	1
302125	5
302126	1
302127	2
302128	3
302129	12
302130	1
302131	12
302132	1
302133	2
302134	6
302135	1
302136	4
302137	4
302138	1
302139	2
302140	4
302141	8
302142	2
302143	1
302266	1
304142	2
304152	1
304178	1
305353	1
305357	1
305361	3
305362	1
305364	1
305365	1
305366	1
305367	3
305368	1
305369	1
305370	1
305371	2
305373	1
305374	2
305375	1
305376	1
305378	2
305379	2
305381	1
305383	1
305385	1
305386	1
305388	1
305389	1
305390	1
305391	1
305392	1
305394	1
305396	1
305397	1
306135	1
306303	1
306555	1
306557	1
306874	1
306892	1
307252	5
307976	3
308179	1
308277	1
308278	1
308279	1
308281	6
308282	1
308283	1
308284	2
308285	3
308328	8
308336	3
308347	1
308400	1
308434	43
308435	8
308681	3
309270	1
309271	2
309272	1
309276	1
309283	1
309290	1
309292	1
309341	1
309349	3
309419	2
309429	11
309532	1
309535	1
310232	1
310244	1
310245	1
310246	1
310247	1
310248	10
310249	1
310250	1
310251	1
310252	1
310253	1
310254	1
310255	1
310256	2
310257	1
310425	5
310847	1
311154	1
311211	1
311212	2
311405	1
311930	2
311937	1
311965	1
312530	7
312531	43
312789	1
312794	1
312796	1
312798	1
312800	1
312801	1
312802	1
312809	1
313081	4
313108	3
313119	1
313267	1
313295	1
313307	1
313331	1
313381	1
313523	1
313550	1
313665	3
313672	1
313673	1
313882	1
313883	1
313884	1
313885	1
313886	1
313887	1
313889	1
313890	1
313891	1
313892	1
313893	1
313894	1
313895	1
313896	1
313897	1
313898	1
313899	1
313900	1
313901	1
313902	1
313903	1
313904	1
313905	1
313906	1
313907	1
313908	1
313909	1
313910	1
313920	1
313931	4
313960	1
314052	2
314054	1
314057	1
314066	1
314067	1
314105	1
316493	9
316496	1
316645	1
316874	1
317036	2
317038	2
317039	1
317050	1
317191	1
317192	1
317954	2
317955	1
317957	1
317961	1
317980	1
318052	1
318058	8
318062	12
318063	6
318067	42
318068	8
319658	1
319659	4
319660	3
319661	1
319662	1
319738	7
320345	1
320346	1
320347	1
320348	1
320349	1
320350	1
320351	1
320352	1
320353	1
320355	1
320356	1
320666	1
321345	99
321346	2
321347	1
321348	3
321349	2
321350	5
321351	1
321352	1
321353	1
321354	3
321355	2
321356	1
321357	4
321358	1
321409	3
321410	3
321411	3
321550	6
321593	6
321603	1
321604	1
322040	3
322041	4
322042	3
322043	2
323061	4
323062	1
323106	1
323107	1
323108	1
323109	1
323110	1
323111	1
323112	1
323842	3
323843	1
323844	1
323845	1
323846	1
323847	1
324586	1
324593	30
324598	1
324798	3
324802	1
324804	3
324808	1
325483	1
325488	1
325537	3
325539	1
325542	5
325543	4
325544	1
325546	2
325641	1
325710	1
325712	1
325714	1
325716	1
325718	1
325720	1
325722	1
325725	1
325726	1
325728	1
325730	1
325732	1
325734	1
325735	1
325737	1
325738	1
325739	1
325740	1
325741	1
325742	1
325743	1
325744	1
325745	1
325746	1
325747	2
326812	3
326817	3
326819	3
326820	3
326821	3
326823	3
326827	3
326832	3
326833	3
326839	3
326842	3
326843	3
326850	3
326851	3
326968	16
327326	1
327332	1
327895	1
327927	3
328053	1
328054	1
328055	2
328056	1
328057	1
328058	1
328059	1
328060	1
328098	6
328124	1
328125	1
328132	1
328133	1
328319	1
328323	1
328376	1
328401	113
328402	5
329331	1
329333	2
329349	2
329875	17
329890	1
329964	1
329965	1
330163	4
330165	1
330212	1
330479	2
330480	2
330585	1
330892	18
331158	1
331162	1
331205	4
331223	1
331251	1
331263	2
331394	2
331395	2
331396	2
331397	2
331604	2
332207	2
332208	2
332435	1
332642	2
333948	4
333949	1
333950	1
333951	1
333952	2
333953	2
333954	2
333955	1
333959	2
333961	1
333970	10
334475	1
334483	1
334664	3
335155	4
335190	1
336383	3
336662	2
337186	1
337405	8
337418	1
337421	1
337841	1
337842	1
338577	1
339027	1
339046	1
339107	1
339115	1
339146	1
339321	5
339784	3
339890	1
339906	1
339930	1
339937	1
340140	11
340432	1
340635	1
340642	1
340647	1
341022	1
341461	1
341463	2
342060	13
342061	1
342062	11
342063	6
342064	2
342065	7
343964	1
343966	1
343967	1
343971	1
343972	1
343973	1
343974	12
343975	1
343976	1
344077	2
344078	3
344084	3
344091	2
344096	1
344103	5
344105	4
344111	1
344113	3
344115	1
344116	2
344868	3
344869	3
344870	1
344871	3
344872	2
344873	1
344874	1
344876	2
344877	3
344982	1
345092	1
345098	1
345237	5
345239	3
345532	1
345534	1
345538	1
345540	2
346974	2
346985	46
346988	2
346999	2
347003	2
347006	2
347188	1
347521	1
347522	1
347524	1
347526	1
347527	1
347528	1
347530	1
348170	1
349353	1
349989	10
350122	1
350124	1
350139	1
350142	1
350151	1
350188	1
350197	1
350204	1
350229	1
350317	1
350323	1
350324	1
350329	1
350335	1
350341	1
350356	1
350360	1
350370	1
350381	1
350392	1
350393	1
350414	1
350892	51
351335	1
352360	2
352363	2
352370	2
352371	2
354302	1
354303	1
354304	1
354305	1
354306	1
354307	1
354308	1
354309	1
354310	1
354311	1
354312	1
354313	1
354314	1
354315	1
354316	2
354317	1
354318	1
354319	1
354320	1
354485	3
354501	1
354507	1
354508	83
354522	2
354523	121
354527	2
354528	39
354529	10
354530	18
354628	1
355332	9
355937	1
356591	1
357220	1
357473	2
357844	16
357845	18
357852	1
357929	8
357931	1
357960	4
357963	10
357967	1
357970	6
358084	1
358661	2
358674	1
359138	3
359411	4
359415	3
359505	1
359506	1
359507	1
359514	2
359515	2
359520	7
359522	12
359525	1
359825	1
359827	1
359833	2
359861	1
359865	1
359873	2
359881	1
359918	1
359969	1
360332	1
360333	1
360334	1
360335	2
360583	1
360619	2
360620	3
360621	2
360622	2
360623	2
361370	1
361379	3
361380	1
361399	3
361402	1
361409	1
361413	3
361442	15
361560	1
361562	1
361618	1
361619	3
361660	1
361880	1
361886	1
361892	1
361894	1
361901	1
361903	1
361908	1
361911	1
361917	1
361923	1
361924	1
361931	1
361934	1
361943	1
361948	1
361952	1
361961	1
361969	1
361987	1
361991	1
361995	1
361996	1
361998	1
361999	1
362598	1
362630	1
362643	1
362646	24
362788	14
363241	1
363245	1
363435	2
363437	6
363508	1
363510	11
363511	15
363512	1
363513	4
363515	1
363517	1
363749	6
363801	1
363802	1
363804	1
363815	3
363817	1
363819	3
363826	1
363827	2
363828	1
364021	2
364022	1
364023	1
364024	1
365747	1
365749	1
365750	1
365751	2
365754	3
365758	2
365761	1
365762	1
365763	1
365764	1
365766	1
365768	1
365769	6
365770	1
365774	1
365776	1
366499	1
366664	42
366665	25
366666	34
366667	4
366668	8
366669	4
366670	8
366671	14
366672	8
366673	8
367784	4
367785	8
368345	1
368679	1
368691	1
368926	5
368927	1
369009	1
369019	2
369020	5
369033	1
369036	1
369041	1
369047	1
369348	2
369418	19
369419	2
369420	17
369421	5
369422	4
369423	3
369424	11
369425	2
369426	1
369427	2
369428	2
369429	6
370638	5
370663	3
370911	1
371028	2
371450	2
371650	4
371726	28
371903	2
372699	1
372730	1
372731	1
372754	1
372898	1
373122	37
374041	2
374100	3
374729	1
374962	6
374964	3
375378	1
376254	2
376255	1
376668	1
376669	1
376670	1
376671	1
376672	1
376673	1
376674	1
376675	1
376676	1
376677	1
376678	1
376681	1
376682	1
376683	1
376684	1
376685	1
376864	1
376868	1
377125	21
377452	1
377467	1
377468	1
377470	1
377471	1
377472	1
377473	2
377476	1
377477	1
377478	1
377479	1
377480	1
377481	1
377482	1
377483	1
377484	3
377485	1
377488	1
377490	1
377491	1
377492	1
377493	1
377494	1
377495	1
377496	1
377498	1
377499	1
377501	1
377502	1
377503	1
377504	1
377505	1
378007	1
378008	1
378009	1
378243	2
378295	1
378329	1
378345	1
378352	1
378696	1
378711	1
378722	1
378892	1
378896	1
378900	1
379259	1
379267	1
379278	1
379289	1
379310	1
379311	1
379526	1
379527	1
379528	1
380066	1
380067	1
380073	10
380074	1
380075	1
380077	1
380126	1
380185	2
380777	1
380780	1
380783	1
381153	1
381191	1
381652	25
381723	4
381724	2
381725	2
381726	2
381727	2
381728	5
381729	2
381730	4
381731	6
381732	6
381733	8
381734	4
381735	2
381736	32
381737	4
381738	2
381767	2
381768	1
381781	1
381790	6
382113	12
382133	1
382176	1
382394	5
384412	1
384655	1
384656	1
384658	1
384659	40
384660	15
384949	1
385139	1
385141	1
385142	3
385143	1
385388	5
385571	1
386174	1
386216	1
386276	1
386280	8
387127	9
387928	22
387931	33
388567	1
388570	1
390501	2
390704	1
391049	3
391964	1
392657	5
392676	1
392684	7
392691	1
395280	3
395281	4
395285	1
395340	5
396313	1
396367	2
396369	3
396476	2
396491	2
396730	4
396733	12
396801	1
396804	2
397064	1
397066	1
397069	2
397071	1
397077	1
397079	1
397084	1
397093	2
397101	3
397103	1
397272	1
397370	24
398304	2
398305	1
398306	2
398307	1
398308	1
398309	1
398310	1
398311	1
398312	1
398313	1
398314	1
398315	1
398449	1
398450	1
399716	3
399717	3
401879	3
401881	2
401886	1
401893	1
401897	2
401898	16
401901	5
401904	1
401908	1
401909	1
401911	1
401912	1
401916	1
401918	1
401924	1
401928	4
401932	2
401933	1
401938	2
401939	11
401940	2
401942	1
402655	1
402656	1
402657	1
402658	2
402661	1
402662	1
402664	1
402665	1
402667	1
402668	1
402670	1
402671	1
402673	1
402674	2
403096	3
403115	4
403832	1
404569	14
404570	5
404691	5
405319	1
405331	1
405629	1
405630	1
405631	1
405633	1
405848	1
405945	3
406422	4
407265	1
408133	3
408194	1
409507	1
409519	5
409520	1
409886	2
409887	1
409888	1
409889	1
409890	1
409904	2
409905	2
409906	2
409907	2
409908	2
409909	2
409911	2
411227	47
411665	1
413244	2
413245	1
413246	1
413247	3
413248	2
413250	2
413251	1
413484	15
413653	1
413683	2
413755	2
414033	3
414034	1
414036	1
415155	6
415160	12
415773	1
415813	1
416029	2
416115	1
416131	1
416280	6
416284	1
416285	1
416287	1
416288	3
416290	1
416291	3
416294	7
416298	2
416299	5
416300	2
416302	3
416303	1
416611	2
416981	10
416983	3
416985	1
416986	1
416987	1
417389	3
418091	1
418402	24
419131	1
419291	1
419420	1
423293	1
423294	1
423295	1
423296	1
423299	1
423499	2
424408	1
424409	1
424413	1
424415	1
424416	9
424417	4
424418	6
424419	1
424420	5
424421	3
424422	1
424423	3
424424	6
424425	5
425106	13
425107	3
425908	17
426115	4
426903	1
427278	1
427660	11
428158	1
428159	1
428160	2
428162	10
428164	1
428168	1
428169	1
428170	1
428172	1
428175	1
428176	1
428177	1
428184	1
428186	1
428188	1
428190	1
428191	1
428192	1
428193	1
428195	1
428196	2
428199	1
428200	1
428201	1
428204	1
428206	1
428208	1
428277	3
428871	1
429256	4
429302	4
429560	31
429701	1
429709	3
430754	4
431268	4
434246	3
435756	1
435794	3
436213	1
436449	2
436451	2
437579	3
439688	4
441197	4
442394	1
442395	1
443222	2
443869	4
443873	19
445234	98
446119	1
446147	1
446150	1
446322	1
446348	2
446858	1
447008	9
447110	3
447117	3
447122	3
447319	4
447484	6
449071	1
449074	1
449075	2
450879	1
450880	1
450882	4
450883	1
451728	1
451732	1
451750	1
452455	3
452460	1
452763	1
452765	1
452785	1
452786	1
452796	3
452797	1
452798	1
452799	1
452800	1
452830	4
453958	18
454108	1
454322	16
454324	7
454931	1
454933	7
455045	5
455103	1
455371	81
455430	2
456516	2
456517	1
457184	1
457253	1
457706	1
457712	1
457715	1
457717	1
457720	1
457731	1
457738	1
457748	3
457767	1
457769	1
457770	1
457778	1
457795	1
457803	1
457804	1
457821	1
457822	1
458690	2
458691	1
458692	29
458693	1
458694	1
458695	9
458696	30
458697	6
459165	4
459176	5
459177	2
459596	7
459607	18
459608	2
459609	2
459629	3
459633	1
459757	1
460230	2
460231	2
460233	4
460234	4
460235	4
460236	2
460237	4
460238	2
460239	2
460240	2
460241	2
460242	6
460244	4
460245	4
460246	2
460247	4
460248	2
460249	4
460250	9
460775	2
460778	1
460780	2
460781	4
460782	3
460787	1
460789	2
460982	3
460984	1
460985	2
461633	2
462683	10
462688	13
462689	16
462691	3
463582	2
463583	2
463584	3
463585	2
463586	3
463587	2
463588	3
463589	1
463590	2
463591	2
463594	1
463612	1
463873	2
463876	1
463880	11
464020	1
464021	1
466053	1
466054	2
466055	1
466056	5
466057	3
466058	2
466059	1
466060	1
466061	3
466062	1
466063	2
466064	1
466065	1
466066	1
466068	2
466069	2
466070	1
466072	2
466073	3
466075	4
466078	2
466080	1
466081	1
466083	2
466223	1
466904	10
467198	1
467242	1
467322	1
467324	5
467326	1
467333	1
467334	11
467743	1
468846	4
468851	1
468975	1
468976	1
468977	1
469460	7
469738	1
469932	1
470269	1
470287	3
470525	2
470528	2
470718	3
470941	6
471474	1
471944	1
472441	1
472446	1
472835	1
472836	1
472837	1
472838	4
472839	2
472840	1
472841	1
472842	5
472843	1
472844	2
472845	1
472846	1
472847	2
472848	1
472849	1
472850	1
472851	1
472852	1
472854	1
472855	1
472856	2
472857	2
472858	1
473981	1
473982	1
473983	1
473984	1
473985	1
473986	1
473991	1
473992	1
473997	1
475932	3
476207	2
476449	6
476450	9
476454	5
476458	3
476459	8
477902	1
478094	5
478653	1
478890	1
478904	1
478908	1
478920	1
478922	1
478927	1
478928	1
478930	1
478943	1
478944	2
479916	1
479917	1
479920	1
479921	2
479922	1
479923	3
479924	1
479925	1
479928	1
479931	1
480382	4
480615	10
480630	1
480631	1
480632	2
480633	2
480634	1
481618	1
481622	1
482608	1
482609	1
482950	2
482967	2
482968	1
483143	15
483692	17
483811	3
483869	2
483877	6
485264	2
485393	1
486172	1
487159	30
487738	6
487764	5
487788	6
488007	1
488216	2
488967	3
488970	2
488977	4
488983	3
489316	5
489408	1
489411	2
489418	1
489420	1
489428	1
489508	1
489510	2
489524	1
489528	1
489529	3
489531	1
489532	1
489977	7
489980	2
489981	1
490655	1
491184	2
491195	2
491196	2
491286	2
491892	1
491995	4
492003	1
492007	1
495256	3
495260	5
495765	1
496566	3
496668	1
496671	1
496692	1
496693	1
497687	11
498071	2
499964	1
499984	1
499988	18
500837	3
502135	1
502222	2
502543	1
503356	4
503360	1
504047	1
504049	1
504053	4
508220	1
508226	1
508228	1
508234	1
508236	1
508237	2
508241	1
508242	1
508243	1
508245	1
508247	1
508250	1
508252	1
508254	1
508255	1
508257	1
508258	1
508259	1
508260	1
508261	1
508263	1
508264	1
508266	1
508268	1
508270	1
508271	2
508273	1
508274	1
508276	1
508277	1
508278	1
508279	2
508280	1
508281	1
508282	1
508283	4
508284	2
508285	1
508286	1
508287	1
508288	1
508289	1
508290	1
508291	1
508292	1
508293	1
508294	1
508295	1
508296	2
508297	1
508298	1
508299	1
508301	1
508302	2
508303	1
508304	1
508305	2
508306	1
508308	1
508309	1
508310	1
508311	1
508312	2
508313	1
508314	1
508315	1
508316	1
508327	1
508328	1
508337	1
508342	1
508348	1
508349	1
508682	3
508996	6
510711	1
510715	1
510719	1
510720	3
510722	2
510726	4
510728	3
510735	7
511450	1
511731	1
512023	4
512608	1
512619	6
512620	6
512621	2
512623	11
512745	4
513306	8
513551	2
513552	2
515222	1
515224	2
515225	2
515241	4
515242	2
515243	2
515566	6
515567	7
516044	2
516067	1
516069	1
516070	2
516071	1
516072	3
516545	2
516546	17
516547	41
516548	1
516549	5
516551	6
516553	4
516554	7
518704	1
519268	12
519290	1
519297	1
519298	1
519299	1
519302	1
520770	1
520772	1
520843	7
521743	1
521744	2
524208	2
524209	3
524211	4
524432	1
525926	1
525927	1
525929	1
525930	1
525932	1
525933	1
525934	1
525935	1
525936	1
525937	2
525938	1
525939	1
525940	1
525941	1
525943	1
525944	1
525946	1
525947	1
525948	1
525949	1
525950	1
525951	1
525953	1
525954	1
525955	1
525956	1
525957	1
525958	1
525959	1
525960	1
525961	1
525964	1
525965	1
525966	1
525969	1
525970	1
525973	1
525974	1
525976	1
525977	1
525978	1
525979	1
525980	1
525981	1
525982	1
525983	1
525986	1
525987	1
525988	1
525990	1
525991	1
525992	1
525993	1
525994	1
525995	1
525997	1
525998	1
525999	1
526001	1
526002	2
526003	1
526004	1
526005	1
526006	1
526007	1
526009	1
526011	1
526012	1
526013	1
526014	1
526015	1
526016	1
526018	1
526019	1
526020	1
526021	1
526022	1
526023	1
526025	1
526026	1
526027	1
526028	1
526029	1
526033	1
526034	1
526037	1
526039	1
526041	1
526042	1
526043	1
526045	1
526046	1
526047	1
526048	1
526049	1
526050	1
526051	1
526053	1
526054	1
526056	1
526195	1
526197	4
526706	1
526755	1
526763	2
527045	1
527281	1
527284	1
527311	1
527979	1
527982	1
528268	5
529021	1
529606	2
529607	2
529608	2
529609	2
529610	2
531822	1
531823	2
531824	2
531825	1
531826	1
531827	5
531828	1
533299	2
535957	1
536166	1
536387	1
536391	1
536400	1
536420	1
536425	1
536435	1
536996	1
536997	3
537117	1
537121	1
537123	1
537124	1
537127	1
537128	1
537129	1
537131	1
537132	1
537136	1
537137	1
537139	1
537140	1
537141	1
537142	1
537143	1
537144	1
537145	1
537146	1
537147	1
537148	1
537149	1
537150	1
537152	1
537153	1
537154	1
537156	1
537157	1
537158	2
537159	1
537160	1
537161	1
537162	1
537163	1
537164	1
537165	1
537166	1
537167	1
537168	1
537169	1
537170	2
537172	1
537173	1
537176	1
537178	1
537179	1
537180	1
537181	1
537184	1
537185	1
537186	1
537187	1
537189	1
537190	1
537191	1
537192	1
537194	1
537196	1
537198	1
537199	1
537200	1
537201	1
537202	1
537489	3
538496	1
538656	1
539895	1
540757	1
540758	3
542661	1
542673	1
542762	3
543715	1
543970	1
544786	1
545221	1
545370	6
545371	6
545644	3
547291	1
547294	1
548852	2
549436	2
550456	105
550457	28
550458	43
550459	8
550874	1
552838	4
553048	1
553057	12
553064	24
554173	1
554174	1
554175	1
554176	1
554177	1
554178	1
554179	1
554180	1
554181	1
554182	1
554184	1
554185	1
554186	1
554187	1
554189	1
554190	1
554191	1
554192	1
554193	1
554194	1
554195	1
554196	1
554197	1
554198	1
554199	1
554200	1
554201	1
554202	1
554203	1
554204	1
554205	1
554206	1
554207	1
554208	1
554209	1
554210	3
554211	1
554212	1
554213	1
554214	1
554215	1
554216	1
554217	1
554218	1
554219	1
554220	1
554221	1
554222	1
554223	1
554224	1
554225	1
554226	1
554227	1
554228	1
554229	1
554230	1
554231	1
554232	1
554233	1
554234	1
554235	1
554236	1
554237	1
554238	1
554239	1
554240	1
554241	1
554242	1
554243	1
554244	1
554245	1
554246	1
554247	1
554248	1
554249	1
554250	1
554251	1
554252	1
554253	2
554254	1
554255	1
554256	1
554257	1
554690	6
555419	3
555479	1
555516	1
556514	1
557038	1
557053	2
557424	2
557558	2
558103	2
558113	2
558121	2
558123	2
558126	2
558136	2
558138	2
558447	1
558498	1
558523	1
562952	2
566134	2
566149	2
568080	2
568261	1
568267	1
569628	3
569774	1
570169	1
570847	1
571362	1
571931	1
572115	34
572123	1
572128	1
572535	2
574478	1
574893	2
574939	1
576365	40
577011	2
577412	1
577413	1
577512	8
580170	1
580341	2
580365	2
580366	2
580367	2
580368	2
580369	2
580465	3
581248	1
581249	1
584571	1
584731	1
584732	1
584733	1
584734	1
584735	1
584737	1
584738	1
584739	1
584740	1
584741	1
584742	1
584743	1
584744	1
584745	1
584746	1
584747	1
584748	1
584749	1
584752	1
584753	1
584754	1
584756	1
584757	1
584758	1
584759	1
584760	1
584761	1
584762	1
584763	1
584764	1
584765	1
584766	1
584767	1
584768	1
584769	1
586110	20
586111	12
586112	8
586119	6
586121	3
586332	1
586388	1
586717	1
586718	1
586719	1
587397	3
587398	7
587399	2
587400	4
587401	5
587402	1
587403	5
587404	1
587657	2
587659	1
587660	1
587661	1
587663	1
587666	4
587667	1
587669	4
587670	5
587671	2
587672	3
587673	2
587674	6
587675	5
587676	3
587677	5
587678	2
587679	10
587680	1
587682	3
587870	4
588395	1
588669	14
588963	1
588964	5
589710	1
589711	1
589712	1
589713	3
589714	1
589715	1
589716	1
589717	1
589718	1
589719	1
589720	1
589721	2
589722	1
589723	1
589724	1
589725	1
589726	1
589727	1
589728	1
589729	1
589730	1
589731	1
589732	1
589733	1
589734	1
589735	1
589736	6
589737	1
589738	1
589739	1
589740	1
589741	1
589742	1
589743	1
589744	1
589745	1
589746	1
589747	1
589748	1
589749	1
589750	1
589751	1
589752	1
589753	1
589754	1
589755	1
589756	1
589757	1
589758	1
589759	1
589760	1
589761	1
589763	1
589765	2
589766	1
589767	1
589768	1
589769	1
589770	1
589771	1
589772	1
589773	1
589774	1
589775	1
589776	1
589777	1
589778	1
589779	2
589780	1
589781	1
589782	1
589783	1
589784	1
589786	1
589787	1
589788	1
589789	1
589790	1
589791	1
589792	1
589793	1
589794	1
589795	1
589796	1
589797	1
589799	1
589800	1
589801	1
589802	1
589803	1
589804	1
589805	1
589806	1
589808	1
589809	1
589810	2
589811	1
589812	1
589813	1
589814	1
589815	1
589816	1
589817	1
589818	1
589819	1
589821	1
589822	1
589823	1
589824	1
589825	1
589826	1
589828	1
589829	1
589830	1
589831	1
589832	1
589833	1
589834	1
589835	1
589836	1
589838	1
589839	1
590039	3
590138	1
590139	1
590140	1
590718	2
591085	3
591095	1
591100	3
591993	5
592426	1
592576	2
593753	1
593754	2
595344	10
595351	1
595544	1
596792	1
596804	1
596806	1
610225	3
610231	3
610241	1
616994	1
622465	1
626364	69
627609	47
627969	23
629245	2
629247	4
629248	2
629250	4
629251	14
629252	2
629253	2
629255	4
629256	2
630286	1
630287	1
630288	1
630289	1
630290	1
630291	1
630292	1
630293	1
630294	1
630295	1
630296	1
630297	1
630298	1
630299	1
630300	1
630301	1
630303	1
630304	1
630305	1
630306	1
630307	1
630308	1
630309	1
630312	1
630313	1
630314	1
630315	1
630316	1
630317	1
630318	1
630319	1
630320	1
630321	1
630322	1
630323	1
630324	1
630325	2
630326	1
630327	1
630328	1
630330	1
630331	1
630332	1
630333	1
630334	1
630335	1
630337	1
630338	1
630339	1
630340	1
630341	1
630342	1
630343	1
630344	1
630345	1
632161	13
634377	3
634992	1
637478	1
637481	1
637482	26
637484	2
637485	1
637488	7
637489	1
637898	1
638626	6
638627	15
640491	1
640636	1
640637	1
640776	12
641286	5
641606	41
641607	9
642477	4
642893	3
642899	5
643838	8
644048	1
644055	2
644068	3
644193	2
644194	1
644748	1
647424	2
647427	1
647429	5
647431	5
647433	1
647434	3
647436	3
647439	2
647961	1
647968	1
648850	4
648855	2
648858	4
648859	20
648860	8
648862	1
648863	5
648864	4
648865	4
648866	34
648868	4
648869	4
648870	3
648871	4
648872	25
648873	6
648874	4
648875	4
648878	5
648879	3
648881	5
648882	12
649195	9
649199	69
649480	1
649659	2
649663	1
650413	2
650416	2
651646	1
651840	1
652461	1
652462	5
653463	5
654968	1
655088	1
655181	18
656324	1
656325	1
656327	1
656329	1
656330	1
656332	2
656334	1
656335	1
656338	1
656340	1
656342	1
656343	1
656344	1
656345	1
656346	1
656347	1
656348	1
656350	1
656351	1
656353	2
656354	1
656356	2
656358	1
656359	1
656361	1
656362	1
656363	1
656365	1
656923	1
657396	1
657397	1
657398	1
657399	2
657400	1
657401	1
657402	1
657403	1
657404	1
657405	1
657406	2
657407	1
657408	1
657464	1
657465	5
657466	5
657467	1
657469	1
657470	1
657471	2
657472	2
657473	7
657474	1
657475	1
657476	6
657479	2
657480	1
657481	1
657482	1
657483	1
657484	1
657485	1
657487	1
657488	1
657489	1
657490	1
657491	3
658105	1
659093	1
660624	3
661339	1
662772	10
662904	3
662921	1
662928	1
663975	1
663981	1
663986	1
664001	1
664011	1
664018	1
664024	1
664060	1
664069	1
664072	1
664872	1
665470	1
665494	1
665498	6
665501	1
665519	1
665525	1
665586	1
665980	2
666011	1
666687	4
666729	1
666730	3
667133	1
667228	1
667269	4
667287	8
668806	13
668956	1
669119	7
669120	1
669121	1
669122	2
669123	1
669124	1
669125	1
669126	1
669127	10
669128	1
669129	1
669130	1
669131	1
669132	1
669133	2
669134	2
669135	1
669136	4
669137	1
669138	2
669139	1
669140	1
669141	1
669142	1
669143	1
669144	1
669302	9
669631	1
669707	2
669776	2
669785	2
669850	1
671264	1
671522	1
671528	3
672237	1
675743	1
675744	3
675745	1
675746	1
675747	1
675748	1
675749	1
676073	20
679631	1
680190	4
681286	2
681404	1
681426	3
681566	1
682520	5
683755	16
684742	4
685054	1
688281	2
688336	1
688344	3
688352	4
688535	1
689842	14
690320	1
690556	11
690557	4
690795	1
691175	1
691176	1
691177	1
691178	1
691180	1
691181	1
691182	1
691183	1
691185	1
691206	2
691207	1
691208	3
691209	3
691210	1
691211	1
691212	1
691213	1
691214	2
691215	1
691216	1
691217	1
691218	2
691236	4
691238	1
691790	6
691791	4
691792	1
692006	1
693046	1
693108	2
693364	1
693367	5
693372	2
694482	22
696533	1
697682	3
697684	1
698326	8
701380	1
701534	1
702304	22
705300	2
706490	36
706491	14
709052	1
710101	2
710102	1
710636	7
714438	5
714439	5
714440	6
714441	7
714442	4
714443	11
714444	5
714445	2
714446	15
714447	11
714448	3
714449	17
714450	7
714451	5
714452	3
714453	1
714454	5
714455	6
714456	3
714457	7
714458	25
714459	6
714460	5
714462	1
714463	1
714465	22
714466	3
714468	5
714469	3
714470	2
714471	2
714472	2
714473	9
714475	4
714476	5
714477	6
714478	1
714479	3
714481	1
714482	4
714483	2
714485	3
714486	6
714488	8
714489	6
714491	3
714492	5
714493	72
714494	4
714495	1
714497	3
714498	4
714499	8
714500	3
714502	3
714503	11
714504	1
714506	4
714507	4
714508	4
714510	4
714511	5
714512	12
714513	30
714514	17
714515	6
714516	2
714517	2
714518	36
714648	1
714890	1
714896	7
716909	4
716910	1
720869	1
720871	1
725112	3
741061	4
741065	1
743432	6
743510	1
744035	1
744038	1
744039	9
746824	1
748688	1
748691	1
748693	37
748699	2
748703	28
748705	1
748719	24
748721	7
751595	1
751704	1
751800	1
751808	1
754108	1
754109	1
754110	2
754111	1
754112	1
754113	2
754884	1
755258	9
758917	1
759864	1
761068	1
763963	1
763973	1
763982	1
764529	1
764770	1
765270	2
765729	1
765730	1
765831	1
768177	1
797115	1
797601	1
797614	1
797997	1
798184	3
798285	1
798536	1
856997	1
857491	1
857492	1
857493	1
857494	1
857496	1
858344	25
858909	4
858910	1
858911	1
858915	1
858916	1
858932	1
858964	1
859222	10
859277	18
859507	5
859523	3
859543	3
859589	1
860324	1
860750	2
860757	1
861393	3
861397	3
861401	3
861403	2
861404	3
861406	3
861407	3
861408	3
861410	12
861413	3
867429	1
867535	1
869935	1
872009	2
873094	1
874444	1
883761	3
883857	1
883861	1
884040	1
885520	1
886264	3
886265	1
886974	1
887861	1
889052	1
891976	8
903997	7
906670	3
906689	1
906763	3
906878	7
907957	1
909164	10
909278	1
912401	1
912412	1
912461	5
912524	1
913222	1
913223	1
913882	1
925448	1
927720	2
927721	2
927722	2
927723	1
927724	2
927725	2
927809	1
928047	2
929405	6
929407	7
929499	2
931233	1
931240	1
933138	1
933141	1
933150	1
933366	1
933368	1
933396	1
933403	1
934700	2
941464	3
941465	1
941844	1
943092	3
943093	1
943096	3
943432	1
944773	1
945150	2
945151	2
945153	1
945155	1
945156	1
945157	1
945158	1
945159	1
945160	2
945161	1
945164	1
945165	1
945167	1
945168	1
945169	1
945170	1
945171	2
945177	1
945178	1
945180	1
945181	1
945803	1
948041	6
948492	1
948712	2
948713	2
948714	2
948715	2
948716	2
948717	2
948718	2
980658	1
983245	1
985675	1
986863	28
994668	1
996405	3
1003621	1
1005388	1
1005389	1
1005391	1
1005568	1
1005569	1
1005576	1
1005577	1
1005578	1
1005579	1
1005582	1
1005583	1
1005587	1
1005589	1
1005590	1
1005591	1
1005592	1
1005593	1
1005595	1
1005598	1
1005601	1
1005602	1
1005603	1
1005604	1
1005605	1
1005606	1
1005607	1
1005617	1
1005619	1
1005620	1
1005621	1
1005622	1
1005624	1
1006085	3
1006345	2
1006346	2
1006347	2
1006348	2
1006351	2
1008370	2
1008907	1
1008914	7
1009338	2
1009473	1
1009485	1
1009486	2
1009501	2
1009510	4
1009589	1
1027072	1
1027781	3
1027791	1
1027794	1
1028816	1
1030188	1
1030194	1
1030196	1
1030201	1
1030206	1
1030209	1
1030210	1
1035072	1
1035560	2
1035925	1
1037322	1
1037324	1
1037467	3
1037468	3
1037469	2
1037473	2
1037475	3
1037480	3
1042143	2
1043417	1
1043419	1
1043449	1
1043452	3
1043453	17
1043459	1
1043460	5
1043461	3
1043466	3
1043506	2
1043518	3
1043519	3
1043520	3
1043521	3
1043522	3
1043523	3
1043524	3
1043525	3
1043527	3
1043528	3
1043529	3
1043530	3
1043531	3
1043533	3
1043534	3
1043535	3
1043536	3
1043537	3
1043538	3
1043539	3
1043540	3
1043541	3
1043542	3
1043543	3
1043544	3
1043545	3
1043546	3
1043547	3
1043548	3
1043549	3
1043550	3
1043552	3
1043554	3
1043555	3
1043556	3
1043557	3
1043558	3
1043559	3
1043560	3
1043561	3
1043562	3
1043563	3
1043716	1
1044913	3
1044916	3
1044919	3
1044923	3
1044967	1
1045114	3
1045180	3
1045182	3
1045183	3
1045222	1
1045225	1
1045227	3
1045228	2
1045230	4
1045231	15
1045232	3
1045233	3
1045234	4
1045235	3
1045283	1
1045292	1
1045294	1
1045302	2
1045341	4
1045344	4
1045346	3
1045347	3
1045348	3
1045352	3
1045353	3
1045354	3
1045355	3
1045358	1
1045548	1
1046468	1
1048799	1
1049779	6
1049951	1
1052009	1
1052144	1
1052169	5
1052175	1
1053340	1
1053367	2
1053689	1
1054295	1
1056462	1
1056468	8
1056469	1
1056473	1
1056474	5
1056475	1
1060938	1
1065498	1
1071202	1
1071897	2
1072205	1
1072387	1
1073321	4
1073819	1
1073848	4
1073918	1
1073919	2
1073920	5
1075208	1
1075362	3
1076197	1
1076878	5
1078262	11
1079190	2
1079191	2
1079192	2
1079193	2
1079194	2
1079195	2
1079196	4
1079197	2
1079198	2
1079199	4
1079200	2
1079201	2
1079202	2
1079203	4
1079205	6
1079206	4
1079207	2
1079209	2
1079210	4
1079211	4
1079212	2
1079706	1
1079708	1
1079709	1
1079710	1
1079711	1
1079712	1
1079713	1
1081515	1
1081585	4
1081628	1
1082498	3
1082499	3
1082501	1
1082640	3
1082641	2
1082643	2
1084240	1
1084241	1
1084670	1
1084684	1
1084694	1
1084697	1
1085696	1
1085716	1
1087761	1
1087777	1
1088373	1
1088402	2
1088842	1
1088844	1
1089404	3
1089578	1
1095214	1
1097627	1
1099790	1
1104330	1
1110424	2
1111103	3
1114882	1
1115355	2
1115361	1
1115368	2
1115369	1
1115371	1
1115507	1
1115760	3
1115761	1
1115779	1
1115780	1
1115785	1
1115787	1
1115788	2
1115790	1
1115791	1
1115792	1
1115795	1
1115796	1
1115800	1
1115965	1
1117042	2
1117634	1
1123467	1
1125402	1
1127147	4
1127166	1
1128101	1
1128102	6
1128103	3
1128104	2
1128105	7
1128166	1
1132107	1
1132108	1
1132224	1
1136743	1
1137012	1
1141427	27
1143232	1
1148158	1
1150280	1
1150289	2
1151064	1
1151088	1
1151092	1
1155211	1
1155220	2
1155244	1
1155552	1
1156563	1
1157098	1
1158923	3
1161150	1
1165888	3
1165889	4
1165891	4
1167104	1
1167109	1
1167110	1
1167111	1
1167112	1
1167113	1
1167114	1
1167122	1
1167123	1
1167126	1
1167127	1
1167128	3
1167129	1
1167131	1
1167132	1
1167136	1
1167141	1
1167147	1
1167150	1
1167152	1
1167155	1
1167157	1
1167159	3
1167161	1
1167163	1
1167166	1
1167167	1
1167170	1
1167172	1
1167177	1
1167179	1
1167180	1
1167185	1
1167186	1
1167190	1
1167192	2
1167197	1
1168070	1
1168071	12
1168213	1
1170222	5
1170855	11
1171825	2
1171830	2
1171836	1
1171838	2
1171839	1
1171842	1
1171940	1
1172588	6
1172590	6
1172591	2
1173698	1
1173699	3
1173700	1
1177120	1
1177122	7
1177126	1
1177204	2
1177205	2
1177206	1
1177207	2
1177760	1
1179215	2
1181300	1
1185422	1
1185423	2
1185425	1
1185736	2
1187068	3
1187069	1
1187070	3
1187071	2
1187072	5
1187073	1
1187074	9
1187076	6
1187077	2
1189063	1
1189607	1
1190699	2
1191337	1
1191342	1
1191343	2
1191345	1
1193152	1
1193221	1
1193222	1
1193223	1
1193224	1
1193225	5
1193226	1
1193228	4
1193229	1
1193230	5
1193231	6
1193232	1
1193233	7
1193234	5
1193236	10
1193237	4
1193239	2
1193240	1
1193241	1
1193242	2
1193243	1
1193244	1
1193245	5
1193246	1
1193247	2
1193248	1
1193249	2
1193250	6
1193251	1
1193252	1
1193253	2
1193254	1
1193255	5
1193257	7
1193258	9
1193259	1
1193260	1
1193261	2
1193262	1
1193264	8
1193265	6
1193266	2
1193267	1
1193268	1
1193269	1
1193270	1
1193272	1
1193273	1
1193274	1
1193840	1
1195128	3
1195654	1
1196470	1
1196473	1
1196499	2
1196506	1
1200268	2
1200269	1
1200270	5
1200271	1
1200272	5
1200273	1
1200274	2
1200275	2
1200276	1
1200277	1
1200278	1
1200279	1
1200280	1
1204676	6
1205721	1
1208399	4
1208400	2
1208403	3
1208404	4
1208405	5
1208406	2
1208418	1
1209444	3
1209445	1
1209464	1
1211485	1
1213180	1
1217299	6
1220084	1
1220707	1
1221188	4
1222206	1
1222208	1
1225086	1
1225666	4
1226251	1
1226760	3
1227616	1
1227618	2
1227619	1
1227621	1
1227622	1
1227623	1
1227624	3
1227625	1
1227626	1
1227627	1
1227628	1
1227629	1
1227630	1
1227631	3
1227632	6
1227633	1
1227635	1
1227636	1
1227637	1
1227638	1
1227639	1
1227640	1
1227641	1
1234497	5
1234506	2
1234622	6
1235874	1
1237121	1
1238151	8
1238152	1
1238154	1
1239340	1
1241035	5
1241048	2
1241097	1
1241103	2
1241109	22
1241126	10
1241166	5
1241228	1
1246514	1
1249012	1
1249013	1
1256061	10
1262114	2
1262115	2
1262116	2
1262117	7
1262119	3
1262120	2
1262544	2
1264564	1
1264811	1
1265920	1
1265921	1
1265922	1
1265923	1
1265924	1
1265925	2
1265926	1
1265927	1
1265928	1
1266742	1
1266843	6
1273423	1
1277281	2
1277763	1
1279182	5
1279187	1
1279197	1
1279215	1
1280228	1
1281728	1
1284455	1
1286291	1
1286292	2
1286297	2
1286298	1
1286299	2
1286300	1
1286304	2
1286305	2
1287603	1
1287611	1
1287614	1
1288005	2
1288006	1
1288007	1
1288008	1
1288009	1
1288010	6
1288013	3
1288014	4
1288015	1
1288016	2
1288017	2
1288018	2
1288019	1
1288020	1
1288021	8
1295405	1
1295406	4
1295407	3
1295408	2
1295409	1
1297626	1
1297627	1
1297628	1
1297629	1
1297754	1
1297755	1
1301356	3
1301445	2
1302566	21
1303468	1
1310058	2
1310063	3
1312036	1
1321275	3
1321279	3
1323965	1
1323968	3
1325988	1
1325996	1
1333952	1
1333958	1
1335624	1
1336656	4
1338412	2
1338413	2
1338414	1
1338415	1
1338416	1
1338417	2
1338418	1
1338419	1
1338535	1
1341704	2
1341721	3
1341723	7
1348677	1
1348679	1
1348680	1
1348681	1
1348682	1
1348683	1
1348686	1
1348687	1
1348688	1
1348689	1
1348690	1
1348692	1
1348693	1
1348694	1
1348695	1
1348696	1
1348697	1
1348698	1
1348699	1
1348700	1
1348701	1
1348703	1
1348704	1
1348706	1
1348708	1
1348710	1
1348712	1
1348713	1
1348716	1
1348718	1
1348719	1
1348752	1
1352233	6
1353837	4
1353838	8
1353839	2
1354201	3
1354203	5
1354295	2
1357951	3
1358788	3
1358789	5
1358792	2
1366212	3
1366954	1
1366961	1
1366965	1
1368264	3
1370097	2
1377996	1
1381401	1
1381404	1
1381998	1
1382036	1
1382064	1
1389438	2
1389440	9
1389444	1
1391459	1
1392136	1
1392145	1
1398665	1
1398666	1
1398667	1
1398668	1
1398669	1
1398670	1
1398671	1
1398672	1
1398673	1
1398674	1
1398675	1
1399660	1
1399668	1
1400674	1
1401048	1
1401049	1
1402425	1
1403170	1
1405454	4
1408263	2
1413680	2
1417354	1
1419728	3
1423387	1
1424752	1
1425631	2
1425632	2
1428885	1
1439899	2
1439910	3
1439918	2
1439920	8
1439928	1
1439934	1
1440580	1
1442760	9
1442761	5
1442762	8
1442770	1
1442784	2
1442786	1
1445415	1
1445481	1
1445482	1
1445483	1
1445484	1
1445485	1
1445486	1
1445487	1
1445488	2
1447709	1
1450141	1
1450213	1
1450214	1
1451284	6
1460001	6
1461640	1
1470417	3
1470447	1
1471559	1
1472306	2
1472730	1
1475012	2
1475014	3
1475209	6
1475377	1
1475404	1
1475437	1
1478180	1
1479707	5
1483569	1
1484106	6
1487140	1
1489152	1
1495518	2
1495519	5
1496040	2
1499133	2
1499135	1
1499140	1
1499142	4
1499949	1
1499950	1
1499951	1
1499976	5
1500038	1
1500039	2
1500040	2
1500041	2
1500521	1
1500766	1
1501456	2
1501457	3
1501458	2
1501461	1
1501462	3
1501464	1
1501466	13
1501468	3
1501469	3
1501473	1
1501474	3
1504192	1
1504193	1
1504194	1
1504197	1
1504198	3
1504467	1
1504490	1
1505188	26
1505743	1
1505744	1
1505745	1
1505746	1
1505747	3
1505749	1
1505750	1
1505751	3
1505753	1
1505754	1
1505755	3
1505756	3
1505758	1
1505759	1
1505760	1
1507415	3
1508132	1
1508136	1
1508137	1
1508732	3
1510229	1
1513203	3
1520715	29
1520937	1
1521133	2
1521452	8
1523239	1
1523608	1
1523937	2
1523938	1
1523939	5
1523940	3
1523941	4
1523942	3
1523943	4
1524314	1
1524680	1
1525811	1
1527830	1
1529106	9
1529107	12
1529108	9
1529567	1
1530320	3
1532251	1
1532343	2
1532400	1
1533088	1
1533089	1
1533246	1
1534435	3
1534440	5
1534443	3
1534671	2
1535420	1
1540051	1
1540337	1
1540383	4
1540561	1
1541224	1
1541227	1
1543391	1
1546436	1
1546479	2
1547496	1
1547560	2
1547564	2
1547565	10
1548302	1
1549776	2
1550271	1
1550811	1
1552705	1
1554441	1
1554443	2
1554445	1
1554446	1
1554447	1
1554448	1
1554449	1
1554450	1
1556310	2
1559809	1
1559810	1
1559821	1
1568988	1
1569458	1
1569459	1
1569460	1
1569461	1
1570124	1
1571644	1
1574107	1
1574131	1
1574219	1
1577077	4
1579219	1
1579220	1
1580191	1
1580825	22
1585251	1
1586302	6
1587551	1
1588805	1
1589900	1
1589901	1
1589903	1
1591053	1
1594481	1
1594482	1
1603695	6
1603709	4
1603722	1
1603728	1
1603830	2
1603837	7
1603847	4
1604314	7
1605860	1
1605875	1
1608955	2
1611021	1
1611029	3
1611641	1
1616291	1
1616318	1
1616320	1
1616338	1
1616350	1
1616356	1
1616377	2
1617259	1
1617328	1
1617335	2
1617348	1
1617358	1
1617360	1
1617367	1
1619609	1
1620181	1
1620182	2
1620183	2
1621222	3
1621223	3
1630190	1
1631704	1
1633899	1
1633900	1
1633901	1
1633902	1
1633923	1
1634001	72
1635313	4
1638378	1
1638385	2
1639875	1
1639876	1
1640435	1
1640436	2
1640519	2
1640520	6
1640521	2
1640522	2
1641144	1
1642312	1
1643302	1
1650714	1
1650720	1
1655165	1
1655166	1
1655167	1
1655168	1
1655169	1
1655170	2
1655171	1
1655172	2
1655173	2
1655241	1
1663405	10
1665506	1
1665508	1
1671965	1
1672627	11
1674046	1
1674452	1
1676253	1
1679259	1
1679278	1
1679282	2
1679286	1
1679287	3
1679291	3
1679292	1
1679342	1
1679399	2
1679420	2
1679725	2
1679796	1
1680162	1
1680175	1
1680176	1
1681199	10
1681200	10
1682376	5
1683472	1
1685506	17
1685716	1
1686258	2
1688730	1
1689479	1
1689807	1
1692179	1
1697474	5
1699200	1
1699510	2
1699511	1
1702080	1
1705295	16
1705581	1
1705973	6
1710979	6
1710980	3
1711510	1
1711512	1
1712215	1
1712247	14
1713838	1
1715696	2
1715890	1
1718248	1
1719623	6
1719624	10
1720538	4
1729362	1
1729363	1
1729364	1
1729366	1
1729367	1
1729368	1
1729734	4
1737058	12
1740896	2
1744983	1
1744985	1
1744986	1
1744987	1
1744988	1
1744989	1
1744990	1
1744992	1
1744993	1
1744994	2
1744995	1
1744997	1
1744999	1
1745000	1
1745002	1
1745003	1
1745004	1
1745005	1
1745007	1
1745009	1
1745011	1
1745012	1
1745014	1
1745017	1
1745018	1
1745020	1
1745022	1
1745023	1
1745024	1
1745025	1
1745026	1
1745029	1
1745033	1
1745034	1
1745035	1
1745036	1
1745037	1
1745039	1
1745041	1
1745042	1
1745044	1
1745047	1
1745051	1
1745052	1
1745055	1
1745056	1
1745057	1
1745058	1
1745059	1
1745061	1
1745063	1
1745065	1
1745066	1
1745067	1
1745068	1
1745069	1
1745071	1
1745074	1
1745075	1
1745077	1
1745078	1
1745079	1
1745081	1
1745082	1
1745084	1
1745085	1
1745086	1
1745087	1
1745088	1
1745089	1
1745090	1
1745091	1
1745093	1
1745094	1
1745095	1
1745096	1
1745098	1
1745100	1
1745101	1
1745103	1
1745106	1
1745108	1
1745110	1
1745112	1
1745113	1
1745115	1
1745117	1
1745118	1
1745120	1
1745121	1
1745123	1
1745124	1
1745125	1
1745127	1
1745128	1
1745131	1
1745132	1
1745134	1
1745138	1
1745139	1
1745141	1
1745143	1
1745144	1
1745145	1
1745147	1
1745149	1
1745152	1
1745153	1
1745155	1
1745156	1
1745157	1
1745158	1
1745160	1
1745163	1
1745164	1
1745165	1
1745166	1
1745167	1
1745169	1
1745170	1
1745171	1
1745172	1
1745173	1
1745174	1
1745175	1
1745176	1
1745177	1
1745178	1
1745180	1
1745181	1
1745183	1
1745206	1
1745208	1
1747496	1
1747497	3
1747498	2
1749380	1
1749391	1
1752150	2
1752766	1
1754120	1
1766675	1
1766676	1
1766721	8
1769926	1
1769945	2
1772079	1
1777476	10
1778371	1
1780282	3
1780285	1
1784779	1
1785120	1
1785636	1
1798782	1
1803871	5
1803872	2
1804196	1
1804979	6
1806195	8
1806196	1
1806665	1
1810409	1
1810410	1
1810411	1
1810412	1
1810413	1
1810414	1
1810415	1
1810416	1
1810417	1
1811967	6
1811968	9
1811969	3
1811970	9
1813208	2
1821573	1
1825752	1
1826179	11
1826184	4
1826188	3
1826903	1
1827168	1
1828746	1
1828751	1
1835415	2
1836947	3
1840403	1
1840792	5
1847802	2
1847820	1
1848043	1
1848539	1
1849773	1
1850233	2
1851655	1
1851656	2
1851657	3
1851658	2
1851659	2
1851660	2
1851661	2
1851662	2
1854048	2
1854051	2
1867292	1
1870833	3
1871135	2
1871136	3
1871137	3
1871138	2
1871139	3
1871140	2
1871142	4
1871909	3
1871911	2
1874160	1
1874238	1
1882467	1
1882480	7
1883403	12
1883429	4
1886610	5
1886644	5
1886645	2
1886646	2
1886647	2
1887444	1
1887640	6
1892667	1
1892705	1
1892707	1
1896644	1
1898828	1
1898830	1
1898848	1
1898889	1
1898897	1
1902514	1
1902515	1
1902516	1
1902517	1
1903196	1
1903233	1
1905006	4
1907492	1
1907493	1
1907828	1
1907829	1
1909157	1
1909158	1
1914875	1
1917953	20
1925543	3
1925544	3
1925545	4
1925547	6
1928652	2
1930050	4
1932008	1
1934111	7
1937732	1
1939626	1
1941405	1
1948900	1
1954564	1
1958850	1
1958859	1
1958860	1
1961193	1
1961204	1
1961230	3
1961231	2
1961827	1
1963246	6
1967467	6
1968639	1
1970674	1
1972025	1
1972028	1
1972029	1
1972031	1
1973159	7
1974243	1
1974244	2
1974245	1
1974246	1
1974247	2
1974248	1
1974251	2
1974252	2
1974255	2
1974257	2
1974258	1
1974259	1
1974260	1
1974261	1
1974262	1
1974263	1
1974264	2
1974265	1
1974267	1
1974268	1
1974269	1
1978917	15
1979456	1
1981898	3
1981899	2
1981900	2
1981901	1
1981903	1
1981904	1
1981906	2
1981907	3
1981908	1
1981909	3
1981910	1
1981911	3
1981912	2
1981913	3
1981914	1
1986521	1
1993813	1
2003741	12
2005096	1
2005121	1
2005123	1
2005312	1
2006533	1
2015378	1
2016200	1
2016256	22
2021389	1
2021736	2
2021737	2
2022775	1
2022800	1
2023225	1
2023250	1
2026476	1
2026551	1
2026611	1
2026862	1
2029069	1
2029070	1
2029071	1
2029072	1
2029073	1
2029074	1
2029075	1
2029076	1
2029077	1
2029078	3
2029079	1
2029856	5
2034675	1
2034676	1
2035797	1
2035798	1
2036834	1
2038585	1
2038672	1
2038673	1
2038674	1
2038675	4
2039493	1
2039517	1
2044332	1
2053796	3
2053797	6
2054263	1
2054479	1
2054481	1
2054482	1
2054694	1
2054711	1
2056096	1
2056097	1
2056098	1
2056099	1
2056100	1
2056101	1
2056102	1
2056103	1
2056104	1
2056105	1
2058611	16
2058612	1
2058626	1
2058628	1
2058629	1
2058631	1
2058632	1
2058633	1
2058634	1
2058635	1
2058636	1
2058637	1
2058638	1
2058639	1
2058640	1
2058641	1
2058642	1
2058643	2
2058644	1
2058645	1
2058646	1
2058647	1
2058648	1
2058649	1
2058650	1
2058651	2
2058652	2
2058653	1
2058654	1
2058655	1
2058656	1
2058660	1
2058661	1
2058662	1
2058663	1
2058667	1
2065909	1
2066564	2
2067815	1
2068724	1
2068725	2
2068726	2
2068727	2
2068728	2
2068729	2
2068730	2
2068741	1
2068752	5
2068773	12
2070770	1
2071404	1
2071430	1
2071431	1
2071434	1
2071435	1
2071479	2
2071485	1
2071526	1
2071533	1
2071534	1
2071535	1
2071985	1
2073048	4
2078958	1
2078959	1
2078960	1
2078961	1
2078962	1
2078963	1
2078964	1
2078965	1
2078966	1
2078967	1
2078968	1
2078969	1
2078970	1
2078971	1
2078972	1
2080647	1
2080829	1
2086529	2
2086530	2
2086531	3
2086532	1
2086533	1
2086534	2
2086535	2
2086536	1
2086537	1
2086538	1
2086539	2
2086540	1
2093304	1
2099527	1
2099738	1
2099777	1
2100441	1
2126358	7
2126370	2
2138285	1
2138286	9
2138287	7
2152747	1
2161780	1
2171543	2
2171546	1
2171722	6
2171728	3
2174088	2
2182691	9
2184523	3
2184935	1
2184936	1
2185204	1
2200723	1
2200778	2
2201477	3
2201478	4
2232084	5
2245000	1
2259515	1
2259516	2
2259517	1
2259518	2
2259521	1
2263190	3
2263192	3
2263193	3
2263202	2
2263204	4
2263205	1
2263206	3
2263209	1
2263212	6
2263213	4
2263217	1
2263219	3
2263220	5
2263221	5
2267879	3
2267880	1
2267881	2
2268135	5
2290811	17
2290812	12
2290814	5
2290815	3
2290816	3
2290817	1
2290818	4
2291122	42
2291123	2
2291128	5
2291136	1
2291139	1
2291425	2
2293365	2
2293400	1
2293761	1
2303445	1
2303478	1
2304332	1
2304424	1
2304461	1
2306222	1
2316889	2
2338884	1
2338961	1
2364179	1
2420276	1
2420365	6
2448053	1
2448748	1
2478897	1
2482929	1
2486370	4
2486371	3
2486372	6
2487574	3
2491249	1
2495462	1
2497504	1
2497505	1
2497506	2
2497512	1
2497513	1
2497514	1
2497515	1
2497517	1
2497519	1
2497520	1
2497521	1
2497522	1
2497524	1
2497525	1
2497529	1
2497531	1
2497533	1
2497534	1
2497535	1
2497536	1
2497537	1
2497538	1
2497548	2
2497549	2
2497550	2
2497579	2
2497580	2
2497582	1
2497583	1
2497584	1
2497585	1
2497586	1
2497587	1
2497588	1
2497589	1
2497706	1
2498444	2
2498593	1
2498596	1
2501732	1
2503017	1
2508337	1
2508338	6
2508339	4
2508340	3
2508969	1
2510607	4
2511970	4
2512106	1
2516533	3
2517374	2
2518009	1
2518360	1
2545457	1
2547412	7
2547524	1
2547594	1
2558451	8
2558452	4
2565503	1
2565504	1
2565505	1
2565550	1
2565727	1
2565757	1
2566086	1
2570252	1
2570255	1
2570274	3
2571041	1
2577037	1
2577040	1
2579233	1
2579772	1
2582807	1
2582994	4
2582995	2
2584348	2
2588548	1
2591387	1
2594947	1
2602999	1
2605637	3
2606424	3
2606429	3
2607458	1
2607557	2
2607562	1
2607573	1
2607574	1
2607583	1
2609891	1
2609894	1
2650447	1
2652352	1
2652709	1
2661588	4
2661956	1
2665450	1
2665451	1
2665963	1
2666246	1
2684401	1
2686325	2
2689076	8
2691861	1
2691862	1
2692206	6
2692268	1
2704642	3
2704643	3
2704644	3
2704645	3
2705711	1
2706574	28
2708236	4
2708237	2
2710647	1
2719924	1
2729099	1
2729100	1
2729101	1
2731259	1
2732308	1
2741391	1
2741397	1
2741992	1
2745758	1
2746221	1
2746705	1
2746707	1
2752472	1
2753224	1
2753440	1
2758143	1
2758150	1
2762161	13
2768810	3
2769552	8
2770823	1
2770829	2
2770839	1
2774610	1
2777021	13
2777458	3
2777733	1
2778344	1
2780041	1
2780042	1
2780043	1
2780044	1
2783677	1
2783679	4
2783680	2
2783682	3
2783722	1
2783723	6
2783724	1
2783725	1
2783726	2
2783727	4
2783728	1
2783729	6
2783730	2
2783731	2
2783732	1
2783744	1
2783745	1
2783746	1
2783747	1
2783748	1
2783749	1
2783750	1
2783751	1
2783752	1
2783753	1
2783754	1
2783755	1
2783756	1
2783757	4
2783758	5
2783759	1
2783760	1
2783892	3
2783895	1
2783896	1
2783897	1
2784278	1
2795722	4
2802518	1
2804999	1
2805000	2
2805003	1
2806850	1
2807120	1
