AB011612	49648
AB011613	49648
AB011614	49648
AB011615	49648
AB011616	49648
AB011617	49648
AB011618	49648
AB011619	49648
AB011620	49648
AB011621	49648
AB011622	49648
AB011623	49648
AB011624	49648
AB011625	49648
AB011626	49650
AB011627	279738
AB011628	49651
AB013856	55605
AB013857	57122
AB013873	76001
AB019948	33113
AB019949	84168
AB019950	84169
AB019951	84170
AB019952	84171
AB019953	84172
AB019954	84173
AB019955	84174
AB019956	84175
AB019957	84176
AB019958	84177
AB019959	84178
AB019960	84179
AB019961	84180
AB019962	84181
AB019963	84182
AB019964	84183
AB019965	84184
AB019966	84185
AB019967	84186
AB019968	84187
AB019969	84188
AB019970	84189
AB019971	84190
AB019972	84191
AB019973	84192
AB019974	84193
AB019975	84194
AB019976	84195
AB019977	84196
AB019978	84197
AB019979	84198
AB019980	84199
AB019981	84200
AB019982	33124
AB019983	84201
AB019984	84202
AB019985	84203
AB019986	84204
AB020343	85361
AB020345	85361
AB020347	85361
AB020350	85361
AB020352	85438
AB020354	85438
AB020356	85438
AB020358	85438
AB020360	85361
AB020362	85362
AB020364	85362
AB020366	85362
AB020368	85362
AB020370	85363
AB020372	85363
AB020374	85363
AB033891	3486
AB033898	3485
AB035208	65041
AB035209	65041
AB035991	113517
AB035994	112786
AB035995	112786
AB035996	112787
AB035997	92907
AB035998	112788
AB035999	112789
AB036000	112790
AB036001	112790
AB036002	112790
AB036003	112790
AB036004	112791
AB036005	112792
AB036006	112793
AB036007	112793
AB036008	112793
AB036009	112793
AB036010	113517
AB036011	113517
AB036012	113517
AB036013	113517
AB036014	2762161
AB059746	3918
AB059747	157680
AB059839	157739
AB059840	157741
AB059841	157743
AB059842	157745
AB059843	157746
AB059844	157747
AB059845	157748
AB059846	157749
AB059847	157744
AB059848	3916
AB059849	157750
AB059850	157751
AB059851	157752
AB059852	87086
AB059853	157753
AB059854	87088
AB059855	87084
AB059856	87079
AB060082	87088
AB060083	87077
AB060084	157747
AB060085	157811
AB060086	157812
AB060087	3918
AB060088	157680
AB060089	157739
AB060090	157741
AB060091	157743
AB060093	157745
AB060094	157746
AB060095	157747
AB060096	157748
AB060097	157749
AB060098	157744
AB060099	157750
AB060100	157751
AB060101	157752
AB060102	87086
AB060103	157753
AB060104	87088
AB060105	87084
AB060106	87079
AB060138	87088
AB060139	87077
AB060140	157747
AB060141	157811
AB060142	157812
AB076199	115875
AB076202	171013
AB076206	179184
AB076229	115879
AB076237	3304
AB076240	182486
AB076242	34343
AB090283	34199
AB090285	34199
AB090287	34199
AB090289	34199
AB090291	34199
AB090293	34199
AB107200	154495
AB107202	154504
AB107204	154504
AB107206	153962
AB107208	3888
AB115778	74781
AB118134	243817
AB118136	4217
AB118138	143210
AB185886	287754
AB185888	287755
AB185890	3910
AB190821	293751
AB190823	293751
AB190825	293751
AB190827	293751
AB190829	293751
AB190831	293751
AB190833	293751
AB190835	293751
AB190837	293751
AB190839	293751
AB190841	293751
AB190843	293751
AB190845	293751
AB190847	293751
AB190849	293751
AB190851	293751
AB190853	293752
AB190855	293752
AB190857	293753
AB190859	293754
AB190861	293755
AB195562	272862
AB195563	272856
AB195564	100514
AB195565	100514
AB195566	100514
AB195567	100514
AB195568	100514
AB195569	100514
AB195570	100514
AB195571	100514
AB195572	100514
AB195573	100514
AB195574	100514
AB195575	100514
AB195576	100514
AB195577	100514
AB195578	100514
AB195579	302266
AB195716	4686
AB196738	272855
AB196739	272862
AB196740	272862
AB196741	272862
AB196742	272862
AB196743	272862
AB196744	272862
AB196745	272862
AB196746	272862
AB196747	272862
AB196748	272862
AB196749	272862
AB196750	272862
AB196751	272862
AB196752	272862
AB196753	272862
AB196754	272862
AB196755	272862
AB196756	272862
AB196757	272862
AB196758	272862
AB196759	272862
AB196760	272862
AB196761	272862
AB196762	272862
AB196763	272862
AB196764	272862
AB196765	272862
AB196766	272862
AB196767	272862
AB244985	272865
AB245517	59054
AB245518	272861
AB245519	253809
AB246319	272863
AB246923	366664
AB246924	366664
AB246925	366664
AB246926	366664
AB246927	366664
AB246928	366664
AB246929	366664
AB246930	366664
AB246931	366664
AB246932	366664
AB246933	366664
AB246934	366664
AB246935	366664
AB246936	366664
AB246937	366664
AB246938	366664
AB246939	366664
AB246940	366664
AB246941	366664
AB246942	366664
AB246943	366664
AB246944	366664
AB246945	366664
AB246946	366664
AB246947	366664
AB246948	366664
AB246949	366664
AB246950	366664
AB246951	366664
AB246952	366664
AB246953	366664
AB246954	366664
AB246955	366664
AB246956	366664
AB246957	366664
AB246958	366664
AB246959	366664
AB246960	366664
AB246961	366664
AB246962	366664
AB246963	366664
AB246964	366664
AB246965	366665
AB246966	366665
AB246967	366665
AB246968	366665
AB246969	366668
AB246970	366668
AB246971	366668
AB246972	366668
AB246973	366668
AB246974	366668
AB246975	366668
AB246976	366668
AB246977	366667
AB246978	366667
AB246979	366667
AB246980	366667
AB246981	366669
AB246982	366669
AB246983	366669
AB246984	366669
AB246985	366672
AB246986	366672
AB246987	366672
AB246988	366672
AB246989	366672
AB246990	366672
AB246991	366672
AB246992	366672
AB246993	366673
AB246994	366673
AB246995	366673
AB246996	366673
AB246997	366673
AB246998	366673
AB246999	366673
AB247000	366673
AB247001	366671
AB247002	366671
AB247003	366671
AB247004	366671
AB247005	366671
AB247006	366671
AB247007	366671
AB247008	366671
AB247009	366671
AB247010	366671
AB247011	366671
AB247012	366671
AB247013	366671
AB247014	366671
AB247015	366670
AB247016	366670
AB247017	366670
AB247018	366670
AB247019	366670
AB247020	366670
AB247021	366670
AB247022	366670
AB247023	366666
AB247024	366666
AB247025	366666
AB247026	366666
AB247027	366666
AB247028	366666
AB247029	366666
AB247030	366666
AB247031	366666
AB247032	366666
AB247033	367784
AB247034	367784
AB247035	367784
AB247036	367784
AB247037	367785
AB247038	367785
AB247039	367785
AB247040	367785
AB247041	367785
AB247042	367785
AB247043	367785
AB247044	367785
AB247045	336662
AB247046	336662
AB247047	76081
AB247048	76081
AB247049	76089
AB247050	76089
AB250631	372898
AB254667	378329
AB281143	62335
AB281157	128810
AB281159	128810
AB355487	463612
AB359727	344876
AB359728	344871
AB359729	146993
AB359730	159693
AB359731	413244
AB359732	466062
AB359733	466063
AB359734	466064
AB359735	146995
AB359736	146995
AB359737	466065
AB359738	466066
AB359739	344872
AB359740	413245
AB359741	413653
AB359742	223868
AB359743	146996
AB359744	333948
AB359745	146997
AB359746	466068
AB359747	146998
AB359748	413247
AB359749	147000
AB359750	413248
AB359751	466069
AB359752	466070
AB359753	147002
AB359754	413246
AB359755	344874
AB359756	463591
AB359757	413250
AB359758	147003
AB359759	205360
AB359760	99024
AB359761	466054
AB359762	466055
AB359763	463584
AB359764	463585
AB359765	159697
AB359766	466056
AB359767	463586
AB359768	463588
AB359769	344873
AB359770	344877
AB359771	344982
AB359772	466057
AB359773	99030
AB359774	466058
AB359775	466061
AB359776	466061
AB359777	466073
AB359778	457748
AB359779	466075
AB359780	466083
AB359781	217474
AB359782	333953
AB359783	466059
AB359784	223870
AB359785	466060
AB359786	205376
AB359787	99046
AB359788	217469
AB359789	466072
AB359790	99070
AB359791	99084
AB359792	99072
AB359793	127993
AB359794	133264
AB359795	282747
AB359796	13329
AB359797	282753
AB359798	466053
AB359799	282765
AB359800	282767
AB359801	282741
AB359802	41644
AB359803	99098
AB359804	466078
AB359805	128002
AB359806	118510
AB359807	301880
AB359808	466080
AB359809	127999
AB359810	466081
AB359811	128002
AB359812	99038
AB359817	159693
AB359824	146995
AB359833	333948
AB359838	413247
AB359850	205360
AB359852	466054
AB359866	466058
AB359869	466061
AB359874	466075
AB359876	466083
AB359878	217474
AB359886	217469
AB441760	49817
AB441762	3981
AB441763	287979
AB445805	550456
AB445807	550456
AB445811	550456
AB445813	550456
AB445815	550456
AB445817	550456
AB445819	550456
AB445823	550456
AB445825	550456
AB445827	550456
AB445829	550456
AB445831	550456
AB445833	550456
AB445835	550456
AB445837	550456
AB445839	550456
AB445841	550456
AB445843	550456
AB445845	550456
AB445847	550456
AB445849	550456
AB445851	550456
AB445853	550456
AB445855	550456
AB445857	550456
AB445859	550456
AB445861	550456
AB445863	550456
AB445865	550456
AB445867	550456
AB445869	550456
AB445871	550456
AB445873	550456
AB445875	550456
AB445877	550456
AB445879	550456
AB445881	550456
AB445883	550456
AB445885	550456
AB445887	550456
AB445889	550456
AB445891	550456
AB445893	550456
AB445895	550456
AB445897	550456
AB445899	550456
AB445901	550456
AB445903	550456
AB445905	550456
AB445907	550456
AB445909	550456
AB445911	550456
AB445913	550456
AB445915	550456
AB445917	550456
AB445919	550456
AB445921	550456
AB445923	550456
AB445925	550456
AB445927	550456
AB445929	550456
AB445931	550456
AB445933	550456
AB445935	550456
AB445937	550456
AB445939	550456
AB445941	550456
AB445943	550456
AB445945	550456
AB445947	550456
AB445949	550456
AB445951	550456
AB445953	550456
AB445955	550456
AB445957	550456
AB445959	550456
AB445961	550456
AB445963	550456
AB445965	550456
AB445967	550456
AB445969	550456
AB445971	550456
AB445973	550456
AB445975	550456
AB445977	550456
AB445979	550456
AB445981	550456
AB445983	550456
AB445985	550456
AB445987	550456
AB445989	550456
AB445991	550456
AB445993	550456
AB445995	550457
AB445997	550457
AB445999	550457
AB446001	550457
AB446003	550457
AB446005	550457
AB446007	550457
AB446009	550457
AB446011	550457
AB446013	550457
AB446015	550457
AB446017	550457
AB446019	550457
AB446021	550457
AB446023	550457
AB446025	550457
AB446027	550457
AB446029	550457
AB446031	550457
AB446033	550457
AB446035	550457
AB446037	550457
AB446039	550457
AB446041	550457
AB446043	550457
AB446045	550457
AB446047	550457
AB446049	425908
AB446051	425908
AB446053	425908
AB446055	425908
AB446057	425908
AB446059	425908
AB446061	425908
AB446063	425908
AB446065	425908
AB446067	425908
AB446069	425908
AB446071	425908
AB446073	425908
AB446075	425908
AB446077	425908
AB446079	425908
AB446081	550458
AB446083	550458
AB446085	550458
AB446088	550458
AB446090	550458
AB446092	550458
AB446094	550458
AB446096	550458
AB446098	550458
AB446100	550458
AB446102	550458
AB446105	550458
AB446107	550458
AB446109	550458
AB446111	550458
AB446113	550458
AB446115	550458
AB446117	550458
AB446119	550458
AB446121	550458
AB446123	550458
AB446125	550458
AB446127	550458
AB446129	550458
AB446131	550458
AB446133	550458
AB446135	550458
AB446137	550458
AB446139	550458
AB446141	550458
AB446143	550458
AB446145	550458
AB446147	550458
AB446149	550458
AB446151	550458
AB446153	550458
AB446155	550458
AB446157	550458
AB446159	550458
AB446161	550458
AB446163	550458
AB446165	550458
AB446167	550458
AB446169	550459
AB446171	550459
AB446173	550459
AB446175	550459
AB446177	550459
AB446179	550459
AB446181	550459
AB446183	550459
AB446185	550456
AB446187	550456
AB446189	550456
AB446191	550456
AB446193	550456
AB446195	550456
AB446197	550456
AB446198	550456
AB446199	550456
AB446201	550456
AB446202	550456
AB446203	550456
AB561190	765831
AB600684	33152
AB600693	555516
AB600704	173278
AB600718	257425
AB600729	191309
AB600731	288823
AB600739	173280
AB600743	173276
AB683257	1115760
AB683259	314057
AB683262	466078
AB683264	1115761
AB683273	647968
AB683280	647961
AB683284	127995
AB683292	314067
AB683294	1115779
AB683296	127997
AB683298	282775
AB683300	1115780
AB683307	1115785
AB683310	1115787
AB683312	128000
AB683314	1115788
AB683315	1115788
AB683318	1115790
AB683320	1115791
AB683322	1115792
AB683326	1117042
AB683329	1115795
AB683331	314066
AB683333	128002
AB683335	1115796
AB683338	99108
AB683342	1115800
AB726221	1157098
AB726222	13508
AB998552	1569458
AB998553	1569459
AB998554	127999
AB998555	301881
AB998556	1569460
AB998557	1569461
AB998558	944773
AB998559	1570124
AF006764	61888
AF006765	61888
AF006766	61888
AF006767	37645
AF006768	37645
AF006769	37645
AF006770	37645
AF006771	34294
AF006772	34294
AF006773	34294
AF006774	3663
AF006775	3663
AF006776	3663
AF006777	3663
AF006778	37650
AF006779	37650
AF006780	37650
AF006781	37650
AF006782	37649
AF006783	37649
AF006784	37649
AF006785	37649
AF006786	3661
AF006787	3661
AF006788	3662
AF006789	3662
AF006790	3662
AF006791	3662
AF006792	37646
AF006793	37647
AF006794	37647
AF006795	37648
AF006796	37648
AF006797	37648
AF006798	39474
AF006799	61886
AF006800	61885
AF006801	61885
AF006802	3656
AF006803	61887
AF006804	61884
AF006805	61884
AF006806	3654
AF006807	61892
AF006808	61892
AF006809	3679
AF006810	61889
AF006811	61889
AF006812	3668
AF006813	3670
AF006814	3670
AF006815	3670
AF006816	3673
AF006817	50543
AF006818	50543
AF006819	50543
AF008964	34296
AF009078	62992
AF009079	63043
AF009080	62991
AF009081	63040
AF009082	63037
AF009083	63027
AF009084	63036
AF009085	63038
AF009086	63003
AF009087	63024
AF009088	63047
AF009091	63010
AF009092	63039
AF009093	63000
AF009094	62999
AF009095	63013
AF009096	63006
AF009097	63023
AF009098	63025
AF009099	62998
AF009100	63045
AF009101	63042
AF009102	63002
AF009103	63019
AF009104	63009
AF009105	63022
AF009106	423299
AF009108	62995
AF009109	63033
AF009111	63017
AF009112	63007
AF009113	63001
AF009114	63012
AF009115	63005
AF009116	63004
AF009117	63029
AF009118	63028
AF009119	62997
AF009120	62996
AF009121	63021
AF009122	63008
AF009125	52322
AF011812	63641
AF011813	54720
AF011814	63645
AF011815	63646
AF011816	63640
AF011817	48040
AF011818	63643
AF011819	63644
AF011820	63633
AF011821	63634
AF011822	63637
AF011823	63638
AF011824	63639
AF011825	63647
AF011826	63635
AF011827	63636
AF011828	63642
AF011907	48242
AF013298	61888
AF013299	61888
AF013300	61888
AF013301	34294
AF013302	61884
AF013303	61884
AF013304	34294
AF013305	34294
AF013306	3654
AF013307	61892
AF013308	61892
AF013309	61892
AF013310	61885
AF013311	3679
AF013312	3679
AF013313	61889
AF013314	61889
AF013315	37645
AF013316	37645
AF013317	37645
AF013318	37645
AF013319	37649
AF013320	37649
AF013321	37649
AF013322	37649
AF013323	3668
AF013324	3670
AF013325	3670
AF013326	3670
AF013327	37650
AF013328	37650
AF013329	37650
AF013330	37650
AF013331	3661
AF013332	3661
AF013333	3656
AF013334	61886
AF013335	37646
AF013336	3673
AF013337	3662
AF013338	3662
AF013339	3662
AF013340	3662
AF013341	39474
AF013342	37647
AF013343	37647
AF013344	3663
AF013345	3663
AF013346	3663
AF013347	3663
AF013348	37648
AF013349	37648
AF013350	37648
AF013351	50543
AF013352	50543
AF013353	50543
AF013354	61887
AF013355	64232
AF013356	64232
AF013357	64232
AF013358	64232
AF013359	64234
AF015418	64109
AF017667	4538
AF017668	65489
AF017669	4528
AF017670	39947
AF017671	39946
AF017672	4529
AF017675	40148
AF017676	40149
AF017677	4535
AF017678	29689
AF017679	65491
AF017680	4537
AF017681	63629
AF017682	52545
AF017683	4534
AF017684	29690
AF017685	4532
AF017686	4533
AF019233	64138
AF021160	64997
AF021161	65001
AF021162	64990
AF021163	64993
AF021164	64989
AF021165	64996
AF021166	64994
AF021167	64999
AF021168	64991
AF021169	64995
AF021170	65002
AF021171	65003
AF021172	64998
AF021173	65000
AF021174	64992
AF021175	65004
AF021176	65006
AF024627	67779
AF025776	34296
AF025777	34296
AF025778	34296
AF025779	34296
AF025780	34297
AF025781	34297
AF025782	34297
AF025783	34297
AF025784	34297
AF025785	34297
AF025786	34298
AF025787	34299
AF025788	62974
AF025789	48236
AF025790	48248
AF027451	69849
AF027452	69849
AF027453	69849
AF027454	69866
AF027455	69866
AF027456	69866
AF027457	69858
AF027458	69858
AF027459	69857
AF027460	69857
AF027461	69857
AF027462	69870
AF027463	69870
AF027464	69870
AF027465	69870
AF027466	69869
AF027467	69869
AF027468	69868
AF027469	69868
AF027470	69850
AF027471	69850
AF027472	69850
AF027473	69855
AF027474	69856
AF027475	69860
AF027476	69854
AF027477	69865
AF027478	69846
AF027479	69862
AF027480	69861
AF027481	69863
AF027482	69852
AF027483	69859
AF027484	69851
AF027485	69847
AF027486	69867
AF027487	69864
AF027488	69848
AF027489	69853
AF028413	47084
AF028414	70973
AF028415	70975
AF028416	70952
AF028417	56147
AF028418	56066
AF028419	70933
AF028420	3878
AF028421	70934
AF028422	70942
AF028423	70978
AF028424	3880
AF028425	70980
AF028426	66814
AF028427	1445415
AF028428	66809
AF028429	70939
AF028430	70937
AF028431	70940
AF028432	70941
AF028433	70943
AF028434	70944
AF028435	70936
AF028436	70938
AF028437	66810
AF028438	70945
AF028439	70951
AF028440	70946
AF028441	70947
AF028442	70948
AF028443	70949
AF028444	70950
AF028445	70953
AF028446	70954
AF028447	70955
AF028448	47085
AF028449	66815
AF028450	70956
AF028451	70957
AF028452	70959
AF028453	70958
AF028454	70960
AF028455	70961
AF028456	70962
AF028457	70964
AF028458	70972
AF028459	70963
AF028460	66816
AF028461	70965
AF028462	70967
AF028463	70966
AF028464	70968
AF028465	70969
AF028466	70970
AF028467	66817
AF028468	70971
AF028469	70976
AF028470	70977
AF028471	70979
AF028472	66819
AF029370	4538
AF029371	65489
AF029372	4528
AF029373	39947
AF029374	39946
AF029375	4529
AF029378	40148
AF029379	40149
AF029380	4535
AF029381	29689
AF029382	65491
AF029383	4537
AF029384	63629
AF029385	52545
AF029386	4534
AF029387	29690
AF029388	4532
AF029389	4533
AF031055	72152
AF031056	72153
AF032000	72751
AF032016	72752
AF040001	3721
AF040002	71392
AF040003	71333
AF040004	71338
AF040005	71332
AF040006	71330
AF040007	71346
AF040008	71342
AF040009	71328
AF040010	71337
AF040011	71329
AF040012	71340
AF040013	71339
AF040014	71326
AF040015	71336
AF040016	71343
AF040017	71331
AF040018	71390
AF040019	71345
AF040020	71341
AF040021	71325
AF040022	71335
AF040023	71344
AF040024	71334
AF040025	71391
AF040026	71327
AF040027	71352
AF040028	71356
AF040029	71348
AF040030	71350
AF040031	240228
AF040032	71354
AF040033	71360
AF040034	71362
AF040035	71358
AF040036	71364
AF040037	29727
AF040038	3712
AF040039	71322
AF040040	71365
AF040041	38785
AF040042	71324
AF040043	71393
AF045386	72328
AF045404	72331
AF057760	47623
AF057769	47624
AF057789	47630
AF057790	47630
AF058856	75633
AF058857	75632
AF058858	41505
AF058859	75637
AF058860	75646
AF058861	75650
AF058862	75651
AF058863	75649
AF058864	75644
AF058865	75653
AF058866	75647
AF058867	75636
AF058868	75634
AF058869	75629
AF058870	75648
AF058871	75631
AF058872	75643
AF058873	75645
AF058874	75630
AF058875	50282
AF058876	75652
AF058877	75640
AF058878	75635
AF058879	75639
AF058880	75642
AF061376	55611
AF061377	72338
AF061378	72349
AF061379	86319
AF061380	86307
AF061381	86311
AF061382	86315
AF061383	86316
AF061384	86314
AF061385	86308
AF061386	86313
AF061387	86312
AF061388	86309
AF061389	4220
AF061390	86306
AF061391	86317
AF061392	72341
AF061393	86310
AF061394	86318
AF068833	85153
AF074336	107254
AF076731	79439
AF076732	79443
AF076733	79441
AF076734	79415
AF076735	79411
AF076736	79438
AF076737	79437
AF076738	79444
AF076739	79426
AF076740	79424
AF076741	79434
AF076742	79425
AF076743	79428
AF076744	79419
AF076745	79417
AF076746	79410
AF076747	79432
AF076748	79427
AF076749	79423
AF076750	71597
AF076751	79420
AF076752	79416
AF076753	79442
AF076754	79414
AF076756	79440
AF076757	79422
AF076758	79421
AF076759	79418
AF076760	79433
AF076761	79436
AF076762	79431
AF076763	79412
AF076764	79429
AF076765	79435
AF076766	79445
AF076767	79413
AF077095	79200
AF077098	79166
AF077103	79171
AF077104	79169
AF077110	79158
AF077111	79163
AF077114	79160
AF077115	79184
AF077116	79185
AF077117	79186
AF077118	79189
AF077119	79187
AF077120	79188
AF077121	79195
AF077122	79162
AF077123	92055
AF077124	79183
AF077125	79191
AF077126	79177
AF077127	79176
AF077128	79175
AF077129	79173
AF077978	50465
AF077980	85107
AF077982	82338
AF077984	82337
AF077986	82339
AF077988	82340
AF077990	82353
AF077992	82354
AF077994	50461
AF077996	82355
AF077998	50463
AF078000	50462
AF078002	84639
AF078004	82358
AF078006	82359
AF078008	82359
AF078010	82357
AF078012	82284
AF078014	82285
AF078016	82286
AF078018	82356
AF078020	82288
AF078022	50498
AF078024	65952
AF078026	65951
AF078028	65948
AF078030	82289
AF078032	3704
AF078034	3719
AF079935	35608
AF079936	72354
AF079937	4220
AF079938	4220
AF079939	72356
AF079940	72339
AF079941	72347
AF079942	72357
AF079943	72345
AF079944	72350
AF079945	72386
AF079946	72332
AF079947	72355
AF079948	72353
AF079949	72343
AF079950	72337
AF079951	72348
AF079952	72341
AF079953	72351
AF079954	72329
AF079955	72329
AF079956	72344
AF079957	72342
AF079958	72352
AF079959	72334
AF079960	72336
AF079961	72335
AF079962	72340
AF079963	55611
AF079964	72349
AF079965	72338
AF079966	72346
AF084159	89071
AF084160	89069
AF084161	89070
AF084162	89068
AF084163	89072
AF084164	89074
AF084165	89076
AF084166	89075
AF084167	89083
AF084168	89085
AF084169	89084
AF084170	89082
AF084171	89078
AF084172	89079
AF084173	46146
AF084174	89077
AF084175	89087
AF084176	89089
AF084177	89090
AF084178	89088
AF084179	89091
AF087609	102728
AF087610	102719
AF087611	102717
AF087612	102739
AF087613	102721
AF087614	102720
AF087615	102730
AF087616	102734
AF087617	102737
AF087618	102716
AF087619	102731
AF087620	102736
AF087621	102725
AF087622	29771
AF087623	102732
AF087624	102714
AF087625	102722
AF087626	83407
AF087627	102727
AF087628	23265
AF087629	102723
AF087630	102724
AF087631	102738
AF087632	102715
AF087633	102729
AF087634	102718
AF087635	102726
AF087636	102735
AF087637	83408
AF087638	102733
AF091960	84004
AF115212	90570
AF119445	91539
AF119446	91546
AF119447	91535
AF119448	91552
AF119449	91550
AF119450	91533
AF119451	91541
AF119452	91551
AF119453	91548
AF119454	91549
AF119455	91543
AF119456	91547
AF119457	91557
AF119458	91557
AF119459	91544
AF119460	91537
AF119461	91538
AF119462	1611641
AF119463	91542
AF119464	91555
AF119465	91553
AF119466	91540
AF119467	91556
AF119468	91534
AF119469	91532
AF119470	91558
AF130256	100771
AF130820	93014
AF130821	93017
AF130822	58954
AF130823	93015
AF130824	93016
AF130825	93020
AF130826	93018
AF130827	58955
AF130828	93022
AF130829	148491
AF130830	34205
AF130831	93026
AF130832	93025
AF130833	93027
AF130834	93028
AF130835	93029
AF130836	93031
AF130837	58707
AF130838	59001
AF130839	58960
AF131225	93147
AF136285	34301
AF136286	105594
AF140484	72333
AF154575	97049
AF154576	97048
AF154577	74522
AF154578	74504
AF154579	74526
AF154580	3899
AF154581	74523
AF154582	74510
AF154583	97039
AF154584	74514
AF154585	97036
AF154586	97016
AF154587	97047
AF154588	97041
AF154589	97010
AF154590	97023
AF154591	97045
AF154592	97046
AF154593	97038
AF154594	97011
AF154595	97035
AF154596	74508
AF154597	97013
AF154598	74529
AF154599	97033
AF154600	74517
AF154601	74525
AF154602	97044
AF154603	97008
AF154604	97040
AF154605	97006
AF154606	97022
AF154607	97017
AF154608	97032
AF154609	97031
AF154610	97018
AF154611	97019
AF154612	97009
AF154613	97034
AF154614	97027
AF154615	97043
AF154616	60916
AF154617	97042
AF154618	97026
AF154619	97025
AF154620	57577
AF154621	97029
AF154622	97037
AF154623	97028
AF154624	97007
AF154625	97020
AF154626	97021
AF154627	97015
AF154628	97024
AF154629	97012
AF154630	97014
AF154631	3900
AF154932	60915
AF155241	127980
AF155242	99048
AF155243	99056
AF155244	99056
AF155245	127982
AF155246	127982
AF155247	127982
AF155248	127982
AF155249	127982
AF155250	127983
AF155251	127985
AF155252	99078
AF155253	118510
AF155254	127994
AF155255	127995
AF155256	127996
AF155257	99106
AF155258	127997
AF155259	127998
AF155260	128000
AF155261	127999
AF155262	128001
AF155263	128002
AF155264	128004
AF155265	13329
AF155266	127977
AF155267	127978
AF155268	127979
AF155269	99028
AF155270	113638
AF155271	127986
AF155272	127988
AF155273	127990
AF155274	127992
AF155275	127993
AF155276	41644
AF155277	99108
AF155278	127980
AF155279	99048
AF155280	99056
AF155281	99056
AF155282	127982
AF155283	127982
AF155284	127982
AF155285	127982
AF155286	127982
AF155287	127983
AF155288	127985
AF155289	99078
AF155290	118510
AF155291	127994
AF155292	127995
AF155293	127996
AF155294	99106
AF155295	127997
AF155296	127998
AF155297	127999
AF155298	128001
AF155299	128002
AF155300	128000
AF155301	128004
AF155302	13329
AF155303	127977
AF155304	127978
AF155305	127979
AF155306	99028
AF155307	113638
AF155308	127986
AF155309	127988
AF155310	127990
AF155311	127992
AF155312	127993
AF155313	41644
AF155314	99108
AF155973	109568
AF155975	109569
AF155994	109556
AF155995	109558
AF155996	109559
AF155997	109561
AF155998	109563
AF155999	109565
AF156000	109567
AF156001	98700
AF156002	109568
AF156003	109568
AF156004	109568
AF156005	109568
AF156006	109568
AF156007	109569
AF156008	109569
AF156009	98709
AF156010	109570
AF156011	109571
AF156012	109572
AF156013	109573
AF156014	109574
AF156015	109575
AF156016	109576
AF156017	110871
AF156018	109577
AF156019	109578
AF156020	109579
AF156021	109579
AF156022	109579
AF156023	109580
AF156024	109582
AF156025	109584
AF156026	109585
AF161647	13359
AF161648	98680
AF161649	98682
AF161650	98684
AF161651	98686
AF161652	98710
AF161653	98712
AF161654	98714
AF161655	98716
AF161656	98718
AF161659	98688
AF161662	98689
AF161663	98690
AF161666	98691
AF161667	98692
AF161668	98693
AF161670	34220
AF161671	98695
AF161672	98696
AF161674	98698
AF161676	34236
AF161677	98700
AF161679	34239
AF161680	34241
AF161681	98703
AF161682	98704
AF161683	98705
AF161685	34243
AF161686	98707
AF161687	98709
AF161689	98719
AF161690	98720
AF161691	98721
AF161692	98722
AF161693	98723
AF161694	98724
AF161695	98725
AF161696	119730
AF162308	2770823
AF162309	99448
AF162310	99449
AF162311	99450
AF162312	2770829
AF162313	2770829
AF162314	99452
AF162315	99453
AF162316	99454
AF162317	99455
AF162318	99456
AF162319	99456
AF162320	99456
AF162321	99456
AF162322	2804999
AF162323	2805000
AF162324	2805000
AF162325	99459
AF162326	99459
AF162327	2805003
AF162328	99461
AF162329	2770839
AF164849	99502
AF164850	92052
AF164851	99503
AF164852	52334
AF164853	99507
AF164854	99509
AF164855	99510
AF164856	99512
AF164857	99519
AF164859	99521
AF164860	99523
AF164861	99524
AF164862	99525
AF164863	99526
AF164864	99527
AF164865	99529
AF164866	99531
AF164868	99536
AF164869	79184
AF164870	99537
AF164871	99518
AF167250	103527
AF171986	121890
AF171987	121892
AF171988	121888
AF171989	53588
AF171990	121900
AF171991	121904
AF171992	53585
AF171993	121901
AF171994	121894
AF171995	121898
AF171996	121901
AF171997	121899
AF171998	53587
AF171999	121891
AF172000	53580
AF172001	121896
AF172002	53588
AF172003	121899
AF172004	121892
AF172005	121901
AF172006	121900
AF172007	121897
AF172008	121897
AF172009	121893
AF172010	121893
AF172011	53576
AF172012	121895
AF172013	121884
AF172014	121895
AF172015	121902
AF172016	121902
AF172017	53587
AF172018	121883
AF172019	53578
AF172020	121886
AF172021	121910
AF172022	121905
AF172023	121907
AF172024	121908
AF176383	102691
AF176416	102691
AF177789	55598
AF177819	102751
AF177820	102750
AF177821	102752
AF177822	102750
AF177823	102787
AF177824	102754
AF177825	102755
AF177826	102759
AF177827	102789
AF177828	102781
AF177829	55598
AF177830	102761
AF177831	102757
AF177832	102758
AF177833	102785
AF177834	102784
AF177835	102783
AF177836	102791
AF177837	102792
AF177838	102765
AF177839	102763
AF177840	102764
AF177841	102767
AF177842	102766
AF177843	102771
AF177844	102771
AF177845	102770
AF177846	102770
AF177847	102772
AF177848	102772
AF177849	102748
AF177850	102773
AF177851	102769
AF177852	102774
AF177853	102779
AF177854	102777
AF177855	102778
AF177856	102768
AF177857	102775
AF177858	102776
AF178721	136781
AF183432	103032
AF183517	137434
AF183520	137438
AF183528	74635
AF183529	75099
AF183535	137430
AF183536	57912
AF183537	137431
AF183538	57945
AF183539	137433
AF183540	137434
AF183541	137435
AF183542	137436
AF183543	137438
AF183544	137439
AF183545	137441
AF183546	137442
AF183547	137445
AF183548	137451
AF183549	137452
AF183550	137450
AF183551	74635
AF183552	75099
AF183553	137454
AF183554	137455
AF183555	137456
AF183556	137457
AF183557	137458
AF183731	136649
AF183733	136650
AF183735	136651
AF183737	136652
AF183739	136653
AF183741	58508
AF183743	136654
AF183745	136655
AF183747	136656
AF183749	136657
AF183751	136658
AF183753	136659
AF183755	136660
AF183757	136661
AF183759	136662
AF183761	136663
AF183763	136664
AF183765	136688
AF183767	136665
AF183769	136666
AF183771	136667
AF183773	136669
AF183775	136670
AF183777	136671
AF183779	136672
AF183781	136687
AF183783	136673
AF183785	136674
AF183787	114473
AF183789	136675
AF183791	136676
AF183793	136686
AF183795	58484
AF183797	136678
AF183799	136680
AF183800	136681
AF183802	136809
AF183804	136685
AF184769	3702
AF200661	108398
AF200662	108399
AF200663	108400
AF200664	66636
AF200665	66627
AF209789	111157
AF209790	111156
AF209791	111152
AF209792	91070
AF209793	111145
AF209794	111158
AF209795	91068
AF209796	111146
AF209797	91069
AF209798	111162
AF209799	91092
AF209800	111149
AF209801	91065
AF209802	111150
AF209803	111159
AF209804	111154
AF209805	111144
AF209806	111153
AF209807	111155
AF209808	111161
AF209809	111148
AF209810	111151
AF209811	111147
AF209812	111160
AF209813	91066
AF211332	52874
AF211333	115726
AF211334	115727
AF211335	115728
AF211336	115730
AF211337	115731
AF211338	115732
AF211339	115733
AF211340	115734
AF211341	115735
AF211342	115736
AF211343	115737
AF211344	115738
AF211345	115739
AF211346	115740
AF228388	119168
AF228389	119169
AF228390	119170
AF228391	119172
AF228392	119173
AF228393	119175
AF228394	119176
AF228395	119177
AF228396	2806850
AF228397	119180
AF228398	119182
AF228399	119184
AF228400	119185
AF228401	119186
AF228402	119187
AF228403	119188
AF228404	119189
AF228405	119190
AF228406	119191
AF229131	104527
AF229133	104528
AF229135	104523
AF229137	104528
AF229139	104523
AF229141	104522
AF229143	104523
AF229145	104523
AF229147	104523
AF229751	127428
AF229753	127430
AF229755	127432
AF242235	133931
AF242249	133948
AF247068	119770
AF247073	119776
AF247081	119783
AF247103	119805
AF247107	119808
AF251360	129566
AF251361	129567
AF251362	129565
AF251363	129567
AF251364	129565
AF256615	129200
AF256617	89634
AF256619	129201
AF256621	89647
AF256623	129207
AF256625	129208
AF256627	2518009
AF256629	129204
AF256631	129206
AF256633	35882
AF256635	129202
AF256637	35885
AF256639	129209
AF256641	35884
AF256643	4120
AF256645	89665
AF256647	89662
AF256649	129203
AF258775	136339
AF258776	136339
AF258777	136330
AF260193	123132
AF261164	134771
AF261165	134771
AF261187	134791
AF261188	134791
AF265185	82338
AF265186	82338
AF265187	82338
AF265188	82353
AF265189	50465
AF265190	50465
AF265191	50465
AF265192	50465
AF265193	125589
AF265194	82339
AF265195	82339
AF265196	125590
AF265197	82354
AF265198	82354
AF265199	82337
AF265200	82337
AF265201	82338
AF265202	125588
AF265203	50461
AF265204	50461
AF265677	82353
AF265678	125589
AF265679	82339
AF265680	82337
AF265681	125588
AF270702	82340
AF276315	57329
AF276316	129117
AF276317	129090
AF276318	129089
AF276319	129089
AF276320	129100
AF276321	129086
AF276322	129086
AF276323	129085
AF276324	129090
AF276325	129095
AF276326	72468
AF276327	129091
AF276328	129091
AF276329	129091
AF276330	129083
AF276331	72468
AF276332	72468
AF276333	129096
AF276334	129094
AF276335	129089
AF276336	129089
AF276337	129080
AF276338	129089
AF276339	129096
AF276340	129096
AF276341	129081
AF276342	129081
AF276343	129070
AF276344	129099
AF276345	129099
AF276346	129099
AF276347	129080
AF276348	129084
AF276349	129085
AF276350	129098
AF276351	129091
AF276352	129092
AF276353	129093
AF276354	129087
AF276355	129104
AF276356	129097
AF276357	129097
AF276358	129097
AF276359	129097
AF276360	129097
AF276361	129101
AF276362	129101
AF276363	129080
AF276364	129081
AF276365	129082
AF276366	129082
AF276367	129102
AF276368	57329
AF276369	129117
AF276370	129090
AF276371	129089
AF276372	129089
AF276373	129100
AF276374	129086
AF276375	129086
AF276376	129085
AF276377	129090
AF276378	129095
AF276379	72468
AF276380	129091
AF276381	129091
AF276382	129091
AF276383	129083
AF276384	72468
AF276385	72468
AF276386	129096
AF276387	129094
AF276388	129089
AF276389	129089
AF276390	129080
AF276391	129089
AF276392	129096
AF276393	129096
AF276394	129081
AF276395	129081
AF276396	129070
AF276397	129099
AF276398	129099
AF276399	129099
AF276400	129080
AF276401	129084
AF276402	129085
AF276403	129098
AF276404	129091
AF276405	129092
AF276406	129093
AF276407	129087
AF276408	129104
AF276409	129097
AF276410	129097
AF276411	129097
AF276412	129097
AF276413	129097
AF276414	129101
AF276415	129101
AF276416	129080
AF276417	129081
AF276418	129082
AF276419	129082
AF276420	129102
AF283010	97170
AF283011	136443
AF283012	136444
AF283013	136445
AF283014	97171
AF283015	97168
AF283485	138181
AF283487	138181
AF283489	138179
AF283491	138183
AF283493	126270
AF283495	33125
AF283497	59292
AF289779	141307
AF295415	138408
AF295416	138408
AF295417	138408
AF295418	138408
AF295419	138408
AF295426	138409
AF295427	138409
AF295428	138409
AF295429	138409
AF295430	138409
AF295431	138409
AF297653	3240
AF297796	89205
AF297797	143369
AF297798	143367
AF297799	89200
AF297800	84008
AF297801	89207
AF297802	143379
AF297803	143371
AF297804	143372
AF297805	143375
AF297806	84009
AF297807	89203
AF297808	143374
AF297809	143376
AF297810	143365
AF297811	143382
AF297812	143380
AF297813	143385
AF297814	143383
AF297815	143373
AF297816	143378
AF297817	143377
AF297818	143370
AF297819	143363
AF297820	143368
AF297821	143384
AF297822	143386
AF297823	89197
AF297824	143362
AF297825	83608
AF297826	89196
AF297827	89199
AF297828	89206
AF297829	89201
AF297830	143381
AF297831	83609
AF297832	143364
AF297833	143366
AF297834	84000
AF297835	82758
AF297836	84014
AF297837	84012
AF297838	84021
AF297839	84018
AF305332	56860
AF305341	56860
AF305342	56860
AF305343	56860
AF305344	56860
AF305345	56860
AF305346	56860
AF305347	56860
AF305348	56860
AF305349	56860
AF305350	143356
AF314035	79762
AF314042	79762
AF314043	79762
AF314044	150727
AF314045	48248
AF314046	79765
AF314047	79759
AF314048	79766
AF315473	147930
AF315487	147918
AF315495	147923
AF315842	150393
AF315843	79419
AF319100	143169
AF319101	143171
AF319102	4217
AF319103	143172
AF319104	143173
AF319105	143174
AF319106	41484
AF319107	2547412
AF319108	143176
AF319109	143178
AF319110	143179
AF319111	143180
AF319112	143181
AF319113	143182
AF319114	143183
AF319115	143184
AF319116	143185
AF319117	41500
AF319118	145499
AF319119	143188
AF319120	143189
AF319121	143190
AF319122	143191
AF319123	143192
AF319124	143193
AF319125	143195
AF319126	143196
AF319127	143318
AF319128	41571
AF319129	143198
AF319130	143199
AF319131	92911
AF319132	143284
AF319133	40727
AF319134	2741391
AF319135	143202
AF319136	143282
AF319137	2491249
AF319138	130278
AF319139	92913
AF319140	143217
AF319141	313523
AF319142	92917
AF319143	92919
AF319144	143207
AF319145	143208
AF319146	143209
AF319147	143210
AF319148	92921
AF319149	143212
AF319150	143213
AF319151	92923
AF319152	143215
AF319153	143216
AF324378	48024
AF324379	152658
AF324380	52319
AF324381	152659
AF324382	152660
AF324383	152661
AF324385	152663
AF324386	152664
AF324387	152665
AF324388	52320
AF324389	152666
AF324390	152667
AF324391	152668
AF324392	152669
AF324393	152670
AF324394	152671
AF324395	52321
AF324396	152672
AF324397	152673
AF324398	52324
AF324399	52326
AF324400	152674
AF324401	152675
AF324402	152676
AF324403	152677
AF324404	52334
AF328663	154439
AF331921	147917
AF333328	154530
AF333560	153950
AF333562	153951
AF333564	153953
AF333566	153954
AF333568	153955
AF333570	153956
AF333572	153959
AF333574	153961
AF333576	153962
AF333578	153957
AF333580	154507
AF333582	153960
AF334254	154989
AF334255	154998
AF334256	154994
AF334257	154987
AF334258	154996
AF334259	154991
AF334260	154995
AF334261	38845
AF334262	154997
AF334263	154992
AF334264	154988
AF334265	154986
AF334266	142860
AF334267	154993
AF334268	154990
AF334821	108399
AF334822	66636
AF334823	108400
AF334824	108398
AF334825	154530
AF334826	66627
AF335186	153952
AF335188	154497
AF335190	3905
AF335192	3910
AF335194	154501
AF335196	154506
AF335198	154504
AF335200	154502
AF335202	154503
AF335204	154496
AF335206	153958
AF335208	154495
AF335210	154499
AF335212	154498
AF335214	3909
AF335216	3906
AF335218	154493
AF335220	154494
AF335222	3864
AF335224	3899
AF336332	173624
AF336334	173626
AF336371	173703
AF337184	155271
AF337185	52508
AF337186	155278
AF337187	48063
AF337188	155274
AF337189	155275
AF337190	155276
AF337191	155272
AF345308	152002
AF345309	152002
AF345310	152000
AF345311	152000
AF345312	152003
AF345313	152003
AF345314	34222
AF345315	151997
AF349167	175957
AF349232	176004
AF349233	176005
AF349234	175973
AF349235	175989
AF349236	175984
AF349237	176003
AF349238	175991
AF349239	175974
AF349240	175993
AF349241	175993
AF349242	176000
AF349243	175983
AF349244	175997
AF349245	175992
AF349246	175955
AF349247	175999
AF349248	175957
AF349249	175957
AF349250	175958
AF349251	176002
AF349252	176002
AF349253	175964
AF349254	175964
AF349255	175972
AF349256	175972
AF349257	175996
AF349258	175996
AF349259	45166
AF349260	45166
AF349261	175966
AF349262	175966
AF349263	175988
AF349264	175988
AF349265	175980
AF349266	175980
AF349267	175994
AF349268	175994
AF349269	175986
AF349270	175986
AF349271	175961
AF349272	175961
AF349273	175975
AF349274	175975
AF349275	175963
AF349276	175963
AF349277	175976
AF349278	175976
AF349279	175970
AF349280	175970
AF349281	175971
AF349282	175971
AF349283	175969
AF349284	175969
AF349285	175982
AF349286	175982
AF349287	175979
AF349288	175979
AF349289	175981
AF349290	175981
AF349291	175987
AF349292	175987
AF349293	175977
AF349294	175977
AF349295	176001
AF349296	176001
AF349297	175965
AF349298	175967
AF349299	175967
AF349300	175985
AF349301	175995
AF349302	175995
AF349303	175998
AF349304	175968
AF349305	175978
AF349306	175978
AF349307	175960
AF349308	175990
AF349309	175956
AF349310	175959
AF349311	175959
AF349312	175962
AF352005	176250
AF358528	178639
AF358529	178640
AF358530	178642
AF358531	178643
AF358532	178644
AF358533	178645
AF358534	46365
AF358535	178646
AF358536	178649
AF358537	178648
AF358538	48034
AF358539	178651
AF358540	178652
AF358541	178654
AF358543	178656
AF358544	178657
AF358545	178658
AF358546	178659
AF358547	178660
AF358548	178661
AF358549	178662
AF358550	178663
AF358551	90449
AF358552	178664
AF358553	178665
AF358554	178667
AF358555	2497706
AF358556	178669
AF358557	178670
AF358558	178671
AF358559	178673
AF358560	178675
AF358561	178677
AF358562	178678
AF358563	178680
AF358564	178719
AF358565	178681
AF358566	178682
AF358567	63639
AF358568	178683
AF358569	63641
AF358570	178684
AF358571	178686
AF358572	178720
AF358573	178689
AF358574	178690
AF358575	178691
AF358576	178693
AF358577	178696
AF358579	178698
AF358581	178701
AF358582	178703
AF358583	178705
AF358584	178706
AF358585	178707
AF358586	178708
AF358587	178710
AF358588	178712
AF358589	178714
AF358590	48053
AF358591	178715
AF358592	178716
AF358593	178717
AF358594	178718
AF366300	180079
AF366301	180082
AF366303	180079
AF366305	180079
AF366307	180079
AF366309	180079
AF366311	180079
AF366313	180079
AF366315	180079
AF366317	180079
AF366319	180079
AF366321	180080
AF366323	180079
AF366325	180080
AF366327	180080
AF366329	180081
AF366331	180081
AF366333	180081
AF366335	180081
AF366337	180083
AF366339	180083
AF366341	180083
AF366343	180083
AF366345	180078
AF366347	180076
AF366349	180084
AF374820	159965
AF374822	159961
AF374826	2338961
AF374828	90614
AF378107	160431
AF378575	161020
AF378576	161023
AF378577	161022
AF378578	161016
AF378579	161018
AF378580	161018
AF378581	161027
AF378582	161027
AF378583	161030
AF378584	161028
AF378585	161034
AF378586	161026
AF378587	161026
AF378588	3735
AF378589	3735
AF378590	161031
AF378591	161031
AF378592	161024
AF378593	161025
AF378594	161032
AF378595	161032
AF378596	161033
AF378597	161033
AF378598	161029
AF378599	161029
AF378600	161029
AF378601	161029
AF378602	161029
AF378603	161029
AF381452	160992
AF381453	160992
AF381454	161003
AF381455	161003
AF381456	161005
AF381457	161005
AF381458	120133
AF381459	120133
AF381460	120134
AF381461	120134
AF381462	160995
AF381463	160995
AF381464	161006
AF381465	161004
AF381466	161004
AF381467	60373
AF381468	160999
AF381469	161001
AF381470	161001
AF381471	60373
AF381472	160997
AF381473	160999
AF381474	160994
AF381475	160994
AF381476	160998
AF381477	60373
AF381478	161000
AF381479	161008
AF381480	161086
AF381481	161088
AF381482	161087
AF381483	1968639
AF381484	43536
AF384337	183296
AF384339	183282
AF384341	183284
AF384343	183291
AF384345	183318
AF384347	183295
AF384349	183294
AF384351	183286
AF384353	183287
AF384355	183288
AF384357	183289
AF384359	183293
AF384361	183292
AF384363	183290
AF387533	160790
AF389219	165352
AF389220	165352
AF389221	165352
AF389222	165352
AF389223	165352
AF389224	165352
AF389225	165352
AF389226	165352
AF389227	165352
AF389228	165352
AF389229	165352
AF389230	165352
AF389231	165352
AF389232	165352
AF389233	165352
AF389234	165352
AF389235	165352
AF389236	165352
AF394373	179233
AF394374	179197
AF394375	179201
AF394376	179207
AF394377	58034
AF394378	179204
AF394379	179193
AF394380	179229
AF394381	173274
AF394382	173274
AF394383	179191
AF394384	3301
AF394385	3301
AF394386	179217
AF394387	179205
AF394388	36013
AF394389	179212
AF394390	179221
AF394391	179215
AF394392	179215
AF394393	179194
AF394394	179195
AF394395	179196
AF394396	179198
AF394397	179218
AF394398	179218
AF394399	179199
AF394400	179213
AF394401	179200
AF394402	179206
AF394403	179222
AF394404	179203
AF394405	179202
AF394406	179202
AF394407	179202
AF394408	179228
AF394409	179230
AF394410	179230
AF394411	179192
AF394412	179232
AF394413	179224
AF394414	179225
AF394415	179209
AF394416	3302
AF394417	171018
AF394418	179208
AF394419	179210
AF394420	179210
AF394421	179211
AF394422	179227
AF394423	179227
AF394424	3300
AF394425	179220
AF394426	179223
AF394427	179190
AF394428	179219
AF394429	179214
AF394430	58035
AF394431	179226
AF394432	179216
AF394433	179231
AF394434	3396
AF394435	179187
AF394436	179186
AF394437	179183
AF394438	171012
AF394439	3397
AF394440	179184
AF394441	58031
AF394442	171014
AF394443	171016
AF396880	168361
AF396884	168372
AF396885	168355
AF396886	168354
AF396887	168342
AF396888	168341
AF396890	168348
AF396891	168339
AF396892	168363
AF396893	168351
AF396894	168343
AF396895	168350
AF396896	28508
AF396897	168364
AF396898	113202
AF396899	168369
AF396901	454108
AF396902	168366
AF396903	168367
AF396904	168359
AF396905	168370
AF396906	168337
AF396907	168338
AF396908	168352
AF396909	168349
AF396910	168335
AF396911	168357
AF396912	168347
AF396913	168353
AF396914	168345
AF396915	168344
AF396916	168340
AF396917	168346
AF396918	168336
AF396919	168358
AF401487	183482
AF412856	171784
AF421495	13129
AF421496	13129
AF450043	196284
AF450044	196284
AF450045	196286
AF450046	196286
AF450047	196286
AF450048	71333
AF450049	196288
AF450050	196289
AF450051	196289
AF450052	196289
AF450053	196289
AF450054	196290
AF450055	196290
AF450056	196290
AF450057	196291
AF450058	196291
AF450059	196291
AF450060	196291
AF450061	196291
AF450062	196292
AF450063	196285
AF450064	196285
AF450065	196285
AF450066	196293
AF450067	196293
AF450068	196293
AF450069	196293
AF450070	196293
AF450071	196293
AF450072	196294
AF450073	196295
AF485160	200048
AF485177	200054
AF496952	191180
AF496953	191158
AF496954	191176
AF496955	191177
AF496956	191179
AF496957	105388
AF496958	191178
AF496959	191163
AF496960	191163
AF496961	191163
AF496962	191162
AF496963	191163
AF496964	191163
AF496965	191163
AF496966	191164
AF496967	191146
AF496968	191149
AF496969	191145
AF496970	144192
AF496971	191143
AF496972	191150
AF496973	191152
AF496974	191148
AF496975	191147
AF496976	191144
AF496977	191160
AF496978	191154
AF496979	191156
AF496980	191155
AF496981	191173
AF496982	191174
AF496983	191166
AF496984	191169
AF496985	191172
AF496986	191172
AF496987	191166
AF496988	191167
AF496989	191171
AF496990	191168
AF496991	191170
AF496998	41582
AF496999	191186
AF497000	191183
AF497001	191182
AF497002	191184
AF497003	191181
AF504142	205360
AF504143	205361
AF504144	205362
AF504145	205364
AF504146	205367
AF504147	205368
AF504148	205369
AF504149	205370
AF504150	205371
AF504151	86313
AF504152	205372
AF504153	205374
AF504154	205375
AF504155	205376
AF504156	205378
AF504157	205379
AF504158	205381
AF504159	205383
AF504160	217469
AF504161	205385
AF504162	205386
AF504163	205388
AF504164	205366
AF504165	205363
AF504166	205373
AF504167	127999
AF504168	333961
AF506151	141487
AF506152	52832
AF506153	206225
AF506154	206226
AF506155	206227
AF506156	206228
AF506157	206229
AF506158	206230
AF506159	206231
AF506160	206232
AF506161	206233
AF506162	206234
AF506163	206235
AF506164	206236
AF506165	206237
AF506166	206238
AF506167	206239
AF506168	206240
AF506169	206241
AF506170	206242
AF506171	206243
AF506172	206244
AF506173	206245
AF506174	206246
AF506175	206247
AF506176	206248
AF506177	206222
AF506178	206223
AF506179	206224
AF513849	208859
AF513850	208859
AF514345	200864
AF514346	200864
AF514347	200865
AF514348	200865
AF514349	86312
AF514350	86312
AF514351	4220
AF514352	4220
AF514353	200866
AF514354	200866
AF515215	202412
AF528481	58658
AF533148	146995
AF533149	146995
AF539630	205479
AF539638	132433
AF542499	168530
AF542501	168528
AF545826	41624
AF546079	214060
AF546080	130278
AF546081	214058
AF546082	13547
AF546083	214059
AF546084	130290
AF546087	130248
AF546088	215538
AF546089	130243
AH003468	4039
AH003469	40888
AH003470	40922
AH003471	4045
AH003472	40926
AH003473	40902
AH003474	40916
AH003475	40928
AH003476	40918
AH003477	40920
AH003478	40919
AH003480	40924
AH003481	40880
AH003484	4041
AH003485	40909
AH003486	40891
AH003539	40949
AH003540	40950
AH003541	40954
AH003542	40935
AH003543	13447
AH003544	40945
AH003545	40957
AH003546	40955
AH003547	40960
AH003548	40959
AH003549	40943
AH003550	40941
AH003551	40939
AH003552	40952
AH003554	40947
AH004962	56026
AH004963	56027
AH004971	56028
AH004972	56029
AH004973	56030
AH004974	56031
AH004975	56032
AH004976	56032
AH004977	56033
AH004978	126596
AH004979	56035
AH004980	56035
AH004981	38874
AH004982	56044
AH004983	56037
AH004984	56037
AH004985	56036
AH004986	56036
AH004987	56038
AH004988	38872
AH004989	38872
AH004990	56039
AH004991	56040
AH004992	56041
AH004993	56042
AH004994	34270
AH004995	56043
AH004996	38873
AH004997	38873
AH005154	21020
AH005155	28930
AH005156	3512
AH005157	39468
AH005158	58331
AH005159	58332
AH005160	58330
AH005161	58333
AH005162	58334
AH005163	58335
AH005164	38865
AH005165	38942
AH005192	57122
AH005193	57120
AH005557	64113
AH005669	40759
AH005678	69872
AH005679	69872
AH005680	69873
AH005681	69873
AH005682	69874
AH005683	69874
AH005684	69875
AH005685	69875
AH005686	55380
AH005687	55380
AH005688	69876
AH005689	69876
AH005690	69877
AH005691	69877
AH005692	69878
AH005693	69878
AH005694	69879
AH005695	69880
AH005696	69880
AH005697	69881
AH005698	69881
AH005699	69882
AH005700	69883
AH005701	69884
AH005702	69885
AH005703	69885
AH005704	69885
AH005705	69885
AH005706	69885
AH005707	69886
AH005718	70124
AH005721	55760
AH005722	37721
AH005723	55761
AH005724	55762
AH005725	55763
AH005726	55764
AH005727	55801
AH005728	55765
AH005729	55766
AH005730	55767
AH005731	55768
AH005732	52147
AH005733	55769
AH005734	55770
AH005735	55771
AH005736	55772
AH005737	55773
AH005738	4502
AH005739	55774
AH005740	55775
AH005741	55776
AH005742	55777
AH005749	52150
AH005778	57655
AH005934	56513
AH005935	73980
AH005936	56521
AH005937	73981
AH005938	56523
AH005939	73982
AH005940	73975
AH005941	73977
AH005942	73978
AH005943	73979
AH005944	73983
AH005945	73984
AH005946	73985
AH005947	41614
AH005948	73986
AH005949	73987
AH005950	73988
AH005951	56539
AH005952	73990
AH005953	73992
AH005954	73993
AH006020	75133
AH006021	75134
AH006022	75135
AH006023	75136
AH006024	75136
AH006062	49554
AH006063	48024
AH006064	52321
AH006065	54825
AH006066	54824
AH006067	54826
AH006070	13447
AH006071	13447
AH006073	54829
AH006074	54830
AH006075	54831
AH006076	54832
AH006077	54833
AH006078	48027
AH006079	53225
AH006080	53218
AH006081	53237
AH006082	61075
AH006083	61074
AH006084	53233
AH006085	61076
AH006086	61077
AH006087	61101
AH006088	61108
AH006089	61111
AH006090	49830
AH006091	53229
AH006092	53216
AH006093	61121
AH006094	53226
AH006095	53222
AH006096	53228
AH006197	28498
AH006198	76080
AH006199	76079
AH006200	49456
AH006201	76081
AH006202	76081
AH006203	76082
AH006204	76084
AH006205	76085
AH006206	76086
AH006207	76087
AH006208	76083
AH006209	76088
AH006210	76089
AH006211	76094
AH006212	76090
AH006213	76091
AH006214	76092
AH006215	76093
AH006216	76093
AH006217	76095
AH006218	76132
AH006219	76132
AH006220	76096
AH006221	76097
AH006222	76098
AH006223	76098
AH006224	76099
AH006225	76100
AH006226	76101
AH006227	76102
AH006228	76103
AH006229	76104
AH006230	76105
AH006231	76106
AH006232	1550271
AH006233	13258
AH006446	82280
AH006447	82273
AH006448	82278
AH006449	82271
AH006450	82279
AH006451	82275
AH006452	82272
AH006453	82274
AH006454	82282
AH006455	82281
AH006456	82277
AH006457	82276
AH006922	57945
AH007082	41602
AH007083	13696
AH007084	82578
AH007085	82577
AH007086	41606
AH007087	82575
AH007088	82574
AH007089	82751
AH007090	82752
AH007091	82753
AH007092	82754
AH007093	13754
AH007094	82755
AH007095	82756
AH007096	82757
AH007165	61222
AH007298	59993
AH007301	46993
AH007302	64111
AH007303	54451
AH007304	54453
AH007306	64118
AH007307	54456
AH007308	64134
AH007309	59994
AH007310	64136
AH007314	4397
AH007315	4396
AH007412	61119
AH007425	88033
AH007426	88034
AH007427	78607
AH007428	3517
AH007512	77904
AH007628	89533
AH007629	89533
AH007630	89533
AH007631	89540
AH007632	89533
AH007633	89533
AH007634	89544
AH007635	89544
AH007636	89532
AH007637	89542
AH007638	89533
AH007639	89527
AH007640	89533
AH007641	89533
AH007642	89533
AH007643	89535
AH007644	89544
AH007645	89535
AH007646	89534
AH007647	89533
AH007648	89533
AH007649	89533
AH007650	89533
AH007651	89540
AH007652	89533
AH007653	89533
AH007654	89533
AH007655	89533
AH007656	89533
AH007657	89533
AH007658	89533
AH007659	89538
AH007660	89539
AH007661	89536
AH007662	89531
AH007663	89530
AH007664	89541
AH007882	4341
AH007883	49152
AH007884	98319
AH007885	98320
AH007886	98321
AH007895	98239
AH007896	61167
AH007897	98240
AH007898	98241
AH007899	98242
AH007900	98243
AH007901	98238
AH007902	98244
AH007903	98245
AH007904	13533
AH007905	98246
AH007966	50462
AH007967	50498
AH007968	97875
AH007969	97873
AH007970	97873
AH007971	97873
AH007972	81991
AH007973	81991
AH007974	97874
AH007975	97874
AH007976	97861
AH007977	97866
AH007978	97872
AH007979	97860
AH007980	97860
AH007981	97865
AH007982	97862
AH007983	97864
AH007984	97858
AH007985	97868
AH007986	97870
AH007987	97867
AH007988	97871
AH007989	97871
AH007990	97860
AH007991	97859
AH007992	97863
AH007993	97863
AH007994	97860
AH007995	97860
AH008022	45043
AH008023	45043
AH008024	55605
AH008025	100615
AH008027	48101
AH008028	48101
AH008029	49563
AH008030	49563
AH008031	49563
AH008032	100614
AH008085	101651
AH008089	101774
AH008212	103991
AH008213	82282
AH008214	103993
AH008215	103995
AH008216	103997
AH008217	103998
AH008218	103999
AH008299	105704
AH008300	105669
AH008301	105670
AH008302	105671
AH008303	105672
AH008304	94327
AH008305	105673
AH008306	105674
AH008307	105675
AH008308	105676
AH008309	105677
AH008310	105678
AH008311	105679
AH008312	105680
AH008313	105681
AH008314	97723
AH008811	110318
AH008885	99501
AH008886	109117
AH008888	99516
AH008892	109091
AH008893	109143
AH008894	109119
AH008895	109141
AH008896	109124
AH008898	109125
AH008899	99505
AH008903	109085
AH008906	110157
AH008907	110153
AH008908	110152
AH008909	109079
AH008910	109079
AH008911	109080
AH008912	110154
AH008913	110154
AH008914	109082
AH008915	110154
AH008916	110154
AH008917	110151
AH008918	109081
AH008919	79173
AH008920	109127
AH008921	109132
AH008923	109121
AH008924	109121
AH008925	49558
AH008926	109135
AH008927	109135
AH008928	105909
AH008929	109134
AH008930	52486
AH008931	110156
AH008932	110155
AH008933	109137
AH008934	109144
AH008935	109145
AH008936	82082
AH008937	109093
AH008938	109097
AH008939	109102
AH008940	109106
AH008941	105274
AH008942	109108
AH008943	109109
AH008944	109109
AH008945	109100
AH008946	109104
AH008947	109092
AH008948	109094
AH008949	109095
AH008950	109096
AH008951	109098
AH008952	109099
AH008953	109101
AH008954	109111
AH008955	109105
AH008956	109103
AH008957	109107
AH008958	520770
AH008959	109147
AH008960	109150
AH008961	109149
AH008962	109151
AH008963	109084
AH008964	109087
AH008965	109089
AH008966	109113
AH008967	109114
AH009140	114844
AH009165	105371
AH009166	105372
AH009167	97736
AH009168	105370
AH009169	105373
AH009170	105374
AH009171	105375
AH009172	105376
AH009173	105377
AH009174	97782
AH009175	105378
AH009176	105379
AH009177	105380
AH009178	97783
AH009179	105381
AH009180	105382
AH009181	105383
AH009182	94380
AH009183	105384
AH009428	63524
AH009429	63523
AH009430	63528
AH009431	63530
AH009432	63532
AH009433	48798
AH009434	63534
AH009435	63535
AH009436	122663
AH009437	122666
AH009438	122664
AH009439	122665
AH009440	122667
AH009441	63536
AH009442	63537
AH009443	122668
AH009444	63538
AH009445	48767
AH009446	122669
AH009447	122670
AH009448	63540
AH009449	122671
AH009450	63541
AH009451	63543
AH009452	63544
AH009453	63548
AH009454	122672
AH009455	122673
AH009456	63550
AH009457	63551
AH009458	63553
AH009459	63554
AH009460	63555
AH009461	122675
AH009462	63557
AH009463	48822
AH009464	49024
AH009465	122662
AH009466	48753
AH009467	63546
AH009468	48759
AH009469	71141
AH009474	98373
AH009475	98373
AH009476	98373
AH009510	113414
AH009511	113415
AH009512	113416
AH009513	113417
AH009514	113418
AH009522	100714
AH009523	104518
AH009524	104519
AH009525	101772
AH009526	101772
AH009527	101772
AH009528	104519
AH009529	104520
AH009530	104518
AH009531	104528
AH009532	101775
AH009533	104521
AH009534	104528
AH009535	104522
AH009536	104523
AH009537	100714
AH009538	104521
AH009539	104525
AH009540	104583
AH009541	104526
AH009542	104526
AH009543	104520
AH009544	104527
AH009545	104526
AH009546	104526
AH009547	104523
AH009548	104523
AH009549	105189
AH009550	101777
AH009551	101774
AH009889	53721
AH010246	104523
AH010515	122815
AH010516	122814
AH010517	122808
AH010518	122810
AH010519	122812
AH010520	122813
AH010521	122816
AH010522	152766
AH010631	120960
AH010784	132428
AH010869	121171
AH010870	121170
AH010871	121172
AH010872	121177
AH010873	121173
AH010874	122009
AH010875	122010
AH010876	122011
AH010877	122012
AH010878	4222
AH010879	123800
AH010880	123804
AH010881	123805
AH010882	123806
AH010883	123807
AH010884	123808
AH010885	123809
AH010886	123801
AH010887	123810
AH010888	123802
AH010889	123803
AH010890	123811
AH010910	13288
AH010911	165368
AH010912	165364
AH010913	165380
AH010914	2497579
AH010915	165374
AH010916	165361
AH010917	2497506
AH010918	165385
AH010919	2497580
AH010920	165379
AH010921	165382
AH010922	165372
AH010923	165372
AH010924	126278
AH010925	126278
AH010926	165378
AH010927	165383
AH010928	107243
AH010929	165377
AH010930	165366
AH010931	165375
AH010932	165376
AH010933	165367
AH010934	165365
AH010935	2497548
AH010936	2497550
AH010937	165370
AH010938	165357
AH010939	104256
AH010940	138183
AH010941	165363
AH010942	263896
AH010943	126270
AH011001	169074
AH011694	99086
AH011695	99091
AH011696	99050
AH011697	99037
AH011698	99082
AH011699	99095
AH012431	205383
AH012432	99046
AH012433	217469
AH012434	99066
AH012435	217471
AH012436	217472
AH012437	217474
AH012687	203706
AH012688	203711
AH012689	203709
AH012690	203712
AH012691	203713
AH012692	203710
AH012693	49563
AH012694	203690
AH012695	203689
AH012696	203719
AH012698	203708
AH012699	203717
AH012700	203896
AH012701	203897
AH013156	126911
AH013157	237926
AH013465	258150
AH013466	258186
AH013467	258203
AH013468	258151
AH013469	258146
AH013470	218854
AH013471	258160
AH013472	258147
AH013473	258154
AH013474	258212
AH013475	258181
AH013476	258201
AH013477	258207
AH013478	258211
AH013479	258156
AH013480	258152
AH013481	258171
AH013482	121720
AH013483	258142
AH013484	258141
AH013485	258143
AH013486	211974
AH013487	258209
AH013488	258144
AH013489	258155
AH013490	258178
AH013491	258199
AH013492	258210
AH013493	258173
AH013494	258175
AH013495	258179
AH013496	258153
AH013497	258185
AH013498	258196
AH013499	258197
AH013500	258202
AH013501	258164
AH013502	258148
AH013503	258208
AH013504	258184
AH013505	258176
AH013506	258174
AH013507	186725
AH013508	258149
AH013509	186723
AH013510	186722
AH013511	186727
AH013512	258205
AH013513	186729
AH013514	258204
AH013515	211975
AH013516	258163
AH013517	258167
AH013518	258189
AH013519	102689
AH013520	258168
AH013521	203270
AH013522	258192
AH013523	258194
AH013524	258159
AH013525	258200
AH013526	258166
AH013527	258157
AH013528	258180
AH013529	258190
AH013530	258169
AH013531	258191
AH013532	258165
AH013533	258195
AH013534	258183
AH013535	258158
AH013536	258206
AH013537	258145
AH013538	116719
AH013539	258161
AH013540	258182
AH013541	258187
AH013542	258162
AH013543	258188
AH013903	175260
AH013904	162821
AH013976	128714
AH013977	128738
AH013978	128739
AH013979	289417
AH013980	138409
AH013981	138409
AH013982	138409
AH013983	138409
AH013984	138409
AH013985	138409
AH013986	138409
AH013987	138409
AH013988	138409
AH013989	138409
AH013990	138409
AH013991	138409
AH013992	138409
AH013993	138409
AH013994	138409
AH013995	138409
AH013996	138409
AH013997	138409
AH013998	138408
AH013999	138408
AH014000	138408
AH014001	138408
AH014002	138408
AH014003	138408
AH014004	138408
AH014005	138408
AH014006	138408
AH014007	138408
AH014008	138408
AH014009	138408
AH014010	138408
AH014011	138408
AH014012	138408
AH014013	138408
AH014014	138408
AH014015	138408
AH014016	138408
AH014017	138408
AH014018	138408
AH014019	138408
AH014020	138408
AH014021	138408
AH014022	138408
AH014023	138408
AH014024	138408
AH014025	138408
AH014026	53721
AH014027	53721
AH014028	53721
AH014029	53721
AH014030	53721
AH014031	53721
AH014032	53721
AH014033	53721
AH014985	43197
AH014986	50217
AH014987	43203
AH014988	43203
AH014989	50214
AH014990	43190
AH014991	43190
AH014992	50199
AH014993	50199
AH014994	50211
AH014995	50212
AH014996	50200
AH014997	50200
AH014998	381768
AH014999	381767
AH015000	50208
AH015001	50202
AH015002	332207
AH015003	332207
AH015004	332208
AH015005	332208
AH015006	159710
AH015007	50203
AH015008	329349
AH015009	329349
AH015010	50195
AH015011	50201
AH015012	50201
AH015013	329333
AH015014	329333
AH015015	329331
AH015016	50219
AH015017	50219
AH015018	50196
AH015019	50221
AH015020	50222
AJ000926	38853
AJ010325	35628
AJ010807	85058
AJ011472	82734
AJ011473	82708
AJ011474	82706
AJ011475	82726
AJ011476	82704
AJ011477	82728
AJ011478	82735
AJ011479	82736
AJ011480	82701
AJ011481	82718
AJ133026	2784278
AJ223090	38855
AJ223095	49934
AJ223097	49933
AJ223099	38849
AJ223101	49944
AJ223103	49947
AJ223105	38853
AJ223107	49942
AJ223109	49933
AJ223111	49933
AJ223128	49934
AJ223130	49934
AJ223132	49942
AJ223134	49942
AJ223137	49942
AJ223139	1643302
AJ223141	49944
AJ238901	52163
AJ238902	4572
AJ238903	4573
AJ238904	4573
AJ238905	58530
AJ238906	58530
AJ238907	4483
AJ238908	4486
AJ238909	58530
AJ238910	37682
AJ238911	85692
AJ238912	85692
AJ238913	85692
AJ238914	85692
AJ238915	85692
AJ238916	85692
AJ238917	49225
AJ238918	4571
AJ238919	4571
AJ238920	103802
AJ238921	103802
AJ238922	103802
AJ238923	4570
AJ238924	4570
AJ242401	4568
AJ242402	4572
AJ242403	4573
AJ242404	4573
AJ242406	58530
AJ242410	37682
AJ242413	4571
AJ242421	4571
AJ242423	103802
AJ242426	58932
AJ242612	84793
AJ242614	94429
AJ242616	94431
AJ243167	3329
AJ245403	52163
AJ245404	52163
AJ251030	108371
AJ251031	108438
AJ251032	108340
AJ251033	108342
AJ251034	108382
AJ251035	108364
AJ251036	108369
AJ251037	108366
AJ251038	108372
AJ251039	108350
AJ251040	108354
AJ251041	108375
AJ251042	108363
AJ251043	108338
AJ251044	108361
AJ251045	108348
AJ251046	108352
AJ251047	108346
AJ251048	108344
AJ251049	108336
AJ251164	108537
AJ251165	108535
AJ251166	108539
AJ251167	108540
AJ251168	108542
AJ251169	108536
AJ251170	108537
AJ251171	108535
AJ251172	108539
AJ251173	108540
AJ251599	108358
AJ251600	108379
AJ251601	108362
AJ251602	108384
AJ251603	108381
AJ251604	108373
AJ251605	108378
AJ251606	108359
AJ251607	108360
AJ251608	108357
AJ251609	108377
AJ251610	108376
AJ251611	108383
AJ251612	108365
AJ251613	108370
AJ251614	108380
AJ251615	108368
AJ251616	108367
AJ251617	108356
AJ251618	108380
AJ274943	108358
AJ274944	108379
AJ274945	108362
AJ274946	108384
AJ274947	108381
AJ274948	108373
AJ274949	108378
AJ274950	108359
AJ274951	108360
AJ274952	108357
AJ274953	108377
AJ274954	108376
AJ274955	108383
AJ274956	108365
AJ274957	108368
AJ274958	108367
AJ274959	108370
AJ274960	108374
AJ274961	108356
AJ274962	108380
AJ274963	108440
AJ274964	108442
AJ274965	108444
AJ274966	108445
AJ274967	108446
AJ274968	108447
AJ274969	108449
AJ274970	108451
AJ274971	108453
AJ274972	108455
AJ274973	108457
AJ274974	108371
AJ274975	108341
AJ274976	108340
AJ274977	108342
AJ274978	108382
AJ274979	108364
AJ274980	108369
AJ274981	108366
AJ274982	108372
AJ274983	108350
AJ274984	108354
AJ274985	108375
AJ274986	108363
AJ274987	108338
AJ274988	108361
AJ274989	108348
AJ274990	108352
AJ274991	108346
AJ274992	108344
AJ274993	108336
AJ274994	108440
AJ274995	108442
AJ274996	108444
AJ274997	108445
AJ274998	108446
AJ274999	108447
AJ275000	108449
AJ275001	108451
AJ275002	108453
AJ275003	108455
AJ275004	108457
AJ287323	3304
AJ287324	115880
AJ287325	115881
AJ287326	115882
AJ287327	115883
AJ287328	34342
AJ287329	115885
AJ287330	115886
AJ287331	3307
AJ287332	115887
AJ287333	115889
AJ287334	115890
AJ287335	115892
AJ287336	115893
AJ287337	115894
AJ287338	115884
AJ287339	115888
AJ287340	115906
AJ287341	115895
AJ287342	115896
AJ287343	115897
AJ287344	115899
AJ287345	115900
AJ287346	115901
AJ287347	115902
AJ287348	115904
AJ287349	115905
AJ287350	115907
AJ287351	41994
AJ287352	115872
AJ287353	115873
AJ287354	115875
AJ287355	58033
AJ287356	115876
AJ287357	115877
AJ287358	115879
AJ287359	115898
AJ287360	115903
AJ287361	115908
AJ287362	115891
AJ287363	115891
AJ287364	42329
AJ288102	4516
AJ288103	98114
AJ288104	112516
AJ288105	98112
AJ288106	98112
AJ288107	98111
AJ288108	98111
AJ288109	118676
AJ288110	4565
AJ288111	4565
AJ288112	98113
AJ288113	98113
AJ288114	98113
AJ288115	15565
AJ288116	15565
AJ288117	112509
AJ288118	118676
AJ288119	118676
AJ288225	119380
AJ288226	119381
AJ288227	119382
AJ288228	119383
AJ288229	119384
AJ288231	119386
AJ288233	119388
AJ288234	70939
AJ288235	119389
AJ288236	70963
AJ288237	70937
AJ288238	119390
AJ288239	70956
AJ288240	70958
AJ288241	70959
AJ288242	70965
AJ288243	119391
AJ288244	119392
AJ288245	119393
AJ288246	70964
AJ288247	70967
AJ288248	70953
AJ294512	136799
AJ294514	136802
AJ294516	136803
AJ294518	136804
AJ294520	136805
AJ294522	136806
AJ294645	50753
AJ294646	82711
AJ294647	137094
AJ294648	49945
AJ294649	137095
AJ294650	137095
AJ294651	137095
AJ294652	137096
AJ294653	137097
AJ294654	49936
AJ294655	84892
AJ294656	137098
AJ294657	137099
AJ294658	137100
AJ294659	85040
AJ294660	137101
AJ294661	50772
AJ294662	82714
AJ294663	137102
AJ294664	137103
AJ294665	137104
AJ294666	137105
AJ294667	137106
AJ294668	137107
AJ294669	49961
AJ294670	137108
AJ294671	137109
AJ294672	137110
AJ294673	137111
AJ294674	137112
AJ294675	137113
AJ294676	137114
AJ294677	137115
AJ294678	84893
AJ294679	137116
AJ294680	137117
AJ294681	61949
AJ294682	137118
AJ294683	137119
AJ294684	137121
AJ294685	137122
AJ294686	137123
AJ294687	137124
AJ294688	137125
AJ294689	137126
AJ294690	137127
AJ294691	84894
AJ294692	84895
AJ294693	84902
AJ294694	50277
AJ294695	84905
AJ294696	50806
AJ294697	137128
AJ294698	137129
AJ294699	137130
AJ294700	39379
AJ294701	137131
AJ294702	137132
AJ294703	137133
AJ294704	84931
AJ296415	133233
AJ296416	133235
AJ296417	99037
AJ296418	99040
AJ296419	133237
AJ296420	1155244
AJ296421	133241
AJ296422	99098
AJ296423	127978
AJ296424	4220
AJ296425	133243
AJ296426	133245
AJ296427	133247
AJ296428	133248
AJ296429	133249
AJ296430	133251
AJ296431	133253
AJ296432	133254
AJ296433	133255
AJ296434	133401
AJ296435	133257
AJ296436	133258
AJ296437	133260
AJ296438	133261
AJ296439	133262
AJ296440	99097
AJ296441	133263
AJ296442	133264
AJ296443	99022
AJ296444	133266
AJ296445	133267
AJ296446	99076
AJ296447	56017
AJ296448	127988
AJ296449	127994
AJ300275	112604
AJ304787	146595
AJ304789	146596
AJ304791	146597
AJ304868	147457
AJ306099	149059
AJ306106	84868
AJ306107	149051
AJ306108	149052
AJ306109	149053
AJ306110	149054
AJ306111	148620
AJ306112	148621
AJ306113	49941
AJ306114	148623
AJ306115	50804
AJ306116	148624
AJ306117	134587
AJ306118	149055
AJ306119	148625
AJ306120	149056
AJ306121	84913
AJ306122	148626
AJ306123	149057
AJ306124	148627
AJ306125	137887
AJ306126	149059
AJ306127	148628
AJ306128	148629
AJ306129	149060
AJ306130	149061
AJ306131	149062
AJ306132	149063
AJ312806	158216
AJ312807	158222
AJ312808	158223
AJ312809	158224
AJ312810	158229
AJ312811	158233
AJ312812	883857
AJ312813	158237
AJ312814	158219
AJ312815	158213
AJ312817	127979
AJ312818	127979
AJ312819	158226
AJ312820	158228
AJ312821	158228
AJ312822	158230
AJ312823	158220
AJ312824	158231
AJ312825	158234
AJ312826	158225
AJ312827	158217
AJ312828	158221
AJ312829	158215
AJ312830	158232
AJ312831	99028
AJ312832	158232
AJ312833	158227
AJ312834	133233
AJ318555	137887
AJ318564	166620
AJ389094	100796
AJ389096	100796
AJ389098	100797
AJ389100	100797
AJ389102	100806
AJ389104	100797
AJ389106	100806
AJ389108	100808
AJ389110	100808
AJ389112	100791
AJ389114	100791
AJ389116	100791
AJ389118	100791
AJ389120	100791
AJ389122	100792
AJ389124	100792
AJ389126	87466
AJ389128	100794
AJ389130	100795
AJ389132	100795
AJ389134	100799
AJ389136	100799
AJ389138	100799
AJ389140	100800
AJ389142	100801
AJ389144	100802
AJ389146	100802
AJ389148	100802
AJ389150	100803
AJ389152	100803
AJ389154	100803
AJ389156	100804
AJ389158	100812
AJ389160	100812
AJ389162	100812
AJ389164	100789
AJ389166	100810
AJ389168	100814
AJ400002	118749
AJ400003	118750
AJ400004	118751
AJ400005	118751
AJ400006	118752
AJ400007	118753
AJ400008	118754
AJ400009	118755
AJ400010	118756
AJ400011	118757
AJ400012	118758
AJ400013	118759
AJ400014	1640519
AJ400015	118760
AJ400016	118761
AJ400017	118762
AJ400018	118763
AJ400019	118763
AJ400020	118763
AJ400021	118763
AJ400022	118764
AJ400023	118765
AJ400024	1640520
AJ400025	1640520
AJ400026	1640520
AJ400027	118766
AJ400028	118766
AJ400029	118767
AJ400030	118768
AJ400031	118769
AJ400032	118770
AJ400033	118770
AJ400034	118771
AJ400035	118771
AJ400036	118771
AJ400037	118771
AJ400038	118771
AJ400039	1640521
AJ400040	118772
AJ400041	118773
AJ400042	1640522
AJ400043	118774
AJ400044	118775
AJ400045	118761
AJ400046	118776
AJ400047	118778
AJ400048	118749
AJ400049	118750
AJ400050	118751
AJ400051	118751
AJ400052	118752
AJ400053	118753
AJ400054	118754
AJ400055	118755
AJ400056	118756
AJ400057	118757
AJ400058	118758
AJ400059	118759
AJ400060	1640519
AJ400061	118760
AJ400062	118761
AJ400063	118762
AJ400064	118763
AJ400065	118763
AJ400066	118763
AJ400067	118763
AJ400068	118764
AJ400069	118765
AJ400070	1640520
AJ400071	1640520
AJ400072	1640520
AJ400073	118766
AJ400074	118766
AJ400075	118767
AJ400076	118768
AJ400077	118769
AJ400078	118770
AJ400079	118770
AJ400080	118771
AJ400081	118771
AJ400082	118771
AJ400083	118771
AJ400084	118771
AJ400085	1640521
AJ400086	118772
AJ400087	118773
AJ400088	1640522
AJ400089	118774
AJ400090	118775
AJ400091	118761
AJ400092	118776
AJ400093	118778
AJ400126	98113
AJ400127	98113
AJ400128	98112
AJ400129	98112
AJ400130	98111
AJ400131	98111
AJ400132	98111
AJ400133	4516
AJ400134	4516
AJ400135	4516
AJ400136	4516
AJ400137	112509
AJ400138	112509
AJ400139	4565
AJ400140	4565
AJ400141	112516
AJ400142	112516
AJ400143	98114
AJ400144	118676
AJ400145	118676
AJ400146	118676
AJ400148	15565
AJ400149	15565
AJ400150	15565
AJ400151	15565
AJ402863	123903
AJ402865	123904
AJ402867	123905
AJ402869	123906
AJ402871	123907
AJ402873	123908
AJ402875	123909
AJ402877	123910
AJ402879	123911
AJ402881	123911
AJ402883	123913
AJ402885	49819
AJ402890	124929
AJ402901	72152
AJ404452	49819
AJ410312	84868
AJ410313	166601
AJ410314	166602
AJ410315	84931
AJ410316	166603
AJ410317	137107
AJ410318	166604
AJ410319	161508
AJ410320	50804
AJ410321	161526
AJ410322	166605
AJ410323	166607
AJ410324	166608
AJ410325	166609
AJ410326	166610
AJ410327	50806
AJ410328	84913
AJ410329	50808
AJ410330	166611
AJ410331	148627
AJ410332	166612
AJ410333	166613
AJ410334	137887
AJ410335	166614
AJ410336	148628
AJ410337	137128
AJ410338	166615
AJ410339	166616
AJ410340	166617
AJ410341	166618
AJ410342	166619
AJ410343	166620
AJ410344	137130
AJ410345	39379
AJ410346	166622
AJ410347	166623
AJ410348	137131
AJ410349	166624
AJ410350	137133
AJ410351	166625
AJ411708	161506
AJ411709	161507
AJ411710	161508
AJ411711	161508
AJ411712	161508
AJ411713	161508
AJ411714	161508
AJ411715	161508
AJ411716	161509
AJ411717	161510
AJ411718	161511
AJ411719	161512
AJ411720	161513
AJ411721	161513
AJ411722	161514
AJ411723	161515
AJ411724	161516
AJ411725	161516
AJ411726	161516
AJ411727	161516
AJ411728	161517
AJ411729	161518
AJ411730	161519
AJ411731	161520
AJ411732	161521
AJ411733	161522
AJ411734	161523
AJ411735	161524
AJ411736	161524
AJ411737	161525
AJ411738	161526
AJ411762	161520
AJ420091	179393
AJ420092	179394
AJ420093	179395
AJ420094	179396
AJ420095	179396
AJ420096	179397
AJ420097	179398
AJ426524	183559
AJ426526	183560
AJ426528	183561
AJ426530	105271
AJ426532	183563
AJ426534	183564
AJ426536	183566
AJ426538	183568
AJ426540	183569
AJ426541	183571
AJ426542	183571
AJ426544	183572
AJ426546	183573
AJ426548	183574
AJ426550	242170
AJ426552	183577
AJ426554	105906
AJ426556	183579
AJ426558	183557
AJ426560	19953
AJ429198	185660
AJ429200	107199
AJ488835	3986
AJ488836	3986
AJ488837	3986
AJ488838	3986
AJ488839	197597
AJ488840	197598
AJ488841	197599
AJ488842	197598
AJ488843	197600
AJ488844	197601
AJ488845	197602
AJ488846	197603
AJ488847	197603
AJ488848	3985
AJ488849	3985
AJ488850	3985
AJ488851	3985
AJ488852	3985
AJ488853	3985
AJ488854	197604
AJ488855	3988
AJ488856	197594
AJ488857	197595
AJ491658	4337
AJ491659	199598
AJ491660	175031
AJ491661	110753
AJ491662	175113
AJ491663	191068
AJ491664	174664
AJ491666	2065909
AJ491667	199602
AJ491668	199604
AJ491669	191057
AJ491670	110748
AJ491671	199605
AJ491672	199607
AJ491673	59825
AJ491674	175037
AJ491675	175086
AJ491676	199711
AJ491677	170927
AJ491678	175033
AJ491679	110762
AJ491680	59976
AJ491681	55385
AJ491682	175068
AJ491683	59985
AJ491684	59974
AJ491685	199608
AJ491686	199609
AJ491687	199611
AJ491688	59972
AJ491689	199612
AJ491690	199614
AJ493447	200993
AJ512216	57912
AJ512217	57943
AJ512218	32218
AJ512219	57916
AJ512220	101015
AJ512221	57925
AJ512222	137445
AJ512223	57927
AJ512224	57928
AJ512225	210858
AJ512226	57939
AJ512227	57941
AJ512228	210861
AJ512229	57935
AJ512233	32239
AJ512234	57945
AJ512235	57947
AJ512236	57934
AJ512237	57932
AJ512238	57926
AJ512240	210862
AJ512241	57933
AJ512242	13044
AJ512243	57929
AJ512244	57942
AJ512245	210859
AJ512246	57931
AJ512247	211100
AJ512906	209194
AJ512907	118891
AJ512908	212022
AJ512909	212023
AJ512910	212024
AJ512911	212026
AJ512912	212026
AJ512913	211667
AJ512914	211666
AJ512915	212027
AJ512916	118891
AJ512917	212028
AJ512918	212029
AJ512919	212022
AJ512920	181247
AJ512921	181244
AJ512922	212030
AJ512923	118890
AJ512924	118890
AJ512925	212031
AJ512926	168126
AJ512927	168127
AJ512928	212032
AJ512929	168129
AJ512930	168128
AJ512931	181245
AJ512942	34305
AJ512943	34305
AJ534731	216489
AJ534732	212996
AJ534733	213050
AJ534734	216476
AJ534735	216490
AJ534736	216478
AJ534737	212879
AJ534738	216491
AJ534739	216480
AJ534740	216488
AJ534742	209320
AJ534744	209346
AJ534746	213053
AJ534748	209339
AJ534750	212937
AJ534752	216474
AJ534754	209342
AJ534756	212908
AJ534758	209324
AJ534760	213007
AJ534762	216493
AJ534764	212840
AJ534766	216494
AJ534768	216492
AJ534770	212961
AJ534772	216485
AJ534774	216470
AJ534775	216472
AJ534776	216472
AJ534778	212909
AJ534780	212981
AJ534782	212994
AJ534784	212851
AJ534786	212975
AJ534788	28955
AJ534790	216487
AJ534792	212849
AJ534794	216484
AJ534796	216475
AJ534798	216473
AJ534800	216471
AJ534802	216479
AJ534804	216481
AJ534806	216486
AJ534808	212286
AJ534810	216483
AJ534812	212858
AJ534814	212903
AJ534816	213017
AJ534818	154995
AJ534820	216482
AJ534822	154994
AJ534824	38844
AJ534826	216477
AJ534828	154986
AJ534830	212826
AJ534832	212306
AJ534834	212838
AJ534836	216468
AJ535517	212935
AJ549349	51121
AJ549365	108210
AJ549366	51121
AJ549367	130454
AJ549368	217475
AJ549369	130453
AJ549370	224330
AJ549371	108217
AJ549372	224331
AJ549373	224332
AJ549374	224333
AJ549375	224334
AJ549376	224335
AJ549377	224336
AJ549378	224337
AJ549379	224338
AJ549380	224339
AJ549381	212810
AJ550318	3827
AJ550319	90898
AJ550320	90897
AJ550321	90899
AJ550322	92719
AJ550323	47088
AJ550324	92718
AJ550325	107682
AJ550326	92720
AJ550327	224826
AJ551456	226209
AJ551457	226209
AJ551458	226209
AJ551459	226209
AJ551460	229039
AJ555560	226205
AJ555561	226206
AJ555562	227691
AJ555563	227692
AJ580051	241808
AJ580052	236732
AJ580053	236732
AJ580054	236732
AJ580055	236732
AJ580056	236732
AJ580057	236732
AJ580058	236732
AJ580059	236732
AJ580060	236732
AJ580061	236732
AJ580062	241809
AJ580063	241809
AJ580064	241809
AJ580065	241809
AJ580066	241809
AJ580067	241809
AJ580068	241810
AJ580069	236732
AJ580070	236733
AJ580071	241808
AJ580072	236732
AJ580073	236732
AJ580074	236732
AJ580075	236732
AJ580076	236732
AJ580077	236732
AJ580078	236732
AJ580079	241809
AJ580080	241809
AJ580081	241809
AJ580082	241809
AJ580083	241809
AJ580084	241809
AJ580085	241810
AJ580086	236732
AJ580087	236732
AJ580088	236732
AJ580089	236732
AJ580090	236733
AJ580091	241808
AJ580092	241808
AJ580774	41241
AJ580786	242532
AJ580787	242533
AJ580788	174649
AJ580789	242534
AJ580790	41241
AJ580791	242064
AJ580792	61450
AJ580793	242528
AJ580794	137698
AJ580795	242529
AJ580796	242530
AJ580797	242531
AJ582469	65351
AJ582470	153454
AJ582471	153352
AJ582472	153337
AJ582473	153344
AJ582474	153354
AJ582475	153368
AJ582476	106950
AJ582477	153369
AJ582478	153371
AJ582479	106782
AJ582480	153363
AJ582481	153355
AJ582482	153356
AJ582483	153328
AJ582484	153350
AJ582485	245183
AJ582486	153336
AJ582487	106781
AJ582488	153362
AJ582489	153463
AJ582490	106780
AJ582491	106783
AJ582492	153341
AJ582493	153325
AJ582494	245182
AJ582495	153372
AJ582496	153464
AJ582497	153366
AJ582498	153324
AJ582499	153351
AJ582500	153334
AJ582501	153335
AJ582502	153327
AJ582503	153342
AJ582504	153449
AJ582505	153349
AJ582506	153333
AJ582507	33125
AJ582508	153460
AJ582509	153370
AJ582510	153353
AJ582511	153364
AJ582512	153361
AJ582513	153365
AJ582514	153459
AJ582515	153330
AJ582516	153331
AJ582517	153326
AJ582518	153367
AJ582519	153339
AJ582520	153347
AJ582521	153343
AJ582522	153332
AJ582523	153348
AJ582524	153340
AJ582525	153329
AJ605965	43493
AJ605972	43493
AJ605979	43493
AJ606130	254896
AJ606132	59320
AJ606134	254902
AJ606136	254903
AJ606209	243811
AJ606210	254905
AJ606211	254909
AJ606212	254911
AJ606213	238930
AJ606214	238937
AJ606215	254921
AJ606216	254913
AJ606217	143209
AJ606218	254908
AJ606219	254917
AJ606220	254915
AJ606221	238948
AJ606222	254926
AJ606223	254017
AJ606224	254019
AJ606225	238932
AJ606226	254018
AJ606227	254907
AJ606228	238957
AJ606229	254922
AJ606230	254916
AJ606231	254927
AJ606232	137895
AJ606233	254920
AJ606234	238943
AJ606235	254919
AJ606236	238954
AJ606237	238944
AJ606238	254925
AJ606239	238942
AJ606240	238939
AJ606241	238940
AJ606242	254910
AJ606243	254912
AJ606244	254924
AJ606245	254904
AJ606246	254918
AJ621239	261455
AJ621240	261454
AJ621241	49866
AJ627197	263362
AJ628256	264394
AJ628258	264395
AJ628260	264396
AJ628262	264397
AJ628264	264398
AJ628266	264399
AJ628268	50458
AJ628270	264400
AJ628272	264401
AJ628274	264402
AJ628276	153318
AJ628278	153317
AJ628280	153319
AJ628282	264405
AJ628284	126279
AJ628286	264406
AJ628288	228869
AJ628290	264407
AJ628292	264409
AJ628294	153321
AJ628296	264410
AJ628298	362598
AJ628300	153323
AJ628302	190884
AJ628304	126276
AJ628305	264414
AJ628306	264414
AJ628308	169072
AJ628310	264415
AJ628312	264416
AJ628314	264418
AJ628316	264420
AJ628318	264422
AJ628320	264424
AJ628322	264425
AJ628324	264427
AJ628326	264428
AJ628328	264429
AJ628330	264431
AJ628332	264432
AJ628334	264434
AJ628336	264435
AJ628338	2512106
AJ628340	3724
AJ628342	264438
AJ628344	203624
AJ630210	236733
AJ630211	236733
AJ630212	266494
AJ630213	266494
AJ630600	226209
AJ630601	226209
AJ631887	267241
AJ631892	74646
AJ631896	74637
AJ631898	267261
AJ631907	267242
AJ631916	74646
AJ631919	267225
AJ631922	74632
AJ631923	74635
AJ631924	267239
AJ631928	267250
AJ631936	267256
AJ631938	267254
AJ631941	267228
AJ631944	267260
AJ631948	267243
AJ631953	267224
AJ632161	300554
AJ639947	242878
AJ639949	242867
AJ639951	271817
AJ639953	242879
AJ639955	242872
AJ639957	242873
AJ698967	238476
AJ698969	238487
AJ698971	238502
AJ698973	238477
AJ698975	274561
AJ698977	274562
AJ698979	238495
AJ698981	274564
AJ698983	274565
AJ698985	176347
AJ698987	175404
AJ698989	238521
AJ698991	238520
AJ698993	274566
AJ698995	274567
AJ698997	274568
AJ698999	238488
AJ699001	238488
AJ699003	49823
AJ699005	49823
AJ699007	49823
AJ699009	238492
AJ699011	274569
AJ699013	274570
AJ699015	274571
AJ699017	238512
AJ699019	238512
AJ699021	176347
AJ699023	176347
AJ699025	176347
AJ699027	238509
AJ699029	238509
AJ699031	238493
AJ699033	274573
AJ699035	238479
AJ699037	49820
AJ699039	238480
AJ699041	274574
AJ699043	274575
AJ699045	274575
AJ699047	274576
AJ699049	274577
AJ699051	238478
AJ699053	238507
AJ699055	238507
AJ699057	238495
AJ704988	273503
AJ717332	93608
AJ717333	279773
AJ717334	93608
AJ717335	35933
AJ717341	279769
AJ717342	279770
AJ717343	279771
AJ717344	279772
AJ717345	50866
AJ744705	350892
AJ744706	350892
AJ744707	350892
AJ744708	350892
AJ744709	350892
AJ744710	350892
AJ744711	350892
AJ744712	350892
AJ744713	350892
AJ744714	350892
AJ744715	350892
AJ744716	350892
AJ744717	350892
AJ744718	350892
AJ744719	350892
AJ744720	350892
AJ744721	350892
AJ744722	350892
AJ744723	350892
AJ744724	350892
AJ744725	350892
AJ744726	350892
AJ744727	350892
AJ744728	350892
AJ744729	350892
AJ744730	350892
AJ744731	350892
AJ744732	350892
AJ744733	350892
AJ744734	350892
AJ744735	350892
AJ744736	350892
AJ744737	350892
AJ744738	350892
AJ744739	350892
AJ744740	350892
AJ744741	350892
AJ744742	350892
AJ744743	350892
AJ744744	350892
AJ744745	350892
AJ744746	350892
AJ744747	350892
AJ744748	350892
AJ744749	350892
AJ744750	350892
AJ744751	350892
AJ744752	350892
AJ744753	350892
AJ744754	350892
AJ744755	350892
AJ748763	99026
AJ748765	512608
AJ748767	282201
AJ748769	282202
AJ748770	282204
AJ748773	282205
AJ748775	282206
AJ748777	282207
AJ748779	282208
AJ748781	282210
AJ748783	282212
AJ748785	282213
AJ810438	291062
AJ810439	291062
AJ810988	273502
AJ810989	273503
AJ810990	291097
AJ810991	291102
AJ810992	273501
AJ810993	291098
AJ810994	137229
AJ810995	3619
AJ810996	291099
AJ810997	291096
AJ829504	292350
AJ829505	292351
AJ829506	292352
AJ829507	292352
AJ829508	240009
AJ829509	240009
AJ829510	240009
AJ829511	240009
AJ829512	240009
AJ829513	240009
AJ829514	240009
AJ829515	240009
AJ829516	292353
AJ829517	292353
AJ829518	292353
AJ829519	292353
AJ829520	292353
AJ829521	292354
AJ829522	292354
AJ829523	292355
AJ829524	292355
AJ829525	292356
AJ829526	292357
AJ829527	292357
AJ829528	292358
AJ829529	292359
AJ829530	169214
AJ844273	278676
AJ844279	273505
AJ862698	202778
AJ862700	65951
AJ862702	82339
AJ862704	126270
AJ862706	228870
AJ862708	300830
AJ862710	300832
AJ862712	300833
AJ862714	300835
AJ862716	300837
AJ862718	300839
AJ862720	300841
AJ864593	282722
AJ864594	282736
AJ864595	301866
AJ864596	301867
AJ864597	301869
AJ864598	301871
AJ864599	301873
AJ864600	301874
AJ864601	301875
AJ864602	301876
AJ864603	301877
AJ864604	301878
AJ864605	301879
AJ864606	301880
AJ864607	127999
AJ864608	301881
AJ864609	301882
AJ864610	301883
AJ864611	301884
AJ864612	301885
AJ864797	302104
AJ864798	302126
AJ864799	302109
AJ864800	302133
AJ864801	302113
AJ864802	302117
AJ864803	302108
AJ864804	302127
AJ864805	302129
AJ864806	302109
AJ864807	302132
AJ864808	302131
AJ864809	302131
AJ864810	302141
AJ864811	302130
AJ864812	302137
AJ864813	302128
AJ864814	263653
AJ864815	302107
AJ864816	302125
AJ864817	302124
AJ864818	302136
AJ864819	302123
AJ864820	302122
AJ864821	302140
AJ864822	302121
AJ864823	302105
AJ864824	302120
AJ864825	302119
AJ864826	302139
AJ864827	302138
AJ864828	302118
AJ864829	302143
AJ864830	302116
AJ864831	302115
AJ864832	302114
AJ864833	302135
AJ864834	302106
AJ864835	302112
AJ864836	302142
AJ864837	302111
AJ864838	302110
AJ867984	41466
AJ867987	122010
AJ867990	305357
AJ867996	41560
AJ867999	305361
AJ868002	305362
AJ868005	305364
AJ868008	305366
AJ868011	305367
AJ868014	305368
AJ868017	305369
AJ868020	305370
AJ868023	305371
AJ868026	305373
AJ868029	305374
AJ868032	305375
AJ868035	305376
AJ868038	41635
AJ868041	305378
AJ868044	305379
AJ868047	145826
AJ868050	305381
AJ868053	145817
AJ868056	75642
AJ868059	305383
AJ868061	305385
AJ868065	305386
AJ868068	305388
AJ868071	305389
AJ868077	143210
AJ868080	305390
AJ868083	305391
AJ868086	305392
AJ868089	145830
AJ868092	305394
AJ868095	305396
AJ868098	305397
AJ876602	13465
AJ876603	13465
AJ876604	13465
AJ876605	268012
AJ876606	55615
AJ876607	268024
AJ876608	268033
AJ876609	310244
AJ876610	310245
AJ876611	268017
AJ876612	268027
AJ876613	310246
AJ876614	310247
AJ876615	268016
AJ876616	268029
AJ876617	268022
AJ889015	273504
AJ889017	317192
AJ890455	317191
AJ920390	305371
AJ920393	145826
AJ938147	129566
AJ969148	311154
AJ969149	328319
AJ969150	122010
AJ969151	456516
AJ969152	121177
AJ969153	41502
AJ969154	113416
AJ969155	328053
AJ969156	328054
AJ969157	123801
AJ969158	122011
AJ969159	328055
AJ969160	122012
AJ969161	328056
AJ969162	328057
AJ969163	328058
AJ969164	328059
AJ969165	328060
AJ971538	274560
AJ971540	274560
AJ971542	319658
AJ971544	176347
AJ971546	329964
AJ971548	238476
AJ971550	319659
AJ971552	319659
AJ971554	319659
AJ971556	319659
AJ971558	329965
AJ971560	238482
AJ971562	319660
AJ971564	319660
AJ971566	319660
AJ971568	238484
AJ971570	319662
AJ971572	238487
AJ971574	238487
AJ971576	176353
AJ971578	49822
AJ971580	49822
AJ971582	49823
AJ971584	319661
AJ971586	238492
AJ971588	274569
AJ971590	238493
AJ971592	238495
AJ971594	238496
AJ971596	238498
AJ971598	238499
AJ971600	238499
AJ971602	274564
AJ971604	238500
AJ971606	238501
AJ971608	238501
AJ971610	238501
AJ971612	238503
AJ971614	238503
AJ971616	238503
AJ971618	238504
AJ971620	238505
AJ971622	238509
AJ971624	238510
AJ971626	238510
AJ971628	238516
AJ971630	175404
AJ971632	238523
AJ971634	238524
AJ972385	49866
AJ972386	49866
AJ972387	261455
AJ972388	261455
AJ972389	330480
AJ972390	330480
AJ972391	330479
AJ972392	330479
AJ972393	261454
AJ972394	261454
AJ972895	331394
AJ972896	331394
AJ972897	263362
AJ972898	263362
AJ972899	331395
AJ972900	331395
AJ972901	331396
AJ972902	331396
AJ972903	331397
AJ972904	331397
AM050829	140907
AM050830	337841
AM050831	337842
AM087155	347521
AM087158	347522
AM087161	50282
AM087164	41535
AM087166	347524
AM087168	1594481
AM087171	41531
AM087173	351335
AM087176	124932
AM087179	347526
AM087182	347527
AM087185	347528
AM087188	1594482
AM087191	1591053
AM087194	75630
AM087197	347530
AM087619	348170
AM117841	354306
AM117844	354311
AM117847	305365
AM117850	354314
AM117853	354307
AM117856	354316
AM117859	354316
AM117862	145825
AM117865	305379
AM117868	41635
AM117871	354319
AM117874	354313
AM117877	354305
AM117880	354317
AM117883	354303
AM117886	354318
AM117889	305378
AM117892	354312
AM117895	354315
AM117898	145824
AM117901	354309
AM117904	354304
AM117907	305374
AM117910	354320
AM117913	354308
AM117915	354310
AM117916	354302
AM162214	350381
AM162216	350360
AM162218	350393
AM162220	350142
AM162222	360332
AM162224	350324
AM162226	350204
AM162228	350317
AM162230	360333
AM162232	350229
AM162234	245492
AM162236	350122
AM162238	350356
AM162240	350197
AM162242	350392
AM162244	256365
AM162246	350139
AM162248	350188
AM162250	350370
AM162252	350329
AM162254	350335
AM162256	350124
AM162258	360334
AM162260	360335
AM162262	350323
AM162264	350341
AM162266	350151
AM162268	125195
AM162270	350414
AM167908	99508
AM167910	360623
AM167912	40919
AM167914	360619
AM167916	360622
AM167918	360621
AM167920	360620
AM168435	99508
AM168437	360623
AM168439	40919
AM168441	360619
AM168443	360622
AM168445	360621
AM168447	360620
AM176761	361660
AM268375	155123
AM268377	385571
AM268379	380777
AM268381	380780
AM268383	384655
AM268385	384656
AM268387	380783
AM268389	381781
AM268391	363241
AM268393	363245
AM268394	384658
AM296450	398313
AM296451	398304
AM296452	398304
AM296454	398305
AM296456	398306
AM296458	398307
AM296460	242169
AM296462	398308
AM296464	398309
AM296466	398310
AM296468	398311
AM296470	398312
AM296472	398315
AM296474	398314
AM296476	183944
AM396989	142716
AM396992	359969
AM403486	52490
AM421462	418091
AM422372	225779
AM422373	225779
AM422374	225779
AM422375	310248
AM422376	310248
AM422377	310248
AM422378	310248
AM422379	310248
AM422380	310248
AM422381	310248
AM422382	310248
AM422383	310248
AM422384	310248
AM422385	45005
AM774422	457715
AM774424	333959
AM774425	457731
AM774428	457738
AM774446	457706
AM774448	457712
AM774454	457717
AM774455	99062
AM774459	457720
AM774460	480615
AM774466	379267
AM774468	99095
AM777848	262913
AM777849	458691
AM777850	3498
AM777851	137226
AM777852	16752
AM777853	221762
AM777854	45171
AM777855	63351
AM777856	328401
AM777857	36604
AM777858	158323
AM777859	292393
AM777860	210348
AM777861	3677
AM777862	458696
AM777863	159386
AM777864	155022
AM777865	52451
AM777866	458690
AM777867	112883
AM777868	361442
AM777869	291326
AM777870	180066
AM777871	458693
AM777872	458694
AM777873	129201
AM777874	248297
AM777875	368926
AM777876	53719
AM777877	458692
AM777878	94328
AM777879	199623
AM777880	108546
AM777881	100514
AM777882	199225
AM777883	458697
AM777884	458695
AM931035	279195
AM991694	153450
AM991696	153452
AM991698	153453
AM991700	153455
AM991702	153456
AM991704	537144
AM991706	200327
AM991708	200328
AM991710	537145
AM991712	537146
AM991714	537147
AM991716	537148
AM991718	537149
AM991720	153338
AM991722	200330
AM991734	537152
AM991736	537153
AM991738	153345
AM991740	153346
AM991742	2304424
AM991744	537157
AM991746	153357
AM991748	153358
AM991750	153360
AM991752	537159
AM991754	537160
AM991756	153465
AM991758	537164
AM991760	537165
AM991762	537166
AM991764	537167
AM991766	537168
AM991768	537169
AM991770	200333
AM991772	153462
AM991774	153318
AM991776	398450
AM991778	537150
AM991780	537156
AM991782	537127
AM991784	537161
AM991786	537163
AM991788	396801
AM991790	537142
AM991792	537143
AM991794	537196
AM991796	537154
AM991798	537158
AM991800	537162
AM991802	537170
AM991804	537198
AM991806	396804
AM991808	537199
AM991810	537200
AM991812	537201
AM991814	264425
AM991816	413683
AY006351	2571041
AY006360	126981
AY006368	126985
AY006372	139405
AY012236	145486
AY012237	145487
AY012238	145488
AY012239	145489
AY012240	145490
AY012241	145491
AY012242	145492
AY012243	145493
AY012244	145494
AY012245	145495
AY012246	145496
AY012247	145497
AY012248	145498
AY012249	1099790
AY012250	145500
AY012251	145501
AY012252	145502
AY012253	145503
AY012254	145504
AY012255	145505
AY012256	145506
AY012257	145507
AY012258	145508
AY012259	145509
AY012260	145510
AY012261	145511
AY012262	145512
AY012263	145513
AY012264	145514
AY012265	145515
AY012266	145516
AY012267	145517
AY012268	145518
AY012269	41540
AY012306	41466
AY012307	145795
AY012308	145796
AY012309	145798
AY012310	145799
AY012311	145800
AY012312	145802
AY012313	65006
AY012314	145803
AY012315	145492
AY012316	75640
AY012317	145804
AY012318	145805
AY012320	145807
AY012321	145808
AY012322	145809
AY012323	145810
AY012324	145812
AY012325	145813
AY012326	75635
AY012327	145817
AY012328	145819
AY012329	145820
AY012330	145822
AY012331	145823
AY012332	145824
AY012333	145825
AY012334	143210
AY012335	145826
AY012336	65004
AY012337	145828
AY012338	145830
AY012339	145831
AY012340	145832
AY012341	145833
AY032781	159427
AY032782	159428
AY032783	159420
AY032784	159426
AY032785	159422
AY032786	3685
AY032787	159419
AY032788	159418
AY032789	159425
AY032790	78168
AY032791	159424
AY032792	159423
AY032793	159421
AY032794	159429
AY032795	159431
AY032796	159430
AY032797	159432
AY032798	159434
AY032799	159433
AY032800	133504
AY032801	159435
AY035722	141189
AY035723	3930
AY035724	22663
AY035725	126635
AY035726	1053367
AY035727	13129
AY035728	162018
AY035729	162053
AY035730	162053
AY035731	122814
AY035732	162020
AY035733	162022
AY035734	141191
AY035735	135798
AY035736	162024
AY035737	122810
AY035738	122808
AY035739	162025
AY035740	122813
AY035741	122812
AY035742	22663
AY035743	131243
AY035744	3956
AY035745	155013
AY035746	133545
AY036136	141189
AY036137	3930
AY036138	126635
AY036139	1053367
AY036140	162018
AY036141	162053
AY036142	162053
AY036143	122814
AY036144	162020
AY036145	162022
AY036146	141191
AY036147	135798
AY036148	162024
AY036149	122810
AY036150	122808
AY036151	131243
AY036152	155013
AY038149	166980
AY038150	166982
AY038151	166983
AY038152	166983
AY038153	166984
AY038154	166985
AY038155	166986
AY038156	166987
AY038157	166987
AY038158	166988
AY038159	166989
AY038160	166990
AY038161	166991
AY038162	166992
AY038163	166993
AY038164	166993
AY038165	166994
AY038166	166996
AY038167	166997
AY038168	166998
AY038169	166998
AY038170	166999
AY038171	167001
AY038172	167002
AY038173	167002
AY038174	167004
AY038175	167004
AY038176	167005
AY038177	167006
AY038178	167008
AY038179	167009
AY038180	167011
AY038213	165484
AY038215	165487
AY038216	165489
AY038217	165490
AY038218	165491
AY038219	948492
AY038220	165495
AY038221	165498
AY038222	165499
AY038223	54724
AY038224	165502
AY038225	165504
AY038226	63028
AY045710	89630
AY045711	170545
AY045712	170549
AY045713	170543
AY045714	170551
AY045715	170552
AY045716	170547
AY047613	82358
AY047616	171805
AY047618	171806
AY047621	171808
AY047622	82357
AY047623	82357
AY047624	82358
AY047625	171804
AY047626	171805
AY047627	171805
AY047628	171806
AY047629	171806
AY047630	171807
AY047631	171808
AY047632	171808
AY047743	172082
AY047794	172078
AY047795	172078
AY047796	172066
AY047797	172051
AY047798	172079
AY047799	172079
AY047800	172079
AY047801	306892
AY047802	172081
AY047803	172067
AY047804	172067
AY047805	306874
AY047806	172058
AY047807	172058
AY047808	172058
AY047809	172052
AY047810	172052
AY047811	172065
AY047812	172065
AY047813	172065
AY047814	172063
AY047815	172063
AY047816	172059
AY047817	172053
AY047818	172053
AY047819	172077
AY047820	172077
AY047821	172055
AY047822	172056
AY047823	172056
AY047824	172056
AY047825	172056
AY047826	172056
AY047827	172060
AY047828	172082
AY047829	172072
AY047830	172068
AY047831	172073
AY047832	172073
AY047833	172073
AY047834	172062
AY047835	172062
AY047836	172075
AY047837	172075
AY047838	172080
AY047839	172080
AY047840	172071
AY047841	172071
AY047842	172075
AY047843	172075
AY047844	172075
AY047845	172072
AY047846	172072
AY047847	172072
AY047848	172072
AY047849	172072
AY047850	172072
AY047851	172072
AY047852	172072
AY047853	172072
AY047854	172072
AY047855	172054
AY047856	172054
AY047857	186264
AY047858	172076
AY047859	172076
AY047860	172076
AY047861	172064
AY047862	172064
AY047863	172064
AY047864	172057
AY047865	172057
AY047866	172057
AY047867	172057
AY047868	172057
AY047869	172064
AY047870	172064
AY047871	172069
AY047872	172069
AY047873	172070
AY047874	186263
AY047875	172061
AY047876	172074
AY047877	172074
AY047878	82736
AY065313	180793
AY065315	180794
AY065317	180795
AY065319	180796
AY065321	180797
AY065323	180798
AY065325	180799
AY065327	180800
AY065329	180801
AY065331	180802
AY065333	180803
AY065335	180804
AY065337	79165
AY065339	180806
AY065341	180807
AY065343	79156
AY065345	180808
AY072826	185652
AY072828	185653
AY072830	185654
AY072832	185655
AY072834	185656
AY072836	185657
AY074731	108883
AY083031	58027
AY083032	56900
AY083033	120602
AY083034	50184
AY083035	120595
AY083036	120596
AY083037	56905
AY083038	120640
AY083039	56903
AY083040	120634
AY083041	120637
AY083042	120636
AY083043	120635
AY083044	120591
AY083045	120592
AY083046	120593
AY083047	56899
AY083048	56892
AY083049	120598
AY083050	56894
AY083051	56896
AY083052	56890
AY083053	120587
AY083054	120586
AY083055	190266
AY083056	50181
AY083057	58026
AY083058	120581
AY083059	58038
AY083060	190267
AY083061	190268
AY083062	165205
AY083063	36012
AY083064	120631
AY083065	120622
AY083066	58043
AY083067	190270
AY083068	190265
AY083069	25629
AY083070	60857
AY083071	58027
AY083072	56900
AY083073	120602
AY083074	50184
AY083075	120595
AY083076	120596
AY083077	56905
AY083078	120640
AY083079	56903
AY083080	120634
AY083081	120637
AY083082	120636
AY083083	120635
AY083084	120591
AY083085	120592
AY083086	120593
AY083087	56899
AY083088	56892
AY083089	120598
AY083090	56894
AY083091	56896
AY083092	56890
AY083093	120587
AY083094	120586
AY083095	190266
AY083096	50181
AY083097	58026
AY083098	120581
AY083099	58038
AY083100	190267
AY083101	190268
AY083102	165205
AY083103	36012
AY083104	120631
AY083105	120622
AY083106	58043
AY083107	190270
AY083108	190265
AY083109	58045
AY083110	120638
AY083111	190404
AY083112	190405
AY083113	25629
AY083114	60857
AY083115	58027
AY083116	56900
AY083117	120602
AY083118	50184
AY083119	120595
AY083120	120596
AY083121	56905
AY083122	120640
AY083123	56903
AY083124	120634
AY083125	120637
AY083126	120636
AY083127	120635
AY083128	120591
AY083129	120592
AY083130	120593
AY083131	56899
AY083132	56892
AY083133	120598
AY083134	56894
AY083135	56896
AY083136	56890
AY083137	120587
AY083138	120586
AY083139	190266
AY083140	50181
AY083141	58026
AY083142	120581
AY083143	58038
AY083144	190267
AY083145	190268
AY083146	165205
AY083147	36012
AY083148	120631
AY083149	120622
AY083150	58043
AY083151	190270
AY083152	190265
AY083153	58045
AY083154	120638
AY083155	190404
AY083156	190405
AY094153	192634
AY094155	192634
AY094157	192634
AY094159	192634
AY094161	192635
AY094163	192635
AY094165	114844
AY094167	192636
AY094169	185653
AY094171	192637
AY096027	194712
AY102366	197926
AY102367	197923
AY102368	197935
AY102369	197931
AY102370	197930
AY102371	197925
AY102372	197937
AY102373	197933
AY102374	197936
AY102375	200876
AY102376	197932
AY102377	197938
AY102378	197929
AY102379	197922
AY102380	197927
AY102381	197928
AY102382	197934
AY102383	197924
AY102384	197920
AY102385	112837
AY131968	206550
AY131970	35608
AY134135	95392
AY138153	13365
AY138154	179181
AY138155	171009
AY138156	179072
AY138157	115872
AY138158	58031
AY138159	171016
AY138160	179188
AY138161	203822
AY138162	171017
AY138163	203823
AY138164	115877
AY138165	3301
AY138166	179212
AY138167	179233
AY138168	133430
AY138169	179234
AY138170	133431
AY138171	115879
AY138172	34343
AY138173	115889
AY138174	115899
AY138175	3304
AY138176	115904
AY138177	115905
AY140208	185493
AY140209	185493
AY140210	53205
AY140211	53205
AY140212	53205
AY140213	53205
AY140214	53205
AY140215	53205
AY140216	53205
AY140217	53211
AY140218	53211
AY140231	165353
AY145687	207713
AY145689	207716
AY145691	207709
AY145693	207710
AY145695	207720
AY145697	102697
AY145699	207718
AY145701	207711
AY145703	207719
AY145705	207715
AY145707	207714
AY145709	207712
AY145711	207717
AY146818	206613
AY146819	206614
AY146820	178642
AY146821	178642
AY146822	178642
AY146823	178642
AY146824	206616
AY146825	206617
AY146826	206618
AY146827	206619
AY146828	206620
AY146829	206621
AY146830	206622
AY146831	206623
AY146832	206624
AY146833	206624
AY146834	206625
AY146835	206626
AY146836	206627
AY146837	206628
AY146838	206629
AY146839	206630
AY146840	206631
AY146841	206632
AY146842	206633
AY146843	206634
AY146844	206635
AY146845	206636
AY146846	206637
AY146847	206638
AY146848	206639
AY146849	206640
AY146850	206641
AY146851	206642
AY146852	206643
AY146853	63633
AY146854	206644
AY146855	206645
AY146856	206646
AY146857	206647
AY146858	48046
AY146859	206648
AY146860	206649
AY146861	206649
AY146862	206650
AY146863	206651
AY146864	206651
AY146865	206652
AY146866	206653
AY146867	178868
AY146868	206654
AY146869	206655
AY146870	178712
AY146871	206656
AY146872	206657
AY146873	178714
AY146874	178714
AY146875	206658
AY146876	206658
AY146877	206658
AY146878	206658
AY146879	206659
AY146880	206660
AY146881	48061
AY146882	178721
AY146883	206661
AY146884	206613
AY146885	206614
AY146886	178642
AY146887	178642
AY146888	178642
AY146889	178642
AY146890	206616
AY146891	206617
AY146892	206618
AY146893	206619
AY146894	206620
AY146895	206621
AY146896	206622
AY146897	206623
AY146898	206624
AY146899	206624
AY146900	206625
AY146901	206626
AY146902	206627
AY146903	206628
AY146904	206629
AY146905	206630
AY146906	206631
AY146907	206632
AY146908	206633
AY146909	206634
AY146910	206635
AY146911	206636
AY146912	206637
AY146913	206638
AY146914	206639
AY146915	206640
AY146916	206641
AY146917	206642
AY146918	206643
AY146919	63633
AY146920	206644
AY146921	206645
AY146922	206646
AY146923	206647
AY146924	48046
AY146925	206648
AY146926	206649
AY146927	206649
AY146928	206650
AY146929	206651
AY146930	206651
AY146931	206652
AY146932	206653
AY146933	178868
AY146934	206654
AY146935	206655
AY146936	178712
AY146937	206656
AY146938	206657
AY146939	178714
AY146940	178714
AY146941	206658
AY146942	206658
AY146943	206658
AY146944	206658
AY146945	206659
AY146946	206660
AY146947	48061
AY146948	178721
AY146949	206661
AY148245	214527
AY148246	97415
AY148247	214528
AY148249	97420
AY148250	214041
AY148251	214042
AY148252	214043
AY148253	214044
AY148254	214045
AY148255	214046
AY148256	214047
AY148258	97441
AY148259	214049
AY148260	214050
AY148262	214052
AY148263	214053
AY148264	214054
AY178412	214227
AY180178	72332
AY180179	72332
AY180180	72386
AY180181	72386
AY180182	223864
AY180183	223864
AY180184	223865
AY180185	223865
AY180186	223866
AY180187	223866
AY180188	223867
AY180189	223867
AY180190	223868
AY180191	223868
AY180192	223869
AY180193	223869
AY180194	223870
AY180195	223870
AY180196	72355
AY180197	72355
AY180198	4220
AY180199	4220
AY196907	58331
AY196908	221659
AY196909	221660
AY210920	231174
AY210921	196579
AY210922	231175
AY210923	231176
AY210924	231177
AY210925	231178
AY210926	231179
AY210927	231180
AY210928	231181
AY210929	231182
AY210930	231183
AY210931	231184
AY210932	231185
AY210933	231186
AY210934	231187
AY210935	231188
AY210936	231190
AY210937	231191
AY210938	231192
AY219241	159424
AY219257	159423
AY219264	159424
AY219265	159424
AY219266	159424
AY219267	159424
AY219268	159424
AY219269	159424
AY219270	159424
AY219271	159424
AY219272	159424
AY219273	159424
AY219274	159424
AY219275	159424
AY219276	159424
AY219277	159424
AY219278	159424
AY219279	159424
AY219280	159423
AY219281	159423
AY219282	159423
AY219283	159423
AY219284	159423
AY219285	159423
AY219286	159423
AY219287	232205
AY230569	225664
AY230597	225671
AY231368	23081
AY231369	23090
AY246005	228778
AY246006	228778
AY246007	228775
AY246008	228782
AY246009	228787
AY246010	228788
AY246011	228789
AY246012	228790
AY246013	125590
AY246014	228782
AY246015	228776
AY246016	228776
AY246017	228780
AY246018	228779
AY246019	228775
AY246020	228789
AY246021	228788
AY246022	228788
AY246023	228782
AY246024	228785
AY246025	50465
AY246026	50465
AY246027	125590
AY246028	228776
AY246029	228779
AY246030	228790
AY246031	228775
AY246032	228775
AY246033	228775
AY246034	228789
AY251699	172057
AY251700	225560
AY251701	225561
AY251702	225562
AY251703	82704
AY251704	172076
AY251705	225563
AY251706	226017
AY251707	226017
AY251708	226017
AY251709	226017
AY251710	226018
AY251711	198368
AY251712	84876
AY251713	82718
AY251714	225564
AY251715	82735
AY251716	82736
AY251717	39379
AY251718	84938
AY251719	84942
AY251720	82706
AY251721	198364
AY251722	83318
AY251723	82726
AY251724	225565
AY251725	225565
AY251726	52518
AY251727	84884
AY251728	84884
AY253891	228100
AY253892	105941
AY253893	105941
AY253894	105941
AY253895	105941
AY253896	114980
AY255057	184733
AY255058	184734
AY255059	191506
AY255060	4515
AY255061	4516
AY255062	52712
AY255063	15565
AY255064	58925
AY255065	58926
AY255066	184730
AY255067	112519
AY255068	4517
AY255069	38856
AY255070	4519
AY255071	97361
AY255072	58928
AY255073	184732
AY255074	184733
AY255075	112521
AY255076	38857
AY255077	118676
AY255078	38858
AY255079	184734
AY255080	184727
AY255081	184733
AY255082	184734
AY256387	236218
AY256388	236219
AY256389	236220
AY256390	198401
AY256391	84872
AY266446	178639
AY266447	178710
AY267715	227398
AY267717	227399
AY273730	212077
AY274957	229449
AY274962	229462
AY274964	229429
AY274965	175111
AY274969	229460
AY274972	229450
AY274974	199609
AY274981	199610
AY274984	229440
AY274986	184984
AY274991	110751
AY275006	229426
AY275011	229430
AY286523	230721
AY286524	191455
AY286525	230722
AY286526	230724
AY286527	230726
AY286528	230727
AY286529	191669
AY286530	115622
AY286531	191457
AY286532	230711
AY286533	230712
AY286534	230713
AY286535	230728
AY286536	230714
AY286537	230715
AY286538	230716
AY286539	230717
AY286540	191671
AY286541	230718
AY286542	230719
AY294625	93813
AY296575	44929
AY296576	44929
AY296577	174662
AY296578	174662
AY296579	225589
AY296580	225589
AY296581	225589
AY296582	225589
AY296583	225595
AY296584	225595
AY296585	3382
AY296586	3382
AY296587	3382
AY296588	3382
AY296589	3382
AY296590	225596
AY296591	225596
AY296592	225596
AY296593	225596
AY296594	243002
AY296595	225590
AY296596	225590
AY296597	225590
AY296598	225590
AY296599	225590
AY296600	225607
AY296601	225607
AY296602	243004
AY296603	225591
AY296604	225591
AY296605	225592
AY296606	225592
AY296607	225592
AY296608	225592
AY296609	225604
AY296610	225604
AY296611	225605
AY296612	225593
AY296613	225593
AY296614	225602
AY296615	225603
AY296616	225603
AY296617	225594
AY296618	225594
AY296619	225594
AY296620	225594
AY296621	45078
AY296622	33153
AY296623	33153
AY296624	242780
AY296625	242780
AY296626	242999
AY296627	242999
AY296628	3383
AY296629	3383
AY296630	45079
AY296631	45079
AY296632	225597
AY296633	225597
AY296634	225601
AY296635	225600
AY296636	225600
AY296637	3377
AY315673	172064
AY315674	172064
AY315675	172072
AY315676	172072
AY315677	249342
AY318873	84884
AY323652	210935
AY323655	247104
AY323681	45385
AY323685	34199
AY330490	239662
AY330491	239664
AY330492	239663
AY330494	239651
AY330495	239653
AY330496	223577
AY330497	239673
AY330498	239640
AY330499	52460
AY330500	239660
AY330501	239642
AY330502	239668
AY330503	239644
AY330504	206651
AY330505	49575
AY330506	239666
AY330507	94007
AY330508	239637
AY330509	63003
AY330510	239650
AY330511	239652
AY330512	239657
AY330513	239658
AY330514	239646
AY330515	239672
AY330516	239648
AY330517	239680
AY330518	239670
AY330519	239678
AY330520	239655
AY330521	239675
AY331418	82271
AY331419	103991
AY331420	239395
AY331421	239396
AY331422	239397
AY331423	239398
AY331424	239399
AY331425	239400
AY331426	171910
AY331427	239401
AY331428	239402
AY331429	239403
AY331430	82281
AY331431	239404
AY331432	239405
AY331433	239406
AY331434	239407
AY331435	239408
AY331436	239409
AY331437	239410
AY331438	239411
AY331439	239412
AY331440	239413
AY331441	239414
AY331442	239415
AY331443	239416
AY331444	239417
AY331445	239418
AY331446	82282
AY331447	239419
AY331448	239420
AY331449	239421
AY331450	239422
AY331451	239423
AY331452	239424
AY331453	239425
AY331454	239426
AY331455	239427
AY331456	239428
AY331457	239430
AY331458	239432
AY331459	239433
AY331460	239434
AY331461	103999
AY331462	239436
AY331463	28490
AY331464	239438
AY331465	103995
AY331466	239439
AY331467	239441
AY331468	239443
AY331469	239445
AY331470	103032
AY331471	239447
AY331472	239449
AY331473	239450
AY331474	239451
AY331475	239452
AY331476	239453
AY331477	239455
AY331478	239456
AY331479	239458
AY331480	239460
AY331481	239462
AY331482	239464
AY331483	239466
AY331484	239468
AY331485	239469
AY331486	94286
AY331487	239471
AY331488	239472
AY331489	103997
AY331490	239473
AY331491	28494
AY331492	239475
AY331493	239477
AY335262	251413
AY335263	179233
AY335264	179217
AY335265	179211
AY335266	179191
AY335267	173274
AY335268	179216
AY335269	3301
AY335270	179223
AY335271	179231
AY335272	179220
AY335273	179201
AY335274	179197
AY335275	179207
AY335276	179210
AY335277	179196
AY335278	179199
AY335279	179202
AY335280	179206
AY335281	58034
AY335282	179204
AY335283	251413
AY335284	179205
AY335285	179212
AY335286	179215
AY335287	179203
AY335288	179193
AY335289	179229
AY335290	179230
AY335291	179208
AY335292	179202
AY335293	173274
AY335294	179210
AY335295	3301
AY335296	36013
AY335297	179221
AY335298	179215
AY335299	179194
AY335300	179195
AY335301	179198
AY335302	179218
AY335303	179218
AY335304	179213
AY335305	251412
AY335306	179222
AY335307	179202
AY335308	179228
AY335309	179192
AY335310	179232
AY335311	179224
AY335312	179225
AY335313	179209
AY335314	3302
AY335315	171018
AY335316	171018
AY335317	179227
AY335318	179227
AY335319	3300
AY335320	3300
AY335321	179190
AY335322	179219
AY335323	179214
AY335324	58035
AY335325	179226
AY335976	251682
AY335977	251683
AY345151	66393
AY353985	48109
AY353987	99497
AY354304	29771
AY354306	29771
AY354353	251268
AY367919	254135
AY367926	254146
AY367929	254149
AY367931	254151
AY367952	254158
AY372320	48872
AY372321	49015
AY372322	71137
AY372323	71141
AY372324	48749
AY372325	48753
AY372326	48759
AY372327	48807
AY372328	49028
AY372329	125973
AY372330	103684
AY372331	103688
AY372332	243669
AY372333	48761
AY372334	243663
AY372335	49024
AY372336	48822
AY372337	121486
AY372338	48816
AY372339	48872
AY372340	49015
AY372341	71141
AY372342	48749
AY372343	48753
AY372344	48759
AY372345	48807
AY372346	49028
AY372347	125973
AY372348	103684
AY372349	243669
AY372350	48761
AY372351	243663
AY372352	49024
AY372353	48822
AY372354	121486
AY372355	48816
AY373687	254670
AY373688	254671
AY373689	254672
AY373690	254673
AY373691	254674
AY373692	254675
AY373693	254676
AY373694	254677
AY373695	254678
AY373696	254679
AY373697	254680
AY373698	254681
AY373699	254682
AY373700	254683
AY373701	254684
AY373702	254685
AY373703	254686
AY373704	254687
AY373705	254688
AY373706	254689
AY373707	254762
AY373708	254691
AY373709	254692
AY373710	254693
AY373711	254694
AY373712	254695
AY373713	254697
AY373714	254698
AY373715	254699
AY373716	254700
AY373717	243812
AY373718	254701
AY373719	254703
AY394062	173278
AY394063	33152
AY394064	257425
AY394065	173280
AY394066	173276
AY394067	42328
AY394068	257426
AY394069	173279
AY397761	249341
AY423601	249342
AY423602	249342
AY423603	172075
AY423604	172067
AY423605	172074
AY436368	252537
AY436374	252537
AY436375	252537
AY436376	1211485
AY436377	248814
AY436378	248815
AY436379	252538
AY445623	262102
AY478391	258455
AY478395	258456
AY478397	258457
AY478399	221162
AY478404	258455
AY478405	258455
AY478406	258455
AY478407	258455
AY478408	258456
AY478409	258456
AY478410	258457
AY478411	258457
AY478412	221162
AY478413	221162
AY478414	258458
AY478415	258459
AY478416	243964
AY478417	258461
AY492124	4153
AY492126	263965
AY504478	259890
AY517657	270399
AY517660	270402
AY517661	270403
AY517663	270405
AY517665	270407
AY517666	270408
AY517667	270409
AY517668	270410
AY517669	270411
AY517670	270412
AY517671	270413
AY517672	270414
AY517673	270415
AY517674	270416
AY517675	270417
AY517676	270418
AY517677	270419
AY517678	270420
AY517679	270421
AY517680	270422
AY517683	270425
AY520804	49143
AY523442	54800
AY524830	272643
AY533516	203624
AY533518	203624
AY533520	263653
AY541598	210387
AY541599	232238
AY541600	264809
AY541601	264810
AY541602	264811
AY541603	264812
AY541604	264813
AY541605	264814
AY542658	159424
AY542659	159424
AY542660	159424
AY542661	159424
AY542662	159424
AY542663	159424
AY542664	159424
AY542665	159424
AY542666	159424
AY542667	159424
AY542668	159424
AY542669	159424
AY542670	159424
AY542671	159424
AY542672	159424
AY542673	159424
AY542674	159423
AY542675	159423
AY542676	159423
AY542677	159423
AY542678	159423
AY542679	159423
AY542680	159423
AY542681	159423
AY542682	159423
AY542683	159423
AY542684	159423
AY542685	159423
AY542686	159423
AY546137	264418
AY546138	278950
AY546139	278950
AY546140	278950
AY546141	278950
AY546142	278950
AY546143	278950
AY546144	278950
AY546145	278950
AY546146	278950
AY546147	278950
AY546148	278950
AY546149	278950
AY546150	278950
AY546151	278950
AY546152	278950
AY546153	278950
AY546154	278950
AY546155	278950
AY546156	278950
AY546157	278950
AY546158	278950
AY546159	278950
AY546160	278950
AY546161	278950
AY546162	278950
AY546163	278950
AY546164	278950
AY546165	278950
AY551967	3335
AY553598	29655
AY553599	29655
AY553600	29655
AY553601	29655
AY553602	29655
AY553603	29655
AY553604	29655
AY553605	29655
AY553606	29655
AY553607	29655
AY553608	29655
AY553658	278099
AY553660	42337
AY553662	51275
AY553664	278101
AY553666	278102
AY553668	278103
AY553670	159670
AY553672	159667
AY553674	159674
AY553676	278106
AY553678	278104
AY553680	278107
AY553682	159666
AY553684	159687
AY553686	159664
AY553688	159680
AY553690	159661
AY553692	159685
AY553694	159682
AY553696	159668
AY553698	159675
AY553700	41554
AY553702	159679
AY553704	159673
AY553706	159655
AY553708	278105
AY558917	282588
AY558919	282590
AY558920	282589
AY558926	282594
AY558927	282591
AY558930	282596
AY558933	282593
AY558937	278950
AY558943	282587
AY558944	282588
AY558945	282588
AY558946	282590
AY558947	282590
AY558948	282589
AY558949	282589
AY558950	282589
AY558951	282591
AY558952	282592
AY558953	282593
AY558954	282594
AY558955	282591
AY558956	282595
AY558957	282596
AY558958	282596
AY558959	282596
AY558960	282594
AY558961	282593
AY558962	282597
AY558963	282593
AY558964	282599
AY558965	278950
AY558966	278950
AY558967	282600
AY558968	282602
AY558970	282604
AY561279	41563
AY561281	159677
AY561283	159683
AY561285	159662
AY561287	159657
AY561289	159656
AY561291	159658
AY561293	159665
AY561295	159663
AY561297	159671
AY561299	159672
AY561301	159660
AY561303	159684
AY563395	3335
AY563399	3335
AY563403	3333
AY563408	3333
AY563416	224734
AY563419	281396
AY576868	103745
AY576869	103745
AY582165	210387
AY582166	232238
AY582167	264809
AY582168	264810
AY582169	264811
AY582170	264812
AY582171	264813
AY582172	264814
AY591840	288284
AY609191	291860
AY609192	213032
AY609193	183966
AY609194	49843
AY609195	49809
AY609196	291859
AY609197	213031
AY615891	175259
AY615893	175253
AY615895	175260
AY615897	175266
AY616464	290078
AY616465	290078
AY616466	186729
AY616467	290079
AY616468	290079
AY616469	290079
AY616470	227399
AY616471	227399
AY616472	227399
AY616473	290080
AY616474	290081
AY616475	290082
AY616476	227398
AY616477	227398
AY616478	290084
AY616479	290084
AY616480	195015
AY616481	290085
AY616482	290085
AY616483	251266
AY616484	251266
AY616485	251266
AY616486	76397
AY616487	76397
AY616488	171569
AY616489	290086
AY616490	290087
AY616491	290078
AY616492	290078
AY616493	186729
AY616494	290079
AY616495	290079
AY616496	290079
AY616497	290084
AY616498	290084
AY616499	195015
AY616500	290085
AY616501	290085
AY616502	251266
AY616503	251266
AY616504	251266
AY616505	76397
AY616506	76397
AY616507	171569
AY616508	290086
AY616509	290087
AY616510	227399
AY616511	227399
AY616512	227399
AY616513	290080
AY616514	290081
AY616515	290082
AY616516	227398
AY616517	227398
AY623397	285890
AY625629	280743
AY628118	281127
AY628119	281128
AY628120	281129
AY628121	281130
AY628122	48735
AY628123	2503017
AY628124	281131
AY628125	29694
AY628126	247021
AY628127	281132
AY628128	154765
AY628129	4543
AY628130	4543
AY628131	4543
AY628132	4543
AY628133	281133
AY655759	39352
AY655760	39352
AY655761	49992
AY655762	190902
AY655763	190902
AY655764	190902
AY655765	190902
AY655766	190902
AY655767	190902
AY655768	190902
AY655769	190902
AY655770	190902
AY655771	190902
AY655772	190902
AY655773	190902
AY655774	190902
AY655775	190902
AY655776	190902
AY655777	190902
AY655778	38860
AY655779	38860
AY655780	38860
AY655781	38860
AY655782	38860
AY655783	38860
AY655784	38860
AY655785	38860
AY655786	38860
AY655787	38860
AY655788	38860
AY655789	38860
AY655790	38860
AY655791	38860
AY655792	38860
AY655793	38860
AY655794	38860
AY655795	38860
AY655796	38860
AY655797	29719
AY655798	29719
AY655799	29719
AY655800	29719
AY655801	29719
AY655802	29719
AY655803	29719
AY655804	29719
AY655805	29719
AY655806	29719
AY655807	29719
AY655808	29719
AY655809	29719
AY655810	29719
AY655811	29719
AY655812	29719
AY655813	29719
AY655814	29719
AY655815	29719
AY655816	38859
AY655817	38859
AY655818	38859
AY655819	38859
AY655820	38859
AY655821	38859
AY655822	38859
AY655823	38859
AY655824	38859
AY655825	38859
AY655826	38859
AY655827	38859
AY655828	38859
AY655829	38859
AY655830	38859
AY655831	38859
AY655832	38859
AY655833	38859
AY655834	38859
AY655835	38859
AY655836	34256
AY655837	34256
AY655838	34256
AY655839	34256
AY655840	34256
AY655841	34256
AY655842	34256
AY655843	34256
AY655844	34256
AY655845	34256
AY655846	34256
AY655847	34256
AY655848	34256
AY655850	34256
AY655851	34256
AY655852	34256
AY655853	34256
AY655854	34256
AY655855	34256
AY655856	34256
AY655857	34256
AY655858	34256
AY655859	34256
AY655860	34256
AY655861	34256
AY655862	34256
AY655863	34256
AY655864	34256
AY655865	34256
AY655866	34256
AY655867	34256
AY655868	34256
AY655869	34256
AY655870	34256
AY655871	34256
AY655872	34256
AY655873	294733
AY655874	292239
AY655875	292239
AY655876	292239
AY655877	294733
AY655878	294733
AY655879	294733
AY655880	294733
AY655881	294733
AY655882	294733
AY655883	294733
AY655884	294733
AY655885	300220
AY655886	241069
AY655887	301896
AY655888	39352
AY655889	39352
AY655890	49992
AY655891	190902
AY655892	190902
AY655893	190902
AY655894	190902
AY655895	190902
AY655896	190902
AY655897	190902
AY655898	190902
AY655899	190902
AY655900	190902
AY655901	190902
AY655902	190902
AY655903	190902
AY655904	190902
AY655905	190902
AY655906	190902
AY655907	38860
AY655908	38860
AY655909	38860
AY655910	38860
AY655911	38860
AY655912	38860
AY655913	38860
AY655914	38860
AY655915	38860
AY655916	38860
AY655917	38860
AY655918	38860
AY655919	38860
AY655920	38860
AY655921	38860
AY655922	38860
AY655923	38860
AY655924	38860
AY655925	38860
AY655926	29719
AY655927	29719
AY655928	29719
AY655929	29719
AY655930	29719
AY655931	29719
AY655932	29719
AY655933	29719
AY655934	29719
AY655935	29719
AY655936	29719
AY655937	29719
AY655938	29719
AY655939	29719
AY655940	29719
AY655941	29719
AY655942	29719
AY655943	29719
AY655944	29719
AY655945	38859
AY655946	38859
AY655947	38859
AY655948	38859
AY655949	38859
AY655950	38859
AY655951	38859
AY655952	38859
AY655953	38859
AY655954	38859
AY655955	38859
AY655956	38859
AY655957	38859
AY655958	38859
AY655959	38859
AY655960	38859
AY655961	38859
AY655962	38859
AY655963	38859
AY655964	38859
AY655965	34256
AY655966	34256
AY655967	34256
AY655968	34256
AY655969	34256
AY655970	34256
AY655971	34256
AY655972	34256
AY655973	34256
AY655974	34256
AY655975	34256
AY655976	34256
AY655977	34256
AY655978	34256
AY655979	34256
AY655980	34256
AY655981	34256
AY655982	34256
AY655983	34256
AY655984	34256
AY655985	34256
AY655986	34256
AY655987	34256
AY655988	34256
AY655989	34256
AY655990	34256
AY655991	34256
AY655992	34256
AY655993	34256
AY655994	34256
AY655995	34256
AY655996	34256
AY655997	34256
AY655998	34256
AY655999	34256
AY656000	34256
AY656001	34256
AY656002	294733
AY656003	292239
AY656004	292239
AY656005	292239
AY656006	294733
AY656007	294733
AY656008	294733
AY656009	294733
AY656010	294733
AY656011	294733
AY656012	294733
AY656013	294733
AY656014	300220
AY656015	241069
AY656016	301896
AY680186	286986
AY723279	308347
AY730567	37685
AY730568	293720
AY730569	293721
AY730570	129750
AY730571	129749
AY730572	293722
AY730573	293723
AY730574	293724
AY730575	129755
AY730576	129755
AY730577	129742
AY730578	293725
AY730579	293725
AY730580	293726
AY730581	293727
AY730582	129751
AY730583	293728
AY730584	264723
AY730585	293729
AY730601	257425
AY730602	288823
AY730603	173278
AY730604	173278
AY730605	257425
AY730606	257425
AY730607	288823
AY731246	299782
AY740770	310249
AY740771	310250
AY740772	310251
AY740773	129743
AY740774	310252
AY740775	310253
AY740776	310254
AY740777	310255
AY740778	310256
AY740779	310256
AY740780	129749
AY740781	129741
AY740782	310257
AY740783	129758
AY740784	103742
AY740785	125241
AY740786	129752
AY740789	4515
AY740790	52155
AY740791	4593
AY740792	4593
AY741524	202477
AY742334	299908
AY742338	299913
AY742340	299915
AY742341	299916
AY742343	299918
AY742344	105672
AY742347	299921
AY742348	299922
AY742349	299923
AY742358	105675
AY742359	299927
AY742360	299928
AY742361	215639
AY742364	299929
AY742365	299931
AY742366	188481
AY742367	105678
AY742370	299934
AY742371	299935
AY742375	230707
AY742380	299910
AY742385	105681
AY742387	299944
AY746557	310847
AY764192	313295
AY764216	313307
AY769817	251764
AY769818	251770
AY769819	105379
AY769825	199626
AY769826	313665
AY769828	199627
AY769835	313672
AY769836	313673
AY769845	188493
AY770490	140861
AY771894	313886
AY771895	313887
AY771896	313882
AY771897	313883
AY771898	314105
AY771899	217170
AY771900	313889
AY771901	313890
AY771902	313891
AY771903	313892
AY771904	313893
AY771905	313894
AY771906	313895
AY771907	313896
AY771908	313897
AY771909	313898
AY771910	313899
AY771911	313900
AY771912	237894
AY771913	313901
AY771914	313902
AY771915	313903
AY771916	147272
AY771917	313910
AY771918	313904
AY771919	313905
AY771920	313885
AY771921	313906
AY771922	313907
AY771923	313884
AY771924	313908
AY771925	313909
AY771926	158149
AY772851	323106
AY772852	323107
AY772853	4103
AY772854	323108
AY772855	323109
AY772856	323110
AY772857	323111
AY772858	323112
AY772859	274391
AY772860	274387
AY773211	49947
AY773212	49947
AY773213	49947
AY773214	49947
AY773215	49947
AY773216	49947
AY773217	49947
AY773218	49947
AY773219	49947
AY773220	49947
AY773221	49947
AY773222	49947
AY773223	49947
AY773224	49947
AY773225	49947
AY773226	49947
AY773227	49947
AY773228	49947
AY773229	49947
AY773230	49947
AY773231	49947
AY773232	49947
AY773233	49947
AY773234	49947
AY773235	49947
AY773236	49947
AY773237	49947
AY773238	49947
AY773239	49947
AY773240	49947
AY773241	49947
AY773242	49947
AY773243	49947
AY773244	49947
AY773245	49947
AY773246	49947
AY773247	49947
AY773248	49947
AY773249	49947
AY773250	49947
AY773251	49947
AY773252	49947
AY773253	49947
AY773254	49947
AY773255	49947
AY773256	49947
AY773257	49947
AY773258	49947
AY773259	49947
AY773260	49947
AY818206	190223
AY818211	321603
AY818212	321604
AY818828	61441
AY818840	61439
AY818846	301623
AY818861	199093
AY818862	61443
AY818863	61441
AY818864	301629
AY818865	61436
AY818866	301636
AY818867	301617
AY818868	301614
AY818869	301615
AY818870	301635
AY818871	48769
AY818872	301626
AY818873	301632
AY818874	301861
AY818875	61439
AY818876	61437
AY818877	301628
AY818878	301637
AY818879	61438
AY818880	301621
AY818881	301623
AY818882	301619
AY818883	61440
AY818884	301630
AY818885	61442
AY818886	301616
AY818887	301625
AY818888	301624
AY818889	301613
AY818890	48779
AY818891	301634
AY818892	301620
AY818893	301618
AY818894	301633
AY818895	301627
AY829228	15371
AY839529	3855
AY840209	4412
AY840210	4426
AY840211	77108
AY840212	247974
AY840213	85961
AY840214	13483
AY840985	306555
AY840987	1483569
AY840989	306557
AY845207	85247
AY845208	85247
AY845209	3366
AY845210	120620
AY845211	120620
AY845212	120620
AY845213	120620
AY845214	120620
AY845215	120620
AY845216	56897
AY847032	262687
AY847033	35926
AY847034	262677
AY847035	262682
AY847036	262683
AY847037	262685
AY847038	161018
AY847039	262679
AY847040	262676
AY847041	194871
AY847042	262688
AY847043	262678
AY847044	262692
AY847045	262684
AY847046	262691
AY847047	262689
AY847048	262690
AY847049	262696
AY847050	262696
AY847051	262694
AY847052	161016
AY847053	3649
AY847054	3735
AY847055	161030
AY857978	308179
AY858263	159422
AY858264	159422
AY858265	159422
AY858266	159422
AY858267	159422
AY858268	159422
AY858269	159422
AY858270	159422
AY858271	159422
AY858272	159422
AY858273	159422
AY858274	159422
AY858275	159422
AY858276	159422
AY858277	159422
AY858278	159422
AY858279	159422
AY858280	159422
AY858281	159422
AY858282	159422
AY858283	159422
AY858284	159422
AY858285	159422
AY858286	159422
AY858287	159422
AY858288	159422
AY858289	159422
AY858290	159422
AY858291	159422
AY858292	159422
AY858293	159422
AY858294	159422
AY858295	159422
AY858296	159422
AY858297	159422
AY858298	159422
AY858299	159422
AY858300	159422
AY858301	159422
AY858302	159422
AY858303	159422
AY858304	159422
AY858305	159422
AY858306	159422
AY858307	159422
AY858308	159422
AY858309	159422
AY858310	159422
AY858311	159422
AY858312	159422
AY858313	159422
AY858314	159422
AY858315	159422
AY858316	159422
AY858317	159422
AY858318	159422
AY858319	159422
AY858320	159422
AY858321	159422
AY858322	159422
AY858323	159422
AY858324	159422
AY858325	159422
AY858326	159422
AY858327	159422
AY858328	159422
AY858329	159422
AY858330	159422
AY858331	159422
AY858332	159422
AY858333	159422
AY858334	159422
AY858335	159422
AY858336	159422
AY858337	159422
AY858338	159422
AY858339	159422
AY858340	159422
AY858341	159422
AY858342	159422
AY858343	159422
AY858344	159422
AY858345	159422
AY858346	159422
AY858347	159422
AY858348	159422
AY862312	227691
AY862314	217475
AY870326	87471
AY879856	2498444
AY879857	2498444
AY879858	321345
AY879859	321345
AY879860	321345
AY879861	321346
AY879862	321347
AY879863	172057
AY879864	172057
AY879865	172057
AY879866	172057
AY879867	172057
AY879868	321348
AY879869	321348
AY879870	321348
AY879871	225562
AY879872	225562
AY879873	225562
AY879874	225562
AY879875	172061
AY879876	172061
AY879877	321349
AY879878	321349
AY879879	321350
AY879880	321350
AY879881	321350
AY879882	321350
AY879883	321350
AY879884	82704
AY879885	82704
AY879886	172069
AY879887	172069
AY879888	321351
AY879889	321352
AY879890	225563
AY879891	225563
AY879892	321353
AY879893	321354
AY879894	321355
AY879895	321355
AY879896	321356
AY879897	172076
AY879898	172076
AY879899	172076
AY879900	172076
AY879901	321357
AY879902	321357
AY879903	321357
AY879904	321357
AY879905	321358
AY879906	172076
AY881168	283874
AY881172	283872
AY881173	279683
AY911863	312796
AY911864	312798
AY911865	312794
AY911866	312800
AY911867	312801
AY911868	312802
AY916832	50187
AY916835	50187
AY916838	50187
AY916839	50187
AY916840	50187
AY916846	50187
AY916848	50187
AY916850	50187
AY916855	50187
AY916856	50187
AY916857	50187
AY916858	50187
AY916859	50187
AY916864	50187
AY916865	50187
AY916866	50187
AY916867	50187
AY916879	50187
AY916881	50187
AY916882	50187
AY916891	50187
AY916892	50187
AY916893	50187
AY916895	50187
AY916897	50187
AY916900	50187
AY916901	50187
AY916907	50187
AY916909	50187
AY916911	50187
AY916913	50187
AY916915	50187
AY916934	50187
AY916936	50187
AY916938	50187
AY916951	50187
AY916954	50187
AY916959	50187
AY916960	50187
AY916961	50187
AY916963	50187
AY916965	50187
AY916976	50187
AY916977	50187
AY916995	50187
AY917000	50187
AY917002	50187
AY917008	50187
AY917011	50187
AY917014	50187
AY917016	50187
AY917024	50187
AY917027	50187
AY917029	50187
AY917031	50187
AY917032	50187
AY917033	50187
AY917035	50187
AY917039	50187
AY917042	50187
AY917044	50187
AY917045	50187
AY917046	50187
AY917053	50187
AY917066	99815
AY917074	99815
AY917078	99815
AY917080	99815
AY917081	99815
AY917082	99815
AY917086	99815
AY917089	99815
AY917095	99815
AY917097	99815
AY925161	199627
AY925162	48101
AY925163	312530
AY925164	265785
AY925165	185560
AY925166	54724
AY925167	312531
AY925168	203717
AY935865	324802
AY941293	325710
AY941294	325712
AY941295	325714
AY941296	325716
AY941297	325738
AY941298	325739
AY941299	325740
AY941300	325741
AY941301	325718
AY941302	325720
AY941303	325722
AY941304	325725
AY941305	1697474
AY941306	325726
AY941307	325728
AY941308	325730
AY941309	325742
AY941310	325743
AY941311	325744
AY941312	325732
AY941313	325745
AY941314	109141
AY941315	325734
AY941316	325735
AY941317	325746
AY941318	325737
AY941319	325747
AY944426	48735
AY944427	48735
AY944428	48735
AY944429	48735
AY944430	48735
AY944431	48735
AY944432	48735
AY944433	48735
AY944434	48735
AY944435	48735
AY944436	48735
AY944437	48735
AY944438	48735
AY944439	48735
AY944440	48735
AY944441	48735
AY944442	48735
AY944443	48735
AY944444	48735
AY944445	48735
AY944446	48735
AY944447	48735
AY944448	48735
AY944449	48735
AY944450	48735
AY944451	48735
AY944452	48735
AY944453	48735
AY944454	48735
AY944455	48735
AY944456	48735
AY944457	48735
AY944458	48735
AY944459	48735
AY944460	48735
AY944461	48735
AY944462	48735
AY944463	48735
AY945814	320345
AY945815	320346
AY945816	320347
AY945817	320348
AY945818	320349
AY945819	320350
AY945820	320351
AY945821	320352
AY945822	320353
AY945824	320355
AY945825	320356
AY945826	542673
AY957496	317980
AY957498	320666
AY965687	3918
AY965688	157739
AY965689	157680
AY965690	87069
AY965691	87077
AY965692	87077
AY965693	157748
AY965694	157748
AY965695	87079
AY965696	3915
AY965697	87079
AY965698	157749
AY965699	3916
AY965700	3916
AY965701	3916
AY965702	3916
AY965703	3916
AY965704	87084
AY965705	87084
AY965706	87084
AY965707	87084
AY965708	87084
AY965709	3916
AY965710	3916
AY965711	3916
AY965712	3916
AY965713	3916
AY965714	3916
AY965715	311211
AY965716	87084
AY965717	3916
AY965718	3916
AY965719	157791
AY965720	3916
AY965721	3916
AY965722	3916
AY965723	3916
AY965724	3916
AY965725	157812
AY965726	87086
AY965727	87086
AY965728	87086
AY965729	311212
AY965730	311212
AY965731	271816
AY965732	271816
AY973511	291278
AY973512	291277
DQ012686	328323
DQ012701	120133
DQ028412	328098
DQ028416	76277
DQ028421	328125
DQ028430	328132
DQ028431	328133
DQ028446	76353
DQ028903	259893
DQ028904	333952
DQ028905	333954
DQ028906	333950
DQ028907	163095
DQ028908	223867
DQ028909	86310
DQ028910	333948
DQ028911	147003
DQ028912	99066
DQ028913	99084
DQ028914	217471
DQ028915	333955
DQ059336	333953
DQ061116	161030
DQ061117	35926
DQ061118	262677
DQ061119	262687
DQ061120	262688
DQ061121	262695
DQ061122	262690
DQ061123	262694
DQ061124	3649
DQ061125	262684
DQ061126	262676
DQ061127	262696
DQ061128	262691
DQ061129	262696
DQ061130	262686
DQ061131	262685
DQ061132	262679
DQ061133	262692
DQ061134	262678
DQ061135	262682
DQ061136	194871
DQ061137	3735
DQ061138	262674
DQ061139	161018
DQ061140	262689
DQ061141	262683
DQ092401	340140
DQ092402	340140
DQ092403	340140
DQ092404	340140
DQ092405	340140
DQ092406	340140
DQ092407	340140
DQ092408	340140
DQ092409	340140
DQ092410	340140
DQ092411	340140
DQ100080	337421
DQ100081	337418
DQ131097	41545
DQ131099	344868
DQ131101	344869
DQ131103	344870
DQ146609	210383
DQ146610	210383
DQ166249	321345
DQ166250	321345
DQ166251	321345
DQ166252	321345
DQ166253	321345
DQ166254	321345
DQ166255	82704
DQ166256	82704
DQ166257	82704
DQ166258	321345
DQ166259	321345
DQ166260	321345
DQ166261	321345
DQ166262	321345
DQ166263	321345
DQ166264	321345
DQ166265	321345
DQ166266	321345
DQ166267	321345
DQ166268	321345
DQ166269	321345
DQ166270	321345
DQ166271	321345
DQ166272	321345
DQ166273	321345
DQ166274	321345
DQ166275	321345
DQ166276	321345
DQ166277	321345
DQ166278	321345
DQ166279	321345
DQ166280	321345
DQ166281	321345
DQ166282	321345
DQ166283	321345
DQ166284	321345
DQ166285	321345
DQ166286	321345
DQ166287	321345
DQ166288	321345
DQ166289	321345
DQ166290	321345
DQ166291	321345
DQ166292	321345
DQ166293	321345
DQ166294	321345
DQ166295	321345
DQ166296	321345
DQ166297	321345
DQ166298	321345
DQ166299	321345
DQ166318	321345
DQ166319	321345
DQ166320	321345
DQ166321	321345
DQ166322	321345
DQ166323	321345
DQ166324	82704
DQ166325	82704
DQ166326	82704
DQ166327	321345
DQ166328	321345
DQ166329	321345
DQ166330	321345
DQ166331	321345
DQ166332	321345
DQ166333	321345
DQ166334	321345
DQ166335	321345
DQ166336	321345
DQ166337	321345
DQ166338	321345
DQ166339	321345
DQ166340	321345
DQ166341	321345
DQ166342	321345
DQ166343	321345
DQ166344	321345
DQ166345	321345
DQ166346	321345
DQ166347	321345
DQ166348	321345
DQ166349	321345
DQ166350	321345
DQ166351	321345
DQ166352	321345
DQ166353	321345
DQ166354	321345
DQ166355	321345
DQ166356	321345
DQ166357	321345
DQ166358	321345
DQ166359	321345
DQ166360	321345
DQ166361	321345
DQ166362	321345
DQ166363	321345
DQ166364	321345
DQ166365	321345
DQ166366	321345
DQ166367	321345
DQ166368	321345
DQ249819	240228
DQ249820	71354
DQ277644	58944
DQ311658	22903
DQ317494	149329
DQ317496	363517
DQ317498	363515
DQ317500	363512
DQ317502	39380
DQ317504	363511
DQ317506	84923
DQ317508	149329
DQ317510	363508
DQ317512	50801
DQ320750	203766
DQ320751	363804
DQ320752	317961
DQ320753	317955
DQ320754	317954
DQ320755	317954
DQ320756	317957
DQ320757	363802
DQ320758	203756
DQ320759	363801
DQ320778	363815
DQ320779	363815
DQ320780	363815
DQ320782	363817
DQ320784	363819
DQ320785	363819
DQ320786	363819
DQ320794	64434
DQ320797	363826
DQ320799	363827
DQ320800	363827
DQ320802	363828
DQ320807	64173
DQ320808	64173
DQ323137	364021
DQ323139	204979
DQ323141	35716
DQ323145	364021
DQ323146	364022
DQ323147	204979
DQ323149	35716
DQ323150	364023
DQ323151	364024
DQ341295	366499
DQ358816	369425
DQ358818	369427
DQ358819	369428
DQ358820	369429
DQ358821	369429
DQ358822	369429
DQ358823	369418
DQ358824	369418
DQ358825	369418
DQ358826	369418
DQ358827	369418
DQ358828	369419
DQ358829	369420
DQ358830	369420
DQ358831	369420
DQ358832	369420
DQ358833	369421
DQ358834	369422
DQ358835	369422
DQ358836	369423
DQ358837	369424
DQ358838	369424
DQ358839	369425
DQ358840	369426
DQ358841	369427
DQ358842	369428
DQ358843	369429
DQ358844	369429
DQ358845	369429
DQ358846	369418
DQ358847	369418
DQ358848	369418
DQ358849	369418
DQ358850	369418
DQ358851	369419
DQ358852	369420
DQ358853	369420
DQ358854	369420
DQ358855	369420
DQ358856	369421
DQ358857	369422
DQ358858	369422
DQ358859	369423
DQ358860	369424
DQ358861	369424
DQ368843	90451
DQ372471	370911
DQ384064	371903
DQ384065	371903
DQ417584	199634
DQ422834	376669
DQ422835	376668
DQ422836	376670
DQ422837	376671
DQ422838	376672
DQ422839	376673
DQ422840	376674
DQ422841	376675
DQ422842	376676
DQ422843	376677
DQ422844	376678
DQ422845	520772
DQ422846	2807120
DQ422847	376681
DQ422848	376682
DQ422849	376683
DQ422850	376684
DQ422851	376685
DQ422852	239680
DQ435242	377467
DQ435243	377468
DQ435245	377470
DQ435246	377471
DQ435247	377472
DQ435248	377473
DQ435249	377484
DQ435251	377476
DQ435252	377477
DQ435253	377478
DQ435254	377479
DQ435255	377480
DQ435256	377481
DQ435257	377482
DQ435258	377483
DQ435259	377484
DQ435260	377485
DQ435263	377488
DQ435265	377490
DQ435266	377491
DQ435267	377492
DQ435268	377493
DQ435269	377494
DQ435270	377495
DQ435271	377496
DQ435273	377498
DQ435274	377499
DQ435276	377501
DQ435277	377502
DQ435278	377503
DQ435279	377504
DQ435280	377505
DQ438040	136219
DQ438041	251764
DQ438042	378007
DQ438043	252241
DQ438044	378008
DQ438045	110699
DQ438046	378009
DQ438047	136205
DQ438048	136207
DQ438049	136209
DQ442975	378722
DQ443724	377473
DQ443725	377484
DQ445147	136213
DQ445149	378295
DQ445151	136217
DQ445153	379528
DQ445155	379526
DQ445157	136218
DQ445159	379527
DQ445161	136224
DQ455795	377452
DQ455800	2692268
DQ471698	265133
DQ471699	265141
DQ507878	43207
DQ507879	268088
DQ507880	43208
DQ507881	43208
DQ507882	43206
DQ507883	381726
DQ507884	381725
DQ507885	381723
DQ507886	381723
DQ507887	381724
DQ507888	43188
DQ507889	43188
DQ507890	50193
DQ507891	50193
DQ507892	50207
DQ507893	50207
DQ507894	381734
DQ507895	381734
DQ507896	255578
DQ507897	255578
DQ507898	381735
DQ507899	50206
DQ507900	381728
DQ507901	381728
DQ507902	381728
DQ507903	381731
DQ507904	381731
DQ507905	381731
DQ507906	50192
DQ507907	50192
DQ507908	381738
DQ507909	381730
DQ507910	381730
DQ507911	43194
DQ507912	43192
DQ507913	381737
DQ507914	381737
DQ507915	381727
DQ507916	50205
DQ507917	50213
DQ507918	381729
DQ507919	50210
DQ507920	381736
DQ507921	381736
DQ507922	381736
DQ507923	381733
DQ507924	381733
DQ507925	381733
DQ507926	381732
DQ507927	381732
DQ507928	43197
DQ507929	43207
DQ507930	268088
DQ507931	43208
DQ507932	43208
DQ507933	43206
DQ507934	381726
DQ507935	381725
DQ507936	381723
DQ507937	381723
DQ507938	381724
DQ507939	43188
DQ507940	43188
DQ507941	50193
DQ507942	50193
DQ507943	50207
DQ507945	381734
DQ507946	381734
DQ507947	255578
DQ507948	255578
DQ507949	381735
DQ507950	50206
DQ507951	381728
DQ507953	381728
DQ507954	381731
DQ507955	381731
DQ507956	381731
DQ507957	50192
DQ507958	50192
DQ507959	381730
DQ507960	381730
DQ507961	43194
DQ507962	43192
DQ507963	381737
DQ507964	381737
DQ507965	381727
DQ507966	50205
DQ507967	50213
DQ507968	381729
DQ507969	50210
DQ507970	381736
DQ507971	381736
DQ507972	381736
DQ507973	381733
DQ507974	381733
DQ507975	381733
DQ507976	381732
DQ507977	381732
DQ507978	43197
DQ780945	396804
DQ780947	126273
DQ868726	405331
DQ870641	405631
DQ870642	405633
DQ870644	405630
DQ870646	405629
DQ888767	260883
DQ888768	409905
DQ888769	409906
DQ888770	260885
DQ888771	260886
DQ888772	409907
DQ888773	409908
DQ888774	409909
DQ888775	409911
DQ888777	409904
DQ888778	409904
DQ888779	260883
DQ888780	409905
DQ888781	409906
DQ888782	260885
DQ888783	260886
DQ888784	409907
DQ888785	409908
DQ888786	409909
DQ888787	409911
DQ925700	259893
DQ927294	414036
DQ927296	380075
DQ927298	380074
DQ983983	308284
DQ983992	402674
DQ983993	402674
DQ983994	402655
DQ983995	308277
DQ983996	308278
DQ983997	308279
DQ983998	402656
DQ983999	230966
DQ984000	3732
DQ984001	3732
DQ984002	402657
DQ984003	402658
DQ984004	402658
DQ984005	402661
DQ984006	402662
DQ984007	308281
DQ984008	308281
DQ984009	308281
DQ984010	308281
DQ984011	308281
DQ984012	308281
DQ984013	402664
DQ984014	308282
DQ984015	402665
DQ984016	360583
DQ984017	308285
DQ984018	308283
DQ984019	180535
DQ984020	180535
DQ984021	402667
DQ984022	402668
DQ984023	264416
DQ984024	264416
DQ984025	402670
DQ984026	402671
DQ984027	308284
DQ984028	308285
DQ984029	308285
DQ984030	402673
DQ984035	127626
DQ987084	415773
DQ987189	415813
DQ993236	376864
DQ993238	416986
DQ993240	416987
DQ993242	416985
DQ993244	360620
DQ996571	423296
DQ996574	423294
DQ996589	423295
EF028713	409886
EF028714	409886
EF028715	409887
EF028716	409888
EF028717	409889
EF028718	409890
EF028719	189224
EF043011	424415
EF043014	327895
EF043017	424408
EF043019	414034
EF043021	423293
EF043024	376868
EF043029	424413
EF043035	424409
EF063640	333949
EF090561	361370
EF090562	239472
EF090563	428158
EF090564	239400
EF090565	428159
EF090566	428164
EF090567	428168
EF090568	361379
EF090569	361380
EF090570	428169
EF090571	428170
EF090572	428172
EF090573	301342
EF090574	103997
EF090575	428175
EF090576	428176
EF090577	428177
EF090578	56154
EF090579	428184
EF090580	428186
EF090581	428188
EF090582	428191
EF090583	428192
EF090584	428193
EF090585	428195
EF090586	209536
EF090587	428196
EF090588	428199
EF090589	428200
EF090590	428201
EF090591	361413
EF090592	428204
EF090593	428206
EF090594	428208
EF090595	85178
EF090596	428190
EF090597	361409
EF090598	284227
EF090599	368679
EF090600	239471
EF090601	28494
EF109739	413683
EF123164	153563
EF123165	153563
EF123166	153563
EF123167	153563
EF123168	153563
EF123169	153563
EF123170	153563
EF123171	153563
EF123172	153563
EF123173	153563
EF123174	153563
EF123175	153563
EF123176	153563
EF123177	153563
EF123178	153563
EF123179	153563
EF123180	153563
EF123181	153563
EF123182	153563
EF150673	227489
EF150674	227489
EF187251	45372
EF194066	59900
EF194067	59900
EF194068	59900
EF194069	59900
EF194070	59900
EF194071	59900
EF194072	59900
EF194073	59900
EF194074	59900
EF194075	59900
EF194076	59900
EF194077	59900
EF194078	59900
EF198346	55486
EF198347	214521
EF198348	419131
EF198349	29655
EF198350	29655
EF198351	29655
EF198352	29655
EF198353	29655
EF198354	55326
EF198355	187286
EF198356	187286
EF198357	187286
EF198358	187286
EF396954	425107
EF396955	425106
EF489406	158555
EF527217	459608
EF527218	459607
EF527219	459609
EF527220	3920
EF527221	138955
EF527222	459607
EF527223	459607
EF527224	459607
EF527225	459607
EF527226	459607
EF530149	460249
EF530150	460249
EF530151	460248
EF530152	459607
EF530153	460247
EF530154	460247
EF530155	460250
EF530156	460250
EF530157	460250
EF530158	460250
EF530159	459607
EF530160	459607
EF530161	460239
EF530162	460238
EF530163	460240
EF530164	460241
EF530165	460231
EF530166	460230
EF530167	87081
EF530168	87081
EF530169	87081
EF530170	378243
EF530171	460242
EF530172	460242
EF530173	460242
EF530174	87085
EF530175	87085
EF530176	87085
EF530177	87085
EF530178	87085
EF530179	87085
EF530180	87075
EF530181	87075
EF530182	460234
EF530183	460234
EF530184	460245
EF530185	460245
EF530186	87078
EF530187	460235
EF530188	460235
EF530189	460236
EF530190	460237
EF530191	460237
EF530192	460244
EF530193	460244
EF530194	460246
EF530195	460233
EF530196	460233
EF530353	459608
EF530354	459607
EF530355	459609
EF530356	3920
EF530357	138955
EF530358	459607
EF530359	459607
EF530360	459607
EF530361	459607
EF530362	460249
EF530363	460249
EF530364	459607
EF530365	460248
EF530366	459607
EF530367	460247
EF530368	460247
EF530369	460250
EF530370	460250
EF530371	460250
EF530372	459607
EF530373	459607
EF530374	460250
EF530375	460239
EF530376	460238
EF530377	460240
EF530378	460241
EF530379	460231
EF530380	460230
EF530381	87085
EF530382	87085
EF530383	87085
EF530384	87085
EF530385	87085
EF530386	87085
EF530387	87075
EF530388	87075
EF530389	87081
EF530390	87081
EF530391	87081
EF530392	378243
EF530393	460242
EF530394	460242
EF530395	460242
EF530396	460234
EF530397	460234
EF530398	460245
EF530399	460245
EF530400	87078
EF530401	460235
EF530402	460235
EF530403	460236
EF530404	460237
EF530405	460237
EF530406	460244
EF530407	460244
EF530408	460246
EF530409	460233
EF530410	460233
EF543651	442394
EF543652	442395
EF585487	195120
EF585488	195120
EF588037	471474
EF590773	34317
EF590775	23110
EF590783	446150
EF590784	145754
EF590786	1155552
EF590794	130385
EF999985	472835
EF999986	472836
EF999987	472837
EF999988	472838
EF999989	472838
EF999990	472839
EF999991	472839
EF999992	34182
EF999993	34182
EF999994	472840
EF999995	472841
EF999996	472842
EF999997	472843
EF999998	472844
EF999999	472845
EU000001	472846
EU000002	472847
EU000003	472848
EU000004	472849
EU000005	472850
EU000006	472851
EU000007	472852
EU000009	472855
EU000010	472857
EU000011	472856
EU000012	472858
EU000013	473981
EU000014	473982
EU000015	473983
EU000016	473984
EU000017	473985
EU000018	473986
EU036199	120406
EU036200	37672
EU036201	55777
EU036202	29667
EU036203	468975
EU036204	37722
EU036205	468976
EU036206	52137
EU036207	468977
EU036208	254146
EU051381	4686
EU051382	59019
EU053653	459757
EU070704	477902
EU075100	106693
EU081757	323842
EU081758	323844
EU081759	309283
EU081760	323842
EU081761	323843
EU081762	323846
EU081763	323847
EU081764	323842
EU081765	323845
EU081766	309290
EU081767	309292
EU081768	309276
EU081769	478653
EU081770	100555
EU081771	100555
EU081772	100557
EU087442	478928
EU087444	478930
EU087445	478927
EU087454	478890
EU087461	478922
EU087470	478920
EU087480	478904
EU111665	480631
EU111667	235357
EU111669	480633
EU111671	333959
EU111673	480634
EU111675	480632
EU111677	480630
EU117247	468846
EU117248	468846
EU117249	42337
EU117250	42337
EU117251	42337
EU117252	42337
EU117253	42337
EU117254	42337
EU117255	42337
EU117256	42337
EU117257	42337
EU117258	42337
EU117259	42337
EU117260	42337
EU117261	42337
EU117262	42337
EU117263	42337
EU117264	42337
EU117265	42337
EU117266	42337
EU117267	42337
EU117268	42337
EU117269	42337
EU117270	42337
EU117271	42337
EU117272	468846
EU117273	468846
EU124007	469738
EU124797	86316
EU124798	86312
EU124799	86311
EU150090	225117
EU150091	225117
EU150092	225117
EU150093	225117
EU150094	225117
EU150095	225117
EU150096	3767
EU150097	3767
EU150098	309349
EU150099	309349
EU150100	470525
EU150101	470525
EU150102	470528
EU165011	56993
EU191037	1616377
EU191038	58040
EU191039	307976
EU191040	126639
EU195469	479921
EU195481	479916
EU195482	479917
EU195483	479924
EU195484	479925
EU195485	479920
EU195486	479922
EU195487	479921
EU195488	186970
EU195489	186970
EU195490	186970
EU195491	186970
EU195492	186970
EU195493	186970
EU195494	479923
EU195495	479923
EU195496	479923
EU195497	479928
EU195498	479931
EU273265	74579
EU273275	486172
EU273276	313267
EU279429	296043
EU279430	296041
EU279431	296036
EU279432	296044
EU279433	296046
EU279434	296040
EU288850	3914
EU288873	3818
EU288889	3847
EU294182	59334
EU294184	59314
EU303287	82327
EU342874	357220
EU342878	50462
EU342882	50463
EU347737	385139
EU347738	508220
EU347739	155124
EU347744	508337
EU347745	508342
EU347746	449074
EU347761	508260
EU347762	508263
EU347763	508296
EU347764	508296
EU347766	2511970
EU347767	2511970
EU347768	2511970
EU347769	2511970
EU347770	508257
EU347771	508259
EU347772	508271
EU347773	508271
EU347774	508306
EU347775	508301
EU347776	508279
EU347777	508282
EU347778	508268
EU347779	508291
EU347780	508258
EU347781	508302
EU347782	508302
EU347783	508299
EU347784	508274
EU347785	508304
EU347786	508314
EU347787	508297
EU347789	508312
EU347790	508305
EU347791	508308
EU347792	508270
EU347793	508315
EU347794	508278
EU347795	140934
EU347796	508276
EU347797	508298
EU347798	508295
EU347799	508293
EU347800	508264
EU347801	508280
EU347802	508286
EU347803	508312
EU347804	508287
EU347805	508284
EU347806	508285
EU347807	508305
EU347808	508303
EU347809	508284
EU347810	508289
EU347811	508294
EU347812	508310
EU347813	508290
EU347814	508281
EU347815	508266
EU347816	508261
EU347817	508277
EU347818	508309
EU347819	508279
EU347820	508311
EU347821	508273
EU347822	140935
EU347823	508313
EU347824	508316
EU347825	508292
EU347826	508288
EU347827	508254
EU347828	508245
EU347832	449075
EU347835	449075
EU347836	508241
EU347837	385141
EU347845	449071
EU347848	508252
EU347852	508236
EU347854	508255
EU347856	508247
EU347858	385142
EU347859	385142
EU347860	385142
EU347861	508250
EU347863	508242
EU347865	508243
EU347868	508237
EU347869	508237
EU347871	140941
EU347872	140941
EU347873	508327
EU347874	385143
EU347875	508328
EU347879	508283
EU347880	508283
EU347881	508283
EU347882	508228
EU347883	508234
EU347884	70071
EU347885	165770
EU347891	508226
EU347892	508349
EU347893	508348
EU347894	53871
EU375748	63353
EU515300	386280
EU515301	386280
EU515302	386280
EU515303	386280
EU515304	386280
EU515305	386280
EU515306	512745
EU515307	48027
EU515308	52491
EU515310	4049
EU525906	515566
EU525907	515566
EU525908	515566
EU525909	515566
EU525910	515566
EU525911	515566
EU525912	515567
EU525913	515567
EU525914	515567
EU525915	515567
EU525916	515567
EU525917	515567
EU525918	515567
EU526110	489408
EU526112	460985
EU526114	491196
EU526116	515224
EU526118	515222
EU526122	513551
EU526124	515225
EU526126	491195
EU526128	513552
EU526678	381736
EU526686	381736
EU526691	381736
EU526698	381736
EU526699	381736
EU526700	381736
EU526701	381736
EU526702	381736
EU526703	381736
EU526704	381736
EU526705	381736
EU526706	381736
EU526707	381736
EU526708	381736
EU526709	381736
EU526710	381736
EU526711	381736
EU526712	381736
EU526713	381736
EU526714	381736
EU526715	381736
EU526716	381736
EU526717	381736
EU526718	381736
EU526719	381736
EU526720	381736
EU526721	381732
EU526722	381732
EU526723	381733
EU526724	381733
EU528881	526755
EU528888	2579233
EU528892	526763
EU532068	489411
EU532070	515241
EU532072	515241
EU532074	515243
EU532076	515242
EU532078	491184
EU543585	527045
EU543586	527281
EU543588	209083
EU543594	527284
EU543598	529021
EU543622	527979
EU543626	527982
EU543646	527311
EU571466	538496
EU580529	427278
EU580532	293057
EU594575	3562
EU598798	533299
EU605898	543970
EU620252	359825
EU620253	154099
EU620254	536387
EU620255	536391
EU620256	536400
EU620257	359827
EU620258	536420
EU620259	203598
EU620260	203599
EU620261	536425
EU620262	50331
EU620263	203601
EU620264	536435
EU620265	203608
EU620266	203609
EU621918	521743
EU683899	529606
EU683900	529606
EU683901	529608
EU683902	529608
EU683903	529607
EU683904	529607
EU683905	529609
EU683906	529609
EU683907	529610
EU683908	529610
EU684752	357852
EU687603	322041
EU687612	290952
EU687613	290921
EU687614	531828
EU687615	531822
EU687616	290911
EU687617	290911
EU687618	290911
EU687619	531825
EU687620	171883
EU687621	531827
EU687622	531827
EU687623	531826
EU687624	531823
EU687625	531823
EU687626	531824
EU687627	307252
EU687628	307252
EU687629	307252
EU687630	307252
EU687631	307252
EU687632	322043
EU687633	322043
EU687634	83375
EU687635	83375
EU687636	83375
EU687637	43364
EU687638	322041
EU687639	322041
EU687640	322041
EU687641	43872
EU687642	43872
EU687643	43872
EU687644	322042
EU687645	322042
EU687646	322040
EU687647	322040
EU687648	322040
EU760392	4081
EU791332	79772
EU791334	79772
EU854592	391964
EU855857	49167
EU886820	577412
EU886823	577413
EU886824	152673
EU918346	101992
EU923684	554190
EU923685	554254
EU923686	554217
EU923687	526002
EU923688	554222
EU923689	554202
EU923690	554215
EU923691	554173
EU923692	554248
EU923693	554204
EU923694	554198
EU923695	554196
EU923696	554212
EU923697	554206
EU923698	554213
EU923699	554246
EU923700	525937
EU923701	554242
EU923702	554256
EU923703	554227
EU923704	554247
EU923705	554175
EU923706	554208
EU923707	554226
EU923708	554220
EU923709	554210
EU923710	554234
EU923711	554253
EU923712	554200
EU923713	554178
EU923714	554193
EU923715	554179
EU923716	554219
EU923717	554187
EU923718	554230
EU923719	554176
EU923720	554201
EU923721	554233
EU923722	554186
EU923723	554224
EU923724	554229
EU923725	254684
EU923726	554194
EU923727	554232
EU923728	554214
EU923729	554189
EU923730	554255
EU923731	554249
EU923732	554250
EU923733	554216
EU923734	554195
EU923735	554181
EU923736	554238
EU923737	554240
EU923738	554199
EU923739	554245
EU923740	554241
EU923741	554236
EU923742	554243
EU923743	554239
EU923744	554174
EU923745	554244
EU923746	554203
EU923747	554207
EU923748	554184
EU923749	554225
EU923750	554209
EU923751	554235
EU923752	554251
EU923753	554221
EU923754	554191
EU923755	554177
EU923756	554257
EU923757	554237
EU923758	554223
EU923759	554182
EU923760	554197
EU923761	554231
EU923762	554218
EU923877	525926
EU923878	525998
EU923879	525987
EU923880	525932
EU923881	526046
EU923882	317050
EU923883	526706
EU923884	525933
EU923885	254694
EU923886	525936
EU923887	4217
EU923888	254692
EU923889	313550
EU923890	525977
EU923891	526041
EU923892	526053
EU923893	526015
EU923894	526004
EU923895	526013
EU923896	525944
EU923897	525973
EU923898	526048
EU923899	526014
EU923900	525946
EU923901	526018
EU923902	525938
EU923903	525947
EU923904	525983
EU923905	526021
EU923906	525935
EU923907	526007
EU923908	525929
EU923909	526039
EU923910	526005
EU923911	525958
EU923912	526043
EU923913	525930
EU923914	526045
EU923915	254686
EU923916	526034
EU923917	554211
EU923918	525978
EU923919	525992
EU923920	525949
EU923921	525979
EU923922	525955
EU923923	526051
EU923924	525976
EU923925	525956
EU923926	526042
EU923927	525959
EU923928	526001
EU923929	525997
EU923930	525969
EU923931	525982
EU923932	525970
EU923933	525943
EU923934	554185
EU923935	554192
EU923936	525990
EU923937	526033
EU923938	526054
EU923939	525974
EU923940	525993
EU923941	525927
EU923942	526047
EU923943	525950
EU923944	525939
EU923945	526056
EU923946	526011
EU923947	526019
EU923948	526049
EU923949	526002
EU923950	525966
EU923951	525994
EU923952	526029
EU923953	526006
EU923954	525965
EU923955	526022
EU923956	554205
EU923957	525957
EU923958	554228
EU923959	526027
EU923960	525980
EU923961	526012
EU923962	525937
EU923963	525934
EU923964	525995
EU923965	525981
EU923966	525999
EU923967	526020
EU923968	526009
EU923969	526050
EU923970	525953
EU923971	525988
EU923972	525948
EU923973	554252
EU923974	525940
EU923975	526026
EU923976	525960
EU923977	525991
EU923978	525951
EU923979	525986
EU923980	525964
EU923981	526023
EU923982	526003
EU923983	526025
EU923984	554180
EU923985	526037
EU923986	525941
EU923987	525954
EU923988	526028
EU923989	525961
EU923990	526016
EU931032	101992
EU931033	101992
EU931034	101992
EU931035	101992
EU931036	101992
EU938533	586717
EU938535	586718
EU938537	359865
EU938539	586719
FJ004858	4442
FJ004868	542762
FJ004876	542762
FJ004880	542762
FJ010631	395285
FJ013224	335190
FJ031149	550874
FJ154480	137698
FJ154481	3619
FJ196299	570169
FJ211479	630345
FJ211480	630309
FJ211481	630335
FJ211482	630315
FJ211483	630288
FJ211484	630324
FJ211485	630317
FJ211486	630342
FJ211487	630328
FJ211488	630287
FJ211489	630299
FJ211490	630294
FJ211491	630314
FJ211492	630297
FJ211493	630333
FJ211494	630307
FJ211495	630331
FJ211496	630290
FJ211497	630327
FJ211498	630306
FJ211499	630298
FJ211500	630326
FJ211501	630320
FJ211502	630322
FJ211503	261798
FJ211504	630301
FJ211505	630303
FJ211506	112363
FJ211507	630340
FJ211508	630343
FJ211509	630334
FJ211510	630318
FJ211511	630312
FJ211512	630304
FJ211513	630325
FJ211514	630325
FJ211515	630286
FJ211516	630330
FJ211517	630300
FJ211518	630319
FJ211519	630296
FJ211520	630321
FJ211521	630295
FJ211522	630292
FJ211523	630289
FJ211524	630341
FJ211525	630337
FJ211526	630323
FJ211527	630316
FJ211528	630291
FJ211529	630332
FJ211530	630313
FJ211531	630293
FJ211532	630305
FJ211533	630338
FJ211534	630308
FJ211535	630339
FJ211536	630344
FJ232559	568261
FJ232560	568267
FJ232587	535957
FJ357245	128608
FJ362531	571931
FJ379649	641606
FJ379659	641606
FJ379661	641606
FJ379683	641607
FJ379685	641606
FJ379688	641606
FJ379697	641606
FJ379698	641606
FJ379699	641606
FJ379700	641606
FJ379701	641606
FJ379702	641606
FJ379703	641606
FJ379704	641606
FJ379705	641606
FJ379706	641606
FJ379707	641606
FJ379708	641606
FJ379709	641606
FJ379710	641606
FJ379711	641606
FJ379712	641606
FJ379713	641606
FJ379714	641606
FJ379715	641606
FJ379716	641606
FJ379717	641606
FJ379718	641606
FJ379719	641606
FJ379720	641606
FJ379721	641606
FJ379722	641606
FJ379723	641606
FJ379724	641606
FJ379725	641607
FJ379726	641607
FJ379727	641607
FJ379728	641607
FJ379729	641607
FJ379730	641607
FJ379731	641607
FJ379732	641607
FJ379733	641606
FJ379734	641606
FJ379735	641606
FJ379736	641606
FJ379737	641606
FJ379738	641606
FJ379739	641606
FJ379740	641606
FJ379741	642477
FJ379742	642477
FJ379743	642477
FJ379744	642477
FJ390115	460250
FJ424080	654968
FJ428106	446147
FJ440300	4217
FJ440301	4217
FJ440302	4217
FJ440303	4217
FJ440304	4217
FJ440305	4217
FJ440306	4217
FJ440307	4217
FJ440308	4217
FJ440309	4217
FJ440310	4217
FJ440311	4217
FJ440312	4217
FJ440313	4217
FJ440314	4217
FJ440315	4217
FJ440316	4217
FJ440317	4217
FJ440318	4217
FJ440319	4217
FJ440320	4217
FJ440321	4217
FJ440322	4217
FJ440323	4217
FJ440324	4217
FJ440325	4217
FJ464463	352360
FJ464464	558103
FJ464465	109590
FJ464466	580366
FJ464467	109594
FJ464468	580367
FJ464469	558113
FJ464470	109598
FJ464471	416611
FJ464472	558121
FJ464473	558123
FJ464474	558126
FJ464475	109601
FJ464476	580365
FJ464477	580368
FJ464478	352371
FJ464479	572535
FJ464480	558136
FJ464481	558138
FJ464482	352370
FJ464483	352363
FJ464484	109604
FJ464485	580369
FJ464486	352360
FJ464487	558103
FJ464488	109590
FJ464489	580366
FJ464490	109594
FJ464491	580367
FJ464492	558113
FJ464493	109598
FJ464494	416611
FJ464495	558121
FJ464496	558123
FJ464497	558126
FJ464498	109601
FJ464499	580365
FJ464500	580368
FJ464501	352371
FJ464502	572535
FJ464503	558136
FJ464504	558138
FJ464505	352370
FJ464506	352363
FJ464507	109604
FJ464508	580369
FJ483471	584731
FJ483472	584732
FJ483473	584733
FJ483474	584734
FJ483475	584735
FJ483477	584737
FJ483478	584738
FJ483479	584739
FJ483480	99525
FJ483481	496671
FJ483482	63028
FJ483483	584740
FJ483484	584741
FJ483485	99526
FJ483486	584742
FJ483487	584743
FJ483488	584744
FJ483489	584745
FJ483490	584746
FJ483491	584747
FJ483492	584748
FJ483493	584749
FJ483494	496693
FJ483495	496692
FJ483496	584752
FJ483497	584753
FJ483498	584754
FJ483499	584756
FJ483500	584758
FJ483501	584757
FJ483502	584760
FJ483503	584761
FJ483504	584763
FJ483505	584762
FJ483506	584764
FJ483507	584765
FJ483508	584759
FJ483509	584766
FJ483510	584767
FJ483511	584768
FJ483512	584769
FJ489366	656340
FJ489367	656358
FJ489368	656324
FJ489369	656325
FJ489370	656332
FJ489371	656332
FJ489372	656356
FJ489373	656356
FJ489374	656353
FJ489375	656353
FJ489376	656354
FJ489377	656351
FJ489378	656350
FJ489379	656343
FJ489380	656348
FJ489381	656342
FJ489382	656344
FJ489383	656330
FJ489384	656329
FJ489385	656334
FJ489386	656335
FJ489387	656338
FJ489388	656327
FJ489389	656365
FJ489390	656363
FJ489391	656361
FJ489392	656362
FJ489393	656345
FJ489394	656346
FJ489395	656347
FJ489396	656359
FJ497032	263995
FJ497033	263995
FJ497034	4465
FJ497035	4465
FJ497036	4465
FJ497037	4465
FJ605228	592426
FJ640790	596792
FJ640791	596804
FJ640792	596806
FJ643007	669119
FJ643008	259893
FJ643009	669120
FJ643010	72339
FJ643011	669121
FJ643012	324798
FJ643013	637478
FJ643014	669122
FJ643015	669123
FJ643016	669124
FJ643017	669125
FJ643018	669126
FJ643019	637481
FJ643020	669127
FJ643021	669128
FJ643022	669129
FJ643023	669130
FJ643024	669131
FJ643025	669132
FJ643026	669133
FJ643027	669134
FJ643028	669135
FJ643029	669136
FJ643030	669137
FJ643031	637484
FJ643032	669138
FJ643033	669139
FJ643034	637485
FJ643035	669140
FJ643036	637488
FJ643037	669141
FJ643038	637489
FJ643039	669142
FJ643040	669143
FJ643041	669144
FJ643042	217469
FJ653638	657404
FJ653639	657398
FJ653640	657402
FJ653641	657406
FJ653642	657406
FJ653643	657399
FJ653644	657399
FJ653645	657403
FJ653646	657397
FJ653647	657405
FJ653648	657400
FJ653649	657401
FJ653650	657407
FJ653651	159958
FJ653652	657408
FJ653653	657396
FJ653654	159968
FJ666944	588395
FJ666945	294073
FJ666947	482608
FJ666950	294078
FJ666951	294061
FJ666953	482609
FJ666956	622465
FJ687280	691209
FJ687281	691209
FJ687282	691209
FJ687283	691791
FJ687284	691791
FJ687285	691791
FJ687286	691791
FJ687287	691790
FJ687288	691790
FJ687289	691790
FJ687290	691790
FJ687291	691790
FJ687292	691790
FJ687293	369019
FJ687294	369019
FJ687295	691215
FJ687296	369020
FJ687297	369020
FJ687298	369020
FJ687299	369020
FJ687300	369020
FJ687301	3724
FJ687302	3724
FJ687303	3724
FJ687304	3724
FJ687305	500837
FJ687306	500837
FJ687307	500837
FJ687308	345540
FJ687309	345540
FJ687310	691217
FJ687311	691218
FJ687312	691218
FJ687313	309419
FJ687314	309419
FJ687315	691212
FJ687316	478944
FJ687317	691213
FJ687318	691208
FJ687319	691208
FJ687320	691216
FJ687321	691210
FJ687322	691207
FJ687323	557424
FJ687324	359861
FJ687325	345532
FJ687326	691211
FJ687327	691214
FJ687328	663981
FJ687329	369036
FJ687330	691206
FJ687331	691792
FJ784753	610241
FJ828988	542661
FJ828989	489428
FJ828990	515224
FJ828991	691175
FJ828992	691176
FJ828993	515225
FJ828994	491195
FJ828995	691177
FJ828997	513551
FJ828998	691178
FJ828999	473992
FJ829000	513552
FJ829001	693364
FJ829002	691180
FJ829003	691181
FJ829004	691185
FJ829005	491196
FJ829006	693046
FJ829007	691182
FJ829008	460982
FJ829009	515241
FJ829010	515243
FJ829011	99506
FJ829012	515242
FJ829013	460984
FJ829014	691183
FJ829015	40920
FJ829016	491184
FJ829018	489411
FJ829019	489418
FJ829020	460985
FJ829021	460982
FJ829022	515241
FJ829023	4041
FJ861191	460982
FJ883495	199542
FJ883496	167911
FJ883497	587657
FJ883498	572128
FJ883499	424416
FJ883500	587671
FJ883501	476450
FJ883502	424419
FJ883503	424420
FJ883504	424420
FJ883505	640636
FJ883506	342061
FJ883507	268902
FJ883508	640637
FJ883509	424421
FJ883510	268905
FJ883511	342063
FJ883512	268906
FJ883513	587672
FJ883514	587673
FJ883515	516553
FJ883516	587674
FJ883517	587675
FJ883518	226208
FJ883519	226208
FJ883520	424422
FJ883521	38868
FJ883522	38868
FJ883523	476458
FJ883524	424424
FJ883525	342060
FJ883526	342060
FJ883527	588964
FJ883528	392684
FJ883529	38869
FJ883530	180675
FJ883531	588963
FJ883532	587677
FJ883533	587678
FJ883534	65409
FJ883535	233892
FJ907968	171014
FJ907970	470941
FJ907971	466904
FJ908031	3397
FJ908033	3397
FJ908035	466904
FJ908036	466904
FJ908037	171014
FJ908042	470941
FJ908043	466904
FJ908044	466904
FJ908045	3396
FJ908046	3397
FJ908047	470941
FJ908050	466904
FJ908051	3396
FJ908052	470941
FJ908054	3397
FJ908055	3397
FJ908056	3396
FJ908058	3396
FJ908059	3396
FJ908061	466904
FJ908062	466904
FJ908063	466904
FJ908065	470941
FJ908066	466904
FJ908068	470941
FJ914568	29596
FJ917002	241874
FJ979875	716909
FJ979876	716909
FJ979877	716910
FJ979878	716909
FJ979879	716909
FM164503	457767
FM164505	345534
FM164507	457769
FM164509	457770
FM164513	537117
FM164515	537121
FM164517	457778
FM164519	537123
FM164521	537131
FM164523	537132
FM164525	457803
FM164527	97986
FM164529	537124
FM164533	238895
FM164535	457804
FM164537	537136
FM164539	537128
FM164543	537129
FM164545	457795
FM164547	537137
FM164549	153321
FM164551	537139
FM164553	282600
FM164555	153317
FM164557	537158
FM164559	537170
FM164561	369009
FM164563	537172
FM164565	537173
FM164567	126278
FM164569	107243
FM164571	106786
FM164573	359873
FM164575	359873
FM164577	311930
FM164579	311930
FM164581	369033
FM164583	537176
FM164585	537178
FM164587	457821
FM164589	537179
FM164591	457822
FM164593	537180
FM164595	537181
FM164597	369041
FM164599	225688
FM164601	537184
FM164603	537189
FM164605	537190
FM164607	537191
FM164609	537192
FM164611	537185
FM164613	537186
FM164615	369047
FM164617	537187
FM164619	537194
FM164621	358674
FM165294	538656
FM178549	537140
FM178551	537141
FM178553	382176
FM178555	537202
FM178557	153359
FM867618	52490
FM867621	52490
FM867622	52490
FM867623	52490
FM867624	52490
FM867625	52490
FM867626	52490
FM867627	52490
FM867628	52490
FM867629	52490
FM867630	52490
FM867631	52490
FM867632	52490
FM867633	52490
FM867634	52490
FM867635	52490
FM867636	52490
FM867637	52490
FM875936	574939
FM957500	171814
FM957502	381153
FM957504	208913
FM957506	95392
FM957508	311937
FM957510	590138
FM957512	208924
FM957514	590139
FM957516	208944
FM957518	282783
FM957520	590140
FM957522	311965
FM957524	381191
FM957655	589710
FM957656	589711
FM957657	589831
FM957658	314054
FM957659	589714
FM957660	589812
FM957661	589718
FM957662	589720
FM957663	589814
FM957664	589721
FM957665	589723
FM957666	589724
FM957667	589728
FM957668	589765
FM957669	589777
FM957670	589729
FM957671	589735
FM957672	158232
FM957673	589732
FM957674	589751
FM957675	589754
FM957676	589757
FM957677	589761
FM957678	589763
FM957679	589766
FM957680	589835
FM957681	589733
FM957682	589799
FM957683	589800
FM957684	589804
FM957685	589806
FM957686	589808
FM957687	589839
FM957688	589793
FM957689	589717
FM957690	314052
FM957691	589767
FM957692	589740
FM957693	589746
FM957694	589752
FM957695	589753
FM957696	589748
FM957697	589758
FM957698	589765
FM957699	589769
FM957700	589772
FM957701	589779
FM957702	589782
FM957703	589783
FM957704	589784
FM957705	589786
FM957706	589788
FM957707	589731
FM957708	589834
FM957709	589789
FM957710	589794
FM957711	589836
FM957712	589810
FM957713	589737
FM957714	589811
FM957715	589713
FM957716	589715
FM957717	589716
FM957718	589719
FM957719	589815
FM957720	589725
FM957721	589726
FM957722	589816
FM957723	589730
FM957724	589817
FM957725	589738
FM957726	589739
FM957727	589818
FM957728	589741
FM957729	589742
FM957730	589743
FM957731	589821
FM957732	589745
FM957733	589747
FM957734	589822
FM957735	589749
FM957736	589750
FM957737	589755
FM957738	589759
FM957739	589760
FM957740	589824
FM957741	589826
FM957742	589768
FM957743	589828
FM957744	589770
FM957745	589771
FM957746	589773
FM957747	589774
FM957748	589829
FM957749	589776
FM957750	589779
FM957751	589832
FM957752	589787
FM957753	589790
FM957754	589791
FM957755	589792
FM957756	589734
FM957757	589797
FM957758	589838
FM957759	589801
FM957760	589802
FM957761	589803
FM957762	589805
FM957763	589809
FM957764	589712
FM957765	589736
FM957766	589810
FM957767	589713
FM957768	589722
FM957769	589727
FM957770	314052
FM957771	589819
FM957772	589744
FM957773	589756
FM957774	589823
FM957775	589778
FM957776	589796
FM957777	589736
FM957778	589736
FM957779	589781
FM957780	589736
FM957781	589813
FM957782	589830
FM957783	589780
FM957784	589721
FM957785	589713
FM957786	589833
FM957787	589825
FM957788	589775
FM957789	589795
FM958517	358661
FM958518	358661
FN397969	650413
FN397971	650413
FN397978	650416
FN397979	650416
FN400817	97441
FN400818	97441
FN400819	97441
FN400820	652462
FN400821	652462
FN400822	652462
FN400823	652462
FN400824	97441
FN400825	97441
FN400826	97441
FN400827	97441
FN400828	97441
FN400829	369424
FN400830	369424
FN400831	369424
FN400832	369424
FN400833	369424
FN400834	369424
FN400835	369424
FN400836	369421
FN400837	369421
FN400838	369421
FN400839	652461
FN400840	369418
FN400841	369418
FN400842	369418
FN400843	369418
FN400844	369418
FN400845	369418
FN400846	369418
FN400847	369418
FN400848	369418
FN400849	369420
FN400850	369420
FN400851	369420
FN400852	369420
FN400853	369420
FN400854	369420
FN400855	369420
FN400856	369420
FN400857	369420
FN400941	652462
FN552663	675743
FN552664	675744
FN552665	675744
FN552666	675745
FN552667	452796
FN552668	452796
FN552669	452796
FN552670	452797
FN552671	452798
FN552672	675746
FN552673	452799
FN552674	675747
FN552675	675748
FN552676	452800
FN552677	675749
FN827332	765729
FN827334	765730
FN827336	127982
FN827338	99078
FR689771	883861
FR717595	913223
FR717596	913222
FR865928	1035072
GQ118666	252867
GQ118667	199627
GQ118668	199627
GQ118669	649195
GQ118670	648859
GQ118671	252870
GQ118672	252847
GQ131332	651646
GQ166166	268884
GQ166167	105181
GQ223562	657464
GQ223563	140786
GQ223564	140788
GQ223565	301488
GQ223566	657465
GQ223567	657466
GQ223568	657466
GQ223569	657465
GQ223570	657466
GQ223571	657465
GQ223572	140788
GQ223573	657465
GQ223574	140788
GQ223575	657465
GQ223576	140788
GQ223577	644194
GQ223578	657466
GQ223579	657467
GQ223580	241200
GQ223581	241200
GQ223582	657469
GQ223583	657470
GQ223584	657471
GQ223585	657471
GQ223586	657489
GQ223587	657473
GQ223588	657473
GQ223589	657473
GQ223590	657473
GQ223591	657473
GQ223592	657473
GQ223593	657473
GQ223594	140808
GQ223595	140808
GQ223596	140808
GQ223597	657472
GQ223598	657472
GQ223599	657474
GQ223600	301489
GQ223601	301492
GQ223602	301492
GQ223603	301492
GQ223604	657475
GQ223605	301493
GQ223606	301491
GQ223607	301491
GQ223608	301491
GQ223609	301491
GQ223610	301491
GQ223611	912461
GQ223612	912461
GQ223613	912461
GQ223614	912461
GQ223615	912461
GQ223616	657476
GQ223617	657476
GQ223618	657476
GQ223619	657476
GQ223620	657476
GQ223621	657476
GQ223622	657479
GQ223623	657479
GQ223624	657480
GQ223625	657481
GQ223626	657482
GQ223627	657483
GQ223628	234464
GQ223629	657484
GQ223630	657485
GQ223631	644193
GQ223632	644193
GQ223633	140850
GQ223634	657487
GQ223635	301497
GQ223636	657488
GQ223637	657490
GQ223638	301498
GQ223639	657491
GQ223640	657491
GQ223641	657491
GQ255627	119260
GQ255628	119260
GQ255629	119260
GQ255630	119260
GQ255631	119260
GQ255632	688535
GQ255634	128608
GQ255635	258907
GQ255636	119261
GQ255637	119261
GQ255638	119261
GQ375458	478943
GQ395449	3494
GQ424527	663975
GQ424532	663986
GQ424538	664011
GQ424546	664024
GQ424560	664060
GQ424564	664069
GQ424565	664072
GQ424570	359833
GQ424571	664001
GQ424572	359918
GQ434032	124778
GQ434033	124778
GQ434034	714500
GQ434035	167572
GQ434036	167572
GQ434037	85282
GQ434038	85282
GQ434039	339784
GQ434040	261423
GQ434041	261423
GQ434042	100494
GQ434043	503356
GQ434044	79002
GQ434045	203100
GQ434046	32189
GQ434047	34199
GQ434048	34199
GQ434049	34199
GQ434050	34199
GQ434051	34199
GQ434052	70766
GQ434053	100514
GQ434054	100514
GQ434055	100514
GQ434056	272862
GQ434057	714450
GQ434058	714450
GQ434059	100496
GQ434060	714466
GQ434061	191662
GQ434062	82327
GQ434063	91198
GQ434064	34190
GQ434065	34190
GQ434066	34190
GQ434067	85365
GQ434068	82207
GQ434069	59045
GQ434070	59045
GQ434071	59045
GQ434072	59045
GQ434073	39501
GQ434074	183944
GQ434075	197796
GQ434076	411227
GQ434077	323061
GQ434078	318062
GQ434079	318062
GQ434080	454933
GQ434081	526197
GQ434082	648863
GQ434083	283121
GQ434084	212925
GQ434085	4392
GQ434086	648882
GQ434087	122808
GQ434088	29683
GQ434089	4530
GQ434090	29695
GQ434091	29674
GQ434092	59011
GQ434093	66014
GQ434094	714458
GQ434095	714458
GQ434096	203643
GQ434097	329875
GQ434098	69389
GQ434099	69389
GQ434100	69389
GQ434101	52822
GQ434102	125259
GQ434103	125259
GQ434104	136216
GQ434105	94328
GQ434106	136209
GQ434107	293806
GQ434108	293806
GQ434109	401898
GQ434110	41596
GQ434111	516546
GQ434112	648873
GQ434113	397370
GQ434114	714476
GQ434115	4222
GQ434116	4217
GQ434117	119176
GQ434118	13731
GQ434119	261619
GQ434120	146996
GQ434121	243810
GQ434122	222567
GQ434123	222567
GQ434124	222567
GQ434125	43723
GQ434126	210348
GQ434127	210348
GQ434128	13419
GQ434129	78707
GQ434130	39526
GQ434131	3559
GQ434132	76025
GQ434133	467334
GQ434134	54804
GQ434135	516549
GQ434136	284366
GQ434137	46087
GQ434138	174651
GQ434139	83937
GQ434140	108594
GQ434141	50765
GQ434142	46150
GQ434143	152286
GQ434144	714515
GQ434145	167917
GQ434146	79772
GQ434147	79772
GQ434148	223431
GQ434149	46147
GQ434150	107604
GQ434152	76091
GQ434153	158541
GQ434154	28545
GQ434155	28545
GQ434156	28545
GQ434157	28545
GQ434158	714454
GQ434159	714454
GQ434160	35924
GQ434161	35924
GQ434162	40698
GQ434163	3406
GQ434164	85864
GQ434165	86757
GQ434166	86725
GQ434167	85856
GQ434168	161260
GQ434169	13331
GQ434170	714441
GQ434171	714441
GQ434172	126418
GQ434173	310425
GQ434174	528268
GQ434175	266091
GQ434176	170035
GQ434177	714444
GQ434178	714498
GQ434179	667287
GQ434180	667287
GQ434181	137457
GQ434182	137457
GQ434183	137457
GQ434184	133203
GQ434185	714494
GQ434186	667269
GQ434187	714488
GQ434188	714488
GQ434189	32239
GQ434190	714440
GQ434191	105665
GQ434192	105667
GQ434193	396730
GQ434194	714506
GQ434195	106546
GQ434196	32224
GQ434197	714508
GQ434198	714443
GQ434199	714443
GQ434200	714460
GQ434201	75067
GQ434202	714468
GQ434203	714473
GQ434204	714473
GQ434205	3760
GQ434206	714489
GQ434207	714507
GQ434208	210858
GQ434209	210858
GQ434210	151440
GQ434211	36596
GQ434212	57942
GQ434213	552838
GQ434215	141005
GQ434216	714491
GQ434217	45835
GQ434218	4075
GQ434219	41689
GQ434220	35625
GQ434221	35625
GQ434222	370638
GQ434223	112522
GQ434224	16752
GQ434225	54806
GQ434226	54806
GQ434227	165353
GQ434228	203717
GQ434229	48106
GQ434230	48106
GQ434231	48106
GQ434232	165499
GQ434234	4039
GQ434235	714510
GQ434236	241857
GQ434237	3498
GQ434238	59677
GQ434239	3527
GQ434240	3527
GQ434241	123564
GQ434242	123564
GQ434243	123564
GQ434244	123564
GQ434245	123564
GQ434246	54860
GQ434247	35925
GQ434248	326968
GQ434249	569628
GQ434250	35974
GQ434251	28475
GQ434252	28475
GQ434253	227256
GQ434254	199222
GQ434255	78380
GQ434256	714477
GQ434257	714477
GQ434258	714477
GQ434259	4465
GQ434260	216067
GQ434261	46421
GQ434262	82096
GQ434263	265763
GQ434264	4054
GQ434265	44586
GQ434266	44586
GQ434267	46417
GQ434268	105886
GQ434269	44588
GQ434270	44685
GQ434271	124768
GQ434272	124768
GQ434273	46112
GQ434274	46112
GQ434275	240005
GQ434276	253612
GQ434277	99300
GQ434278	35883
GQ434279	4744
GQ434280	71251
GQ434281	54796
GQ434282	346985
GQ434283	37334
GQ434286	354523
GQ434287	136122
GQ434288	714455
GQ434289	119260
GQ434290	119261
GQ434291	221260
GQ434292	83951
GQ434293	13894
GQ434294	430754
GQ434295	137220
GQ434296	137220
GQ434297	137220
GQ434298	137221
GQ434299	137221
GQ434300	137226
GQ434301	137226
GQ434302	137226
GQ434303	41241
GQ434304	174217
GQ434305	262276
GQ434306	227498
GQ434307	714447
GQ434308	714447
GQ434309	714447
GQ434310	228806
GQ434311	124778
GQ434312	4683
GQ434313	100506
GQ434314	13485
GQ434315	100514
GQ434316	714497
GQ434317	587657
GQ434318	226208
GQ434319	28511
GQ434320	233892
GQ434321	199542
GQ434322	180675
GQ434323	341463
GQ434324	28974
GQ434325	497687
GQ434326	323061
GQ434327	3988
GQ434328	454933
GQ434329	172644
GQ434330	273621
GQ434331	648869
GQ434332	648863
GQ434333	396476
GQ434334	260718
GQ434335	296036
GQ434336	296036
GQ434337	3483
GQ434338	3483
GQ434339	228586
GQ434340	13579
GQ434341	13579
GQ434342	13579
GQ434343	47247
GQ434344	429560
GQ434345	520843
GQ434346	520843
GQ434347	648868
GQ434348	452830
GQ434349	109171
GQ434350	109171
GQ434351	714503
GQ434352	132443
GQ434353	648866
GQ434354	648866
GQ434355	648866
GQ434356	648866
GQ434357	714438
GQ434358	714438
GQ434359	714511
GQ434360	49840
GQ434361	198914
GQ434362	499988
GQ434363	3899
GQ434364	714452
GQ434365	90167
GQ434366	90167
GQ434367	119828
GQ434368	119829
GQ434369	3914
GQ434370	313081
GQ434371	587870
GQ434372	489316
GQ434373	20484
GQ434374	648878
GQ434375	714475
GQ434376	1505188
GQ434377	3893
GQ434378	3893
GQ434379	714492
GQ434380	161750
GQ434381	78534
GQ434382	146505
GQ434383	146505
GQ434384	146505
GQ434385	53211
GQ434386	714479
GQ434387	185493
GQ434388	4392
GQ434390	49683
GQ434391	49683
GQ434392	152363
GQ434393	714469
GQ434394	714462
GQ434395	152358
GQ434396	152358
GQ434397	152358
GQ434398	648882
GQ434399	714456
GQ434400	63779
GQ434401	714478
GQ434402	29606
GQ434403	714453
GQ434404	187373
GQ434405	13824
GQ434406	13824
GQ434407	336383
GQ434408	122808
GQ434409	714439
GQ434410	80369
GQ434411	714458
GQ434412	714458
GQ434413	152208
GQ434414	203643
GQ434415	480382
GQ434416	99806
GQ434417	88032
GQ434418	450882
GQ434419	120273
GQ434420	89479
GQ434421	49511
GQ434422	49511
GQ434423	51240
GQ434424	102211
GQ434425	182084
GQ434426	182084
GQ434427	182084
GQ434428	3677
GQ434429	714502
GQ434430	3674
GQ434431	381652
GQ434432	210369
GQ434433	329875
GQ434434	69389
GQ434435	69389
GQ434436	52822
GQ434437	52822
GQ434438	125259
GQ434439	199627
GQ434440	94327
GQ434441	94327
GQ434442	649195
GQ434443	199623
GQ434444	648859
GQ434445	94328
GQ434446	94328
GQ434447	71610
GQ434448	252870
GQ434449	97723
GQ434450	125261
GQ434451	136209
GQ434452	136209
GQ434453	648862
GQ434454	92927
GQ434455	92927
GQ434456	591085
GQ434457	316493
GQ434458	455430
GQ434459	106335
GQ434460	3631
GQ434461	91146
GQ434462	91146
GQ434463	242839
GQ434464	114260
GQ434465	94284
GQ434466	86864
GQ434467	94286
GQ434468	714449
GQ434469	259893
GQ434470	259893
GQ434471	293806
GQ434472	401898
GQ434473	648881
GQ434474	576365
GQ434475	576365
GQ434476	576365
GQ434477	2762161
GQ434478	516546
GQ434479	516546
GQ434480	516546
GQ434481	648873
GQ434482	396369
GQ434483	185191
GQ434484	185191
GQ434485	185191
GQ434486	185191
GQ434487	185191
GQ434488	397370
GQ434489	397370
GQ434490	397370
GQ434491	714476
GQ434492	35608
GQ434493	35608
GQ434494	35608
GQ434495	595344
GQ434496	68299
GQ434497	414033
GQ434498	414033
GQ434499	41568
GQ434500	13427
GQ434501	186965
GQ434502	186965
GQ434503	176602
GQ434504	53719
GQ434505	53719
GQ434506	441197
GQ434507	186955
GQ434508	714499
GQ434509	4217
GQ434510	4217
GQ434511	119176
GQ434512	648874
GQ434513	330892
GQ434514	648871
GQ434515	362646
GQ434516	189247
GQ434517	189247
GQ434518	189247
GQ434519	189247
GQ434520	189247
GQ434521	51277
GQ434522	714451
GQ434523	318063
GQ434524	13731
GQ434525	128738
GQ434526	128738
GQ434527	55670
GQ434528	55635
GQ434529	648858
GQ434530	200489
GQ434531	261619
GQ434532	313931
GQ434533	637482
GQ434534	146996
GQ434535	415160
GQ434536	415160
GQ434537	415160
GQ434538	265783
GQ434539	282772
GQ434540	282772
GQ434541	105388
GQ434542	588669
GQ434543	588669
GQ434546	222567
GQ434547	714457
GQ434548	210334
GQ434549	43723
GQ434550	210348
GQ434551	210348
GQ434552	210348
GQ434553	13419
GQ434554	78707
GQ434555	83154
GQ434556	330163
GQ434557	71608
GQ434558	467334
GQ434559	54804
GQ434560	125587
GQ434561	284366
GQ434562	161397
GQ434563	161397
GQ434564	50768
GQ434565	50765
GQ434566	683755
GQ434567	50181
GQ434568	58043
GQ434569	157443
GQ434570	648865
GQ434571	516547
GQ434572	228726
GQ434573	190712
GQ434574	190712
GQ434575	491995
GQ434576	187505
GQ434577	46150
GQ434578	173280
GQ434579	173280
GQ434580	152286
GQ434581	167921
GQ434582	54211
GQ434583	54211
GQ434584	714515
GQ434585	79772
GQ434586	79772
GQ434587	223431
GQ434588	41398
GQ434589	46147
GQ434590	107604
GQ434592	76091
GQ434593	647436
GQ434594	28545
GQ434595	28545
GQ434596	714454
GQ434597	3381
GQ434598	337405
GQ434599	714493
GQ434600	35924
GQ434601	35924
GQ434602	40698
GQ434603	40698
GQ434604	459177
GQ434605	261450
GQ434606	174171
GQ434607	45171
GQ434608	261449
GQ434609	64032
GQ434610	64032
GQ434611	64029
GQ434612	376254
GQ434613	454322
GQ434614	13331
GQ434615	714441
GQ434616	714441
GQ434617	56033
GQ434618	126418
GQ434619	458695
GQ434620	310425
GQ434621	528268
GQ434622	56994
GQ434623	714442
GQ434624	290911
GQ434625	289701
GQ434626	289753
GQ434627	289753
GQ434628	141191
GQ434629	648870
GQ434630	648870
GQ434631	83906
GQ434632	644068
GQ434633	266091
GQ434634	266091
GQ434635	58378
GQ434636	714513
GQ434637	714513
GQ434638	714513
GQ434639	655181
GQ434640	714514
GQ434641	714512
GQ434642	499984
GQ434643	284589
GQ434644	77895
GQ434645	462689
GQ434646	114476
GQ434647	114476
GQ434648	137457
GQ434649	137457
GQ434650	648872
GQ434651	74652
GQ434652	714440
GQ434653	714445
GQ434654	74645
GQ434655	106546
GQ434656	714443
GQ434657	714468
GQ434658	714489
GQ434659	151440
GQ434660	36596
GQ434661	97319
GQ434662	714495
GQ434663	45835
GQ434664	230192
GQ434665	230192
GQ434666	221454
GQ434667	513306
GQ434668	513306
GQ434669	4075
GQ434670	41689
GQ434671	35625
GQ434672	35625
GQ434673	638627
GQ434674	210372
GQ434675	210372
GQ434676	714517
GQ434677	16752
GQ434678	16752
GQ434679	706490
GQ434680	706490
GQ434681	706490
GQ434682	191701
GQ434683	191701
GQ434684	50179
GQ434685	147460
GQ434686	224739
GQ434687	29808
GQ434688	48101
GQ434689	48101
GQ434690	52451
GQ434691	512745
GQ434692	2689076
GQ434693	2689076
GQ434694	165353
GQ434696	714446
GQ434697	48106
GQ434698	48106
GQ434699	49553
GQ434702	48117
GQ434703	4039
GQ434704	4039
GQ434705	52491
GQ434706	52491
GQ434707	227914
GQ434708	66386
GQ434709	66386
GQ434710	714510
GQ434711	241857
GQ434712	648879
GQ434713	3498
GQ434714	3498
GQ434715	28982
GQ434716	3527
GQ434717	3527
GQ434718	153459
GQ434719	3707
GQ434720	3707
GQ434721	240228
GQ434722	240228
GQ434723	123564
GQ434724	123564
GQ434725	123564
GQ434726	123564
GQ434727	123564
GQ434728	123564
GQ434729	191453
GQ434730	288950
GQ434731	228246
GQ434732	418402
GQ434733	3956
GQ434734	155021
GQ434735	326968
GQ434736	326968
GQ434737	714518
GQ434738	71626
GQ434739	71626
GQ434740	3348
GQ434741	99809
GQ434742	261917
GQ434743	261917
GQ434744	714485
GQ434745	3341
GQ434746	55062
GQ434747	706491
GQ434748	53923
GQ434749	648864
GQ434750	53852
GQ434751	483143
GQ434752	483143
GQ434753	179187
GQ434754	182486
GQ434755	437579
GQ434756	35974
GQ434757	35974
GQ434758	35974
GQ434759	282542
GQ434760	282542
GQ434761	65561
GQ434762	210380
GQ434763	4465
GQ434764	714482
GQ434765	205465
GQ434766	458696
GQ434767	205464
GQ434768	128017
GQ434769	128017
GQ434770	128017
GQ434771	190248
GQ434772	648875
GQ434773	216067
GQ434774	46421
GQ434775	82096
GQ434776	265763
GQ434777	46417
GQ434778	105886
GQ434779	265764
GQ434780	44685
GQ434781	44685
GQ434782	44685
GQ434783	44685
GQ434784	124768
GQ434785	124768
GQ434786	384659
GQ434787	46112
GQ434788	46112
GQ434789	253612
GQ434790	253612
GQ434791	253616
GQ434792	253616
GQ434793	153729
GQ434794	93608
GQ434795	258162
GQ434796	258162
GQ434797	180066
GQ434798	99300
GQ434799	165345
GQ434800	495260
GQ434801	291326
GQ434802	35883
GQ434803	35883
GQ434804	555419
GQ434805	267555
GQ434806	267557
GQ434807	4121
GQ434808	4121
GQ434809	130512
GQ434810	119954
GQ434811	3311
GQ434812	71251
GQ434813	54796
GQ434814	114617
GQ434815	346985
GQ434816	346985
GQ434817	37334
GQ434818	37334
GQ434819	714465
GQ434820	354508
GQ434821	381790
GQ434822	85571
GQ434823	37690
GQ434824	328401
GQ434825	37334
GQ434826	37334
GQ434827	37334
GQ434832	2708
GQ434833	2711
GQ434834	354523
GQ434835	76967
GQ434836	171251
GQ434837	171251
GQ434838	67938
GQ434839	221260
GQ434840	648860
GQ434841	13345
GQ434842	13345
GQ434843	276775
GQ434844	276775
GQ434845	83951
GQ434846	83951
GQ434847	3469
GQ434848	430754
GQ434849	3847
GQ434850	161395
GQ434851	643838
GQ434852	58047
GQ434853	91113
GQ434854	16915
GQ434855	16915
GQ434856	96455
GQ434857	137220
GQ434858	137220
GQ434859	137220
GQ434860	137221
GQ434861	137221
GQ434862	137226
GQ434863	137226
GQ434864	137226
GQ434865	41241
GQ434866	267621
GQ434867	262276
GQ434868	227498
GQ434869	714447
GQ434870	714447
GQ434871	714447
GQ434872	714500
GQ434873	167572
GQ434874	167572
GQ434875	85282
GQ434876	152095
GQ434877	82316
GQ434878	100526
GQ434879	261423
GQ434880	261423
GQ434881	100494
GQ434882	593754
GQ434883	503356
GQ434884	4683
GQ434885	4683
GQ434886	4683
GQ434887	4683
GQ434888	4683
GQ434889	79002
GQ434890	39529
GQ434891	39529
GQ434892	203100
GQ434893	32189
GQ434894	34199
GQ434895	34199
GQ434896	34199
GQ434897	34199
GQ434898	45385
GQ434899	590718
GQ434900	100528
GQ434901	100506
GQ434902	100506
GQ434903	557558
GQ434904	13485
GQ434905	70766
GQ434906	100521
GQ434907	58944
GQ434908	58944
GQ434909	100514
GQ434910	100514
GQ434911	100514
GQ434912	272862
GQ434913	714450
GQ434914	714450
GQ434915	714466
GQ434916	82327
GQ434917	91198
GQ434918	91198
GQ434919	91198
GQ434920	34190
GQ434921	34190
GQ434922	34190
GQ434923	85365
GQ434924	82207
GQ434925	82207
GQ434926	59045
GQ434927	59045
GQ434928	59045
GQ434929	59045
GQ434930	39501
GQ434931	58046
GQ434932	714497
GQ434933	183944
GQ434934	183944
GQ434935	179860
GQ434936	59170
GQ434937	29588
GQ434938	213255
GQ434939	197796
GQ434940	411227
GQ434941	189791
GQ434942	294733
GQ434943	28974
GQ434944	323061
GQ434945	318062
GQ434946	318062
GQ434947	454933
GQ434948	172644
GQ434949	273621
GQ434950	526197
GQ434951	648863
GQ434952	212925
GQ434953	3483
GQ434954	228586
GQ434955	13579
GQ434956	13579
GQ434957	429560
GQ434958	520843
GQ434959	648868
GQ434960	714503
GQ434961	648866
GQ434962	714511
GQ434963	49840
GQ434964	499988
GQ434965	35936
GQ434966	90167
GQ434967	3914
GQ434968	138017
GQ434969	138017
GQ434970	138017
GQ434971	489316
GQ434972	714486
GQ434973	648878
GQ434974	1505188
GQ434975	3893
GQ434976	3893
GQ434977	714492
GQ434978	66096
GQ434979	161750
GQ434980	78534
GQ434981	146505
GQ434982	146505
GQ434983	714479
GQ434984	4392
GQ434985	4392
GQ434986	120290
GQ434987	49683
GQ434988	425106
GQ434989	425106
GQ434990	152358
GQ434991	152358
GQ434992	152358
GQ434993	648882
GQ434994	170715
GQ434995	63779
GQ434996	4472
GQ434997	29606
GQ434998	29606
GQ434999	187367
GQ435000	272673
GQ435001	272678
GQ435002	13824
GQ435003	13824
GQ435004	336383
GQ435005	714439
GQ435006	3809
GQ435007	80369
GQ435008	4530
GQ435009	29674
GQ435010	59011
GQ435011	66014
GQ435012	714458
GQ435013	714458
GQ435014	714458
GQ435015	480382
GQ435016	99806
GQ435017	88032
GQ435018	450882
GQ435019	120273
GQ435020	89479
GQ435021	49511
GQ435022	49511
GQ435023	13216
GQ435024	51240
GQ435025	693372
GQ435026	102211
GQ435027	182084
GQ435028	3677
GQ435029	714502
GQ435030	3674
GQ435031	3674
GQ435032	3670
GQ435033	381652
GQ435034	329875
GQ435035	69389
GQ435036	69389
GQ435037	52822
GQ435038	52822
GQ435039	94327
GQ435040	94327
GQ435041	94327
GQ435042	136216
GQ435043	136216
GQ435044	94328
GQ435045	94328
GQ435046	71610
GQ435047	136225
GQ435048	97750
GQ435049	97750
GQ435050	136209
GQ435051	97723
GQ435052	63359
GQ435053	591100
GQ435054	316493
GQ435055	263848
GQ435056	106335
GQ435057	3631
GQ435058	516554
GQ435059	91146
GQ435060	91146
GQ435061	242839
GQ435062	114260
GQ435063	368926
GQ435064	94284
GQ435065	86864
GQ435066	94286
GQ435067	259893
GQ435068	293806
GQ435069	293806
GQ435070	401898
GQ435071	41486
GQ435072	648881
GQ435073	576365
GQ435074	576365
GQ435075	41596
GQ435076	2762161
GQ435077	2762161
GQ435078	2762161
GQ435079	516546
GQ435080	516546
GQ435081	516546
GQ435082	648873
GQ435083	396369
GQ435084	185191
GQ435085	185191
GQ435086	397370
GQ435087	397370
GQ435088	714476
GQ435089	4222
GQ435090	35608
GQ435091	35608
GQ435092	595344
GQ435093	68299
GQ435094	41568
GQ435095	186965
GQ435096	186965
GQ435097	176602
GQ435098	53719
GQ435099	53719
GQ435100	53719
GQ435101	441197
GQ435102	186955
GQ435103	371450
GQ435104	4217
GQ435105	4217
GQ435106	119176
GQ435107	119176
GQ435108	648874
GQ435109	330892
GQ435110	330892
GQ435111	330892
GQ435112	648871
GQ435113	362646
GQ435114	189247
GQ435115	189247
GQ435116	189247
GQ435117	189247
GQ435118	189247
GQ435119	51277
GQ435120	51277
GQ435121	714451
GQ435122	318063
GQ435123	13731
GQ435124	128738
GQ435125	128738
GQ435126	55670
GQ435127	648858
GQ435128	200489
GQ435129	313931
GQ435130	313931
GQ435131	637482
GQ435132	146996
GQ435133	146995
GQ435134	415160
GQ435135	415160
GQ435136	415160
GQ435137	243810
GQ435138	282772
GQ435139	282772
GQ435140	105388
GQ435141	265705
GQ435142	588669
GQ435144	537489
GQ435145	175694
GQ435146	175694
GQ435147	222567
GQ435148	222567
GQ435149	222567
GQ435150	133196
GQ435151	714457
GQ435152	210334
GQ435153	43723
GQ435154	210348
GQ435155	13419
GQ435156	83154
GQ435157	3559
GQ435158	330163
GQ435159	71608
GQ435160	155640
GQ435161	54804
GQ435162	284366
GQ435163	161397
GQ435164	161397
GQ435165	83937
GQ435166	108594
GQ435167	50768
GQ435168	50768
GQ435169	50765
GQ435171	580341
GQ435172	50181
GQ435173	157443
GQ435174	648865
GQ435175	228726
GQ435176	491995
GQ435177	187505
GQ435178	33152
GQ435179	173280
GQ435180	173280
GQ435181	167921
GQ435182	54211
GQ435183	222564
GQ435184	413484
GQ435185	714515
GQ435186	167917
GQ435187	79772
GQ435188	79772
GQ435189	223431
GQ435190	223431
GQ435191	204215
GQ435192	266420
GQ435194	158541
GQ435195	28545
GQ435196	28545
GQ435197	28545
GQ435198	28545
GQ435199	3381
GQ435200	337405
GQ435201	714493
GQ435202	35924
GQ435203	40698
GQ435204	40698
GQ435205	459177
GQ435206	261450
GQ435207	261450
GQ435208	174171
GQ435209	45171
GQ435210	261449
GQ435211	261449
GQ435212	261449
GQ435213	64032
GQ435214	3406
GQ435215	85864
GQ435216	86757
GQ435217	86725
GQ435218	85856
GQ435219	161260
GQ435220	13331
GQ435221	56033
GQ435222	126418
GQ435223	310425
GQ435224	528268
GQ435225	29780
GQ435226	141191
GQ435227	141189
GQ435228	83906
GQ435229	83906
GQ435230	644068
GQ435231	254027
GQ435232	58378
GQ435233	714516
GQ435234	714513
GQ435235	714513
GQ435236	655181
GQ435237	714512
GQ435238	339321
GQ435239	714470
GQ435240	170035
GQ435241	13443
GQ435242	114476
GQ435243	714444
GQ435244	667287
GQ435245	137457
GQ435246	137457
GQ435247	137457
GQ435248	133203
GQ435249	714494
GQ435250	667269
GQ435251	648872
GQ435252	714488
GQ435253	714488
GQ435254	714440
GQ435255	714440
GQ435256	714445
GQ435257	176136
GQ435258	396730
GQ435259	714506
GQ435260	714508
GQ435261	714443
GQ435262	714443
GQ435263	714443
GQ435264	75067
GQ435265	714468
GQ435266	714473
GQ435267	714473
GQ435268	3760
GQ435269	3760
GQ435270	714489
GQ435271	714507
GQ435272	210858
GQ435273	210858
GQ435274	151440
GQ435275	57942
GQ435276	151439
GQ435277	552838
GQ435278	141005
GQ435279	45835
GQ435280	230192
GQ435281	112883
GQ435282	221454
GQ435283	300354
GQ435284	513306
GQ435285	513306
GQ435286	4075
GQ435287	35625
GQ435288	638627
GQ435289	112522
GQ435290	210372
GQ435291	210372
GQ435292	16752
GQ435293	54806
GQ435294	706490
GQ435295	706490
GQ435296	706490
GQ435297	191701
GQ435298	191701
GQ435299	89482
GQ435300	50179
GQ435301	147460
GQ435302	224739
GQ435303	48101
GQ435304	48101
GQ435305	2689076
GQ435306	2689076
GQ435307	203717
GQ435308	714446
GQ435309	48106
GQ435310	48106
GQ435311	48106
GQ435312	165499
GQ435315	48117
GQ435316	4039
GQ435317	4039
GQ435318	52491
GQ435319	52491
GQ435320	227914
GQ435321	66386
GQ435322	241857
GQ435323	648879
GQ435324	3498
GQ435325	385388
GQ435326	385388
GQ435327	59677
GQ435328	16906
GQ435329	28982
GQ435330	3527
GQ435331	3527
GQ435332	3527
GQ435334	153459
GQ435335	3707
GQ435336	3707
GQ435337	240228
GQ435338	22663
GQ435343	123564
GQ435344	123564
GQ435345	123564
GQ435346	54860
GQ435347	191453
GQ435348	288950
GQ435349	228246
GQ435350	39387
GQ435351	3956
GQ435352	3956
GQ435353	326968
GQ435354	64700
GQ435355	357960
GQ435356	71626
GQ435357	71626
GQ435358	3348
GQ435359	99809
GQ435360	261917
GQ435361	261917
GQ435362	714485
GQ435363	3341
GQ435364	55062
GQ435365	3322
GQ435366	53923
GQ435367	648864
GQ435368	53852
GQ435369	483143
GQ435370	483143
GQ435371	179187
GQ435372	182486
GQ435373	437579
GQ435374	35974
GQ435375	35974
GQ435376	35974
GQ435377	35974
GQ435378	334475
GQ435379	282542
GQ435380	65561
GQ435381	210380
GQ435382	227256
GQ435383	227256
GQ435384	199222
GQ435385	69721
GQ435386	714477
GQ435387	4465
GQ435388	714482
GQ435389	458696
GQ435390	151069
GQ435391	128017
GQ435392	190248
GQ435393	648875
GQ435394	216067
GQ435395	46421
GQ435396	82096
GQ435397	265763
GQ435398	4054
GQ435399	44586
GQ435400	44586
GQ435401	44586
GQ435402	46417
GQ435403	44588
GQ435404	265764
GQ435405	44685
GQ435406	44685
GQ435407	44685
GQ435408	681286
GQ435409	124768
GQ435410	384659
GQ435411	46112
GQ435412	46112
GQ435413	240005
GQ435414	253612
GQ435415	253612
GQ435416	253616
GQ435417	41776
GQ435418	93608
GQ435419	258162
GQ435420	165345
GQ435421	495260
GQ435422	555419
GQ435423	267555
GQ435424	130512
GQ435425	119954
GQ435426	71251
GQ435427	54796
GQ435428	44947
GQ435429	114617
GQ435430	114617
GQ435431	346985
GQ435432	346985
GQ435433	37334
GQ435434	37334
GQ435435	714465
GQ435436	354508
GQ435437	381790
GQ435438	85571
GQ435439	37690
GQ435440	68554
GQ435441	328401
GQ435442	37334
GQ435443	37334
GQ435444	37334
GQ435445	37334
GQ435446	37334
GQ435450	2708
GQ435451	354523
GQ435452	76967
GQ435453	171251
GQ435454	171251
GQ435455	67938
GQ435456	15000
GQ435457	155299
GQ435458	136122
GQ435459	714455
GQ435460	545644
GQ435461	13429
GQ435462	221260
GQ435463	83951
GQ435464	13894
GQ435465	14027
GQ435466	3847
GQ435467	227909
GQ435468	161395
GQ435469	161395
GQ435470	627609
GQ435471	342060
GQ435472	643838
GQ435473	58047
GQ435474	16915
GQ435475	16915
GQ435476	137220
GQ435477	137220
GQ435478	137220
GQ435479	137221
GQ435480	137226
GQ435481	137226
GQ435482	137226
GQ435483	124778
GQ435484	124778
GQ435485	167572
GQ435486	167572
GQ435487	167572
GQ435488	85282
GQ435489	85282
GQ435490	261423
GQ435491	4683
GQ435492	4683
GQ435493	4683
GQ435494	39529
GQ435495	34199
GQ435496	100506
GQ435497	100506
GQ435498	100521
GQ435499	58944
GQ435500	100514
GQ435501	100514
GQ435502	100514
GQ435503	91198
GQ435504	91198
GQ435505	82207
GQ435506	59045
GQ435507	183944
GQ435508	183944
GQ435509	179860
GQ435510	213255
GQ435511	213255
GQ435512	467743
GQ435513	323061
GQ435514	454933
GQ435515	172644
GQ435516	648869
GQ435517	648863
GQ435518	212925
GQ435519	260718
GQ435520	13579
GQ435521	520843
GQ435522	648868
GQ435523	714503
GQ435524	648866
GQ435525	648866
GQ435526	714438
GQ435527	714483
GQ435528	714511
GQ435529	49840
GQ435530	198914
GQ435531	35936
GQ435532	90167
GQ435533	119828
GQ435534	119829
GQ435535	3914
GQ435536	138017
GQ435537	138017
GQ435538	138017
GQ435539	489316
GQ435540	714486
GQ435541	714486
GQ435542	648878
GQ435543	3893
GQ435544	3893
GQ435545	714492
GQ435546	66096
GQ435547	78534
GQ435548	53211
GQ435549	185493
GQ435550	49683
GQ435551	152363
GQ435552	152363
GQ435553	425106
GQ435554	425106
GQ435555	714469
GQ435556	152358
GQ435557	152358
GQ435558	714456
GQ435559	4472
GQ435560	13824
GQ435561	714439
GQ435562	29683
GQ435563	4530
GQ435564	29674
GQ435565	59011
GQ435566	59011
GQ435567	66014
GQ435568	714458
GQ435569	203643
GQ435570	49511
GQ435571	51240
GQ435572	182084
GQ435573	182084
GQ435574	182084
GQ435575	3677
GQ435576	190515
GQ435577	3670
GQ435578	381652
GQ435579	210369
GQ435580	329875
GQ435581	69389
GQ435582	69389
GQ435583	52822
GQ435584	94327
GQ435585	136224
GQ435586	92927
GQ435587	591085
GQ435588	591100
GQ435589	316493
GQ435590	455430
GQ435591	106335
GQ435592	3631
GQ435593	516554
GQ435594	91146
GQ435595	114260
GQ435596	94284
GQ435597	86864
GQ435598	94286
GQ435599	714449
GQ435600	259893
GQ435601	293806
GQ435602	293806
GQ435603	401898
GQ435604	41486
GQ435605	648881
GQ435606	576365
GQ435607	576365
GQ435608	41596
GQ435609	2762161
GQ435610	2762161
GQ435611	516546
GQ435612	648873
GQ435613	397370
GQ435614	4222
GQ435615	35608
GQ435616	414033
GQ435617	13427
GQ435618	186965
GQ435619	53719
GQ435620	53719
GQ435621	186955
GQ435622	371450
GQ435623	4217
GQ435624	330892
GQ435625	189247
GQ435626	189247
GQ435627	189247
GQ435628	13731
GQ435629	55670
GQ435630	243810
GQ435631	588669
GQ435632	175694
GQ435633	175694
GQ435634	714471
GQ435635	222567
GQ435636	222567
GQ435637	714472
GQ435638	43723
GQ435639	210348
GQ435640	13419
GQ435641	181002
GQ435642	39526
GQ435643	3559
GQ435644	330163
GQ435645	71608
GQ435646	155640
GQ435647	284366
GQ435648	580341
GQ435649	46150
GQ435650	152286
GQ435651	54211
GQ435652	714515
GQ435653	167917
GQ435654	79772
GQ435655	223431
GQ435656	41398
GQ435657	107604
GQ435658	266420
GQ435660	76091
GQ435661	158541
GQ435662	28545
GQ435663	28545
GQ435664	714454
GQ435665	714454
GQ435666	714493
GQ435667	261450
GQ435668	261450
GQ435669	174171
GQ435670	261449
GQ435671	261449
GQ435672	64032
GQ435673	64032
GQ435674	64029
GQ435675	3406
GQ435676	85864
GQ435677	86757
GQ435678	86725
GQ435679	85856
GQ435680	161260
GQ435681	161260
GQ435682	13331
GQ435683	714441
GQ435684	714441
GQ435685	56033
GQ435686	310425
GQ435687	528268
GQ435688	714442
GQ435689	290911
GQ435690	289701
GQ435691	289753
GQ435692	141191
GQ435693	141189
GQ435694	644055
GQ435695	83906
GQ435696	462689
GQ435697	170035
GQ435698	714444
GQ435699	714498
GQ435700	667287
GQ435701	137457
GQ435702	137457
GQ435703	32239
GQ435704	714440
GQ435705	105665
GQ435706	74645
GQ435707	714448
GQ435708	106546
GQ435709	714459
GQ435710	714443
GQ435711	714460
GQ435712	714473
GQ435713	714489
GQ435714	151440
GQ435715	57942
GQ435716	97319
GQ435718	141005
GQ435719	45835
GQ435720	112883
GQ435721	221454
GQ435722	300354
GQ435723	513306
GQ435724	4075
GQ435725	41689
GQ435726	35625
GQ435727	35625
GQ435728	370638
GQ435729	105884
GQ435730	112522
GQ435731	210372
GQ435732	714517
GQ435733	16752
GQ435734	54806
GQ435735	54806
GQ435736	48101
GQ435737	48101
GQ435738	512745
GQ435739	2689076
GQ435740	48106
GQ435741	48106
GQ435742	49553
GQ435743	165499
GQ435745	48117
GQ435746	4039
GQ435747	52491
GQ435748	66386
GQ435749	714510
GQ435750	241857
GQ435751	3498
GQ435752	16906
GQ435753	3527
GQ435754	3527
GQ435756	153459
GQ435757	3707
GQ435758	240228
GQ435759	123564
GQ435760	54860
GQ435761	35925
GQ435762	326968
GQ435763	326968
GQ435764	714518
GQ435765	357960
GQ435766	569628
GQ435767	648864
GQ435768	53852
GQ435769	483143
GQ435770	483143
GQ435771	437579
GQ435772	35974
GQ435773	35974
GQ435774	65561
GQ435775	210380
GQ435776	227256
GQ435777	199222
GQ435778	69721
GQ435779	4465
GQ435780	4465
GQ435781	714482
GQ435782	458696
GQ435783	128017
GQ435784	128017
GQ435785	648875
GQ435786	216067
GQ435787	46421
GQ435788	265763
GQ435789	46417
GQ435790	105886
GQ435791	265764
GQ435792	44685
GQ435793	44685
GQ435794	44685
GQ435795	44685
GQ435796	681286
GQ435797	124768
GQ435798	46112
GQ435799	240005
GQ435800	253612
GQ435801	253612
GQ435802	253616
GQ435803	41776
GQ435804	153729
GQ435805	93608
GQ435806	258162
GQ435807	258162
GQ435808	180066
GQ435809	99300
GQ435810	495260
GQ435811	291326
GQ435812	35883
GQ435813	35883
GQ435814	35883
GQ435815	4121
GQ435816	4744
GQ435817	71251
GQ435818	54796
GQ435819	54428
GQ435820	114617
GQ435821	346985
GQ435822	37334
GQ435823	354508
GQ435824	37690
GQ435825	68554
GQ435826	328401
GQ435827	37334
GQ435828	76959
GQ435833	354528
GQ435834	354523
GQ435835	76967
GQ435836	171251
GQ435837	155299
GQ435838	714455
GQ435839	119260
GQ435840	119260
GQ435841	545644
GQ435842	121073
GQ435843	119261
GQ435844	648860
GQ435845	276775
GQ435846	184783
GQ435847	115441
GQ435848	13894
GQ435849	51953
GQ435850	3847
GQ435851	227909
GQ435852	643838
GQ435853	58047
GQ435854	137220
GQ435855	137220
GQ435856	137221
GQ435857	137226
GQ435858	137226
GQ435859	124778
GQ435860	49657
GQ435861	167572
GQ435862	167572
GQ435863	167572
GQ435864	167572
GQ435865	85282
GQ435866	85282
GQ435867	339784
GQ435868	152095
GQ435869	82316
GQ435870	100526
GQ435871	261423
GQ435872	261423
GQ435873	100494
GQ435874	593754
GQ435875	503356
GQ435876	4683
GQ435877	4683
GQ435878	4683
GQ435879	4683
GQ435880	79002
GQ435881	39529
GQ435882	32189
GQ435883	34199
GQ435884	34199
GQ435885	45385
GQ435886	590718
GQ435887	34199
GQ435888	100528
GQ435889	100506
GQ435890	100506
GQ435891	557558
GQ435892	70766
GQ435893	100521
GQ435894	58944
GQ435895	58944
GQ435896	100514
GQ435897	100514
GQ435898	272862
GQ435899	714450
GQ435900	714450
GQ435901	100496
GQ435902	714466
GQ435903	191662
GQ435904	82327
GQ435905	91198
GQ435906	91198
GQ435907	85365
GQ435908	82207
GQ435909	82207
GQ435910	59045
GQ435911	59045
GQ435912	59045
GQ435913	39501
GQ435914	58046
GQ435915	183944
GQ435916	179860
GQ435917	189791
GQ435918	341463
GQ435919	497687
GQ435920	318062
GQ435921	318062
GQ435922	454933
GQ435923	172644
GQ435924	526197
GQ435925	648869
GQ435926	283121
GQ435927	212925
GQ435928	3483
GQ435929	3483
GQ435930	228586
GQ435931	13579
GQ435932	13579
GQ435933	47247
GQ435934	429560
GQ435935	520843
GQ435936	452830
GQ435937	714503
GQ435938	132443
GQ435939	648866
GQ435940	648866
GQ435941	648866
GQ435942	648866
GQ435943	714438
GQ435944	714511
GQ435945	49840
GQ435946	198914
GQ435947	499988
GQ435948	185706
GQ435949	35936
GQ435950	714452
GQ435951	90167
GQ435952	119828
GQ435953	119829
GQ435954	3914
GQ435955	313081
GQ435956	587870
GQ435957	138017
GQ435958	20484
GQ435959	714486
GQ435960	714486
GQ435961	648878
GQ435962	714475
GQ435963	3893
GQ435964	3893
GQ435965	714492
GQ435966	66096
GQ435967	78534
GQ435968	4392
GQ435969	4392
GQ435970	49683
GQ435971	152363
GQ435972	425106
GQ435973	425106
GQ435974	714469
GQ435975	152358
GQ435976	152358
GQ435977	648882
GQ435978	63779
GQ435979	4472
GQ435980	187367
GQ435981	336383
GQ435982	714439
GQ435983	3809
GQ435984	480382
GQ435985	99806
GQ435986	88032
GQ435987	450882
GQ435988	120273
GQ435989	89479
GQ435990	182084
GQ435991	190515
GQ435992	69389
GQ435993	52822
GQ435994	259893
GQ435995	293806
GQ435996	293806
GQ435997	401898
GQ435998	648881
GQ435999	576365
GQ436000	576365
GQ436001	41596
GQ436002	2762161
GQ436003	2762161
GQ436004	516546
GQ436005	648873
GQ436006	185191
GQ436007	185191
GQ436008	397370
GQ436009	397370
GQ436010	714476
GQ436011	4222
GQ436012	35608
GQ436013	595344
GQ436014	68299
GQ436015	53719
GQ436016	441197
GQ436017	4217
GQ436018	119176
GQ436019	119176
GQ436020	648874
GQ436021	330892
GQ436022	330892
GQ436023	648871
GQ436024	362646
GQ436025	189247
GQ436026	189247
GQ436027	189247
GQ436028	51277
GQ436029	51277
GQ436030	714451
GQ436031	13731
GQ436032	128738
GQ436033	128738
GQ436034	648858
GQ436035	261619
GQ436036	637482
GQ436037	146996
GQ436038	415160
GQ436039	415160
GQ436040	243810
GQ436041	282772
GQ436042	282772
GQ436043	588669
GQ436044	222567
GQ436045	284366
GQ436046	161397
GQ436047	50768
GQ436048	50765
GQ436050	58043
GQ436051	157443
GQ436052	648865
GQ436053	228726
GQ436054	190712
GQ436055	190712
GQ436056	152286
GQ436057	167917
GQ436058	79772
GQ436059	223431
GQ436060	46147
GQ436061	107604
GQ436063	76091
GQ436064	647436
GQ436065	158541
GQ436066	28545
GQ436067	337405
GQ436068	714493
GQ436069	40698
GQ436070	40698
GQ436071	261450
GQ436072	261450
GQ436073	174171
GQ436074	261449
GQ436075	261449
GQ436076	64032
GQ436077	64032
GQ436078	376254
GQ436079	3406
GQ436080	85864
GQ436081	86725
GQ436082	454322
GQ436083	13331
GQ436084	714441
GQ436085	56033
GQ436086	126418
GQ436087	56994
GQ436088	714442
GQ436089	290911
GQ436090	289753
GQ436091	254027
GQ436092	58378
GQ436093	655181
GQ436094	714470
GQ436095	170035
GQ436096	714444
GQ436097	714498
GQ436098	667287
GQ436099	667287
GQ436100	137457
GQ436101	137457
GQ436102	133203
GQ436103	714494
GQ436104	667269
GQ436105	648872
GQ436106	714488
GQ436107	714488
GQ436108	32239
GQ436109	105665
GQ436110	105667
GQ436111	714448
GQ436112	396730
GQ436113	714506
GQ436114	106546
GQ436115	714508
GQ436116	714481
GQ436117	714459
GQ436118	714443
GQ436119	714443
GQ436120	714460
GQ436121	714460
GQ436122	75067
GQ436123	714468
GQ436124	714468
GQ436125	714473
GQ436126	714473
GQ436127	3760
GQ436128	3760
GQ436129	714489
GQ436130	714507
GQ436131	210858
GQ436132	210858
GQ436133	151440
GQ436134	151440
GQ436135	36596
GQ436136	57942
GQ436137	151439
GQ436138	552838
GQ436139	97319
GQ436140	141005
GQ436141	714491
GQ436142	45835
GQ436143	112883
GQ436144	221454
GQ436145	300354
GQ436146	513306
GQ436147	513306
GQ436148	4075
GQ436149	41689
GQ436150	35625
GQ436151	35625
GQ436152	638627
GQ436153	105884
GQ436154	16752
GQ436155	54806
GQ436156	706490
GQ436157	706490
GQ436158	706490
GQ436159	191701
GQ436160	191701
GQ436161	89482
GQ436162	147460
GQ436163	224739
GQ436164	29808
GQ436165	48101
GQ436166	48101
GQ436167	165353
GQ436168	48106
GQ436169	49553
GQ436170	165499
GQ436173	48117
GQ436174	4039
GQ436175	4039
GQ436176	52491
GQ436177	227914
GQ436178	227914
GQ436179	66386
GQ436180	3498
GQ436181	512623
GQ436182	512623
GQ436183	28982
GQ436184	3707
GQ436185	240228
GQ436186	22663
GQ436188	191453
GQ436189	288950
GQ436190	228246
GQ436191	39387
GQ436192	35925
GQ436193	326968
GQ436194	326968
GQ436195	714518
GQ436196	64700
GQ436197	357960
GQ436198	71626
GQ436199	3348
GQ436200	99809
GQ436201	261917
GQ436202	261917
GQ436203	3341
GQ436204	55062
GQ436205	3322
GQ436206	182486
GQ436207	282542
GQ436208	65561
GQ436209	227256
GQ436210	227256
GQ436211	4456
GQ436212	78380
GQ436213	69721
GQ436214	4465
GQ436215	458696
GQ436216	216067
GQ436217	4054
GQ436218	44586
GQ436219	44586
GQ436220	46417
GQ436221	105886
GQ436222	44588
GQ436223	265764
GQ436224	44685
GQ436225	44685
GQ436226	44685
GQ436227	124768
GQ436228	124768
GQ436229	384659
GQ436230	46112
GQ436231	253612
GQ436232	253616
GQ436233	41776
GQ436234	153729
GQ436235	93608
GQ436236	258162
GQ436237	180066
GQ436238	99300
GQ436239	165345
GQ436240	495260
GQ436241	291326
GQ436242	35883
GQ436243	4121
GQ436244	4744
GQ436245	3311
GQ436246	71251
GQ436247	54796
GQ436248	114617
GQ436249	114617
GQ436250	354508
GQ436251	381790
GQ436252	85571
GQ436253	68554
GQ436254	328401
GQ436255	37334
GQ436256	37334
GQ436257	37334
GQ436260	354528
GQ436261	2711
GQ436262	354523
GQ436263	171251
GQ436264	155299
GQ436265	119260
GQ436266	545644
GQ436267	119261
GQ436268	137220
GQ436269	137220
GQ436270	137220
GQ436271	137221
GQ436272	137226
GQ436273	137226
GQ436274	137226
GQ436275	174217
GQ436276	267621
GQ436277	262276
GQ436278	227498
GQ436279	714447
GQ436280	714447
GQ436281	228806
GQ436282	49657
GQ436283	714500
GQ436284	167572
GQ436285	167572
GQ436286	85282
GQ436287	339784
GQ436288	82316
GQ436289	100494
GQ436290	503356
GQ436291	4683
GQ436292	79002
GQ436293	203100
GQ436294	32189
GQ436295	100528
GQ436296	13485
GQ436297	100521
GQ436298	58944
GQ436299	100514
GQ436300	100514
GQ436301	272862
GQ436302	714450
GQ436303	100496
GQ436304	191662
GQ436305	82327
GQ436306	91198
GQ436307	91198
GQ436308	34190
GQ436309	34190
GQ436310	34190
GQ436311	85365
GQ436312	59045
GQ436313	59045
GQ436314	59045
GQ436315	183944
GQ436316	179860
GQ436317	197796
GQ436318	411227
GQ436319	28974
GQ436320	497687
GQ436321	318062
GQ436322	318062
GQ436323	454933
GQ436324	172644
GQ436325	526197
GQ436326	648869
GQ436327	648863
GQ436328	283121
GQ436329	260718
GQ436330	3483
GQ436331	3483
GQ436332	520843
GQ436333	648868
GQ436334	452830
GQ436335	109171
GQ436336	109171
GQ436337	132443
GQ436338	648866
GQ436339	648866
GQ436340	714438
GQ436341	714483
GQ436342	714511
GQ436343	3897
GQ436344	49840
GQ436345	185706
GQ436346	3899
GQ436347	35936
GQ436348	714452
GQ436349	90167
GQ436350	90167
GQ436351	119828
GQ436352	313081
GQ436353	587870
GQ436354	138017
GQ436355	138017
GQ436356	20484
GQ436357	714486
GQ436358	648878
GQ436359	714475
GQ436360	1505188
GQ436361	3893
GQ436362	714492
GQ436363	66096
GQ436364	146505
GQ436365	146505
GQ436366	714479
GQ436367	185493
GQ436368	49683
GQ436369	49683
GQ436370	425106
GQ436371	648882
GQ436372	714456
GQ436373	63779
GQ436374	4472
GQ436375	714463
GQ436376	122808
GQ436377	714439
GQ436378	3809
GQ436379	4530
GQ436380	29674
GQ436381	59011
GQ436382	59011
GQ436383	66014
GQ436384	714458
GQ436385	203643
GQ436386	480382
GQ436387	99806
GQ436388	88032
GQ436389	450882
GQ436390	120273
GQ436391	13216
GQ436392	51240
GQ436393	182084
GQ436394	3677
GQ436395	714502
GQ436396	3674
GQ436397	381652
GQ436398	329875
GQ436399	69389
GQ436400	69389
GQ436401	52822
GQ436402	52822
GQ436403	125259
GQ436404	94327
GQ436405	136216
GQ436406	136216
GQ436407	71610
GQ436408	136225
GQ436409	97750
GQ436410	97750
GQ436411	97723
GQ436412	125261
GQ436413	136209
GQ436414	92927
GQ436415	591085
GQ436416	591100
GQ436417	316493
GQ436418	106335
GQ436419	3631
GQ436420	516554
GQ436421	91146
GQ436422	91146
GQ436423	114260
GQ436424	368926
GQ436425	368926
GQ436426	86864
GQ436427	94286
GQ436428	259893
GQ436429	259893
GQ436430	293806
GQ436431	293806
GQ436432	401898
GQ436433	41486
GQ436434	648881
GQ436435	576365
GQ436436	576365
GQ436437	41596
GQ436438	2762161
GQ436439	2762161
GQ436440	2762161
GQ436441	516546
GQ436442	516546
GQ436443	516546
GQ436444	648873
GQ436445	396369
GQ436446	185191
GQ436447	185191
GQ436448	397370
GQ436449	397370
GQ436450	714476
GQ436451	4222
GQ436452	595344
GQ436453	68299
GQ436454	186965
GQ436455	53719
GQ436456	53719
GQ436457	441197
GQ436458	186955
GQ436459	4217
GQ436460	4217
GQ436461	119176
GQ436462	119176
GQ436463	648874
GQ436464	330892
GQ436465	330892
GQ436466	648871
GQ436467	362646
GQ436468	189247
GQ436469	189247
GQ436470	189247
GQ436471	189247
GQ436472	189247
GQ436473	51277
GQ436474	51277
GQ436475	714451
GQ436476	318063
GQ436477	13731
GQ436478	128738
GQ436479	128738
GQ436480	648858
GQ436481	200489
GQ436482	261619
GQ436483	313931
GQ436484	637482
GQ436485	146996
GQ436486	415160
GQ436487	415160
GQ436488	415160
GQ436489	243810
GQ436490	282772
GQ436491	282772
GQ436492	588669
GQ436493	537489
GQ436494	175694
GQ436495	175694
GQ436496	175694
GQ436497	714471
GQ436498	222567
GQ436499	222567
GQ436500	714472
GQ436501	714457
GQ436502	43723
GQ436503	210348
GQ436504	83154
GQ436505	3559
GQ436506	330163
GQ436507	76025
GQ436508	83937
GQ436509	50768
GQ436510	50765
GQ436511	157443
GQ436512	648865
GQ436513	190712
GQ436514	491995
GQ436515	187505
GQ436516	46150
GQ436517	33152
GQ436518	173280
GQ436519	173280
GQ436520	152286
GQ436521	167921
GQ436522	714515
GQ436523	79772
GQ436524	223431
GQ436525	223431
GQ436526	204215
GQ436527	41398
GQ436528	46147
GQ436529	107604
GQ436530	28545
GQ436531	28545
GQ436532	28545
GQ436533	3381
GQ436534	35924
GQ436535	45171
GQ436536	64032
GQ436537	86757
GQ436538	161260
GQ436539	454322
GQ436540	13331
GQ436541	126418
GQ436542	458695
GQ436543	310425
GQ436544	528268
GQ436545	56994
GQ436546	290911
GQ436547	29780
GQ436548	289753
GQ436549	141191
GQ436550	141189
GQ436551	648870
GQ436552	644055
GQ436553	83906
GQ436554	83906
GQ436555	644068
GQ436556	266091
GQ436557	714516
GQ436558	714513
GQ436559	714513
GQ436560	655181
GQ436561	77895
GQ436562	339321
GQ436563	114476
GQ436564	114476
GQ436565	714444
GQ436566	714498
GQ436567	667287
GQ436568	667287
GQ436569	137457
GQ436570	137457
GQ436571	137457
GQ436572	133203
GQ436573	714494
GQ436574	667269
GQ436575	3649
GQ436576	648872
GQ436577	714488
GQ436578	714488
GQ436579	714504
GQ436580	32239
GQ436581	714440
GQ436582	105665
GQ436583	105667
GQ436584	714448
GQ436585	396730
GQ436586	714506
GQ436587	106546
GQ436588	714508
GQ436589	714459
GQ436590	714443
GQ436591	714443
GQ436592	714460
GQ436593	75067
GQ436594	455103
GQ436595	714473
GQ436596	714473
GQ436597	3760
GQ436598	3760
GQ436599	714489
GQ436600	714507
GQ436601	210858
GQ436602	210858
GQ436603	151440
GQ436604	151440
GQ436605	36596
GQ436606	36596
GQ436607	57942
GQ436608	151439
GQ436609	552838
GQ436611	141005
GQ436612	714491
GQ436613	45835
GQ436614	112883
GQ436615	221454
GQ436616	300354
GQ436617	513306
GQ436618	105884
GQ436619	210372
GQ436620	210372
GQ436621	706490
GQ436622	706490
GQ436623	706490
GQ436624	191701
GQ436625	191701
GQ436626	50179
GQ436627	224739
GQ436628	48101
GQ436629	48101
GQ436630	2689076
GQ436631	2689076
GQ436632	165353
GQ436633	203717
GQ436634	714446
GQ436635	48106
GQ436636	48106
GQ436637	165499
GQ436638	52491
GQ436639	52491
GQ436640	227914
GQ436641	714510
GQ436642	241857
GQ436643	648879
GQ436644	512623
GQ436645	512623
GQ436646	385388
GQ436647	385388
GQ436648	16906
GQ436649	28982
GQ436650	3527
GQ436651	153459
GQ436652	3707
GQ436653	3707
GQ436654	240228
GQ436655	240228
GQ436656	22663
GQ436657	123564
GQ436658	123564
GQ436659	123564
GQ436660	54860
GQ436661	191453
GQ436662	288950
GQ436663	228246
GQ436664	39387
GQ436665	35925
GQ436666	326968
GQ436667	326968
GQ436668	714518
GQ436669	64700
GQ436670	357960
GQ436671	569628
GQ436672	71626
GQ436673	3348
GQ436674	261917
GQ436675	3341
GQ436676	3322
GQ436677	706491
GQ436678	53923
GQ436679	648864
GQ436680	182486
GQ436681	35974
GQ436682	35974
GQ436683	282542
GQ436684	65561
GQ436685	210380
GQ436686	199225
GQ436687	28475
GQ436688	28475
GQ436689	4477
GQ436690	227256
GQ436691	199222
GQ436692	78380
GQ436693	69721
GQ436694	714477
GQ436695	714477
GQ436696	4465
GQ436697	714482
GQ436698	458696
GQ436699	128017
GQ436700	190248
GQ436701	190248
GQ436702	648875
GQ436703	46421
GQ436704	82096
GQ436705	4054
GQ436706	44586
GQ436707	44586
GQ436708	46417
GQ436709	44588
GQ436710	265764
GQ436711	44685
GQ436712	44685
GQ436713	44685
GQ436714	78168
GQ436715	384659
GQ436716	46112
GQ436717	41776
GQ436718	153729
GQ436719	99300
GQ436720	495260
GQ436721	291326
GQ436722	35883
GQ436723	555419
GQ436724	267555
GQ436725	4121
GQ436726	4121
GQ436727	130512
GQ436728	119954
GQ436729	3311
GQ436730	54796
GQ436731	54428
GQ436732	114617
GQ436733	346985
GQ436734	37334
GQ436735	354508
GQ436736	85571
GQ436737	37690
GQ436738	68554
GQ436739	328401
GQ436740	76959
GQ436744	2708
GQ436745	354501
GQ436746	2711
GQ436747	354523
GQ436748	76967
GQ436749	171251
GQ436750	171251
GQ436751	67938
GQ436752	13429
GQ436753	648860
GQ436754	13345
GQ436755	13345
GQ436756	276775
GQ436757	184783
GQ436758	115441
GQ436759	13894
GQ436760	51953
GQ436761	14027
GQ436762	3847
GQ436763	58047
GQ436764	16915
GQ436765	137220
GQ436766	137220
GQ436767	137220
GQ436768	137221
GQ436769	137226
GQ436770	137226
GQ436771	137226
GQ436772	174217
GQ436773	267621
GQ436774	262276
GQ436775	227498
GQ436776	714447
GQ436777	714447
GQ436778	714447
GQ436779	228806
GQ463478	58046
GQ463479	58046
GQ463480	58046
GQ463481	720871
GQ463482	714497
GQ463483	450883
GQ463484	156270
GQ463485	156271
GQ463486	50176
GQ463487	147273
GQ463488	2778344
GQ463489	36012
GQ463490	33153
GQ463491	451750
GQ463492	89482
GQ463493	450880
GQ463494	28978
GQ463495	308681
GQ463496	3350
GQ463497	3350
GQ463498	167561
GQ463499	714485
GQ463500	162304
GQ463501	162304
GQ463502	706491
GQ463503	3311
GQ478102	48735
GQ478104	204979
GQ478108	108377
GQ497203	49032
GQ497204	243671
GQ497205	49019
GQ497206	49017
GQ497207	243673
GQ497887	763963
GQ497888	664872
GQ497889	763973
GQ497890	664018
GQ497891	763982
GQ865703	89478
GQ865704	33152
GQ865705	706490
GQ865706	706490
GQ865707	706490
GQ865708	706490
GQ865709	706490
GQ865710	706490
GQ865711	191701
GQ865712	191701
GQ865713	191701
GQ865714	191701
GQ865715	191701
GQ865716	191701
GQ865717	50189
GQ865718	89483
GQ865719	450879
GQ865720	29808
GQ865721	308681
GQ865722	167561
GQ865723	167561
GQ865724	3322
GQ865725	706491
GQ865726	706491
GQ865727	706491
GQ865728	706491
GQ865729	58047
GQ865730	706490
GQ865731	706490
GQ865732	706490
GQ865733	706490
GQ865734	706490
GQ865735	706490
GQ865736	191701
GQ865737	191701
GQ865738	191701
GQ865739	191701
GQ865740	191701
GQ865741	191701
GQ865742	50179
GQ865743	58029
GQ865744	308681
GQ865745	261917
GQ865746	706491
GQ865747	706491
GQ865748	706490
GQ865749	706490
GQ865750	706490
GQ865751	706490
GQ865752	706490
GQ865753	706490
GQ865754	191701
GQ865755	191701
GQ865756	191701
GQ865757	191701
GQ865758	50179
GQ865759	261917
GQ865760	55062
GQ865761	706491
GQ865762	706491
GQ865763	706491
GQ865764	706490
GQ865765	706490
GQ865766	706490
GQ865767	706490
GQ865768	706490
GQ865769	706490
GQ865770	191701
GQ865771	191701
GQ865772	191701
GQ865773	706491
GQ865774	706491
GQ865775	58047
GQ913877	886974
GU004108	859589
GU108493	105884
GU108494	105884
GU180354	125259
GU180355	299927
GU180356	94327
GU180357	94327
GU180358	94327
GU180359	136224
GU180360	199623
GU180361	136216
GU180362	648859
GU180363	136217
GU180364	136209
GU180365	136209
GU180366	136209
GU180367	97723
GU180368	97723
GU180369	125261
GU180370	136209
GU180371	199646
GU180372	913882
GU180373	105679
GU180374	97754
GU180375	94328
GU180376	94328
GU180377	136225
GU180378	97750
GU180379	97750
GU180380	97749
GU180381	97749
GU186922	33152
GU186923	682520
GU186924	3389
GU199462	307976
GU199472	307976
GU217605	47247
GU217606	429560
GU217607	429560
GU217608	429560
GU217609	671522
GU217610	109171
GU217611	714503
GU217612	858916
GU217613	648866
GU217614	858909
GU217615	857491
GU217616	35938
GU217617	98745
GU217618	48131
GU217619	48131
GU217620	455371
GU217621	49840
GU217622	49840
GU217623	858910
GU217624	198914
GU217625	198914
GU217626	198914
GU217627	406422
GU217628	206307
GU217629	857492
GU217630	521744
GU217631	858911
GU217632	857493
GU217633	185716
GU217634	185706
GU217635	540757
GU217636	540758
GU217637	540758
GU217638	540758
GU217639	20401
GU217640	20401
GU217641	20401
GU217642	649199
GU217643	119829
GU217644	3885
GU217645	3914
GU217646	153952
GU217647	153950
GU217648	153950
GU217649	3824
GU217650	556514
GU217651	688281
GU217652	688281
GU217653	3813
GU217654	403832
GU217655	390501
GU217656	390501
GU217657	714475
GU217658	754884
GU217659	857494
GU217660	153962
GU217661	114318
GU217662	3879
GU217663	20997
GU217664	857496
GU217665	228514
GU217666	346985
GU217667	346985
GU217668	346985
GU217669	191885
GU217670	466223
GU217671	701534
GU217672	161753
GU217673	53863
GU217674	53935
GU217675	671264
GU217676	858915
GU217677	87088
GU251022	933366
GU251023	50758
GU251027	933368
GU251028	38855
GU256867	81800
GU256868	81800
GU256871	81800
GU256874	697684
GU290481	682520
GU290482	682520
GU290483	682520
GU290484	191309
GU290485	157595
GU359202	751704
GU359274	751595
GU363746	714648
GU370941	714896
GU370943	714896
GU370944	714896
GU370945	714896
GU440823	651840
GU440886	746824
GU461598	253090
GU576646	64111
GU593254	743432
GU593255	743432
GU593256	743432
GU593257	743432
GU593258	743432
GU593259	743432
GU724307	221762
GU724308	4217
GU724309	4217
GU724310	714449
GU724311	259893
GU724312	223868
GU724313	72351
GU724314	588669
GU724315	293806
GU724316	293806
GU724317	4222
GU724318	2762161
GU724319	41554
GU724320	53719
GU724321	91248
GU724322	330892
GU724323	330892
GU724324	330892
GU724325	186951
GU724326	41596
GU724327	119176
GU724328	119176
GU724329	453958
GU724330	453958
GU724331	415155
GU724332	415155
GU724333	183063
GU724334	243810
GU724335	99104
GU724336	183085
GU724337	576365
GU724338	89039
GU810520	204144
GU815246	4081
GU902818	927720
GU902819	927720
GU902820	927725
GU902821	927725
GU902822	927721
GU902823	927721
GU902824	927724
GU902825	927724
GU902826	927722
GU902827	927722
GU902828	206550
GU902829	206550
GU993844	136296
HE794384	1167111
HE794404	1167131
HE794423	1167152
HE794425	1167155
HE794432	1167161
HE794452	1167179
HE794463	1167192
HE806195	302131
HE806197	302131
HE806199	302131
HE806201	302141
HE806203	302141
HE806205	302141
HE806207	1187068
HE806209	1187069
HE806211	1187070
HE806213	1187070
HE806215	302129
HE806217	302128
HE806219	302128
HE806221	263653
HE806223	302109
HE806225	302125
HE806227	1187071
HE806229	1187071
HE806231	302136
HE806233	264394
HE806235	264394
HE806237	300830
HE806239	300830
HE806241	300830
HE806243	300830
HE806245	1187072
HE806247	1187073
HE806249	302105
HE806251	1187074
HE806253	302119
HE806255	302119
HE806257	302119
HE806259	2783729
HE806261	1187076
HE806263	1187076
HE806265	1187076
HE806267	302114
HE806269	1187077
HE806271	302134
HE806273	302113
HE806275	300839
HE806277	302112
HE806279	302110
HE860558	1193225
HE860559	1193225
HE860560	1193225
HE860561	1193225
HE860562	1193225
HE860563	1193226
HE860564	1193228
HE860565	1193228
HE860566	1193228
HE860567	1193228
HE860568	1193229
HE860569	1193230
HE860570	1193230
HE860571	1193230
HE860572	1193230
HE860573	1193230
HE860574	1193233
HE860575	1193233
HE860576	1193233
HE860577	1193233
HE860578	1193233
HE860579	1193233
HE860580	1193233
HE860581	1193234
HE860582	1193234
HE860583	1193234
HE860584	1193234
HE860585	1193234
HE860586	1193236
HE860587	1193236
HE860588	1193236
HE860589	1193236
HE860590	1193236
HE860591	1193236
HE860592	1193236
HE860593	1193236
HE860594	1193236
HE860595	1193236
HE860596	1193237
HE860597	1193237
HE860598	1193237
HE860599	1193237
HE860600	1193231
HE860601	1193231
HE860602	1193231
HE860603	1193231
HE860604	1193231
HE860605	1193231
HE860606	1193239
HE860607	1193239
HE860608	1193240
HE860609	1193241
HE860610	490655
HE860611	1193242
HE860612	1193242
HE860613	1193243
HE860614	1193244
HE860615	1193245
HE860616	1193245
HE860617	1193245
HE860618	1193245
HE860619	1193245
HE860620	1193246
HE860621	1193247
HE860622	1193247
HE860623	1193248
HE860624	1193249
HE860625	1193249
HE860626	1193250
HE860627	1193250
HE860628	1193250
HE860629	1193250
HE860630	1193250
HE860631	1193250
HE860632	1193251
HE860633	480615
HE860634	480615
HE860635	480615
HE860636	480615
HE860637	480615
HE860638	480615
HE860639	480615
HE860640	480615
HE860641	480615
HE860642	1193232
HE860643	1193252
HE860644	1193253
HE860645	1193253
HE860646	1193254
HE860647	1193255
HE860648	1193255
HE860649	1193255
HE860650	1193255
HE860651	1193255
HE860652	1193257
HE860653	1193257
HE860654	1193257
HE860655	1193257
HE860656	1193257
HE860657	1193257
HE860658	1193257
HE860659	1193258
HE860660	1193258
HE860661	1193258
HE860662	1193258
HE860663	1193258
HE860664	1193258
HE860665	1193258
HE860666	1193258
HE860667	1193258
HE860668	1193259
HE860669	1193260
HE860670	1193261
HE860671	1193261
HE860672	1193262
HE860673	174447
HE860674	174447
HE860675	174447
HE860676	174447
HE860677	174447
HE860678	174447
HE860679	1193264
HE860680	1193264
HE860681	1193264
HE860682	1193264
HE860683	1193264
HE860684	1193264
HE860685	1193264
HE860686	1193264
HE860687	1193152
HE860688	1193265
HE860689	1193265
HE860690	1193265
HE860691	1193265
HE860692	1193265
HE860693	1193265
HE860694	1193266
HE860695	1193266
HE860696	1193268
HE860697	1193269
HE860698	1193267
HE860699	1193270
HE860700	1193221
HE860701	1193222
HE860702	174445
HE860703	1193223
HE860704	1193224
HE860705	99104
HE860706	1193272
HE860707	1193273
HE860708	1193274
HE861353	89646
HE861354	89646
HE861355	89646
HE861356	89646
HE861357	89646
HE861358	89646
HE861359	89646
HE861360	89646
HE861361	89646
HE861362	89646
HE861363	89646
HE861364	89646
HE861365	89646
HE861366	89646
HE861367	89646
HE861368	89646
HE861369	89646
HE861370	89646
HE861371	89646
HE861372	89646
HE861373	89646
HE861374	89646
HE861375	89646
HE861376	89646
HE861377	89646
HE861378	89646
HE861379	89646
HE861380	89646
HE861381	89646
HE861382	89646
HE861383	89646
HE861384	89646
HE861385	89646
HE861386	89646
HE861387	89646
HE861388	89646
HE861389	89646
HE861390	89646
HE861391	89646
HE861392	89646
HE861393	89646
HE861394	89646
HE861395	89646
HE861396	89646
HE861397	89646
HE861398	89646
HE861399	89646
HE861400	89646
HE861401	89646
HE861402	89646
HE861403	89646
HE861404	89646
HE861405	89646
HE861406	89646
HE861407	89646
HE861408	89646
HE861409	89646
HE861410	89646
HE861411	89646
HE861412	89646
HE861413	89646
HE861414	89646
HE861415	89646
HE861416	89646
HE861417	89646
HE861418	89646
HE861419	89646
HE861420	89646
HE861421	89646
HE861422	89646
HE861423	89646
HE861424	89646
HE861425	89646
HE861426	89646
HE861427	89646
HE861428	89646
HE861429	89646
HE861430	89646
HE861431	89646
HE861432	89646
HE861433	89646
HE861434	89646
HE861435	89646
HE861436	89646
HE861437	89646
HE861438	89646
HE861439	89646
HE861440	89646
HE861441	89646
HE861442	89646
HE861443	89646
HE861444	89646
HE861445	89646
HE861446	89646
HE861447	89646
HE861448	89646
HE861449	89646
HE861450	89646
HE861451	89646
HE861452	89646
HE861453	89646
HE861454	89646
HE861455	89646
HE861456	89646
HE861457	89646
HE861458	89646
HE861459	89646
HE861460	89646
HE861461	89646
HE861462	89646
HE861463	89646
HE861464	89646
HE861465	89646
HE861466	89646
HE861467	89646
HE861468	89646
HE861469	89646
HE861470	89646
HE861471	89646
HE861472	89646
HE861473	89646
HE861474	89646
HE861475	89646
HE861476	89646
HE861477	89646
HE861478	89646
HE861479	89646
HE861480	89646
HE861481	89646
HE861482	89646
HE861483	89646
HE861484	89646
HE861485	89646
HE861486	89646
HE861487	89646
HE861488	89646
HE861489	89646
HE861490	89646
HE861491	89646
HE861492	89646
HE861493	89646
HE861494	89646
HE861495	89646
HE861496	89646
HE861497	89646
HE861498	89646
HE975041	127996
HF545625	89646
HF545626	89646
HF545627	89646
HF545628	89646
HF545629	89646
HF545630	89646
HF545631	89646
HF545632	89646
HF545633	89646
HF545634	89646
HF545635	89646
HF545636	89646
HF545637	89646
HF545638	89646
HF545639	89646
HF547614	123908
HF547615	1256061
HF547616	1256061
HF547617	1256061
HF547618	1256061
HF547619	1256061
HF547620	1256061
HF547621	1256061
HF547622	1256061
HF547623	1256061
HF547624	1256061
HF934105	33109
HG424085	1392136
HG424115	1392145
HG425108	299997
HG425110	300000
HG426433	1398665
HG426434	1398666
HG426435	1398667
HG426436	1398668
HG426437	1398669
HG426438	1366954
HG426439	1398670
HG426440	1366961
HG426441	1398671
HG426442	691206
HG426443	691208
HG426444	557424
HG426445	1398672
HG426446	1398673
HG426447	359833
HG426448	1398674
HG426449	1398675
HG426450	359881
HG797527	1440580
HG967497	299997
HG967498	299997
HG971457	1487140
HM026373	313081
HM026374	313381
HM026375	313108
HM026376	313119
HM026435	754108
HM026436	153952
HM026437	754109
HM026438	754110
HM026439	754110
HM026440	754111
HM026441	153961
HM026442	754112
HM026443	483877
HM026444	483877
HM026445	483877
HM026446	483877
HM026447	483877
HM026448	483877
HM026449	153962
HM026450	153962
HM026451	754113
HM026452	754113
HM026453	153956
HM137427	797601
HM160103	199402
HM160105	40015
HM160107	199410
HM160109	178353
HM160112	106061
HM160114	199422
HM160116	271789
HM160118	178137
HM182081	764529
HM347034	1035925
HM595440	39347
HM595441	49511
HM595442	396367
HM595443	294733
HM595444	1986521
HM595445	587680
HM595446	516070
HM595447	516072
HM595448	516069
HM595449	424420
HM595450	516071
HM595451	39271
HM595452	199542
HM595453	199542
HM595455	587667
HM595456	587666
HM595457	29719
HM595458	39350
HM595459	41226
HM595460	550457
HM595461	39352
HM595462	587659
HM595463	587682
HM595464	587682
HM595465	516067
HM595466	199544
HM595467	405945
HM595468	405945
HM595469	39358
HM595470	662921
HM595471	39296
HM595472	587660
HM595473	180675
HM595474	4138
HM595475	587677
HM595476	48386
HM595477	425908
HM595478	516545
HM595479	587663
HM595480	228974
HM595481	587669
HM595482	587678
HM595483	476450
HM595484	342063
HM595485	587671
HM595486	587673
HM595487	39367
HM595488	194209
HM596903	869935
HM629057	547294
HM629095	1049951
HM629128	547291
HM756252	369423
HQ130342	55765
HQ147613	629245
HQ147614	1079190
HQ147615	1079191
HQ147616	305361
HQ147617	41522
HQ147618	41522
HQ147619	75640
HQ147620	75640
HQ147621	75640
HQ147622	1079192
HQ147623	1079193
HQ147624	629247
HQ147625	629247
HQ147626	1079194
HQ147627	1079195
HQ147628	75652
HQ147629	75652
HQ147630	75652
HQ147631	75652
HQ147632	75652
HQ147633	1079196
HQ147634	1079196
HQ147635	363435
HQ147636	41537
HQ147637	363437
HQ147638	363437
HQ147639	363437
HQ147640	1079197
HQ147641	1079198
HQ147642	629250
HQ147643	629250
HQ147644	629251
HQ147645	629251
HQ147646	1079199
HQ147647	1079199
HQ147648	629251
HQ147649	629251
HQ147650	629251
HQ147651	629251
HQ147652	629251
HQ147653	629252
HQ147654	1079200
HQ147655	1079201
HQ147656	1079202
HQ147657	1079205
HQ147658	1079209
HQ147659	1079207
HQ147660	1079206
HQ147661	1079203
HQ147662	1079205
HQ147663	629248
HQ147664	629255
HQ147665	629253
HQ147666	1079206
HQ147667	1079205
HQ147668	1079210
HQ147669	1079210
HQ147670	1079203
HQ147671	629255
HQ147672	1079211
HQ147673	1079211
HQ147674	629256
HQ147675	1079212
HQ147721	629245
HQ147722	1079190
HQ147723	1079191
HQ147724	305361
HQ147725	41522
HQ147726	41522
HQ147727	75640
HQ147728	75640
HQ147729	75640
HQ147730	1079192
HQ147731	1079193
HQ147732	629247
HQ147733	629247
HQ147734	1079194
HQ147735	1079195
HQ147736	75652
HQ147737	75652
HQ147738	75652
HQ147739	75652
HQ147740	75652
HQ147741	1079196
HQ147742	1079196
HQ147743	363435
HQ147744	41537
HQ147745	363437
HQ147746	363437
HQ147747	363437
HQ147748	1079197
HQ147749	1079198
HQ147750	629250
HQ147751	629250
HQ147752	629251
HQ147753	629251
HQ147754	1079199
HQ147755	1079199
HQ147756	629251
HQ147757	629251
HQ147758	629251
HQ147759	629251
HQ147760	629251
HQ147761	629252
HQ147762	1079200
HQ147763	1079201
HQ147764	1079202
HQ147765	1079205
HQ147766	1079209
HQ147767	1079207
HQ147768	1079206
HQ147769	1079203
HQ147770	1079205
HQ147771	629248
HQ147772	629255
HQ147773	629253
HQ147774	1079206
HQ147775	1079205
HQ147776	1079210
HQ147777	1079210
HQ147778	1079203
HQ147779	629255
HQ147780	1079211
HQ147781	1079211
HQ147782	629256
HQ147783	1079212
HQ176459	659093
HQ176460	1053689
HQ176461	1054295
HQ176462	511450
HQ184214	1006345
HQ184215	929499
HQ184216	554210
HQ184217	1006346
HQ184218	1006347
HQ184219	1006348
HQ184220	1006351
HQ184221	1006345
HQ184223	554210
HQ184224	1006346
HQ184225	1006347
HQ184226	1006348
HQ184227	554253
HQ184228	1006351
HQ199842	929499
HQ201976	931233
HQ201977	386174
HQ201990	386216
HQ202005	931240
HQ202009	378900
HQ225460	889052
HQ246206	941844
HQ246207	655088
HQ267177	1081515
HQ389215	242533
HQ389216	242533
HQ389217	242533
HQ389218	242533
HQ389219	242533
HQ389220	242533
HQ389221	242533
HQ389222	242533
HQ393693	1089578
HQ655723	246361
HQ655724	246841
HQ655725	1088402
HQ655726	1088402
HQ655727	246857
HQ655728	246857
HQ655729	246857
HQ655730	246857
HQ655731	246857
HQ655732	246857
HQ655733	246857
HQ655734	246857
HQ655735	246859
HQ655736	1084240
HQ655737	246829
HQ655738	173699
HQ655739	246853
HQ655740	246369
HQ655741	1084241
HQ655742	246856
HQ690589	743510
HQ697311	662928
HQ823460	1005568
HQ823461	1005569
HQ823462	1005576
HQ823463	1005577
HQ823464	1005578
HQ823465	379311
HQ823466	1005579
HQ823467	1005582
HQ823468	1005583
HQ823469	1005587
HQ823470	1005589
HQ823471	1005590
HQ823472	1005591
HQ823473	1005592
HQ823474	1005593
HQ823475	1005595
HQ823476	1005598
HQ823477	1005601
HQ823478	1005602
HQ823479	1005603
HQ823480	1005604
HQ823481	1005605
HQ823482	1005606
HQ823483	1005607
HQ823484	1005617
HQ823485	1005619
HQ823486	1005620
HQ823487	1005621
HQ823488	1005622
HQ823489	1005624
HQ840970	627969
HQ840971	627969
HQ840972	627969
HQ840973	627969
HQ840974	627969
HQ840975	627969
HQ840976	627969
HQ840977	627969
HQ840978	627969
HQ840979	627969
HQ840980	627969
HQ840981	627969
HQ840982	627969
HQ840983	627969
HQ840984	627969
HQ840985	627969
HQ840986	627969
HQ840987	627969
HQ840988	627969
HQ840989	627969
HQ840990	627969
HQ840991	627969
HQ840992	627969
HQ841012	203025
HQ841013	203025
HQ864707	176248
HQ864708	176248
HQ864709	176248
HQ882779	34344
HQ900609	1087761
JF286608	1005389
JF286610	1005391
JF286611	1005388
JF339941	190755
JF339942	190755
JF409998	112808
JF510482	1028816
JF703254	51024
JF724112	15368
JF754829	41560
JF754830	41560
JF755921	3355
JF755922	714465
JF755923	714465
JF755924	68554
JF755925	68554
JF755926	4392
JF755927	4392
JF755928	112883
JF755929	112883
JF755930	85864
JF755931	119260
JF755932	119260
JF755933	119260
JF755934	2768810
JF755935	2768810
JF755938	222567
JF755939	222564
JF755940	222564
JF755941	222564
JF755942	54724
JF755943	165499
JF755944	165499
JF755945	54724
JF755946	54724
JF755947	165499
JF778850	108544
JF778851	152095
JF778852	152092
JF778853	152088
JF778854	744039
JF778855	152096
JF778856	308434
JF778858	292393
JF778859	55190
JF778860	4054
JF778861	458695
JF778862	458695
JF778863	44586
JF781589	1037324
JF781590	1037322
JF801560	95638
JF807549	40902
JF807550	54706
JF807551	99498
JF807552	1079708
JF807553	489420
JF807554	52456
JF807555	4047
JF807556	1079709
JF807557	109125
JF807558	1079710
JF807559	54726
JF807560	681566
JF807561	203712
JF807562	1079711
JF807563	1079713
JF807564	1079712
JF807565	1079706
JF807566	40962
JF807567	79191
JF807568	325747
JF913943	714896
JF913944	714896
JF913945	714896
JF915368	627609
JF915369	627609
JF915370	161395
JF915371	161395
JF915372	161395
JF915373	161395
JF915374	161395
JF915375	161395
JF915376	161395
JF915377	161395
JF915378	161395
JF915379	161397
JF915380	161396
JF915381	48555
JF915382	223100
JF915383	161397
JF915384	161397
JF915385	161397
JF915386	161397
JF915387	161395
JF915388	241807
JF915389	241807
JF915390	241807
JF915391	223100
JF915392	48555
JF940683	4465
JF940686	55184
JF940689	55184
JF940726	105668
JF940728	199618
JF940731	105671
JF940735	1045227
JF940744	94327
JF940749	125259
JF940751	105673
JF940757	299927
JF940760	359415
JF940763	125261
JF940769	1045228
JF940771	105679
JF940779	97723
JF940836	252851
JF940843	252855
JF940847	252856
JF940855	1045233
JF940862	252863
JF940867	1045234
JF940871	1045235
JF941577	861393
JF941587	861397
JF941598	586110
JF941602	586110
JF941604	586110
JF941606	586110
JF941608	586110
JF941611	586110
JF941612	586110
JF941618	586111
JF941621	586111
JF941623	586111
JF941625	586111
JF941629	861401
JF941631	586112
JF941634	586112
JF941636	586112
JF941646	861403
JF941647	157514
JF941649	157514
JF941651	157514
JF941653	157514
JF941655	157514
JF941657	157514
JF941659	157514
JF941661	157514
JF941663	157514
JF941665	157514
JF941669	861404
JF941673	861406
JF941689	861407
JF941693	861408
JF941702	861410
JF941703	861410
JF941705	861410
JF941706	861410
JF941711	586119
JF941713	586119
JF941721	1045346
JF941726	1045347
JF941734	861413
JF941744	586121
JF941766	50804
JF941778	1045348
JF941793	462688
JF941795	1045352
JF941797	1045353
JF941799	1045354
JF941801	697682
JF941805	1045355
JF941813	462691
JF941818	447484
JF941819	447484
JF941831	447110
JF941862	447117
JF941867	210377
JF941893	447122
JF942390	1043452
JF942699	49558
JF942712	105909
JF942723	54830
JF942856	324804
JF942867	1037467
JF942872	1037468
JF942874	1037469
JF942895	1037473
JF942905	1037475
JF942938	1037480
JF942943	326812
JF942949	1043518
JF942951	1043519
JF942956	216507
JF942960	216508
JF942964	1043520
JF942969	216509
JF942975	1043521
JF942977	216511
JF942979	1043522
JF942983	1043523
JF942987	216512
JF942994	326817
JF942998	1043524
JF943008	216514
JF943012	1043525
JF943016	326819
JF943018	216515
JF943023	326820
JF943025	1043527
JF943034	399716
JF943036	1043528
JF943038	326821
JF943041	1043529
JF943044	326823
JF943047	1043530
JF943050	1043531
JF943054	399717
JF943057	326827
JF943064	1043533
JF943070	1043534
JF943074	216521
JF943079	321409
JF943083	1043535
JF943089	216522
JF943092	1043536
JF943093	1043537
JF943096	216524
JF943101	216526
JF943105	1043538
JF943108	1043539
JF943112	216528
JF943119	326832
JF943121	1043540
JF943125	1043541
JF943126	1043542
JF943129	326833
JF943134	216530
JF943136	1043543
JF943140	326839
JF943142	1043544
JF943147	1043545
JF943151	326842
JF943156	1043546
JF943158	1043547
JF943162	65043
JF943166	321410
JF943171	326843
JF943177	216535
JF943181	216536
JF943185	1043548
JF943187	1043549
JF943190	216537
JF943197	216539
JF943200	321411
JF943202	216540
JF943204	1043550
JF943210	1043552
JF943215	1043554
JF943221	1043555
JF943229	1043556
JF943233	1043557
JF943237	326850
JF943242	326851
JF943247	1043558
JF943249	216545
JF943252	1043559
JF943254	1043560
JF943256	1043561
JF943260	216546
JF943263	1043562
JF943265	1043563
JF943638	1044913
JF943652	370663
JF943661	1044916
JF943663	175082
JF943689	1044919
JF943723	1044923
JF944631	1045180
JF944658	1045182
JF944663	1045183
JF944797	725112
JF953044	4465
JF953047	4465
JF953050	55184
JF953053	55184
JF953080	105668
JF953082	199618
JF953087	105671
JF953091	1045227
JF953099	94327
JF953106	125259
JF953108	105673
JF953113	299927
JF953118	359415
JF953120	125261
JF953125	105679
JF953133	97723
JF953189	252851
JF953196	252855
JF953200	252856
JF953207	1045233
JF953212	313665
JF953217	252863
JF953221	1045234
JF953223	1052169
JF953229	1045235
JF953756	861393
JF953762	861397
JF953766	586110
JF953768	586110
JF953770	586110
JF953772	586110
JF953775	586110
JF953776	586110
JF953779	586111
JF953782	586111
JF953784	586111
JF953786	586111
JF953789	861401
JF953791	586112
JF953793	586112
JF953798	157514
JF953800	157514
JF953802	157514
JF953804	157514
JF953805	157514
JF953807	157514
JF953809	157514
JF953811	157514
JF953812	157514
JF953814	157514
JF953817	861404
JF953820	861406
JF953830	861407
JF953834	861408
JF953839	861410
JF953840	861410
JF953842	861410
JF953843	861410
JF953844	586119
JF953846	586119
JF953853	1045346
JF953857	1045347
JF953859	861413
JF953866	586121
JF953893	1045348
JF953906	462688
JF953908	1045352
JF953910	1045353
JF953912	1045354
JF953914	697682
JF953918	1045355
JF953924	462691
JF953927	447484
JF953928	447484
JF953940	447110
JF953971	447117
JF953976	210377
JF954002	447122
JF954476	1043452
JF954793	49558
JF954806	105909
JF954817	54830
JF954979	324804
JF954989	1037467
JF954992	1037468
JF955012	1037473
JF955020	1037475
JF955049	1037480
JF955054	326812
JF955060	1043518
JF955062	1043519
JF955067	216507
JF955071	216508
JF955075	1043520
JF955080	216509
JF955086	1043521
JF955088	216511
JF955090	1043522
JF955093	1043523
JF955097	216512
JF955104	326817
JF955108	1043524
JF955118	216514
JF955122	1043525
JF955126	326819
JF955128	216515
JF955133	326820
JF955135	1043527
JF955144	399716
JF955146	1043528
JF955148	326821
JF955151	1043529
JF955154	326823
JF955157	1043530
JF955160	1043531
JF955164	399717
JF955167	326827
JF955174	1043533
JF955180	1043534
JF955184	216521
JF955192	1043535
JF955198	216522
JF955201	1043536
JF955202	1043537
JF955205	216524
JF955210	216526
JF955214	1043538
JF955217	1043539
JF955221	216528
JF955228	326832
JF955230	1043540
JF955234	1043541
JF955235	1043542
JF955238	326833
JF955243	216530
JF955245	1043543
JF955249	326839
JF955251	1043544
JF955255	1043545
JF955259	326842
JF955264	1043546
JF955266	1043547
JF955270	65043
JF955274	321410
JF955279	326843
JF955285	216535
JF955289	216536
JF955293	1043548
JF955295	1043549
JF955298	216537
JF955305	216539
JF955308	321411
JF955310	216540
JF955312	1043550
JF955317	1043552
JF955322	1043554
JF955328	1043555
JF955336	1043556
JF955339	1043557
JF955343	326850
JF955348	326851
JF955353	1043558
JF955355	216545
JF955358	1043559
JF955360	1043560
JF955362	1043561
JF955366	216546
JF955369	1043562
JF955371	1043563
JF955701	1044913
JF955715	370663
JF955724	1044916
JF955726	175082
JF955752	1044919
JF955788	1044923
JF956661	1045180
JF956688	1045182
JF956693	1045183
JF956811	725112
JF969611	120638
JF969619	147280
JF977441	324808
JF978102	329890
JN018090	258140
JN018091	121720
JN018092	121720
JN018093	121720
JN018094	121720
JN018095	121720
JN043793	109061
JN043818	105668
JN043820	199618
JN043827	105671
JN043831	1045227
JN043841	94327
JN043848	125259
JN043850	105673
JN043856	299927
JN043861	359415
JN043864	125261
JN043869	1045228
JN043871	105679
JN043876	97723
JN043933	252851
JN043940	252855
JN043944	252856
JN043952	1045233
JN043957	313665
JN043963	252863
JN043968	1045234
JN043970	1052169
JN043976	1045235
JN044560	861393
JN044570	861397
JN044581	586110
JN044585	586110
JN044587	586110
JN044589	586110
JN044591	586110
JN044594	586110
JN044595	586110
JN044601	586111
JN044604	586111
JN044606	586111
JN044608	586111
JN044612	861401
JN044614	586112
JN044617	586112
JN044619	586112
JN044629	861403
JN044630	157514
JN044632	157514
JN044634	157514
JN044636	157514
JN044638	157514
JN044640	157514
JN044642	157514
JN044644	157514
JN044646	157514
JN044648	157514
JN044652	861404
JN044656	861406
JN044672	861407
JN044676	861408
JN044685	861410
JN044686	861410
JN044688	861410
JN044689	861410
JN044694	586119
JN044696	586119
JN044704	1045346
JN044709	1045347
JN044717	861413
JN044727	586121
JN044760	1045348
JN044775	462688
JN044777	1045352
JN044779	1045353
JN044781	1045354
JN044783	697682
JN044787	1045355
JN044791	462691
JN044796	447484
JN044797	447484
JN044809	447110
JN044840	447117
JN044845	210377
JN044871	447122
JN045177	1052175
JN045338	1043452
JN045639	49558
JN045651	105909
JN045662	54830
JN045806	324804
JN045815	1037467
JN045818	1037468
JN045820	1037469
JN045848	1037475
JN045874	1037480
JN045878	326812
JN045884	1043518
JN045886	1043519
JN045891	216507
JN045895	216508
JN045899	1043520
JN045904	216509
JN045910	1043521
JN045911	216511
JN045913	1043522
JN045916	1043523
JN045920	216512
JN045927	326817
JN045931	1043524
JN045941	216514
JN045945	1043525
JN045949	326819
JN045951	216515
JN045956	326820
JN045958	1043527
JN045967	399716
JN045969	1043528
JN045971	326821
JN045974	1043529
JN045977	326823
JN045980	1043530
JN045983	1043531
JN045987	399717
JN045990	326827
JN045997	1043533
JN046003	1043534
JN046007	216521
JN046012	321409
JN046016	1043535
JN046022	216522
JN046025	1043536
JN046026	1043537
JN046032	216526
JN046036	1043538
JN046039	1043539
JN046043	216528
JN046050	326832
JN046052	1043540
JN046056	1043541
JN046057	1043542
JN046060	326833
JN046065	216530
JN046067	1043543
JN046071	326839
JN046073	1043544
JN046078	1043545
JN046082	326842
JN046087	1043546
JN046089	1043547
JN046093	65043
JN046097	321410
JN046102	326843
JN046108	216535
JN046112	216536
JN046116	1043548
JN046118	1043549
JN046121	216537
JN046128	216539
JN046131	321411
JN046133	216540
JN046135	1043550
JN046141	1043552
JN046146	1043554
JN046152	1043555
JN046160	1043556
JN046163	1043557
JN046167	326850
JN046172	326851
JN046177	1043558
JN046179	216545
JN046182	1043559
JN046184	1043560
JN046186	1043561
JN046190	216546
JN046193	1043562
JN046195	1043563
JN046512	1044913
JN046526	370663
JN046534	1044916
JN046536	175082
JN046562	1044919
JN046596	1044923
JN047369	1045180
JN047396	1045182
JN047401	1045183
JN047529	725112
JN083528	1071202
JN083855	1049779
JN083856	1073848
JN083857	1049779
JN083858	1073848
JN083859	1073848
JN083860	1049779
JN083861	1073848
JN083862	1049779
JN083863	1049779
JN083864	1049779
JN160944	1110424
JN160954	1110424
JN187105	467326
JN222153	1085696
JN222208	372730
JN222225	372699
JN222229	1085716
JN222233	372731
JN222235	372754
JN244318	4076
JN244319	4076
JN244320	4076
JN244321	4076
JN244322	4076
JN244323	4076
JN244324	4076
JN244325	4075
JN244326	4075
JN244327	4075
JN244328	41689
JN244329	41689
JN244330	41689
JN244331	35625
JN244332	35625
JN244333	35625
JN252968	1200269
JN252969	1200274
JN252970	1200274
JN252971	693367
JN252972	693367
JN252973	693367
JN252974	693367
JN252975	1200273
JN252976	1200271
JN252977	587400
JN252978	587400
JN252979	587400
JN252980	587400
JN252981	1073920
JN252982	1073920
JN252983	1073920
JN252984	587398
JN252985	13345
JN252986	13345
JN252987	13345
JN252988	13345
JN252989	13345
JN252990	13345
JN252991	1200280
JN252992	1073918
JN252993	276775
JN252994	276775
JN252995	276775
JN252996	1200275
JN252997	1200275
JN252998	1200272
JN252999	587403
JN253000	587403
JN253001	587403
JN253002	1200277
JN253003	648860
JN253004	648860
JN253005	648860
JN253006	648860
JN253007	1082643
JN253008	1082643
JN253009	1200279
JN253010	587401
JN253011	587399
JN253012	587399
JN253013	1082641
JN253014	1082641
JN253015	1200268
JN253016	1200268
JN253017	1200270
JN253018	1200270
JN253019	587402
JN253020	1200278
JN253021	1200276
JN388060	173395
JN388067	16680
JN388079	4373
JN392880	1128101
JN392882	1128102
JN392883	1128102
JN392884	1128102
JN392885	1128102
JN392886	1128102
JN392887	1128102
JN392889	1128103
JN392890	1128103
JN392891	1128103
JN392894	1128105
JN392895	1128105
JN392896	1128105
JN392897	1128105
JN392898	1128105
JN392899	1128105
JN392900	447008
JN589134	325483
JN808268	1104330
JN848158	76025
JN848159	76025
JN848160	76025
JN848161	76025
JN848162	76025
JN848163	76025
JN848164	76025
JN848165	76025
JN848166	76025
JN848167	76025
JN848168	76025
JN848169	76025
JN848170	76025
JN848171	76025
JN848172	76025
JN848173	76025
JN848176	76025
JN848185	76025
JN848192	76025
JN848193	76025
JN848227	76025
JN848230	76025
JN848231	76025
JN848232	76025
JN848233	76025
JN848237	76025
JN848238	76025
JN848239	76025
JN848251	76025
JN848258	76025
JN848259	76025
JN848260	76025
JN848261	76025
JN848262	76025
JN861822	1227618
JN861895	466056
JN861896	1227641
JN861897	401942
JN861898	72332
JN861899	741065
JN861900	61297
JN861901	61297
JN861902	61297
JN861903	61297
JN861904	1227616
JN861905	401879
JN861906	401879
JN861907	401879
JN861908	1227618
JN861909	86309
JN861910	72337
JN861911	1227619
JN861912	401886
JN861913	1227621
JN861914	669122
JN861915	401893
JN861916	1227622
JN861917	395280
JN861918	395281
JN861919	395281
JN861920	395281
JN861921	395281
JN861922	1227624
JN861923	1227623
JN861924	1227624
JN861925	1227624
JN861926	401897
JN861927	401897
JN861928	401898
JN861929	669707
JN861930	669707
JN861931	1227625
JN861932	401904
JN861933	1227626
JN861934	1227627
JN861935	401908
JN861936	401909
JN861937	333952
JN861938	401911
JN861939	1227628
JN861940	401912
JN861941	1227629
JN861942	1227630
JN861943	86312
JN861944	1227631
JN861945	1227632
JN861946	927723
JN861947	401916
JN861948	1227633
JN861949	669134
JN861950	480632
JN861951	401918
JN861952	401924
JN861953	1227635
JN861954	86313
JN861955	480633
JN861956	1227636
JN861957	1227637
JN861958	1227638
JN861959	1171825
JN861960	1171825
JN861961	1027794
JN861962	401881
JN861963	401881
JN861964	86317
JN861965	1227639
JN861966	205374
JN861967	1227640
JN861968	401932
JN861969	401932
JN861970	401933
JN861971	200864
JN861972	205378
JN861973	1171838
JN861974	1171838
JN861975	1171839
JN861976	1171842
JN861977	200865
JN861978	200866
JN861979	200866
JN861980	200866
JN861981	200866
JN861982	1171836
JN861983	401940
JN861984	401940
JN974466	1156563
JN999014	140788
JN999104	271549
JN999106	13055
JN999107	13055
JN999108	13055
JN999109	13055
JN999136	37723
JN999137	37723
JN999138	37723
JN999139	37723
JN999208	388570
JN999281	140873
JN999318	28525
JN999408	669785
JN999410	669785
JN999668	669850
JQ046054	179217
JQ046063	179212
JQ046067	179210
JQ046068	179210
JQ046094	179201
JQ046113	179192
JQ046120	3302
JQ046131	1238154
JQ046135	179222
JQ046144	179211
JQ046147	58035
JQ046151	179208
JQ046160	179199
JQ046162	179199
JQ046167	3300
JQ067159	1132224
JQ067345	508283
JQ173381	265783
JQ173382	1238151
JQ173383	669127
JQ173384	669127
JQ173385	1238152
JQ173386	205378
JQ301848	53923
JQ301849	346988
JQ301850	53852
JQ301851	508996
JQ301852	948715
JQ301853	948714
JQ301854	948712
JQ301855	948718
JQ301856	347003
JQ301857	362788
JQ301858	948713
JQ301859	162906
JQ301860	126820
JQ301861	948717
JQ301862	346999
JQ301863	592576
JQ301864	346974
JQ301865	948716
JQ301866	72402
JQ301867	347006
JQ301868	53923
JQ301869	346988
JQ301870	53852
JQ301871	508996
JQ301872	948715
JQ301873	948714
JQ301874	948712
JQ301875	948718
JQ301876	347003
JQ301877	362788
JQ301878	948713
JQ301879	162906
JQ301880	126820
JQ301881	948717
JQ301882	346999
JQ301883	592576
JQ301884	346974
JQ301885	948716
JQ301886	72402
JQ301887	347006
JQ392469	3767
JQ392470	3767
JQ392471	470528
JQ392472	309349
JQ405008	72642
JQ405012	502222
JQ618395	49994
JQ618398	167922
JQ618399	167922
JQ618400	167922
JQ618408	488967
JQ618409	488967
JQ618411	1262116
JQ618412	54229
JQ618413	54229
JQ618415	680190
JQ618416	54228
JQ618417	488977
JQ618418	488977
JQ618419	41390
JQ618420	886264
JQ618421	1262115
JQ618427	223431
JQ618428	223431
JQ618431	167923
JQ618432	714515
JQ618433	361442
JQ618434	361442
JQ618435	201510
JQ618436	1262120
JQ618437	41396
JQ618439	634377
JQ618440	634377
JQ618446	167917
JQ618447	167917
JQ618449	488970
JQ618450	488970
JQ618455	1262119
JQ618457	222564
JQ618462	488967
JQ618463	54211
JQ618464	1262116
JQ618468	680190
JQ618469	54228
JQ618470	488977
JQ618471	488977
JQ618472	41390
JQ618473	886264
JQ618474	1262115
JQ618475	536997
JQ618476	536997
JQ618478	1262114
JQ618479	1262114
JQ618480	223431
JQ618481	223431
JQ618485	167923
JQ618487	361442
JQ618488	361442
JQ618490	1262120
JQ618492	41396
JQ618493	634377
JQ618495	126435
JQ618496	126435
JQ618497	126435
JQ618498	126435
JQ618500	167917
JQ618501	167917
JQ684758	1265921
JQ684759	1265920
JQ684760	458690
JQ684761	1265923
JQ684762	587398
JQ684763	587398
JQ684764	587397
JQ684765	587397
JQ684766	1265928
JQ684767	587404
JQ684768	13345
JQ684769	13345
JQ684770	13345
JQ684771	1265925
JQ684772	1265925
JQ684773	1265922
JQ684774	648860
JQ684775	1265926
JQ684776	693367
JQ684777	1265927
JQ684778	276775
JQ684779	587403
JQ684780	1265924
JQ684781	276780
JQ726573	3389
JQ726574	3389
JQ726575	682520
JQ726576	3389
JQ726577	3389
JQ726578	3389
JQ726579	288835
JQ726580	288836
JQ726581	1173698
JQ726582	173279
JQ726583	3389
JQ726584	3389
JQ726585	191309
JQ726586	191309
JQ726587	1173699
JQ726588	257425
JQ726589	1173699
JQ726590	288836
JQ726591	1173700
JQ726592	1173699
JQ726593	3389
JQ736798	1072387
JQ736800	293754
JQ736802	293752
JQ736804	293751
JQ776855	97305
JQ776886	262521
JQ885441	112867
JQ898577	202775
JQ946310	293752
JQ946311	293752
JQ946312	293752
JQ953798	1239340
JQ966121	52451
JQ966122	52451
JQ966123	359525
JQ966124	359505
JQ966125	52451
JQ966126	52451
JQ966127	473997
JX011630	1168071
JX011631	1168071
JX026929	1213180
JX092059	1222206
JX092061	1222208
JX092075	262677
JX124298	1221188
JX124299	1221188
JX124300	1221188
JX124301	1221188
JX124302	225563
JX124303	225563
JX124304	225563
JX124305	225563
JX124306	225563
JX124307	225563
JX124308	225563
JX124309	225563
JX124310	225563
JX124311	225563
JX124312	321354
JX138965	165353
JX393913	354528
JX393914	1056468
JX393915	354528
JX393916	354528
JX393918	354528
JX393919	354528
JX393920	67938
JX393922	354528
JX393923	354528
JX393924	354528
JX393925	1056468
JX393926	354528
JX393927	1056468
JX393928	354528
JX393929	354528
JX393930	354528
JX393932	67938
JX393933	354528
JX393934	354528
JX393935	354528
JX393936	67938
JX399082	112615
JX429952	1235874
JX443759	1279187
JX443762	37794
JX443783	1279215
JX443795	1279197
JX445037	72332
JX445038	35608
JX445039	1338412
JX445040	205362
JX445041	72337
JX445042	72339
JX445043	1338413
JX445044	1171830
JX445045	1287603
JX445046	72342
JX445047	1338414
JX445048	333951
JX445049	1338415
JX445050	1338416
JX445051	205371
JX445052	1287614
JX445053	1338417
JX445054	72351
JX445055	72352
JX445056	1266742
JX445057	72354
JX445058	1338418
JX445059	1177126
JX445060	1338419
JX445061	4220
JX445062	205367
JX445063	72353
JX445064	72341
JX455141	451732
JX459023	1273423
JX656706	1354295
JX669516	105884
JX669517	105884
JX669518	638627
JX669519	643838
JX669520	638626
JX669521	370638
JX669522	112523
JX669523	566134
JX682898	105884
JX682899	105884
JX682900	105884
JX682901	105884
JX682902	105884
JX682903	105884
JX682904	105884
JX682905	105884
JX682906	105884
JX682907	105884
JX682908	105884
JX682909	105884
JX682910	105884
JX682911	105884
JX682912	105884
JX682913	105884
JX682914	105884
JX682915	105884
JX682916	105884
JX682917	105884
JX682918	105884
JX682919	105884
JX682920	638627
JX682921	638627
JX682922	638627
JX682923	638627
JX682924	643838
JX682925	643838
JX682926	643838
JX682927	643838
JX682928	638626
JX682929	370638
JX682930	112523
JX682931	112523
JX682932	112523
JX682933	112523
JX682934	566134
JX856416	321550
JX856488	165205
JX856489	165205
JX856619	205027
JX856620	205027
JX856621	205027
JX856622	138017
JX856623	1288005
JX856624	138030
JX856625	138033
JX856626	1295408
JX856627	68527
JX856628	1179215
JX856629	384949
JX856630	301862
JX856631	301693
JX856632	2777733
JX856633	201010
JX856634	201010
JX856635	3489
JX856636	124943
JX856637	124943
JX856638	124943
JX856639	124943
JX856640	124943
JX856641	180222
JX856642	3806
JX856643	3806
JX856644	3806
JX856645	3806
JX856646	3806
JX856647	3806
JX856648	167791
JX856649	167791
JX856650	167791
JX856651	167791
JX856652	259381
JX856653	259381
JX856654	1905006
JX856655	1905006
JX856656	321550
JX856657	321550
JX856658	321550
JX856659	191891
JX856660	191896
JX856661	191896
JX856662	191896
JX856663	162707
JX856664	53846
JX856665	1295405
JX856669	155884
JX856670	155884
JX856671	155884
JX856672	73732
JX856673	73732
JX856674	73737
JX856675	53852
JX856676	53852
JX856677	53852
JX856678	508996
JX856679	508996
JX856680	1288009
JX856681	1295406
JX856682	874444
JX856683	1225666
JX856684	1225666
JX856685	1288010
JX856686	1288010
JX856687	1288010
JX856688	107308
JX856689	107308
JX856690	413755
JX856691	1295407
JX856692	1295407
JX856693	163081
JX856694	1288014
JX856695	1288013
JX856696	1288013
JX856697	1076878
JX856698	1076878
JX856699	1076878
JX856700	1234622
JX856701	1234622
JX856702	1234622
JX856703	309271
JX856704	182112
JX856705	309272
JX856706	1288015
JX856707	76967
JX856708	76967
JX856709	183298
JX856710	69381
JX856711	63066
JX856712	63066
JX856713	63066
JX856714	63066
JX856715	1288016
JX856716	1288016
JX856717	1288017
JX856718	185774
JX856719	1288018
JX856720	1128166
JX856721	1288019
JX856722	1288018
JX856723	233706
JX856724	3741
JX856725	155640
JX856726	155640
JX856727	1288020
JX856728	1288021
JX856729	1288021
JX856730	1288021
JX856731	1288021
JX856732	41398
JX856733	41398
JX856734	404691
JX856735	404691
JX856736	404691
JX856737	141603
JX856738	141603
JX856739	62097
JX856740	62097
JX856741	165205
JX856742	165205
JX856743	58043
JX856744	235806
JX856745	235806
JX856746	235806
JX856747	235806
JX856748	235806
JX856749	235806
JX856750	235806
JX856751	105757
JX856752	105757
JX856753	1009501
JX856754	1009501
JX856755	300553
JX856756	300553
JX856757	28504
JX856758	35974
JX856759	35974
JX856760	162894
JX856761	162894
JX856762	666687
JX856763	666687
JX856764	121625
JX856765	195802
JX856766	195802
JX856767	482950
JX856768	482950
JX856769	28545
JX856770	28545
JX856771	28545
JX856772	28545
JX856773	85835
JX856774	85835
JX856775	85835
JX856776	85835
JX856777	43891
JX856778	43891
JX856779	459165
JX856780	459165
JX856781	459165
JX856782	260142
JX856783	334483
JX856786	69902
JX856787	69902
JX856788	429709
JX856789	761068
JX856790	41396
JX856791	41396
JX856792	172200
JX856793	172200
JX856794	155021
JX856795	155021
JX856796	99441
JX856797	99441
JX856798	99441
JX856799	361442
JX856800	361442
JX856801	548852
JX856802	429302
JX856803	429302
JX856804	653463
JX856805	653463
JX856806	157914
JX856807	498071
JX856808	138017
JX856809	1288005
JX856810	138033
JX856811	1295408
JX856812	68527
JX856813	68527
JX856814	68527
JX856815	68527
JX856816	1179215
JX856817	371650
JX856818	371650
JX856819	1288006
JX856820	52822
JX856821	301862
JX856822	301693
JX856823	201010
JX856824	201010
JX856825	124943
JX856826	124943
JX856827	124943
JX856828	124943
JX856829	124943
JX856830	204517
JX856831	180222
JX856832	180222
JX856833	180222
JX856834	1288007
JX856835	3806
JX856836	3806
JX856837	3806
JX856838	3806
JX856839	3806
JX856840	1295409
JX856841	1288008
JX856842	167791
JX856843	167791
JX856844	259381
JX856845	283087
JX856846	56060
JX856847	56060
JX856848	1905006
JX856849	1905006
JX856850	321550
JX856851	321550
JX856852	191896
JX856853	191896
JX856857	155884
JX856858	155884
JX856859	73732
JX856860	429256
JX856861	53852
JX856862	53852
JX856863	508996
JX856864	508996
JX856865	1295406
JX856866	1295406
JX856867	1295406
JX856868	3523
JX856869	1225666
JX856870	1225666
JX856871	1288010
JX856872	1288010
JX856873	1288010
JX856874	107308
JX856876	413755
JX856877	1295407
JX856878	163081
JX856879	1288013
JX856880	1076878
JX856881	1076878
JX856882	1234622
JX856883	1234622
JX856884	1234622
JX856885	183855
JX856886	309271
JX856887	100569
JX856888	100569
JX856889	463873
JX856890	463873
JX856891	76967
JX856892	76967
JX856893	183298
JX856894	69381
JX856895	63066
JX856896	63066
JX856897	63066
JX856898	63066
JX856899	63066
JX856900	1288017
JX856901	185774
JX856902	122810
JX856903	3866
JX856904	29780
JX856905	29780
JX856906	155640
JX856907	155640
JX856908	155640
JX856909	1288021
JX856910	1288021
JX856911	1288021
JX856912	1288021
JX856913	3735
JX856914	159030
JX856915	404691
JX856916	62097
JX856917	62097
JX856918	62097
JX856919	165205
JX856920	165205
JX856921	58043
JX856922	235806
JX856923	235806
JX856924	235806
JX856925	235806
JX856926	235806
JX856927	235806
JX856928	235806
JX856929	235806
JX856930	105757
JX856931	105757
JX856932	105757
JX856933	56065
JX856934	56065
JX856935	300553
JX856936	300553
JX856937	28504
JX856938	35974
JX856939	35974
JX856940	162894
JX856941	162894
JX856942	666687
JX856943	666687
JX856944	195802
JX856945	195802
JX856946	28545
JX856947	28545
JX856948	28545
JX856949	85835
JX856950	85835
JX856951	85835
JX856952	43891
JX856953	43891
JX856954	43891
JX856955	459165
JX856956	260142
JX856957	260142
JX856961	429701
JX856962	429709
JX856963	429709
JX856964	58860
JX856965	41396
JX856966	41396
JX856967	172200
JX856968	155021
JX856969	172200
JX856970	99441
JX856971	99441
JX856972	361442
JX856973	361442
JX856974	548852
JX856975	429302
JX856976	429302
JX856977	653463
JX856978	653463
JX856979	157914
JX856980	157914
JX856981	498071
JX865481	1168071
JX865482	1168071
JX865483	1168071
JX865484	1168071
JX865485	1168071
JX865486	1168071
JX865487	1168071
JX865488	1168071
JX865489	1168071
JX865490	1168071
JX865491	152892
JX865492	152892
JX865493	152892
JX865494	152892
JX865495	163058
JX865496	163058
JX865497	1266843
JX865498	1266843
JX865499	1266843
JX865500	1266843
JX865501	1266843
JX865502	1266843
JX966251	50765
JX966252	50765
JX966253	50765
JX966254	50765
JX966255	50765
JX966256	50765
JX966257	50765
JX966258	50765
JX966259	50765
JX966260	50765
JX966261	50765
JX966262	50765
JX966263	50765
JX966264	50765
JX966265	50765
JX966266	50765
JX966267	50765
JX966268	308434
JX966269	308434
JX966270	308434
JX966271	308434
JX966272	308434
JX966273	308434
JX966274	308434
JX966275	308434
JX966276	308434
JX966277	308434
JX966278	308434
JX966279	308434
JX966280	308434
JX966281	308434
JX966282	308434
JX966283	308434
JX966284	308434
JX966285	308434
JX966286	308434
JX966287	308434
JX966288	308434
JX966289	308434
JX966290	308434
JX966291	308434
JX966292	308434
JX966293	308434
JX966294	308434
JX966295	308434
JX966296	308434
JX966297	308434
JX966298	308434
JX966299	308434
JX966300	308434
JX966301	225203
JX966302	50765
JX966303	50765
JX966304	286050
JX966305	342060
JX975646	228395
JX975647	228395
JX996141	4054
JX996142	44588
JX996143	44586
JX996144	44586
JX996145	44586
KC004028	4072
KC013664	1246514
KC013665	519290
KC013666	1348681
KC013667	379259
KC013668	1348682
KC013669	1348683
KC013670	380126
KC013671	1348686
KC013672	1348687
KC013673	1348688
KC013674	1348689
KC013675	284231
KC013676	519297
KC013677	1348690
KC013678	1241228
KC013679	379278
KC013680	519298
KC013681	378892
KC013682	379289
KC013683	1348692
KC013684	1348693
KC013685	1348694
KC013686	1348695
KC013687	1348696
KC013688	1348697
KC013689	1348698
KC013690	1348700
KC013691	1348701
KC013692	1348699
KC013693	519299
KC013694	1348704
KC013695	378896
KC013696	519302
KC013697	1348703
KC013698	1348706
KC013699	1348708
KC013700	1348710
KC013701	1348712
KC013702	1348713
KC013703	1348716
KC013704	1348718
KC013705	1348719
KC013706	1348677
KC013707	1348679
KC013708	1348680
KC013709	368927
KC131549	354523
KC131550	354523
KC131551	354523
KC131552	354523
KC131553	354523
KC131554	354523
KC131555	354523
KC131556	354523
KC131557	354523
KC131558	354523
KC131559	354523
KC131560	354523
KC131561	354523
KC131562	354523
KC131563	354523
KC131564	354523
KC131565	354523
KC131566	354523
KC201237	16906
KC201238	16906
KC201239	16906
KC201240	16906
KC201241	16906
KC201242	16906
KC201243	16906
KC201244	16906
KC201245	16906
KC201246	16906
KC201247	16906
KC201248	16906
KC201249	16906
KC201250	16906
KC201251	16906
KC201252	16906
KC201253	16906
KC201254	16906
KC201255	16906
KC201256	16906
KC201257	16906
KC201258	16906
KC201259	16906
KC201260	16906
KC201261	16906
KC201262	16906
KC201263	16906
KC201264	16906
KC201265	16906
KC201266	16906
KC201267	16906
KC201268	16906
KC201269	16906
KC201270	16906
KC201271	16906
KC201272	16906
KC201273	16906
KC333389	483869
KC333390	70945
KC333391	47085
KC333392	70973
KC420557	1281728
KC441048	3956
KC463817	627609
KC463818	627609
KC463819	627609
KC463820	627609
KC463821	627609
KC463822	627609
KC463823	627609
KC463824	627609
KC463825	99300
KC463826	99300
KC463827	99300
KC463828	99300
KC463829	99300
KC463830	99300
KC478374	4606
KC491735	357473
KC491736	1353837
KC491737	1353837
KC491738	1353837
KC491739	1353837
KC491740	1353838
KC491741	1353838
KC491742	1353838
KC491743	1353838
KC491744	1353838
KC491745	1353838
KC491746	1353838
KC491747	1353838
KC491748	74823
KC491749	74823
KC491750	74823
KC491751	1353839
KC491752	1353839
KC507950	179187
KC507951	179184
KC507952	1115355
KC507953	1425632
KC508045	171010
KC508050	1115361
KC508051	171010
KC508056	1115368
KC508057	171013
KC508058	1425631
KC508059	1425631
KC508060	1115371
KC508061	1425632
KC508062	54799
KC508064	1115369
KC508065	54799
KC508068	179184
KC508069	179184
KC508072	544786
KC508074	1115368
KC508075	54799
KC508076	1115355
KC508077	179187
KC508078	933403
KC508080	933396
KC508091	210888
KC508092	210888
KC508093	210888
KC508094	210888
KC508095	210888
KC508096	210888
KC573815	326968
KC573816	326968
KC573817	326968
KC573818	41486
KC573819	41486
KC573823	386280
KC573824	386280
KC573825	377125
KC573826	377125
KC573827	377125
KC573834	4432
KC573835	4432
KC573836	4432
KC573837	4432
KC573838	29656
KC573839	29656
KC573840	3498
KC573841	3498
KC573842	3498
KC573843	3498
KC573844	3498
KC573845	3498
KC573846	3498
KC573847	3498
KC573848	3498
KC573849	183220
KC573850	183220
KC573851	183220
KC573852	183220
KC573853	346985
KC573854	346985
KC573855	4414
KC573856	4414
KC573857	4414
KC573858	4414
KC573859	4414
KC573860	4414
KC573861	4414
KC573862	4414
KC573863	4414
KC573864	4414
KC573865	4414
KC573866	4414
KC573867	4414
KC573868	4414
KC573869	4414
KC573870	4414
KC573871	262913
KC573872	262913
KC573873	262913
KC573874	15000
KC573875	15000
KC573876	15000
KC582865	94328
KC590046	324598
KC662172	1335624
KC676161	1389440
KC676162	1389440
KC676163	1389440
KC676164	1389440
KC676165	1389440
KC676166	1389440
KC676167	1389440
KC676168	1389440
KC676169	1389440
KC676170	82093
KC676171	82093
KC676172	82093
KC676173	82093
KC676174	82093
KC676175	1389438
KC676176	1389438
KC676177	1389444
KC709416	257780
KC709441	1137012
KC731587	48874
KC731588	48874
KC731589	48874
KC731590	48874
KC832452	112863
KC832453	112863
KC832454	112863
KC832455	112863
KC832456	112863
KC832457	112863
KC832458	112863
KC832459	112883
KC832460	112883
KC832461	112883
KC832462	112879
KC832463	112879
KC861766	1286291
KC861767	510711
KC861768	1286292
KC861769	1286292
KC861773	416280
KC861774	416280
KC861775	416280
KC861776	416280
KC861777	416280
KC861778	416280
KC861781	510715
KC861783	216036
KC861788	216036
KC861791	510719
KC861792	510720
KC861793	510720
KC861794	510720
KC861795	510722
KC861796	510722
KC861798	1286297
KC861799	1286297
KC861809	1297629
KC861811	510726
KC861812	510726
KC861813	510726
KC861815	510726
KC861816	416284
KC861817	416285
KC861818	1286298
KC861824	416287
KC861826	510728
KC861827	510728
KC861828	510728
KC861829	1286299
KC861830	1286299
KC861831	416288
KC861832	416288
KC861833	416288
KC861835	140997
KC861836	140997
KC861837	140997
KC861838	140997
KC861839	140997
KC861840	140997
KC861843	1286304
KC861844	1286304
KC861846	1286305
KC861847	1286305
KC861849	298649
KC861850	416290
KC861851	416291
KC861852	416291
KC861853	416291
KC861856	356591
KC861857	1286300
KC861858	510735
KC861861	416294
KC861862	416294
KC861863	416294
KC861864	416294
KC861865	416294
KC861866	416294
KC861867	416294
KC861868	193313
KC861869	193313
KC861870	193313
KC861871	193313
KC861872	193313
KC861873	193313
KC861874	193313
KC861875	193313
KC861876	1297754
KC861877	1297626
KC861878	1297755
KC861881	416298
KC861882	416298
KC861888	416299
KC861889	416299
KC861891	416299
KC861895	416299
KC861897	416299
KC861902	416300
KC861903	416300
KC861904	1297628
KC861907	416302
KC861908	416302
KC861909	416302
KC861912	1297627
KC861914	416303
KC878567	100531
KC898552	384659
KC898553	384659
KC898554	384659
KC898555	384659
KC898556	384659
KC898557	384659
KC898558	384659
KC898559	384659
KC898560	384659
KC898561	384659
KC898562	384659
KC898563	384659
KC898564	384659
KC898565	384659
KC898566	384659
KC898567	384659
KC898568	384659
KC898569	384659
KC898570	384659
KC898571	384659
KC898572	384659
KC898573	384659
KC898624	328401
KC898625	328401
KC898626	328401
KC898627	328401
KC898628	328401
KC898629	328401
KC898630	328401
KC898631	328401
KC898632	328401
KC898633	328401
KC898634	328401
KC898635	328401
KC898636	384660
KC898637	384660
KC898638	384660
KC898639	384660
KC898640	384660
KC898641	384660
KC898642	384660
KC898643	384660
KC898644	384660
KC898645	384660
KC898646	384660
KC898647	384660
KC898648	384660
KC898649	384660
KC898650	384660
KC899570	225784
KC899582	225796
KF010584	94286
KF010585	94286
KF010586	48119
KF010587	48119
KF010588	48119
KF010589	3355
KF010590	3355
KF015996	122310
KF022721	1366965
KF032509	99300
KF032510	99300
KF032511	99300
KF032512	99300
KF032513	99300
KF032514	99300
KF032515	99300
KF032516	99300
KF032517	99300
KF032518	99300
KF032519	99300
KF055234	318062
KF055237	35625
KF112829	330892
KF112830	330892
KF112831	330892
KF112832	330892
KF112833	330892
KF112834	330892
KF112844	94286
KF145083	451728
KF155358	1391459
KF199891	1401048
KF199894	1401049
KF201878	1403170
KF240650	354527
KF240651	1336656
KF240652	1056462
KF240653	1500039
KF240654	354527
KF240655	1500040
KF240656	1500040
KF240657	1500038
KF240658	1056474
KF240659	1056474
KF240660	1056473
KF240661	1336656
KF240663	354528
KF240664	354528
KF240665	354528
KF240667	354528
KF240668	354528
KF240669	354528
KF240670	354528
KF240671	354528
KF240672	354528
KF240673	1500041
KF240674	1500041
KF240675	354528
KF240676	354528
KF240677	1056468
KF240678	354528
KF240679	354528
KF240680	67938
KF240681	354528
KF240682	354528
KF288011	203756
KF436425	235074
KF454201	3311
KF544707	49942
KF686289	1524314
KF694808	94328
KF728827	1445481
KF728828	37499
KF728829	37499
KF728830	37499
KF728831	37499
KF728832	37499
KF728833	37499
KF728834	37499
KF728835	41896
KF728836	1445482
KF728837	1445483
KF728838	1445484
KF728839	1445485
KF728840	1445486
KF728841	1445487
KF728842	54817
KF728843	54817
KF728844	39555
KF728845	1445488
KF728846	1445488
KF771881	1450141
KF772796	1484106
KF772797	1484106
KF772798	1484106
KF772799	387928
KF772800	387928
KF772801	387928
KF772802	387928
KF772803	387928
KF772804	387928
KF772805	387928
KF772806	387928
KF772807	387928
KF772808	387928
KF772809	387928
KF772810	387928
KF772811	416981
KF772812	416981
KF772813	1529106
KF772814	1529106
KF772815	1529106
KF772816	1529107
KF772817	1529107
KF772818	1529107
KF772819	1529107
KF772820	1529107
KF772821	1529107
KF772822	1529107
KF772823	1529107
KF772824	1529107
KF772825	1529108
KF772826	1529108
KF772827	1529108
KF772828	1529108
KF772829	416983
KF772830	416983
KF772831	416983
KF805114	1423387
KF815524	291474
KF835867	1399660
KF835874	644048
KF850602	264972
KF850616	217627
KF881195	714514
KF881196	714514
KF881197	714514
KF881198	714514
KF881199	714514
KF881200	714514
KF881201	714514
KF881202	1442760
KF881203	1442760
KF881204	1442760
KF881205	1442760
KF881206	1442760
KF881207	1442760
KF881208	1442760
KF881209	714513
KF881210	714513
KF881211	714513
KF881212	714513
KF881213	714513
KF881214	714513
KF881215	714513
KF881216	714513
KF881217	714513
KF881218	1442761
KF881219	1442761
KF881220	1442761
KF881221	1442761
KF881222	43575
KF881223	43575
KF881224	1341723
KF881225	1341723
KF881226	1341723
KF881227	1341723
KF881228	1341723
KF881229	1341723
KF881230	1341723
KF881231	655181
KF881232	655181
KF881233	655181
KF881234	655181
KF881235	714512
KF881236	1442762
KF881237	1442762
KF881238	1442762
KF881239	1442762
KF881240	1442762
KF881241	1442762
KF881242	1442762
KF881243	1460001
KF881244	1460001
KF881245	1460001
KF881246	1460001
KF881247	1460001
KF881248	1460001
KF894428	1225086
KF913352	199225
KF913353	199225
KF913354	199225
KF913355	199225
KF913356	199225
KF913357	199225
KF913358	199225
KF913359	199225
KF913360	199225
KF913361	199225
KF913362	199225
KF913363	199225
KF913364	199225
KF913365	199225
KF913366	199225
KF913367	199225
KF913368	199225
KF913369	199225
KF913370	199225
KF913371	199225
KF913372	199225
KF913373	199225
KF913374	199225
KF913375	199225
KF913376	199225
KF913377	199225
KF913378	199225
KF913379	199225
KF913380	199225
KF913381	199225
KF913382	199225
KF913383	199225
KF913384	199225
KF913385	199225
KF913386	228801
KF913387	199225
KF913388	199225
KF913389	199225
KF913390	199225
KF913391	199225
KF913392	199225
KF913393	199225
KF913394	199225
KF913395	199225
KF913396	199225
KF913397	199225
KF913398	199225
KF913399	199225
KF913400	199225
KF913401	199225
KF913402	199225
KF913403	199225
KF913404	199225
KF913405	199225
KF913406	199225
KF913407	199225
KF913408	199225
KF913409	199225
KF913410	199225
KF913411	199225
KF913412	199225
KF913413	199225
KF913414	199225
KF913415	199225
KF913416	199225
KF913417	199225
KF913418	199225
KF913419	199225
KF913420	199225
KF913421	228801
KF918816	1241166
KF918817	1241166
KF918818	428162
KF918819	428162
KF918820	428162
KF918821	649663
KF918822	1241035
KF918823	1241035
KF918824	1241035
KF918825	1241035
KF918826	1241035
KF918827	361402
KF918828	1475209
KF918829	1475209
KF918830	1475209
KF918831	1475209
KF918832	1475209
KF918833	1475209
KF918834	239422
KF918835	239422
KF918836	1241126
KF918837	1241126
KF918838	1241126
KF918839	1241126
KF918840	1241126
KF918841	1241126
KF918842	1241126
KF918843	1241126
KF918844	1241126
KF918845	1241126
KF918846	239422
KF918847	361399
KF918848	361399
KF918849	1241166
KF918850	1241166
KF918851	1241166
KF921460	429560
KF986235	1009589
KF986236	994668
KF986240	1471559
KJ000533	266091
KJ000534	266091
KJ001742	483811
KJ001743	483811
KJ001744	483811
KJ001745	2516533
KJ001746	2516533
KJ001747	2516533
KJ001748	60230
KJ001749	60230
KJ001750	318062
KJ001751	318062
KJ001752	1475014
KJ001753	1475014
KJ001754	1475014
KJ001755	1475012
KJ001756	1475012
KJ001757	43536
KJ125490	411227
KJ125491	411227
KJ125492	411227
KJ125493	411227
KJ125494	411227
KJ125495	411227
KJ125496	411227
KJ125497	411227
KJ125498	411227
KJ125499	411227
KJ125500	411227
KJ125501	411227
KJ125502	411227
KJ125503	39414
KJ125504	39414
KJ125505	39414
KJ125506	39414
KJ135381	1447709
KJ158058	354485
KJ405400	459596
KJ405401	459596
KJ405402	459596
KJ405403	141752
KJ405404	141752
KJ405405	141752
KJ405406	141752
KJ405407	119176
KJ405408	119176
KJ405409	119176
KJ405410	78707
KJ405411	78707
KJ405412	78707
KJ405413	78707
KJ405414	78707
KJ405415	78707
KJ405416	78707
KJ405417	78707
KJ405418	78707
KJ405419	78707
KJ405420	453958
KJ405421	453958
KJ405422	453958
KJ405423	453958
KJ405424	453958
KJ405425	453958
KJ405426	453958
KJ405427	453958
KJ405428	453958
KJ405429	453958
KJ405430	453958
KJ405431	453958
KJ405432	453958
KJ405433	453958
KJ405434	453958
KJ405435	194513
KJ405436	194513
KJ405437	1586302
KJ405438	1586302
KJ405439	1586302
KJ405440	1586302
KJ405441	1586302
KJ405442	1586302
KJ405443	58944
KJ405444	58944
KJ405445	58944
KJ405446	59045
KJ405447	59045
KJ405448	59045
KJ418120	153358
KJ419280	49817
KJ419281	49817
KJ419282	62097
KJ419283	62097
KJ419284	62097
KJ419285	62097
KJ419286	62097
KJ419287	62097
KJ419288	62097
KJ419289	62097
KJ419290	62097
KJ419291	62097
KJ419292	62097
KJ419293	62097
KJ419294	62097
KJ419295	62097
KJ419296	62097
KJ419297	62097
KJ419298	62097
KJ419299	62097
KJ419300	62097
KJ419301	62097
KJ419302	140035
KJ419303	45325
KJ419304	45325
KJ419305	45325
KJ419306	45325
KJ419307	45325
KJ419308	45325
KJ419309	45325
KJ419310	45325
KJ419311	45325
KJ419312	45325
KJ419313	108594
KJ419314	108594
KJ419315	108594
KJ419316	108594
KJ419317	108594
KJ419318	108594
KJ419319	108594
KJ419320	108594
KJ419321	83937
KJ419322	83937
KJ419323	83937
KJ419324	83937
KJ419325	83937
KJ419326	83937
KJ419327	83937
KJ437599	74859
KJ437600	74859
KJ437601	74859
KJ437602	576365
KJ437603	576365
KJ437604	576365
KJ437605	576365
KJ437606	576365
KJ437607	576365
KJ437608	576365
KJ437609	576365
KJ437610	576365
KJ437611	576365
KJ437612	576365
KJ437613	576365
KJ437614	576365
KJ437615	576365
KJ437616	576365
KJ437617	576365
KJ437618	576365
KJ437619	576365
KJ437620	576365
KJ437621	576365
KJ437622	576365
KJ437623	576365
KJ462474	1571644
KJ467161	252558
KJ474642	88731
KJ474643	88731
KJ474644	88731
KJ474645	88730
KJ474646	88730
KJ474647	88730
KJ474648	88730
KJ474649	88730
KJ474650	88730
KJ474651	88730
KJ474652	88730
KJ474656	4530
KJ474657	4530
KJ474658	4530
KJ474659	4530
KJ474660	4530
KJ474661	4530
KJ474662	13824
KJ474663	13824
KJ474664	13824
KJ474665	13824
KJ474666	13824
KJ474667	13824
KJ474668	13824
KJ474669	4577
KJ474670	4577
KJ474671	4577
KJ474672	4577
KJ474673	4577
KJ474674	4577
KJ474675	4577
KJ474676	4577
KJ474677	4577
KJ474678	4577
KJ474679	644748
KJ474680	133196
KJ474681	59011
KJ474682	59011
KJ474683	59011
KJ474684	189386
KJ474685	189386
KJ474686	189386
KJ474687	189386
KJ474688	189386
KJ474689	189386
KJ474690	189386
KJ474691	189386
KJ474692	189386
KJ475133	1513203
KJ475134	1513203
KJ475135	1513203
KJ482553	1499949
KJ482554	1499950
KJ482555	1499951
KJ482556	154765
KJ482557	154765
KJ482558	595544
KJ482559	154765
KJ482687	284363
KJ487975	64034
KJ487976	64034
KJ487977	64034
KJ487978	64034
KJ487979	64034
KJ487980	64034
KJ487981	64034
KJ487982	64034
KJ487983	64034
KJ487984	64034
KJ487985	64034
KJ487986	64042
KJ487987	64042
KJ487988	64042
KJ487989	64042
KJ487990	64042
KJ487991	64042
KJ487992	64042
KJ487993	64042
KJ487994	64042
KJ487995	133205
KJ487996	64022
KJ487997	268493
KJ487998	268493
KJ487999	268493
KJ488000	99285
KJ488001	99285
KJ488002	99285
KJ488003	99285
KJ488004	99285
KJ488005	64032
KJ488006	64032
KJ488007	64032
KJ488008	64032
KJ488009	64032
KJ488010	64032
KJ488011	64032
KJ488012	64032
KJ488013	64032
KJ488014	64035
KJ488015	64035
KJ488016	64035
KJ488017	64035
KJ488018	64035
KJ488019	64029
KJ488020	64029
KJ488021	64029
KJ488022	64029
KJ488023	64029
KJ488024	64029
KJ488025	64029
KJ488026	64029
KJ488027	64029
KJ488028	64029
KJ488029	64029
KJ488030	64029
KJ488031	64029
KJ488032	64029
KJ488033	64029
KJ488034	64029
KJ488035	64029
KJ488036	64029
KJ488037	64029
KJ488038	64029
KJ488039	64029
KJ488040	64029
KJ488041	64029
KJ488042	64029
KJ488043	64029
KJ488044	64029
KJ488045	64029
KJ488046	64029
KJ488047	64029
KJ488048	64029
KJ488049	64029
KJ488050	64029
KJ488051	64029
KJ488052	64029
KJ488053	64029
KJ491020	45171
KJ491021	45171
KJ491022	45171
KJ491023	45171
KJ491024	45171
KJ491025	45171
KJ491026	45171
KJ491027	45171
KJ491028	45171
KJ491029	45171
KJ491030	45171
KJ491031	45171
KJ491032	45171
KJ491033	45171
KJ491034	45171
KJ491035	45171
KJ491036	45171
KJ491037	45171
KJ491038	45171
KJ491039	40722
KJ491040	40722
KJ491041	40722
KJ491042	40722
KJ491043	40722
KJ491044	35924
KJ491045	35924
KJ491046	35924
KJ491047	35924
KJ491048	35924
KJ491049	35924
KJ491050	35924
KJ491051	35924
KJ491052	35924
KJ491053	35924
KJ491054	35924
KJ491055	35924
KJ491056	35924
KJ491057	35924
KJ491058	35924
KJ491059	714465
KJ491060	714465
KJ491061	714465
KJ491062	714465
KJ491063	714465
KJ491064	714465
KJ491065	714465
KJ491066	13345
KJ491067	13345
KJ491068	13345
KJ491069	13345
KJ491070	13345
KJ496386	1979456
KJ496387	318068
KJ496388	1587551
KJ496389	318068
KJ496390	318068
KJ504267	137221
KJ504268	137221
KJ504269	137221
KJ508400	267555
KJ508401	267555
KJ508402	267555
KJ508403	46112
KJ508404	46112
KJ508405	46112
KJ508406	267557
KJ508407	267557
KJ510656	183089
KJ510657	1226251
KJ510658	217839
KJ527599	3813
KJ527600	3813
KJ527601	3813
KJ527602	3813
KJ527603	199156
KJ527604	199156
KJ535188	141996
KJ540119	69405
KJ540120	69405
KJ540121	69405
KJ540122	69405
KJ540123	69405
KJ540124	69405
KJ540125	69405
KJ540126	69405
KJ540127	265785
KJ540128	265785
KJ540129	265785
KJ540130	265785
KJ540131	265785
KJ540132	265785
KJ540133	265785
KJ540134	265785
KJ540135	265785
KJ540136	265785
KJ540137	265785
KJ540138	265785
KJ540139	265785
KJ540140	265785
KJ540141	265785
KJ540142	324593
KJ540143	324593
KJ540144	324593
KJ540145	324593
KJ540146	324593
KJ540147	55635
KJ540148	55635
KJ540149	55635
KJ540150	1604314
KJ540151	1604314
KJ540152	1604314
KJ540153	1604314
KJ540154	1604314
KJ540155	1604314
KJ540156	1604314
KJ540157	41486
KJ540158	41486
KJ540159	41486
KJ540160	41486
KJ540161	2547412
KJ540162	2547412
KJ540163	2547412
KJ547791	197796
KJ547792	197796
KJ547793	197796
KJ547794	197796
KJ547795	197796
KJ547796	197796
KJ547797	197796
KJ547798	197796
KJ547799	197796
KJ547800	197796
KJ547801	197796
KJ547802	197796
KJ547803	197796
KJ547804	197796
KJ547805	197796
KJ547806	197796
KJ547807	197796
KJ547808	197796
KJ547809	197796
KJ547810	197796
KJ547811	197796
KJ547812	197796
KJ547813	197796
KJ547814	197796
KJ547815	197796
KJ547816	197796
KJ547817	197796
KJ547818	197796
KJ547819	197796
KJ547820	197796
KJ547821	197796
KJ547822	197796
KJ547823	197796
KJ547824	197796
KJ547825	197796
KJ547826	197796
KJ547827	411227
KJ547828	411227
KJ547829	411227
KJ547830	411227
KJ547831	411227
KJ547832	411227
KJ547833	411227
KJ547834	411227
KJ547835	411227
KJ547836	411227
KJ547837	411227
KJ547838	411227
KJ547839	29818
KJ547840	29818
KJ547841	29818
KJ547842	29818
KJ547843	39414
KJ547844	39414
KJ547845	39414
KJ547846	39414
KJ564290	35924
KJ564291	35924
KJ571528	39529
KJ571529	39529
KJ571530	39529
KJ571531	39529
KJ571532	39529
KJ571533	39529
KJ571534	100521
KJ571535	100521
KJ571536	100521
KJ571537	100521
KJ571538	100521
KJ571539	100521
KJ571540	100521
KJ571541	100521
KJ571542	100521
KJ571543	100521
KJ571544	100521
KJ571545	100521
KJ571546	100521
KJ571547	100521
KJ571548	100506
KJ571549	100506
KJ571550	100506
KJ571551	100506
KJ571552	100506
KJ571553	100506
KJ571554	100506
KJ571555	100506
KJ571556	100506
KJ571557	100506
KJ571558	100506
KJ571559	100506
KJ571560	100506
KJ571561	100506
KJ571562	100506
KJ571563	100506
KJ571564	100506
KJ571565	100506
KJ571566	100506
KJ571567	100506
KJ571568	100506
KJ571569	100506
KJ571570	100506
KJ571571	100506
KJ571572	100506
KJ571573	100506
KJ571574	100506
KJ571575	100506
KJ571576	100506
KJ571577	100506
KJ571578	100506
KJ571579	100506
KJ571580	100506
KJ571581	100506
KJ571582	100506
KJ571583	100506
KJ571584	100506
KJ571585	100506
KJ571586	100506
KJ571587	100506
KJ571588	100506
KJ571589	100506
KJ571590	100506
KJ571591	100506
KJ571592	100506
KJ571593	100506
KJ571594	100506
KJ571595	100506
KJ571596	100506
KJ571597	100506
KJ571598	100506
KJ571599	100506
KJ571600	100506
KJ571601	100506
KJ571602	100506
KJ571603	100506
KJ580484	1589903
KJ580485	1589900
KJ596400	39529
KJ596401	39529
KJ596402	39529
KJ596403	39529
KJ596404	39529
KJ596405	39529
KJ596406	39529
KJ596407	39529
KJ596408	39529
KJ596409	39529
KJ596410	39529
KJ596411	39529
KJ596412	39529
KJ596413	39529
KJ598072	1589901
KJ605906	1524680
KJ619510	55190
KJ619511	292393
KJ619512	683755
KJ627853	4060
KJ638428	162906
KJ675686	1605860
KJ675687	1008907
KJ675688	1605875
KJ680226	312531
KJ680227	312531
KJ680228	312531
KJ680229	312531
KJ680230	312531
KJ680231	312531
KJ680232	312531
KJ680233	312531
KJ680234	312531
KJ680235	312531
KJ680236	52491
KJ680237	52491
KJ680238	52491
KJ680239	52491
KJ680240	52491
KJ680241	52491
KJ697765	203717
KJ697766	203717
KJ697767	203717
KJ716415	48104
KJ716416	48104
KJ716417	48104
KJ716418	52451
KJ716419	52451
KJ716420	52451
KJ716421	52451
KJ716422	52451
KJ716423	52451
KJ716424	52451
KJ716425	52451
KJ716426	52451
KJ716427	3845
KJ716428	85181
KJ716429	85854
KJ721525	324593
KJ721526	324593
KJ721527	324593
KJ721528	324593
KJ721529	324593
KJ721530	324593
KJ721531	324593
KJ721532	324593
KJ721533	324593
KJ721534	324593
KJ721535	324593
KJ721536	324593
KJ721537	324593
KJ721538	324593
KJ721539	324593
KJ721540	324593
KJ721541	324593
KJ721542	324593
KJ721543	324593
KJ721544	324593
KJ721545	324593
KJ721546	483692
KJ721547	483692
KJ721548	483692
KJ721549	483692
KJ721550	483692
KJ721551	483692
KJ721552	483692
KJ721553	483692
KJ721554	483692
KJ721555	483692
KJ721556	483692
KJ721557	483692
KJ721558	483692
KJ721559	483692
KJ721560	483692
KJ721561	483692
KJ721562	483692
KJ721563	454324
KJ721564	454324
KJ721565	454324
KJ721566	454324
KJ721567	454324
KJ721568	454324
KJ721569	454324
KJ721570	55635
KJ721571	55635
KJ721572	55635
KJ721573	55635
KJ721574	55635
KJ721575	55635
KJ721576	55635
KJ721577	55635
KJ721578	55635
KJ721579	55635
KJ721580	55635
KJ721581	55635
KJ739350	158541
KJ739351	158541
KJ739352	158541
KJ739353	158541
KJ739354	158541
KJ739355	158541
KJ739356	158541
KJ739357	158541
KJ748403	210372
KJ748404	210372
KJ748405	210372
KJ748406	210372
KJ748407	210372
KJ748408	210372
KJ748409	210372
KJ748680	1523239
KJ754380	182084
KJ765825	161756
KJ765826	161756
KJ765827	161756
KJ765828	161756
KJ765829	161756
KJ765830	161756
KJ765831	161756
KJ765832	161756
KJ765833	398449
KJ765834	1619609
KJ766113	158558
KJ766114	158558
KJ766115	158558
KJ766116	714503
KJ766117	714503
KJ766118	714503
KJ766119	158558
KJ766120	158558
KJ766121	158558
KJ766122	714503
KJ766123	714503
KJ766124	714503
KJ766125	425106
KJ766126	425106
KJ796853	112883
KJ796854	202995
KJ796855	242839
KJ796856	242839
KJ796857	203003
KJ796858	203003
KJ796859	1439918
KJ796860	1439918
KJ796861	203008
KJ796862	1439920
KJ796863	487764
KJ796864	487764
KJ796865	203015
KJ796866	203000
KJ796867	203016
KJ817423	193518
KJ817424	193518
KJ817425	193518
KJ826037	64989
KJ826041	72357
KJ826044	64991
KJ826048	64993
KJ826050	64994
KJ826051	344868
KJ826052	64995
KJ826055	1505747
KJ826059	344869
KJ826061	1505751
KJ826063	64997
KJ826069	65000
KJ826074	41546
KJ826076	65003
KJ826078	1505755
KJ826080	1505758
KJ826081	64989
KJ826082	64989
KJ826083	64989
KJ826084	64989
KJ826085	41545
KJ826086	72357
KJ826087	72357
KJ826088	72357
KJ826089	64991
KJ826090	1505744
KJ826091	1505745
KJ826092	1505746
KJ826093	64993
KJ826094	64994
KJ826095	64994
KJ826096	344868
KJ826097	64995
KJ826098	64995
KJ826099	1505747
KJ826100	1505747
KJ826101	1505759
KJ826102	1505750
KJ826103	1505749
KJ826104	344869
KJ826105	1505751
KJ826106	1505751
KJ826107	64997
KJ826108	64997
KJ826109	64999
KJ826110	1505760
KJ826111	1505753
KJ826112	1505754
KJ826113	65000
KJ826114	65000
KJ826115	1505743
KJ826116	1284455
KJ826117	65001
KJ826118	41546
KJ826119	41546
KJ826120	41546
KJ826121	65003
KJ826122	1505755
KJ826123	1505755
KJ826124	362643
KJ843986	193528
KJ843987	193528
KJ843988	193528
KJ843989	193515
KJ843990	193515
KJ843991	193515
KJ843992	193515
KJ843993	193515
KJ843994	193515
KJ843995	193515
KJ843996	193515
KJ843997	193531
KJ843998	193531
KJ843999	193531
KJ844000	193531
KJ844001	193531
KJ844002	193531
KJ844003	193531
KJ844004	193531
KJ844005	193531
KJ844006	193531
KJ844007	193531
KJ844008	193531
KJ844009	193531
KJ844010	193531
KJ844011	193531
KJ844012	193531
KJ844013	193531
KJ844014	193531
KJ844015	193522
KJ844016	193522
KJ844017	193522
KJ844018	193520
KJ844019	193520
KJ844020	193520
KJ844021	48234
KJ844022	48234
KJ844023	48234
KJ844024	193526
KJ844025	193526
KJ844026	193526
KJ844027	193525
KJ844028	193525
KJ844029	193525
KJ844030	193519
KJ844031	193519
KJ844032	193519
KJ844033	193519
KJ844034	193519
KJ844035	193519
KJ844036	193519
KJ844037	193519
KJ844038	193530
KJ844039	193530
KJ844040	193530
KJ844041	193530
KJ844042	193524
KJ844043	193524
KJ844044	193524
KJ844045	193524
KJ844046	193524
KJ855042	193519
KJ855043	193519
KJ855044	193519
KJ859223	125259
KJ859225	136218
KJ866941	180066
KJ866942	180066
KJ866943	1535420
KJ866944	398306
KJ872928	1540337
KJ880074	35708
KJ880075	35708
KJ880076	35708
KJ880077	35708
KJ880078	35708
KJ922053	1530320
KJ922054	1530320
KJ922055	1530320
KJ922107	251679
KJ939104	222567
KJ939105	222567
KJ939106	222567
KJ939107	222567
KJ939108	222567
KJ939109	222567
KJ939110	222567
KJ939111	222567
KJ939112	222567
KJ939113	222567
KJ939114	222567
KJ939115	222567
KJ939116	222567
KJ939117	222567
KJ939118	222567
KJ939119	222567
KJ939120	222567
KJ939121	222567
KJ939122	222567
KJ939123	222567
KJ939124	222567
KJ939125	222567
KJ939126	222567
KJ939127	222567
KJ939128	222567
KJ939129	222567
KJ939130	222567
KJ939131	222567
KJ939132	222567
KJ939133	222567
KJ939134	222567
KJ939135	222567
KJ939136	222567
KJ939137	222567
KJ939138	222567
KJ939139	222567
KJ939140	222567
KJ939141	222567
KJ939142	222567
KJ939143	222567
KJ939144	222564
KJ939145	222564
KJ939146	222564
KJ939147	222564
KJ939148	198914
KJ939149	198914
KJ939150	198914
KJ939169	46901
KJ939170	46901
KJ939171	46901
KJ939172	46901
KJ939173	46901
KJ939174	96455
KJ939175	96455
KJ939176	96455
KJ939177	96455
KJ939178	96455
KJ939180	96455
KJ939181	96455
KJ939182	54804
KJ939183	54804
KJ939184	54804
KJ939185	54804
KJ939186	54804
KJ939187	1603837
KJ939188	1603837
KJ939189	1603837
KJ939190	1603837
KJ939191	1603837
KJ939192	1603837
KJ939193	1603837
KJ939408	193518
KJ939409	193518
KJ999296	119829
KJ999297	119829
KJ999298	119829
KJ999299	119829
KJ999300	119829
KJ999301	119829
KJ999302	90167
KJ999303	90167
KJ999304	90167
KJ999305	90167
KJ999306	90167
KJ999307	90167
KJ999308	90167
KJ999309	96480
KJ999310	96480
KJ999311	3879
KJ999312	119829
KJ999313	119829
KJ999314	119829
KJ999315	119829
KJ999316	119829
KJ999317	119829
KJ999318	119829
KJ999319	119829
KJ999320	119829
KJ999321	119829
KJ999322	649199
KJ999323	649199
KJ999324	649199
KJ999325	649199
KJ999326	649199
KJ999327	649199
KJ999328	649199
KJ999329	649199
KJ999330	649199
KJ999331	649199
KJ999332	649199
KJ999333	649199
KJ999334	649199
KJ999335	119829
KJ999336	119829
KJ999337	119829
KJ999338	119829
KJ999339	119829
KJ999340	119829
KJ999341	119829
KJ999342	119829
KJ999343	119829
KJ999344	119829
KJ999483	165353
KJ999484	165353
KJ999485	165353
KJ999486	165353
KJ999487	165353
KJ999488	165353
KJ999489	165353
KJ999490	165353
KJ999491	165353
KJ999492	165353
KJ999493	165353
KJ999494	165353
KJ999495	165353
KJ999496	165353
KJ999497	165353
KJ999498	165353
KJ999499	165353
KJ999500	165353
KJ999501	165353
KJ999503	49553
KJ999504	49553
KJ999505	49553
KJ999506	49553
KJ999507	49553
KJ999508	49553
KJ999509	49553
KJ999510	49553
KJ999511	165353
KJ999512	165353
KJ999513	165353
KJ999514	165353
KJ999515	165353
KJ999516	165353
KJ999517	165353
KJ999518	165353
KJ999519	165353
KJ999520	165353
KJ999521	165353
KJ999522	165353
KJ999523	165353
KJ999524	165353
KJ999525	165353
KJ999526	165353
KJ999527	48042
KJ999528	48042
KJ999529	48042
KJ999530	48042
KJ999531	48042
KJ999532	239675
KJ999533	239675
KJ999534	239675
KJ999535	239675
KJ999536	239675
KJ999537	239675
KJ999538	239675
KJ999539	239675
KJ999540	642893
KJ999541	642893
KJ999542	642893
KJ999543	52491
KJ999544	52491
KM047400	193531
KM047401	193531
KM047402	193531
KM047403	193531
KM047404	193531
KM047405	193531
KM057008	43575
KM057009	43575
KM057010	714513
KM057011	714513
KM057012	714513
KM057013	714514
KM057014	714512
KM057015	714512
KM057016	714512
KM057017	1442761
KM057018	1442760
KM092101	158532
KM092102	158538
KM092103	266420
KM092104	266420
KM092105	266420
KM092106	266420
KM092107	266420
KM092108	266420
KM092109	266420
KM092110	266420
KM092111	266420
KM092112	266420
KM092113	266420
KM092114	266420
KM092115	266420
KM092116	266420
KM092117	143780
KM092118	143780
KM092119	143780
KM092120	425107
KM092121	425107
KM092122	158543
KM092123	1523937
KM092124	1523937
KM092125	1523938
KM092126	158546
KM092127	158546
KM092128	12948
KM092129	145283
KM092130	145283
KM092131	1472730
KM092132	1523939
KM092133	1523939
KM092134	1523939
KM092135	1523939
KM092136	1523939
KM092137	1523940
KM092138	1523940
KM092139	1523940
KM092140	431268
KM092141	431268
KM092142	431268
KM092143	431268
KM092144	158550
KM092145	158552
KM092146	158552
KM092147	158552
KM092148	158552
KM092149	158552
KM092150	158552
KM092151	158552
KM092152	158552
KM092153	158555
KM092154	158555
KM092155	158555
KM092156	158555
KM092157	158555
KM092158	158558
KM092159	158558
KM092160	158558
KM092161	158558
KM092162	158558
KM092163	158558
KM092164	158559
KM092165	1633899
KM092166	1633900
KM092167	158573
KM092168	158573
KM092169	158573
KM092170	158573
KM092171	158573
KM092172	158573
KM092173	1523941
KM092174	1523941
KM092175	1523941
KM092176	1523941
KM092177	1523942
KM092178	1523942
KM092179	1523942
KM092180	647424
KM092181	647424
KM092182	76085
KM092183	76084
KM092184	76084
KM092185	76081
KM092186	647427
KM092187	76091
KM092188	76091
KM092189	76091
KM092190	76091
KM092191	76091
KM092192	76091
KM092193	647429
KM092194	647429
KM092195	647429
KM092196	647429
KM092197	647429
KM092198	366665
KM092199	366665
KM092200	366665
KM092201	366665
KM092202	366665
KM092203	366665
KM092204	76082
KM092205	76082
KM092206	76082
KM092207	76082
KM092208	647431
KM092209	647431
KM092210	647431
KM092211	647431
KM092212	647431
KM092213	647433
KM092214	647434
KM092215	647434
KM092216	647434
KM092217	647436
KM092218	76087
KM092219	76087
KM092220	647439
KM092221	647439
KM092222	76098
KM092223	76098
KM092224	76098
KM092225	76098
KM092226	76098
KM092227	76098
KM092228	76098
KM092229	366666
KM092230	366666
KM092231	366666
KM092232	366666
KM092233	366666
KM092234	366666
KM092235	1633901
KM092236	1633902
KM092237	447319
KM092238	447319
KM092239	447319
KM092240	447319
KM092241	13258
KM092242	1523943
KM092243	1523943
KM092244	1523943
KM092245	1523943
KM092246	13331
KM092247	13331
KM092248	13331
KM092249	13331
KM092250	13331
KM092251	13331
KM092252	13331
KM092253	13331
KM092254	13331
KM092255	13331
KM092256	13331
KM092257	155132
KM092258	155132
KM092259	155132
KM092260	155132
KM092261	155132
KM092262	155132
KM092263	161260
KM092264	161260
KM092265	161260
KM092266	161260
KM092267	155132
KM092268	859523
KM092269	859523
KM092270	859523
KM092271	1634001
KM092272	1634001
KM092273	1634001
KM092274	1634001
KM092275	487159
KM092276	487159
KM092277	487159
KM092278	487159
KM092279	748693
KM092280	748693
KM092281	748693
KM092282	748693
KM092283	748699
KM092284	748699
KM092285	174171
KM092286	174171
KM092287	174171
KM092288	174171
KM092289	174171
KM092290	454322
KM092291	454322
KM092292	454322
KM092293	454322
KM092294	454322
KM092295	748705
KM092296	748703
KM092297	748703
KM092298	748703
KM092299	748703
KM092300	748703
KM092301	152359
KM092302	152359
KM092303	152359
KM092304	152359
KM092305	152358
KM092306	152358
KM092307	152358
KM092308	231665
KM092309	459596
KM092310	459596
KM092311	459596
KM092312	152357
KM092313	16915
KM092314	49683
KM092315	49683
KM092316	49683
KM092317	49683
KM092318	49683
KM092319	49683
KM092320	43711
KM092321	43711
KM092322	43711
KM092323	43711
KM092324	43711
KM092325	43711
KM092326	141752
KM092327	141752
KM092328	141752
KM092329	141752
KM092330	194513
KM092331	194513
KM092332	194513
KM092333	194513
KM092334	194513
KM092335	929407
KM092336	152363
KM092337	152363
KM092338	152363
KM092339	152363
KM092340	152363
KM092341	230192
KM092342	230192
KM092343	230192
KM092344	230192
KM092345	230192
KM092346	230192
KM092347	167473
KM092348	167473
KM092349	167473
KM092350	167473
KM092351	167472
KM092352	167472
KM092353	425106
KM092354	46417
KM092355	46417
KM092356	46417
KM092357	46417
KM092358	648882
KM092359	648882
KM092360	648882
KM092361	648882
KM092362	648882
KM092363	648882
KM112254	499988
KM112255	499988
KM112256	499988
KM112257	499988
KM112258	499988
KM112259	499988
KM112260	499988
KM112261	499988
KM112262	499988
KM112263	499988
KM112264	499988
KM112265	499988
KM191311	187269
KM191312	187269
KM191313	187269
KM191314	187269
KM191315	187269
KM191316	82279
KM191317	82279
KM191318	82279
KM191319	82279
KM191320	82279
KM191321	570847
KM191322	109147
KM191323	512745
KM208701	204133
KM208702	204133
KM208703	986863
KM208704	986863
KM208705	986863
KM208706	986863
KM208707	986863
KM208708	986863
KM208709	986863
KM208710	986863
KM208711	986863
KM208712	986863
KM208713	986863
KM208714	986863
KM208715	986863
KM208716	986863
KM208717	986863
KM208718	986863
KM208719	986863
KM208720	986863
KM208721	986863
KM208722	986863
KM208723	986863
KM208724	986863
KM208725	986863
KM208726	986863
KM208727	986863
KM208728	986863
KM208729	199544
KM208730	199544
KM208731	199544
KM208732	199544
KM208733	199544
KM208734	199544
KM208735	199544
KM209413	1633923
KM222791	265785
KM222792	265785
KM222793	265785
KM222794	265785
KM222795	265785
KM222796	265785
KM222797	69404
KM222798	69404
KM222799	69404
KM222800	69404
KM222801	69404
KM222802	41486
KM222803	41486
KM222804	41486
KM222805	41486
KM222806	41486
KM222807	41486
KM222808	41486
KM222809	41486
KM222810	41486
KM222811	41486
KM222812	41486
KM222813	41486
KM222814	41486
KM222815	41486
KM222816	41486
KM222817	41486
KM222818	41486
KM232953	39860
KM232954	39860
KM232955	39860
KM232956	39860
KM232957	39860
KM232958	39860
KM232959	39860
KM232960	39860
KM232961	39860
KM232962	39860
KM232963	39860
KM232964	39860
KM232965	39860
KM232966	39860
KM232967	39860
KM232968	39860
KM232969	39860
KM232970	443873
KM232971	443873
KM232972	443873
KM232973	443873
KM232974	443873
KM232975	443873
KM232976	443873
KM232977	443873
KM232978	443873
KM232979	443873
KM232980	443873
KM232981	443873
KM232982	443873
KM232983	443873
KM232984	443873
KM232985	443873
KM232986	443873
KM233191	226225
KM233192	226225
KM236606	199222
KM236607	199222
KM236608	199222
KM236609	199222
KM236610	199222
KM236611	199222
KM236612	199222
KM236613	199222
KM236614	199222
KM236615	199222
KM236616	199222
KM236617	199222
KM236618	199222
KM236619	228806
KM236620	228806
KM236621	228806
KM236622	199220
KM236623	199220
KM236624	199225
KM236625	199225
KM236626	199225
KM236627	199225
KM236628	199225
KM236629	199225
KM236630	199225
KM236631	199225
KM236632	199225
KM236633	199225
KM236634	199225
KM236635	199225
KM236636	199225
KM236637	199225
KM236638	199225
KM236639	199225
KM236640	199225
KM236641	199225
KM236642	199225
KM236643	199225
KM236644	199225
KM236645	199225
KM236646	199225
KM236647	199225
KM236648	199225
KM236649	199225
KM236650	199225
KM236651	199225
KM236652	199225
KM236653	199225
KM236654	199225
KM236655	199225
KM236656	199225
KM236657	199225
KM236658	458697
KM236659	458697
KM236660	227256
KM236661	227256
KM236662	227256
KM252843	4530
KM252844	4530
KM252845	4530
KM252846	4530
KM252847	4530
KM252848	4530
KM252849	4530
KM252850	4530
KM252851	4530
KM252852	4555
KM252853	4555
KM252854	4555
KM252855	4555
KM252856	4555
KM252857	4555
KM252858	4555
KM252859	4513
KM252860	4513
KM252861	4513
KM252862	4513
KM252863	4513
KM252864	4513
KM252865	4513
KM275376	159669
KM275378	159691
KM275380	159690
KM275382	159658
KM275384	159663
KM275386	159657
KM280857	751808
KM280858	516070
KM280859	199544
KM280860	199544
KM280861	199544
KM280862	986863
KM280863	986863
KM280864	204133
KM280865	204133
KM280866	167911
KM280867	167911
KM280868	587666
KM280869	669302
KM280870	669302
KM391970	1171830
KM391971	205372
KM391972	205375
KM391973	1579219
KM391974	1579220
KM435238	1574219
KM519505	127986
KM519506	127986
KM519507	127986
KM519508	127986
KM519509	127986
KM519510	127986
KM519511	127986
KM519512	127986
KM519513	127986
KM519514	127986
KM519515	127986
KM519516	127986
KM519517	127986
KM519518	127986
KM519519	127986
KM519520	127986
KM519521	127986
KM519522	127986
KM519523	127986
KM519524	127986
KM519525	127986
KM519526	1520715
KM519527	1520715
KM519528	1520715
KM519529	1520715
KM519530	1520715
KM519531	1520715
KM519532	1520715
KM519533	1520715
KM519534	1520715
KM519535	1520715
KM519536	1520715
KM519537	1520715
KM519538	1520715
KM519539	1520715
KM519540	1520715
KM519541	1520715
KM519542	1520715
KM519543	1520715
KM519544	1520715
KM519545	1520715
KM519546	1520715
KM519547	1520715
KM519548	1520715
KM519549	1520715
KM519550	1520715
KM519551	1520715
KM519552	1520715
KM519553	1520715
KM519554	1520715
KM588066	4079
KM588067	4079
KM588068	267555
KM588069	267555
KM588070	267555
KM588071	267555
KM588072	1279182
KM588073	47064
KM589830	301866
KM589831	301880
KM589832	99064
KM589833	133243
KM589834	133243
KM589835	133243
KM589836	4220
KM589837	133253
KM589838	159695
KM589839	159695
KM589840	127992
KM589841	1554447
KM589842	127992
KM589843	1554450
KM589844	1554445
KM589845	1554449
KM589846	1556310
KM589847	1554446
KM589848	1554441
KM589849	1556310
KM589850	1554448
KM589851	1554443
KM589852	1554443
KM589853	133253
KM870777	210372
KM875473	413484
KM875474	413484
KM875475	413484
KM875476	413484
KM875477	413484
KM875478	413484
KM875479	413484
KM875480	413484
KM875481	204215
KM875482	204215
KM875483	204215
KM875484	204215
KM875485	204215
KM875486	204215
KM875487	204215
KM875488	204215
KM875489	204215
KM875490	204215
KM875491	204215
KM875492	204215
KM875493	204215
KM875494	204215
KM875495	204215
KM875496	204215
KM879161	212925
KM879162	212925
KM879163	212925
KM879164	212925
KM879165	212925
KM879166	155299
KM879167	276782
KM879168	276782
KM879169	276782
KM879170	276782
KM879171	276782
KM879172	223431
KM879173	223431
KM879174	223431
KM879175	223431
KM879176	223431
KM879177	223431
KM879178	361442
KM879179	361442
KM879180	361442
KM879181	361442
KM879182	361442
KM887403	331263
KM887431	331263
KM983606	1603695
KM983607	1603695
KM983608	1603695
KP006756	359411
KP006757	359411
KP006758	359411
KP006759	359411
KP006760	58944
KP006761	58944
KP006762	58944
KP006763	58944
KP006764	58944
KP006765	58944
KP006766	58944
KP006767	58944
KP006768	58944
KP006769	58944
KP006770	58944
KP006771	58944
KP006772	58944
KP006773	58944
KP006774	58944
KP006775	58944
KP006776	58944
KP006777	58944
KP006778	58944
KP006779	78707
KP006780	78707
KP006781	78707
KP006782	34205
KP006783	34205
KP006784	34205
KP006785	34205
KP006786	34205
KP006787	82213
KP006788	82213
KP006789	82213
KP006790	82213
KP006791	82213
KP006792	114617
KP006793	114617
KP006794	114617
KP006795	114617
KP006796	114617
KP006797	114617
KP006798	114617
KP006799	114617
KP006800	114617
KP006801	114617
KP006802	114617
KP006803	114617
KP006804	114617
KP006805	114617
KP006806	114617
KP006807	114617
KP036527	252529
KP050141	1638385
KP050142	1638378
KP050147	1638385
KP056783	185494
KP056784	185494
KP056785	185494
KP056786	185494
KP056787	185494
KP056788	185494
KP056789	185494
KP056790	185494
KP056791	185494
KP056792	146505
KP056793	146505
KP056794	146505
KP056795	146505
KP056796	4300
KP056797	4300
KP056798	4300
KP056799	4300
KP056800	4300
KP056801	4300
KP056802	13601
KP056803	13601
KP056804	13601
KP056805	13601
KP056806	13601
KP056807	1635313
KP056808	1635313
KP056809	1635313
KP056810	1635313
KP056811	258162
KP056812	258162
KP056813	258162
KP056814	258162
KP056815	258162
KP056816	258162
KP056817	258165
KP056818	258165
KP056819	258165
KP056820	258195
KP056821	258195
KP072054	146505
KP072055	146505
KP072056	146505
KP072057	146505
KP072058	146505
KP072059	146505
KP072060	146505
KP072061	146505
KP072062	146505
KP072063	146505
KP072064	146505
KP072065	146505
KP072066	146505
KP072067	146505
KP083005	1705581
KP095987	1603728
KP095988	1009338
KP096039	1603709
KP096040	714455
KP098101	1650720
KP098118	1650714
KP241697	141005
KP241698	141005
KP241699	141005
KP241700	141005
KP241701	516546
KP241702	516546
KP241703	516546
KP241704	516546
KP241705	74649
KP241706	74649
KP241707	74649
KP241708	74649
KP241709	648855
KP241710	648855
KP241711	124693
KP241712	124693
KP241713	124693
KP241714	124693
KP241715	124693
KP241716	124693
KP241717	124693
KP241718	124693
KP241719	124693
KP241720	124693
KP241721	124693
KP241722	124693
KP241723	190223
KP241724	190223
KP241725	190223
KP241726	190223
KP241727	190223
KP241728	190223
KP241729	190223
KP241730	190223
KP241731	190223
KP241732	190223
KP241733	190223
KP241734	190223
KP241735	190223
KP241736	190223
KP241737	321593
KP241738	321593
KP241739	321593
KP241740	1603830
KP241741	1603830
KP241742	176136
KP241743	176136
KP241744	176136
KP241745	176136
KP241746	176136
KP241747	176136
KP241748	176136
KP241749	176136
KP241750	176136
KP241751	176136
KP241752	176136
KP241753	176136
KP241754	176136
KP241755	176136
KP241756	176136
KP241757	176136
KP241758	176136
KP241759	176136
KP241760	176136
KP241761	176136
KP241762	1078262
KP241763	1078262
KP241764	1078262
KP241765	1078262
KP241766	1078262
KP241767	1078262
KP241768	1078262
KP241769	1078262
KP241770	1078262
KP241771	1078262
KP241772	1078262
KP241773	59498
KP241774	59498
KP241775	59498
KP318329	1220707
KP318367	469932
KP322639	41689
KP322640	41689
KP322641	4075
KP322642	4075
KP322643	4076
KP322644	4076
KP322645	239686
KP322646	239686
KP322647	4097
KP322648	4097
KP324829	1689479
KP326392	1685716
KP338697	82728
KP338698	82728
KP338699	1655166
KP338700	1655167
KP338701	1655168
KP338702	1620181
KP338703	1620182
KP338704	1620182
KP338705	1620183
KP338706	1620183
KP338707	236218
KP338708	1655169
KP338709	1655170
KP338710	1655170
KP338711	236219
KP338712	236219
KP338713	84918
KP338714	1655171
KP338715	251165
KP338716	251165
KP338717	1655172
KP338718	1655172
KP338719	1655173
KP338720	1655173
KP338721	236220
KP338722	236220
KP338723	236220
KP338724	84884
KP338725	52518
KP338726	172054
KP338727	1655165
KP454305	1744994
KP454339	103745
KP454447	1744983
KP454448	1744985
KP454449	1744986
KP454450	1744987
KP454451	1744988
KP454452	1744989
KP454453	1744990
KP454454	68299
KP454455	1745183
KP454456	1744992
KP454457	1744993
KP454458	1744994
KP454459	1744995
KP454460	1744997
KP454461	1744999
KP454462	1745000
KP454463	1745002
KP454464	103744
KP454465	1745003
KP454466	1745004
KP454467	1123467
KP454468	1745005
KP454469	1745007
KP454470	1745009
KP454471	1745011
KP454472	1745012
KP454473	1745014
KP454474	1745017
KP454475	1745018
KP454476	1745020
KP454477	1550811
KP454478	1475377
KP454479	1745022
KP454480	1745023
KP454481	1745024
KP454482	1745025
KP454483	287724
KP454484	1745026
KP454485	1745029
KP454486	1745033
KP454487	1745034
KP454488	1745035
KP454489	1745036
KP454490	1745037
KP454491	103745
KP454492	1745039
KP454493	1745041
KP454494	1745042
KP454495	1125402
KP454496	1475404
KP454497	1745044
KP454498	1745047
KP454499	1745051
KP454500	1745052
KP454501	1745055
KP454502	1745056
KP454503	1745057
KP454504	1745058
KP454505	1745059
KP454506	1745061
KP454507	1745063
KP454508	1745065
KP454509	1745066
KP454510	1745067
KP454511	1745068
KP454512	1745069
KP454513	1745071
KP454514	1745206
KP454515	1745208
KP454516	1745074
KP454517	1745075
KP454518	1745077
KP454519	1745078
KP454520	1745079
KP454521	1136743
KP454522	1745081
KP454523	1745082
KP454524	1745084
KP454525	1745085
KP454526	1745086
KP454527	1745087
KP454528	1745088
KP454529	1745089
KP454530	1745090
KP454531	1745091
KP454532	1745093
KP454533	1745094
KP454534	1745095
KP454535	1745096
KP454536	1745098
KP454537	1745100
KP454538	1745101
KP454539	1745103
KP454540	1745106
KP454541	1745108
KP454542	1745110
KP454543	1745112
KP454544	1745113
KP454545	1745115
KP454546	1745117
KP454547	1745118
KP454548	1745120
KP454549	1745121
KP454550	1745123
KP454551	1745124
KP454552	1745125
KP454553	1745127
KP454554	1745128
KP454555	1745131
KP454556	1745132
KP454557	287011
KP454558	1749391
KP454559	1745138
KP454560	1745139
KP454561	1745141
KP454562	1745143
KP454563	1745144
KP454564	1745145
KP454565	1745147
KP454566	1745149
KP454567	558447
KP454568	1745152
KP454569	558498
KP454570	1745153
KP454571	558523
KP454572	1745155
KP454573	1745156
KP454574	1745157
KP454575	1745158
KP454576	1745160
KP454577	1745163
KP454578	1745164
KP454579	1745165
KP454580	1745166
KP454581	1745167
KP454582	1745169
KP454583	1745170
KP454584	1745171
KP454585	1745172
KP454586	1745173
KP454587	1745174
KP454588	1745175
KP454589	1745176
KP454590	1745177
KP454591	1745178
KP454592	1745180
KP454593	1745181
KP454594	1692179
KP455421	229701
KP455430	229701
KP455437	229701
KP455447	229701
KP455452	229701
KP455458	229701
KP455463	229701
KP455465	229701
KP455473	229701
KP641037	159424
KP641038	159424
KP641039	159424
KP641040	159424
KP641041	159424
KP641042	159424
KP641043	159424
KP641044	159424
KP641045	159424
KP641046	159424
KP641047	159424
KP641048	159424
KP641049	159424
KP641050	159424
KP641051	159424
KP641052	159424
KP641053	159424
KP641054	159424
KP641055	159424
KP641056	159424
KP641057	159424
KP641058	159424
KP641059	159424
KP641060	159424
KP641061	159424
KP641062	159424
KP641063	159424
KP641064	159424
KP641065	159424
KP641066	159424
KP641067	159424
KP641068	159424
KP641069	159424
KP641070	159424
KP641071	159424
KP641072	159424
KP641073	159424
KP641074	159424
KP641075	159424
KP641076	159424
KP641077	159424
KP641078	159424
KP641079	159424
KP641080	159424
KP641081	159424
KP641082	159424
KP641083	159424
KP641084	159424
KP641085	159424
KP641086	159424
KP641087	159424
KP641088	159424
KP641089	159424
KP641090	159424
KP641091	159424
KP641092	159424
KP641093	159424
KP641094	159424
KP641095	159424
KP641096	159424
KP641097	159424
KP642516	67938
KP642517	67938
KP642518	67938
KP642519	67938
KP642520	67938
KP642521	67938
KP642522	67938
KP642523	67938
KP642524	67938
KP642525	67938
KP642526	67938
KP642527	67938
KP642528	67938
KP642529	67938
KP642530	67938
KP642531	67938
KP642532	67938
KP642533	67938
KP642534	67938
KP642535	67938
KP642536	67938
KP642537	67938
KP642538	67938
KP642539	67938
KP642540	67938
KP642541	67938
KP642542	67938
KP642543	67938
KP642544	67938
KP642545	67938
KP642546	67938
KP642547	67938
KP642548	328401
KP642549	328401
KP642550	328401
KP642551	328401
KP642552	328401
KP642553	328401
KP642554	328401
KP642555	328401
KP642556	328401
KP642557	328401
KP642558	328401
KP642559	328401
KP642560	328401
KP642561	328401
KP642562	328401
KP642563	328401
KP642564	328401
KP642565	328401
KP642566	328401
KP642567	328401
KP642568	328401
KP642569	328401
KP642570	328401
KP642571	328401
KP642572	328401
KP642573	328401
KP642574	328401
KP642575	328401
KP642576	328401
KP642577	328401
KP642578	328401
KP642579	328401
KP642580	328401
KP642581	328401
KP642582	328401
KP642583	328401
KP642584	328401
KP642585	328401
KP642586	328401
KP642587	328401
KP642588	328401
KP642589	328401
KP642590	328401
KP642591	328401
KP642592	328401
KP642593	328401
KP642594	328401
KP642595	328401
KP642596	328401
KP642597	328401
KP642598	328401
KP642599	328401
KP642600	328401
KP642601	328401
KP642602	328401
KP642603	328401
KP642604	328401
KP642605	328401
KP642606	328401
KP642607	1056468
KP642608	1056468
KP642609	1056468
KP642610	1009510
KP642611	1009510
KP642612	1009510
KP642613	1009510
KP642614	354528
KP642615	354528
KP642616	354528
KP642617	354528
KP642618	1056474
KP642619	1056474
KP642620	1752150
KP642621	1752150
KP642622	354529
KP642623	354529
KP642624	354530
KP642625	354530
KP642626	354530
KP642627	354530
KP642628	354530
KP642629	354530
KP642630	354530
KP642631	354530
KP642632	354530
KP642633	354530
KP642634	354530
KP642635	354530
KP642636	1056475
KP644425	205465
KP644426	205465
KP644427	205465
KP644428	205465
KP644429	205465
KP644430	205465
KP644431	205465
KP644432	205465
KP644433	205465
KP644434	205465
KP644435	205465
KP644436	205465
KP644437	205465
KP644438	205465
KP644439	205465
KP644440	458696
KP644441	458696
KP644442	458696
KP644443	458696
KP644444	458696
KP644445	123485
KP644446	123485
KP644447	123485
KP644448	123485
KP644449	123485
KP694245	396491
KP694246	396491
KP694247	197124
KP694248	197124
KP694249	197124
KP694250	197124
KP694251	197124
KP694252	197124
KP694253	197124
KP694254	197124
KP694255	197124
KP694256	197124
KP694257	197124
KP694258	197124
KP694259	197124
KP694260	197124
KP694261	197124
KP694262	197124
KP694263	197124
KP694264	197124
KP694265	197124
KP694266	197124
KP694267	197124
KP694268	197124
KP694269	197124
KP694270	197124
KP694271	197124
KP694272	197124
KP694273	197124
KP694274	197124
KP694275	197124
KP694276	197124
KP694277	197124
KP694278	197124
KP694279	197124
KP694280	197124
KP694281	197124
KP694282	197124
KP694283	197124
KP694284	197124
KP694285	197124
KP694286	197124
KP694287	197124
KP694288	197124
KP694289	197124
KP694290	197124
KP694291	1663405
KP694292	1663405
KP694293	1663405
KP694294	1663405
KP694295	1663405
KP694296	1663405
KP694297	1663405
KP694298	1663405
KP694299	1663405
KP694300	1663405
KP699723	1766721
KP699724	1766721
KP699725	1766721
KP699726	1766721
KP699727	1766721
KP699728	1766721
KP699729	1766721
KP699730	572115
KP699731	572115
KP699732	572115
KP699733	572115
KP699734	572115
KP699735	572115
KP699736	572115
KP699737	572115
KP699738	572115
KP699739	572115
KP699740	572115
KP699741	572115
KP699742	572115
KP699743	572115
KP699744	572115
KP699745	572115
KP699746	572115
KP699747	572115
KP699748	572115
KP699749	572115
KP699750	572115
KP699751	572115
KP699752	572115
KP699753	572115
KP699754	572115
KP699755	572115
KP699756	572115
KP699757	572115
KP699758	572115
KP699759	572115
KP699760	572115
KP699761	572115
KP699762	572115
KP723416	1226760
KP723417	1226760
KP723418	1226760
KP723419	1621223
KP723420	1621223
KP723421	1621223
KP723422	1621222
KP723423	1621222
KP723424	1621222
KP723425	1603695
KP723426	1603695
KP723427	1603695
KP723428	1082499
KP723429	1082499
KP723430	1082499
KP723431	1341704
KP723432	1341704
KP723433	1082498
KP723434	1082498
KP723435	1082498
KP769897	1640436
KP769917	237838
KP769918	343964
KP769919	237861
KP769920	343967
KP769921	343974
KP769922	343974
KP769923	343974
KP769924	343974
KP769925	343974
KP769926	343974
KP769927	343974
KP769928	343974
KP769929	343974
KP769930	343974
KP769931	343974
KP769932	343974
KP769933	231638
KP769934	340635
KP769935	237843
KP769936	85237
KP769937	380066
KP769938	343966
KP769939	1640435
KP769940	237862
KP769941	380067
KP769942	343971
KP769943	237865
KP769944	237867
KP769945	1640436
KP769946	237871
KP769947	343972
KP769948	1052144
KP769949	237875
KP769950	237882
KP769951	340647
KP769952	237887
KP769953	237889
KP769954	1639875
KP769955	340642
KP769956	378696
KP769957	237873
KP769958	343973
KP769959	343975
KP769960	237879
KP769961	1639876
KP769962	343976
KP769963	237891
KP769964	237893
KP776095	1752766
KP793683	1697474
KP793684	1697474
KP793685	1697474
KP793686	1697474
KP834593	149051
KP834594	149051
KP834595	149051
KP834596	149051
KP834597	149051
KP834598	149051
KP834599	50802
KP834600	50802
KP834601	50802
KP834602	50802
KP834603	50802
KP834604	50802
KP834605	50802
KP834606	50802
KP834607	50802
KP834608	50802
KP834609	50804
KP834610	50804
KP834611	50804
KP834612	50804
KP834613	50804
KP834614	50804
KP834615	50804
KP834616	50804
KP834617	50804
KP834618	148625
KP834619	148625
KP834620	148625
KP834621	148625
KP834622	148625
KP834623	148625
KP834624	148625
KP834625	148625
KP834626	148625
KP834627	363510
KP834628	363510
KP834629	363510
KP834630	363510
KP834631	363510
KP834632	363510
KP834633	363510
KP834634	363510
KP834635	363510
KP834636	363510
KP834637	363510
KP834638	137887
KP834639	137887
KP834640	137887
KP834641	137887
KP834642	137887
KP834643	137887
KP834644	137887
KP834645	137887
KP834646	137887
KP834647	137887
KP834648	137887
KP834649	137887
KP834650	137887
KP834651	137887
KP834652	137887
KP834653	137887
KP834654	137887
KP834655	137887
KP834656	137887
KP834657	137887
KP834658	137887
KP834659	363511
KP834660	363511
KP834661	363511
KP834662	363511
KP834663	363511
KP834664	363511
KP834665	363511
KP834666	363511
KP834667	363511
KP834668	363511
KP834669	363511
KP834670	363511
KP834671	363511
KP834672	363511
KP834673	50785
KP834674	50785
KP834675	50785
KP834676	50785
KP834677	50785
KP834678	50785
KP834679	50785
KP834680	50785
KP834681	50785
KP834682	50785
KP834683	50785
KP834684	50785
KP834685	50785
KP834686	50785
KP834687	50785
KP834688	50785
KP834689	50785
KP834690	50785
KP834691	50785
KP834692	50785
KP834693	50785
KP834694	137888
KP834695	137888
KP834696	137888
KP834697	137888
KP834698	137888
KP834699	137888
KP834700	137888
KP834701	137888
KP834702	137888
KP834703	137888
KP834704	137888
KP834705	137889
KP834706	137889
KP834707	137889
KP834708	137889
KP834709	137889
KP834710	137889
KP834711	137131
KP834712	137131
KP834713	137131
KP834714	2016256
KP834715	2016256
KP834716	2016256
KP834717	2016256
KP834718	2016256
KP834719	2016256
KP834720	2016256
KP834721	2016256
KP834722	2016256
KP834723	2016256
KP834724	2016256
KP834725	2016256
KP834726	2016256
KP834727	2016256
KP834728	2016256
KP834729	2016256
KP834730	2016256
KP834731	2016256
KP834732	2016256
KP834733	2016256
KP834734	2016256
KP834735	137890
KP834736	137890
KP834737	137890
KP834738	137890
KP834739	137890
KP834740	137890
KP834741	137890
KP834742	137890
KP834743	137890
KP893158	50507
KP893159	50507
KP893160	50507
KP893161	50507
KP893162	50507
KP893163	50507
KP893164	50507
KP893165	50507
KP893166	50507
KP893167	50507
KP893168	13674
KP893169	13674
KP893170	13674
KP893171	13674
KP893172	13674
KP893173	13674
KP893939	4112
KP893940	4112
KP893941	4112
KP893942	4112
KP893943	4112
KP893944	4112
KP893945	4112
KP893946	4112
KP893947	4112
KP893948	4112
KP893949	33120
KP893950	33120
KP893951	33120
KP893952	33120
KP893953	33120
KP893954	33120
KP893955	4097
KP893956	4097
KP893957	4097
KP893958	4097
KP893959	4097
KP893960	4097
KP893961	4097
KP893962	4097
KP893963	4097
KP893964	4097
KP893965	1499976
KP893966	1499976
KP893967	1499976
KP893968	1499976
KP893969	1499976
KP893970	300354
KP893971	300354
KP893972	300354
KP893973	300354
KP893974	300354
KP893975	300354
KP893976	300354
KP893977	300354
KP893978	300354
KP893979	300354
KP893980	4111
KP893981	4111
KP893982	4111
KP893983	4111
KP893984	4111
KP893985	4111
KP893986	4111
KP893987	4111
KP893988	4111
KP893989	4111
KP893990	4072
KP893991	4072
KP893992	4072
KP893993	4072
KP893994	4072
KP893995	4072
KP893996	4072
KP893997	4075
KP893998	4075
KP893999	4075
KP894000	4075
KP894001	4075
KP894002	4075
KP894003	4075
KP894004	4075
KP894005	4075
KP894006	4075
KP894007	1777476
KP894008	1777476
KP894009	1777476
KP894010	1777476
KP894011	1777476
KP894012	1777476
KP894013	1777476
KP894014	1777476
KP894015	1777476
KP894016	1777476
KP894017	239686
KP894018	239686
KP894019	239686
KP894020	239686
KP894021	239686
KP894022	239686
KP894023	239686
KP894024	239686
KP894025	239686
KP894026	239686
KP894027	33118
KP894028	33118
KP894029	33118
KP894030	33118
KP894031	33118
KP894032	33118
KP894033	35625
KP894034	35625
KP894035	35625
KP894036	35625
KP894037	35625
KP894038	35625
KP894039	35625
KP894040	4076
KP894041	4076
KP894042	4076
KP894043	4076
KP894044	41689
KP894045	41689
KP894046	41689
KP894047	41689
KP894048	41689
KP894049	41689
KP894050	4081
KP894051	4081
KP894052	4081
KP894053	4081
KP894054	4081
KP894055	112883
KP894056	4114
KP894057	4114
KP894058	4114
KP894059	40321
KP894060	40321
KP894061	40321
KP894062	40321
KP894063	40321
KR025493	161260
KR025494	161260
KR025495	155132
KR025496	161260
KR025497	13331
KR025498	155132
KR025499	13331
KR025500	268494
KR025501	161269
KR025502	50506
KR025503	158555
KR025504	158555
KR025505	487159
KR025506	1679725
KR025507	1679725
KR025508	1634001
KR052294	1030206
KR052310	1030188
KR052311	120631
KR052312	1030209
KR052313	306135
KR052314	1030201
KR052315	1030210
KR052316	1030194
KR052317	1030196
KR052318	120624
KR052319	218190
KR061368	126418
KR065598	1729363
KR065599	1191342
KR065600	489508
KR065601	1616318
KR065602	1616291
KR065603	1191345
KR065604	1616356
KR065605	1729362
KR065606	1729364
KR065607	1191343
KR065608	1729366
KR065609	1729367
KR065610	1729368
KR065611	1616350
KR065612	1616320
KR065613	885520
KR069106	3915
KR069107	3915
KR072624	1181300
KR080394	50305
KR080395	50305
KR080396	50305
KR080397	50305
KR080398	50305
KR080399	50305
KR080400	50305
KR080401	50305
KR080402	50305
KR080403	50305
KR080404	50305
KR080405	50305
KR080406	50305
KR080407	50305
KR080408	50305
KR080409	190712
KR080410	190712
KR080411	190712
KR080412	190712
KR080413	190712
KR080414	190712
KR080415	190712
KR080416	190712
KR080417	190712
KR080418	190712
KR080419	190712
KR080420	190712
KR080421	190712
KR080422	190712
KR080423	82096
KR080424	82096
KR080425	82096
KR080426	82096
KR080427	82096
KR080428	82096
KR080429	82096
KR080430	82096
KR080431	82096
KR080432	82096
KR080433	82096
KR080434	82096
KR080435	82096
KR080436	82096
KR080437	82096
KR080438	265763
KR080439	265763
KR080440	265763
KR080441	265763
KR080442	265763
KR080443	265763
KR080444	265763
KR080445	265763
KR080446	46385
KR080447	105886
KR080448	105886
KR080449	105886
KR080450	105886
KR080451	105886
KR080452	105886
KR080453	105886
KR080454	105886
KR139967	3915
KR139968	3915
KR139969	3915
KR139970	3915
KR139971	3915
KR139972	3915
KR139973	3915
KR139974	3915
KR139976	3915
KR139977	3915
KR150174	446322
KR150182	268885
KR152196	83858
KR152197	49666
KR152198	49666
KR152199	83858
KR152200	1729734
KR152201	1729734
KR152202	1729734
KR152203	49666
KR152204	49666
KR152205	49666
KR152206	221254
KR152207	221254
KR152208	1729734
KR152209	221259
KR185909	70270
KR185910	1710980
KR185911	1710980
KR185912	1710980
KR185913	1710979
KR185914	1710979
KR185915	345237
KR185916	1710979
KR185917	1710979
KR185918	1710979
KR185919	1710979
KR185920	345237
KR185921	487788
KR185922	345237
KR185923	487788
KR185924	487788
KR185925	54667
KR185926	54667
KR185927	554690
KR185928	554690
KR185929	554690
KR185930	554690
KR185931	554690
KR185932	202327
KR185933	202327
KR185934	202327
KR185935	202327
KR185936	202327
KR185937	202327
KR185938	554690
KR185939	337405
KR185940	337405
KR185941	337405
KR185942	337405
KR185943	337405
KR187011	1354295
KR187012	1671965
KR230091	3915
KR230093	3915
KR230095	3915
KR230097	3915
KR230098	3915
KR230099	3915
KR230100	3915
KR230101	3915
KR259530	63476
KR424444	457184
KR424445	467334
KR424446	467334
KR424447	467334
KR424448	467334
KR424449	467334
KR424450	430754
KR425421	1680176
KR425422	1680162
KR425423	1680175
KR531717	1370097
KR531718	1370097
KR531803	3492
KR531887	1679278
KR531891	1045283
KR532049	1495518
KR532051	1495518
KR532069	1679259
KR532094	309270
KR532096	100541
KR532109	665980
KR532113	309341
KR532139	1679796
KR532147	1009473
KR532286	167406
KR532543	1679420
KR532544	1679420
KR611721	714493
KR611722	714493
KR611723	714493
KR611724	714493
KR611725	714493
KR611726	714493
KR611727	714493
KR611728	714493
KR611729	714493
KR611730	714493
KR611731	714493
KR611732	714493
KR611733	714493
KR611734	714493
KR611735	714493
KR611736	714493
KR611737	714493
KR611738	714493
KR611739	714493
KR611740	714493
KR611741	714493
KR611742	714493
KR611743	714493
KR611744	714493
KR611745	714493
KR611746	210858
KR611747	210858
KR611748	210858
KR611749	210858
KR611750	210858
KR611751	210858
KR611752	210858
KR611753	210858
KR611754	210858
KR611755	210858
KR611756	362646
KR611757	362646
KR611758	362646
KR611759	362646
KR611760	362646
KR611761	362646
KR611762	362646
KR611763	362646
KR611764	362646
KR611765	362646
KR611766	648872
KR611767	648872
KR611768	648872
KR611769	648872
KR611770	648872
KR611771	648872
KR611772	648872
KR611773	648872
KR611774	94286
KR611775	94286
KR611776	94286
KR611777	94286
KR611778	94286
KR611779	94286
KR611780	168000
KR611781	168000
KR611782	168000
KR611783	167911
KR611784	167911
KR611785	167911
KR611786	167911
KR812547	4451
KR812548	4451
KR812549	4451
KR812550	4451
KR812551	4120
KR812552	4120
KR812553	4120
KR812554	4120
KR812555	203643
KR812556	203643
KR812557	203643
KR812558	203643
KR812559	4460
KR812560	4460
KR812561	4460
KR812562	4460
KR812563	4460
KR812564	4460
KR812565	262913
KR812566	262913
KR812567	262913
KR812568	262913
KR812569	262913
KR812570	15000
KR812571	15000
KR812572	15000
KR812573	15000
KR812574	15000
KR816974	1302566
KR816975	1302566
KR816976	1302566
KR816977	1302566
KR816978	1302566
KR816979	1302566
KR816980	1302566
KR816981	1302566
KR816982	1302566
KR816983	1302566
KR816984	1302566
KR816985	1302566
KR816986	1302566
KR816987	1302566
KR816988	1302566
KR816989	1302566
KR816990	1302566
KR816991	1302566
KR816992	1851656
KR816993	1851660
KR816994	1851660
KR816995	1851659
KR816996	1851659
KR816997	1851656
KR816998	1851655
KR816999	1302566
KR817000	1302566
KR817001	1302566
KR817002	1851658
KR817003	1851658
KR817004	858344
KR817005	858344
KR817006	858344
KR817007	858344
KR817008	858344
KR817009	858344
KR817010	858344
KR817011	858344
KR817012	1851657
KR817013	1851657
KR817014	1851657
KR817015	1851661
KR817016	1851661
KR817017	668806
KR817018	668806
KR817019	1851662
KR817020	1851662
KR817021	668806
KR817022	668806
KR817023	668806
KR817024	668806
KR817025	668806
KR817026	668806
KR817027	668806
KR817028	668806
KR817029	668806
KR817030	668806
KR817031	668806
KR817032	858344
KR817033	858344
KR817034	858344
KR817035	858344
KR817036	858344
KR817037	858344
KR817038	858344
KR817039	858344
KR817040	858344
KR817041	858344
KR817042	858344
KR817043	858344
KR817044	858344
KR817045	858344
KR817046	858344
KR817047	858344
KR817048	858344
KR855703	147280
KR855704	147280
KR855705	147280
KR996721	157791
KR996722	157791
KR996723	157791
KR996724	157791
KR996725	157791
KR996726	157791
KR996727	157791
KT001498	1685506
KT002549	665980
KT003198	159421
KT008126	108544
KT008127	108544
KT008128	108544
KT008129	108544
KT008130	108544
KT008131	108544
KT008132	108544
KT008133	108544
KT008134	108544
KT008135	108544
KT008136	108544
KT008137	108544
KT008138	108544
KT008139	108544
KT008140	108544
KT008141	108544
KT008142	108544
KT008143	108544
KT008144	108544
KT008145	108544
KT008146	108544
KT008147	108544
KT008148	108544
KT008149	108544
KT008150	152093
KT008151	152093
KT008152	152095
KT008153	152095
KT008154	152095
KT008155	152095
KT008156	152095
KT008157	152095
KT008158	152095
KT008159	152092
KT008160	152092
KT008161	152092
KT008162	152092
KT008163	152092
KT008164	152092
KT008165	152089
KT008166	152089
KT008167	152089
KT008168	152089
KT008169	152089
KT008170	152089
KT008171	152089
KT008172	152089
KT008173	152096
KT008174	152096
KT008175	152096
KT008176	152096
KT008177	152096
KT008178	152096
KT008179	152096
KT008180	152096
KT008181	152096
KT008182	152096
KT008183	152096
KT008184	152096
KT008185	152096
KT008186	152096
KT008187	152096
KT008188	152096
KT008189	152096
KT008190	152096
KT008191	152096
KT008192	152096
KT008193	152096
KT008194	152096
KT008195	152096
KT008196	152096
KT008197	152096
KT008198	152096
KT008199	152088
KT008200	152088
KT008201	152088
KT008202	152088
KT008203	152088
KT008204	744039
KT008205	744039
KT008206	744039
KT008207	744039
KT008208	744039
KT008209	744039
KT008210	744039
KT008211	1352233
KT008212	1352233
KT008213	152091
KT008214	152091
KT008215	152091
KT008216	152091
KT008217	152091
KT008218	152091
KT008219	152091
KT008220	152091
KT008221	152091
KT008222	152091
KT008223	152091
KT021125	1500766
KT021150	912401
KT030206	381652
KT030207	381652
KT030208	381652
KT030209	381652
KT030210	381652
KT030211	381652
KT030212	381652
KT030213	381652
KT030214	381652
KT030215	381652
KT030216	381652
KT030217	381652
KT030218	381652
KT030219	381652
KT030220	381652
KT030221	381652
KT030222	381652
KT030223	381652
KT030224	381652
KT030225	381652
KT030226	381652
KT030227	108546
KT030228	108546
KT030229	108546
KT030230	108546
KT030231	108546
KT030232	108546
KT030233	108546
KT030234	108546
KT030235	108546
KT030236	108546
KT030237	108546
KT030238	108546
KT030239	108546
KT030240	108546
KT030241	108546
KT030242	108546
KT030243	108546
KT030244	108546
KT030245	108546
KT030246	108546
KT030247	108546
KT030248	108546
KT030249	108546
KT030250	108546
KT030251	152088
KT160164	66201
KT160165	66201
KT164592	97168
KT168354	50765
KT168355	50765
KT168356	50765
KT168357	50765
KT168358	50765
KT168359	50765
KT168360	50765
KT168361	308434
KT168362	308434
KT168363	308434
KT168364	308434
KT168365	308434
KT168366	308434
KT168367	308434
KT168368	308434
KT270860	153950
KT270861	153950
KT270862	153950
KT270863	153950
KT270864	153950
KT270865	153950
KT270866	153950
KT270867	153950
KT270868	153950
KT270869	153950
KT270870	3905
KT270871	3905
KT270872	3905
KT270873	3905
KT270874	3905
KT270875	3905
KT270876	3905
KT270877	3905
KT270878	3905
KT270879	3905
KT270880	153961
KT270881	153961
KT270882	153961
KT270883	153961
KT270884	153961
KT270885	153961
KT270886	153961
KT270887	153961
KT270888	153961
KT270889	153961
KT270890	1681199
KT270891	1681199
KT270892	1681199
KT270893	1681199
KT270894	1681199
KT270895	1681199
KT270896	1681199
KT270897	1681199
KT270898	1681199
KT270899	1681199
KT270900	1681200
KT270901	1681200
KT270902	1681200
KT270903	1681200
KT270904	1681200
KT270905	1681200
KT270906	1681200
KT270907	1681200
KT270908	1681200
KT270909	1681200
KT270910	154495
KT270911	154495
KT270912	154495
KT270913	154495
KT270914	154495
KT270915	154495
KT270916	154495
KT270917	154495
KT270918	154495
KT270919	154495
KT270920	153961
KT270921	153950
KT270922	153950
KT270923	153950
KT270924	1111103
KT270925	153950
KT270926	1111103
KT270927	63779
KT270928	63779
KT270929	63779
KT270930	63779
KT270931	63779
KT271681	435756
KT284787	254027
KT284788	254027
KT284789	254027
KT284790	254027
KT284791	254027
KT284792	254027
KT284793	254027
KT284794	43536
KT284795	43536
KT284796	43536
KT284797	43536
KT284798	43536
KT284799	397370
KT284800	397370
KT284801	397370
KT284802	397370
KT284803	397370
KT284804	397370
KT284805	397370
KT284806	397370
KT284807	397370
KT284808	397370
KT284809	397370
KT284810	397370
KT284811	254022
KT284812	254022
KT284813	254022
KT284814	254022
KT284815	254022
KT284816	254021
KT284817	254021
KT284818	254021
KT284819	254021
KT284820	254021
KT284821	254021
KT284822	254021
KT284823	254021
KT284824	212301
KT284825	212301
KT284826	212301
KT284827	212301
KT284828	212301
KT284829	74693
KT284830	74693
KT284831	74693
KT285065	226208
KT285066	226208
KT285067	226208
KT285068	165353
KT285069	165353
KT285070	165353
KT285071	346985
KT285072	346985
KT285073	346985
KT285074	44586
KT285075	44586
KT285076	44586
KT285077	44588
KT285078	44588
KT285079	44588
KT285080	74645
KT285081	74645
KT285082	74645
KT285083	119829
KT285084	119829
KT285085	119829
KT285086	3897
KT285087	3897
KT285088	3897
KT285089	381790
KT285090	381790
KT285091	381790
KT285092	94286
KT285093	94286
KT285094	94286
KT285095	3893
KT285096	3893
KT285097	3893
KT285098	859543
KT285099	859543
KT285100	859543
KT285101	35924
KT285102	35924
KT285103	35924
KT285104	4054
KT285105	4054
KT285106	4054
KT285107	4432
KT285108	4432
KT285109	4432
KT285110	44586
KT285111	44586
KT285112	44586
KT285113	3498
KT285114	3498
KT285115	3498
KT285116	627609
KT285117	627609
KT285118	627609
KT285119	50507
KT285120	50507
KT285121	50507
KT285122	714458
KT285123	714458
KT285124	714458
KT285125	587669
KT285126	587669
KT285127	587669
KT285128	86864
KT285129	86864
KT285130	86864
KT285131	418402
KT285132	418402
KT285133	418402
KT285134	242839
KT285135	242839
KT285136	242839
KT285137	161395
KT285138	161395
KT285139	161395
KT285140	377125
KT285141	377125
KT285142	377125
KT285143	48119
KT285144	48119
KT285145	48119
KT285146	858909
KT285147	858909
KT285148	858909
KT285149	429560
KT285150	429560
KT285151	429560
KT285152	4432
KT285153	4432
KT285154	4432
KT285155	4054
KT285156	4054
KT285157	4054
KT285158	45325
KT285159	45325
KT285160	45325
KT285161	638627
KT285162	638627
KT285163	638627
KT285164	153729
KT285165	153729
KT285166	153729
KT285167	16752
KT285168	16752
KT285169	16752
KT338797	63476
KT344616	416115
KT350987	1127147
KT350988	1127147
KT350989	1127147
KT350990	1769945
KT350991	1769945
KT350992	1045302
KT350993	1045302
KT350994	85439
KT362157	52451
KT362158	52451
KT362159	52451
KT362160	52451
KT362161	52451
KT362162	52451
KT362163	52451
KT362164	359522
KT362165	359522
KT362166	359522
KT362167	49840
KT362168	74656
KT362169	118431
KT365795	48119
KT365796	165353
KT365797	226208
KT365798	86864
KT365799	242839
KT365800	649199
KT365801	4054
KT365802	41568
KT365803	346985
KT365804	377125
KT365805	74645
KT365806	44586
KT365807	44588
KT365808	16752
KT365809	253618
KT372215	903997
KT372216	903997
KT372217	903997
KT372218	903997
KT372219	903997
KT372220	1719624
KT372221	1719624
KT372222	1719624
KT372223	1719624
KT372224	1719624
KT372225	1719624
KT372226	1719624
KT372227	1719624
KT372228	1719624
KT372229	1719624
KT372230	1719623
KT372231	1719623
KT372232	1719623
KT372233	1719623
KT372234	1719623
KT372235	903997
KT372236	1719623
KT372237	903997
KT377453	3716
KT381210	1642312
KT381213	1784779
KT429658	258158
KT429659	258158
KT429660	258158
KT429661	1882480
KT429662	1882480
KT429663	1882480
KT429664	1882480
KT429665	1882480
KT429666	1882480
KT429667	1882480
KT429668	1847802
KT429669	1847802
KT582019	47064
KT582020	47064
KT582021	47064
KT582022	47064
KT582023	47064
KT582024	47064
KT582025	267555
KT582026	267555
KT582027	267555
KT582028	267557
KT582029	267557
KT582030	267557
KT582031	1279182
KT582032	1279182
KT582033	1279182
KT582034	1279182
KT582035	4079
KT582036	4079
KT582037	4079
KT582038	4079
KT582039	4079
KT582040	4079
KT582041	4079
KT582042	4079
KT582043	4079
KT582044	4079
KT582045	4079
KT582046	4079
KT582047	4079
KT582048	4079
KT582049	4079
KT582050	4079
KT582051	4079
KT582052	4079
KT582053	4079
KT582054	4079
KT582055	4079
KT582056	4079
KT582057	4079
KT582058	4079
KT582059	63779
KT582060	63779
KT582061	63779
KT582062	63779
KT602373	1871135
KT602374	1871135
KT602375	1871136
KT602376	1871136
KT602377	1871136
KT602378	1200270
KT602379	1200270
KT602380	1200270
KT602381	13345
KT602382	13345
KT602383	13345
KT602384	1200272
KT602385	1200272
KT602386	1200272
KT602387	1200272
KT602388	587398
KT602389	587398
KT602390	587398
KT602391	1082640
KT602392	1082640
KT602393	1082640
KT602394	1871137
KT602395	1871137
KT602396	1871137
KT602397	1871138
KT602398	1871138
KT602399	1871139
KT602400	1871139
KT602401	1871139
KT602402	276775
KT602403	276775
KT602404	276775
KT602405	276775
KT602406	276775
KT602407	276775
KT602408	276775
KT602409	276775
KT602410	276775
KT602411	587401
KT602412	587401
KT602413	587401
KT602414	587401
KT602415	1871140
KT602416	1871140
KT602417	1871142
KT602418	1871142
KT602419	1871142
KT602420	1871142
KT602421	1073919
KT602422	1073919
KT602423	1073920
KT602424	1073920
KT602425	748693
KT602426	748693
KT602427	748693
KT602428	748693
KT631314	1711510
KT631316	1711512
KT695175	82213
KT729509	1747496
KT758180	69381
KT763380	533299
KT779420	587679
KT779421	587679
KT779422	587679
KT779423	587679
KT779424	587679
KT779425	587679
KT779426	587679
KT781105	65409
KT781106	65409
KT781107	65409
KT781108	65409
KT781109	65409
KT781110	65409
KT781111	65409
KT781112	65409
KT865635	4146
KT865636	4146
KT865637	4146
KT865638	4146
KT865639	4146
KT865640	4146
KT865641	4146
KT865642	4146
KT865643	4146
KT865644	4146
KT891894	33118
KT891895	33118
KT891896	4076
KT891897	41689
KT891898	41689
KT891899	4081
KT891900	4081
KT891901	4081
KT891902	4081
KT891903	4081
KT891904	112883
KT891905	112883
KT891906	112883
KT891907	112883
KT891908	112883
KT891909	112883
KT891910	112883
KT891911	112883
KT891912	112883
KT891913	337186
KT891914	205524
KT891915	45837
KT891916	45837
KT891917	112863
KT891918	112863
KT891919	4113
KT891920	4113
KT891921	4113
KT891922	4113
KT891923	4113
KT891924	4113
KT891925	4113
KT891926	4113
KT891927	4113
KT891928	4113
KT891929	113208
KT891930	113208
KT891931	113208
KT891932	230192
KT891933	230192
KT891934	109975
KT891935	109975
KT891936	109975
KT891937	230192
KT891938	33120
KT891939	33120
KT891940	33120
KT891941	33120
KT898201	458695
KT898202	63359
KT898203	368926
KT898204	13824
KT898205	446348
KT898206	294733
KT898207	266091
KT898208	3498
KT898209	100506
KT898210	4054
KT898211	48386
KT898212	411227
KT898213	58046
KT898214	76025
KT898215	39358
KT898216	36596
KT898217	3760
KT898218	3893
KT898219	714493
KT898220	22663
KT898221	3956
KT898222	74652
KT898223	226208
KT898224	137457
KT898225	203717
KT898226	50507
KT898228	65409
KT898229	396367
KT898230	3728
KT898231	3897
KT898232	1826903
KT898233	90037
KT898234	155022
KT898235	46417
KT898236	69389
KT898237	43575
KT898238	316493
KT898239	326968
KT898240	714518
KT898241	1082501
KT898252	82279
KT898253	74656
KT898254	2768810
KT898255	262913
KT898256	199623
KT898257	649195
KT898258	714442
KT898259	175694
KT898260	59045
KT898261	48101
KT898262	210372
KT898263	35608
KT898264	100514
KT898265	119829
KT898266	78707
KT898267	362788
KT898268	46112
KT898269	124768
KT898270	106546
KT898271	41568
KT898272	85571
KT898273	174171
KT898274	714458
KT898275	261450
KT898276	458692
KT898277	136217
KT898278	267557
KT898279	157443
KT898280	94219
KT898281	288950
KT898282	35936
KT898283	909164
KT898284	53719
KT898285	253616
KT898286	32224
KT898287	4392
KT898288	354523
KT898290	114476
KT898291	91201
KT898292	48119
KT898293	74613
KT898294	63779
KT898295	4138
KT906005	49168
KT906006	49168
KT906007	49168
KT906008	49168
KT906052	222564
KT906053	222564
KT906054	222564
KT906055	222564
KT906056	222564
KT906057	222564
KT906058	222564
KT906059	222564
KT906060	222564
KT906061	222564
KT906062	222564
KT906063	222564
KT906064	222564
KT906065	222564
KT906066	222564
KT906067	222564
KT906068	222564
KT906069	222564
KT906070	213405
KT906071	213405
KT906072	213405
KT906073	213405
KT906074	213405
KT906075	213405
KT906076	213405
KT906077	213405
KT906078	213405
KT906079	213405
KT906080	213405
KT906081	213405
KT906082	213405
KT906083	213405
KT906084	213405
KT906085	213405
KT906086	213405
KT906087	213405
KT906088	213405
KT907624	1828746
KT907631	49942
KT907656	1892667
KT907727	1892705
KT907729	1892707
KT934331	279687
KT934332	279687
KT934333	279687
KT954181	282738
KT956051	50802
KT960143	29771
KT960204	29771
KT960222	232322
KT960353	241197
KT960363	39862
KT969417	231674
KT969418	231674
KT969419	231674
KT969420	231674
KT969421	231674
KT969422	231674
KT969423	1806195
KT969424	1806195
KT969425	1806195
KT969426	1806195
KT969427	1806195
KT969428	1806195
KT969429	1806195
KT969430	1806195
KT969431	1806196
KT970507	3711
KT970508	3726
KT970509	3726
KT970510	153348
KT970511	153348
KT970512	153348
KT970513	153348
KT970514	153348
KT970515	153348
KT972595	155640
KT972596	155640
KT972597	155640
KT972598	155640
KT972599	155640
KT972600	155640
KT972601	155640
KT972602	155640
KT972603	155640
KT972604	155640
KT972605	155640
KT972606	155640
KT972607	155640
KT972608	155640
KT972609	354508
KT972610	354508
KT972611	354508
KT972612	354508
KT972613	354508
KT972614	354508
KT972615	354508
KT972616	354508
KT972617	354508
KT972618	354508
KT972619	354508
KT972620	354508
KT972621	354508
KT972622	354508
KT972623	354508
KT972624	354508
KT972625	354508
KT972626	354508
KT972627	354508
KT972628	354508
KT972629	354508
KT972630	354508
KT972631	354508
KT972632	354508
KT972633	354508
KT972634	354508
KT972635	354508
KT972636	354508
KT972637	354508
KT972638	354508
KT972639	354508
KT972640	354508
KT972641	354508
KT972642	354508
KT972643	354508
KT972644	354508
KT972645	354508
KT972646	354508
KT972647	68554
KT972648	68554
KT972649	68554
KT972650	68554
KT972651	68554
KT972652	68554
KT972653	68554
KT972654	68554
KT972655	68554
KT972656	68554
KT972657	68554
KT972658	68554
KT972659	68554
KT972660	68554
KT972661	68554
KT972662	68554
KT972663	68554
KT972664	68554
KT972665	68554
KT972666	68554
KT972667	68554
KT972668	68554
KT972669	68554
KT972670	68554
KT972671	13601
KT972672	13601
KT972673	13601
KT972674	13601
KT972675	13601
KT972676	13601
KT972677	13601
KT972678	13601
KT972679	13601
KT972680	3813
KT972681	3813
KT972682	3813
KT972683	3813
KT972684	118781
KT972685	118781
KT972686	118781
KT972687	118781
KT972688	4120
KT985678	581249
KT985985	2448053
KT989435	79768
KT989436	79768
KT989437	79768
KT989438	79768
KT989439	79768
KT989440	79768
KT989441	79768
KT989442	79768
KT989443	79768
KT989444	79768
KT989445	694482
KT989446	79768
KT989447	79768
KT989448	79768
KT989449	79768
KT989450	694482
KT989451	694482
KT989452	694482
KT989453	694482
KT989454	694482
KT989455	694482
KT989456	694482
KT989457	694482
KT989458	694482
KT989459	694482
KT989460	694482
KT989461	694482
KT989462	694482
KT989463	694482
KT989464	694482
KT989465	694482
KT989466	694482
KT989467	694482
KT989468	694482
KT989469	694482
KT989470	694482
KT989471	702304
KT989472	702304
KT989473	702304
KT989474	702304
KT989475	702304
KT989476	702304
KT989477	702304
KT989478	702304
KT989479	702304
KT989480	702304
KT989481	702304
KT989482	702304
KT989483	702304
KT989484	702304
KT989485	702304
KT989486	702304
KT989487	702304
KT989488	702304
KT989489	702304
KT989490	702304
KT989491	702304
KT989492	702304
KT989493	172097
KT989494	172097
KT989495	172097
KT989496	172097
KT989497	172097
KT989498	172097
KT989499	172097
KT989500	172097
KT989501	172097
KT989502	172097
KU061237	587679
KU061238	587679
KU061239	587679
KU095854	1127147
KU128429	1804979
KU128430	1804979
KU128431	1804979
KU128432	1804979
KU128433	1804979
KU128434	1804979
KU128435	909164
KU128436	909164
KU128437	909164
KU128438	909164
KU128439	909164
KU128440	909164
KU128441	909164
KU128442	909164
KU128443	909164
KU128444	362646
KU128445	362646
KU128446	362646
KU128447	362646
KU128448	362646
KU128449	362646
KU128450	362646
KU128451	362646
KU128452	362646
KU130132	3711
KU130133	3711
KU130134	3711
KU130135	3711
KU130136	3711
KU130137	3711
KU130138	3711
KU130139	3711
KU130140	3711
KU130141	3711
KU130142	3711
KU130143	3711
KU130144	3711
KU130145	3711
KU130146	3711
KU130147	3711
KU130148	3711
KU130149	3711
KU130150	3711
KU130151	3711
KU130152	3711
KU130153	3711
KU130154	3711
KU130155	3711
KU130156	3711
KU130157	3711
KU130158	3711
KU130159	3711
KU130160	3711
KU130161	3711
KU130162	3711
KU130163	3711
KU130164	3711
KU130165	3711
KU130166	3711
KU130167	3711
KU130168	3711
KU130169	3711
KU130170	3711
KU130171	3711
KU130172	3711
KU130173	3711
KU130174	3711
KU130175	3711
KU130176	3711
KU130177	3711
KU130178	3711
KU130179	3711
KU130180	3711
KU130181	3711
KU130182	3711
KU130183	3711
KU130184	3711
KU130185	3711
KU130186	3711
KU130187	626364
KU130188	626364
KU130189	626364
KU130190	626364
KU130191	626364
KU130192	626364
KU130193	626364
KU130194	626364
KU130195	626364
KU130196	626364
KU130197	626364
KU130198	626364
KU130199	626364
KU130200	626364
KU130201	626364
KU130202	626364
KU130203	626364
KU130204	626364
KU130205	626364
KU130206	626364
KU130207	626364
KU130208	626364
KU130209	626364
KU130210	626364
KU130211	626364
KU130212	626364
KU130213	626364
KU130214	626364
KU130215	626364
KU130216	626364
KU130217	626364
KU130218	626364
KU130219	626364
KU130220	626364
KU130221	626364
KU130222	626364
KU130223	626364
KU130224	626364
KU130225	626364
KU130226	626364
KU130227	626364
KU130228	626364
KU130229	626364
KU130230	626364
KU130231	626364
KU130232	626364
KU130233	626364
KU130234	626364
KU130235	626364
KU130236	626364
KU130237	626364
KU130238	626364
KU130239	626364
KU130240	626364
KU130241	626364
KU130242	626364
KU130243	626364
KU130244	626364
KU130245	626364
KU130246	626364
KU130247	626364
KU130248	626364
KU130249	626364
KU170208	387127
KU170209	387127
KU170210	387127
KU170211	387127
KU170212	387127
KU170213	387127
KU170214	387127
KU170778	3625
KU170779	165719
KU170780	165712
KU170781	64478
KU170782	64478
KU170783	64480
KU174541	3442
KU174542	3442
KU174543	3442
KU174544	103481
KU174545	103481
KU174546	103481
KU174547	58330
KU174548	58330
KU174551	103482
KU174552	103482
KU174553	74647
KU174555	74647
KU174556	74647
KU174557	405945
KU174558	29747
KU174559	174549
KU174560	174549
KU174561	174549
KU174562	174549
KU174563	174549
KU174564	174549
KU174565	354529
KU174566	354529
KU174567	354529
KU174568	205691
KU174569	205691
KU174570	205691
KU174571	34254
KU174572	34254
KU174573	34254
KU174574	77880
KU174575	77880
KU174576	77880
KU174577	55605
KU174578	279741
KU174579	279741
KU174580	279741
KU174581	2547412
KU174582	2547412
KU174583	2547412
KU174584	29746
KU174585	29746
KU174586	29746
KU174587	84009
KU174588	84009
KU174589	84009
KU174590	1925543
KU174591	1925543
KU174592	1925543
KU174593	55188
KU174594	55188
KU174595	55188
KU174596	109792
KU174597	109792
KU174598	109792
KU174599	23110
KU174600	23110
KU174601	23110
KU174602	137129
KU174603	137129
KU174604	137129
KU174605	46367
KU174606	46367
KU174607	46367
KU174608	279737
KU174609	279737
KU174610	279737
KU174611	179837
KU174612	179837
KU174613	179837
KU174614	1925547
KU174615	1925547
KU174616	1925547
KU174617	72402
KU174618	72402
KU174619	72402
KU174620	345239
KU174621	345239
KU174622	345239
KU174623	294733
KU174624	294733
KU174625	294733
KU174626	82312
KU174627	82312
KU174628	82312
KU174629	265497
KU174630	265497
KU174631	265497
KU174632	105907
KU174633	105907
KU174634	265496
KU174635	265496
KU174636	265496
KU174637	1925544
KU174638	1925544
KU174639	1925544
KU174640	253615
KU174641	253615
KU174642	253615
KU174643	54801
KU174644	54801
KU174645	54801
KU174646	61011
KU174647	61011
KU174648	61011
KU174649	1925545
KU174650	1925545
KU175222	221260
KU182531	4577
KU182532	4577
KU182533	4577
KU182534	4577
KU182536	4577
KU182863	114476
KU182864	4233
KU182865	520843
KU182866	4138
KU182867	259893
KU182868	429560
KU182869	180062
KU182870	85571
KU182871	93977
KU182872	43073
KU182873	587666
KU182874	126820
KU182875	89636
KU182876	4628
KU182877	189247
KU182878	114617
KU182879	65557
KU182880	155640
KU182881	4121
KU182882	91225
KU182883	100514
KU182884	197796
KU182885	63779
KU189218	362630
KU198277	1043419
KU204828	65409
KU204829	65409
KU204830	65409
KU204831	65409
KU204832	65409
KU204833	65409
KU204834	65409
KU204835	65409
KU204836	65409
KU204837	65409
KU216473	197124
KU216474	197124
KU216475	197124
KU216476	197124
KU216477	197124
KU243361	1847820
KU243362	668956
KU243363	54804
KU243364	516549
KU243365	46789
KU243366	467334
KU243367	137693
KU243368	371028
KU243369	61509
KU243370	328376
KU245971	404569
KU247564	354523
KU247565	354523
KU247566	354523
KU247567	354523
KU247568	354523
KU247569	354523
KU247570	354523
KU247571	354523
KU247572	354523
KU247573	354523
KU247574	354523
KU247575	354523
KU247576	354523
KU247577	354523
KU247578	354523
KU247579	354523
KU247580	354523
KU247581	354523
KU247582	354523
KU247583	354522
KU290332	458692
KU290333	458692
KU290334	458692
KU290335	458692
KU356141	291326
KU356142	291326
KU356143	291326
KU356144	291326
KU356145	291326
KU356146	291326
KU356147	291326
KU356148	291326
KU356149	291326
KU356150	291326
KU356151	291326
KU360412	291326
KU360413	291326
KU360414	291326
KU360415	291326
KU360416	291326
KU360417	291326
KU360418	291326
KU360419	291326
KU360420	291326
KU360421	291326
KU360422	291326
KU360423	291326
KU360424	291326
KU360425	291326
KU360426	291326
KU360427	291326
KU360428	291326
KU360429	291326
KU360430	291326
KU360431	291326
KU360432	291326
KU360433	291326
KU360434	291326
KU360435	291326
KU360436	291326
KU360437	291326
KU360438	291326
KU360439	291326
KU360440	291326
KU360441	291326
KU360442	291326
KU360443	291326
KU360444	291326
KU360445	291326
KU360446	291326
KU360447	291326
KU360448	291326
KU360449	291326
KU360450	291326
KU360451	291326
KU360452	291326
KU360453	291326
KU360454	291326
KU360455	291326
KU360456	291326
KU360457	291326
KU360458	291326
KU360459	291326
KU360460	291326
KU360461	291326
KU360462	291326
KU360463	291326
KU360464	291326
KU360465	291326
KU360466	291326
KU360467	291326
KU360468	291326
KU360469	291326
KU360470	291326
KU360471	291326
KU360472	291326
KU360473	291326
KU360474	291326
KU360475	291326
KU360476	291326
KU360477	291326
KU360478	291326
KU360479	291326
KU360480	291326
KU360481	291326
KU360482	291326
KU360483	291326
KU360484	291326
KU360485	291326
KU360486	291326
KU360487	291326
KU360488	291326
KU360489	291326
KU360490	291326
KU360491	291326
KU360492	291326
KU360493	291326
KU360494	291326
KU360495	291326
KU360496	291326
KU360497	291326
KU360498	291326
KU360499	291326
KU360500	291326
KU360501	291326
KU360502	291326
KU360503	291326
KU360504	291326
KU360505	291326
KU360506	291326
KU360507	291326
KU360508	291326
KU360509	291326
KU363195	137887
KU363196	137887
KU363197	137887
KU363198	137888
KU363199	137888
KU363200	137888
KU363201	137130
KU363202	137130
KU363203	137130
KU363204	50785
KU363205	50785
KU363206	50785
KU363207	50802
KU363208	50802
KU363209	50802
KU363210	50804
KU363211	50804
KU363212	489532
KU363213	489529
KU363214	489529
KU363215	489529
KU363216	489510
KU363217	489510
KU365058	1854048
KU365059	1854051
KU365061	1185736
KU366642	1685506
KU366643	1685506
KU366644	1685506
KU366645	259893
KU366646	259893
KU366647	259893
KU366648	487738
KU366649	487738
KU366650	487738
KU366651	1685506
KU366652	1685506
KU366653	1685506
KU366654	1685506
KU366655	1685506
KU366656	1685506
KU366657	1685506
KU366658	1685506
KU366659	1685506
KU366660	1685506
KU366661	41466
KU366662	35608
KU366663	4217
KU366664	4217
KU366665	4217
KU366666	1209444
KU366667	1209444
KU366668	1209444
KU366669	318063
KU366670	318063
KU366671	318063
KU366672	591993
KU366673	591993
KU366674	591993
KU366675	189247
KU366676	189247
KU366677	189247
KU366678	189247
KU366679	50192
KU366680	50192
KU366681	50192
KU366682	90037
KU366683	90037
KU366684	90037
KU366685	90037
KU366686	90037
KU508293	215068
KU508294	50878
KU508295	50878
KU508296	286045
KU508297	632161
KU508298	632161
KU508299	50878
KU508300	632161
KU508301	632161
KU508302	215068
KU508303	215068
KU508304	215068
KU508305	215071
KU508306	248848
KU508307	248837
KU508308	248846
KU508309	248839
KU508310	165309
KU508311	1310058
KU508312	165309
KU508313	165309
KU508314	165309
KU508315	495256
KU508316	1310058
KU508317	165309
KU508318	318058
KU508319	318058
KU508320	318058
KU508321	318058
KU508322	77563
KU508323	318058
KU508324	1871909
KU508325	1871909
KU508326	318058
KU508327	1871909
KU508328	1442784
KU508329	1871911
KU508330	1871911
KU508331	203008
KU508332	487764
KU508333	1674046
KU508334	203013
KU508335	341022
KU508336	1084694
KU508337	296036
KU508338	296036
KU508339	296036
KU508340	69381
KU508341	69381
KU508342	69381
KU508343	191881
KU508344	191881
KU508345	3824
KU508346	3824
KU512367	50749
KU512368	50749
KU512369	1439899
KU512370	50749
KU512371	50749
KU512372	1439899
KU512373	53156
KU512374	53156
KU512375	50749
KU512376	156520
KU512377	53156
KU512378	50749
KU512379	1499135
KU512380	308435
KU512381	553048
KU512382	50749
KU516385	489524
KU534937	204131
KU549389	93824
KU555591	35608
KU555592	35608
KU555593	35608
KU555594	35608
KU555595	35608
KU555596	35608
KU555597	35608
KU555598	35608
KU555599	35608
KU555600	35608
KU555601	35608
KU555602	35608
KU555603	35608
KU555604	35608
KU555605	35608
KU555606	35608
KU555607	35608
KU555608	35608
KU555609	35608
KU555610	35608
KU555611	35608
KU555612	35608
KU555613	35608
KU555614	35608
KU555615	35608
KU555616	35608
KU555617	35608
KU555618	35608
KU555619	496566
KU555620	496566
KU555621	496566
KU555622	1685506
KU555623	1685506
KU555624	1811969
KU555625	1811969
KU555626	1811969
KU555627	1027781
KU555628	1027781
KU555629	401898
KU555630	401898
KU555631	401898
KU555632	72351
KU555633	72351
KU555634	72351
KU555635	72351
KU555636	72351
KU555637	72351
KU555638	72351
KU555639	72351
KU555640	259893
KU555641	259893
KU555642	259893
KU555643	259893
KU555644	259893
KU555645	259893
KU555646	259893
KU555647	259893
KU555648	259893
KU555649	259893
KU555650	259893
KU555651	259893
KU555652	259893
KU555653	259893
KU555654	259893
KU555655	259893
KU555656	259893
KU555657	259893
KU555658	259893
KU555659	259893
KU555660	259893
KU555661	259893
KU555662	259893
KU555663	259893
KU555664	259893
KU555665	259893
KU555666	259893
KU555667	259893
KU555668	259893
KU555669	259893
KU555670	259893
KU555671	259893
KU555672	259893
KU555673	259893
KU555674	259893
KU555675	259893
KU555676	259893
KU555677	259893
KU555678	259893
KU555679	259893
KU555680	1811967
KU555681	1811967
KU555682	1811967
KU555683	1811967
KU555684	1811967
KU555685	1811967
KU555686	318067
KU555687	318067
KU555688	318067
KU555689	318067
KU555690	318067
KU555691	318067
KU555692	318067
KU555693	318067
KU555694	318067
KU555695	318067
KU555696	637488
KU555697	637488
KU555698	637482
KU555699	637482
KU555700	265783
KU555701	265783
KU555702	265783
KU555703	714449
KU555704	714449
KU555705	714449
KU555706	714449
KU555707	1811968
KU555708	1811968
KU555709	1811968
KU555710	1811970
KU555711	1811970
KU555712	1811970
KU555713	1177122
KU555714	1177122
KU555715	1238151
KU555716	1238151
KU586727	43195
KU601568	197124
KU601569	197124
KU601570	197124
KU601572	197124
KU601573	197124
KU601574	197124
KU641526	1810417
KU641527	1810409
KU641528	1810410
KU641529	1338413
KU641530	1810413
KU641531	1810411
KU641532	1810412
KU641533	1810414
KU641534	1810416
KU641535	1810415
KU641536	1177120
KU641537	1338417
KU641538	72334
KU641539	205375
KU641540	1338412
KU645963	1963246
KU645968	1963246
KU645971	1963246
KU645974	1963246
KU645975	1963246
KU645977	1963246
KU719917	1097627
KU727775	4217
KU727776	487738
KU853275	155132
KU853276	161260
KU853277	161260
KU853278	161260
KU853285	76085
KU853302	1111103
KU853305	1907492
KU853309	1907493
KU855054	35608
KU855055	35608
KU855056	35608
KU855057	35608
KU855058	35608
KU855059	35608
KU855060	35608
KU855061	35608
KU855062	714449
KU855063	714449
KU855064	714449
KU855065	714449
KU855066	714449
KU855067	714449
KU855068	714449
KU855069	714449
KU855070	714449
KU855071	714449
KU855072	259893
KU855073	259893
KU855074	259893
KU855075	259893
KU855076	259893
KU855077	259893
KU855078	259893
KU855079	259893
KU855080	259893
KU855081	259893
KU855082	259893
KU855083	259893
KU855084	259893
KU855085	259893
KU855086	259893
KU855087	259893
KU855088	259893
KU855089	259893
KU855090	259893
KU855091	259893
KU855092	259893
KU855093	259893
KU855094	259893
KU855095	259893
KU855096	259893
KU855097	259893
KU855098	259893
KU855099	259893
KU855100	259893
KU855101	259893
KU855102	259893
KU855103	259893
KU855104	259893
KU855105	259893
KU855106	259893
KU855107	259893
KU855108	259893
KU855109	259893
KU855110	259893
KU855111	259893
KU855112	259893
KU855113	259893
KU855114	259893
KU855115	259893
KU855116	259893
KU855117	259893
KU855118	259893
KU855119	259893
KU855120	259893
KU855121	259893
KU855122	259893
KU855123	259893
KU855124	259893
KU855125	259893
KU855126	259893
KU855127	259893
KU855128	1811968
KU855129	1811968
KU855130	1811968
KU855131	1811968
KU855132	1811968
KU855133	1811968
KU855134	265783
KU855135	265783
KU855136	265783
KU855137	265783
KU855138	265783
KU855139	265783
KU855140	265783
KU855141	318067
KU855142	318067
KU855143	318067
KU855144	318067
KU855145	318067
KU855146	318067
KU855147	318067
KU855148	318067
KU855149	318067
KU855150	318067
KU855151	318067
KU855152	318067
KU855153	318067
KU855154	318067
KU855155	637482
KU855156	637482
KU855157	637482
KU855158	637482
KU855159	637482
KU855160	1227632
KU855161	1227632
KU855162	1227632
KU855163	1227632
KU855164	1227632
KU855165	223870
KU855166	223870
KU855167	223870
KU855168	223870
KU855169	205378
KU855170	205378
KU855171	205378
KU855172	637488
KU855173	637488
KU855174	637488
KU855175	637488
KU855176	1177122
KU855177	1177122
KU855178	1177122
KU855179	1177122
KU855180	146995
KU855181	146995
KU855182	146995
KU855183	146995
KU855184	146995
KU855185	147002
KU855186	147002
KU855187	147002
KU855188	147002
KU855335	1238151
KU855336	1238151
KU855337	1238151
KU855338	1238151
KU855339	1238151
KU855340	1811970
KU855341	1811970
KU855342	1811970
KU855343	1811970
KU855344	1811970
KU855345	1811970
KU869621	462689
KU869622	462689
KU869623	462689
KU869624	462689
KU869625	462689
KU869626	462689
KU869627	462689
KU869628	462689
KU869629	462689
KU869630	462689
KU869631	462689
KU869632	462689
KU869633	462689
KU869634	462689
KU869635	462683
KU869636	462683
KU869637	462683
KU869638	462683
KU869639	462683
KU869640	462683
KU869641	462683
KU869642	462683
KU869643	462683
KU869644	462683
KU869645	462688
KU869646	462688
KU869647	462688
KU869648	462688
KU869649	462688
KU869650	462688
KU869651	462688
KU869652	462688
KU869653	462688
KU869654	462688
KU869655	43536
KU869656	43536
KU869657	43536
KU869658	43536
KU869659	43536
KU869660	43536
KU869661	43536
KU869662	43536
KU869663	43536
KU869664	43536
KU869665	43536
KU869666	43536
KU869667	43536
KU869668	254027
KU869669	254027
KU869670	254027
KU869671	669302
KU869672	669302
KU869673	669302
KU869674	669302
KU869675	669302
KU869676	669302
KU869677	669302
KU869678	1883403
KU869679	1883403
KU869680	1883403
KU869681	1883403
KU869682	1883403
KU869683	1883403
KU869684	1883403
KU869685	1883403
KU869686	1883403
KU869687	1883403
KU869688	1883403
KU869689	1883403
KU869690	204133
KU869691	204133
KU869692	204133
KU869693	204133
KU869694	204133
KU869695	204133
KU869696	204133
KU869697	204133
KU869698	204133
KU869699	204133
KU869700	204133
KU869701	204133
KU869702	1813208
KU869703	1813208
KU869704	199544
KU869705	199544
KU869706	662904
KU869707	662904
KU869708	662904
KU878158	49840
KU878159	49840
KU878160	49840
KU878161	49840
KU880773	1974244
KU880774	1974244
KU880775	481622
KU880776	1974245
KU880777	1974246
KU880778	81729
KU880779	81729
KU880781	1993813
KU880782	1974243
KU880783	1974247
KU880784	1974247
KU880785	472838
KU880786	472838
KU880787	1974251
KU880788	1974251
KU880789	34182
KU880790	34182
KU880791	34182
KU880792	1974252
KU880793	1974252
KU880794	472842
KU880795	472842
KU880796	472842
KU880797	472842
KU880798	472844
KU880799	1974255
KU880800	1974255
KU880802	472847
KU880803	1974257
KU880804	1974257
KU880805	1974259
KU880806	1974260
KU880807	1974261
KU880808	1974262
KU880809	1974263
KU880810	1974268
KU880811	1974267
KU880812	1974264
KU880813	1974264
KU880814	472856
KU880815	928047
KU880816	928047
KU880817	1974265
KU880912	221224
KU880913	1974248
KU880918	1974258
KU880919	472854
KU880920	1974269
KU880921	472857
KU891988	361413
KU891989	239403
KU891990	1241048
KU891991	428160
KU891992	239395
KU891993	239395
KU891994	1241103
KU891995	361379
KU891996	239402
KU891997	1547564
KU891998	1547560
KU891999	649659
KU892000	1241109
KU892001	1241109
KU892002	361413
KU892003	239403
KU892004	1241048
KU892005	428160
KU892006	239395
KU892007	239395
KU892008	1241103
KU892009	361379
KU892010	239402
KU892011	1547564
KU892012	1547560
KU892013	649659
KU892014	1241109
KU892015	1241109
KU904432	1887640
KU904433	1887640
KU904434	1887640
KU904435	1887640
KU904436	1887640
KU904437	85957
KU904438	99806
KU904439	1887640
KU904440	120273
KU904441	85957
KU904442	85957
KU904443	85957
KU904444	105884
KU904445	638627
KU904446	638627
KU904447	638626
KU931637	1954564
KU933912	212787
KU962047	1241109
KU962048	1241109
KU962049	1241109
KU962050	1241109
KU962051	1241109
KU962052	1241109
KU962053	1241109
KU962054	1241109
KU962055	1241109
KU962056	1241109
KU962057	1241109
KU962058	1241109
KU962059	1241109
KU962060	1241109
KU962061	1241109
KU962062	1241109
KU962063	1241109
KU962064	1241109
KU962065	1547565
KU962066	1547565
KU962067	1547565
KU962068	1547565
KU962069	1547565
KU962070	1547565
KU962071	1547565
KU962072	1547565
KU962073	1547565
KU962074	1547565
KX014686	1848043
KX023263	179352
KX023264	161865
KX023265	1608955
KX023266	1608955
KX023267	257360
KX023268	94219
KX023269	94219
KX023270	161866
KX023271	142615
KX023272	142615
KX023273	142615
KX023274	142615
KX023275	142615
KX023276	142615
KX023277	142615
KX023278	142615
KX023279	142614
KX023280	117978
KX023281	117978
KX027569	70941
KX061035	1071897
KX064217	41241
KX064218	41241
KX064219	41241
KX064220	174649
KX064221	174649
KX064222	174649
KX064223	174649
KX064224	137229
KX064225	137229
KX064226	137229
KX064227	137229
KX064228	137229
KX064229	137229
KX064230	137229
KX064231	945803
KX073917	291326
KX073918	291326
KX073919	291326
KX073920	291326
KX073921	291326
KX073922	291326
KX073923	291326
KX073924	291326
KX073925	291326
KX073926	291326
KX073927	291326
KX073928	291326
KX073929	291326
KX073930	291326
KX073931	291326
KX073932	291326
KX073933	291326
KX073934	291326
KX073935	291326
KX073936	291326
KX073937	291326
KX073938	291326
KX073939	291326
KX073940	291326
KX077649	1499140
KX079498	1193840
KX086218	50748
KX115436	54211
KX115437	54211
KX115438	54211
KX115439	54211
KX115440	54211
KX115441	54211
KX115442	54211
KX115443	54211
KX115444	54211
KX115445	54211
KX115446	54211
KX115447	488983
KX115448	488983
KX115449	488983
KX115450	1870833
KX115451	1870833
KX115452	1870833
KX115453	680190
KX115454	680190
KX115455	167921
KX115456	167921
KX115457	167921
KX115458	167921
KX115459	167921
KX115460	167921
KX115461	167921
KX115462	54221
KX115463	54221
KX115464	54221
KX115465	1262117
KX115466	1262117
KX115467	1262117
KX115468	1262117
KX115469	1262117
KX115470	1262117
KX115471	1262117
KX115472	49993
KX115473	49993
KX115474	49993
KX115475	1158923
KX115476	1158923
KX115477	1158923
KX115478	167922
KX115479	167922
KX115480	167922
KX115481	167922
KX115482	1262119
KX115483	1262119
KX115484	126435
KX115485	126435
KX131156	265785
KX171662	342060
KX171663	64042
KX171664	64042
KX171665	134525
KX171666	134525
KX171667	33120
KX171668	215068
KX171669	168497
KX171670	168497
KX171671	137693
KX171672	137693
KX171673	137693
KX171674	137693
KX171675	1850233
KX171676	1850233
KX171677	168000
KX171678	168000
KX173431	1854048
KX173432	1854051
KX173434	1185736
KX180965	4222
KX180966	373122
KX180967	227722
KX180968	213255
KX180969	3559
KX180970	3559
KX180971	44681
KX180972	44681
KX180973	79188
KX180974	79188
KX180975	79188
KX180976	16915
KX180977	16915
KX180978	16915
KX180979	16915
KX180980	16915
KX180981	16915
KX180982	3719
KX180983	3719
KX180984	3719
KX180985	13288
KX180986	13288
KX180987	13288
KX180988	409519
KX180989	409519
KX180990	409519
KX180991	632161
KX180992	632161
KX180993	632161
KX180994	286051
KX180995	286051
KX180996	215071
KX180997	215071
KX180998	215071
KX180999	180066
KX181000	180066
KX181001	180066
KX181002	1685506
KX181003	189247
KX181004	188317
KX181005	591993
KX181006	137226
KX181007	1655241
KX181008	286999
KX181009	50878
KX181010	291312
KX181011	195136
KX184225	228726
KX184226	228726
KX184227	228726
KX184228	228726
KX184229	228726
KX184230	228726
KX184231	228726
KX184232	228726
KX184233	228726
KX184234	228726
KX184235	157443
KX184236	157443
KX184237	157443
KX184238	157443
KX184239	157443
KX184240	157443
KX184241	157443
KX184242	157443
KX184243	157443
KX184244	157443
KX184245	157443
KX184246	157443
KX184247	157443
KX184248	1165891
KX184249	1165891
KX184250	516547
KX184251	516547
KX184252	516547
KX184253	516547
KX184254	516547
KX184255	516547
KX184256	516547
KX184257	516547
KX184258	516547
KX184259	516547
KX184260	516547
KX184261	516547
KX184262	516547
KX184263	1165889
KX184264	698326
KX184265	228709
KX184266	228709
KX184267	228898
KX184292	174652
KX184293	174652
KX184294	1828751
KX184295	467334
KX184296	227498
KX184297	64028
KX184298	1849773
KX184299	148623
KX184300	4121
KX184301	13055
KX184302	13055
KX184303	13055
KX185157	259893
KX185158	259893
KX185159	259893
KX185160	259893
KX185161	259893
KX185162	259893
KX185163	259893
KX185164	259893
KX185165	259893
KX185166	259893
KX185167	259893
KX185168	259893
KX185169	259893
KX185170	259893
KX185171	259893
KX185172	259893
KX192296	40722
KX192297	580465
KX192298	215075
KX192299	286999
KX192300	286999
KX192301	203015
KX192302	203015
KX192303	1045114
KX192304	1045114
KX192305	328401
KX192306	328401
KX192307	328401
KX192308	292393
KX192309	292393
KX192310	39358
KX192311	35625
KX192312	64042
KX219663	35608
KX219664	35608
KX219665	35608
KX219666	35608
KX219667	35608
KX219668	35608
KX219669	35608
KX219670	35608
KX219671	35608
KX219672	35608
KX219673	35608
KX219674	35608
KX219675	35608
KX219676	35608
KX219677	35608
KX219678	35608
KX219679	35608
KX219680	35608
KX219681	35608
KX219682	1712247
KX219683	1712247
KX219684	1712247
KX219685	1712247
KX219686	1712247
KX219687	1712247
KX219688	1712247
KX219689	1712247
KX219690	1712247
KX219691	1712247
KX219692	1712247
KX219693	1712247
KX219694	1712247
KX219695	318067
KX219696	318067
KX219697	318067
KX219698	318067
KX219699	318067
KX219700	318067
KX219701	318067
KX219702	318067
KX219703	318067
KX219704	318067
KX219705	637482
KX219706	637482
KX219707	637482
KX219708	637482
KX219709	637482
KX219710	637482
KX219711	637482
KX219712	637482
KX219713	637482
KX219714	637482
KX219715	637482
KX219716	637482
KX219717	637482
KX228746	254027
KX229162	2005096
KX229248	2005121
KX229249	2005123
KX234170	3382
KX234171	3382
KX234172	3382
KX234174	225589
KX234181	33153
KX234184	225590
KX234186	288818
KX234187	288818
KX234189	288818
KX234190	288818
KX234193	225590
KX234194	225590
KX234196	225590
KX234197	225590
KX234198	225590
KX234199	225590
KX234200	1886645
KX234201	1886645
KX234202	1886644
KX234203	1886644
KX234204	1886644
KX234205	1886644
KX234206	1886644
KX234207	3381
KX234208	3381
KX234209	1886646
KX234210	1886647
KX234212	1886610
KX234213	1886646
KX234214	1886647
KX234215	1886610
KX234216	1886610
KX234217	1886610
KX234218	1886610
KX259261	154990
KX259262	154990
KX259263	526195
KX259264	487788
KX259265	487788
KX259266	487788
KX259267	1368264
KX259268	1368264
KX259269	1368264
KX259270	345237
KX259271	308336
KX259272	308336
KX259273	3988
KX259274	3988
KX259275	217505
KX259276	217505
KX259277	217505
KX259278	142738
KX262560	1665508
KX262588	1665506
KX268511	193530
KX268512	357929
KX268513	691238
KX268514	193531
KX268515	627609
KX268516	357929
KX268517	258209
KX268518	193531
KX268519	193530
KX268520	193530
KX268521	193530
KX268522	357931
KX270831	74652
KX270832	45171
KX270833	45171
KX270834	45171
KX270835	45171
KX270836	45171
KX270837	45171
KX270838	45171
KX270839	45171
KX270840	354523
KX270841	354523
KX270842	39358
KX270843	39358
KX270844	39358
KX270845	39358
KX270846	4505
KX270847	35936
KX270848	35936
KX270849	35936
KX270850	35936
KX270851	35936
KX270852	35936
KX270853	35936
KX270854	35936
KX270855	35936
KX270856	35936
KX270857	79002
KX270858	79002
KX270859	79002
KX270860	79002
KX270861	78707
KX270862	265785
KX270863	265785
KX270864	265785
KX270865	265785
KX270866	265785
KX270867	265785
KX270868	265785
KX270869	265785
KX270870	576365
KX270871	576365
KX270872	576365
KX270873	576365
KX270874	85571
KX270875	85571
KX270876	85571
KX270877	85571
KX270878	85571
KX270879	85571
KX270880	85571
KX270881	85571
KX270882	4392
KX270883	43575
KX270884	43575
KX270885	43575
KX270886	43575
KX270887	43575
KX270888	43575
KX270889	43575
KX270890	43575
KX270891	43575
KX270892	43575
KX270893	43575
KX270895	85864
KX270896	74652
KX270897	74652
KX270898	74652
KX270899	74652
KX270900	74652
KX270901	74652
KX270902	45171
KX270903	85571
KX270904	85571
KX270905	85571
KX270906	85571
KX270907	85571
KX270908	85571
KX270909	123564
KX270910	123564
KX270911	123564
KX270912	123564
KX270913	123564
KX270914	123564
KX270915	203643
KX270916	203643
KX270917	203643
KX270918	354523
KX270919	354523
KX270920	354523
KX270921	354523
KX270922	39358
KX270923	39358
KX270924	39358
KX270925	39358
KX270926	39358
KX270927	291326
KX270928	291326
KX270929	291326
KX270930	291326
KX270931	4505
KX270932	4505
KX270933	4505
KX270934	4505
KX270935	4505
KX270936	4505
KX270937	4505
KX270938	4505
KX270939	4505
KX270940	4505
KX270941	4465
KX270942	4465
KX270943	4465
KX270944	4465
KX270945	4465
KX270946	4465
KX270947	4465
KX270948	4465
KX271889	595344
KX271890	595344
KX271891	595344
KX271892	595344
KX302721	455371
KX302722	455371
KX302723	455371
KX302724	455371
KX302725	455371
KX302726	455371
KX302727	455371
KX302728	455371
KX302729	1424752
KX302730	4112
KX302731	4112
KX302732	4112
KX302733	4112
KX302734	4112
KX302735	4112
KX302736	4112
KX302737	4112
KX302738	63359
KX302739	63359
KX302740	63359
KX302741	63359
KX302742	189247
KX302743	189247
KX302744	189247
KX302745	189247
KX302746	292617
KX302747	292617
KX302748	292617
KX302749	292617
KX302750	292617
KX302751	230597
KX302752	46415
KX302753	4054
KX302754	4054
KX302755	258202
KX302756	44982
KX302757	44586
KX302758	44982
KX302759	44982
KX302760	44982
KX302761	44982
KX302762	44982
KX302763	44982
KX302764	748693
KX302765	16752
KX302766	16752
KX302767	82207
KX302768	82207
KX302769	82207
KX302770	43166
KX302771	43166
KX302772	43166
KX302773	48386
KX302774	48386
KX302775	93611
KX302776	230192
KX302777	230192
KX302778	230192
KX302779	230192
KX302780	230192
KX302781	43067
KX302782	108868
KX302783	108868
KX302784	108868
KX302785	3719
KX302786	3719
KX302787	455371
KX302788	455371
KX302789	455371
KX302790	455371
KX302791	455371
KX302792	455371
KX302793	455371
KX302794	455371
KX302795	69389
KX302796	69389
KX302797	69389
KX302798	69389
KX302799	69389
KX302800	69389
KX302801	79772
KX302802	79772
KX302803	79772
KX302804	79772
KX302805	79772
KX302806	3625
KX302807	312531
KX302808	312531
KX302809	312531
KX302810	312531
KX302811	312531
KX302812	312531
KX302813	189247
KX302814	189247
KX302815	4054
KX302816	4054
KX302817	4054
KX302818	4054
KX302819	4054
KX302820	4054
KX302821	4054
KX302822	4054
KX302824	258202
KX302825	44586
KX302826	44586
KX302827	44586
KX302828	44586
KX302829	44586
KX302830	44586
KX302831	44586
KX302832	44586
KX302833	44586
KX302834	748693
KX302835	748693
KX302836	748693
KX302837	748693
KX302838	44588
KX302839	44588
KX302840	44588
KX302841	44588
KX302842	44588
KX302843	44588
KX302844	44588
KX302845	44588
KX302846	44588
KX302847	44588
KX302848	282553
KX302849	282553
KX302850	282553
KX302851	16752
KX302852	16752
KX302853	16752
KX302854	48386
KX302855	48386
KX302856	48386
KX302857	48386
KX302858	48386
KX302859	886264
KX352146	146996
KX352147	146996
KX364112	228726
KX364113	228726
KX364114	228726
KX364115	228726
KX364116	228726
KX364117	228726
KX364118	228726
KX364119	228726
KX364120	228726
KX364121	228726
KX364122	157443
KX364123	157443
KX364124	157443
KX364125	157443
KX364126	157443
KX364127	157443
KX364128	157443
KX364129	157443
KX364130	157443
KX364131	157443
KX364132	157443
KX364133	157443
KX364134	157443
KX364135	1165891
KX364136	1165891
KX364137	516547
KX364138	516547
KX364139	516547
KX364140	516547
KX364141	516547
KX364142	516547
KX364143	516547
KX364144	516547
KX364145	516547
KX364146	516547
KX364147	516547
KX364148	516547
KX364149	516547
KX364150	1165889
KX364151	698326
KX364152	228709
KX364153	228709
KX364154	228898
KX365330	339321
KX365337	1948900
KX371765	452830
KX431080	489981
KX431081	489980
KX431082	489980
KX431083	489977
KX431084	489977
KX431085	2021736
KX431086	2021736
KX431087	85181
KX431088	85181
KX431089	85181
KX431090	85181
KX431091	85181
KX431092	85181
KX431093	85181
KX431094	85181
KX431095	85181
KX431096	85181
KX431097	85181
KX431098	1172590
KX431099	1172590
KX431100	1172590
KX431101	1172590
KX431102	1172590
KX431103	1172588
KX431104	1172588
KX431105	1172588
KX431106	1172588
KX431107	1172588
KX431108	1172588
KX431109	2021737
KX431110	2021737
KX431111	1172591
KX431112	1172591
KX431113	458696
KX431114	458696
KX431115	458696
KX431116	458696
KX431117	458696
KX450384	669127
KX450385	669127
KX450386	669127
KX450387	669127
KX450388	669127
KX450389	587666
KX450390	77896
KX450391	77896
KX450392	77896
KX450393	77896
KX450394	77896
KX450395	77896
KX458118	374964
KX458119	374964
KX458120	374964
KX458121	374962
KX458122	374962
KX458123	374962
KX458124	374962
KX458125	374962
KX458126	374962
KX458127	221258
KX458128	221258
KX458129	221258
KX458130	221260
KX458131	221260
KX458132	221260
KX458133	221260
KX458134	221260
KX458135	221260
KX458136	1405454
KX458137	1405454
KX458138	1405454
KX458139	1405454
KX458140	221254
KX458141	221254
KX458142	221254
KX458143	82502
KX458144	82502
KX458145	82502
KX458146	452455
KX458147	452455
KX499615	1747498
KX499618	1747498
KX546555	317036
KX546556	317036
KX546557	155286
KX546558	155286
KX546559	155286
KX546560	155287
KX546561	155287
KX546562	317038
KX546563	317038
KX546564	317039
KX546565	1679291
KX546566	1679291
KX546567	1679287
KX546568	1679287
KX546569	1679286
KX546570	1358788
KX546571	1358788
KX546572	1358788
KX546573	1358789
KX546574	1358789
KX546575	1358789
KX546576	1358789
KX546577	1358792
KX546578	1780282
KX546579	1780282
KX546580	1780282
KX546581	1603709
KX546582	1603709
KX546583	1603709
KX546584	397101
KX546585	397101
KX546586	13429
KX546587	1532343
KX546588	1532343
KX546589	1155220
KX546590	1155220
KX546591	470718
KX546592	470718
KX546593	714455
KX546594	714455
KX546595	562952
KX546596	562952
KX546597	344096
KX546598	397103
KX546599	1679291
KX546600	1679287
KX546601	1358789
KX546602	1358792
KX546603	128609
KX546604	1679292
KX546605	155290
KX546606	155290
KX546607	155291
KX546608	155291
KX546609	155291
KX546610	155292
KX546611	155292
KX546612	590039
KX546613	136126
KX546614	344091
KX546615	344091
KX546616	155293
KX546617	155293
KX546618	155293
KX546619	155294
KX546620	155294
KX546621	155294
KX546622	1981898
KX546623	1981898
KX546624	1981898
KX546625	1715696
KX546626	1715696
KX546627	943092
KX546628	943092
KX546629	943092
KX546630	155296
KX546631	155296
KX546632	1981899
KX546633	1981899
KX546634	155297
KX546635	155297
KX546636	155297
KX546637	155297
KX546638	155297
KX546639	155297
KX546640	1981900
KX546641	1981900
KX546642	155299
KX546643	155299
KX546644	155299
KX546645	155299
KX546646	344084
KX546647	344084
KX546648	344084
KX546649	344103
KX546650	1981901
KX546651	943093
KX546652	344077
KX546653	344077
KX546654	1981904
KX546655	1679282
KX546656	1679282
KX546657	1009485
KX546658	1009486
KX546659	1009486
KX546660	1981906
KX546661	1981906
KX546662	344078
KX546663	344078
KX546664	344078
KX546665	656923
KX546666	1981907
KX546667	1981907
KX546668	1981907
KX546669	1981908
KX546670	391049
KX546671	391049
KX546672	391049
KX546673	325539
KX546674	460775
KX546675	460775
KX546676	1981909
KX546677	1981909
KX546678	1981914
KX546679	1981909
KX546680	325537
KX546681	325537
KX546682	325537
KX546683	1043459
KX546684	1981910
KX546685	1043460
KX546686	1043460
KX546687	1043460
KX546688	1043460
KX546689	1043460
KX546690	136126
KX546691	136126
KX546692	136126
KX546693	943096
KX546694	943096
KX546695	943096
KX546696	1981911
KX546697	1981911
KX546698	1981911
KX546699	610225
KX546700	610225
KX546701	610225
KX546702	325542
KX546703	325542
KX546704	325542
KX546705	325542
KX546706	325542
KX546707	1981903
KX546708	460778
KX546709	610231
KX546710	610231
KX546711	610231
KX546712	460780
KX546713	460780
KX546714	460781
KX546715	460781
KX546716	460781
KX546717	460781
KX546718	325543
KX546719	325543
KX546720	325543
KX546721	325543
KX546722	1981912
KX546723	1981912
KX546724	1043461
KX546725	1043461
KX546726	128685
KX546727	128685
KX546728	128685
KX546729	460782
KX546730	460782
KX546731	460782
KX546732	684742
KX546733	684742
KX546734	684742
KX546735	684742
KX546736	1043506
KX546737	1043506
KX546738	436449
KX546739	436449
KX546740	344103
KX546741	344103
KX546742	344103
KX546743	155302
KX546744	155302
KX546745	344105
KX546746	344105
KX546747	344105
KX546748	344105
KX546749	155303
KX546750	1043461
KX546751	155303
KX546752	155303
KX546753	155303
KX546754	470718
KX546755	155297
KX546756	13429
KX546757	344111
KX546758	344103
KX546759	344113
KX546760	344113
KX546761	344113
KX546762	344115
KX546763	436451
KX546764	155292
KX546765	436451
KX546766	344116
KX546767	344116
KX546768	1981913
KX546769	1981913
KX546770	1981913
KX546771	1504467
KX546772	1780285
KX546773	325544
KX546774	460787
KX546775	1679399
KX546776	1679399
KX546777	590039
KX546778	590039
KX546779	325546
KX546780	325546
KX546781	460789
KX546782	460789
KX581806	401898
KX581835	72332
KX581836	72332
KX581837	72332
KX581838	72332
KX581839	1508732
KX581840	1508732
KX581841	1508732
KX581842	35608
KX581843	35608
KX581844	35608
KX581845	205362
KX581846	205362
KX581847	72341
KX581848	72341
KX581849	72341
KX581850	72341
KX581851	72341
KX581852	72341
KX581853	72341
KX581854	401898
KX581855	401898
KX581856	401898
KX581857	401898
KX581858	1227631
KX581859	669136
KX581860	669136
KX581861	669136
KX581862	401928
KX581863	401928
KX581864	401928
KX581865	86317
KX581866	86317
KX581867	72351
KX581868	72351
KX581869	72351
KX581870	72351
KX581871	72351
KX581872	72351
KX581873	205378
KX581874	205378
KX581875	205378
KX581876	72354
KX581877	72354
KX581878	72354
KX581879	72354
KX581880	4220
KX581881	4220
KX581882	4220
KX581883	4220
KX581884	4220
KX581885	4220
KX581886	4220
KX581887	4220
KX586084	226208
KX586085	226208
KX586086	226208
KX586087	226208
KX586088	226208
KX586089	342062
KX586090	342062
KX586091	342062
KX586092	342062
KX586093	342062
KX586094	342065
KX586095	342065
KX586096	342065
KX586097	587670
KX586098	587670
KX586099	587670
KX602161	396313
KX663335	83937
KX663336	108594
KX663337	39353
KX663338	49168
KX663339	2023225
KX663340	106335
KX663341	78707
KX663342	82207
KX663343	114617
KX674737	82096
KX674738	82096
KX674739	16906
KX674740	16906
KX674741	16906
KX674742	136217
KX674743	384659
KX674744	384659
KX674745	52491
KX674746	136224
KX674747	128017
KX674748	128017
KX674749	105884
KX674750	105884
KX674751	312531
KX674752	312531
KX674755	36596
KX674756	36596
KX674757	99300
KX674758	99300
KX674759	714513
KX674760	43575
KX674761	43575
KX674762	655181
KX674763	655181
KX674764	4217
KX674765	4217
KX674766	41568
KX674767	41568
KX674768	74613
KX674769	74613
KX674770	35883
KX674771	35883
KX674772	94007
KX674773	94007
KX674780	48119
KX674781	48119
KX674782	48119
KX674783	4432
KX674784	4432
KX674785	100506
KX674786	100506
KX674787	199225
KX674788	199225
KX674789	197796
KX674790	197796
KX674791	59045
KX674792	324593
KX674793	324593
KX674794	4072
KX674795	346985
KX674796	346985
KX674797	362788
KX674798	362788
KX674799	261450
KX674800	261450
KX674801	261448
KX674802	3498
KX674803	3498
KX674804	64029
KX674805	64029
KX674806	64029
KX674807	174171
KX674808	253616
KX674809	32224
KX674810	151430
KX674811	151430
KX674812	3760
KX674813	3760
KX674814	714518
KX674815	714518
KX674816	13331
KX674817	76098
KX674818	76098
KX674819	100514
KX674820	100514
KX674821	47064
KX674822	47064
KX674823	649199
KX674824	649199
KX674825	45171
KX674826	45171
KX674827	265785
KX674828	265785
KX674829	108546
KX674830	82313
KX674831	82313
KX674832	79002
KX674833	79002
KX674834	82327
KX674838	94286
KX674839	94286
KX674840	94286
KX674841	203717
KX674842	203717
KX674846	126418
KX674847	126418
KX674848	68554
KX674849	68554
KX674850	354508
KX674851	354508
KX674852	88730
KX674853	88730
KX674854	88730
KX674855	50507
KX674856	50507
KX674857	714458
KX674858	714458
KX674859	35936
KX674860	35936
KX674863	4182
KX674864	85363
KX674865	174171
KX674866	153729
KX674867	253611
KX674868	91201
KX674869	91201
KX674870	91201
KX674871	152363
KX674872	152363
KX674873	55190
KX674875	4054
KX674876	4054
KX674877	4054
KX674878	49840
KX674879	49840
KX674880	210334
KX674881	210334
KX674882	483143
KX674883	483143
KX674884	85571
KX674885	85571
KX674886	748703
KX674887	748703
KX674888	748703
KX674889	43166
KX674892	512623
KX674893	512623
KX674894	155132
KX674895	155132
KX674896	41486
KX674901	112863
KX674902	112863
KX674903	112883
KX674904	112883
KX674905	294751
KX674906	294751
KX674907	50507
KX674908	3483
KX674909	119829
KX674911	210369
KX674912	199623
KX674913	94328
KX674914	94328
KX674915	252870
KX674916	210334
KX674917	261450
KX674918	261449
KX674919	151440
KX674920	36596
KX674921	52491
KX674922	52491
KX674923	714518
KX674924	44685
KX674925	44685
KX674926	44685
KX674927	384659
KX674928	48101
KX674929	85363
KX674930	49827
KX674931	35924
KX674932	35924
KX674933	49840
KX674934	102211
KX674935	4392
KX674936	4392
KX674937	262913
KX674938	262913
KX674939	262913
KX674940	59045
KX674941	59045
KX674942	4072
KX674943	4072
KX674944	362788
KX674945	28545
KX674946	28545
KX674947	355332
KX674948	355332
KX674949	253618
KX674950	32224
KX674951	63351
KX674952	253611
KX674953	174171
KX674954	748693
KX674955	748693
KX674956	748693
KX674957	354523
KX674958	354523
KX674959	13331
KX674960	366665
KX674961	366665
KX674962	366665
KX674963	649199
KX674964	714459
KX674965	714459
KX674969	152363
KX674970	82313
KX674971	82327
KX674972	137220
KX674973	137226
KX674974	137226
KX674975	137221
KX674976	137221
KX674977	137220
KX674978	108546
KX674979	33113
KX674980	33113
KX674981	33113
KX674982	4222
KX674983	82528
KX674984	82528
KX674985	126418
KX674986	354508
KX674987	68554
KX674988	458692
KX674989	458692
KX674990	458692
KX674992	4182
KX674993	65409
KX674994	65409
KX674995	65409
KX674996	82096
KX674997	85363
KX674998	48101
KX674999	48101
KX675000	136217
KX675001	136217
KX675002	128017
KX675003	105884
KX675004	312531
KX675006	170481
KX675007	170481
KX675008	170481
KX675009	151440
KX675010	151440
KX675011	99300
KX675012	714513
KX675013	714513
KX675014	43575
KX675015	655181
KX675016	4217
KX675017	146995
KX675018	146995
KX675019	146995
KX675020	41568
KX675021	49827
KX675022	49827
KX675023	74613
KX675024	4530
KX675025	4530
KX675026	4530
KX675027	35924
KX675028	35883
KX675029	94007
KX675030	354523
KX675031	199623
KX675032	199623
KX675036	483143
KX675037	173280
KX675038	173280
KX675039	173280
KX675040	173278
KX675041	173278
KX675042	173278
KX675043	33152
KX675044	33152
KX675045	33152
KX675046	114476
KX675047	114476
KX675048	114476
KX675049	100506
KX675050	199225
KX675051	197796
KX675052	4392
KX675053	4432
KX675054	151430
KX675055	3760
KX675056	324593
KX675057	346985
KX675058	261449
KX675059	261449
KX675060	261448
KX675061	261448
KX675062	3498
KX675063	28545
KX675064	64032
KX675065	64032
KX675066	64032
KX675067	64034
KX675068	64034
KX675069	64034
KX675070	43166
KX675071	43166
KX675072	85571
KX675073	253618
KX675074	253618
KX675075	63351
KX675076	63351
KX675077	153729
KX675078	153729
KX675079	253616
KX675080	253616
KX675081	253611
KX675082	32224
KX675083	219868
KX675084	219868
KX675085	219868
KX675086	355332
KX675087	125261
KX675088	512623
KX675089	13331
KX675090	155132
KX675091	76098
KX675092	100514
KX675093	47064
KX675094	714459
KX675095	45171
KX675096	94328
KX675097	41486
KX675098	41486
KX675099	265785
KX675100	108546
KX675101	79002
KX675102	82327
KX675103	76025
KX675104	76025
KX675105	76025
KX675106	137220
KX675107	137221
KX675108	137226
KX675109	683755
KX675110	683755
KX675111	683755
KX675112	292393
KX675113	292393
KX675114	292393
KX675115	55190
KX675116	55190
KX675117	112863
KX675118	112883
KX675119	165499
KX675120	54724
KX675121	203717
KX675122	4222
KX675123	82528
KX675125	4138
KX675126	4138
KX675127	28511
KX675128	28511
KX675131	294751
KX675132	265783
KX675133	265783
KX675134	265783
KX675135	714458
KX675136	35936
KX675137	4182
KX675138	3677
KX714226	221162
KX714227	117798
KX714228	117798
KX714229	117798
KX779071	33152
KX779072	288820
KX779073	173276
KX779074	173276
KX779075	173276
KX779076	173278
KX779077	257425
KX779078	257425
KX779079	173280
KX779080	173280
KX779081	173280
KX779082	173280
KX779083	191309
KX779084	3389
KX779085	1303468
KX779086	288823
KX779087	173278
KX779088	173278
KX779089	1930050
KX779090	1930050
KX779091	1930050
KX779092	1930050
KX779093	108377
KX779094	108377
KX779095	108377
KX779096	545370
KX779097	545370
KX779098	545370
KX779099	545370
KX779100	545370
KX779101	545370
KX779102	108362
KX779103	108362
KX779104	108362
KX779105	108362
KX779106	108362
KX779107	108362
KX779108	108362
KX779109	108453
KX779110	108453
KX779111	108453
KX810051	54229
KX810052	860750
KX810053	13601
KX810054	271247
KX810055	354507
KX810056	354508
KX810057	152286
KX810058	152286
KX810059	152286
KX810060	152286
KX810061	152286
KX810199	254027
KX810200	254027
KX810201	254027
KX810202	254027
KX810203	254027
KX810204	254027
KX810205	254027
KX810206	254027
KX810207	254027
KX810208	254027
KX810209	43536
KX810210	43536
KX810211	43536
KX813692	357929
KX813693	357929
KX813694	357929
KX813695	357929
KX813696	357929
KX813697	357929
KX813698	627609
KX813699	627609
KX813700	627609
KX813701	627609
KX813702	627609
KX813703	627609
KX813704	627609
KX813705	627609
KX856964	184140
KX866381	1961827
KX866383	54711
KX866384	54711
KX896703	458692
KX896704	458692
KX896705	458692
KX896706	458692
KX896707	458692
KX896708	458692
KX896709	458692
KX896710	458692
KX896711	458692
KX896712	404569
KX896713	404569
KX896714	404569
KX896715	404569
KX896716	54428
KX896717	54428
KX896718	54428
KX896719	54428
KX896720	404570
KX896721	404570
KX896722	404570
KX896723	404570
KX896724	404570
KX896725	38903
KX896726	38903
KX896727	38903
KX896728	38903
KX896729	54431
KX896730	54431
KX896731	54431
KX896732	116726
KX896733	439688
KX896734	439688
KX896735	439688
KX896736	439688
KX896737	91146
KX896738	91146
KX896739	516554
KX896740	516554
KX896741	516554
KX896742	1961230
KX896743	1961230
KX896744	1961230
KX896745	91146
KX896746	91146
KX896747	91146
KX896748	1961231
KX896749	1961231
KX896750	91146
KX925399	49553
KX950796	1073321
KX961178	190712
KX961179	13288
KX961180	193516
KX961181	497687
KX961182	258211
KX961183	60188
KX961184	86864
KX961185	345237
KX961186	174162
KX961187	16752
KX961188	482967
KX961189	193516
KX984010	261449
KX984011	261449
KX998404	69389
KX998405	69389
KX998406	69389
KX998407	69389
KX998408	69389
KX998409	69389
KX998410	69389
KX998411	69389
KX998412	69389
KX998413	69389
KX998414	69389
KX998415	69389
KX998416	69389
KX998417	69389
KX998418	69389
KX998419	69389
KX998420	69389
KX998421	69389
KX998422	69389
KX998423	69389
KX998424	69389
KX998425	69389
KX998426	69389
KX998427	69389
KX998428	69389
KX998429	69389
KX998430	69389
KX998431	69389
KX998432	69389
KX998433	69389
KX998434	69389
KX998435	69389
KX998436	69389
KX998437	69389
KX998438	69389
KX998439	69389
KX998440	69389
KX998441	69389
KX998442	69389
KX998443	69389
KX998444	69389
KX998445	69389
KX998446	69389
KX998447	69389
KX998448	69389
KX998449	69389
KX998450	69389
KX998451	69389
KX998452	69389
KX998453	69389
KX998454	69389
KX998455	69389
KX998456	69389
KX998457	69389
KX998458	69389
KX998459	69389
KX998460	69389
KX998461	69389
KX998462	69389
KX998463	69389
KX998464	69389
KX998465	69389
KX998466	69389
KX998467	69389
KX998468	69389
KX998469	69389
KX998470	69389
KX998471	69389
KX998472	69389
KX998473	69389
KX998474	69389
KX998475	69389
KX998476	69389
KX998477	69389
KX998478	69389
KX998479	69389
KX998480	69389
KX998481	69389
KX998482	69389
KX998483	69389
KX998484	66386
KX998485	66386
KX998486	66386
KX998487	66386
KX998488	66386
KX998489	66386
KX998490	66386
KX998491	463880
KX998492	463880
KX998493	463880
KX998494	463880
KX998495	463880
KX998496	463880
KX998497	463880
KX998498	463880
KX998499	255352
KX998500	255352
KX998501	255352
KX998502	255352
KX998503	255352
KX998504	255352
KX999326	105808
KX999327	210332
KX999328	210332
KX999329	210332
KX999330	167473
KX999331	85277
KX999332	361618
KX999333	2038672
KX999334	1048799
KX999335	2038673
KX999336	380185
KX999337	380185
KX999338	1766675
KX999339	1766676
KX999340	361619
KX999341	361619
KX999342	213841
KX999343	2038674
KX999344	85280
KX999345	985675
KX999346	1679342
KX999347	125004
KX999348	125004
KX999349	125004
KX999350	125004
KX999351	470287
KX999352	470287
KX999353	470287
KX999354	2038675
KX999355	2038675
KX999356	2038675
KX999357	2038675
KY006164	1903196
KY041766	1699510
KY041767	580465
KY041768	626364
KY041769	1165888
KY041770	996405
KY041771	1499133
KY041772	50802
KY041773	1686258
KY067662	1970674
KY080650	2036834
KY082767	41401
KY082768	63779
KY082769	79772
KY082770	54229
KY082771	443222
KY082772	516554
KY082773	648882
KY082774	3311
KY082775	92927
KY082776	1045548
KY082777	286919
KY082778	35924
KY082779	105303
KY082780	39527
KY082781	927809
KY082782	100515
KY082783	100534
KY082784	213283
KY082785	306303
KY082786	213255
KY082787	110867
KY082788	326968
KY082789	210357
KY082790	255352
KY082791	240005
KY082792	1399668
KY082793	167744
KY082794	288950
KY082795	693372
KY082796	312789
KY082797	587682
KY082798	48386
KY082799	48386
KY082800	199544
KY111259	118363
KY120293	44586
KY120294	44586
KY120295	44586
KY120296	44586
KY120297	44588
KY120298	44588
KY120299	44588
KY120300	4054
KY120301	4054
KY120302	4054
KY120303	4054
KY120304	4054
KY120305	4054
KY120306	4054
KY120307	4054
KY120308	4054
KY120309	4054
KY120310	4054
KY120311	4054
KY120312	4054
KY120313	4054
KY120314	44586
KY120315	44586
KY120316	44586
KY120317	44586
KY120318	44586
KY120319	44588
KY123829	126418
KY123830	282539
KY123831	4031
KY123832	73200
KY123833	47519
KY123834	47519
KY123835	47519
KY123836	210332
KY123837	210332
KY123838	210332
KY123839	173669
KY123840	173669
KY123841	173669
KY123842	467334
KY123843	173672
KY123844	16906
KY123845	16906
KY123846	16906
KY123847	4112
KY123848	4112
KY197905	497687
KY197906	73154
KY197907	296035
KY197908	720869
KY197909	396476
KY197910	210372
KY197911	212301
KY197912	3818
KY197913	53893
KY197914	3847
KY197915	491286
KY197916	35708
KY197917	56033
KY197918	3589
KY197919	46150
KY197920	56857
KY197921	142181
KY197922	258162
KY197923	58330
KY197924	103484
KY197925	71608
KY197926	228246
KY197927	41689
KY197928	46417
KY197929	1874238
KY197930	1150289
KY197931	39358
KY197932	39271
KY197933	1338535
KY197934	424425
KY197935	167911
KY197936	4138
KY197937	100494
KY223635	13612
KY223636	86758
KY223637	114511
KY223638	258162
KY223639	228391
KY223640	13413
KY223641	16924
KY223642	13601
KY223643	182321
KY223644	28501
KY223645	212239
KY223646	212239
KY223647	282542
KY223648	282542
KY223649	282542
KY223650	282542
KY223651	282539
KY223652	4049
KY223653	210328
KY223654	93977
KY223655	458695
KY223656	339321
KY223657	284589
KY223658	124789
KY223659	1045114
KY223660	105884
KY223661	2015378
KY223662	1177760
KY223663	4049
KY223664	4049
KY224026	748719
KY224027	748721
KY224028	748721
KY224029	748721
KY224030	748721
KY224031	748721
KY224032	231674
KY224033	231674
KY224034	231674
KY224035	231674
KY224036	231674
KY224037	231674
KY224038	231674
KY224039	231674
KY224040	231674
KY224041	231674
KY224042	1973159
KY224043	1973159
KY224044	1973159
KY224045	1973159
KY224046	1973159
KY224047	1973159
KY224048	1973159
KY224049	714493
KY224050	714493
KY224051	714493
KY224052	714493
KY224053	714493
KY224054	714493
KY224055	748719
KY224056	748719
KY224057	748719
KY224058	748719
KY224059	748719
KY224060	748719
KY224061	748719
KY224062	748719
KY224063	748719
KY224064	748719
KY235229	883761
KY235230	883761
KY235231	883761
KY250447	122812
KY250448	122812
KY250449	122812
KY250450	122814
KY250451	122814
KY270958	2029856
KY270959	2029856
KY270960	2029856
KY270961	2029856
KY270962	2029856
KY271460	222564
KY271461	222564
KY271462	222564
KY271463	222564
KY271464	222564
KY271465	222564
KY271466	222564
KY271467	222564
KY271468	222564
KY271469	222564
KY271470	222564
KY271471	222564
KY271472	222564
KY271473	222564
KY271474	222564
KY271475	222564
KY271476	222564
KY271477	222564
KY271478	222564
KY271479	222564
KY271480	49168
KY271481	49168
KY271482	49168
KY271483	49168
KY271484	213405
KY271485	213405
KY271486	213405
KY271487	213405
KY271488	213405
KY271489	213405
KY271490	213405
KY271491	213405
KY271492	213405
KY271493	213405
KY271494	213405
KY271495	213405
KY271496	213405
KY271497	213405
KY271498	213405
KY271499	213405
KY271500	213405
KY271501	213405
KY271502	213405
KY272675	4112
KY272676	230192
KY272677	230192
KY272678	230192
KY272679	354528
KY272680	354528
KY272681	354528
KY272682	45837
KY272683	45837
KY272684	45837
KY272685	139772
KY272686	283122
KY272687	199156
KY272688	161750
KY272689	1505188
KY272690	271247
KY272691	271247
KY272692	271247
KY272693	114476
KY272694	114476
KY272695	114476
KY272696	114476
KY272697	114476
KY272698	114476
KY283821	387931
KY283822	387931
KY283823	387931
KY312454	1177204
KY312455	2068724
KY312456	463583
KY312457	205360
KY312458	463582
KY312459	463584
KY312460	463585
KY312461	2068725
KY312462	2068726
KY312463	159697
KY312464	466056
KY312465	2068727
KY312466	463586
KY312467	463587
KY312468	1177205
KY312469	466075
KY312470	463588
KY312471	2068728
KY312472	344877
KY312473	466057
KY312474	1115760
KY312475	2068729
KY312476	2068730
KY312477	35608
KY312478	669127
KY312479	463590
KY312480	344871
KY312481	146993
KY312482	466063
KY312483	1177207
KY312484	196241
KY312485	146996
KY312486	146997
KY312487	146998
KY312489	147000
KY312490	147001
KY312491	413251
KY312492	205383
KY312493	205386
KY312494	99084
KY312495	466073
KY312496	457748
KY312497	463589
KY312498	217474
KY346839	714493
KY346840	714493
KY346841	231674
KY346842	231674
KY346843	231674
KY346844	748719
KY346845	748719
KY346846	748721
KY346847	748721
KY377941	137229
KY377942	137229
KY377943	137229
KY377944	41241
KY377945	41241
KY377946	41241
KY377947	41241
KY377948	41241
KY377949	41241
KY377950	1883429
KY377951	1883429
KY377952	1883429
KY377953	1883429
KY381624	1504490
KY385393	50767
KY385394	50767
KY385395	50767
KY385396	50767
KY385397	50767
KY385398	50767
KY385410	1499142
KY385411	1499142
KY385412	1499142
KY385413	1499142
KY385414	50761
KY385415	50761
KY385416	50761
KY385417	50761
KY385418	50761
KY385419	156522
KY385420	156522
KY385421	156522
KY417254	1045225
KY438014	1045230
KY438056	2068741
KY453997	97723
KY453998	97750
KY453999	518704
KY454000	4636
KY454001	125259
KY454002	199627
KY454003	110709
KY454004	311405
KY454005	116726
KY454006	136207
KY454007	97754
KY454008	136216
KY454009	94327
KY454010	49577
KY454011	125259
KY454012	125261
KY454695	97750
KY454696	97749
KY454699	97751
KY454700	340432
KY457566	29780
KY457567	29780
KY460719	52153
KY460875	52153
KY488151	85571
KY488152	37334
KY488153	37334
KY488154	37334
KY488155	354508
KY488156	354508
KY488157	354508
KY488158	354508
KY488159	328401
KY488160	68554
KY488161	68554
KY488162	261451
KY488163	261450
KY489891	105884
KY489892	105884
KY489893	105884
KY489894	370638
KY489895	638626
KY489896	638626
KY489897	638626
KY489898	638627
KY489899	638627
KY489900	112523
KY496937	13419
KY496942	262280
KY496943	262280
KY496944	300218
KY496945	300216
KY496946	3429
KY496947	3431
KY496958	262280
KY496959	262280
KY496960	262280
KY496961	262280
KY496962	262280
KY496963	262280
KY496964	262280
KY496965	262280
KY496966	3431
KY496970	300216
KY496971	3431
KY508446	339027
KY508447	331158
KY508448	1525811
KY508449	339046
KY508450	569774
KY508451	163264
KY508452	312809
KY508453	78707
KY508454	78707
KY508455	78707
KY508456	1185422
KY508457	1185423
KY508458	1185423
KY508459	1470447
KY508460	2029069
KY508461	1185425
KY508462	2029070
KY508463	2021389
KY508464	309535
KY508465	941464
KY508466	941464
KY508467	941464
KY508468	309532
KY508469	1470417
KY508470	1470417
KY508471	1470417
KY508472	1541224
KY508473	1541227
KY508474	256348
KY508475	1898889
KY508476	1909157
KY508477	1496040
KY508478	1496040
KY508479	1617328
KY508480	1237121
KY508481	173080
KY508482	1617335
KY508483	1617335
KY508484	2029071
KY508485	1674452
KY508486	141728
KY508487	71595
KY508488	71595
KY508489	1508132
KY508490	2029072
KY508491	459596
KY508492	112603
KY508493	2029073
KY508494	160525
KY508495	160528
KY508496	78740
KY508497	160530
KY508498	160531
KY508499	160531
KY508500	2029074
KY508501	160532
KY508502	112612
KY508503	112612
KY508504	112612
KY508505	112615
KY508506	934700
KY508507	934700
KY508508	160538
KY508509	142611
KY508510	154290
KY508511	906689
KY508512	154291
KY508513	154291
KY508514	161865
KY508515	154289
KY508516	181002
KY508517	181002
KY508518	161866
KY508519	142612
KY508520	179354
KY508521	117953
KY508522	142613
KY508523	178741
KY508524	161867
KY508525	161868
KY508526	161869
KY508527	117954
KY508528	117954
KY508529	161870
KY508530	257357
KY508531	142614
KY508532	94219
KY508533	169179
KY508534	858932
KY508535	37622
KY508536	335155
KY508537	117978
KY508538	906878
KY508539	257360
KY508540	172646
KY508541	941465
KY508542	1088842
KY508543	1914875
KY508544	1417354
KY508545	180500
KY508546	665586
KY508547	1088373
KY508548	2584348
KY508549	2584348
KY508550	798536
KY508551	164262
KY508552	164262
KY508553	164262
KY508554	164262
KY508555	426903
KY508556	331205
KY508557	1559809
KY508558	419420
KY508559	1559810
KY508560	327326
KY508561	327332
KY508562	256364
KY508563	256364
KY508564	60011
KY508565	1617348
KY508566	1898897
KY508567	1559821
KY508568	331223
KY508569	907957
KY508570	53081
KY508571	53094
KY508572	53094
KY508573	2566086
KY508574	53103
KY508575	53103
KY508576	339107
KY508577	1189607
KY508579	679631
KY508580	120015
KY508581	2029075
KY508582	84098
KY508583	180499
KY508584	1190699
KY508585	1190699
KY508586	2029076
KY508587	2029077
KY508590	2026862
KY508591	1909158
KY508592	1617358
KY508593	339115
KY508594	2029078
KY508595	2029078
KY508596	2029078
KY508597	280450
KY508598	1617360
KY508599	1508137
KY508600	331251
KY508601	117406
KY508602	2029079
KY508603	1617367
KY508604	38195
KY508605	536166
KY508606	1088844
KY612024	1568988
KY612027	1958850
KY612041	1958859
KY612042	1958860
KY612043	242041
KY612047	1220084
KY632589	2038585
KY632607	141298
KY632617	1189063
KY645502	289058
KY645505	1208418
KY645508	157652
KY656704	2016200
KY670801	124999
KY670802	69449
KY670803	66672
KY670804	66672
KY670805	66672
KY670806	66675
KY670807	66675
KY670808	66675
KY670809	2086536
KY670810	2086538
KY670811	2086534
KY670812	2086534
KY670813	2086533
KY670814	1382064
KY670815	2086537
KY670816	2086532
KY670817	2086535
KY670818	2086535
KY670819	2086539
KY670820	2086539
KY670821	2086540
KY670822	2086531
KY670823	2086531
KY670824	2086531
KY670825	2086530
KY670826	2086530
KY670827	69456
KY670828	69456
KY670829	69456
KY670830	69456
KY670831	2086529
KY670832	2086529
KY680250	1928652
KY680251	1928652
KY680253	126910
KY680254	126910
KY688379	52451
KY688380	52451
KY688381	52451
KY688382	52451
KY688383	52451
KY688384	52451
KY688385	52451
KY688386	52451
KY688387	52451
KY688388	52451
KY688389	52451
KY688390	52451
KY688391	52451
KY688392	52451
KY688393	52451
KY688394	52451
KY688395	52451
KY688396	52451
KY688397	52451
KY688398	52451
KY688399	52451
KY688400	52451
KY688401	52451
KY688402	52451
KY688403	52451
KY688404	52451
KY688405	52451
KY688406	52451
KY688407	52451
KY688408	52451
KY688409	52451
KY688410	52451
KY688411	52451
KY688412	52451
KY688413	52451
KY688414	52451
KY688415	52451
KY688416	52451
KY688417	52451
KY688418	52451
KY688419	52451
KY688420	52451
KY688421	52451
KY688422	52451
KY688423	52451
KY688424	52451
KY688425	52451
KY688426	52451
KY688427	52451
KY688428	52451
KY688429	52451
KY688430	52451
KY688431	52451
KY688432	52451
KY694401	165353
KY694402	165353
KY694403	165353
KY694404	165353
KY694405	165353
KY694406	165353
KY694407	165353
KY694421	359522
KY694422	359522
KY694423	359522
KY694424	359507
KY694425	46367
KY694426	359138
KY694427	359138
KY694428	359138
KY694429	948041
KY694430	948041
KY694431	948041
KY694432	948041
KY694433	948041
KY694434	948041
KY694435	48105
KY694437	1170855
KY694438	1170855
KY694439	1170855
KY694440	1170855
KY694441	1170855
KY694442	1170855
KY694443	1170855
KY694444	1170855
KY694445	1170855
KY701310	93611
KY701311	93611
KY701312	93611
KY701313	93611
KY701314	93611
KY701315	93611
KY701316	93611
KY701317	93611
KY701318	93611
KY702715	2044332
KY706616	161396
KY745791	142615
KY745792	142615
KY745793	142615
KY745794	142615
KY745795	142615
KY745796	142615
KY745797	142615
KY745798	142615
KY745799	142615
KY745800	94219
KY745801	94219
KY745802	154290
KY745803	154290
KY745804	161865
KY745805	161865
KY745806	154294
KY745807	154294
KY745808	154291
KY745809	154291
KY745810	117978
KY745811	117978
KY745812	94219
KY745813	142611
KY745814	142611
KY745815	161866
KY745816	859507
KY745817	117978
KY745818	179348
KY745819	117954
KY745820	172645
KY745821	169179
KY745822	2034675
KY745823	2034676
KY745824	117953
KY745825	178741
KY745826	169180
KY745827	426115
KY745828	154289
KY745829	178741
KY745830	467198
KY745831	161869
KY745832	50283
KY745833	179350
KY745834	179352
KY745835	142611
KY745836	142612
KY745837	161868
KY745838	142614
KY745839	142612
KY745840	179351
KY745841	179350
KY745842	179351
KY745843	469460
KY745844	161871
KY745845	257360
KY745846	179355
KY745847	94219
KY745848	169180
KY745849	169180
KY745850	94219
KY745851	111597
KY745852	1003621
KY745853	331162
KY745854	468851
KY745855	154291
KY745856	212056
KY745857	179349
KY745858	161867
KY745859	117955
KY745860	161868
KY745861	257355
KY745862	172646
KY745863	524432
KY745864	179349
KY745865	173437
KY745866	60011
KY745867	78707
KY745868	360335
KY745869	142404
KY746321	382113
KY746322	382113
KY746323	382113
KY746324	382113
KY746325	382113
KY746326	382113
KY746327	382113
KY746328	382113
KY746329	382113
KY746330	382113
KY746331	382113
KY746332	382113
KY746333	93608
KY746334	93608
KY746335	93608
KY746336	93608
KY746337	93608
KY750655	553064
KY750656	553064
KY750657	553064
KY750658	553064
KY750659	553064
KY750660	553064
KY750661	553064
KY750662	553064
KY750663	553057
KY750664	553057
KY750665	553057
KY750666	553057
KY750667	292393
KY750668	292393
KY750669	292393
KY750670	292393
KY750671	292393
KY750672	292393
KY750673	292393
KY750674	292393
KY750675	292393
KY750676	292393
KY750677	292393
KY750678	292393
KY750679	55190
KY750680	55190
KY750681	55190
KY750682	55190
KY750683	55190
KY750684	55190
KY753811	161396
KY767814	2035797
KY767816	2035798
KY783481	213405
KY783482	222564
KY786056	4146
KY824794	3897
KY872717	29760
KY928289	4442
KY928297	4442
KY928299	4442
KY928301	4442
KY942083	434246
KY942084	434246
KY944716	2126370
KY944717	2126370
KY964343	187505
KY964344	187505
KY964345	187505
KY964346	187505
KY964347	187505
KY964348	187505
KY964349	187505
KY964350	187505
KY964351	187505
KY964352	187505
KY964353	187505
KY964354	187505
KY964355	187505
KY964356	187505
KY964357	187505
KY964358	187505
KY964359	187505
KY964360	187505
KY964361	187505
KY964362	187505
KY964363	187505
KY964364	187505
KY964365	187505
KY964366	187505
KY964367	187505
KY964368	187505
KY964369	187505
KY964370	187505
KY964371	187505
KY964372	187505
KY964373	187505
KY964374	187505
KY964375	187505
KY964376	187505
KY964377	187505
KY964378	187505
KY964379	187505
KY964380	187505
KY964381	187505
KY964382	187505
KY964383	187505
KY964384	187505
KY964385	187505
KY964386	187505
KY964387	187505
KY964388	187505
KY964389	187505
KY964390	187505
KY964391	187505
KY964392	187505
KY964393	187505
KY964394	187505
KY964395	187505
KY964396	187505
KY964397	187505
KY964398	187505
KY964399	187505
KY964400	187505
KY964401	152349
KY978484	553064
KY978485	553064
KY978486	553064
KY978487	553064
KY978488	553064
KY978489	553064
KY978490	553064
KY978491	553064
KY978492	553057
KY978493	553057
KY978494	553057
KY978495	553057
KY978496	292393
KY978497	292393
KY978498	292393
KY978499	292393
KY978500	292393
KY978501	292393
KY978502	292393
KY978503	292393
KY978504	292393
KY978505	292393
KY978506	292393
KY978507	292393
KY978508	292393
KY978509	292393
KY978510	292393
KY978511	292393
KY978512	292393
KY978513	292393
KY982596	459629
KY987476	685054
KY987477	3677
KY987478	3677
KY987479	3677
KY987480	3677
KY987481	3677
KY987482	3677
KY987483	3677
KY987484	3677
KY987485	3677
KY987486	3677
KY987487	3677
KY987488	3677
KY987489	3677
KY987490	3677
KY987491	2478897
KY987492	676073
KY987493	676073
KY987494	676073
KY992328	136225
KY992329	136225
KY992330	136225
KY992331	136225
KY992332	136225
KY992333	97746
KY992334	97746
KY992335	97746
KY992336	97746
KY992337	97746
KY992338	97746
KY992339	2138286
KY992340	2138286
KY992341	2138286
KY992342	2138286
KY992343	2138286
KY992344	2138286
KY992345	2138286
KY992346	2138286
KY992347	2138287
KY992348	2138287
KY992349	2138287
KY992350	2138287
KY992351	2138287
KY992352	2138287
KY992353	2138287
KY992354	97723
KY992355	97723
KY992356	97723
KY992357	136224
KY992358	136224
L10757	278718
L10759	20402
L10761	20403
L10763	20404
L10765	20405
L10767	278719
L10769	20407
L10771	20408
L10773	20410
L10775	20411
L10777	278721
L10779	20414
L10780	20415
L10781	20415
L10783	20417
L10785	20420
L10787	20421
L10789	278723
L10791	20423
L10793	20424
L10795	20425
L10796	20426
L10799	20484
L10801	20511
L10803	278725
L10805	278726
L10806	20805
L10809	20409
L10810	278720
L10811	278720
L10813	278722
L10814	20418
L10815	20418
L10817	1151064
L32922	34220
L33212	34224
L33213	34221
L33214	34222
L33216	34225
L33217	34226
L33218	34227
L33219	34227
L33220	34227
L33221	34227
L33222	34228
L33223	34228
L33224	34229
L33225	34230
L33226	34231
L33227	34232
L33228	34233
L33230	34235
L33231	34236
L33232	34238
L33233	34239
L33234	34240
L33235	34241
L33236	34243
L33237	34235
L33238	34243
L33239	34242
L33240	34243
L33241	34244
L33459	34225
L35855	41653
L35856	41507
L35857	41531
L35858	41539
L35859	41484
L35861	41498
L35862	41635
L35864	41511
L35865	41534
L35866	41540
L35867	41550
L35868	41594
L35869	41545
L35870	41663
L35871	41505
L35872	41516
L35873	41535
L35874	41541
L35875	41561
L35876	40727
L35877	41546
L35878	41538
L35879	41522
L35880	41536
L35881	41466
L35882	41571
L35883	41472
L35884	41560
L35885	41506
L35886	41526
L35887	41537
L35888	4217
L35889	40592
L35890	41502
L35891	2741397
L40924	49068
L40925	49069
L40926	49070
L40927	49071
L40928	49072
L40929	49073
L40930	49074
L41547	72645
L41548	1616377
L41549	3285
L41550	49507
L41551	41964
L41554	49543
L41555	3377
L41556	3305
L41564	49866
L41565	3311
L41566	3382
L41568	49502
L41569	3240
L41570	49539
L41571	50246
L41572	4666
L41573	49541
L41579	13818
L41580	49855
L41581	49856
L41582	49857
L41583	49858
L41584	49509
L41585	49510
L41586	49511
L41587	4545
L41588	49545
L41590	49859
L41591	4582
L41592	4714
L41593	49495
L41594	49499
L41595	49500
L41596	3396
L41597	49860
L41598	46247
L41599	3271
L41600	3419
L41601	3388
L41602	49862
L41603	49863
L41604	3617
L42184	3627
L42185	4355
L42186	49997
L42187	4357
L42188	49998
L42190	4359
L42191	50002
L42192	50003
L42193	50004
L42194	50005
L42195	45176
L42196	50006
L42197	3627
L42199	4355
L42200	49997
L42201	4357
L42202	49998
L42203	50000
L42204	4359
L42205	50002
L42206	50003
L42207	50004
L42208	50005
L42209	45176
L42210	50006
L42278	50001
L42279	50001
L48116	50198
L48118	381767
L48120	50199
L48122	50201
L48124	50209
L48126	50200
L48128	50202
L48130	50208
L48132	50211
L48134	50195
L48136	43188
L48138	43190
L48140	43192
L48142	43194
L48144	43195
L48146	43199
L48148	43200
L48150	43202
L48152	43204
L48154	43207
L48156	43203
L48158	43203
L48160	43197
L48161	43197
L48162	43197
L48164	43208
L48166	43206
L48168	50203
L48170	50203
L48172	50212
L48174	50197
L48176	50197
L48288	50191
L48290	50191
L48292	50196
L48294	50196
L48296	50213
L48298	50205
L48300	50204
L48302	50193
L48304	50207
L48306	50194
L48308	50192
L48310	50206
L48312	50210
L48314	50214
L48316	50217
L48318	50223
L48320	50223
L48322	50223
L48324	50196
L48326	50219
L48328	50219
L48330	50221
L48332	50224
L48334	50222
L48336	50222
L48338	50225
L48800	3527
L75874	63345
L75875	63351
L75876	39279
L75877	35933
L75878	63349
L77157	48401
L77159	46963
L77161	49683
L77163	49681
L77165	49684
L77167	23262
L77169	41401
L77171	2495462
LC081191	1712215
LC148069	251771
LC164215	3767
LC164216	3767
LC164217	3767
LC164218	3767
LC164219	3767
LC164220	3767
LC216215	49652
LC222258	55484
LC313957	4220
LC313959	2022800
LC313960	2022775
LC342287	173280
LC342288	173278
LC342289	173280
LC342290	173280
LC342291	173280
LC342292	173280
LC342293	173280
LC342294	173278
LC365377	291501
LC424470	2316889
LC424472	2316889
LC438878	4432
LC438898	170989
LC438906	13393
LC456386	159033
LC461825	86757
LC461833	3996
LC474976	2565757
LC508659	85359
LC508660	85359
LC508661	85359
LC508662	85359
LC508663	85359
LC508664	85359
LC508665	85359
LC548420	3670
LC574985	91242
LC579955	2174088
LC583249	252870
LC583250	252870
LC583251	252870
LC583252	2068773
LC583253	2068773
LC583255	2068773
LC583256	648859
LC583257	252868
LC583258	252868
LC583259	1045231
LC583260	2068752
LC583262	252870
LC583263	252870
LC583264	252870
LC583265	252870
LC583266	2068773
LC583267	2068773
LC583269	2068773
LC583270	2068773
LC583271	2068773
LC583272	648859
LC583273	648859
LC583274	648859
LC583275	648859
LC583276	648859
LC583277	252868
LC583278	1045231
LC583279	2068752
LC616373	648859
LC616374	1045231
LC616375	252870
LC616376	252870
LC616377	2068773
LC616378	1045231
LC646037	101743
LC646038	714457
LC646039	241842
LC646040	1749380
LC646041	141317
LC646042	504053
LC646043	537489
LC646044	504047
LC646046	478908
LC646047	504049
LC646048	175694
LC646049	4189
LC646050	13327
LC646051	328098
LC646052	241842
LC646053	13327
LC646054	328098
LC646055	241842
LC646056	328098
LC646057	175694
LC646058	175694
LC646059	175694
LC646060	175694
LC646061	175694
LC646062	504053
LC646063	504053
LC646064	504053
LC646065	101743
LC646066	101743
LC646067	714457
LC646068	714457
LC646069	714457
LC646070	13327
LC646071	241842
LC646072	175694
LC646073	175694
LC661942	252870
LC661943	2068773
LC661944	648859
LC661945	648859
LC661946	252868
LC661947	2068752
LC661949	252870
LC661950	252870
LC661951	252870
LC661952	252870
LC661953	252870
LC661954	252870
LC661955	252870
LC661956	252870
LC661957	252870
LC661958	252870
LC661959	252870
LC661960	252870
LC661961	252870
LC661962	252870
LC661963	252870
LC661964	2068773
LC661965	252870
LC661966	252870
LC661967	252870
LC661968	252870
LC661969	252870
LC661970	252870
LC661971	252870
LC661972	2068773
LC661973	648859
LC661974	648859
LC661975	648859
LC661976	648859
LC661977	648859
LC661978	252868
LC661979	252868
LC661980	1045231
LC661981	1045231
LC661982	1045231
LC661983	1045231
LC661984	1045231
LC661985	1045231
LC661986	1045231
LC661987	1045231
LC661988	1045231
LC661989	1045231
LC661990	1045231
LC704581	758917
LC704584	884040
LC766603	100514
LC766653	100514
LC766655	100514
LC766657	100514
LC766659	100514
LC766661	100514
LC766663	100514
LC766665	100514
LC766693	100514
LC766695	100514
LC766700	100514
LC766704	100514
LC766720	100514
LC766738	100514
LC766760	100514
LC766763	100514
LC766769	100514
LC766771	100514
LC766777	100514
LC766782	100514
LC767012	100514
LC898720	33127
LC919691	187286
LC940013	210340
LC940014	241842
LC940015	241842
LC940016	241842
LC940017	328098
LC940018	328098
LC940019	13327
LC940020	13327
LC940021	13327
LC940022	13327
LC940023	13327
LC941326	210340
LC941327	210340
LC941328	210340
LC941329	210340
LC941330	210340
LC941331	210340
LC941332	210340
LC941333	210340
LC941334	210340
LC941335	210340
LC941336	210340
LC941337	210340
LC941338	210340
LC941339	210340
LC941340	210340
LC941341	210340
LC941342	210340
LC941343	210340
LC941344	210340
LC941345	210340
LC941346	210340
LC941347	210340
LC941348	210340
LC941349	210340
LC941350	210340
LM654383	90605
LN589648	1543391
LN589656	1520937
LN589698	478944
LN589699	691214
LN589707	63442
LN589714	56477
LR828567	2099738
LS452987	240037
LT009698	1785120
LT220894	4547
LT220895	62334
LT220896	62335
LT220897	152679
LT220898	50346
LT220899	1249013
LT220900	1249012
LT220901	154764
LT220902	672237
LT558105	452763
LT558106	452765
LT558108	452785
LT558110	452786
LT558111	405848
LT558112	37565
LT558113	675744
LT558114	2709
LT558115	43711
LT558116	298346
LT599695	1874160
LT599733	379310
LT722032	1941405
MF004207	698326
MF004208	698326
MF004209	698326
MF004210	698326
MF004211	1165889
MF004212	1165889
MF004213	765270
MF004214	765270
MF004215	228726
MF004216	228726
MF004217	228726
MF004218	228726
MF004219	228726
MF004220	228726
MF004221	228726
MF004222	228726
MF004223	228726
MF004224	228726
MF004225	228726
MF004226	228726
MF004227	516547
MF004228	516547
MF004229	516547
MF004230	516547
MF004231	516547
MF004232	516547
MF004233	516547
MF004234	516547
MF004235	516547
MF004236	516547
MF004237	516547
MF004238	1740896
MF004239	1740896
MF033306	2184523
MF033307	2184523
MF033308	2184523
MF033309	43575
MF033310	43575
MF033311	43575
MF033312	43575
MF033313	43575
MF033314	43575
MF033315	43575
MF033316	43575
MF033317	43575
MF033318	43575
MF033319	43575
MF033320	43575
MF033321	43575
MF033322	43575
MF033323	43575
MF033324	43575
MF033325	43575
MF033326	43575
MF033327	655181
MF033328	655181
MF033329	655181
MF033330	655181
MF033331	1442760
MF033332	714512
MF033333	714512
MF033334	714512
MF033335	714514
MF033336	714514
MF033337	714514
MF033338	714514
MF033339	714514
MF033340	714513
MF033341	714513
MF033342	714513
MF033343	714513
MF033344	714513
MF039484	1056468
MF039485	1500039
MF039486	1056474
MF039487	328401
MF039488	328401
MF039489	328401
MF039490	328401
MF039491	328401
MF039492	328401
MF039493	328401
MF039494	328401
MF039495	328401
MF039496	328401
MF039497	328401
MF039498	328401
MF039499	328401
MF039500	354529
MF039501	354529
MF039502	67938
MF039503	67938
MF039504	67938
MF039505	67938
MF039506	67938
MF039507	67938
MF039508	67938
MF039509	67938
MF039510	67938
MF039511	67938
MF039512	67938
MF039513	1803871
MF039514	1803871
MF039515	1803871
MF039516	1803871
MF039517	1803871
MF039518	1803872
MF039519	328401
MF039520	328401
MF039521	328401
MF039522	328401
MF039523	328401
MF039524	67938
MF039525	328402
MF039526	328402
MF039527	328402
MF039528	328402
MF039529	328402
MF039530	67938
MF039531	328401
MF039532	1336656
MF039533	1336656
MF039534	159071
MF039535	328401
MF039536	1803872
MF039537	328401
MF039538	328401
MF039539	328401
MF039540	67938
MF039541	328401
MF039542	328401
MF039543	67938
MF039544	328401
MF041912	2099777
MF061316	346985
MF061317	346985
MF061318	346985
MF067418	346985
MF067419	346985
MF067420	346985
MF067421	346985
MF067422	346985
MF067423	346985
MF067424	346985
MF067425	346985
MF076953	508682
MF076954	2200778
MF076958	199618
MF076963	252851
MF076964	105371
MF076965	136217
MF076966	508682
MF076967	2200778
MF076985	105677
MF076987	1540383
MF076989	252851
MF083141	276782
MF083693	118363
MF085530	126820
MF085531	126820
MF085532	126820
MF085533	126820
MF085534	126820
MF085535	126820
MF085536	126820
MF085537	126820
MF085538	126820
MF085539	126820
MF085540	126820
MF085541	126820
MF085542	126820
MF085543	126820
MF085544	126820
MF085545	126820
MF085547	346985
MF085548	346985
MF085549	346985
MF085550	346985
MF085551	346985
MF085552	346985
MF085553	346985
MF085554	346985
MF085555	346985
MF095889	37690
MF095890	265764
MF095891	265764
MF095892	265764
MF095893	265764
MF095894	265764
MF095895	265764
MF095896	105886
MF095897	105886
MF095898	105886
MF095899	105886
MF095900	105886
MF095901	105886
MF095902	384659
MF095903	384659
MF095904	384659
MF095905	384659
MF095906	384659
MF095907	384659
MF095908	384659
MF095909	85363
MF095910	85363
MF095911	85363
MF095912	85363
MF095913	85363
MF095914	85363
MF095915	13331
MF095916	13331
MF095917	13331
MF095918	13331
MF095919	13331
MF095920	13331
MF095921	262913
MF095922	262913
MF095923	262913
MF095924	262913
MF095925	262913
MF095926	262913
MF095927	125259
MF095928	125259
MF095929	125259
MF095930	125259
MF095931	125259
MF095932	125259
MF095933	125261
MF095934	125261
MF095935	125261
MF095936	125261
MF095937	125261
MF095938	199623
MF095939	199623
MF095940	199623
MF095941	199623
MF095942	199623
MF095943	199627
MF095944	199627
MF095945	199627
MF095946	199627
MF095947	199627
MF095948	199627
MF095949	252870
MF095950	252867
MF095951	252867
MF095952	252867
MF095953	252867
MF095954	252867
MF095955	252867
MF095956	649195
MF095957	649195
MF095958	649195
MF095959	649195
MF095960	649195
MF095961	649195
MF095962	252847
MF095963	252847
MF095964	252847
MF095965	252847
MF095966	252847
MF095967	252847
MF095968	59045
MF095969	59045
MF095970	59045
MF095971	59045
MF095972	59045
MF095973	48101
MF095974	714446
MF095975	48101
MF095976	48101
MF095977	714446
MF095978	714446
MF095979	714446
MF095980	714446
MF095981	714446
MF095982	48101
MF095983	48101
MF095984	85712
MF095985	85712
MF095986	85712
MF095987	85712
MF095988	287721
MF095989	287721
MF095990	287721
MF095991	287721
MF095992	287721
MF095993	4217
MF095994	4217
MF095995	4217
MF095996	4217
MF095997	4217
MF095998	4217
MF095999	227498
MF096000	227498
MF096001	227498
MF096002	227498
MF096003	227498
MF096004	227498
MF096005	227494
MF096006	227494
MF096007	227494
MF096008	228806
MF096009	228806
MF096010	228806
MF096011	228806
MF096012	228806
MF096013	373122
MF096014	373122
MF096015	373122
MF096016	373122
MF096017	366666
MF096018	366666
MF096019	366666
MF096020	366666
MF096021	366666
MF096022	366666
MF096023	366665
MF096024	366665
MF096025	100514
MF096026	100514
MF096027	100514
MF096028	100514
MF096029	100514
MF096030	588669
MF096031	588669
MF096032	588669
MF096033	588669
MF096034	588669
MF096035	588669
MF096036	119829
MF096037	119829
MF096038	119829
MF096039	119829
MF096040	649199
MF096041	649199
MF096042	649199
MF096043	649199
MF096044	649199
MF096045	649199
MF096046	265785
MF096047	265785
MF096048	265785
MF096049	265785
MF096050	265785
MF096051	265785
MF096052	41486
MF096053	41486
MF096054	41486
MF096055	41486
MF096056	41486
MF096057	41486
MF096058	41486
MF096059	41486
MF096060	41486
MF096061	33113
MF096062	33113
MF096063	33113
MF096064	33113
MF096065	33113
MF096066	33113
MF096067	483143
MF096068	483143
MF096069	483143
MF096070	483143
MF096071	483143
MF096072	483143
MF096073	4072
MF096074	4072
MF096075	4072
MF096076	4072
MF096077	4072
MF096078	4072
MF096079	4222
MF096080	4222
MF096081	4222
MF096082	4222
MF096083	4222
MF096084	4222
MF096085	346985
MF096086	346985
MF096087	346985
MF096088	346985
MF096089	362788
MF096090	362788
MF096091	362788
MF096092	362788
MF096093	362788
MF096094	72402
MF096095	72402
MF096096	72402
MF096097	72402
MF096098	72402
MF096099	72402
MF096100	64034
MF096101	64034
MF096102	64034
MF096103	64034
MF096104	64029
MF096105	64029
MF096106	64029
MF096107	64029
MF096108	64029
MF096109	64029
MF096110	64032
MF096111	64032
MF096112	64032
MF096113	64032
MF096114	64032
MF096115	64032
MF096116	64042
MF096117	64042
MF096118	64042
MF096119	13429
MF096120	13429
MF096121	13429
MF096122	13429
MF096123	13429
MF096124	13429
MF096125	119260
MF096126	119260
MF096127	119260
MF096128	119260
MF096129	85571
MF096130	85571
MF096131	85571
MF096132	85571
MF096133	85571
MF096134	86864
MF096135	86864
MF096136	86864
MF096137	86864
MF096138	94283
MF096139	94283
MF096140	94283
MF096141	94283
MF096142	94283
MF096143	94283
MF096144	94284
MF096145	94284
MF096146	94284
MF096147	94284
MF096148	86864
MF096149	86864
MF096150	94284
MF096151	714458
MF096152	714458
MF096153	714458
MF096154	714458
MF096155	714458
MF096156	714458
MF096157	261448
MF096158	261448
MF096159	261448
MF096160	261448
MF096161	261448
MF096162	261448
MF096163	261449
MF096164	261449
MF096165	261449
MF096166	261449
MF096167	261449
MF096168	261450
MF096169	261450
MF096170	261450
MF096171	261450
MF096172	261450
MF096173	261450
MF096174	16906
MF096175	16906
MF096176	16906
MF096177	16906
MF096178	16906
MF096179	16906
MF096180	458692
MF096181	458692
MF096182	458692
MF096183	510735
MF096184	510735
MF096185	510735
MF096186	510735
MF096187	510735
MF096188	510735
MF096189	82528
MF096190	82528
MF096191	82528
MF096192	82528
MF096193	82528
MF096194	82528
MF096195	497687
MF096196	497687
MF096197	497687
MF096198	497687
MF096199	497687
MF096200	497687
MF096201	136218
MF096202	136218
MF096203	136216
MF096204	136221
MF096205	136218
MF096206	136221
MF096207	136221
MF096208	136221
MF096209	136217
MF096210	136217
MF096211	136217
MF096212	136217
MF096213	136221
MF096214	627609
MF096215	627609
MF096216	627609
MF096217	627609
MF096218	627609
MF096219	627609
MF096220	512623
MF096221	512623
MF096222	512623
MF096223	512623
MF096224	714465
MF096225	714465
MF096226	714465
MF096227	714465
MF096228	714465
MF096229	714465
MF096230	128017
MF096231	128017
MF096232	128017
MF096233	128017
MF096234	128017
MF096235	35936
MF096236	35936
MF096237	35936
MF096238	35936
MF096239	35936
MF096240	35936
MF096241	272675
MF096242	272675
MF096243	173280
MF096244	173280
MF096245	173280
MF096246	173280
MF096247	173280
MF096248	173280
MF096249	173278
MF096250	173278
MF096251	173278
MF096252	33152
MF096253	173278
MF096254	173278
MF096255	173278
MF096256	33152
MF096257	33152
MF096258	33152
MF096259	33152
MF096260	33152
MF096261	153729
MF096262	153729
MF096263	153729
MF096264	253618
MF096265	253618
MF096266	253618
MF096267	253618
MF096268	253618
MF096269	253616
MF096270	253616
MF096271	253616
MF096272	253611
MF096273	253611
MF096274	253611
MF096275	253611
MF096276	253616
MF096277	253611
MF096278	63351
MF096279	63351
MF096280	63351
MF096281	63351
MF096282	63351
MF096283	32224
MF096284	32224
MF096285	32224
MF096286	32224
MF096287	32224
MF096288	32224
MF096289	4392
MF096290	4392
MF096291	4392
MF096292	4392
MF096293	4392
MF096294	4392
MF096295	4414
MF096296	4414
MF096297	4414
MF096298	4414
MF096299	4414
MF096300	4414
MF096301	354523
MF096302	354523
MF096303	354523
MF096304	354523
MF096305	354523
MF096306	354523
MF096313	205691
MF096314	205691
MF096315	205691
MF096316	205691
MF096317	126418
MF096318	126418
MF096319	126418
MF096320	126418
MF096321	126418
MF096322	126418
MF096323	108546
MF096324	108546
MF096325	108546
MF096326	108546
MF096327	108546
MF096328	108546
MF096329	152092
MF096330	152088
MF096331	152092
MF096332	152092
MF096333	152092
MF096334	152088
MF096335	152088
MF096336	108544
MF096337	108544
MF096338	108544
MF096339	108544
MF096340	152095
MF096341	152095
MF096342	152095
MF096343	152095
MF096344	152095
MF096345	152095
MF096346	152092
MF096347	152092
MF096348	152088
MF096349	152088
MF096350	152088
MF096351	108544
MF096352	108544
MF096353	152091
MF096354	152091
MF096355	152091
MF096356	152091
MF096357	152091
MF096358	114476
MF096359	114476
MF096360	114476
MF096361	114476
MF096362	114476
MF096363	114476
MF096364	91201
MF096365	91201
MF096366	91201
MF096367	91201
MF096368	55190
MF096369	55190
MF096370	55190
MF096371	55190
MF096372	292393
MF096373	292393
MF096374	683755
MF096375	683755
MF096376	683755
MF096377	683755
MF096378	683755
MF096379	292393
MF096380	292393
MF096381	292393
MF096382	3311
MF096383	3311
MF096384	3311
MF096385	3311
MF096386	3311
MF096387	3311
MF096388	66096
MF096389	66096
MF096390	66096
MF096391	66096
MF096392	66096
MF096393	66096
MF096394	48119
MF096395	48119
MF096396	48119
MF096397	48119
MF096398	48119
MF096399	48119
MF096400	74613
MF096401	74613
MF096402	74613
MF096403	74613
MF096404	74613
MF096405	74613
MF096406	49827
MF096407	49827
MF096408	49827
MF096409	49827
MF096410	49827
MF096411	74614
MF096412	74614
MF096413	74614
MF096414	74614
MF096415	74614
MF096416	74614
MF096417	124778
MF096418	124778
MF096419	124778
MF096420	124778
MF096421	124778
MF096422	124778
MF096423	294751
MF096424	294751
MF096425	294751
MF096426	294751
MF096427	294751
MF096428	294751
MF096429	13579
MF096430	13579
MF096431	13579
MF096432	13579
MF096433	13579
MF096434	13579
MF096435	228393
MF096436	228393
MF096437	228393
MF096438	228393
MF096439	83154
MF096440	83154
MF096441	83154
MF096442	83154
MF096443	83154
MF096444	83154
MF096445	4138
MF096446	4138
MF096447	4138
MF096448	4138
MF096449	4138
MF096454	4006
MF096455	4006
MF096456	4006
MF096457	4006
MF096458	4006
MF096459	39529
MF096460	39529
MF096461	39529
MF096462	39529
MF096463	39529
MF096464	39529
MF096465	34254
MF096466	34254
MF096467	34254
MF096468	34254
MF096469	34254
MF096470	34254
MF096471	105884
MF096472	105884
MF096473	105884
MF096474	105884
MF096475	105884
MF096476	105884
MF096477	112863
MF096478	112863
MF096479	112863
MF096480	112863
MF096481	112863
MF096482	112863
MF096483	112883
MF096484	112883
MF096485	112883
MF096486	112883
MF096487	112883
MF096488	516551
MF096489	516551
MF096490	516551
MF096491	516551
MF096492	516551
MF096493	516551
MF096494	1925545
MF096495	1925545
MF096496	294733
MF096497	294733
MF096498	294733
MF096499	294733
MF096500	266091
MF096501	266091
MF096502	266091
MF096503	266091
MF096504	266091
MF096505	266091
MF096506	3498
MF096507	3498
MF096508	3498
MF096509	3498
MF096510	3498
MF096511	3498
MF096512	4432
MF096513	4432
MF096514	4432
MF096515	4432
MF096516	54724
MF096517	54724
MF096518	54724
MF096519	54724
MF096520	54724
MF096521	54724
MF096522	165499
MF096523	165499
MF096524	165499
MF096525	165499
MF096526	165499
MF096527	165499
MF096528	100506
MF096529	100506
MF096530	100506
MF096531	100506
MF096532	100506
MF096533	45171
MF096534	45171
MF096535	45171
MF096536	45171
MF096537	45171
MF096538	45171
MF096539	35924
MF096540	35924
MF096541	35924
MF096542	35924
MF096543	35924
MF096544	4054
MF096545	4054
MF096546	4054
MF096547	4054
MF096548	4054
MF096549	4054
MF096550	179837
MF096551	179837
MF096552	179837
MF096553	179837
MF096554	279737
MF096555	279737
MF096556	279737
MF096557	4121
MF096558	4121
MF096559	4121
MF096560	4121
MF096561	4121
MF096562	4121
MF096563	35883
MF096564	35883
MF096565	35883
MF096566	35883
MF096567	354508
MF096568	354508
MF096569	354508
MF096570	354508
MF096571	354508
MF096572	68554
MF096573	68554
MF096574	68554
MF096575	68554
MF096576	68554
MF096577	68554
MF096578	210334
MF096579	210334
MF096580	210334
MF096581	210334
MF096582	210334
MF096583	210334
MF096584	199225
MF096585	199225
MF096586	199225
MF096587	199225
MF096588	199225
MF096589	199225
MF096590	411227
MF096591	411227
MF096592	411227
MF096593	411227
MF096594	411227
MF096595	411227
MF096596	197796
MF096597	197796
MF096598	197796
MF096599	197796
MF096600	197796
MF096601	197796
MF096602	94286
MF096603	94286
MF096604	94286
MF096605	94286
MF096606	94286
MF096607	94286
MF096608	28511
MF096609	28511
MF096610	28511
MF096611	28511
MF096612	28511
MF096613	28511
MF096614	355332
MF096615	355332
MF096616	355332
MF096617	355332
MF096618	355332
MF096619	355332
MF096620	174549
MF096621	174549
MF096622	174549
MF096623	174549
MF096624	174549
MF096625	174549
MF096626	76025
MF096627	76025
MF096628	76025
MF096629	76025
MF096630	76025
MF096639	1925547
MF096640	1925547
MF096641	1925547
MF096642	39358
MF096643	39358
MF096644	39358
MF096645	39358
MF096646	39358
MF096647	39358
MF096648	102107
MF096649	102107
MF096650	102107
MF096651	102107
MF096652	36596
MF096653	36596
MF096654	36596
MF096655	36596
MF096656	36596
MF096657	170481
MF096658	170481
MF096659	122122
MF096660	122122
MF096661	122122
MF096662	151440
MF096663	151440
MF096664	151440
MF096665	151430
MF096666	151430
MF096667	151430
MF096668	151430
MF096669	3760
MF096670	3760
MF096671	3760
MF096672	3893
MF096673	3893
MF096674	3893
MF096675	3893
MF096676	3893
MF096677	3893
MF096678	240228
MF096679	240228
MF096680	240228
MF096681	240228
MF096682	240228
MF096683	240228
MF096684	99300
MF096685	99300
MF096686	99300
MF096687	99300
MF096688	99300
MF096689	99300
MF096690	137226
MF096691	137226
MF096692	137221
MF096693	137226
MF096694	137221
MF096695	137221
MF096696	137221
MF096697	137226
MF096698	137226
MF096699	137220
MF096700	137220
MF096701	137220
MF096702	74652
MF096703	74652
MF096704	74652
MF096705	74652
MF096706	74652
MF096707	74652
MF096708	321593
MF096709	321593
MF096710	321593
MF096711	226208
MF096712	226208
MF096713	226208
MF096714	226208
MF096715	226208
MF096716	226208
MF096717	203717
MF096718	203717
MF096719	203717
MF096720	203717
MF096721	203717
MF096722	203717
MF096723	50507
MF096724	50507
MF096725	50507
MF096726	50507
MF096727	50507
MF096728	50507
MF096735	258457
MF096736	258457
MF096737	221162
MF096738	221162
MF096739	221162
MF096740	291326
MF096741	291326
MF096742	291326
MF096743	291326
MF096744	291326
MF096745	291326
MF096746	476207
MF096747	476207
MF096748	65409
MF096749	65409
MF096750	65409
MF096751	65409
MF096752	65409
MF096753	65409
MF096754	152363
MF096755	152363
MF096756	152363
MF096757	152363
MF096758	152363
MF096759	152363
MF096760	3897
MF096761	3897
MF096762	3897
MF096763	3897
MF096764	3897
MF096765	49840
MF096766	49840
MF096767	49840
MF096768	49840
MF096769	49840
MF096770	49840
MF096771	203643
MF096772	203643
MF096773	203643
MF096774	203643
MF096775	203643
MF096776	28545
MF096777	28545
MF096778	28545
MF096779	28545
MF096780	28545
MF096781	28545
MF096782	153559
MF096783	153559
MF096784	153559
MF096785	153559
MF096786	153559
MF096787	137129
MF096788	137129
MF096789	137129
MF096790	219868
MF096791	219868
MF096792	219868
MF096793	219868
MF096794	219868
MF096795	219868
MF096796	155022
MF096797	155022
MF096798	155022
MF096799	2073048
MF096800	2073048
MF096801	2073048
MF096802	2073048
MF096803	58046
MF096804	58046
MF096805	58046
MF096806	58046
MF096807	58046
MF096808	58046
MF096809	210369
MF096810	210369
MF096811	210369
MF096812	210369
MF096813	210369
MF096814	210369
MF096815	3677
MF096816	3677
MF096817	3677
MF096818	3677
MF096819	3677
MF096820	676073
MF096821	676073
MF096822	676073
MF096823	676073
MF096824	676073
MF096825	676073
MF096826	3677
MF096827	118778
MF096828	118778
MF096829	118778
MF096830	118778
MF096831	118778
MF096832	118778
MF096833	59170
MF096834	59170
MF096835	59170
MF096836	59170
MF096837	105907
MF096838	204215
MF096839	204215
MF096840	204215
MF096841	204215
MF096842	413484
MF096843	413484
MF096844	413484
MF096845	413484
MF096846	413484
MF096847	413484
MF096848	318068
MF096849	318068
MF096850	318068
MF096851	318068
MF096852	318068
MF096853	354529
MF096854	354529
MF096855	354529
MF096856	328401
MF096857	328401
MF096858	328401
MF096859	328401
MF096860	328401
MF096861	354530
MF096862	354530
MF096863	354530
MF096864	354530
MF096865	354530
MF096866	354530
MF096867	94328
MF096868	94328
MF096869	94328
MF096870	94328
MF096871	94328
MF096872	94328
MF096873	714518
MF096874	714518
MF096875	1451284
MF096876	1451284
MF096877	326968
MF096878	1451284
MF096879	714518
MF096880	714518
MF096881	714518
MF096882	714518
MF096883	1451284
MF096884	1451284
MF096885	1451284
MF100552	182070
MF145132	43575
MF145133	43575
MF145134	43575
MF145135	43575
MF145136	714513
MF145137	714513
MF145138	714513
MF145139	714512
MF145140	714512
MF145141	714512
MF145142	655181
MF145143	655181
MF145144	655181
MF145145	714514
MF145146	714514
MF145147	714514
MF145148	1442762
MF150947	2023250
MF155069	2026611
MF167938	1580825
MF167939	1580825
MF167940	1580825
MF167941	1580825
MF167942	1580825
MF167943	1580825
MF167944	1580825
MF167945	1580825
MF167946	1580825
MF167947	1580825
MF167948	1580825
MF167949	1580825
MF167950	1580825
MF167951	1580825
MF167952	1580825
MF167953	1580825
MF167954	1580825
MF167955	1580825
MF167956	1580825
MF167957	1580825
MF167958	1580825
MF167959	1580825
MF196248	748719
MF196249	748719
MF196250	748719
MF196251	748719
MF196252	748719
MF196253	748719
MF196254	748719
MF196255	748719
MF196256	748719
MF196257	748719
MF196258	748719
MF285492	163267
MF287186	553064
MF287187	553064
MF287188	553064
MF287189	553064
MF287190	553064
MF287191	553064
MF287192	553064
MF287193	553064
MF287194	292393
MF287195	292393
MF287196	292393
MF287197	292393
MF287198	292393
MF287199	292393
MF287200	292393
MF287201	292393
MF287202	292393
MF287203	292393
MF287204	292393
MF287205	292393
MF287206	292393
MF287207	292393
MF287208	292393
MF287209	292393
MF287210	292393
MF287211	292393
MF287212	553057
MF287213	553057
MF287214	553057
MF287215	553057
MF289970	38868
MF289976	49215
MF314120	2267879
MF314121	2267879
MF314122	2267879
MF314123	2267880
MF314124	2267881
MF314125	2267881
MF314126	133234
MF314127	282202
MF314128	282203
MF314129	282201
MF348009	54804
MF348010	54804
MF348011	54804
MF348012	54804
MF348013	54804
MF348014	54804
MF348015	54804
MF348016	54804
MF348017	54804
MF348018	54804
MF348019	54804
MF348020	54804
MF348021	54804
MF348022	54804
MF348023	54804
MF348024	54804
MF348025	54804
MF348026	54804
MF348027	54804
MF348028	54804
MF358537	184140
MF358539	184140
MF358849	268745
MF358850	268745
MF358851	268745
MF358852	268745
MF358853	268745
MF358854	268745
MF358855	1043466
MF358856	1043466
MF358857	1043466
MF358858	43522
MF358859	43522
MF358860	43522
MF358861	43522
MF358862	266091
MF358863	266091
MF358864	266091
MF358865	266091
MF358866	266091
MF358867	266091
MF370365	3498
MF370366	3498
MF370367	3498
MF370368	3498
MF370369	3498
MF370370	3498
MF370371	463880
MF370372	463880
MF370373	463880
MF370374	100580
MF370375	1045341
MF370376	1045341
MF370377	1045341
MF370378	1045341
MF370379	1045344
MF370380	1045344
MF370381	1045344
MF370382	1045344
MF370383	3485
MF370384	3485
MF370385	66380
MF370386	66380
MF370387	66380
MF370388	172644
MF370389	172644
MF370390	172644
MF401096	2161780
MF409650	2067815
MF409653	3673
MF416925	455371
MF416926	455371
MF416927	455371
MF416928	455371
MF416929	455371
MF416930	455371
MF416931	455371
MF416932	50506
MF416933	50506
MF416934	50506
MF416935	50506
MF416936	690556
MF416937	690556
MF416938	1747497
MF416939	2293761
MF416940	1505188
MF416941	1505188
MF416942	2126358
MF416943	2126358
MF416944	124781
MF438103	137130
MF438104	137130
MF438105	137130
MF438106	137130
MF438107	166617
MF438108	166617
MF438109	166617
MF438110	266086
MF438111	266086
MF438112	266086
MF438113	266086
MF438114	363513
MF438115	363513
MF438116	363513
MF438117	363513
MF438118	137887
MF438119	137887
MF438120	137887
MF438121	137887
MF438122	137131
MF438123	137131
MF438124	137131
MF496114	491892
MF574526	2304332
MF574621	2245000
MF589342	69405
MF589343	69405
MF589344	69405
MF589345	69405
MF589346	69405
MF589347	69405
MF589348	74613
MF589349	74613
MF589350	74613
MF589351	74613
MF589352	74613
MF589353	74613
MF589354	74859
MF589355	74859
MF589356	74859
MF589357	74859
MF589358	74859
MF589359	74859
MF589360	3677
MF589361	3677
MF589362	3677
MF589363	3677
MF589364	3677
MF589365	3677
MF589366	136217
MF589367	136217
MF589368	227498
MF589369	227498
MF589370	227498
MF589371	227498
MF589372	227498
MF589373	74614
MF589374	74614
MF589375	74614
MF589376	74614
MF589377	74614
MF589378	74614
MF589379	165353
MF589380	165353
MF589381	165353
MF589382	165353
MF589383	165353
MF589384	165353
MF589385	227494
MF589386	227494
MF589387	227494
MF589388	85571
MF589389	85571
MF589390	85571
MF589391	85571
MF589392	85571
MF589393	52491
MF589394	52491
MF589395	136221
MF589396	136221
MF589397	136221
MF589398	136221
MF589399	136221
MF589400	136221
MF589401	714446
MF589402	714446
MF589403	714446
MF589404	714446
MF589405	714446
MF589406	714446
MF589407	43166
MF589408	228806
MF589409	228806
MF589410	228806
MF589411	228806
MF589412	228806
MF589413	228806
MF589414	137220
MF589415	137220
MF589416	137220
MF589417	137220
MF589418	137220
MF589419	137220
MF589420	136218
MF589421	136218
MF589422	37334
MF589423	265785
MF589424	265785
MF589425	265785
MF589426	265785
MF589427	265785
MF589428	265785
MF589429	48101
MF589430	48101
MF589431	48101
MF589432	48101
MF589433	48101
MF589434	48101
MF589435	137226
MF589436	137226
MF589437	137226
MF589438	137226
MF589439	137226
MF589440	137226
MF589441	199222
MF589442	199222
MF589443	199222
MF589444	199222
MF589445	199222
MF589446	199222
MF589447	475932
MF589448	475932
MF589449	475932
MF589450	199225
MF589451	199225
MF589452	199225
MF589453	199225
MF589454	199225
MF589455	199225
MF589456	137221
MF589457	137221
MF589458	137221
MF589459	137221
MF589460	136216
MF589461	68554
MF589462	68554
MF589463	68554
MF589464	68554
MF589465	68554
MF589466	68554
MF589467	171251
MF589468	171251
MF589469	171251
MF589470	199220
MF589471	199220
MF589472	357970
MF589473	357970
MF589474	357970
MF589475	357970
MF589476	357970
MF589477	357970
MF589478	49827
MF589479	49827
MF589480	49827
MF589481	49827
MF589482	49827
MF589483	49827
MF589484	354508
MF589485	354508
MF589486	354508
MF589487	354508
MF589488	354508
MF589489	354508
MF589490	136224
MF589491	676073
MF589492	676073
MF589493	676073
MF589494	676073
MF589495	676073
MF589496	676073
MF589497	41486
MF589498	41486
MF589499	41486
MF589500	41486
MF589501	41486
MF589502	41486
MF622122	268901
MF622192	2026551
MF694321	55321
MF694322	16364
MF694327	397079
MF694328	55444
MF694329	55318
MF694330	397093
MF694331	55322
MF694332	397064
MF694335	99363
MF694347	246702
MF694362	397077
MF694365	246694
MF694369	397066
MF694380	246694
MF694382	55318
MF694383	397069
MF694387	55319
MF694388	397069
MF694393	246694
MF694397	55317
MF769566	97746
MF769567	2138286
MF769568	2268135
MF769569	2268135
MF769570	2268135
MF769571	2268135
MF769572	2268135
MF769573	71610
MF769574	71610
MF769575	71610
MF769576	71610
MF785315	161922
MF785326	221250
MF785331	1548302
MF785379	584571
MF785398	2054711
MF785399	446119
MF785426	2054694
MF785591	2054479
MF802884	3631
MF802885	3631
MF802886	3631
MF802887	1323968
MF802888	1323968
MF802889	1323968
MF802890	290911
MF802891	290911
MF802892	290911
MF802893	531827
MF802894	531827
MF802895	531827
MF802896	4683
MF802897	4683
MF802898	4683
MF802899	125259
MF802900	125259
MF802901	125259
MF802902	3707
MF802903	3707
MF802904	3707
MF802905	3824
MF802906	3824
MF802907	3824
MF802908	346985
MF802909	346985
MF802910	346985
MF802911	362788
MF802912	362788
MF802913	46112
MF802914	46112
MF802915	85571
MF802916	85571
MF802917	85571
MF802918	714458
MF802919	714458
MF802920	714458
MF802921	3656
MF802922	3656
MF802923	3656
MF802924	35936
MF802925	35936
MF802926	35936
MF802927	489316
MF802928	489316
MF802929	212925
MF802930	212925
MF802931	4414
MF802932	4414
MF802933	4414
MF802934	3311
MF802935	3311
MF802936	3311
MF802937	3847
MF802938	3847
MF802939	3847
MF802940	51240
MF802941	51240
MF802942	4006
MF802943	4006
MF802944	4006
MF802945	151069
MF802946	151069
MF802947	151069
MF802948	3674
MF802949	3674
MF802950	3674
MF802951	4432
MF802952	4432
MF802953	4432
MF802954	1439910
MF802955	1439910
MF802956	1439910
MF802957	83951
MF802958	35883
MF802959	35883
MF802960	35883
MF802961	4121
MF802962	4121
MF802963	4121
MF802964	197796
MF802965	197796
MF802966	197796
MF802967	58046
MF802968	58046
MF802969	36596
MF802970	36596
MF802971	36596
MF802972	151430
MF802973	151430
MF802974	151430
MF802975	3760
MF802976	3760
MF802977	3760
MF802978	170481
MF802979	170481
MF802980	170481
MF802981	122122
MF802982	122122
MF802983	122122
MF802984	151440
MF802985	151440
MF802986	151440
MF802987	240228
MF802988	240228
MF802989	240228
MF802990	3988
MF802991	3988
MF802992	3988
MF802993	4182
MF802994	4182
MF802995	4182
MF802996	3728
MF802997	3728
MF802998	190248
MF802999	190248
MF803000	190248
MF803001	28545
MF803002	28545
MF803003	58047
MF803004	58047
MF803005	58047
MF803006	3677
MF803007	3677
MF803008	3677
MF803009	676073
MF803010	676073
MF803011	676073
MF803012	78534
MF803013	78534
MF803014	39387
MF803015	39387
MF803016	3914
MF803017	3914
MF803018	3914
MF803019	87088
MF803020	87088
MF803021	87088
MF803022	714518
MF803023	714518
MF972937	2487574
MF972938	2487574
MF972939	2487574
MF972946	22694
MF972947	22694
MF972948	72192
MF972949	72192
MF972950	357473
MF972957	33128
MF972958	33128
MF972959	33128
MF972960	3469
MF972961	3469
MF972962	3469
MF972963	74823
MF972964	74823
MF972965	33152
MF972966	33152
MF972967	33152
MF972968	33152
MF972969	33152
MF972970	257426
MG198617	44586
MG215592	38691
MG215716	100364
MG215742	397084
MG215794	912524
MG215899	38680
MG215913	241236
MG215957	38691
MG216031	59016
MG216039	246694
MG216106	167569
MG216131	29651
MG216146	153602
MG216537	55444
MG216545	397071
MG216553	308400
MG216583	82213
MG216676	2071985
MG216677	232322
MG216723	397093
MG216729	912412
MG216797	46611
MG217499	91287
MG217500	192319
MG217561	1071897
MG217647	13427
MG217771	1534671
MG217967	52294
MG218057	52294
MG218147	165327
MG218157	59166
MG218203	43202
MG218221	49059
MG218261	1534671
MG218413	1532251
MG218435	35896
MG218594	299782
MG218642	233893
MG218735	290217
MG218794	566149
MG218916	34243
MG218997	581248
MG219451	436213
MG219517	43171
MG219527	1060938
MG219529	58647
MG219574	86317
MG219689	79390
MG219784	79541
MG219897	85178
MG219899	1896644
MG220030	566149
MG220099	428871
MG234587	1825752
MG234594	74638
MG234745	74640
MG234769	167997
MG234785	105046
MG234791	66214
MG234799	423499
MG234823	691236
MG234869	38412
MG234880	691236
MG234979	64232
MG235123	691236
MG235183	105665
MG235213	3886
MG235323	330165
MG235346	75715
MG235347	4026
MG235377	35982
MG235457	2071534
MG235477	3496
MG235528	1546479
MG235655	267245
MG235688	1546436
MG235729	74639
MG235812	322042
MG235834	2071526
MG236016	2071430
MG236070	2071434
MG236131	1301445
MG236169	3654
MG236184	2071431
MG236217	1087777
MG236325	3496
MG236399	42043
MG236402	106677
MG236474	75092
MG236484	190330
MG236548	696533
MG236617	134033
MG236647	1075208
MG236688	289751
MG236696	409520
MG236735	54778
MG236783	3496
MG236812	1143232
MG236864	254780
MG236870	1234506
MG236947	74647
MG236952	423499
MG237012	1234506
MG237015	2071479
MG237034	35982
MG237046	246378
MG237135	701380
MG237180	1546479
MG237183	64023
MG237234	2071404
MG237290	1301445
MG237304	244509
MG237389	2071479
MG237406	76037
MG237426	66214
MG237528	74645
MG237538	54874
MG237551	54778
MG237583	661339
MG237612	2071535
MG237613	2071533
MG237697	75084
MG237792	691236
MG237837	2071435
MG256212	710102
MG256224	252529
MG269199	65409
MG269200	65409
MG269201	65409
MG269202	65409
MG269203	65409
MG269204	65409
MG269205	65409
MG269206	65409
MG269207	65409
MG269208	65409
MG269209	65409
MG269210	65409
MG269211	65409
MG269212	65409
MG269213	65409
MG269214	65409
MG269215	65409
MG269216	65409
MG269217	65409
MG269218	65409
MG269219	65409
MG269220	65409
MG269221	65409
MG269222	65409
MG269223	65409
MG269224	65409
MG269225	65409
MG269226	65409
MG269227	65409
MG269228	65409
MG269229	65409
MG269230	65409
MG269231	65409
MG269232	65409
MG269233	65409
MG269234	65409
MG269235	65409
MG269236	65409
MG269237	65409
MG269238	65409
MG269239	65409
MG269240	65409
MG269241	65409
MG269242	65409
MG269243	65409
MG269244	65409
MG269245	65409
MG269246	65409
MG269247	65409
MG269248	65409
MG269249	65409
MG269250	65409
MG269251	65409
MG269252	65409
MG269253	65409
MG269254	65409
MG269255	65409
MG269256	65409
MG269257	65409
MG269258	65409
MG269259	65409
MG269260	65409
MG269261	65409
MG269262	65409
MG269263	65409
MG269264	65409
MG269265	65409
MG269266	65409
MG269267	65409
MG269268	65409
MG269269	65409
MG269270	512023
MG269271	512023
MG269272	512023
MG269273	512023
MG269274	516072
MG269275	516072
MG269276	65409
MG269277	65409
MG269278	65409
MG269279	65409
MG269280	65409
MG269281	65409
MG269282	65409
MG269283	65409
MG269284	65409
MG269285	65409
MG269286	65409
MG269287	65409
MG269288	65409
MG269289	65409
MG269290	65409
MG269291	65409
MG269292	65409
MG269293	65409
MG269294	65409
MG269295	65409
MG269296	65409
MG269297	65409
MG269298	65409
MG269299	65409
MG269300	65409
MG269301	65409
MG269302	65409
MG269303	65409
MG269304	65409
MG269305	65409
MG269306	65409
MG269307	65409
MG269308	65409
MG269309	65409
MG269310	65409
MG269311	65409
MG269312	65409
MG269313	65409
MG269314	65409
MG269315	65409
MG269316	65409
MG269317	65409
MG269318	65409
MG269319	65409
MG269320	65409
MG269321	65409
MG269322	65409
MG269323	65409
MG269324	65409
MG269325	65409
MG269326	65409
MG269327	65409
MG269328	65409
MG269329	65409
MG269330	65409
MG269331	65409
MG269332	65409
MG269333	65409
MG269334	65409
MG269335	65409
MG269336	65409
MG269337	65409
MG269338	65409
MG269339	65409
MG269340	65409
MG269341	65409
MG269342	65409
MG269343	65409
MG269344	65409
MG269345	65409
MG269346	65409
MG269347	65409
MG269348	65409
MG269349	65409
MG269350	65409
MG269351	65409
MG269352	65409
MG269353	65409
MG269354	65409
MG269355	65409
MG269356	65409
MG269357	65409
MG269358	65409
MG269359	65409
MG269360	65409
MG269361	65409
MG269362	65409
MG269363	65409
MG269364	65409
MG269365	65409
MG269366	65409
MG269367	65409
MG269368	65409
MG269369	65409
MG269370	65409
MG269371	65409
MG269372	65409
MG269373	65409
MG269374	65409
MG269375	65409
MG269376	65409
MG269377	65409
MG269378	65409
MG269379	65409
MG269380	65409
MG269381	65409
MG269382	65409
MG269383	65409
MG269384	65409
MG269385	65409
MG269386	65409
MG269387	65409
MG269388	65409
MG269389	65409
MG269390	65409
MG269391	65409
MG269392	65409
MG269393	65409
MG269394	65409
MG269395	65409
MG269396	65409
MG269397	65409
MG269398	65409
MG269399	65409
MG269400	65409
MG269401	65409
MG269402	65409
MG269403	65409
MG269404	65409
MG269405	65409
MG269406	65409
MG269407	65409
MG269408	65409
MG269409	65409
MG269410	65409
MG269411	65409
MG269412	65409
MG269413	65409
MG269414	65409
MG269415	65409
MG269416	65409
MG269417	65409
MG269418	65409
MG269419	65409
MG269420	65409
MG269421	65409
MG269422	65409
MG269423	65409
MG269424	65409
MG269425	65409
MG269426	65409
MG269427	65409
MG269428	65409
MG269429	65409
MG269430	65409
MG269431	65409
MG269432	65409
MG269433	65409
MG269434	65409
MG269435	65409
MG269436	65409
MG269437	65409
MG269438	65409
MG269439	65409
MG269440	65409
MG269441	65409
MG269442	65409
MG269443	65409
MG269444	65409
MG269445	65409
MG269446	65409
MG269447	65409
MG269448	65409
MG269449	65409
MG269450	65409
MG269451	65409
MG269452	65409
MG269453	65409
MG269454	65409
MG269455	65409
MG269456	65409
MG269457	65409
MG269458	65409
MG269459	65409
MG269460	65409
MG269461	65409
MG269462	65409
MG269463	65409
MG269464	65409
MG269465	65409
MG269466	65409
MG269467	65409
MG269468	65409
MG270127	1117634
MG270131	138033
MG279711	215066
MG279712	215066
MG279713	215070
MG279714	215070
MG279715	215070
MG279716	215070
MG279717	215070
MG283276	44586
MG283277	44586
MG283278	44586
MG283279	44586
MG283280	44586
MG283281	44586
MG283282	44586
MG283283	44586
MG283284	44586
MG283285	44586
MG283286	44586
MG283287	44586
MG283288	106132
MG283289	106132
MG283290	106132
MG283291	106132
MG283292	106132
MG283293	106132
MG283294	106132
MG283295	106132
MG428513	193563
MG428514	2078958
MG428515	2078959
MG428516	255856
MG428517	2078972
MG428518	1902514
MG428519	1533088
MG428520	1689807
MG428521	2070770
MG428522	1902515
MG428523	2078966
MG428524	2078968
MG428525	263978
MG428526	85157
MG428527	2078969
MG428528	2078960
MG428529	2078962
MG428530	2078965
MG428531	2078961
MG428532	69063
MG428533	2078967
MG428534	2078963
MG428535	90639
MG428536	2078971
MG428537	1902516
MG428538	2078964
MG428539	1902517
MG428540	2078970
MG428541	285841
MG428542	1533089
MG572341	2056096
MG572342	2056097
MG572343	2056098
MG572344	2056099
MG572345	2056100
MG572346	2056101
MG572347	2056102
MG572348	2056103
MG572349	2056104
MG572350	2056105
MG604369	44586
MG604370	44586
MG604371	44586
MG604372	44586
MG604373	44586
MG604374	44586
MG604375	2420365
MG604376	2420365
MG604377	2420365
MG604378	2420365
MG604379	2420365
MG604380	2420365
MG649090	206227
MG649091	206227
MG649092	945158
MG649093	206228
MG649094	2058648
MG649095	365758
MG649096	206226
MG649097	1167122
MG649098	365769
MG649099	945156
MG649100	945153
MG649101	1171940
MG649102	365769
MG649103	1167132
MG649104	1167109
MG649105	1167112
MG649106	2058611
MG649107	1167114
MG649108	2058656
MG649109	2058635
MG649110	1167159
MG649111	1167128
MG649112	206237
MG649113	2058612
MG649114	2058631
MG649115	206227
MG649116	2058643
MG649117	2058639
MG649118	365770
MG649119	2058651
MG649120	365769
MG649121	365769
MG649122	365750
MG649123	187503
MG649124	2058611
MG649125	2058647
MG649126	365764
MG649127	1167180
MG649128	2058642
MG649129	1167136
MG649130	2058660
MG649131	365769
MG649132	2058662
MG649133	945150
MG649134	365769
MG649135	1167126
MG649136	1167163
MG649137	1167190
MG649138	2058628
MG649139	1167104
MG649140	206236
MG649141	365747
MG649142	2058640
MG649143	2058611
MG649144	2058611
MG649145	945159
MG649146	945170
MG649147	365762
MG649148	945155
MG649149	206248
MG649150	2058667
MG649151	365758
MG649152	1167123
MG649153	1167113
MG649154	945151
MG649155	945151
MG649156	365766
MG649157	2058652
MG649158	1167128
MG649159	206241
MG649160	2058663
MG649161	2058645
MG649162	945181
MG649163	2058646
MG649164	52832
MG649165	2058638
MG649166	1167166
MG649167	2058641
MG649168	1167141
MG649169	2058629
MG649170	1167167
MG649171	365754
MG649172	945171
MG649173	206240
MG649174	2058661
MG649175	1167147
MG649176	365761
MG649177	945168
MG649178	1167192
MG649179	365751
MG649180	945177
MG649181	141487
MG649182	2058611
MG649183	365763
MG649184	2058634
MG649185	1167170
MG649186	945160
MG649187	365776
MG649188	2058611
MG649189	2058611
MG649190	2058654
MG649191	2058611
MG649192	206238
MG649193	2058611
MG649194	2058626
MG649195	2058632
MG649196	2058611
MG649197	1167177
MG649198	1167129
MG649199	1167150
MG649200	206233
MG649201	206231
MG649202	945169
MG649203	2058636
MG649204	1167172
MG649205	2058633
MG649206	2058643
MG649207	2058611
MG649208	2058644
MG649209	945157
MG649210	206244
MG649211	1167197
MG649212	1167110
MG649213	1167186
MG649214	2058649
MG649215	2058611
MG649216	2058637
MG649217	2058653
MG649218	945180
MG649219	945164
MG649220	945167
MG649221	945178
MG649222	206230
MG649223	206235
MG649224	1617259
MG649225	1167159
MG649226	365774
MG649227	945165
MG649228	2058650
MG649229	141487
MG649230	2058611
MG649231	2058611
MG649232	365768
MG649233	1167127
MG649234	2058611
MG649235	2058655
MG649873	2293365
MG649874	2293365
MG649897	2293400
MG671930	487159
MG671931	487159
MG671932	487159
MG671933	487159
MG671934	487159
MG671935	487159
MG671936	487159
MG671937	487159
MG671938	487159
MG671939	487159
MG671940	487159
MG671941	487159
MG671942	454322
MG671943	454322
MG671944	454322
MG671945	454322
MG671946	454322
MG671947	1634001
MG671948	1634001
MG671949	1634001
MG671950	1634001
MG671951	1934111
MG671952	1934111
MG671953	1934111
MG671954	1934111
MG671955	1934111
MG671956	327927
MG671957	327927
MG671958	327927
MG671959	487159
MG671960	487159
MG671961	1934111
MG671962	487159
MG671963	487159
MG671964	1634001
MG671965	1634001
MG671966	1934111
MG671967	1634001
MG671968	1634001
MG671969	1634001
MG671970	1634001
MG671971	1634001
MG671972	1634001
MG671973	487159
MG671974	1634001
MG671975	1634001
MG671976	1634001
MG671977	1634001
MG671978	1634001
MG671979	1634001
MG671980	1634001
MG671981	1634001
MG671982	1634001
MG671983	1634001
MG671984	1634001
MG671985	1634001
MG671986	1634001
MG671987	1634001
MG671988	1634001
MG671989	1634001
MG671990	1634001
MG745765	203103
MG745766	203103
MG745767	203100
MG745768	203098
MG745769	203098
MG745770	203098
MG745771	203103
MG745772	203098
MG745773	203092
MG745774	203102
MG745775	203092
MG745776	203102
MG770550	165353
MG770551	165353
MG770552	165353
MG770553	165353
MG770554	165353
MG770555	165353
MG770556	165353
MG770557	165353
MG770558	165353
MG770559	165353
MG770560	165353
MG770561	165353
MG770562	165353
MG770563	165353
MG770564	165353
MG770565	165353
MG770566	165353
MG770567	165353
MG770568	165353
MG770569	165353
MG770570	2689076
MG770571	165353
MG770572	48119
MG770573	473991
MG770574	165353
MG770575	165353
MG770576	165499
MG770577	165353
MG770578	165353
MG770579	165353
MG770580	165353
MG770581	165353
MG770582	165353
MG770583	48032
MG770584	48105
MG770585	48105
MG772785	4547
MG907518	157409
MG907519	157409
MG907520	157409
MG907521	157409
MG907522	157409
MG907523	157409
MG907524	157409
MG907525	157409
MG907526	157409
MG907527	157409
MG907528	157409
MG907529	157409
MG907530	157409
MG907531	157409
MG907532	698326
MG907533	698326
MG907534	228709
MG907535	228709
MG907536	157443
MG907537	157443
MG907538	157443
MG907539	755258
MG907540	755258
MG907541	755258
MG907542	755258
MG907543	755258
MG907544	755258
MG907545	755258
MG907546	755258
MG907547	755258
MG907548	516547
MG907549	516547
MG907550	516547
MG907551	137761
MG907552	137761
MG907553	137761
MG907554	137761
MG907555	137761
MG907556	137761
MG907557	137761
MG907558	137761
MG907559	137761
MG907560	137761
MG907561	185080
MG907562	185080
MG907563	228726
MG907564	228726
MG907565	228726
MG907566	228712
MG907567	228712
MG907568	228712
MG907569	228712
MG907570	76025
MG907571	76025
MG913350	759864
MG944843	165361
MG944889	2497524
MG944893	2497520
MG944914	2497535
MG948944	1073321
MG948945	1073321
MG948947	1073321
MG993359	2099527
MH036225	192273
MH047567	683755
MH047568	683755
MH047569	683755
MH047570	683755
MH047571	683755
MH047572	683755
MH047573	239685
MH047574	239685
MH047575	239685
MH047576	239685
MH047577	239685
MH047578	239685
MH047579	239685
MH047580	239685
MH047581	239685
MH047582	239685
MH047583	239685
MH047584	239685
MH047585	239685
MH047586	239685
MH047587	662772
MH047588	662772
MH047589	662772
MH047590	662772
MH047591	662772
MH047592	662772
MH047593	662772
MH047594	662772
MH047595	662772
MH047596	662772
MH047597	85363
MH047598	85363
MH109169	1042143
MH109170	260142
MH109177	1042143
MH109178	260142
MH113949	1073819
MH118127	259893
MH118128	318067
MH118129	259893
MH118130	259893
MH118131	318067
MH118132	259893
MH118133	259893
MH118134	318067
MH118135	259893
MH118136	318067
MH118137	259893
MH118138	259893
MH118139	259893
MH118140	259893
MH118141	318067
MH118142	259893
MH118143	318067
MH118144	259893
MH118145	259893
MH159825	2200723
MH159828	2185204
MH159830	1939626
MH188316	4572
MH193315	2486370
MH193316	2486370
MH193317	2486370
MH193318	2486370
MH193319	286051
MH193320	286051
MH193321	632161
MH193322	632161
MH193323	632161
MH193324	632161
MH193325	632161
MH193326	50878
MH193327	50878
MH193328	50878
MH193329	50878
MH193330	50878
MH193331	215068
MH193332	215068
MH193333	215068
MH193334	2486371
MH193335	2486371
MH193336	2486371
MH193337	226110
MH193338	226110
MH193339	226110
MH193340	226110
MH193341	226110
MH193342	226110
MH193343	226110
MH193344	226110
MH193345	215066
MH193346	215066
MH193347	215066
MH193348	2486372
MH193349	2486372
MH193350	2486372
MH193351	2486372
MH193352	2486372
MH193353	2486372
MH193354	219070
MH193355	219070
MH193356	2232084
MH193357	2232084
MH193358	2232084
MH193359	2232084
MH193360	2232084
MH203160	264981
MH231575	286046
MH231576	286046
MH231577	286046
MH231578	286046
MH231579	286046
MH231580	286046
MH231581	286046
MH231582	286046
MH231583	286046
MH231584	286046
MH231585	286046
MH231586	286046
MH231587	286046
MH243902	4718
MH243903	4718
MH243904	4718
MH243905	4718
MH243906	1277281
MH243907	1277281
MH244014	4718
MH258074	156521
MH258075	156521
MH258076	156521
MH258077	156521
MH258078	50768
MH258079	50768
MH258080	50768
MH258081	50768
MH258082	374100
MH258083	374100
MH258084	374100
MH258085	308435
MH258086	308435
MH258087	308435
MH258088	308435
MH258089	308435
MH258090	308435
MH258091	308435
MH258092	50754
MH258093	50754
MH258094	50754
MH258095	50754
MH258096	50754
MH258097	1967467
MH258098	1967467
MH258099	1967467
MH258100	1967467
MH258101	1967467
MH258102	1967467
MH258103	142738
MH258104	142738
MH258105	142738
MH258106	142738
MH258107	142738
MH258108	142738
MH258109	142738
MH258110	142738
MH258111	308328
MH258112	308328
MH258113	308328
MH258114	308328
MH258115	308328
MH258116	308328
MH258117	308328
MH258118	308328
MH258119	2510607
MH258120	2510607
MH258121	2510607
MH258122	2510607
MH258123	174170
MH258124	174170
MH258125	227241
MH258126	227241
MH258127	227241
MH258128	227241
MH258129	227241
MH258130	227241
MH258131	467324
MH258132	467324
MH258133	467324
MH258134	467324
MH258135	467322
MH258136	291325
MH258137	291325
MH258138	173278
MH258139	1044967
MH258142	626364
MH258143	626364
MH258144	626364
MH258145	626364
MH258146	238948
MH258147	1045358
MH258148	572115
MH258149	1898848
MH258150	110753
MH258151	74631
MH258152	202327
MH258153	1510229
MH258154	1323965
MH258155	93608
MH258156	267557
MH258157	1333958
MH258158	110763
MH258159	482968
MH258160	57203
MH258161	482967
MH258162	75578
MH258163	286928
MH258164	141005
MH258165	215071
MH258166	215071
MH258167	215071
MH258168	283153
MH258169	283153
MH258170	283153
MH258171	283153
MH258172	242839
MH258173	242839
MH258174	242839
MH258175	242839
MH258176	1479707
MH258177	1479707
MH258178	1479707
MH258179	1479707
MH258180	173278
MH258181	173278
MH258182	173278
MH258183	173278
MH258184	459176
MH258185	459176
MH258186	459176
MH258187	459176
MH258188	459176
MH258189	3528
MH258190	3528
MH258191	231648
MH258192	231648
MH258193	524208
MH258194	524208
MH259323	239685
MH259807	85362
MH259808	85362
MH259809	85362
MH260614	458692
MH260615	458692
MH260616	458692
MH260617	458692
MH260618	458692
MH270494	2184936
MH339993	210858
MH349334	210858
MH349335	210858
MH349336	210858
MH349337	210858
MH349338	210858
MH349339	210858
MH349340	210858
MH349341	210858
MH349342	648872
MH349343	648872
MH349344	648872
MH349345	648872
MH358398	387928
MH358399	387928
MH358400	387928
MH358401	387928
MH358402	387928
MH358403	387928
MH358404	387928
MH358405	387928
MH358406	387928
MH358407	387928
MH358408	416981
MH358409	416981
MH358410	416981
MH358411	416981
MH358412	416981
MH358413	416981
MH358414	416981
MH358415	416981
MH358416	1529107
MH358417	1529107
MH358418	1529107
MH358419	1529106
MH358420	1529106
MH358421	1529106
MH358422	1529106
MH358423	1529106
MH358424	1529106
MH358425	1529108
MH358426	1529108
MH358427	1529108
MH358428	1529108
MH358429	1529108
MH358430	2201477
MH358431	2201477
MH358432	2201477
MH358433	2201478
MH358434	2201478
MH358435	2201478
MH358436	2201478
MH358437	1484106
MH358438	1484106
MH358439	1484106
MH367299	1081585
MH367300	1081585
MH367301	1081585
MH367302	1081585
MH367303	714493
MH367304	714493
MH367305	714493
MH367306	714493
MH367307	714493
MH367308	714493
MH367309	714493
MH367310	714493
MH367311	714493
MH367312	714493
MH367313	714493
MH370460	2517374
MH370461	2517374
MH370463	409507
MH370860	44685
MH377220	2508969
MH381784	44685
MH424539	105675
MH428853	318052
MH428861	2518360
MH492981	55316
MH492982	55316
MH547116	191219
MH547213	55496
MH547215	55496
MH549149	119830
MH577544	945150
MH577545	141487
MH577546	365749
MH577547	2259515
MH577548	2259516
MH577549	2259516
MH577550	206227
MH577551	206227
MH577552	206227
MH577553	365751
MH577554	2058611
MH577555	1381998
MH577556	1167128
MH577557	945160
MH577558	945161
MH577559	365754
MH577560	365754
MH577561	2259517
MH577562	206235
MH577563	206235
MH577564	1167159
MH577565	1167157
MH577566	206239
MH577567	2058651
MH577568	2259521
MH577569	2058652
MH577570	945171
MH577571	2259518
MH577572	2259518
MH577573	1167185
MH651352	47064
MH699438	2602999
MH699439	886265
MH703077	226225
MH703078	230060
MH703340	690320
MH728893	512619
MH728894	512620
MH728895	268006
MH728896	114287
MH728897	268090
MH728898	2558452
MH728899	519268
MH728900	512621
MH728901	512619
MH728902	114285
MH728903	268006
MH728904	512620
MH728905	114285
MH728906	114285
MH728907	165083
MH728908	512619
MH728909	2558452
MH728910	114287
MH728911	114287
MH728912	268090
MH728913	693108
MH728914	519268
MH728915	519268
MH728916	519268
MH728917	519268
MH728918	519268
MH728919	2558451
MH728920	2558451
MH728921	2558451
MH728922	2558451
MH728923	512620
MH728924	512619
MH728925	512620
MH728926	268006
MH728927	114287
MH728928	268090
MH728929	2558452
MH728930	519268
MH728931	512621
MH728932	512619
MH728933	114285
MH728934	268006
MH728935	512620
MH728936	114285
MH728937	114285
MH728938	165083
MH728939	512619
MH728940	2558452
MH728941	114287
MH728942	114287
MH728943	268090
MH728944	693108
MH728945	519268
MH728946	519268
MH728947	519268
MH728948	519268
MH728949	519268
MH728950	2558451
MH728951	2558451
MH728952	2558451
MH728953	2558451
MH728954	512620
MH730562	2290812
MH730563	2290812
MH730564	2290812
MH730565	404569
MH730566	2290812
MH730567	2290812
MH730568	404569
MH730569	2290812
MH730570	2290812
MH730571	2290812
MH730572	2290812
MH730573	2290812
MH730574	2290812
MH730575	2290812
MH730576	2290811
MH730577	2290811
MH730578	2290811
MH730579	2290811
MH730580	2290811
MH730581	2290811
MH730582	2290814
MH730583	2290814
MH730584	2290811
MH730585	2290811
MH730586	2290811
MH730587	404569
MH730588	2290818
MH730589	2290818
MH730590	2290818
MH730591	2290814
MH730592	2290811
MH730593	2290811
MH730594	2290811
MH730595	2290811
MH730596	404569
MH730597	404569
MH730598	2290811
MH730599	2290811
MH730600	2290818
MH730601	2290811
MH730602	2290816
MH730603	2290816
MH730604	2290816
MH730605	2290817
MH730606	2290815
MH730607	2290815
MH730608	2290815
MH730609	2290811
MH730610	404569
MH730611	404569
MH730612	404569
MH730613	404569
MH730614	2290814
MH730615	2290814
MH730616	458692
MH730617	458692
MH730618	458692
MH730619	1577077
MH730620	1577077
MH730621	1577077
MH730622	1577077
MH730623	2291425
MH730624	2291425
MH753420	159053
MH763712	2570252
MH763713	481618
MH763716	2570255
MH766939	145706
MH792061	502222
MH813027	705300
MH813028	705300
MH813029	269722
MH813030	63479
MH813031	63479
MH813032	63479
MH813033	1715890
MH813034	168497
MH813035	168497
MH813036	69056
MH813037	161874
MH813038	13485
MH813039	13485
MH813041	385388
MH813042	157409
MH813043	3806
MH813045	3806
MH813047	119830
MH813048	119830
MH813050	139772
MH813051	139772
MH813052	4456
MH813053	4456
MH813054	4456
MH813055	180498
MH813060	179682
MH813061	179682
MH813062	141545
MH813063	155640
MH813064	374041
MH813065	374041
MH813068	3396
MH813069	3396
MH813070	3396
MH813071	126435
MH813072	126435
MH813073	126435
MH813074	62092
MH813075	62092
MH813076	62092
MH813079	660624
MH813080	660624
MH813081	660624
MH813084	323062
MH813088	1006085
MH813089	1006085
MH813090	1006085
MH813093	329875
MH813094	329875
MH813095	329875
MH813096	52822
MH813097	52822
MH813099	354522
MH813102	210334
MH813103	210334
MH813104	210334
MH813106	1009338
MH813107	109171
MH813109	109171
MH813113	52861
MH813114	52861
MH813115	427660
MH813116	427660
MH813117	427660
MH813118	3956
MH813119	3956
MH813120	3956
MH813121	43503
MH813122	43503
MH813123	568080
MH813124	568080
MH813125	123498
MH813126	123498
MH813127	123498
MH813128	49577
MH813129	91225
MH813130	91225
MH813131	4058
MH813132	4058
MH813133	4058
MH813134	142860
MH813135	142860
MH813136	142860
MH813137	371650
MH813138	371650
MH813139	212310
MH813140	212310
MH813141	212310
MH813142	3983
MH813143	3983
MH813144	3983
MH813145	212288
MH813146	212288
MH813147	593753
MH813148	334664
MH813149	334664
MH813150	334664
MH813151	35883
MH813152	35883
MH813153	35883
MH813154	52823
MH813155	52823
MH813156	52823
MH813157	167917
MH813158	167917
MH813159	167917
MH813160	1603722
MH813161	146505
MH813162	146505
MH813163	50182
MH813164	50182
MH813165	41776
MH813166	41776
MH813167	41776
MH813168	332435
MH813169	3674
MH813170	406422
MH813171	406422
MH813172	406422
MH813173	2184935
MH813174	29606
MH813175	29606
MH813176	283121
MH813177	283121
MH813178	1507415
MH813179	1507415
MH813180	1507415
MH813181	3527
MH813182	3527
MH813183	3527
MH813185	16897
MH813186	92927
MH813187	92927
MH813188	92927
MH813189	167572
MH813191	190244
MH813192	190244
MH813193	121073
MH813194	121073
MH813195	121073
MH813198	152838
MH813199	120728
MH813200	120728
MH813201	1419728
MH813202	1419728
MH813203	1419728
MH813204	3988
MH813205	316645
MH813206	4097
MH813207	4097
MH813208	4097
MH813209	1075362
MH813210	1075362
MH813211	1075362
MH813212	182318
MH813213	182318
MH813214	182318
MH813215	205536
MH813216	205536
MH813217	205536
MH813218	103745
MH813219	103745
MH813220	103745
MH813221	1366212
MH813222	1366212
MH813223	1366212
MH813224	112615
MH813225	112615
MH813226	112615
MH813229	76025
MH813231	69056
MH813232	174182
MH813233	427660
MH813234	313331
MH813235	62092
MH813244	325641
MH813245	3396
MH813248	3396
MH813250	13429
MH813252	13429
MH813253	16922
MH813255	16922
MH813257	16922
MH813259	29588
MH813260	29588
MH813261	174182
MH824672	1081628
MH847788	29780
MH847789	29780
MH880971	240005
MH880972	240005
MH880973	240005
MH880974	48119
MH880975	48119
MH880976	94286
MH880977	94286
MH880978	94286
MH880979	94286
MH880980	94286
MH880981	39860
MH880982	39860
MH880983	443869
MH880984	443869
MH880985	443869
MH880986	443869
MH880987	443873
MH880988	443873
MH924218	688344
MH924219	1413680
MH924220	688336
MH924221	75715
MH924222	77069
MH924223	470269
MH924224	1114882
MH971954	627609
MH971955	627609
MH971956	627609
MH971957	627609
MH971958	627609
MH971959	627609
MH971960	627609
MH971961	627609
MH971962	627609
MH971963	627609
MH971964	627609
MH971965	627609
MH971966	627609
MH971967	627609
MH971968	627609
MH971969	223100
MH971970	223100
MH971971	223100
MH971972	241807
MH971973	241807
MH971974	241807
MH984896	2364179
MK005186	2420276
MK011377	161395
MK011378	161395
MK011379	161395
MK011380	161395
MK011381	161395
MK011382	161395
MK011383	161395
MK011384	161395
MK011385	161395
MK011386	161395
MK011387	161395
MK011388	161395
MK011389	161395
MK011390	161395
MK011391	161395
MK011392	161395
MK011393	161395
MK011394	161395
MK011395	161395
MK011396	161395
MK011397	161395
MK011398	161395
MK011399	161395
MK011400	161395
MK011401	161395
MK011402	161395
MK011403	161395
MK011404	161395
MK011405	161395
MK011406	161395
MK011407	161395
MK011408	161395
MK011409	161395
MK011410	161395
MK011411	161395
MK011412	161395
MK011413	161395
MK011414	161395
MK011415	161395
MK011416	161395
MK011417	161395
MK011418	161395
MK011419	161395
MK011420	161395
MK011421	161395
MK011422	161395
MK011423	161395
MK011424	161395
MK011425	161395
MK011426	161395
MK011427	161395
MK011428	161395
MK011429	161395
MK011430	161395
MK011431	161395
MK011432	161395
MK011433	161395
MK011434	161395
MK011435	161395
MK011436	161395
MK011437	161395
MK011438	161395
MK011439	161395
MK011440	161395
MK011441	161395
MK011442	161395
MK011443	161395
MK011444	161395
MK011445	161395
MK011446	161395
MK011447	161395
MK011448	161395
MK011449	161395
MK011450	161395
MK011451	161395
MK011452	161395
MK011453	161395
MK011454	161395
MK011455	161395
MK011456	161395
MK011457	161395
MK011458	161395
MK011459	161395
MK011460	161395
MK011461	161395
MK011462	161395
MK011463	161395
MK011464	161395
MK011465	161395
MK011466	161395
MK011467	161395
MK011468	161395
MK011469	161395
MK011470	161395
MK011471	161395
MK011472	161395
MK011473	161395
MK011474	161395
MK011475	161395
MK011476	161395
MK011477	161395
MK011478	161395
MK011479	161395
MK011480	161395
MK011481	161395
MK011482	161395
MK011483	161395
MK011484	161395
MK011485	161395
MK011486	161395
MK011487	161395
MK011488	161395
MK011489	161395
MK011490	161395
MK011491	161395
MK011492	161395
MK012558	161397
MK012559	161397
MK012560	161397
MK012561	161397
MK012562	161397
MK012563	161397
MK012564	161397
MK012565	161397
MK012566	161397
MK012567	161397
MK012568	161397
MK012569	161397
MK012570	161397
MK012571	161397
MK012572	161397
MK012573	161397
MK012574	161397
MK012575	161397
MK012576	161397
MK012577	161397
MK012578	161397
MK012579	161397
MK012580	161397
MK012581	161397
MK012582	161397
MK012583	161397
MK012584	161397
MK012585	161397
MK012586	161397
MK012587	161397
MK012588	161397
MK012589	161397
MK012590	161397
MK012591	161397
MK012592	161397
MK012593	161397
MK012594	161397
MK012595	161397
MK012596	161397
MK012597	161397
MK012598	161397
MK012599	161397
MK012600	161397
MK012601	161397
MK012602	161397
MK012603	161397
MK012604	161397
MK012605	161397
MK012606	161397
MK012607	161397
MK012608	161397
MK012609	161397
MK012610	161397
MK012611	161397
MK012612	161397
MK012613	161397
MK012614	161397
MK012615	161397
MK012616	161397
MK012617	161397
MK012618	161397
MK012619	161397
MK012620	161397
MK012621	161397
MK012622	161397
MK012623	161397
MK012624	161397
MK012625	161397
MK012626	161397
MK012627	161397
MK012628	161397
MK012629	161397
MK012630	161397
MK012631	161397
MK012632	161397
MK012633	161397
MK012634	161397
MK012635	161397
MK012636	161397
MK012637	161397
MK012638	161397
MK012639	161397
MK012640	161397
MK028827	226677
MK028828	4460
MK028829	174190
MK028830	4460
MK028831	4456
MK028832	28478
MK066172	526763
MK084861	2482929
MK093980	134033
MK093981	134033
MK093984	134033
MK093985	134033
MK098172	797614
MK124723	180675
MK124724	199178
MK124725	1150289
MK124726	1150280
MK124727	2263217
MK124728	167919
MK124729	1611021
MK124730	1766721
MK161392	107604
MK161393	587397
MK161394	118357
MK161395	4392
MK161396	79768
MK161397	179731
MK161398	141186
MK161399	587398
MK161400	13345
MK161401	587403
MK161402	175026
MK161403	58043
MK161404	71610
MK161405	227498
MK161406	147273
MK161407	368691
MK183691	263848
MK183692	213255
MK183693	748693
MK193873	276775
MK193874	50994
MK193875	1585251
MK216496	285590
MK216498	157652
MK224594	487159
MK224595	487159
MK224596	487159
MK224597	1634001
MK224598	1634001
MK224599	1634001
MK224600	1634001
MK224601	1634001
MK224602	1634001
MK224603	1634001
MK224604	1634001
MK224605	1634001
MK224606	1634001
MK224607	1634001
MK224608	1634001
MK224609	1634001
MK227250	48101
MK227251	48101
MK227252	48101
MK227253	48101
MK227254	48101
MK227255	48101
MK227256	48101
MK227257	48101
MK227258	48101
MK227259	48101
MK227260	48101
MK227261	48101
MK227262	48101
MK227263	48101
MK227264	48101
MK227265	48101
MK227266	48101
MK227267	48101
MK227268	48101
MK227269	48101
MK227270	48101
MK227271	48101
MK227272	48101
MK227273	48101
MK227274	48101
MK227275	48101
MK227276	48101
MK227277	48101
MK227278	48101
MK227279	48101
MK227280	165353
MK227281	165353
MK227282	165353
MK227283	165353
MK227284	165353
MK227285	165353
MK227286	165353
MK227287	165353
MK227288	165353
MK227289	165353
MK227290	165353
MK227291	165353
MK264356	212690
MK282350	2591387
MK321829	2650447
MK325435	321354
MK325436	186263
MK325437	321346
MK326047	2594947
MK333257	710101
MK341796	531824
MK341797	43364
MK346200	710101
MK350328	1128104
MK351255	220640
MK353586	146995
MK353587	146995
MK353588	146995
MK353589	146995
MK353590	146995
MK353591	146995
MK353592	146995
MK353593	146995
MK353594	146995
MK353595	146995
MK353596	146995
MK353597	146995
MK353598	146995
MK353599	146995
MK353600	146995
MK353601	146995
MK353602	146995
MK353603	146995
MK353604	41568
MK353605	41568
MK353606	41568
MK353607	41568
MK353608	41568
MK353609	41568
MK370492	1501474
MK370493	1501474
MK370494	1501474
MK370495	1501468
MK370496	1501457
MK370497	1501457
MK370498	1501457
MK370499	1501468
MK370500	1501469
MK370501	1501469
MK370502	1501469
MK370503	1501468
MK370504	1501466
MK370505	2053796
MK370506	2053796
MK370507	1501466
MK370508	1501466
MK370509	2053796
MK370510	1501458
MK370511	1501458
MK370512	2053797
MK370513	2053797
MK370514	2053797
MK370515	2053797
MK370516	2053797
MK370517	2053797
MK370518	1501466
MK370519	1501466
MK370520	1501466
MK370521	1501466
MK370522	1501466
MK370523	1501466
MK370524	1501466
MK370525	1501466
MK370526	1501466
MK370527	152369
MK370528	152369
MK370529	152370
MK370530	152370
MK370531	152370
MK370532	1501466
MK370533	1501456
MK370534	152371
MK370535	152371
MK370536	1501456
MK370537	152367
MK370538	152367
MK370539	1501461
MK370540	1501462
MK370541	1501462
MK370542	1501462
MK370543	147244
MK370544	147244
MK370545	461633
MK370546	152366
MK370547	152366
MK370548	216145
MK370549	216145
MK370550	152364
MK370551	152364
MK370552	1501464
MK370553	1501473
MK370554	152374
MK370555	152374
MK370556	425106
MK370557	425106
MK423970	595344
MK424550	387931
MK424551	387931
MK424552	387931
MK424553	387931
MK424554	387931
MK424555	387931
MK424556	387931
MK424557	387931
MK424558	387931
MK424559	387931
MK424560	387931
MK424561	387931
MK424562	387931
MK424563	387931
MK424564	387931
MK424565	387931
MK424566	387931
MK424567	387931
MK424568	387931
MK424569	387931
MK424570	387931
MK424571	387931
MK424572	387931
MK424573	387931
MK424574	387931
MK424575	387931
MK424576	387931
MK424577	387931
MK424578	387931
MK424579	387931
MK426844	2508337
MK426845	52818
MK426846	52818
MK426847	52818
MK426848	52818
MK426849	52818
MK426850	52818
MK426851	52818
MK426852	1204676
MK426853	1204676
MK426854	1204676
MK426855	403096
MK426856	403096
MK426857	403096
MK426858	52822
MK426859	52822
MK426860	377125
MK426861	377125
MK426862	377125
MK426863	377125
MK426864	377125
MK426865	377125
MK426866	377125
MK426867	377125
MK426868	377125
MK426869	377125
MK426870	377125
MK426871	377125
MK426872	377125
MK426873	377125
MK426874	429256
MK426875	4058
MK426876	4058
MK426877	4058
MK426878	141545
MK426879	141545
MK426880	2508338
MK426881	2508338
MK426882	2508338
MK426883	52861
MK426884	52861
MK426885	52861
MK426886	69381
MK426887	69381
MK426888	2508339
MK426889	2508339
MK426890	63479
MK426891	63479
MK426892	63479
MK426893	62097
MK426894	62097
MK426895	62097
MK426896	62097
MK426897	62097
MK426898	62097
MK426899	4060
MK426900	4060
MK426901	4060
MK426902	478094
MK426903	478094
MK426904	545371
MK426905	545371
MK426906	545371
MK426907	329875
MK426908	329875
MK426909	329875
MK426910	329875
MK426911	329875
MK426912	2508340
MK426913	2508340
MK426914	2508340
MK426915	403115
MK426916	403115
MK426917	1217299
MK426918	1217299
MK426919	1217299
MK426920	62092
MK426921	62092
MK426922	62092
MK426923	52862
MK426924	52862
MK426925	52862
MK426926	69389
MK426927	69389
MK426928	69389
MK426929	69389
MK426930	69389
MK426931	69389
MK426932	69389
MK426933	69389
MK426934	69389
MK426935	69389
MK426936	69389
MK426937	69389
MK426938	1603847
MK426939	1603847
MK439838	38860
MK439839	38860
MK439840	38860
MK477702	1204676
MK477703	1204676
MK477704	1204676
MK477705	52818
MK477706	52818
MK477707	52818
MK477708	52818
MK477709	52818
MK477710	52818
MK477711	52822
MK477712	52822
MK477713	52822
MK477714	429256
MK477715	429256
MK477716	4058
MK477717	4058
MK477718	4058
MK477719	141545
MK477720	141545
MK477721	141545
MK477722	52861
MK477723	52861
MK477724	52861
MK477725	2508338
MK477726	2508338
MK477727	2508338
MK477728	69381
MK477729	69381
MK477730	2508339
MK477731	2508339
MK477732	63479
MK477733	63479
MK477735	69385
MK477736	69385
MK477737	69385
MK477738	62097
MK477739	62097
MK477740	62097
MK477741	62097
MK477742	62097
MK477743	62097
MK477744	4060
MK477745	4060
MK477746	478094
MK477747	478094
MK477748	478094
MK477749	545371
MK477750	545371
MK477751	545371
MK477752	403115
MK477753	403115
MK477754	62092
MK477755	62092
MK477756	62092
MK477757	2605637
MK477758	2605637
MK477759	2605637
MK477760	52862
MK477761	52862
MK477762	52862
MK477763	52862
MK477764	52862
MK477765	69389
MK477766	1603847
MK477767	1603847
MK477768	329875
MK477769	329875
MK477770	329875
MK477771	329875
MK477772	1217299
MK477773	1217299
MK477774	1217299
MK487800	3981
MK487801	3981
MK487802	3981
MK487803	3981
MK487804	3981
MK487805	3981
MK487806	3981
MK487807	3981
MK511103	416029
MK511104	416029
MK512056	265785
MK512057	265785
MK512058	265785
MK512059	265785
MK512060	265785
MK513637	859277
MK513638	859277
MK513639	859277
MK513640	859277
MK513641	859277
MK513642	859277
MK513643	859277
MK513644	859277
MK513645	859277
MK513646	859277
MK513647	859277
MK513648	859277
MK513649	859277
MK513650	859277
MK513651	859277
MK513652	859277
MK513653	859277
MK513654	859277
MK513790	272846
MK513794	272846
MK522200	2607458
MK524228	2588548
MK524229	318058
MK524230	48131
MK524231	397370
MK524232	269721
MK524233	690795
MK524234	128017
MK524235	499988
MK524236	271014
MK524237	4039
MK524238	1505188
MK524239	1521133
MK524240	163010
MK524241	241841
MK524242	189247
MK524243	1172590
MK524244	66096
MK524245	411665
MK524246	458695
MK524247	4020
MK524248	354523
MK524249	91242
MK524250	91248
MK524251	345098
MK524252	213255
MK524253	339321
MK524254	4049
MK524255	123564
MK524256	261423
MK524257	123564
MK524258	123564
MK524259	199222
MK524260	4456
MK524261	78372
MK524262	85864
MK524263	213255
MK524264	516549
MK524265	16922
MK524266	13601
MK524267	261423
MK524268	258162
MK524269	499988
MK524270	516549
MK524271	76025
MK524272	1521133
MK524273	488216
MK524274	128017
MK524275	516549
MK524276	93611
MK524277	499988
MK524278	16924
MK524279	461633
MK524280	210355
MK524281	213261
MK524282	146541
MK524283	268493
MK524284	213261
MK524285	1056469
MK524286	458695
MK524287	260996
MK524288	168497
MK524289	89039
MK524290	168497
MK524291	35925
MK524293	240031
MK524294	925448
MK524295	1168070
MK524296	873094
MK524297	191885
MK524298	74716
MK524299	2291136
MK524300	91225
MK524301	676073
MK524302	443222
MK524303	471944
MK524304	113205
MK524305	4097
MK524306	185774
MK524307	66380
MK524308	213406
MK524309	60119
MK524310	167919
MK524311	42337
MK524312	1400674
MK524313	13824
MK524314	274332
MK524315	210332
MK524316	388567
MK524317	168559
MK524318	4744
MK524319	3538
MK558847	13331
MK558848	155132
MK558849	161260
MK558850	158555
MK558851	487159
MK558852	454322
MK587505	2545457
MK618915	2547524
MK618934	2303445
MK620879	119172
MK620880	119172
MK620881	119172
MK620882	119172
MK620883	576365
MK620884	576365
MK620885	313920
MK620886	996405
MK620887	1196499
MK620888	35608
MK620889	35608
MK620890	35608
MK620891	35608
MK620892	308336
MK625009	354523
MK625021	354523
MK625022	354523
MK625023	354523
MK625024	354523
MK625025	354523
MK625026	354523
MK625027	354523
MK625028	354523
MK625029	354523
MK625030	354523
MK625031	354523
MK625032	354523
MK625033	354523
MK625034	354523
MK625035	354523
MK625036	354523
MK625037	354523
MK625038	354523
MK625039	354523
MK625040	354523
MK625041	354523
MK625042	354523
MK625043	354523
MK625044	354523
MK625045	354523
MK625046	354523
MK625047	354523
MK625048	354523
MK625049	354523
MK625050	354523
MK625051	354523
MK625052	354523
MK625053	354523
MK625054	354523
MK625055	354523
MK625056	354523
MK625057	354523
MK625058	354523
MK625059	354523
MK625060	354523
MK625465	38596
MK625476	1084670
MK625477	46985
MK625478	137229
MK625479	2547594
MK630298	279679
MK630302	1532400
MK685898	53923
MK685899	362788
MK726258	152096
MK726259	152096
MK726260	152096
MK726261	152096
MK726275	152096
MK771837	415160
MK771838	2565550
MK771839	2565503
MK771840	860750
MK771841	253745
MK771842	167919
MK771843	658105
MK771844	16752
MK771845	48117
MK771846	2565504
MK771847	41241
MK771848	120732
MK771849	46789
MK771850	174651
MK771851	239688
MK771852	2565505
MK771853	182084
MK771854	459633
MK771855	1713838
MK771856	386276
MK808041	488216
MK808042	4460
MK808043	78372
MK839158	256492
MK895656	28470
MK895669	32101
MK895670	79857
MK900747	71654
MK907886	1682376
MK907887	1682376
MK907888	1682376
MK907889	1682376
MK907890	1682376
MK907891	183220
MK907892	183220
MK907893	183220
MK907894	183220
MK907895	1170222
MK907896	1170222
MK907897	1170222
MK907898	1170222
MK907899	1170222
MK907900	455045
MK907901	455045
MK907902	455045
MK907903	455045
MK907904	455045
MK907905	183247
MK907906	241594
MK907907	241598
MK911870	2577037
MK911873	2577040
MK950948	4509
MK950949	52139
MK950950	89684
MK950951	39414
MK950952	4545
MK950953	87477
MK950954	3447
MK950955	4608
MK950956	13329
MK950957	4509
MK950958	3760
MK950959	4522
MK950960	41241
MK950961	15957
MK950962	52153
MK950963	2582994
MK950964	50225
MK950965	4509
MK950966	3712
MK950967	87477
MK950968	2582995
MK950969	3726
MK950970	4509
MK950971	47247
MK950972	4509
MK950973	52139
MK950974	4509
MK950975	4509
MK950976	4509
MK950977	29661
MK950978	4509
MK950979	29661
MK950980	41492
MK950981	4509
MK950982	2582994
MK950983	4509
MK950984	230722
MK950985	87477
MK950986	3760
MK950987	55615
MK950988	2582995
MK950989	4509
MK950990	2582994
MK950991	41241
MK950992	4509
MK950993	4509
MK950994	4509
MK950995	39414
MK950996	74828
MK950997	89684
MK950998	2582994
MK950999	230724
MK951000	4509
MK951001	4509
MK951002	50225
MK951003	4509
MK951946	430754
MK951947	137685
MK951948	371028
MK951949	2582807
MK951950	856997
MK951951	943432
MK973006	137693
MK973007	467333
MK988156	1718248
MK999984	467334
MK999985	488007
MN028781	339146
MN038128	228826
MN038129	228826
MN038130	199222
MN038131	199222
MN038132	199225
MN038133	199225
MN038134	199225
MN038135	123564
MN038136	123564
MN038137	4465
MN038138	4460
MN038139	239688
MN038140	239688
MN077173	681404
MN091930	152838
MN095553	2291122
MN095554	2291122
MN095555	2291122
MN095556	2291122
MN095557	2291122
MN095558	2291122
MN095559	2291122
MN095560	2291122
MN095561	2291122
MN095562	2291122
MN095563	2291122
MN095564	2291122
MN095565	2291122
MN095566	2291122
MN095567	2291122
MN095568	2291122
MN095569	2291122
MN095570	2291122
MN095571	2291122
MN095572	2291122
MN095573	2291122
MN095574	2291122
MN095575	2291122
MN095576	2291122
MN095577	2291122
MN095578	2291122
MN095579	2291122
MN095580	2291122
MN095581	2291122
MN095582	2291122
MN095583	2291122
MN095584	2291122
MN095585	2291122
MN095586	2291122
MN095587	2291122
MN095588	2291122
MN095589	2291122
MN095590	2291122
MN095591	2291122
MN095592	2291122
MN095593	2291122
MN095594	2291122
MN095595	2708236
MN095596	2708236
MN095597	2708236
MN095598	2708236
MN095599	2291123
MN095600	2291123
MN095601	2708237
MN095602	2708237
MN104053	4202
MN104054	4202
MN165988	83154
MN165992	83154
MN166952	158149
MN170567	331205
MN184796	108544
MN184797	108544
MN184798	108544
MN184799	108544
MN184800	152088
MN184801	108544
MN184802	152088
MN184803	152088
MN184804	152088
MN184805	152089
MN184806	152088
MN184807	152088
MN184808	152089
MN184809	152089
MN184810	152091
MN184815	152091
MN184816	152091
MN184817	152091
MN184818	152092
MN184819	152091
MN184820	152092
MN184821	152092
MN184822	152092
MN184823	108546
MN184824	152093
MN184825	108546
MN184826	152092
MN184827	108546
MN184828	108546
MN184829	108546
MN184830	152095
MN184831	1352233
MN184832	152096
MN184833	152096
MN184834	1352233
MN184835	152095
MN184836	1352233
MN184837	152095
MN184838	152096
MN184839	1352233
MN184840	152096
MN184841	152096
MN184842	152095
MN184843	152095
MN190682	4081
MN202502	3893
MN202503	3893
MN202504	3893
MN202505	3893
MN202506	3893
MN202507	3893
MN202508	3893
MN202509	3893
MN202510	3893
MN202511	3893
MN202512	3893
MN202513	3893
MN202514	3893
MN202515	3893
MN202516	3893
MN202517	3893
MN202518	3893
MN202519	3893
MN202520	3893
MN202521	3893
MN202522	3893
MN202523	3893
MN202524	3893
MN202525	3893
MN202526	3893
MN202527	3893
MN202528	3893
MN202529	3893
MN202530	3893
MN202531	3893
MN202532	3893
MN202533	3893
MN202534	3893
MN202535	3893
MN202536	3893
MN202537	3893
MN202538	3893
MN202539	3893
MN202540	3893
MN202541	3893
MN202542	3893
MN202543	3893
MN202544	3893
MN202545	3893
MN202546	3893
MN202547	3893
MN202548	3893
MN202549	3893
MN202550	3893
MN202551	3893
MN202552	3893
MN202553	3893
MN202554	174648
MN202555	174648
MN202556	174648
MN202557	174648
MN202558	174648
MN202559	174648
MN202560	174648
MN202561	174648
MN202562	174648
MN202563	174648
MN202564	174648
MN202565	174648
MN202566	174648
MN202567	174648
MN202568	174648
MN202569	174648
MN202570	174648
MN202571	174648
MN202572	174648
MN202573	174648
MN202574	174648
MN202575	174648
MN202576	174648
MN202577	174648
MN202578	174648
MN202579	174648
MN202580	174648
MN275122	126278
MN275123	165378
MN275124	165361
MN275125	2497513
MN275126	202667
MN275127	2497580
MN275128	2497589
MN275129	165385
MN275130	2497515
MN275131	1907829
MN275132	1907828
MN275133	2498593
MN275134	2497585
MN275135	2497579
MN275136	2497582
MN275137	2497584
MN275138	2497583
MN275139	2497587
MN275140	2497588
MN275141	165374
MN275142	2497512
MN275143	2497534
MN275144	165365
MN275145	2497533
MN275146	2497586
MN275147	2497549
MN275148	2497549
MN275149	2497548
MN275150	2497550
MN275151	2497505
MN275152	2497537
MN275153	1547496
MN275154	2497519
MN275155	2497514
MN275156	2497525
MN275157	2498596
MN275158	2497506
MN275159	2497536
MN275160	2497521
MN275161	2497538
MN275162	2497529
MN275163	2497517
MN275164	107243
MN275165	2497522
MN275166	2304461
MN275167	2497531
MN275168	2497504
MN275169	1574131
MN275170	290577
MN298764	92927
MN381814	2606429
MN381815	2606429
MN381816	2606429
MN381817	2171728
MN381818	2171728
MN381819	2171728
MN381820	2606424
MN381821	2606424
MN381822	2606424
MN381823	41228
MN381824	41228
MN381825	41228
MN381826	1505756
MN381827	1505756
MN381828	1505756
MN381829	2171722
MN381830	2171722
MN381831	2171722
MN381832	2171722
MN381833	2171722
MN381834	2171722
MN414279	44586
MN414280	44586
MN414281	44586
MN414282	44586
MN414283	44586
MN414284	44586
MN414285	44586
MN414286	44586
MN414287	44586
MN414288	44586
MN414289	44586
MN414290	44586
MN414291	44586
MN414292	44586
MN414293	4054
MN414294	4054
MN414295	4054
MN414296	4054
MN414297	4054
MN414298	4054
MN414299	4054
MN414300	44586
MN414301	44586
MN414302	44586
MN414303	44586
MN414304	44586
MN414305	44586
MN414306	44586
MN414307	44588
MN414308	44588
MN414309	44588
MN414310	44588
MN414311	44588
MN414312	44588
MN414313	44588
MN414314	44586
MN417320	3845
MN417321	3845
MN417322	3845
MN417323	3845
MN417324	3845
MN417325	3845
MN422110	1495519
MN422111	1495519
MN422112	3843
MN422113	3843
MN422114	1288014
MN422115	1288014
MN422116	1288014
MN422123	49817
MN422124	49817
MN422125	49817
MN422126	228393
MN422127	228393
MN422128	228393
MN422129	228393
MN422130	228393
MN422131	159071
MN422132	159071
MN422133	159071
MN422134	159071
MN427647	29813
MN427648	29813
MN427649	29813
MN427650	29813
MN427651	29813
MN437342	2732308
MN481465	665494
MN481466	665498
MN481467	665498
MN481468	665498
MN481469	665498
MN481470	665498
MN481471	665498
MN481472	665501
MN481473	408133
MN481474	408133
MN481475	408133
MN481476	665519
MN481477	665525
MN481478	666011
MN481479	1408263
MN481480	1408263
MN519276	2565727
MN537059	153569
MN537076	2652352
MN563119	1508136
MN566151	2705711
MN625271	41502
MN662822	55315
MN662841	319738
MN662843	319738
MN662844	319738
MN662845	319738
MN662846	319738
MN662848	319738
MN662849	319738
MN662979	1533246
MN663011	2005312
MN688721	1046468
MN688722	318062
MN688723	65559
MN688725	212900
MN688726	197604
MN688727	1377996
MN688728	2665450
MN688729	2665451
MN688730	217498
MN688731	316874
MN688732	454931
MN688733	3996
MN688734	454933
MN688735	180498
MN709108	1840792
MN709109	1840792
MN709110	1840792
MN709111	1840792
MN709112	1840792
MN712234	165353
MN712235	35924
MN712236	324593
MN712237	54724
MN712238	4138
MN712239	52451
MN718989	46838
MN718990	46838
MN718991	46838
MN718992	46838
MN718993	46838
MN718994	46838
MN718995	46838
MN718996	46838
MN718997	46838
MN718998	46838
MN718999	46838
MN719000	46838
MN719001	46838
MN719002	46838
MN719003	46838
MN719004	46838
MN719005	46838
MN719006	214697
MN719007	46838
MN719008	46838
MN719009	46838
MN719010	46838
MN719011	46838
MN719012	46838
MN719013	46838
MN719014	46838
MN719015	46838
MN719016	46838
MN719017	46838
MN719018	46838
MN719019	46838
MN719020	46838
MN719021	46838
MN719022	52838
MN719023	46838
MN719024	46838
MN719025	46838
MN719026	160690
MN719027	228181
MN719092	397101
MN719111	3649
MN719113	136217
MN719114	136217
MN719116	136224
MN721379	197796
MN721380	197796
MN721381	197796
MN721382	197796
MN721383	197796
MN721384	197796
MN721385	197796
MN721386	197796
MN721387	197796
MN721388	197796
MN721389	411227
MN721390	411227
MN721391	411227
MN721392	411227
MN721393	411227
MN721394	411227
MN721395	411227
MN721396	411227
MN721397	411227
MN721398	411227
MN721399	29818
MN721400	29818
MN721401	29818
MN721402	29818
MN721403	29818
MN721404	29818
MN721405	29818
MN721406	29818
MN721407	29818
MN721408	29818
MN721409	39414
MN721410	39414
MN721411	39414
MN721412	39414
MN721413	39414
MN721414	39414
MN721415	39414
MN721416	39414
MN721417	39414
MN721418	39414
MN727072	3498
MN727073	119260
MN727074	226208
MN727075	35924
MN727077	649199
MN727078	151430
MN727079	455371
MN727080	384659
MN729557	649199
MN729558	226208
MN729560	151430
MN729562	384659
MN729563	3498
MN729564	35924
MN736437	152095
MN736438	108544
MN736439	744035
MN736440	1461640
MN736441	152097
MN736442	152092
MN736443	152093
MN736444	744039
MN736445	152088
MN737602	145471
MN737603	145471
MN737604	145471
MN737605	145471
MN737606	145471
MN737607	145471
MN737608	145471
MN737609	145471
MN737610	145471
MN737611	145471
MN737612	145471
MN737613	145471
MN746763	649199
MN746765	151430
MN746767	384659
MN746768	3498
MN746769	35924
MN749109	74613
MN749110	74613
MN749111	74613
MN749112	74613
MN749113	74613
MN749114	74613
MN749115	74613
MN749116	74613
MN749117	74613
MN749118	74613
MN749119	74859
MN749120	74859
MN749121	74859
MN749122	74859
MN749123	74859
MN749124	74859
MN749125	74614
MN749126	74614
MN749127	74614
MN749128	74614
MN749129	74614
MN749130	74614
MN749131	74614
MN749132	49827
MN749133	49827
MN749134	49827
MN749135	49827
MN749136	49827
MN749137	49827
MN762960	69856
MN763842	2752472
MN764347	159033
MN764348	159033
MN764349	171250
MN764350	159033
MN833740	2686325
MN833770	2686325
MN843191	175970
MN864396	2691861
MN864397	2691862
MN864398	138408
MN864399	138408
MN864400	138408
MN864401	138408
MN864402	138408
MN864403	138408
MN864404	138408
MN864405	138408
MN864406	138408
MN864407	138408
MN864408	138408
MN864409	138408
MN864410	138408
MN864411	138408
MN864412	138408
MN864413	138408
MN864414	138408
MN864415	138408
MN864416	138408
MN864417	53721
MN864418	53721
MN864419	53721
MN864420	138409
MN864421	138409
MN864422	138409
MN864423	138409
MN864424	138409
MN864425	138409
MN864426	138409
MN864427	138409
MN864428	138409
MN864429	138409
MN864430	138409
MN864431	138409
MN864432	138409
MN864433	138409
MN864434	138408
MN864435	138408
MN864436	138408
MN864437	138408
MN864438	138408
MN864439	138408
MN864440	138408
MN864441	138408
MN864442	138408
MN864443	138408
MN864444	138408
MN864445	138408
MN864446	138408
MN864447	138408
MN864448	138408
MN864449	138408
MN864450	138408
MN864451	138408
MN864452	138408
MN864453	138408
MN864454	138408
MN864455	138408
MN864456	138408
MN864457	138408
MN864458	138408
MN864459	138408
MN864460	138408
MN864461	138408
MN864462	138408
MN864463	138408
MN864464	138408
MN872933	2692206
MN872934	2692206
MN872935	2692206
MN872936	2692206
MN872937	2692206
MN872938	2692206
MN877390	357845
MN877391	357845
MN877392	357845
MN877393	357844
MN877394	357844
MN877395	357844
MN877396	85712
MN877397	85712
MN877398	85712
MN877399	265822
MN877400	265822
MN877401	265822
MN877402	76119
MN877403	76119
MN877404	76119
MN877405	48101
MN877406	48101
MN877407	48101
MN897752	49994
MN908579	1495519
MN908580	1495519
MN908581	1495519
MN992817	162735
MT001771	174164
MT001772	174164
MT001773	174164
MT001774	174164
MT001775	174164
MT001776	1534435
MT001777	1534435
MT001778	1534435
MT001779	666730
MT001780	666730
MT001781	666730
MT001782	1534440
MT001783	1534440
MT001784	1534440
MT001785	1534440
MT001786	1534440
MT001787	2704644
MT001788	2704644
MT001789	2704644
MT001790	174167
MT001791	174167
MT001792	2704645
MT001793	2704645
MT001794	2704645
MT001795	2704643
MT001796	2704643
MT001797	2704643
MT001798	1836947
MT001799	1836947
MT001800	1836947
MT001801	174167
MT001802	1534443
MT001803	1534443
MT001804	1534443
MT001805	168000
MT001806	168000
MT001807	168000
MT001808	168000
MT001809	174162
MT001810	174162
MT001811	174162
MT001812	2704642
MT001813	2704642
MT001814	2704642
MT001815	174162
MT001816	174162
MT001817	174162
MT001818	174162
MT001819	168006
MT001820	168006
MT001821	168006
MT001822	39385
MT036295	74859
MT036296	74859
MT062831	145471
MT062832	145471
MT062833	145471
MT077214	2710647
MT077310	1505188
MT077311	1505188
MT077312	1505188
MT077313	1505188
MT077314	1505188
MT077315	1505188
MT077316	1505188
MT077317	1505188
MT077318	1505188
MT077319	1505188
MT077320	1505188
MT077321	1505188
MT077322	1505188
MT077323	1505188
MT077324	1505188
MT077325	1505188
MT077326	1505188
MT077327	1505188
MT077328	54882
MT077329	54882
MT077330	54882
MT077331	54882
MT077332	54882
MT077333	54882
MT077334	54882
MT077335	54882
MT077336	54882
MT077337	54882
MT077338	54882
MT077339	54882
MT077340	54882
MT077341	54882
MT077342	54882
MT077343	54882
MT077344	54882
MT077345	54882
MT077346	2795722
MT077347	2795722
MT077348	2795722
MT077349	2795722
MT077350	50506
MT077351	50506
MT077352	124782
MT077353	124782
MT077354	124782
MT077355	690557
MT077356	690557
MT077357	690557
MT077358	690557
MT077359	690556
MT077360	690556
MT077361	1747497
MT077362	1747497
MT077363	455371
MT077364	455371
MT077365	455371
MT077366	455371
MT077367	455371
MT077368	455371
MT077369	455371
MT077370	455371
MT077371	455371
MT077372	455371
MT077373	455371
MT077374	2126358
MT077375	2126358
MT077376	2126358
MT077377	1341721
MT077378	1341721
MT077379	1341721
MT077380	459629
MT077381	459629
MT090710	310232
MT102280	79184
MT102864	354508
MT102865	44588
MT102866	69404
MT106628	491995
MT106629	492007
MT106630	492003
MT106632	1683472
MT110461	2066564
MT110462	2066564
MT110463	710636
MT110464	710636
MT110465	710636
MT110466	710636
MT110467	710636
MT110468	710636
MT110469	710636
MT110470	1705973
MT110471	1705973
MT110472	1705973
MT110473	1705973
MT110474	1705973
MT110475	1705973
MT110476	2138285
MT110477	929407
MT110478	929407
MT110479	929407
MT110480	929407
MT110481	929407
MT110482	929407
MT110483	369348
MT110484	369348
MT110485	929405
MT110486	929405
MT110487	929405
MT110488	929405
MT110489	929405
MT110490	929405
MT112257	184140
MT112260	184140
MT112266	184140
MT112269	1132107
MT112270	1132108
MT112271	184140
MT112272	184140
MT130936	3527
MT130937	3528
MT130938	3528
MT130939	3528
MT130940	3527
MT130941	3527
MT130942	3528
MT130943	3527
MT130944	3528
MT130945	3527
MT130946	3527
MT130947	3527
MT130948	3527
MT130949	3527
MT130950	3528
MT130951	3528
MT130952	3527
MT130953	3527
MT130954	3527
MT130955	3527
MT130956	3527
MT130957	3527
MT130958	3527
MT130959	3528
MT130960	3528
MT130961	3528
MT130962	3527
MT130963	3527
MT130964	3527
MT177150	1115507
MT177151	349989
MT177152	741061
MT177153	349989
MT177154	349989
MT177155	349989
MT177156	349989
MT177157	349989
MT177158	349989
MT177159	349989
MT177160	741061
MT177161	741061
MT177162	1413680
MT177163	741061
MT177164	349989
MT177165	349989
MT177166	75715
MT177167	75715
MT177168	75715
MT177169	75715
MT177170	891976
MT177171	891976
MT177172	891976
MT177173	891976
MT177174	891976
MT177175	891976
MT177176	891976
MT177177	891976
MT177178	75699
MT177179	75699
MT177180	75699
MT177181	688344
MT177182	688344
MT177183	688352
MT177184	688352
MT177185	688352
MT177186	688352
MT177187	40686
MT177188	189791
MT210895	709052
MT231566	2093304
MT231567	2719924
MT231645	2501732
MT263003	1043453
MT263004	1043453
MT263005	1043453
MT263006	1043453
MT263007	1043453
MT263008	1043453
MT263009	1043453
MT263010	1043453
MT263011	1043453
MT272979	28542
MT272980	427660
MT273012	309429
MT273013	309429
MT273014	309429
MT273015	309429
MT324687	203717
MT324688	203717
MT324689	203717
MT324690	203717
MT324691	203717
MT324692	203717
MT324693	203717
MT324694	203717
MT324695	203717
MT324696	203717
MT324697	203717
MT324698	203717
MT324699	203717
MT324700	203717
MT324701	203717
MT363598	59626
MT363599	48131
MT363600	491286
MT363601	149687
MT363602	2729099
MT363603	2729100
MT363604	521744
MT363605	45695
MT363606	47083
MT363607	637898
MT363608	1450213
MT363609	409519
MT363610	3760
MT363611	1616338
MT363612	1630190
MT363613	860757
MT363614	1191343
MT363615	175230
MT363616	1191337
MT363617	1699511
MT363618	1699510
MT363619	580465
MT363620	626364
MT363621	419291
MT363622	1165888
MT363623	100525
MT363624	1170855
MT363625	227241
MT363626	1937732
MT363627	203576
MT363628	375378
MT363629	996405
MT363630	1196499
MT363631	1499133
MT363632	50802
MT363633	1686258
MT363634	1127166
MT363635	2729101
MT424595	524209
MT424596	524209
MT424597	524209
MT424598	50225
MT424602	50225
MT424603	50225
MT424604	524211
MT424605	524211
MT424606	50225
MT424608	50225
MT424609	524211
MT424630	524211
MT431420	23110
MT431421	175230
MT431422	268493
MT431423	268493
MT431424	667133
MT451929	1479707
MT460411	489531
MT512878	49553
MT512879	49553
MT512880	49553
MT512881	49553
MT512882	49553
MT512883	49553
MT512884	49553
MT512885	49553
MT512886	49553
MT512887	49553
MT512888	49553
MT534340	158555
MT534341	158555
MT534342	158555
MT534343	155132
MT534344	155132
MT534345	13331
MT534346	161260
MT534347	161260
MT534348	161260
MT534349	155132
MT534350	155132
MT534351	13331
MT534352	13331
MT534353	13331
MT534354	13331
MT534355	1634001
MT534356	1634001
MT534357	1634001
MT534358	487159
MT534359	487159
MT534360	454322
MT534361	454322
MT534362	487159
MT534363	1634001
MT534364	1634001
MT534365	1634001
MT534366	1634001
MT534367	1634001
MT534368	1634001
MT534369	1634001
MT534370	1634001
MT534371	1634001
MT534372	487159
MT534373	1634001
MT534374	1634001
MT534375	1634001
MT534376	1634001
MT534377	1634001
MT534378	1634001
MT534379	1634001
MT534380	1634001
MT534381	1634001
MT534382	1634001
MT534383	1634001
MT534384	1634001
MT547698	485264
MT547702	485264
MT547703	485393
MT547706	214697
MT556816	1688730
MT581277	887861
MT581513	1804196
MT599314	268885
MT635182	3993
MT635183	3993
MT635184	1035560
MT635185	1035560
MT635186	212301
MT635187	212301
MT644705	253616
MT644706	123564
MT644707	141007
MT644708	147273
MT644709	146541
MT644710	2746705
MT644711	1785636
MT644712	2746707
MT644713	253618
MT644714	261450
MT644715	13331
MT644716	146995
MT644717	3893
MT644718	3528
MT644719	46789
MT644720	67938
MT644721	536996
MT644722	536997
MT644723	48804
MT644724	91248
MT644725	290911
MT644726	197796
MT644727	16924
MT644728	32247
MT644729	361619
MT644730	676073
MT644731	1634001
MT644732	199156
MT644733	4392
MT644734	48386
MT644735	212256
MT644736	152286
MT644737	237928
MT644738	142181
MT644739	328401
MT644740	221254
MT644741	384659
MT653111	261450
MT653112	261450
MT653113	261450
MT653114	261449
MT653115	261450
MT653116	282776
MT653117	261450
MT653118	261450
MT653119	261450
MT734663	1835415
MT734664	1835415
MT734944	72386
MT734945	72386
MT784084	58048
MT784098	239561
MT793048	371726
MT793049	371726
MT793050	371726
MT793051	371726
MT793052	371726
MT793053	371726
MT793054	371726
MT793055	371726
MT793056	371726
MT793057	371726
MT793058	371726
MT793059	371726
MT793060	371726
MT793061	371726
MT793062	371726
MT793063	371726
MT793064	371726
MT793065	371726
MT793066	371726
MT793067	371726
MT793068	371726
MT793069	371726
MT793070	371726
MT793071	371726
MT793072	371726
MT793073	371726
MT793074	371726
MT793075	371726
MT793684	2758150
MT823203	23211
MT833274	1310063
MT833275	1310063
MT833276	1310063
MT856971	333970
MT856972	333970
MT856973	333970
MT856974	333970
MT856975	333970
MT856976	333970
MT856977	333970
MT856978	333970
MT856979	333970
MT856980	333970
MT856981	50225
MT856982	50225
MT856983	1262544
MT856984	1262544
MT881107	157092
MT922886	2171543
MT922887	2171543
MT951445	345092
MT997654	366666
MT997655	366666
MT997656	366666
MT997657	366666
MT997658	366666
MT997659	366666
MT997660	366666
MT997661	366666
MT997662	366666
MT997663	366666
MT997664	366666
MT997665	366666
MT997666	76098
MT997667	76098
MT997668	76098
MT997669	76098
MT997670	76098
MT997671	76098
MT997672	76098
MT997673	76098
MT997674	366665
MT997675	366665
MT997676	366665
MT997677	366665
MT997678	366665
MT997679	366665
MT997680	366665
MT997681	366665
MT997682	366665
MT997683	366665
MW077721	669776
MW077722	669776
MW077723	345538
MW126503	137450
MW126504	281909
MW145399	3942
MW145401	2780041
MW145402	3942
MW145405	212256
MW145406	3879
MW145407	212256
MW145408	213833
MW145409	341461
MW145412	29818
MW145413	39414
MW145414	46147
MW145415	46147
MW145416	3847
MW145417	46147
MW145418	46147
MW145419	32247
MW145420	32247
MW145421	3879
MW145422	32247
MW145423	176136
MW145424	52299
MW145425	52299
MW145427	3879
MW145429	4203
MW145430	50192
MW145431	50192
MW145432	3879
MW145433	50192
MW145434	50193
MW145435	278672
MW145436	3879
MW145437	278672
MW145438	183063
MW145440	2780042
MW145441	2780043
MW145442	2780044
MW216714	2783758
MW216753	300835
MW216784	2783757
MW216785	2783757
MW216786	2783757
MW216787	2783757
MW216788	2783744
MW216789	302131
MW216790	302131
MW216791	2783895
MW216792	302141
MW216793	302141
MW216794	302141
MW216795	2783745
MW216796	2783892
MW216797	2783746
MW216798	2783897
MW216799	2783896
MW216800	302129
MW216801	302129
MW216802	302129
MW216803	302129
MW216804	2783758
MW216805	2783759
MW216806	2783722
MW216807	2783747
MW216808	2783723
MW216809	2783677
MW216810	2783723
MW216811	2783723
MW216812	302109
MW216813	302109
MW216814	302109
MW216815	2783724
MW216816	2783758
MW216817	2783758
MW216818	2783758
MW216819	2783725
MW216820	2783679
MW216821	2783679
MW216822	2783679
MW216823	302125
MW216824	2783748
MW216825	302125
MW216826	302136
MW216827	1187072
MW216828	2783751
MW216829	302122
MW216830	302140
MW216831	300832
MW216832	2783726
MW216833	2783726
MW216834	2783727
MW216835	1187072
MW216836	1187072
MW216837	302121
MW216838	1187074
MW216839	1187074
MW216840	263653
MW216841	2783728
MW216842	2783752
MW216843	2783760
MW216844	302117
MW216845	302117
MW216846	302117
MW216847	2783729
MW216848	302116
MW216849	302116
MW216850	302116
MW216851	302116
MW216852	2783729
MW216853	2783730
MW216854	1187076
MW216855	1187076
MW216856	300835
MW216857	300835
MW216858	302115
MW216859	302115
MW216860	2783680
MW216861	2783680
MW216862	2783731
MW216863	2783732
MW216864	2783727
MW216865	2783727
MW216866	2783753
MW216867	2783729
MW216868	2783729
MW216869	2783749
MW216870	1187072
MW216871	2783754
MW216872	2783755
MW216873	302129
MW216874	302112
MW216875	302112
MW216876	302112
MW216877	2783750
MW216878	2783682
MW216879	2783682
MW216880	2783682
MW216881	302142
MW216882	2783756
MW216883	302110
MW216884	302110
MW216885	302110
MW216886	302110
MW216887	302110
MW251736	4442
MW280305	203592
MW280306	203592
MW281396	1772079
MW366655	157791
MW366669	3713
MW366905	157791
MW374671	2746221
MW398246	657466
MW398335	2665963
MW414663	1128105
MW415936	15957
MW415937	15957
MW415938	52139
MW415939	281077
MW415940	15371
MW415941	29668
MW415942	4509
MW415943	52152
MW415944	4606
MW415945	4608
MW415946	4522
MW415947	93036
MW415948	269377
MW415949	4545
MW415950	289064
MW415951	89684
MW464285	2802518
MW468677	2039493
MW468678	2263190
MW468679	2263190
MW468680	2263190
MW468682	476449
MW468683	476449
MW468684	476449
MW468685	476449
MW468686	476449
MW468687	476449
MW468688	268887
MW468689	2263192
MW468690	2263192
MW468691	2263192
MW468692	2263193
MW468693	2263193
MW468694	2263193
MW468695	1208399
MW468696	1208399
MW468697	1208399
MW468698	1208399
MW468699	424416
MW468700	424416
MW468701	424416
MW468702	424416
MW468703	424416
MW468704	424416
MW468705	424416
MW468706	424416
MW468707	1208400
MW468708	1208400
MW468709	424417
MW468710	424417
MW468711	424417
MW468712	424417
MW468713	587670
MW468714	587670
MW468715	476450
MW468716	476450
MW468717	476450
MW468718	476450
MW468719	476450
MW468720	476450
MW468721	476450
MW468722	424418
MW468723	424418
MW468724	424418
MW468725	424418
MW468726	424418
MW468727	424418
MW468728	342064
MW468729	342064
MW468730	424420
MW468731	424420
MW468732	2026476
MW468733	476454
MW468734	476454
MW468735	476454
MW468736	476454
MW468737	476454
MW468738	392657
MW468739	392657
MW468740	392657
MW468741	392657
MW468742	392657
MW468744	268902
MW468745	268902
MW468746	268902
MW468747	268902
MW468748	424421
MW468749	424421
MW468751	2263202
MW468752	2263202
MW468753	342063
MW468754	342063
MW468755	342063
MW468756	342063
MW468757	49211
MW468758	49211
MW468759	49211
MW468760	49211
MW468761	268916
MW468762	2758143
MW468763	204224
MW468768	587672
MW468769	587672
MW468770	2263204
MW468771	2263204
MW468772	2263204
MW468773	2263204
MW468774	1321275
MW468775	1321275
MW468776	1321275
MW468777	1489152
MW468778	395340
MW468779	395340
MW468780	395340
MW468781	395340
MW468782	395340
MW468783	2039517
MW468784	1208403
MW468785	1208403
MW468786	1208403
MW468787	2263205
MW468788	933138
MW468789	516553
MW468790	516553
MW468791	516553
MW468792	933141
MW468793	2263206
MW468794	2263206
MW468795	2263206
MW468796	587674
MW468797	587674
MW468798	587674
MW468799	587674
MW468800	587674
MW468801	587675
MW468802	587675
MW468803	587675
MW468804	587675
MW468805	2777458
MW468806	2777458
MW468807	2777458
MW468808	226208
MW468809	226208
MW468810	226208
MW468811	226208
MW468812	226208
MW468813	226208
MW468815	2263209
MW468816	49215
MW468817	49215
MW468818	428277
MW468819	428277
MW468820	428277
MW468821	38868
MW468822	38868
MW468823	424423
MW468824	424423
MW468825	424423
MW468826	392676
MW468827	587676
MW468828	587676
MW468829	587676
MW468830	476458
MW468831	476458
MW468832	2263212
MW468833	2263212
MW468834	2263212
MW468835	2263212
MW468836	2263212
MW468837	2263212
MW468838	424424
MW468839	424424
MW468840	424424
MW468841	424424
MW468842	424424
MW468843	476459
MW468844	476459
MW468845	476459
MW468846	476459
MW468847	476459
MW468848	476459
MW468849	476459
MW468850	476459
MW468851	1720538
MW468852	1720538
MW468853	1720538
MW468854	1720538
MW468855	2263213
MW468856	2263213
MW468857	2263213
MW468858	2263213
MW468859	1208404
MW468860	1208404
MW468861	1208404
MW468862	1208404
MW468863	588964
MW468864	588964
MW468865	588964
MW468866	588964
MW468867	342060
MW468868	342060
MW468869	342060
MW468870	342060
MW468871	342060
MW468872	342060
MW468873	342060
MW468874	1208405
MW468875	1208405
MW468876	1208405
MW468877	1208405
MW468878	1208405
MW468879	392684
MW468880	392684
MW468881	392684
MW468882	392684
MW468883	392684
MW468884	392684
MW468885	1611029
MW468886	1611029
MW468887	1611029
MW468888	1321279
MW468889	1321279
MW468890	1321279
MW468891	392691
MW468892	1208406
MW468893	1208406
MW468894	2263219
MW468895	2263219
MW468896	2263219
MW468897	2263220
MW468898	2263220
MW468899	2263220
MW468900	2263220
MW468901	2263220
MW468902	424425
MW468903	424425
MW468904	424425
MW468905	424425
MW468906	268933
MW468907	268933
MW468908	268933
MW468909	342065
MW468910	342065
MW468911	342065
MW468912	342065
MW468913	933150
MW468914	587677
MW468915	587677
MW468916	587677
MW468917	2263221
MW468918	2263221
MW468919	2263221
MW468920	2263221
MW468921	2263221
MW468922	342062
MW468923	342062
MW468924	342062
MW468925	342062
MW468926	342062
MW468927	342062
MW537762	52451
MW537763	52451
MW537764	52451
MW537765	52451
MW537766	52451
MW537767	359514
MW537768	52451
MW537769	52451
MW537770	52451
MW537771	52451
MW537772	359522
MW537773	52451
MW537774	52451
MW537775	52451
MW537776	359522
MW537777	52451
MW537778	52451
MW537779	52451
MW537780	52451
MW537781	359514
MW537782	52451
MW537783	52451
MW537784	52451
MW537785	52451
MW537786	52451
MW537787	52451
MW537788	52451
MW545700	466056
MW545701	159697
MW545702	463587
MW545703	205360
MW545704	1177204
MW545705	2068727
MW545706	99024
MW545707	466056
MW545708	463586
MW545709	2068730
MW545710	463582
MW545711	466057
MW545712	463583
MW545713	2068728
MW545714	2068726
MW545715	463584
MW545716	2068729
MW545717	2068725
MW545718	463588
MW545719	344877
MW545721	205383
MW545722	147001
MW545723	1177207
MW545726	196241
MW545727	466069
MW545728	146996
MW545730	344876
MW545731	146994
MW545732	344871
MW545733	413247
MW545734	146995
MW545735	146995
MW545736	146995
MW545737	147002
MW545738	463594
MW545739	2171546
MW545740	466068
MW545741	146997
MW545742	147000
MW545743	147000
MW545744	146998
MW545745	1177206
MW545746	146993
MW545747	333948
MW545748	147003
MW545749	147003
MW545750	99030
MW545751	463591
MW545752	413248
MW545753	1478180
MW545754	344872
MW545755	413250
MW545756	413244
MW545757	463590
MW545758	99084
MW545759	99070
MW545760	466072
MW545761	1117042
MW545762	259893
MW545763	487738
MW545764	637482
MW545765	35608
MW545766	265783
MW545767	72351
MW545768	401898
MW545769	1027781
MW545770	669138
MW545771	72341
MW545772	318067
MW545773	401928
MW545774	223868
MW545775	637484
MW545776	1227631
MW545777	205378
MW545778	669127
MW545779	401938
MW545780	395280
MW545781	333954
MW545785	99046
MW545786	217469
MW545787	217469
MW545788	205386
MW545789	457748
MW545790	466073
MW545791	1115760
MW545792	1177205
MW545793	466075
MW545795	217474
MW545796	1898828
MW545797	99082
MW545798	41644
MW545799	113638
MW545800	133248
MW545801	99080
MW599846	331205
MW617318	331205
MW684022	361880
MW684023	97009
MW684024	361886
MW684025	361560
MW684026	361892
MW684027	361894
MW684028	361901
MW684031	200955
MW684032	361903
MW684033	361908
MW684034	361911
MW684035	361917
MW684036	361923
MW684037	361924
MW684038	97025
MW684039	361931
MW684040	361562
MW684041	361934
MW684042	97028
MW684044	361943
MW684045	60917
MW684046	361948
MW684047	361952
MW684048	200958
MW684049	361961
MW684050	361969
MW684051	97040
MW684052	361987
MW684053	361991
MW684054	361995
MW684055	361996
MW684056	361998
MW684057	361999
MW756938	1574107
MW790506	2661956
MW809389	744038
MW816473	28528
MW816474	28528
MW816475	28528
MW816476	28528
MW816477	689842
MW816478	689842
MW816479	689842
MW816480	689842
MW816481	689842
MW816482	689842
MW816483	689842
MW816484	689842
MW816485	689842
MW816486	689842
MW816487	3349
MW816488	3349
MW816489	689842
MW816490	689842
MW816491	689842
MW816492	689842
MW816493	38864
MW836942	168497
MW836950	4066
MW836959	39534
MW845313	549436
MW845319	155638
MW845325	549436
MW845331	1472306
MW845346	577011
MW845357	577011
MW845366	1472306
MW916902	1382036
MW930739	202126
MW930740	202128
MW930741	202128
MW930742	202128
MW930743	202128
MZ029618	52451
MZ029619	52451
MZ029620	52451
MZ029621	52451
MZ029622	52451
MZ029623	52451
MZ029624	52451
MZ029625	52451
MZ029626	52451
MZ029627	52451
MZ029628	52451
MZ029629	52451
MZ029630	52451
MZ029631	52451
MZ029632	52451
MZ029633	52451
MZ029634	52451
MZ029635	52451
MZ029636	52451
MZ029637	52451
MZ029638	52451
MZ029639	52451
MZ029640	52451
MZ029641	52451
MZ029642	52451
MZ029643	52451
MZ029644	52451
MZ029645	52451
MZ029646	52451
MZ029647	52451
MZ029648	52451
MZ029649	52451
MZ029650	52451
MZ029651	52451
MZ029652	52451
MZ029653	52451
MZ029654	52451
MZ029655	52451
MZ029656	52451
MZ029657	52451
MZ029658	52451
MZ029659	52451
MZ029660	52451
MZ029661	52451
MZ029662	52451
MZ029663	52451
MZ029664	52451
MZ029665	52451
MZ029666	52451
MZ029667	52451
MZ029668	52451
MZ029669	52451
MZ029670	52451
MZ029671	52451
MZ029672	52451
MZ029673	52451
MZ029674	52451
MZ029675	52451
MZ029676	52451
MZ029677	52451
MZ029678	52451
MZ029679	52451
MZ029680	52451
MZ029681	52451
MZ029682	52451
MZ029683	52451
MZ029684	52451
MZ029685	359515
MZ029686	359515
MZ029687	46367
MZ029688	48105
MZ029689	48105
MZ029690	359522
MZ029691	359522
MZ029692	359522
MZ044657	499964
MZ148792	29760
MZ224665	128735
MZ224666	128735
MZ224667	128735
MZ224668	128735
MZ224669	396733
MZ224670	74649
MZ224671	74649
MZ224672	1826179
MZ224673	1826179
MZ224674	267246
MZ224675	577512
MZ224676	74650
MZ224677	128735
MZ224678	128735
MZ224679	128735
MZ224680	128735
MZ224681	1826184
MZ224682	74647
MZ224683	267246
MZ224684	577512
MZ224685	74648
MZ224686	1826184
MZ224687	74647
MZ224688	1826188
MZ224689	267246
MZ224690	267246
MZ224691	577512
MZ224692	74648
MZ224693	128735
MZ224694	128735
MZ224695	74652
MZ224696	74652
MZ224697	74652
MZ224698	128735
MZ224699	128735
MZ224700	128735
MZ224701	128735
MZ224702	3765
MZ224703	3765
MZ224704	3765
MZ224705	396733
MZ224706	3765
MZ224707	3765
MZ224708	74649
MZ224709	74632
MZ224710	74632
MZ224711	128735
MZ224712	128735
MZ224713	128735
MZ224715	283343
MZ224716	74635
MZ224717	128735
MZ224718	128735
MZ224719	128735
MZ224720	128735
MZ224721	396733
MZ224722	74649
MZ224723	267246
MZ224724	128735
MZ224725	128735
MZ224726	648850
MZ224727	267237
MZ224729	267237
MZ224730	267237
MZ224731	119236
MZ224732	136998
MZ224733	1826179
MZ224734	1826179
MZ224735	267246
MZ224736	577512
MZ224737	74650
MZ224738	128735
MZ224739	197613
MZ224740	197613
MZ224741	128735
MZ224742	128735
MZ224743	3765
MZ224744	3765
MZ224745	3765
MZ224746	396733
MZ224747	3765
MZ224748	3765
MZ224749	74646
MZ224750	119236
MZ224751	74631
MZ224752	267246
MZ224753	128735
MZ224754	74632
MZ224755	396733
MZ224756	74632
MZ224757	641286
MZ224758	641286
MZ224759	74651
MZ224760	74635
MZ224761	127554
MZ224762	127554
MZ224763	128735
MZ224764	128735
MZ224765	267247
MZ224766	128735
MZ224767	128735
MZ224768	128735
MZ224769	128735
MZ224770	128735
MZ224771	128735
MZ224772	74645
MZ224773	128735
MZ224774	128735
MZ224775	128735
MZ224776	128735
MZ224777	128735
MZ224778	74645
MZ224779	128735
MZ224780	3765
MZ224781	3765
MZ224782	3765
MZ224783	3765
MZ224784	3765
MZ224785	74635
MZ224786	237596
MZ224787	127554
MZ224788	57935
MZ224789	128735
MZ224790	128735
MZ224791	128735
MZ224792	128735
MZ224793	74645
MZ224794	267247
MZ224795	127554
MZ224796	74628
MZ224797	74628
MZ224798	74628
MZ224799	74628
MZ230055	128735
MZ230056	128735
MZ230057	74632
MZ230058	74649
MZ230059	3765
MZ230060	3765
MZ230061	396733
MZ230062	3765
MZ230063	3765
MZ230064	3765
MZ230065	128735
MZ230066	128735
MZ230067	128735
MZ230068	128735
MZ230069	74632
MZ230070	74632
MZ230071	3765
MZ230072	3765
MZ230073	3765
MZ230074	3765
MZ230075	3765
MZ230076	128735
MZ230077	128735
MZ230078	74632
MZ230079	396733
MZ230080	74632
MZ230081	74632
MZ230082	74648
MZ230083	1826188
MZ230084	74647
MZ230085	1826184
MZ230086	74648
MZ230087	74647
MZ230088	1826184
MZ230089	74647
MZ230090	1826188
MZ230091	57935
MZ230092	74635
MZ230093	128735
MZ230094	128735
MZ230095	74646
MZ230096	3765
MZ230097	3765
MZ230098	396733
MZ230099	3765
MZ230100	3765
MZ230101	3765
MZ230102	128735
MZ230103	128735
MZ230104	119236
MZ230105	74645
MZ230106	128735
MZ230107	128735
MZ230108	128735
MZ230109	128735
MZ230110	128735
MZ230111	267247
MZ230112	57935
MZ230113	127554
MZ230114	237596
MZ230115	3765
MZ230116	3765
MZ230117	3765
MZ230118	3765
MZ230119	3765
MZ230120	128735
MZ230121	74652
MZ230122	127554
MZ230123	74645
MZ230124	128735
MZ230125	128735
MZ230126	128735
MZ230127	128735
MZ230128	237596
MZ230129	127554
MZ230130	127554
MZ230131	237596
MZ230132	128735
MZ230133	128735
MZ230134	128735
MZ230135	128735
MZ230136	128735
MZ230137	128735
MZ230138	128735
MZ230139	128735
MZ230140	128735
MZ230141	128735
MZ230142	74632
MZ230143	136998
MZ230144	74632
MZ230145	577512
MZ230146	577512
MZ230147	267246
MZ230148	128735
MZ230149	128735
MZ230150	283343
MZ230151	283343
MZ230153	74635
MZ230154	136998
MZ230155	74645
MZ230156	128735
MZ230157	74645
MZ230158	128735
MZ230159	128735
MZ230160	128735
MZ230161	128735
MZ230162	128735
MZ230163	74645
MZ230164	128735
MZ230165	128735
MZ230166	128735
MZ230167	128735
MZ230168	128735
MZ230169	128735
MZ230170	128735
MZ230171	128735
MZ230172	128735
MZ230173	74632
MZ230174	74632
MZ230175	396733
MZ230176	128735
MZ230177	128735
MZ230178	267246
MZ230179	648850
MZ230181	267237
MZ230182	74649
MZ230183	396733
MZ230184	128735
MZ230185	128735
MZ230186	128735
MZ230187	128735
MZ230188	577512
MZ230189	1826179
MZ230190	197613
MZ230191	128735
MZ230192	1826179
MZ230193	1826179
MZ230194	648850
MZ230195	267237
MZ230196	267237
MZ230197	197613
MZ230198	197613
MZ230199	74650
MZ230200	128735
MZ230201	1826179
MZ230202	74650
MZ230203	648850
MZ230204	1826179
MZ230205	74628
MZ230206	74628
MZ230207	74628
MZ230208	74651
MZ230209	641286
MZ230210	641286
MZ230211	74651
MZ230212	641286
MZ230213	128735
MZ230214	128735
MZ230215	74650
MZ230216	577512
MZ230217	267246
MZ230218	1826179
MZ230219	1826179
MZ230220	74649
MZ230221	74649
MZ230222	396733
MZ230223	128735
MZ230224	128735
MZ230225	128735
MZ230226	128735
MZ230227	119236
MZ230228	74631
MZ235242	171910
MZ235245	428162
MZ235246	428162
MZ235247	428162
MZ235248	428162
MZ235249	428162
MZ235250	428162
MZ235251	428162
MZ235258	428196
MZ235259	239398
MZ235260	239406
MZ235261	1241097
MZ235262	361399
MZ235265	239422
MZ235266	239419
MZ291839	224355
MZ291842	224355
MZ291843	224355
MZ305186	46367
MZ343373	54466
MZ351208	1115965
MZ352960	61077
MZ352961	384412
MZ352964	53217
MZ352965	1381401
MZ352967	61077
MZ352969	1381404
MZ366406	162307
MZ413107	82758
MZ413108	84018
MZ413109	84014
MZ413110	84021
MZ413111	89199
MZ413112	89205
MZ413113	84007
MZ413114	89196
MZ413115	89197
MZ470010	233688
MZ502494	4232
MZ509183	3893
MZ509184	3893
MZ509185	3893
MZ509186	3893
MZ509187	3893
MZ509188	3893
MZ509189	3893
MZ509190	3893
MZ509191	3893
MZ509192	3893
MZ509193	3893
MZ509194	3893
MZ509195	3893
MZ509196	3893
MZ509197	3893
MZ509198	3893
MZ509199	3893
MZ509200	3893
MZ509201	3893
MZ509202	3893
MZ509203	109224
MZ509204	109224
MZ509205	109224
MZ509206	109224
MZ509207	109224
MZ509208	109224
MZ509209	109224
MZ509210	109224
MZ509211	109224
MZ509212	109224
MZ509213	109224
MZ509214	109224
MZ509215	109224
MZ509216	109224
MZ509217	109224
MZ714014	199987
MZ723883	199987
MZ724162	28545
MZ724163	126910
MZ734231	94328
MZ782605	72333
MZ836455	205465
MZ836456	205465
MZ836457	205465
MZ836458	205465
MZ836459	205465
MZ836460	458696
MZ836461	458696
MZ836462	458696
MZ836463	458696
MZ836464	123485
MZ836465	123485
MZ836466	123485
MZ836467	123485
MZ836468	489977
MZ836469	489977
MZ836470	489977
MZ836471	489977
MZ836472	489977
MZ836473	85181
MZ836474	85181
MZ836475	85181
MZ836476	85181
MZ836477	85181
MZ836478	74648
MZ836479	74648
MZ836480	74648
MZ836481	74648
MZ855782	99658
MZ855783	99658
MZ855784	99658
MZ855785	99658
MZ855786	99658
MZ855787	99658
MZ855788	99658
MZ855789	99658
MZ855790	99658
MZ855791	99658
MZ855792	99658
MZ855793	99658
MZ855794	99658
MZ855795	99658
MZ855796	99658
MZ855797	99658
MZ855798	99658
MZ855799	99658
MZ855800	99658
MZ855801	99658
MZ855802	99658
MZ855803	99658
MZ855804	99658
MZ855805	99658
MZ855806	99658
MZ855807	99658
MZ855808	99658
MZ855809	99658
MZ855810	99658
MZ855811	99658
MZ855812	99658
MZ855813	99658
MZ855814	99658
MZ855815	99658
MZ855816	99658
MZ855817	99658
MZ855818	99658
MZ892287	1504192
MZ892288	2607557
MZ892289	2607557
MZ892295	1972025
MZ892300	2607562
MZ892305	1504193
MZ892306	2609891
MZ892308	1504194
MZ892316	1972028
MZ892327	872009
MZ892329	872009
MZ892330	1972029
MZ892331	2607573
MZ892332	290984
MZ892336	2607574
MZ892340	1972031
MZ892342	1504197
MZ892353	2609894
MZ892361	1504198
MZ892362	1504198
MZ892363	1504198
MZ892368	1475437
MZ892372	557038
MZ892379	2607583
MZ892383	557053
MZ920146	67938
MZ959191	52462
OK018342	264405
OK094885	3617
OK161302	1045230
OK161303	1045230
OK161304	1045230
OK161305	2068752
OK161306	2068752
OK161307	1045232
OK161308	1045232
OK161309	1045232
OK161310	252851
OK161311	252851
OK161312	252851
OK161313	199626
OK161314	199626
OK161315	199626
OK161316	1052169
OK161317	1052169
OK161318	1052169
OK161319	648859
OK161320	648859
OK161321	648859
OK161322	252855
OK161323	252855
OK161324	252855
OK161325	252870
OK161326	252870
OK161327	252870
OK161328	199627
OK161329	199627
OK161330	199627
OK161331	1008370
OK161332	1008370
OK161333	252847
OK161334	252847
OK161335	1540383
OK161336	1540383
OK161337	1540383
OK275350	495256
OK275351	495256
OK275352	165309
OK275353	165309
OK275354	165309
OK275355	165309
OK275356	165309
OK275357	165309
OK275358	165309
OK302891	2706574
OK302892	2706574
OK302893	2706574
OK302894	2706574
OK302895	2706574
OK302896	2706574
OK302897	2706574
OK302898	2706574
OK302899	2706574
OK302900	1705295
OK302901	1705295
OK302902	1705295
OK302903	1705295
OK302904	1705295
OK302905	1705295
OK302906	1705295
OK302907	1705295
OK302909	2769552
OK302911	2182691
OK375464	2706574
OK375465	2706574
OK375466	2706574
OK375467	2706574
OK375468	2706574
OK375469	2706574
OK375470	2706574
OK375471	2706574
OK375472	2706574
OK375473	2706574
OK375474	2769552
OK375475	2769552
OK375480	1705295
OK375484	2182691
OK375487	1705295
OK375488	1705295
OK375489	1705295
OK375490	1705295
OK375491	1705295
OK375492	1705295
OK375493	1705295
OK483487	3713
OK563056	3713
OK642822	714465
OK642823	714465
OK642824	714465
OK642825	714465
OK642826	714465
OK642827	41486
OK642828	41486
OK642829	41486
OK642830	41486
OK642831	41486
OK642832	649199
OK642833	649199
OK642834	649199
OK642835	649199
OK642836	649199
OK642837	94286
OK642838	94286
OK642839	94286
OK642840	94286
OK642841	94286
OK642847	189232
OK642848	189232
OK642849	189232
OK642850	189232
OK642851	189232
OK642852	3631
OK642853	3631
OK642854	3631
OK642855	3631
OK642856	3631
OK642857	82207
OK642858	82207
OK642859	82207
OK642860	82207
OK642861	82207
OL449154	210372
OL449155	210372
OL449156	210372
OL449157	210372
OL449158	210372
OL449159	210372
OL449160	210372
OL449161	210372
OL449162	210372
OL449163	210372
OL449164	210372
OL449165	210372
OL449166	210372
OL449167	210372
OL449168	210372
OL449169	210372
OL449170	210372
OL449171	210372
OL449172	210372
OL449173	210372
OL449174	210372
OL449175	210372
OL449176	210372
OL449177	210372
OL449178	210372
OL449179	210372
OL449180	210372
OL449181	210372
OL449182	210372
OL473161	48104
OL473162	48104
OL473163	48104
OL473164	48104
OL473165	48104
OL473166	48104
OL473167	48104
OL473168	48104
OL473169	48104
OL473170	48104
OL473171	52451
OL473172	52451
OL473173	52451
OL473174	52451
OL473175	52451
OL473176	52451
OL473177	52451
OL473178	52451
OL473179	52451
OL473180	52451
OL473181	52451
OL473182	109147
OL473183	109147
OL473184	109147
OL473185	109147
OL473186	109147
OL473187	109147
OL473188	109147
OL473189	109147
OL473197	1917953
OL473198	1917953
OL473199	1917953
OL473200	1917953
OL473201	1917953
OL473202	1917953
OL473203	1917953
OL473204	1917953
OL473205	1917953
OL473206	1917953
OL473207	1917953
OL473208	1917953
OL473209	1917953
OL473210	1917953
OL473211	1917953
OL473212	1917953
OL473213	1917953
OL473214	1917953
OL473215	1917953
OL473216	1917953
OL473217	357845
OL473218	357845
OL473219	357845
OL473220	357845
OL473221	357845
OL473222	357845
OL473223	357845
OL473224	357845
OL473225	357845
OL473226	357845
OL473227	357845
OL473228	357845
OL473229	357845
OL473230	357845
OL473231	357845
OL473232	48053
OL473233	48053
OL473234	48053
OL473235	48053
OL473236	48053
OL473237	48053
OL473238	48053
OL473239	48053
OL473240	48053
OL473241	48053
OL473242	48053
OL473243	48053
OL473244	48053
OL473245	48053
OL473246	48101
OL473247	48101
OL473248	48101
OL473249	48101
OL473250	48101
OL473251	48101
OL473252	48101
OL473253	48101
OL473265	82094
OL473266	82094
OL473267	82094
OL473268	82094
OL473269	82094
OL473270	82094
OL473271	82094
OL473272	82094
OL473273	82094
OL473274	82094
OL473275	82094
OL473276	82094
OL473277	82094
OL473278	82094
OL473279	82094
OL473280	48109
OL473281	48109
OL473282	48109
OL473283	48109
OL473284	48109
OL473285	48109
OL473286	48109
OL473287	48109
OL473288	48109
OL473289	380073
OL473290	380073
OL473291	380073
OL473292	380073
OL473293	380073
OL473294	380073
OL473295	380073
OL473296	380073
OL473297	380073
OL473298	380073
OL473299	94007
OL473300	94007
OL473301	94007
OL473302	94007
OL473303	94007
OL473304	94007
OL473305	94007
OL473306	94007
OL473307	94007
OL473308	94007
OL473309	94007
OL473310	94007
OL473311	94007
OL473312	94007
OL473313	94007
OL473314	94007
OL473315	94007
OL473316	94007
OL473317	94007
OL473318	94007
OL473319	94007
OL473320	859222
OL473321	859222
OL473322	859222
OL473323	859222
OL473324	859222
OL473325	859222
OL473326	859222
OL473327	859222
OL473328	859222
OL473329	859222
OL473330	359520
OL473331	359520
OL473332	359520
OL473333	359520
OL473334	359520
OL473335	359520
OL473336	359520
OL473351	52445
OL473352	52445
OL473353	52445
OL473354	52445
OL473355	52445
OL473356	52445
OL473357	52445
OL473358	52445
OL473359	52445
OL473360	52445
OL473361	52445
OL473362	52445
OL473363	52445
OL473364	357963
OL473365	357963
OL473366	357963
OL473367	357963
OL473368	357963
OL473369	357963
OL473370	357963
OL473371	357963
OL473372	357963
OL473373	357963
OL473374	203717
OL473375	203717
OL473376	203717
OL473377	203717
OL473378	203717
OL473379	203717
OL473380	49553
OL473381	49553
OL473382	49553
OL473383	49553
OL473384	49553
OL473385	49553
OL473386	49553
OL473387	49553
OL473388	49553
OL473389	49556
OL473390	49556
OL473391	49556
OL473392	49556
OL473393	49556
OL473394	49556
OL473395	49556
OL473396	49556
OL473397	49576
OL473398	49576
OL473399	49576
OL473400	49576
OL473401	49576
OL473402	49576
OL473403	49576
OL473404	49576
OL473405	49576
OL537264	304178
OL537325	382133
OL537337	54236
OL537373	640491
OL629375	234729
OL714402	34199
OL757868	634992
OL827081	161395
OL855604	1932008
OM022014	153490
OM022015	153490
OM022016	153490
OM103573	447008
OM103574	447008
OM103575	447008
OM103576	447008
OM103577	447008
OM103578	1128104
OM103579	447008
OM103580	447008
OM103581	447008
OM180086	714493
OM180087	714493
OM180088	714493
OM180089	714493
OM180090	714493
OM180091	714493
OM180092	714493
OM180093	714493
OM180094	714493
OM180095	714493
OM180096	210858
OM180097	210858
OM180098	210858
OM180099	210858
OM180100	210858
OM180101	210858
OM180102	210858
OM180103	648872
OM180104	648872
OM180105	648872
OM180106	648872
OM180107	648872
OM180108	648872
OM180109	648872
OM180110	648872
OM180111	648872
OM180112	373122
OM180113	373122
OM180114	373122
OM180115	373122
OM180116	373122
OM180117	373122
OM180118	373122
OM180119	373122
OM180120	373122
OM180121	373122
OM180122	373122
OM180123	373122
OM327523	65409
OM327524	49683
OM388465	146542
OM388466	146542
OM388467	146540
OM388468	146540
OM388469	146540
OM388473	146541
OM388474	146541
OM388475	146541
OM388476	146540
OM388477	146540
OM388478	146540
OM388479	146541
OM388480	146541
OM388481	146541
OM388482	146540
OM388483	146541
OM388484	146541
OM388485	146540
OM388486	146540
OM388487	146540
OM388488	92927
OM388489	92927
OM388490	92927
OM388491	92927
OM388492	146540
OM388493	146540
OM388494	146541
OM388495	146541
OM388496	146541
OM388500	146541
OM388501	146541
OM388502	146541
OM388503	146541
OM388504	146541
OM388505	146541
OM388506	146540
OM388507	146540
OM388508	146540
OM407451	467242
OM478581	34344
OM478582	34344
OM478583	34344
OM478584	34344
OM478585	50295
OM478586	50295
OM478587	50295
OM478588	50295
OM478589	50295
OM867582	2777021
OM867583	2777021
OM867585	2777021
OM867587	2777021
OM867588	2777021
OM867589	2777021
OM867590	2777021
OM867591	2777021
OM867592	2777021
OM867593	215073
OM867594	980658
OM867595	215073
OM867596	2777021
OM867597	2777021
OM867598	2777021
OM867599	2777021
OM903820	2769552
OM903824	2769552
OM903825	2769552
OM903826	2182691
OM903828	2706574
OM903831	2706574
OM903833	2706574
OM903836	2706574
OM903837	2182691
OM903839	2182691
OM903840	1549776
OM903842	2769552
OM903845	2182691
OM903846	2706574
OM903848	2182691
OM903849	2182691
OM903850	2706574
OM903851	2706574
OM903854	2182691
OM903856	2706574
OM903857	1549776
OM903858	2706574
OM903859	2769552
OM943163	2745758
ON015759	228806
ON015760	228806
ON015761	228806
ON015762	228806
ON015763	228806
ON015764	228806
ON015765	199222
ON015766	199222
ON015767	199222
ON015768	199222
ON015769	199222
ON015770	199222
ON015771	199222
ON015772	199222
ON015773	199222
ON015774	199220
ON015775	199220
ON015776	199220
ON015777	199220
ON015778	199220
ON015779	199220
ON015780	227256
ON015781	227256
ON015782	227256
ON015783	227256
ON015784	227256
ON015785	227256
ON015786	239688
ON015787	239688
ON015788	239688
ON015789	458697
ON015790	458697
ON015791	458697
ON015792	199225
ON015793	199225
ON015794	199225
ON015795	199225
ON015796	199225
ON015797	199225
ON015798	199225
ON015799	199225
ON015800	199225
ON015801	199225
ON015802	199225
ON015803	199225
ON015804	199225
ON015805	199225
ON015806	199225
ON015807	199225
ON015808	199225
ON015809	199225
ON015810	199225
ON015811	199225
ON015812	199225
ON015813	199225
ON015814	199225
ON015815	199225
ON015816	199225
ON015817	199225
ON015818	199225
ON015819	199225
ON015820	199225
ON015821	199225
ON015822	199225
ON015823	199225
ON015824	199225
ON015825	199225
ON140365	4081
ON176067	867535
ON212643	455371
ON212644	455371
ON212645	455371
ON212646	455371
ON212647	455371
ON212648	455371
ON212649	2126358
ON212650	2126358
ON212651	1505188
ON212652	50506
ON212653	690556
ON212654	124780
ON212655	54882
ON320458	123805
ON320463	121172
ON320465	121171
ON320466	123809
ON320467	1806665
ON320469	113415
ON320470	121170
ON320471	120960
ON320472	120960
ON320474	123811
ON320475	123811
ON320476	41498
ON320480	123806
ON320481	123806
ON320483	113418
ON320484	123810
ON320485	331604
ON320486	331604
ON320487	328055
ON320488	122012
ON320489	456517
ON320491	113414
ON320492	797115
ON320493	122011
ON320494	121173
ON320495	41502
ON320496	41502
ON320497	123800
ON320498	456516
ON320499	4222
ON320500	40592
ON320501	121177
ON320502	123808
ON351681	2711
ON351682	2708
ON524593	50207
ON524594	13329
ON524595	65557
ON524596	96050
ON524598	203766
ON524599	4041
ON524600	316496
ON524601	4545
ON524602	3879
ON524603	4513
ON568505	3258
ON619969	589736
ON619970	589736
ON619971	127978
ON619972	127978
ON710843	216080
ON892801	136217
ON892804	110709
ON892818	105371
ON892830	136208
ON993436	205375
OP004896	574893
OP004897	574893
OP005434	238281
OP169082	649199
OP169083	649199
OP169084	649199
OP169085	649199
OP169086	649199
OP169087	649199
OP169088	649199
OP169089	649199
OP169090	649199
OP169091	649199
OP169092	649199
OP169093	649199
OP169094	649199
OP169095	649199
OP169096	649199
OP169097	649199
OP169098	649199
OP169099	649199
OP169100	649199
OP169101	649199
OP169102	649199
OP169103	649199
OP169104	649199
OP169105	649199
OP169106	649199
OP169107	649199
OP169108	649199
OP169109	649199
OP169110	649199
OP169111	649199
OP169112	649199
OP169113	649199
OP169114	649199
OP169115	649199
OP169116	649199
OP169117	649199
OP169118	649199
OP169119	47064
OP169120	47064
OP169121	47064
OP169122	47064
OP169123	47064
OP169124	47064
OP169125	1234497
OP169126	1234497
OP169127	1234497
OP169128	1234497
OP196493	300841
OP196494	300833
OP196496	300830
OP196497	300830
OP196498	300830
OP196499	300830
OP196500	300830
OP196501	300830
OP196502	302136
OP196503	264396
OP196504	302134
OP196505	302134
OP196507	302134
OP196508	302134
OP196510	302134
OP196511	302137
OP196512	302137
OP196513	302137
OP196516	302139
OP196517	300835
OP196518	302140
OP196519	302140
OP196521	2783731
OP196524	302141
OP196526	2783679
OP196527	2783730
OP196530	302129
OP196531	302129
OP196532	302129
OP196533	302129
OP196534	302129
OP196535	302106
OP196536	302106
OP196537	302133
OP196539	2783729
OP196540	302104
OP196545	302110
OP196547	300839
OP196548	302109
OP196549	302109
OP196550	302109
OP196551	302109
OP196552	302109
OP196553	302109
OP196554	302109
OP196555	302109
OP196556	302109
OP196557	302115
OP196561	2783723
OP196562	302127
OP196563	2783723
OP196565	2783723
OP196567	2783727
OP196568	302117
OP196574	1187076
OP196578	1187077
OP196581	302125
OP196582	2783892
OP196583	2783892
OP196584	1187068
OP196585	1187074
OP196586	1187068
OP196587	1187074
OP196588	1187074
OP196589	1187074
OP196591	1187074
OP196592	1187074
OP196599	302121
OP196603	302131
OP196604	302131
OP196606	302131
OP196607	302131
OP196608	302131
OP196612	263653
OP196626	263653
OP196627	1187070
OP196628	302119
OP196630	302119
OP467017	404691
OP491883	396733
OP615198	185774
OP737785	74635
OP738521	154290
OP738522	154290
OP738523	154290
OP738524	179349
OP738525	179349
OP738526	179349
OP738527	179349
OP738528	179349
OP738529	179349
OP738530	179351
OP738531	179351
OP738532	179351
OP738533	179350
OP738534	179350
OP738535	179350
OP738536	154289
OP738537	154289
OP738538	154289
OP738539	154291
OP738540	154291
OP738541	154291
OP738542	161865
OP738543	161865
OP738544	161865
OP738545	161865
OP738546	50283
OP738547	50283
OP738548	50283
OP738549	161866
OP738550	161866
OP738551	161866
OP738552	117953
OP738553	117953
OP738554	117953
OP738555	117953
OP738556	117953
OP738557	117953
OP738558	142613
OP738559	142613
OP738560	142613
OP738561	178741
OP738562	178741
OP738563	178741
OP738564	178741
OP738565	178741
OP738566	178741
OP738567	161867
OP738568	161867
OP738569	161867
OP738570	154293
OP738571	257361
OP738572	257361
OP738573	257361
OP738574	154293
OP738575	154293
OP738576	154293
OP738577	161868
OP738578	161868
OP738579	161868
OP738580	154294
OP738581	154294
OP738582	154294
OP738583	117954
OP738584	117954
OP738585	117954
OP738586	142614
OP738587	142614
OP738588	142614
OP738589	142614
OP738590	94219
OP738591	94219
OP738592	94219
OP738593	142615
OP738594	142615
OP738595	142615
OP738596	142615
OP738597	142615
OP738598	142615
OP738599	142615
OP738600	142615
OP738601	142615
OP738602	469460
OP738603	469460
OP738604	469460
OP738605	169179
OP738606	169179
OP738607	169179
OP738608	169180
OP738609	169180
OP738610	169180
OP738611	117978
OP738612	117978
OP738613	117978
OP738614	172646
OP738615	172646
OP738616	172646
OP738617	363749
OP738618	363749
OP738619	363749
OP738620	363749
OP738621	363749
OP738622	363749
OP764485	1903233
OP764486	1287611
OP787212	59680
OP787213	59680
OP787214	59680
OP787215	59680
OP787216	153559
OP787217	153559
OP787218	153559
OP787219	153559
OP787220	153559
OP787221	153559
OP787222	210372
OP787223	59680
OP787224	59680
OP787225	59680
OP787226	59680
OP787227	59680
OP787228	59680
OP787229	128017
OP787230	153559
OP787231	153559
OP787232	68299
OP787233	59680
OP787234	59680
OP787235	59680
OP787236	210372
OP787237	153559
OP787238	3848
OP787239	354485
OP787240	59680
OP787241	258494
OP787242	153559
OP787243	153559
OP787244	354485
OP787245	153559
OP787246	153559
OP787247	4641
OP787248	153559
OP787249	128017
OP787250	59680
OP787251	153559
OP946324	167791
OP948236	714499
OP948237	714499
OP948238	714499
OP948239	714499
OP948240	714499
OP948241	714499
OP948242	714499
OP948243	185191
OP948244	185191
OP948245	185191
OP948246	185191
OP948247	185191
OP948248	185191
OP948249	185191
OP948250	185191
OP948251	185191
OP948252	185191
OP948253	185191
OP948254	185191
OP948255	185191
OQ147228	159033
OQ147229	2711
OQ190064	4054
OQ190065	4054
OQ190066	4054
OQ190067	4054
OQ190068	4054
OQ190069	4054
OQ190070	4054
OQ190071	4054
OQ190072	4054
OQ190073	4054
OQ190074	4054
OQ190075	4054
OQ190076	4054
OQ190077	4054
OQ190078	4054
OQ190079	4054
OQ190080	4054
OQ190081	4054
OQ190082	4054
OQ190083	4054
OQ190084	4054
OQ190085	4054
OQ190086	4054
OQ190087	4054
OQ190088	4054
OQ190089	4054
OQ190090	4054
OQ190091	4054
OQ190095	44586
OQ190096	44586
OQ190097	44586
OQ190098	44586
OQ190099	44586
OQ190100	44586
OQ190101	44586
OQ190102	44586
OQ190103	44586
OQ190104	44586
OQ190105	44586
OQ190106	44586
OQ190107	44586
OQ190108	44586
OQ190109	44586
OQ190110	44586
OQ190111	44586
OQ190112	44586
OQ190113	44586
OQ190114	44586
OQ190115	44586
OQ190116	44588
OQ190117	44588
OQ190118	44588
OQ190119	44588
OQ190120	44588
OQ190121	44588
OQ190122	44588
OQ190123	44588
OQ190124	44588
OQ190125	44588
OQ190126	44588
OQ190127	44588
OQ190128	44588
OQ190129	44588
OQ190130	44588
OQ190131	44588
OQ190132	44588
OQ190133	44588
OQ190134	44588
OQ190135	44588
OQ190136	44588
OQ190137	44588
OQ190138	44588
OQ190139	44588
OQ190140	44588
OQ190141	44588
OQ190142	44588
OQ190143	44588
OQ190144	44588
OQ190145	44588
OQ190146	44588
OQ190147	44588
OQ190148	44588
OQ190149	44588
OQ198604	49681
OQ198605	49681
OQ198606	49681
OQ198607	49681
OQ198608	49681
OQ198609	49681
OQ198610	49681
OQ198611	49681
OQ198612	49681
OQ198613	49681
OQ198614	49681
OQ198615	49681
OQ198616	49681
OQ198617	49683
OQ198618	49683
OQ198619	49683
OQ198620	49683
OQ198621	152363
OQ215385	108544
OQ215386	108544
OQ215387	108544
OQ215388	108544
OQ215389	108544
OQ215390	108544
OQ215391	108544
OQ215392	108544
OQ215393	108544
OQ215394	108544
OQ215395	108544
OQ215396	108544
OQ215397	108544
OQ215398	108544
OQ215399	108544
OQ215400	108544
OQ215401	108544
OQ215402	108544
OQ215403	108544
OQ215404	108544
OQ215405	210858
OQ215406	210858
OQ215407	210858
OQ215408	210858
OQ215409	210858
OQ215410	210858
OQ215411	210858
OQ215412	210858
OQ215413	210858
OQ215414	210858
OQ215415	210858
OQ215416	210858
OQ215417	210858
OQ215418	418402
OQ215419	418402
OQ215420	418402
OQ215421	418402
OQ215422	418402
OQ215423	418402
OQ215424	418402
OQ215425	418402
OQ215426	418402
OQ215427	418402
OQ215428	418402
OQ215429	418402
OQ215430	418402
OQ215431	418402
OQ215432	418402
OQ215433	418402
OQ215434	418402
OQ215435	418402
OQ215436	418402
OQ215437	418402
OQ215438	3956
OQ215439	3956
OQ215440	3956
OQ215441	3956
OQ215442	3956
OQ215443	3956
OQ215444	3956
OQ215445	3956
OQ215446	3956
OQ215447	3956
OQ215448	3956
OQ215449	3956
OQ215450	3956
OQ215451	3956
OQ215452	3956
OQ215453	3956
OQ215454	3956
OQ215455	3956
OQ215456	3956
OQ215457	3956
OQ215458	152095
OQ215459	152095
OQ215460	152095
OQ215461	152095
OQ215462	152095
OQ215463	152095
OQ215464	152095
OQ215465	152095
OQ215466	152095
OQ215467	152095
OQ215468	152095
OQ215469	152095
OQ215470	152095
OQ215471	152095
OQ215472	152095
OQ215473	152095
OQ215474	152095
OQ215475	152095
OQ215476	152095
OQ215477	152095
OQ215478	265764
OQ215479	265764
OQ215480	265764
OQ215481	265764
OQ215482	265764
OQ215483	265764
OQ215484	265764
OQ215485	265764
OQ215486	265764
OQ215487	265764
OQ215488	265764
OQ215489	265764
OQ215490	265764
OQ215491	265764
OQ215492	265764
OQ215493	265764
OQ215494	265764
OQ215495	265764
OQ215496	265764
OQ215497	265764
OQ215498	203717
OQ215499	203717
OQ215500	203717
OQ215501	203717
OQ215502	203717
OQ215503	203717
OQ215504	203717
OQ215505	203717
OQ215506	203717
OQ215507	203717
OQ215508	203717
OQ215509	203717
OQ215510	203717
OQ215511	203717
OQ215512	203717
OQ215513	203717
OQ215514	203717
OQ215515	203717
OQ215516	203717
OQ215517	203717
OQ215518	82528
OQ215519	82528
OQ215520	82528
OQ215521	82528
OQ215522	82528
OQ215523	82528
OQ215524	82528
OQ215525	82528
OQ215526	82528
OQ215527	82528
OQ215528	82528
OQ215529	82528
OQ215530	82528
OQ215531	82528
OQ215532	82528
OQ215533	82528
OQ215534	82528
OQ215535	82528
OQ215536	82528
OQ215537	82528
OQ215538	200489
OQ215539	200489
OQ215540	200489
OQ215541	200489
OQ215542	200489
OQ215543	200489
OQ215544	200489
OQ215545	200489
OQ215546	200489
OQ215547	200489
OQ215548	200489
OQ215549	200489
OQ215550	200489
OQ215551	200489
OQ215552	200489
OQ215553	200489
OQ215554	200489
OQ215555	200489
OQ215556	200489
OQ215557	200489
OQ215558	4222
OQ215559	4222
OQ215560	4222
OQ215561	4222
OQ215562	4222
OQ215563	4222
OQ215564	4222
OQ215565	4222
OQ215566	4222
OQ215567	4222
OQ215568	4222
OQ215569	4222
OQ215570	4222
OQ215571	4222
OQ215572	4222
OQ215573	4222
OQ215574	4222
OQ215575	4222
OQ215576	4222
OQ215577	4222
OQ215712	94286
OQ215713	94286
OQ215714	94286
OQ215715	94286
OQ215716	94286
OQ215717	94286
OQ215718	94286
OQ215719	94286
OQ215720	94286
OQ215721	94286
OQ215722	94286
OQ215723	94286
OQ215724	94286
OQ215725	94286
OQ215726	94286
OQ215727	94286
OQ215728	94286
OQ215729	94286
OQ215730	94286
OQ215731	94286
OQ215732	94286
OQ215733	94286
OQ220928	49666
OQ220932	94328
OQ266386	714493
OQ266387	714493
OQ266388	714493
OQ266389	714493
OQ266390	714493
OQ266391	714493
OQ266392	714493
OQ266393	714493
OQ266394	714493
OQ266395	714493
OQ266396	714493
OQ266397	714493
OQ266398	714493
OQ355449	97750
OQ371998	304142
OQ371999	2570274
OQ372005	2570274
OQ372008	126903
OQ372012	304142
OQ372016	126903
OQ372018	304152
OQ372020	2570274
OQ458762	328124
OQ540486	3311
OQ555318	72386
OQ555319	72386
OQ555320	72386
OQ555321	72386
OQ555322	72386
OQ555323	72386
OQ555324	72386
OQ557739	401939
OQ557740	401939
OQ557741	401939
OQ557742	401939
OQ557743	401939
OQ557744	401939
OQ557745	401939
OQ557746	401939
OQ557747	401939
OQ557748	401939
OQ557749	401939
OQ557754	669119
OQ557755	669119
OQ557756	669119
OQ557757	669119
OQ557758	669119
OQ557759	669119
OQ557760	401901
OQ557761	401901
OQ557762	401901
OQ557763	401901
OQ557764	401901
OQ557765	72332
OQ597727	136217
OQ597728	136217
OQ597729	136217
OQ597730	136217
OQ597731	136217
OQ597732	136217
OQ597733	136217
OQ597734	136217
OQ597735	136217
OQ597736	136217
OQ597737	136217
OQ597738	136217
OQ597739	136217
OQ597740	136217
OQ597741	136217
OQ618885	906878
OQ618886	906878
OQ618887	906878
OQ618888	183482
OQ618889	183482
OQ618890	183482
OQ618891	179355
OQ618892	179355
OQ618893	179355
OQ618894	179355
OQ618895	179353
OQ618896	179353
OQ618897	179353
OQ618898	161866
OQ618899	161866
OQ618900	161866
OQ618901	906763
OQ618902	906763
OQ618903	906763
OQ618904	426115
OQ618905	426115
OQ618906	426115
OQ618907	179351
OQ618908	179351
OQ618909	179351
OQ618910	179350
OQ618911	179350
OQ618912	179350
OQ618913	859507
OQ618914	859507
OQ618915	859507
OQ618916	859507
OQ618917	179348
OQ618918	179348
OQ618919	179348
OQ618920	906670
OQ618921	906670
OQ618922	906670
OQ618923	117952
OQ618924	117952
OQ618925	117952
OQ618926	117952
OQ618927	117952
OQ618928	257356
OQ618929	257356
OQ618930	257356
OQ618931	161871
OQ618932	161871
OQ618933	161871
OQ629121	557053
OQ675617	71251
OQ675632	640776
OQ675633	640776
OQ675634	640776
OQ675635	640776
OQ675636	640776
OQ675637	640776
OQ675638	640776
OQ675639	640776
OQ675640	640776
OQ675641	640776
OQ675642	640776
OQ675643	640776
OQ675644	241857
OQ675645	241857
OQ675646	241857
OQ675647	241857
OQ675648	241857
OQ675649	241857
OQ675650	241857
OQ675651	63479
OQ675652	63479
OQ675653	63479
OQ675654	63479
OQ675655	63479
OQ675656	63479
OQ675657	63479
OQ675658	63479
OQ675659	63479
OQ675660	63479
OQ675661	63479
OQ675662	142738
OQ675663	142738
OQ675664	142738
OQ675665	142738
OQ675666	142738
OQ675667	142738
OQ675668	142738
OQ675669	142738
OQ675670	142738
OQ675671	142738
OQ675672	142738
OQ675673	28545
OQ675674	28545
OQ675675	28545
OQ675676	28545
OQ675677	28545
OQ675678	28545
OQ675679	28545
OQ675680	458696
OQ675681	458696
OQ675682	458696
OQ675683	458696
OQ675684	458696
OQ675685	458696
OQ675686	458696
OQ675687	458696
OQ675688	458696
OQ675689	458696
OQ675690	205465
OQ675691	123485
OQ675692	4076
OQ675693	4076
OQ675694	4076
OQ679670	35924
OQ679671	35924
OQ679678	35924
OQ679679	35924
OQ679680	35924
OQ679681	35924
OQ679682	35924
OQ679683	35924
OQ679684	35924
OQ679685	35924
OQ679686	35924
OQ679722	35924
OQ679723	35924
OQ679724	35924
OQ679725	35924
OQ679726	35924
OQ679727	35924
OQ679728	35924
OQ679729	35924
OQ679730	35924
OQ679731	35924
OQ679732	35924
OQ679733	35924
OQ679734	35924
OQ679735	35924
OQ679736	35924
OQ679737	35924
OQ679738	35924
OQ679739	35924
OQ679743	35924
OQ679744	35924
OQ679745	35924
OQ679746	35924
OQ679747	35924
OQ679748	35924
OQ679749	35924
OQ679750	35924
OQ679751	35924
OQ679752	35924
OQ679753	35924
OQ679754	35924
OQ679755	35924
OQ679764	35924
OQ679765	35924
OQ679766	35924
OQ679767	35924
OQ679768	35924
OQ679769	35924
OQ679770	35924
OQ679771	35924
OQ679775	35924
OQ699205	653463
OQ702500	1357951
OQ702501	126369
OQ702502	150409
OQ702503	34270
OQ702504	126367
OQ702505	150406
OQ702506	178762
OQ702507	178765
OQ702508	150405
OQ708342	34270
OQ708343	34270
OQ708347	34270
OQ780666	214697
OQ780667	214697
OQ804779	150406
OQ804780	149021
OQ804781	149021
OQ804782	178762
OQ804784	178765
OQ804786	178765
OQ804787	150409
OQ804788	150406
OQ804789	178762
OQ804790	150409
OQ804807	150405
OQ804808	126369
OQ804809	1357951
OQ804810	150405
OQ804811	126369
OQ804816	1357951
OQ832596	149021
OQ843835	55449
OQ876759	312531
OQ876760	312531
OQ876761	99531
OQ876762	165353
OQ876763	49563
OQ876764	2448748
OQ876765	48101
OQ876766	1170855
OQ876767	496668
OQ974756	212787
OR030162	165499
OR030163	165499
OR030164	165499
OR030165	165499
OR030166	165499
OR030167	165499
OR030168	165499
OR030169	165499
OR030170	165499
OR030171	165499
OR030172	165499
OR030173	165499
OR030174	165499
OR030175	165499
OR030176	165499
OR030177	165499
OR030178	165499
OR030179	165499
OR030180	165499
OR030181	165499
OR030182	54724
OR030183	54724
OR030184	54724
OR030185	54724
OR030186	54724
OR030187	54724
OR030188	54724
OR030189	54724
OR030190	54724
OR030191	54724
OR030192	54724
OR030193	54724
OR030194	54724
OR030195	54724
OR030196	54724
OR030197	54724
OR030198	54724
OR030199	54724
OR030200	54724
OR030201	54724
OR030202	54724
OR030203	54724
OR030204	54724
OR030205	54724
OR030206	54724
OR030207	54724
OR030208	54724
OR030209	54724
OR030210	54724
OR030211	54724
OR030212	54724
OR030213	54724
OR030214	54724
OR030215	54724
OR030216	54724
OR030217	54724
OR030218	54724
OR030219	54724
OR030220	54724
OR030221	54724
OR030222	54724
OR030223	54724
OR030224	54724
OR030225	54724
OR030226	48042
OR030227	48042
OR030228	48042
OR030229	48042
OR030230	48042
OR030231	48042
OR030232	48042
OR030233	48042
OR030234	48042
OR030235	48042
OR030236	48042
OR030237	48042
OR030238	48042
OR030239	48042
OR030240	48042
OR030241	48042
OR030242	48042
OR030243	357844
OR030244	357844
OR030245	357844
OR030246	357844
OR030247	357844
OR030248	357844
OR030249	357844
OR030250	357844
OR030251	357844
OR030252	357844
OR030253	357844
OR030254	357844
OR030255	357844
OR030256	54724
OR030257	1978917
OR030258	1978917
OR030259	1978917
OR030260	1978917
OR030261	1978917
OR030262	1978917
OR030263	1978917
OR030264	1978917
OR030265	1978917
OR030266	1978917
OR030267	1978917
OR030268	1978917
OR030269	1978917
OR030270	1978917
OR030271	1978917
OR030274	642899
OR030275	642899
OR030276	642899
OR030277	642899
OR030278	642899
OR030279	692006
OR030280	172644
OR030281	172644
OR056335	36900
OR066252	261999
OR066260	261999
OR066264	261999
OR066268	261999
OR139303	82271
OR139325	82272
OR139354	1148158
OR139446	82278
OR139497	187269
OR139847	261999
OR139848	261999
OR139849	261999
OR139850	261999
OR139851	261999
OR161824	39350
OR178846	354508
OR178847	354508
OR178848	354508
OR178849	354508
OR178850	354508
OR178851	354508
OR178852	354508
OR178853	354508
OR178854	354508
OR178855	354508
OR178856	354508
OR178857	354508
OR178858	354508
OR178859	354508
OR178860	354508
OR178861	354508
OR178862	354508
OR178863	354508
OR178864	354508
OR178865	354508
OR178866	373122
OR178867	373122
OR178868	373122
OR178869	373122
OR178870	373122
OR178871	373122
OR178872	373122
OR178873	373122
OR178874	373122
OR178875	373122
OR178876	373122
OR178877	373122
OR178878	373122
OR178879	373122
OR178880	373122
OR178881	373122
OR178882	373122
OR178883	373122
OR178884	373122
OR178885	373122
OR199439	159071
OR199524	120385
OR220637	142738
OR220638	142738
OR220639	142738
OR220640	309429
OR220641	309429
OR220642	309429
OR220643	309429
OR220644	309429
OR220645	309429
OR220646	309429
OR220647	71251
OR220648	71251
OR220649	71251
OR220650	71251
OR220651	427660
OR220652	427660
OR220653	427660
OR220654	427660
OR220655	427660
OR220656	427660
OR220657	105884
OR220658	105884
OR220659	105884
OR220660	105884
OR220661	105884
OR220662	105884
OR220663	105884
OR220664	105884
OR334601	516044
OR334602	516044
OR359616	1155211
OR400867	3541
OR400868	3541
OR400869	226051
OR400870	4032
OR400871	4032
OR400875	50225
OR400876	50225
OR400877	4020
OR400878	37565
OR400879	37565
OR434088	1840403
OR479804	463876
OR492008	4432
OR502953	48106
OR528051	1053340
OR653398	3885
OR653399	3885
OR653408	3885
OR653409	3885
OR661873	1699200
OR669040	332642
OR669041	332642
OR669042	242839
OR669043	242839
OR669044	203002
OR669045	203002
OR669046	203002
OR669047	203002
OR669048	203003
OR669049	203003
OR669050	203003
OR669051	1442770
OR669052	203004
OR669053	203005
OR669054	203008
OR669055	203008
OR669056	203008
OR669057	203008
OR669058	203008
OR669059	203008
OR669060	203008
OR669061	203008
OR669062	1529567
OR669063	2338884
OR669064	487764
OR669065	487764
OR669066	203008
OR669067	203015
OR669068	203015
OR669069	203015
OR669070	203015
OR669071	203015
OR669072	203015
OR669073	203015
OR669074	265354
OR669075	265354
OR669076	265354
OR669077	203000
OR669078	203000
OR669079	1442784
OR669080	1442786
OR669081	203018
OR669082	203018
OR669084	203019
OR669085	203019
OR669086	203019
OR669087	203019
OR759958	1523608
OR775761	83951
OR786969	1045234
OR824982	56860
OR852438	213255
OR852439	213255
OR852440	213255
OR852441	213255
OR852442	213255
OR852443	213255
OR852444	213255
OR852445	213255
OR852446	213255
OR852447	213255
OR852448	213255
OR852449	213255
OR852450	213255
OR852451	213255
OR852452	213255
OR852453	213255
OR852454	213255
OR852455	213255
OR852456	213255
OR852457	213255
OR852589	100514
OR852590	100514
OR852591	100514
OR852592	100514
OR852593	100514
OR852594	100514
OR852595	100514
OR856069	267555
OR872201	72351
OR872202	72351
OR872203	72351
OR872204	72351
OR872205	72351
OR872206	72351
OR872207	72351
OR872208	72351
OR872209	72351
OR872210	72351
OR872211	72351
OR872212	72351
OR872213	72351
OR872214	72351
OR872215	72351
OR872216	72351
OR872217	72351
OR872218	72351
OR872219	72351
OR872220	72351
OR872221	714518
OR872222	714518
OR872223	714518
OR872224	714518
OR872225	714518
OR872226	714518
OR872227	714518
OR872228	714518
OR872229	714518
OR872230	714518
OR872231	714518
OR872232	714518
OR872233	714518
OR872234	714518
OR872235	714518
OR872236	714518
OR872237	714518
OR872238	714518
OR872239	714518
OR872240	714518
OR879696	165353
OR879697	165353
OR879698	165353
OR879699	165353
OR879700	165353
OR879701	165353
OR879702	165353
OR879703	165353
OR879704	165353
OR879705	165353
OR879706	165353
OR879707	165353
OR879708	165353
OR879709	165353
OR879710	165353
OR879711	165353
OR879712	165353
OR879713	165353
OR879714	165353
OR879715	165353
OR903158	316493
OR903159	316493
OR903160	155132
OR903161	173280
OR903162	33152
OR903163	155022
OR903164	316493
OR903165	1161150
OR903166	155022
OR903167	4222
OR903168	316493
OR903169	13331
OR903170	13331
OR960422	29780
OR978360	35924
OX420915	240677
OZ282578	223870
OZ282582	4220
PP002389	1631704
PP035430	48555
PP035431	48555
PP035432	48555
PP035433	161395
PP035434	161395
PP035435	241807
PP035436	241807
PP035437	241807
PP035438	161397
PP035439	161397
PP035440	161397
PP035441	627609
PP035442	627609
PP035443	627609
PP035444	53590
PP035445	53590
PP035446	53590
PP035447	53590
PP035448	53590
PP035449	53590
PP035450	53590
PP035451	53590
PP035452	53590
PP035453	53590
PP056544	50878
PP056545	50878
PP056546	50878
PP056547	50878
PP056548	50878
PP056549	50878
PP056550	50878
PP056551	50878
PP056552	50878
PP056553	50878
PP056554	50878
PP056555	50878
PP056556	50878
PP056557	50878
PP056558	50878
PP056559	286045
PP056560	286045
PP056561	286045
PP056562	286045
PP056563	286045
PP056564	286045
PP056565	286045
PP056566	286045
PP056567	286045
PP056568	286045
PP056569	286045
PP056570	215071
PP056571	215071
PP056572	215071
PP056573	215071
PP056574	2174088
PP056575	239685
PP056576	239685
PP056577	632161
PP056578	215068
PP064112	180799
PP067986	142615
PP067987	142615
PP067988	142615
PP067989	142615
PP067990	142615
PP067991	142615
PP067992	94219
PP067993	94219
PP067994	94219
PP067995	142612
PP067996	142612
PP067997	142612
PP067998	142612
PP067999	142612
PP068000	469460
PP068001	469460
PP068002	469460
PP068003	179354
PP068004	179354
PP068005	179354
PP068006	906878
PP068007	906878
PP068008	906878
PP068009	671528
PP068010	671528
PP068011	671528
PP068012	257360
PP068013	257360
PP068014	257360
PP068015	117954
PP068016	117954
PP068017	117954
PP068018	117978
PP068019	117978
PP068020	117978
PP068021	169180
PP068022	169180
PP068023	169180
PP068024	169179
PP068025	169179
PP068026	169179
PP068027	1354201
PP068028	1354201
PP068029	1354201
PP068030	161865
PP068031	154293
PP068032	154293
PP109016	154291
PP109017	154291
PP109018	154291
PP109019	335155
PP109020	335155
PP109021	335155
PP109022	161871
PP109023	161871
PP109024	161871
PP109025	161871
PP109026	142612
PP109027	142612
PP109028	142612
PP109029	50283
PP109030	50283
PP109031	179350
PP109032	179350
PP109033	1354203
PP109034	1354203
PP109035	1354203
PP109036	1354203
PP109037	1354203
PP109038	117978
PP109039	117978
PP109040	117978
PP109041	117978
PP109042	117978
PP109043	172646
PP109044	172646
PP109045	172646
PP109046	172646
PP109047	257355
PP109048	154290
PP109049	154290
PP109050	154290
PP109051	154289
PP109052	154289
PP109053	154289
PP153639	1141427
PP153640	1141427
PP153641	1141427
PP153642	1521452
PP153643	1521452
PP153644	1521452
PP153645	1521452
PP153646	1141427
PP153647	1141427
PP153648	1141427
PP153649	1141427
PP153650	1141427
PP153651	1141427
PP153652	417389
PP153653	417389
PP153654	435794
PP153655	435794
PP153656	435794
PP153657	417389
PP153658	52155
PP153659	52155
PP153660	52155
PP153661	52155
PP153662	52155
PP153663	52155
PP153664	52155
PP153665	52155
PP153666	52155
PP153667	52155
PP153668	52155
PP153669	52155
PP153670	52155
PP153671	52155
PP153672	52155
PP153673	52155
PP153674	52155
PP153675	52155
PP153676	52155
PP153677	52155
PP153678	52155
PP153679	52155
PP153680	52155
PP153681	52155
PP153682	52155
PP153683	52155
PP153684	52155
PP153685	52155
PP153686	52155
PP153687	52155
PP153688	52155
PP153689	52155
PP153690	52155
PP153691	52155
PP153692	52155
PP153693	52155
PP153694	58930
PP153695	58930
PP153696	58930
PP153697	58930
PP153698	58930
PP153699	58930
PP153700	58930
PP153701	58930
PP153702	58930
PP153703	234868
PP153704	234868
PP153705	234868
PP153706	234868
PP153707	234868
PP153708	234868
PP153709	234868
PP153710	234868
PP153711	234868
PP153712	234868
PP153713	234868
PP153714	234868
PP153715	234868
PP153716	234868
PP153717	234868
PP153718	234868
PP153719	234868
PP153720	234868
PP153721	234868
PP153722	234868
PP153723	234868
PP153724	234868
PP153725	234868
PP153726	234868
PP153727	234868
PP153728	234868
PP153729	234868
PP153730	234868
PP153731	234868
PP153732	4586
PP153733	4586
PP153734	4586
PP153735	4586
PP153736	4586
PP153737	4586
PP153738	4586
PP153739	4586
PP153740	4586
PP153741	4586
PP153742	4586
PP153743	1141427
PP153744	1141427
PP153745	1141427
PP153746	1141427
PP153747	1141427
PP153748	1141427
PP153749	1141427
PP153750	1141427
PP153751	1141427
PP153752	1141427
PP153753	1141427
PP153754	1141427
PP153755	1141427
PP153756	1141427
PP153757	1141427
PP153758	2661588
PP153759	2661588
PP153760	2661588
PP153761	2661588
PP153762	1141427
PP153763	1141427
PP153764	1141427
PP153765	52152
PP153766	52152
PP153767	52152
PP153768	52152
PP153769	52152
PP153770	52152
PP153771	52152
PP153772	52152
PP153773	52152
PP153774	52152
PP153775	52152
PP153776	52152
PP153777	382394
PP153778	382394
PP153779	382394
PP153780	382394
PP153781	382394
PP153782	220462
PP153783	220462
PP153784	220462
PP153785	220462
PP153786	220462
PP153787	220462
PP153788	220462
PP153789	220462
PP153790	220462
PP153791	220462
PP153792	220462
PP153793	220462
PP153794	220462
PP153795	220462
PP153796	220462
PP153797	220462
PP153798	220462
PP153799	220462
PP153800	220462
PP153801	220462
PP153802	220462
PP153803	220462
PP153804	220462
PP153805	220462
PP153840	1521452
PP153841	1521452
PP153842	1521452
PP153843	1521452
PP153844	1301356
PP153845	1301356
PP153846	1301356
PP153847	1737058
PP153848	1737058
PP153849	1737058
PP153850	1737058
PP153851	1737058
PP153852	1737058
PP153853	1737058
PP153854	1737058
PP153855	1737058
PP153856	1737058
PP153857	1737058
PP153858	1737058
PP153859	52152
PP153860	52152
PP153861	52152
PP153862	52152
PP153863	52152
PP153864	52152
PP153865	52152
PP153866	52152
PP153867	52152
PP153868	52152
PP153869	52152
PP153870	52152
PP153871	52152
PP153872	52152
PP153873	52152
PP153874	52152
PP153875	52152
PP153876	52152
PP153877	52152
PP153878	52152
PP153879	52152
PP153880	52152
PP153881	52152
PP153882	52152
PP153883	52152
PP153884	52152
PP153885	52152
PP153886	52152
PP153887	52152
PP153888	52152
PP157625	52152
PP157626	52152
PP157627	52152
PP157628	220462
PP157629	220462
PP377896	124943
PP465924	455371
PP465925	455371
PP465926	455371
PP465927	455371
PP465928	455371
PP465929	455371
PP465930	455371
PP465931	455371
PP465932	455371
PP465933	455371
PP465934	455371
PP465935	455371
PP465936	455371
PP465937	455371
PP465938	455371
PP465939	455371
PP465940	455371
PP465941	455371
PP465942	455371
PP465943	455371
PP465944	455371
PP465945	455371
PP465946	455371
PP465947	455371
PP465948	455371
PP465949	455371
PP465950	455371
PP465951	455371
PP465952	455371
PP465953	455371
PP465954	455371
PP465955	455371
PP465956	455371
PP465957	455371
PP465958	455371
PP465959	455371
PP465960	455371
PP465961	455371
PP465962	455371
PP465963	690556
PP465964	690556
PP465965	690556
PP465966	690556
PP465967	690556
PP465968	690556
PP465969	1672627
PP465970	1672627
PP465971	1672627
PP465972	1672627
PP465973	1672627
PP465974	1672627
PP465975	1672627
PP465976	1672627
PP465977	1672627
PP465978	1672627
PP465979	1672627
PP515902	3755
PP582001	158555
PP601407	100569
PP702410	124790
PP784546	86318
PP795554	387127
PP795555	387127
PP795556	285590
PP809778	429560
PP809779	429560
PP809780	429560
PP809781	429560
PP809782	429560
PP809783	429560
PP809784	429560
PP809785	429560
PP809786	429560
PP809787	429560
PP809788	429560
PP809789	429560
PP809790	429560
PP809791	429560
PP809792	429560
PP809793	429560
PP809794	429560
PP809795	429560
PP809796	429560
PP809797	429560
PP824592	261450
PP824593	261450
PP824594	261450
PP824595	261450
PP824596	261450
PP824597	261450
PP824598	261450
PP824599	261450
PP824600	261450
PP824601	261450
PP824602	261450
PP824603	261450
PP824604	261450
PP824605	261450
PP824606	261450
PP824607	261450
PP824608	261450
PP824609	261450
PP824610	261450
PP824611	261450
PP849917	1641144
PP849923	1754120
PP849924	112353
PP853056	1065498
PP937075	257356
PP955746	4577
PQ000110	3735
PQ008626	261619
PQ094075	100514
PQ094076	100514
PQ094077	100514
PQ094078	100514
PQ094079	100514
PQ094080	100514
PQ094081	100514
PQ094082	100514
PQ094083	100514
PQ094084	100514
PQ094085	100514
PQ094086	100514
PQ094105	2054263
PQ144907	91198
PQ144908	91198
PQ144911	91198
PQ144922	91198
PQ144923	91198
PQ144931	91198
PQ144953	91198
PQ144954	91198
PQ144955	91198
PQ144959	91198
PQ144960	91198
PQ144961	91198
PQ144962	91198
PQ144963	91198
PQ144964	91198
PQ144965	91198
PQ167837	267240
PQ182644	2003741
PQ182645	2003741
PQ182646	2003741
PQ182647	2003741
PQ182648	2003741
PQ182649	2003741
PQ182650	2003741
PQ182651	2003741
PQ182652	2003741
PQ182653	2003741
PQ182654	2003741
PQ182655	2003741
PQ197970	258209
PQ201929	1195128
PQ201930	1195128
PQ201931	1195128
PQ318204	52152
PQ318205	52152
PQ318206	52152
PQ318207	220462
PQ318208	220462
PQ435192	380077
PQ435194	55313
PQ435195	208863
PQ437376	543715
PQ452593	76025
PQ452594	76025
PQ452595	76025
PQ452596	76025
PQ452597	76025
PQ452598	76025
PQ452599	76025
PQ452600	76025
PQ452601	76025
PQ452602	76035
PQ452603	76035
PQ452604	76035
PQ452605	76035
PQ452606	76035
PQ452607	76035
PQ452608	76035
PQ452609	76035
PQ452610	76035
PQ452611	76035
PQ452612	76035
PQ452613	76035
PQ452614	76025
PQ452615	76035
PQ452616	76035
PQ452617	76035
PQ452618	76035
PQ452619	76035
PQ452620	76035
PQ452621	76035
PQ452622	76025
PQ452623	76035
PQ481778	76025
PQ481779	76025
PQ490463	748693
PQ490464	748693
PQ490465	748693
PQ490466	748693
PQ490467	748693
PQ490468	748693
PQ490469	748693
PQ490470	748693
PQ490471	748693
PQ490472	748693
PQ490473	748693
PQ490474	748693
PQ490475	748693
PQ490476	748693
PQ490477	748693
PQ490478	748693
PQ490479	748693
PQ490480	748693
PQ490481	748693
PQ490482	748693
PQ490483	648866
PQ490484	648866
PQ490485	648866
PQ490486	648866
PQ490487	648866
PQ490488	648866
PQ490489	648866
PQ490490	648866
PQ490491	648866
PQ490492	648866
PQ490493	648866
PQ490494	648866
PQ490495	648866
PQ490496	648866
PQ490497	648866
PQ490498	648866
PQ490499	648866
PQ490500	648866
PQ490501	648866
PQ490502	648866
PQ490503	50507
PQ490504	50507
PQ490505	50507
PQ490506	50507
PQ490507	50507
PQ490508	50507
PQ490509	50507
PQ490510	50507
PQ490511	50507
PQ490512	50507
PQ490513	50507
PQ490514	50507
PQ490515	50507
PQ490516	50507
PQ490517	50507
PQ490518	50507
PQ490519	50507
PQ490520	50507
PQ490521	50507
PQ490522	50507
PQ490523	266091
PQ490524	266091
PQ490525	266091
PQ490526	266091
PQ490527	266091
PQ490528	266091
PQ490529	266091
PQ490530	266091
PQ490531	266091
PQ490532	266091
PQ490533	266091
PQ490534	266091
PQ490535	266091
PQ490536	266091
PQ490537	266091
PQ490538	266091
PQ490539	266091
PQ490540	266091
PQ490541	266091
PQ490542	266091
PQ490543	52491
PQ490544	52491
PQ490545	52491
PQ490546	52491
PQ490547	52491
PQ490548	52491
PQ490549	52491
PQ490550	52491
PQ490551	52491
PQ490552	52491
PQ490553	52491
PQ490554	52491
PQ490555	52491
PQ490556	52491
PQ490557	52491
PQ490558	52491
PQ490559	52491
PQ490560	52491
PQ490561	52491
PQ490562	52491
PQ492163	574478
PQ492164	349353
PQ492165	228181
PQ557615	555479
PQ564782	125264
PQ564869	158541
PQ621265	150405
PQ621266	150407
PQ621267	150405
PQ621268	150405
PQ621269	150407
PQ621270	150407
PQ640283	192352
PQ665298	78479
PQ665299	78479
PQ665300	46346
PQ665301	46346
PQ722901	126369
PQ722902	126369
PQ722903	126369
PQ801223	2303478
PQ801228	256373
PQ860598	860324
PQ860599	4565
PQ860600	52152
PQ860601	4513
PQ860602	97006
PQ860603	411227
PQ860604	197796
PQ860605	97023
PQ860606	153962
PQ860607	3879
PQ860608	587661
PQ860609	4138
PQ860610	38869
PQ860611	1439934
PQ860612	503360
PQ860613	259893
PQ860614	243817
PQ860615	748688
PQ860616	238930
PQ860617	137693
PQ860618	83154
PQ860619	41554
PQ860620	49221
PQ860621	50207
PQ860622	3559
PQ860623	124763
PQ860624	53861
PQ860625	200492
PQ860626	72351
PQ860627	47083
PQ860628	637482
PQ860629	41550
PQ860630	254911
PQ860631	4556
PQ860632	381738
PQ860633	129744
PQ860634	446348
PQ860635	1072205
PQ860636	165637
PQ860637	378352
PQ860640	1712247
PQ860641	238933
PQ860642	305367
PQ860645	3905
PQ860646	748691
PQ860647	324798
PQ860648	4222
PQ860649	223868
PQ860650	318067
PQ860651	378345
PQ860652	1848539
PQ860653	243819
PQ860654	254907
PQ860655	238955
PQ860656	74787
PQ860658	305367
PQ860660	266091
PQ860661	291312
PQ860662	151232
PQ860663	580170
PQ860664	272852
PQ860665	272859
PQ860666	446858
PQ860667	123806
PQ860668	267525
PQ860669	2080829
PQ860670	174171
PQ860671	81733
PQ860672	374729
PQ860673	983245
PQ860674	203100
PQ860675	1540561
PQ860676	1348752
PQ860677	212677
PQ860678	90037
PQ860679	4112
PQ860680	282719
PQ860681	41522
PQ860682	33120
PQ860683	4079
PQ860684	34245
PQ860685	407265
PQ860686	192999
PQ860687	1151092
PQ860688	85439
PQ860689	41596
PQ860690	91246
PQ860691	72917
PQ860692	74695
PQ860694	51276
PQ860695	1527830
PQ860697	1027791
PQ860698	35608
PQ860699	395280
PQ860700	401938
PQ860701	72341
PQ860702	669133
PQ860703	313960
PQ860704	89039
PQ860705	595344
PQ860707	516546
PQ860708	112788
PQ860709	77563
PQ860710	52299
PQ860711	146993
PQ860712	502135
PQ860713	92910
PQ860714	2306222
PQ860715	41466
PQ860716	362646
PQ860717	212690
PQ860718	4217
PQ860719	51277
PQ860720	268065
PQ860721	502543
PQ860722	13329
PQ860723	128738
PQ860724	263973
PQ860725	165316
PQ860727	217502
PQ860728	13708
PQ860729	591993
PQ860731	75952
PQ860732	75950
PQ860733	217469
PQ860734	1500521
PQ860735	119176
PQ860736	453958
PQ860737	4123
PQ860738	1428885
PQ860739	1196506
PQ860740	669631
PQ860741	616994
PQ860743	588669
PQ860744	126914
PQ860745	240043
PQ860746	240019
PQ860747	244509
PQ860748	464021
PQ860749	240080
PQ860750	240031
PQ860751	798184
PQ860752	151258
PQ860753	464020
PQ860754	355937
PQ860757	231648
PQ860759	210858
PQ860760	57916
PQ860761	137457
PQ860762	36602
PQ860763	74656
PQ860764	57928
PQ860765	409519
PQ887818	457253
PQ887819	1702080
PQ887820	1778371
PQ887821	197796
PQ887822	29659
PQ887823	57926
PQ887824	244311
PQ887825	764770
PQ887826	667228
PQ887827	472446
PQ887828	1151088
PQ887829	472441
PQ887830	188317
PQ887831	516548
PQ887832	2080647
PQ887833	50804
PQ887834	54667
PQ887835	286999
PQ887836	1325988
PQ887837	324798
PQ887838	411227
PQ887839	86642
PQ887840	1165888
PQ887841	2666246
PQ887842	293724
PQ887843	1052009
PQ887844	1277763
PQ887845	1898830
PQ887846	313108
PQ887847	572123
PQ887848	52153
PQ887849	2753440
PQ887850	858964
PQ887851	70945
PQ887852	57918
PQ887853	347188
PQ887854	1540051
PQ887855	1333952
PQ887856	1961204
PQ887857	212690
PQ887858	29664
PQ887859	291501
PQ887860	1312036
PQ887861	1209445
PQ887862	595351
PQ887863	751800
PQ887864	1045292
PQ887865	39385
PQ887866	100276
PQ887867	79829
PQ887868	1798782
PQ887869	376255
PQ887870	39358
PQ887871	13055
PQ887872	666729
PQ887873	93036
PQ887875	1177122
PQ887876	2684401
PQ887877	223868
PQ887878	47247
PQ887879	294751
PQ887880	241197
PQ887881	58223
PQ887882	2731259
PQ887883	330585
PQ887884	2054482
PQ887885	168006
PQ887886	216516
PQ887887	239650
PQ887888	254149
PQ887889	1209464
PQ887890	2753224
PQ887891	90209
PQ887892	342060
PQ887893	61450
PQ887894	591095
PQ887895	202412
PQ887897	100293
PQ887898	2054481
PQ887900	113205
PQ887902	4509
PQ887903	571362
PQ887904	2006533
PQ887905	358084
PQ887906	354628
PQ887907	3899
PQ887908	359506
PQ887909	1827168
PQ887910	228246
PQ887911	72180
PQ887912	62335
PQ887913	1196470
PQ887914	511731
PQ887915	649480
PQ887916	489528
PQ887917	142738
PQ887918	184125
PQ887919	1961193
PQ887920	452460
PQ887921	262738
PQ887922	280056
PQ887923	254919
PQ887924	100285
PQ887925	1043449
PQ887926	4347
PQ887927	228806
PQ887928	308434
PQ887929	292545
PQ887930	1676253
PQ887931	50764
PQ887932	37723
PQ887933	173843
PQ887934	1205721
PQ887935	1325996
PQ887936	1045294
PQ887937	174652
PQ887938	325488
PQ887939	205463
PQ887940	1450214
PQ887941	93608
PQ887942	2741992
PQ887944	539895
PQ887945	1095214
PQ887946	119992
PQ887947	909278
PQ887948	214529
PQ887949	1043417
PQ887950	452455
PQ887951	234725
PQ887952	140795
PQ887953	105383
PQ887954	467324
PQ900073	45314
PQ900668	203015
PQ900669	203015
PQ900670	203015
PQ900671	203015
PQ900672	203015
PQ900673	203015
PQ900674	203015
PQ900675	203015
PQ900676	203015
PQ900677	203015
PQ900678	203015
PQ900679	203015
PQ900680	203015
PQ900681	203015
PQ900682	203015
PQ900683	203015
PQ900684	203015
PQ900685	203015
PQ900686	203015
PQ900687	203015
PQ900688	203015
PQ900689	203015
PQ900690	203015
PQ900691	203015
PQ900692	1439920
PQ900693	203004
PQ900694	203008
PQ900695	203004
PQ900696	203004
PQ900697	1439920
PQ900698	1439920
PQ900699	1439920
PQ900700	1439920
PQ900701	1439920
PQ900702	203015
PQ900703	203015
PQ900704	203004
PQ900705	203004
PQ900706	1439920
PQ900707	203015
PQ900708	203015
PQ900709	203015
PQ900710	203015
PQ900957	2291128
PQ900958	2291128
PQ900959	2291128
PQ900960	2291128
PQ900961	2291128
PQ900962	126596
PQ900963	126596
PQ900964	126596
PQ900965	126596
PQ900966	126596
PQ900967	126596
PQ900968	126596
PQ900969	56033
PQ900970	56033
PQ900971	56033
PQ900972	56033
PQ900973	56033
PQ901484	1008914
PQ901485	1008914
PQ901486	1008914
PQ901487	1008914
PQ901488	1008914
PQ901489	1008914
PQ901490	1008914
PV165593	106130
PV247072	79000
PV247073	82327
PV247074	85365
PV247075	3552
PV247076	1076197
PV247077	35883
PV247078	4121
PV247079	798184
PV247080	13449
PV247081	64032
PV247082	165317
PV247083	165318
PV247084	41648
PV247085	118431
PV247086	1084684
PV247087	3908
PV247088	495765
PV247089	46973
PV247090	1084697
PV247091	231661
PV247092	210859
PV247093	1195654
PV247094	39387
PV247095	1580191
PV247096	92907
PV253739	203015
PV253740	203015
PV253741	203015
PV253742	203015
PV368954	2579772
PV483194	265785
PV483195	265785
PV483196	265785
PV483197	265785
PV483198	265785
PV483199	265785
PV483200	265785
PV483201	265785
PV483202	265785
PV483203	265785
PV483204	265785
PV483205	265785
PV483206	265785
PV483207	265785
PV483208	265785
PV483209	265785
PV483210	265785
PV483211	265785
PV483212	265785
PV483213	265785
PV483214	265785
PV484509	54804
PV484510	54804
PV484511	54804
PV484512	54804
PV484513	54804
PV484514	54804
PV484515	54804
PV484516	54804
PV484517	3893
PV484518	54804
PV484519	54804
PV484520	54804
PV484521	54804
PV484522	54804
PV484523	54804
PV484524	54804
PV484525	54804
PV484526	54804
PV484527	54804
PV484528	54804
PV484529	54804
PV563860	4641
PV689521	4072
PV689522	80379
PV689526	4072
PV689527	4073
PV710460	361442
PV714808	1867292
PV747487	1027072
PV829559	339890
PV829560	49390
PV829561	49390
PV829569	339906
PV829571	339930
PV829573	339937
PV911118	126618
PV911119	126618
PV911121	126618
PV911122	126618
PV911125	126618
PV911129	126618
PV911131	126618
PV911133	126618
PV935442	2774610
PV939636	4460
PV952224	35875
PX138775	4565
PX138776	4565
PX138777	4565
PX138778	4565
PX138779	4565
PX138780	4567
PX138781	4567
PX138782	4567
PX138783	4567
PX138784	4567
PX209539	508682
PX239490	867429
PX241256	445234
PX241257	445234
PX241258	445234
PX241259	445234
PX241260	445234
PX241261	445234
PX241262	445234
PX241263	445234
PX241264	445234
PX241265	445234
PX241266	445234
PX241267	445234
PX241268	445234
PX241269	445234
PX241270	445234
PX241271	445234
PX241272	445234
PX241273	445234
PX241274	445234
PX241275	445234
PX241276	445234
PX241277	445234
PX241278	445234
PX241279	445234
PX241280	445234
PX241281	445234
PX241282	445234
PX241283	445234
PX241284	445234
PX241285	445234
PX241286	445234
PX241287	445234
PX241288	445234
PX241289	445234
PX241290	445234
PX241291	445234
PX241292	445234
PX241293	445234
PX241294	445234
PX241295	445234
PX241296	445234
PX241297	445234
PX241298	445234
PX241299	445234
PX241300	445234
PX241301	445234
PX241302	445234
PX241303	445234
PX241304	445234
PX241305	445234
PX241306	445234
PX241307	445234
PX241308	445234
PX241309	445234
PX241310	445234
PX241311	445234
PX241312	445234
PX241313	445234
PX241314	445234
PX241315	445234
PX241316	445234
PX241317	445234
PX241318	445234
PX241319	445234
PX241320	445234
PX241321	445234
PX241322	445234
PX241323	445234
PX241324	445234
PX241325	445234
PX241326	445234
PX241327	445234
PX241328	445234
PX241329	445234
PX241330	445234
PX241331	445234
PX241332	445234
PX241333	445234
PX241334	445234
PX241335	445234
PX241336	445234
PX241337	445234
PX241338	445234
PX241339	445234
PX241340	445234
PX241341	445234
PX241342	445234
PX241343	445234
PX241344	445234
PX241345	445234
PX241346	445234
PX241347	445234
PX241348	445234
PX241349	445234
PX241350	445234
PX241351	445234
PX241352	445234
PX241353	445234
PX376894	97361
PX387152	3755
PX387153	32201
PX387154	51240
PX387155	60698
PX387156	171929
PX387157	55513
PX387158	78632
PX387159	103480
PX387160	3818
PX387161	4182
PX387162	3847
PX387163	35936
PX387164	3888
PX387165	157791
PX387166	3864
PX387167	2071485
PX387168	3827
PX387169	3885
PX387170	4513
PX387171	4565
PX387172	4498
PX387173	62330
PX387174	4006
PX387175	3710
PX387176	36596
PX387177	3617
PX423838	254782
PX423839	70766
PX423840	165660
PX423841	105309
PX423842	239685
PX423844	416131
PX423845	324586
PX423846	223868
PX423847	798184
PX423848	78479
PX423849	1769926
PX423850	4076
PX423851	98722
PX423852	41803
PX423853	1196473
PX423854	714451
PX423855	397272
PX423856	1045222
PX423857	166797
PX423859	487738
PX423860	265783
PX423861	4499
PX423862	1168213
PX423863	47083
PX423864	768177
PX423865	50768
PX423866	359522
PX423867	142738
PX423868	142738
PX423869	1264564
PX423870	545221
PX423871	29663
PX423872	15957
PX423873	41496
PX423874	305353
PX423875	434246
PX423876	1234497
PX423877	208273
PX423878	338577
PX423879	3879
PX423880	587870
PX423881	291314
PX423882	124760
PX423883	2291139
PX423884	114320
PX423885	210369
PX423886	586388
PX423887	1439928
PX423888	20484
PX423889	3702
PX423890	318058
PX423891	3719
PX423892	192627
PX423893	665470
PX423894	153459
PX423895	714890
PX423896	3483
PX423897	66652
PX423898	50498
PX423899	300888
PX423900	516545
PX423901	1264811
PX423902	3528
PX423903	228586
PX423904	313108
PX423905	1402425
PX423906	321409
PX423907	88840
PX423908	184983
PX423909	215071
PX423910	483869
PX423911	368345
PX423912	47085
PX423914	3662
PX423915	52824
PX423916	2100441
PX423917	29667
PX423918	4593
PX423919	240906
PX423920	1882467
PX423921	37723
PX423922	4545
PX423923	52830
PX437614	681426
PX437619	681426
PX437739	681426
PX505440	748703
PX505441	748703
PX505442	748703
PX505443	748703
PX505444	748703
PX505445	748703
PX505446	748703
PX505447	748703
PX505448	748703
PX505449	748703
PX505450	748703
PX505451	748703
PX505452	748703
PX505453	748703
PX505454	748703
PX505455	748703
PX505456	748703
PX505457	748703
PX505458	748703
PX505459	748703
PX505493	33152
PX505494	33152
PX505495	33152
PX505496	33152
PX505497	33152
PX505498	33152
PX505499	33152
PX505500	33152
PX505501	33152
PX505502	33152
PX505503	33152
PX505504	33152
PX505505	33152
PX505506	33152
PX505507	33152
PX505508	33152
PX505509	33152
PX505510	33152
PX505511	33152
PX505512	33152
PX505606	153729
PX505607	153729
PX505608	153729
PX505609	153729
PX505610	153729
PX505611	153729
PX505612	153729
PX505613	153729
PX505614	153729
PX505615	153729
PX505616	153729
PX505617	153729
PX505618	153729
PX505619	153729
PX505620	153729
PX505621	153729
PX505622	153729
PX505623	153729
PX505624	153729
PX505625	153729
PX505628	50765
PX505629	50765
PX505630	50765
PX505631	50765
PX505632	50765
PX505633	50765
PX505634	50765
PX505635	50765
PX505636	50765
PX505637	50765
PX505638	50765
PX505639	50765
PX505640	50765
PX505641	50765
PX505642	50765
PX505643	50765
PX505644	50765
PX505645	50765
PX505646	50765
PX505647	50765
PX505649	312531
PX505650	312531
PX505651	312531
PX505652	312531
PX505653	312531
PX505654	312531
PX505655	312531
PX505656	312531
PX505657	312531
PX505658	312531
PX505659	312531
PX505660	312531
PX505661	312531
PX505662	312531
PX505663	312531
PX505664	312531
PX505665	312531
PX505666	312531
PX505667	312531
PX505668	312531
PX520839	354523
PX520840	354523
PX520841	354523
PX520842	354523
PX520843	354523
PX520844	354523
PX520845	354523
PX520846	354523
PX520847	354523
PX520848	354523
PX520849	354523
PX520850	354523
PX520851	354523
PX520852	354523
PX520853	354523
PX520854	354523
PX520855	354523
PX520856	354523
PX520857	354523
PX520858	354523
PX585274	85214
PX591227	213255
PX591228	213255
PX591229	213255
PX591230	213255
PX591231	213255
PX591232	213255
PX591233	213255
PX591234	213255
PX591235	1043453
PX591236	1043453
PX591237	1043453
PX591238	1043453
PX591239	1043453
PX591240	1043453
PX591241	1043453
PX591242	1043453
PX620412	1887444
PX620413	287009
PX620419	1745134
PX626930	203717
PX626931	203717
PX626932	203717
PX626933	312531
PX626934	357967
PX626935	165353
PX626936	48032
PX626937	109147
PX634178	312530
PX634179	312530
PX634180	312530
PX634181	312530
PX634182	312530
PX634184	312530
PX649243	146995
PX649244	146995
PX649245	146995
PX649246	146995
PX649247	98504
PX649248	98504
PX649249	98504
PX649250	98504
PX649251	98504
PX649252	415155
PX649253	415155
PX649254	415155
PX649255	415155
PX690969	3847
PX690970	3847
PX699086	108377
PX776105	4307
PX776106	4307
PX776107	4307
PX776108	4307
PX776109	4307
PX776110	4307
PX776111	4307
PX776112	4307
PX776113	4307
PX776114	4307
PX776115	1089404
PX776116	1089404
PX776117	1089404
PX776118	408194
PX776119	1043716
PX867055	227722
PX867056	227722
PX867057	227722
PX867058	4111
PX867059	4111
PX867060	4111
PX867061	4111
PX867062	4111
PX867063	4111
PX867064	4111
PX867065	4111
PX867066	4111
PX867067	4111
PX867068	4111
PX867069	4111
PX867070	4111
PX867071	4111
PX867072	4111
PX867073	4111
PX867074	4111
PX867075	4111
PX867076	4111
PX867077	4111
PX972498	1588805
PZ124273	90162
PZ124275	390704
PZ124276	212030
PZ124278	118906
PZ124279	181267
PZ124284	797997
PZ124286	74510
PZ124288	200970
PZ148338	50225
PZ182844	73829
PZ244198	99814
PZ244207	99814
PZ270969	109355
PZ291723	378711
PZ344813	123564
PZ344814	123564
PZ344815	123564
PZ344816	123564
PZ344817	123564
PZ344818	123564
PZ344819	123564
PZ344820	123564
PZ344821	123564
PZ344822	123564
PZ344823	123564
PZ344824	123564
PZ344825	123564
PZ344826	123564
PZ344827	123564
PZ344828	123564
PZ344829	123564
PZ344830	123564
PZ344831	123564
PZ344832	123564
PZ344833	123564
PZ344834	123564
PZ344835	123564
PZ344836	123564
PZ344837	123564
PZ344838	123564
PZ344839	123564
PZ344840	123564
PZ344841	123564
PZ344842	123564
PZ344843	123564
PZ344844	123564
PZ344845	123564
PZ344846	123564
PZ344847	123564
PZ344848	123564
PZ344849	123564
PZ344850	123564
PZ344851	123564
PZ344852	123564
PZ344853	123564
PZ365360	405319
PZ365368	289799
PZ572861	4530
PZ583537	2152747
PZ583540	140812
PZ594804	200565
PZ594805	1552705
PZ594806	798285
U16185	36602
U16189	36610
U16193	36612
U16201	36622
U16205	23225
U24017	39510
U24018	39511
U24019	39512
U24020	39513
U24021	39514
U24022	39499
U24023	39526
U24024	4686
U24025	39516
U24026	39518
U24027	39519
U24028	39520
U24029	39522
U24030	39524
U24031	39501
U24032	39508
U24033	39507
U24034	39506
U24035	39505
U24036	1280228
U24037	39539
U24038	39541
U24039	39542
U24040	39529
U24041	39530
U24042	1821573
U24043	39545
U24044	39531
U24045	39532
U24046	39535
U24047	39554
U24048	39547
U24049	39549
U24050	39615
U24051	39537
U24052	39551
U24053	39552
U24054	39553
U30562	40937
U30563	40937
U30586	4047
U30587	4047
U32569	39879
U50351	46587
U50483	47035
U50485	47033
U50487	47037
U50489	47038
U50491	47051
U50493	47052
U50495	47053
U50497	47141
U50498	47106
U50499	47106
U50501	47064
U50503	47065
U50505	47075
U50509	47143
U50511	47076
U50513	47077
U50515	47078
U50517	47091
U50519	47093
U50521	47095
U50593	47089
U50740	3377
U50751	47096
U50753	47098
U50755	47099
U50757	47037
U50759	47080
U50761	47101
U50763	47082
U50765	47083
U50860	47087
U50862	3888
U50864	47084
U50866	47085
U50868	47088
U51217	47086
U51219	47103
U51221	47105
U51248	23241
U51249	46772
U51250	45177
U51251	40729
U51252	46773
U51253	46773
U51254	46774
U51255	29763
U51256	40790
U51257	40791
U51258	29773
U51259	46775
U51260	46776
U51261	33151
U51262	29765
U51263	29774
U51264	29768
U51265	40793
U55998	47642
U56000	46348
U56002	47643
U56004	3827
U56006	47645
U56008	47647
U56010	47649
U56012	47651
U56014	47653
U56016	47654
U56018	279153
U59499	48249
U63811	13443
U64320	13443
U64321	49388
U64322	49389
U64323	49390
U64324	49391
U64325	49391
U64326	49367
U64327	49368
U64328	49369
U64329	49369
U64330	49369
U64331	49369
U64332	49370
U64333	49371
U64334	49372
U64335	49373
U64336	49373
U64337	49373
U64338	49374
U64339	49375
U64340	49376
U64341	49377
U64342	49378
U64343	49380
U64344	49379
U64345	49381
U64346	49399
U64347	49400
U64348	49400
U64349	586332
U64350	49402
U64351	49403
U64352	49383
U64353	49385
U64354	49386
U64355	49387
U65461	50994
U65462	50993
U65463	50995
U65464	50997
U65465	50998
U65466	51000
U65467	51002
U65468	51004
U65469	54454
U68163	4151
U69545	51672
U71097	48211
U71099	48213
U71100	52295
U71101	52300
U71102	52311
U72405	52311
U72406	52311
U72407	52301
U72408	52301
U72409	52301
U72791	52303
U72792	52305
U72795	52311
U72799	52301
U72805	52290
U74288	53818
U74388	48210
U74389	52306
U74390	52308
U74401	52290
U74402	52290
U74403	52312
U74404	52296
U74405	52297
U74406	52298
U74407	52299
U74408	52304
U74409	52302
U74410	52309
U74411	52307
U74412	52292
U74413	52293
U74414	52294
U74415	53728
U74416	53729
U74417	53730
U74418	53751
U74419	53748
U74420	53752
U74421	53753
U74422	53749
U74423	53750
U74424	53723
U74426	53732
U74427	53717
U74428	53738
U74429	53740
U74430	53580
U74431	53576
U74432	53578
U74433	53587
U74434	53588
U74435	53585
U74436	53582
U74437	4212
U74438	4214
U74439	53583
U74440	53719
U74441	53737
U74442	41554
U74443	53734
U74444	53734
U74445	53727
U74446	53744
U74447	53742
U74448	34245
U74449	53743
U74450	53721
U74451	53725
U74452	53727
U74453	53727
U74454	34245
U74455	34245
U74456	53735
U74457	53741
U78417	49554
U78419	52444
U78420	52324
U78421	2652709
U78423	54710
U78424	52456
U78425	52486
U78426	82083
U78428	330212
U78436	52445
U78437	48032
U78438	52469
U78439	54726
U78440	52570
U78441	52481
U78442	52494
U78443	52447
U78444	52499
U78446	48026
U78447	4043
U78448	54711
U78449	48042
U78450	52454
U78451	52471
U78453	52572
U78454	54722
U78455	54715
U78456	54700
U78457	54720
U78458	54713
U78459	48059
U78460	48051
U78461	54699
U78462	52568
U78463	52477
U78464	54728
U78465	52458
U78466	52492
U78467	63000
U78468	54706
U78469	52497
U78470	54730
U78471	52491
U78472	54724
U78473	54702
U78474	54703
U78475	76119
U78476	48101
U88141	48104
U88553	61589
U88557	61591
X68133	21017
X68134	21018
X68135	21015
X68136	3505
X68137	3518
X68138	3516
X68139	13622
X80560	35945
X80561	32211
X80562	35963
X80563	35946
X80564	28520
X80565	35960
X80566	35967
X80567	35947
X80568	35948
X80569	35949
X80570	35945
X80571	35951
X80572	35945
X80573	28518
X80574	28517
X80575	35964
X80576	35952
X80577	32212
X80578	35965
X80579	91072
X80580	35953
X80581	35954
X80582	35955
X80583	35956
X80584	32214
X80585	91067
X80586	35962
X80587	35958
X85370	50766
X85446	38903
X85448	38905
X85449	38904
X85450	38906
X85451	38907
X85452	38908
X85456	38910
X85460	38912
X85461	38913
X85464	38917
X85465	38911
X85466	38909
X85468	38916
X85470	38918
X85474	38915
X85475	38919
X85476	38920
X85477	38921
X85478	38922
X85482	33128
X85485	38924
X85486	38927
X85488	38925
X86823	39877
X86845	39880
X86846	39891
X87425	49734
X87429	49735
X87430	39790
X87431	39790
X87432	39790
X87433	39790
X87435	49732
X87436	49732
X99397	13443
Y11469	3240
Y11471	3258
Y12587	3483
Y12588	3486
Y15828	70741
Y19431	3918
Y19432	77327
Y19433	87083
Y19434	87088
Y19435	87070
Y19436	87071
Y19437	87078
Y19438	3916
Y19439	87086
Y19440	87075
Y19441	59626
Y19442	87085
Y19443	3917
Y19444	87080
Y19445	3917
Y19446	33129
Y19447	87084
Y19448	87069
Y19449	87077
Y19450	3915
Y19451	87087
Y19452	87076
Y19453	3886
Y19454	87072
Y19455	77332
Y19456	3884
Y19457	87068
Y19458	3885
Y19459	87066
Y19460	87079
Y19461	87074
Y19462	3914
Y19463	77331
Y19464	87081
Y19465	87073
Y19466	87065
Y19467	87067
Y19468	77322
Z48073	49934
Z48074	50746
Z48075	49937
Z48076	49935
Z48077	49942
Z48078	50759
Z48079	50760
Z48080	50761
Z48081	50762
Z48082	50763
Z48084	49945
Z48085	50764
Z48086	50765
Z48087	49955
Z48088	49953
Z48089	50767
Z48090	50769
Z48091	50768
Z48092	38855
Z48116	50749
Z48117	50748
Z48118	49938
Z48119	38851
Z48120	38855
Z48121	50754
Z48123	50756
Z48124	50758
Z48125	50753
Z48126	50770
Z48127	50772
Z48128	49940
Z48129	50800
Z48130	50801
Z48131	50802
Z48132	50773
Z48134	50804
Z48135	50780
Z48136	50808
Z48137	50806
Z48138	50785
Z48139	2016256
Z48140	50810
Z48141	50751
Z71932	53142
Z71934	53143
Z71936	53144
Z71938	53145
Z71940	53146
Z71942	53147
Z71944	53147
Z71946	53148
Z71948	53149
Z71950	53149
Z71952	53149
Z71954	53150
Z71956	53151
Z71957	53152
Z71960	53153
Z71962	53154
Z71964	53155
Z71966	53156
Z71968	53157
Z71970	49946
Z72155	3874
Z72157	53215
Z72159	53216
Z72161	53234
Z72163	53236
Z72165	49830
Z72167	3872
Z72169	53220
Z72171	53226
Z72173	53227
Z72175	53229
Z72177	53233
Z72179	53240
Z72181	53238
Z72183	53241
Z72185	53242
Z72187	61113
Z72189	53231
Z72191	53217
Z72193	53221
Z72195	53232
Z72197	53232
Z72199	61108
Z72201	211583
Z72203	3871
Z72205	53228
Z72207	3873
Z72209	53230
Z72211	53219
Z72213	53214
Z72215	53235
Z72217	53218
Z72219	53222
Z72221	53225
Z72223	53237
Z72225	53239
Z72227	49828
Z72229	157133
Z72231	157133
Z72233	49832
Z72235	49805
Z72237	49806
Z72239	49807
Z72241	49813
Z72243	49814
Z72245	49815
Z72247	3835
Z72249	49816
Z72251	49845
Z72253	49799
Z72255	3834
Z72257	70292
Z72259	49819
Z72261	49820
Z72263	49821
Z72265	49822
Z72267	49823
Z72269	49824
Z72271	49825
Z72273	49826
Z72275	49795
Z72277	49843
Z72279	49809
Z72281	49810
Z72283	49847
Z72285	49848
Z72287	175403
Z72289	49851
Z72291	3902
Z72293	49854
Z72295	49788
Z72297	49789
Z72299	49790
Z72301	49791
Z72303	49836
Z72305	49837
Z72307	49838
Z72309	70005
Z72311	70071
Z72313	3830
Z72315	49797
Z72317	49853
Z72319	49793
Z72321	70606
Z72323	70073
Z72325	70407
Z72327	58883
Z72329	49834
Z72331	58874
Z72333	58850
Z72335	58847
Z72339	49840
Z72341	3897
Z72343	49841
Z72345	70607
Z72347	149639
Z72349	49801
Z72351	49802
Z72352	37501
Z78462	78827
Z92925	70941
Z92926	70944
Z92927	75626
Z92928	75627
Z92929	70961
Z92930	47084
Z92931	70966
Z92932	70968
Z92933	70970
Z92934	70971
Z92935	75628
Z92936	3880
Z92937	70980
Z93832	58644
Z93833	58645
Z93834	58646
Z93835	58647
Z93836	58648
Z93837	58649
Z93838	58650
Z93839	58651
Z93840	58652
Z93841	58654
Z93842	58655
Z93843	58656
Z93844	58657
Z93845	58658
Z93846	58660
Z93847	58662
Z94060	59314
Z94062	59316
Z94064	59318
Z94066	230570
Z94068	59324
Z94070	59322
Z94072	59326
Z94074	59328
Z94076	59332
Z94078	59333
Z94080	59334
Z94082	59335
Z94084	59336
Z94086	59337
Z94088	59338
Z94090	59339
Z94092	59340
Z94094	59341
Z94096	59342
Z94098	59343
Z94100	59344
Z94102	59345
Z94104	59346
Z94106	59347
Z94108	59348
Z94110	59349
Z94112	59330
Z94114	59350
Z94116	59351
Z94118	59353
Z94120	59355
Z95519	85719
Z95560	76403
Z95561	76404
Z95562	76404
Z95563	76397
Z95564	76388
Z95565	76388
Z95566	76389
Z95567	76389
Z95568	53848
Z95569	53848
Z95570	53881
Z95571	53881
Z95572	76395
Z95573	76395
Z95574	76395
Z95575	76395
Z95576	76403
Z95577	76397
Z95578	76398
Z95579	76398
Z95580	74572
Z95581	74572
Z95582	76387
Z95583	76387
Z96812	87472
Z96813	87472
Z96814	87472
Z96815	87472
Z96816	49769
Z96817	49769
Z96818	49769
Z96819	49769
Z96820	49769
Z96821	49769
Z96822	106811
Z96823	106811
Z96824	106811
Z96825	106811
Z96826	106811
Z96827	106811
Z96828	87467
Z96829	87467
Z96830	87467
Z96831	87467
Z96832	87473
Z96833	87473
Z96834	87473
Z96835	87473
Z96836	87470
Z96837	87470
Z96838	87470
Z96839	87470
Z96840	87470
Z96841	87470
Z96842	87466
Z96843	87466
Z96844	87466
Z96845	87466
Z96846	49768
Z96847	49768
Z96848	49768
Z96849	49768
Z96850	87469
Z96851	87469
Z96852	87463
Z96853	87463
Z96854	87464
Z96855	87464
Z96856	87464
Z96857	87464
Z96858	49770
Z96859	49770
Z96860	49770
Z96861	49770
Z96862	87465
Z96863	87465
Z96864	87465
Z96865	87465
Z96866	87474
Z96867	87474
Z96868	87474
Z96869	87474
Z96870	87471
Z96871	87471
Z96872	87471
Z96873	87471
Z96874	87471
Z96875	87471
Z96876	87471
Z96877	87471
Z96878	52139
Z96879	52139
Z96880	52139
Z96881	52139
Z96882	52139
Z96883	52139
Z96884	4498
Z96885	4498
Z96886	4498
Z96887	4498
Z96888	4498
Z96889	4498
Z96890	4498
Z96891	4498
Z96892	4498
Z96893	4498
Z96894	4498
Z96895	4498
Z96896	87477
Z96897	87477
Z96898	87477
Z96899	87477
Z96900	87478
Z96901	87478
Z96902	87478
Z96903	87478
Z96904	87475
Z96905	87475
Z96906	87475
Z96907	87475
Z96908	87475
Z96909	87475
Z96910	49772
Z96911	49772
Z96912	49772
Z96913	49772
Z96914	29679
Z96915	29679
Z96916	29679
Z96917	29679
Z96918	29679
Z96919	29679
Z96920	87462
Z96921	87462
Z96922	87462
Z96923	87462
Z97680	70936
Z97681	70940
Z97682	70943
Z97683	70947
Z97684	70948
Z97685	70950
Z97686	70952
Z97687	47083
Z97688	78528
Z97689	70957
Z97690	70960
Z97691	70962
Z97692	70972
Z97693	70975
Z97694	36901
Z97695	78529
Z97696	78531
Z97697	70976
Z97698	78530
Z97699	70979
Z97700	66819
Z97701	57577
Z97702	3900
Z97703	78533
Z97704	78534
Z99207	66807
Z99208	66808
Z99209	66809
Z99210	66810
Z99211	66811
Z99212	66812
Z99213	3878
Z99214	70933
Z99215	66814
Z99216	47085
Z99217	66815
Z99218	66816
Z99219	66817
Z99220	3879
Z99221	66818
Z99222	66819
Z99223	66807
Z99224	66808
Z99225	66809
Z99226	66810
Z99227	66811
Z99228	66812
Z99229	3878
Z99230	70933
Z99231	66814
Z99232	47085
Z99233	66815
Z99234	66816
Z99235	66817
Z99236	3879
Z99237	66818
Z99238	66819
