NC_035499.1	400
NC_044169.1	198
NC_056278.1	389
NC_036304.1	344
NC_060729.1	369
NC_060581.1	616
NC_071783.1	570
NC_071786.1	595
NC_071789.1	369
NC_071790.1	369
NC_069912.1	427
NC_069913.1	357
NC_069922.1	356
NC_038098.1	346
NC_038102.1	410
NC_038103.1	373
NC_039159.1	427
NC_039160.1	427
NC_039448.1	407
NC_039449.1	407
NC_039451.1	368
NC_057292.1	320
NC_039450.1	404
NC_057293.1	366
NC_057296.1	362
NC_057297.1	359
NC_057639.1	364
NC_057443.1	378
NC_057450.1	198
NC_042671.1	402
NC_042672.1	401
NC_058773.1	395
NC_058774.1	395
NC_058776.1	346
NC_045307.1	382
NC_045308.1	380
NC_045309.1	398
NC_045311.1	387
NC_045313.1	380
NC_045314.1	380
NC_045315.1	380
NC_045316.1	380
NC_036311.1	368
NC_050048.1	367
NC_050051.1	332
NC_050052.1	452
NC_050054.1	340
NC_071793.1	369
NC_071794.1	369
NC_071795.1	369
NC_071796.1	369
NC_071799.1	369
NC_071800.1	374
NC_069923.1	356
NC_069924.1	356
NC_069925.1	356
NC_069926.1	356
NC_069927.1	356
NC_069928.1	356
NC_069929.1	356
NC_031881.1	361
NC_031889.1	388
NC_024813.1	173
NC_022850.1	302
NC_039457.1	374
NC_039458.1	374
NC_039459.1	407
NC_039460.1	407
NC_039462.1	407
NC_039129.1	387
NC_057448.1	390
NC_057455.1	386
NC_057482.1	321
NC_042673.1	198
NC_042686.1	582
NC_042688.1	385
NC_058777.1	394
NC_045317.1	380
NC_045319.1	380
NC_045321.1	387
NC_045322.1	380
NC_045323.1	380
NC_045324.1	380
NC_045325.1	380
NC_050065.1	390
NC_071802.1	369
NC_071804.1	369
NC_071805.1	377
NC_071806.1	374
NC_071808.1	369
NC_071809.1	374
NC_071810.1	328
NC_052855.1	398
NC_069930.1	356
NC_069931.1	356
NC_069932.1	356
NC_069933.1	362
NC_069934.1	362
NC_069935.1	362
NC_027960.1	374
NC_028066.1	385
NC_039463.1	407
NC_039464.1	402
NC_039461.1	407
NC_039415.1	369
NC_057573.1	173
NC_057592.1	363
NC_057620.1	341
NC_042692.1	436
NC_058787.1	437
NC_058788.1	437
NC_045327.1	380
NC_045328.1	380
NC_045330.1	381
NC_045332.1	381
NC_045333.1	380
NC_045335.1	380
NC_036336.1	382
NC_071811.1	369
NC_071812.1	369
NC_071813.1	373
NC_071814.1	369
NC_071816.1	374
NC_071817.1	314
NC_071818.1	387
NC_028439.1	403
NC_052856.1	398
NC_052857.1	398
NC_052858.1	398
NC_052859.1	398
NC_052860.1	380
NC_052861.1	406
NC_069936.1	356
NC_069937.1	356
NC_069938.1	356
NC_069939.1	356
NC_032008.1	402
NC_037699.1	384
NC_037700.1	667
NC_039436.1	387
NC_039413.1	369
NC_042144.1	314
NC_042145.1	323
NC_042146.1	362
NC_042148.1	369
NC_042700.1	369
NC_042701.1	400
NC_042702.1	423
NC_042704.1	406
NC_042706.1	429
NC_042708.1	276
NC_042709.1	406
NC_042710.1	276
NC_058801.1	347
NC_058802.1	283
NC_058804.1	283
NC_058805.1	283
NC_045337.1	380
NC_045339.1	380
NC_045340.1	380
NC_045341.1	380
NC_045342.1	381
NC_045344.1	379
NC_045345.1	380
NC_045346.1	380
NC_071827.1	457
NC_071828.1	375
NC_071829.1	432
NC_028409.1	362
NC_028410.1	362
NC_052867.1	383
NC_052917.1	354
NC_069940.1	356
NC_069941.1	356
NC_069942.1	356
NC_069943.1	356
NC_030347.1	373
NC_030350.1	379
NC_035517.1	406
NC_035528.1	413
NC_035546.1	385
NC_022814.1	379
NC_042154.1	173
NC_042155.1	173
NC_042156.1	173
NC_042157.1	173
NC_042158.1	173
NC_042711.1	408
NC_042713.1	362
NC_042719.1	377
NC_042720.1	412
NC_058808.1	372
NC_058809.1	350
NC_058810.1	350
NC_058812.1	359
NC_058814.1	350
NC_058815.1	350
NC_058816.1	350
NC_058818.1	350
NC_045347.1	380
NC_045348.1	380
NC_045349.1	380
NC_045351.1	381
NC_045352.1	379
NC_045354.1	379
NC_045355.1	397
NC_049883.1	393
NC_050646.1	369
NC_060991.1	385
NC_052919.1	343
NC_052921.1	386
NC_052744.1	394
NC_052792.1	382
NC_069944.1	356
NC_069946.1	370
NC_069948.1	371
NC_053693.1	380
NC_053765.1	409
NC_053833.1	367
NC_035592.1	386
NC_022398.1	362
NC_022400.1	362
NC_022404.1	362
NC_022408.1	362
NC_022409.1	362
NC_022412.1	362
NC_037758.1	393
NC_039412.1	369
NC_042159.1	173
NC_042160.1	355
NC_042161.1	349
NC_042167.1	360
NC_042726.1	173
NC_042727.1	357
NC_058820.1	350
NC_058821.1	382
NC_058822.1	440
NC_058823.1	382
NC_045356.1	380
NC_045357.1	380
NC_045359.1	380
NC_060994.1	373
NC_060996.1	422
NC_060997.1	419
NC_060998.1	420
NC_028421.1	358
NC_028422.1	676
NC_052849.1	372
NC_052863.1	354
NC_069950.1	371
NC_069951.1	371
NC_069954.1	440
NC_069955.1	445
NC_069956.1	440
NC_069957.1	420
NC_032033.1	418
NC_032034.1	416
NC_032040.1	366
NC_024019.1	667
NC_053888.1	366
NC_022380.1	329
NC_022385.1	329
NC_022389.1	329
NC_022392.1	362
NC_022135.1	451
NC_037883.1	370
NC_037911.1	216
NC_037912.1	216
NC_037913.1	216
NC_042178.1	373
NC_042739.1	373
NC_042744.1	345
NC_042745.1	345
NC_058830.1	430
NC_058832.1	448
NC_058833.1	440
NC_058834.1	448
NC_058835.1	224
NC_035671.1	380
NC_035672.1	380
NC_024643.2	415
NC_058688.1	417
NC_058691.1	436
NC_058692.1	346
NC_058693.1	387
NC_036510.1	382
NC_036807.1	413
NC_036808.1	225
NC_036813.1	403
NC_036814.1	403
NC_024662.1	386
NC_024663.1	382
NC_024668.1	402
NC_037717.1	373
NC_046786.1	315
NC_046870.1	416
NC_046824.1	411
NC_046698.1	452
NC_036485.1	369
NC_036384.1	402
NC_036502.1	362
NC_036815.1	403
NC_036816.1	403
NC_036817.1	403
NC_030487.1	314
NC_030615.1	314
NC_035648.1	385
NC_024669.1	403
NC_046774.1	364
NC_036498.1	363
NC_024659.1	386
NC_024660.1	387
NC_024661.1	386
NC_024681.1	464
NC_058732.1	379
NC_053524.1	402
NC_053525.1	305
NC_022264.1	386
NC_058735.1	396
NC_058736.1	366
NC_058740.1	385
NC_058744.1	432
NC_048451.1	361
NC_048453.1	359
NC_048458.1	598
NC_036827.2	417
NC_053535.1	360
NC_058745.1	426
NC_058746.1	427
NC_058747.1	427
NC_058749.1	437
NC_058751.1	392
NC_058754.1	421
NC_058755.1	289
NC_048459.1	563
NC_048460.1	359
NC_048461.1	398
NC_048463.1	422
NC_048464.1	374
NC_026777.1	613
NC_072069.1	347
NC_072070.1	272
NC_053537.1	399
NC_053541.1	386
NC_053544.1	440
NC_035652.1	386
NC_035647.1	373
NC_058756.1	404
NC_058758.1	359
NC_058762.1	351
NC_025593.1	578
NC_060999.1	421
NC_061000.1	420
NC_061001.1	423
NC_061002.1	421
NC_061005.1	421
NC_061006.1	369
NC_067507.1	390
NC_067671.1	350
NC_067706.1	350
NC_067561.1	379
NC_067659.1	350
NC_069958.1	440
NC_069959.1	440
NC_069960.1	440
NC_069961.1	440
NC_069962.1	440
NC_069964.1	440
NC_069965.1	420
NC_054175.1	347
NC_035537.1	385
NC_058549.1	359
NC_058551.1	359
NC_058553.1	395
NC_058554.1	395
NC_058555.1	395
NC_058557.1	395
NC_058558.1	395
NC_042746.1	305
NC_042747.1	392
NC_042748.1	386
NC_042751.1	314
NC_058844.1	189
NC_049874.1	363
NC_061009.1	625
NC_061010.1	401
NC_061011.1	399
NC_061012.1	399
NC_061014.1	394
NC_061015.1	399
NC_068021.1	357
NC_068022.1	357
NC_068023.1	362
NC_068025.1	357
NC_068026.1	362
NC_068028.1	363
NC_068029.1	359
NC_071197.1	370
NC_071175.1	379
NC_054176.1	374
NC_054178.1	382
NC_054183.1	371
NC_054188.1	359
NC_058561.1	387
NC_058562.1	395
NC_058563.1	395
NC_058564.1	395
NC_058565.1	395
NC_058566.1	395
NC_058568.1	395
NC_058569.1	395
NC_058851.1	345
NC_058852.1	345
NC_058853.1	386
NC_058854.1	386
NC_061017.1	394
NC_061018.1	394
NC_061019.1	399
NC_061020.1	325
NC_061021.1	394
NC_061022.1	394
NC_061025.1	366
NC_068030.1	359
NC_068031.1	352
NC_068032.1	359
NC_068033.1	353
NC_068035.1	359
NC_068037.1	352
NC_068039.1	359
NC_068040.1	359
NC_036820.1	403
NC_069975.1	275
NC_034295.1	386
NC_054219.1	369
NC_054220.1	370
NC_054221.1	368
NC_021101.1	364
NC_023800.1	314
NC_058572.1	384
NC_058575.1	350
NC_058579.1	360
NC_058870.1	400
NC_044467.1	398
NC_044468.1	398
NC_044470.1	173
NC_061026.1	399
NC_068041.1	359
NC_068042.1	359
NC_068043.1	361
NC_068044.1	365
NC_068046.1	362
NC_036836.1	401
NC_054281.1	399
NC_054276.1	406
NC_054341.1	306
NC_021111.1	348
NC_023790.1	382
NC_042767.1	356
NC_058871.1	369
NC_058872.1	365
NC_058873.1	365
NC_058874.1	365
NC_058880.1	382
NC_044473.1	393
NC_044481.1	336
NC_044486.1	408
NC_044487.1	402
NC_061028.1	465
NC_062040.1	188
NC_062041.1	188
NC_062042.1	372
NC_068053.1	361
NC_068054.1	350
NC_068056.1	350
NC_068057.1	350
NC_068058.1	367
NC_068060.1	402
NC_034309.1	350
NC_034310.1	350
NC_034311.1	357
NC_034312.1	376
NC_034315.1	397
NC_023792.1	393
NC_067370.1	349
NC_058592.1	352
NC_058601.1	406
NC_042775.1	351
NC_042776.1	351
NC_058881.1	386
NC_058884.1	197
NC_044488.1	403
NC_036341.1	495
NC_036342.1	455
NC_050059.1	380
NC_061038.1	358
NC_062044.1	377
NC_062046.1	364
NC_062051.1	362
NC_062052.1	392
NC_062053.1	369
NC_062054.1	369
NC_068066.1	188
NC_058605.1	352
NC_042777.1	351
NC_042778.1	351
NC_042782.1	347
NC_042783.1	347
NC_042785.1	347
NC_058892.1	436
NC_058896.1	386
NC_058897.1	425
NC_058900.1	359
NC_036350.1	434
NC_026835.1	421
NC_026839.1	379
NC_061040.1	403
NC_061041.1	357
NC_062056.1	369
NC_062057.1	369
NC_051455.1	374
NC_053579.1	381
NC_053586.1	384
NC_053598.1	377
NC_053608.1	400
NC_058615.1	398
NC_058617.1	367
NC_058618.1	661
NC_058621.1	391
NC_058623.1	391
NC_042788.1	353
NC_042789.1	314
NC_058902.1	359
NC_058903.1	359
NC_058905.1	401
NC_058910.1	399
NC_036355.1	662
NC_061042.1	354
NC_061043.1	369
NC_068090.1	415
NC_053688.1	380
NC_053778.1	421
NC_053793.1	340
NC_053860.1	359
NC_042819.1	403
NC_058916.1	392
NC_058918.1	437
NC_058919.1	438
NC_058920.1	401
NC_068094.1	413
NC_033534.1	376
NC_037940.1	370
NC_039610.1	369
NC_039613.1	358
NC_039614.1	358
NC_039615.1	358
NC_039616.1	358
NC_042735.1	309
NC_042836.1	414
NC_042837.1	418
NC_042838.1	415
NC_042839.1	412
NC_042840.1	421
NC_058925.1	388
NC_058926.1	408
NC_058927.1	388
NC_058929.1	388
NC_058930.1	389
NC_058931.1	388
NC_058933.1	388
NC_062076.1	403
NC_062078.1	369
NC_062079.1	369
NC_062080.1	369
NC_062081.1	369
NC_062084.1	173
NC_062085.1	367
NC_071834.1	402
NC_071835.1	349
NC_071836.1	364
NC_071838.1	370
NC_071840.1	370
NC_071841.1	370
NC_068106.1	476
NC_068107.1	409
NC_068109.1	414
NC_068110.1	418
NC_068111.1	420
NC_068112.1	412
NC_033913.1	363
NC_035519.1	406
NC_035535.1	409
NC_058625.1	371
NC_058627.1	469
NC_058628.1	370
NC_058629.1	370
NC_058630.1	364
NC_058631.1	364
NC_058633.1	388
NC_039619.1	398
NC_039622.1	363
NC_039624.1	399
NC_039625.1	391
NC_039626.1	386
NC_042841.1	213
NC_042842.1	213
NC_042843.1	213
NC_042844.1	213
NC_042939.1	216
NC_042940.1	216
NC_042941.1	216
NC_042942.1	415
NC_058934.1	142
NC_058936.1	388
NC_058937.1	388
NC_058938.1	403
NC_058939.1	295
NC_058940.1	388
NC_058942.1	142
NC_058943.1	408
NC_058944.1	388
NC_062094.1	368
NC_068114.1	417
NC_068115.1	412
NC_068117.1	417
NC_068118.1	417
NC_068119.1	417
NC_068121.1	417
NC_068122.1	417
NC_068123.1	417
NC_033892.1	390
NC_039627.1	367
NC_039628.1	396
NC_039634.1	379
NC_039635.1	379
NC_039637.1	379
NC_058945.1	388
NC_058946.1	142
NC_058947.1	418
NC_058949.1	400
NC_058950.1	403
NC_058951.1	388
NC_058953.1	388
NC_058954.1	388
NC_058955.1	388
NC_025651.1	352
NC_062096.1	347
NC_072109.1	363
NC_068124.1	414
NC_068125.1	414
NC_068126.1	414
NC_068127.1	412
NC_068128.1	412
NC_068131.1	398
NC_068132.1	395
NC_039638.1	379
NC_039568.1	415
NC_058956.1	388
NC_058957.1	388
NC_058960.1	331
NC_025652.1	405
NC_050204.1	369
NC_050205.1	369
NC_050206.1	369
NC_050208.1	369
NC_050209.1	369
NC_026694.1	369
NC_068133.1	365
NC_068134.1	341
NC_068135.1	343
NC_068136.1	372
NC_068137.1	371
NC_068138.1	340
NC_039636.1	379
NC_044412.1	173
NC_050210.1	369
NC_050211.1	359
NC_050212.1	405
NC_062126.1	354
NC_072134.1	240
NC_033880.1	403
NC_021430.1	717
NC_021431.1	708
NC_021432.1	725
NC_035514.1	334
NC_035514.1	188
NC_038131.1	386
NC_058983.1	381
NC_058984.1	446
NC_058985.1	445
NC_044418.1	378
NC_062127.1	386
NC_062129.1	363
NC_062130.1	468
NC_072143.1	319
NC_072144.1	328
NC_072147.1	368
NC_024831.1	437
NC_039991.1	389
NC_039939.1	386
NC_039957.1	188
NC_039930.1	389
NC_058986.1	435
NC_058987.1	393
NC_058988.1	362
NC_058989.1	540
NC_058993.1	410
NC_058994.1	393
NC_061051.1	386
NC_062141.1	369
NC_033511.1	502
NC_033498.1	188
NC_033524.1	298
NC_040009.1	399
NC_039943.1	407
NC_039952.1	188
NC_039925.1	401
NC_058996.1	443
NC_059001.1	372
NC_059002.1	366
NC_059003.1	410
NC_059004.1	401
NC_059005.1	383
NC_059006.1	498
NC_027607.1	372
NC_062144.1	406
NC_062145.1	225
NC_062146.1	430
NC_062148.1	430
NC_062149.1	430
NC_062150.1	430
NC_062151.1	430
NC_072165.1	561
NC_029813.1	388
NC_029815.1	256
NC_030346.1	373
NC_035829.1	648
NC_035830.1	587
NC_035831.2	630
NC_035832.1	428
NC_035834.1	522
NC_062152.1	430
NC_062153.1	430
NC_062154.1	430
NC_062156.1	370
NC_072171.1	383
NC_072174.1	386
NC_029827.1	410
NC_029828.1	399
NC_029829.1	346
NC_029830.1	346
NC_067770.1	368
NC_067771.1	360
NC_072179.1	367
NC_072180.1	209
NC_029833.1	369
NC_070018.1	431
NC_067782.1	350
NC_067783.1	350
NC_067786.1	379
NC_062168.1	403
NC_062169.1	403
NC_029814.1	388
NC_042693.1	386
NC_049007.1	371
NC_049053.1	376
NC_049081.1	404
NC_049114.1	380
NC_061004.1	421
NC_061050.1	437
NC_061013.1	399
NC_029847.1	357
NC_033500.1	188
NC_033501.1	371
NC_033502.1	349
NC_067810.1	403
NC_042925.1	371
NC_042707.1	399
NC_049140.1	400
NC_059684.1	253
NC_059685.1	379
NC_059686.1	379
NC_059687.1	379
NC_059688.1	379
NC_061023.1	399
NC_036661.1	378
NC_036662.1	350
NC_050871.1	448
NC_062045.1	414
NC_061964.1	388
NC_032719.1	393
NC_032696.1	370
NC_032707.1	370
NC_032691.1	412
NC_033513.1	469
NC_033514.1	455
NC_035880.1	380
NC_069068.1	367
NC_069069.1	357
NC_069063.1	380
NC_042743.1	348
NC_042827.1	261
NC_042919.1	362
NC_042934.1	362
NC_042884.1	367
NC_025554.1	402
NC_059691.1	371
NC_059692.1	371
NC_059696.1	525
NC_059698.1	377
NC_059699.1	582
NC_036670.1	334
NC_062132.1	602
NC_062095.1	377
NC_070047.1	380
NC_033515.1	460
NC_033517.1	492
NC_033518.1	416
NC_033519.1	468
NC_033520.1	406
NC_033525.1	298
NC_033527.1	298
NC_033864.1	399
NC_035833.1	570
NC_069062.1	378
NC_067826.1	378
NC_067827.1	381
NC_067829.1	383
NC_067830.1	392
NC_067831.1	386
NC_054150.1	342
NC_054152.1	351
NC_054155.1	386
NC_042870.1	417
NC_042703.1	407
NC_059701.1	382
NC_061003.1	419
NC_036681.1	400
NC_036683.1	401
NC_036684.1	314
NC_036703.1	403
NC_050800.1	370
NC_050956.1	357
NC_062082.1	372
NC_062147.1	430
NC_033499.1	188
NC_033512.1	486
NC_033908.1	387
NC_035876.1	347
NC_069066.1	117
NC_069067.1	372
NC_067832.1	392
NC_067833.1	386
NC_067835.1	384
NC_067836.1	386
NC_067837.1	382
NC_067840.1	381
NC_067842.1	379
NC_054162.1	428
NC_054163.1	421
NC_054166.1	399
NC_054168.1	398
NC_042680.1	359
NC_042681.1	433
NC_059715.1	365
NC_059718.1	345
NC_059719.1	379
NC_059720.1	382
NC_061985.1	412
NC_062050.1	387
NC_031885.1	397
NC_053916.1	290
NC_045399.1	402
NC_048462.1	398
NC_059727.1	411
NC_059728.1	176
NC_059729.1	416
NC_027674.1	389
NC_027675.1	389
NC_027676.1	404
NC_061016.1	399
NC_062097.1	377
NC_061912.1	320
NC_061942.1	460
NC_061947.1	460
NC_072257.1	578
NC_031894.1	419
NC_032684.1	413
NC_032685.1	425
NC_032687.1	419
NC_032688.1	413
NC_032689.1	417
NC_059021.1	366
NC_059022.1	387
NC_059023.1	387
NC_059024.1	387
NC_059026.1	387
NC_045294.1	389
NC_045388.1	382
NC_045386.1	435
NC_047176.1	357
NC_047177.1	224
NC_048520.1	354
NC_048524.1	362
NC_059732.1	405
NC_059733.1	411
NC_059734.1	412
NC_059735.1	412
NC_059736.1	405
NC_059738.1	405
NC_059739.1	416
NC_059740.1	437
NC_027679.1	389
NC_027681.1	404
NC_027685.1	372
NC_062058.1	369
NC_062134.1	378
NC_061927.1	390
NC_072261.1	349
NC_072262.1	401
NC_072268.1	310
NC_072269.1	693
NC_031854.1	387
NC_032698.1	376
NC_032700.1	381
NC_032701.1	376
NC_032702.1	363
NC_032705.1	376
NC_032706.1	376
NC_032708.1	381
NC_032710.1	370
NC_053553.1	687
NC_039554.1	372
NC_039555.1	371
NC_057434.1	397
NC_057435.1	466
NC_059029.1	455
NC_059030.1	471
NC_059031.1	464
NC_059032.1	463
NC_059033.1	358
NC_045416.1	380
NC_045230.1	380
NC_047180.1	366
NC_047181.1	372
NC_047182.1	376
NC_049156.1	341
NC_049111.1	460
NC_059741.1	416
NC_059743.1	443
NC_059744.1	433
NC_059745.1	447
NC_059746.1	447
NC_059747.1	339
NC_059748.1	411
NC_027691.1	668
NC_061940.1	502
NC_062043.1	377
NC_062055.1	369
NC_072274.1	371
NC_072275.1	370
NC_072276.1	361
NC_072281.1	224
NC_031892.1	368
NC_032711.1	369
NC_032712.1	370
NC_032713.1	370
NC_032714.1	370
NC_032717.1	445
NC_032720.1	393
NC_021426.1	304
NC_021429.1	604
NC_021433.1	631
NC_058646.1	381
NC_058648.1	418
NC_058649.1	412
NC_039556.1	372
NC_039557.1	356
NC_057439.1	398
NC_057441.1	380
NC_057445.1	388
NC_057446.1	379
NC_057447.1	382
NC_057449.1	384
NC_059039.1	437
NC_059040.1	362
NC_059041.1	362
NC_059042.1	362
NC_059043.1	362
NC_059044.1	362
NC_059047.1	362
NC_045391.1	389
NC_047192.1	342
NC_047193.1	392
NC_047194.1	397
NC_048972.1	404
NC_059751.1	402
NC_059752.1	403
NC_032721.1	393
NC_032724.1	369
NC_021439.1	353
NC_039569.1	421
NC_039575.1	398
NC_057452.1	377
NC_057453.1	385
NC_057454.1	385
NC_057456.1	374
NC_057457.1	201
NC_057458.1	389
NC_057459.1	360
NC_057460.1	334
NC_059049.1	362
NC_059051.1	362
NC_059052.1	362
NC_059053.1	362
NC_059054.1	362
NC_059055.1	362
NC_059056.1	362
NC_059057.1	362
NC_047197.1	579
NC_047200.1	390
NC_048958.1	359
NC_048998.1	452
NC_049061.1	315
NC_059761.1	361
NC_059766.1	439
NC_059767.1	402
NC_026299.1	384
NC_072300.1	400
NC_072301.1	400
NC_072302.1	400
NC_068230.1	404
NC_068233.1	390
NC_068234.1	367
NC_031299.1	403
NC_032704.1	372
NC_032686.1	406
NC_033970.1	452
NC_039582.1	351
NC_039584.1	348
NC_039585.1	353
NC_039586.1	353
NC_057463.1	375
NC_059058.1	362
NC_059059.1	362
NC_045519.1	376
NC_047211.1	340
NC_047213.1	297
NC_047214.1	396
NC_047215.1	363
NC_049027.1	504
NC_049044.1	373
NC_049146.1	400
NC_026690.1	367
NC_026691.1	367
NC_061215.1	366
NC_061218.1	387
NC_072304.1	400
NC_072305.1	400
NC_072306.1	400
NC_072308.1	400
NC_072310.1	400
NC_072311.1	400
NC_072312.1	381
NC_072313.1	370
NC_068242.1	361
NC_068243.1	361
NC_033978.1	224
NC_033979.1	367
NC_033980.1	406
NC_039127.1	387
NC_039128.1	387
NC_039130.1	387
NC_039133.1	395
NC_039597.1	329
NC_039598.1	369
NC_039599.1	359
NC_058567.1	395
NC_058819.1	350
NC_058748.1	427
NC_047228.1	353
NC_059786.1	357
NC_059787.1	425
NC_059789.1	369
NC_059790.1	369
NC_072315.1	400
NC_072316.1	400
NC_072317.1	400
NC_072318.1	403
NC_072320.1	400
NC_072321.1	403
NC_072322.1	403
NC_072323.1	401
NC_072324.1	400
NC_068253.1	369
NC_035591.1	386
NC_037784.1	434
NC_039600.1	369
NC_039601.1	369
NC_039603.1	369
NC_039604.1	369
NC_039605.1	369
NC_039607.1	369
NC_057481.1	376
NC_057486.1	343
NC_057488.1	578
NC_058859.1	150
NC_059027.1	387
NC_058924.1	386
NC_058581.1	402
NC_047229.1	353
NC_047232.1	404
NC_047234.1	404
NC_047235.1	402
NC_047236.1	366
NC_059798.1	391
NC_059799.1	391
NC_059800.1	466
NC_068257.1	488
NC_030056.1	369
NC_030062.1	360
NC_030371.1	411
NC_030377.1	322
NC_034791.1	396
NC_034792.1	372
NC_034793.1	372
NC_053550.1	410
NC_057494.1	420
NC_057495.1	378
NC_042917.1	362
NC_042918.1	362
NC_042920.1	362
NC_042923.1	339
NC_042924.1	339
NC_042926.1	339
NC_042927.1	339
NC_059048.1	362
NC_045405.1	364
NC_045409.1	380
NC_045420.1	380
NC_045421.1	380
NC_045422.1	380
NC_059802.1	188
NC_059803.1	425
NC_059807.1	188
NC_068269.1	213
NC_030063.1	360
NC_030065.1	465
NC_030067.1	402
NC_030068.1	404
NC_031805.1	351
NC_033862.1	401
NC_033863.1	403
NC_053562.1	394
NC_053564.1	386
NC_057504.1	440
NC_057506.1	376
NC_057508.1	369
NC_042928.1	339
NC_042929.1	339
NC_042931.1	362
NC_058901.1	359
NC_058550.1	359
NC_058997.1	359
NC_058941.1	394
NC_058914.1	403
NC_058817.1	349
NC_045423.1	380
NC_045424.1	380
NC_047250.1	456
NC_047251.1	399
NC_059821.1	318
NC_059822.1	314
NC_033871.1	439
NC_033876.1	449
NC_033878.1	381
NC_053570.1	388
NC_053571.1	423
NC_053572.1	419
NC_053573.1	419
NC_053578.1	374
NC_042935.1	216
NC_042936.1	216
NC_042937.1	216
NC_042938.1	216
NC_059045.1	362
NC_058620.1	393
NC_058948.1	394
NC_058948.1	295
NC_058879.1	386
NC_058743.1	407
NC_047310.1	398
NC_047311.1	390
NC_059823.1	314
NC_059824.1	314
NC_059825.1	314
NC_059826.1	314
NC_059827.1	314
NC_059829.1	314
NC_059830.1	314
NC_059831.1	314
NC_028009.1	375
NC_067605.1	466
NC_067981.1	388
NC_023236.1	359
NC_023237.1	359
NC_023238.1	359
NC_023239.1	359
NC_023240.1	359
NC_030069.1	407
NC_031822.1	360
NC_031829.1	173
NC_033879.1	403
NC_034801.1	356
NC_034802.1	314
NC_034803.1	396
NC_053580.1	380
NC_053581.1	374
NC_053583.1	370
NC_053584.1	380
NC_053585.1	374
NC_053587.1	403
NC_053588.1	385
NC_053589.1	379
NC_037401.1	346
NC_042950.1	401
NC_042954.1	348
NC_058887.1	388
NC_058578.1	380
NC_058582.1	402
NC_047409.1	359
NC_047420.1	401
NC_059834.1	314
NC_059835.1	314
NC_059836.1	314
NC_059838.1	314
NC_059839.1	314
NC_059840.1	318
NC_059841.1	318
NC_059842.1	318
NC_028032.1	371
NC_067941.1	458
NC_067839.1	379
NC_067675.1	350
NC_067499.1	339
NC_023241.1	359
NC_023242.1	359
NC_023234.1	359
NC_031834.1	395
NC_033893.1	390
NC_053591.1	370
NC_053592.1	380
NC_053593.1	377
NC_053595.1	406
NC_053596.1	378
NC_053597.1	399
NC_057535.1	445
NC_042955.1	367
NC_058750.1	437
NC_058825.1	409
NC_058959.1	332
NC_044968.1	486
NC_047377.1	386
NC_047429.1	369
NC_059844.1	314
NC_059849.1	362
NC_067775.1	360
NC_067759.1	695
NC_068038.1	359
NC_031849.1	386
NC_033894.1	390
NC_033895.1	434
NC_033896.1	388
NC_033897.1	388
NC_033899.1	402
NC_034758.1	403
NC_053600.1	380
NC_053601.1	376
NC_053603.1	370
NC_053604.1	374
NC_053605.1	376
NC_053606.1	376
NC_053607.1	374
NC_053609.1	383
NC_037446.1	347
NC_037447.1	400
NC_037448.1	407
NC_056335.1	380
NC_056086.1	188
NC_056165.1	498
NC_058928.1	388
NC_059000.1	399
NC_058779.1	370
NC_045297.1	457
NC_045338.1	380
NC_045329.1	380
NC_045310.1	380
NC_045272.1	391
NC_047313.1	388
NC_059857.1	262
NC_059863.1	371
NC_067670.1	350
NC_031855.1	387
NC_031856.1	387
NC_033910.1	488
NC_034643.1	369
NC_034677.1	373
NC_053610.1	388
NC_037482.1	420
NC_037485.1	347
NC_056082.1	188
NC_056083.1	188
NC_056084.1	188
NC_056085.1	188
NC_056197.1	454
NC_056198.1	393
NC_057554.1	379
NC_057555.1	397
NC_057560.1	418
NC_058913.1	400
NC_058560.1	395
NC_058622.1	394
NC_058952.1	388
NC_058813.1	332
NC_058526.1	188
NC_045343.1	380
NC_045318.1	380
NC_045358.1	380
NC_045290.1	387
NC_059874.1	368
NC_067524.1	377
NC_067828.1	395
NC_068089.1	410
NC_068258.1	369
NC_031874.1	360
NC_034678.1	374
NC_053622.1	386
NC_053627.1	421
NC_056199.1	341
NC_056345.1	382
NC_056329.1	401
NC_057571.1	403
NC_057572.1	173
NC_057574.1	173
NC_058556.1	395
NC_058595.1	418
NC_058650.1	408
NC_044965.1	380
NC_061221.1	398
NC_061223.1	409
NC_061224.1	225
NC_061230.1	345
NC_072325.1	400
NC_072329.1	381
NC_035651.1	386
NC_038093.1	386
NC_038094.1	342
NC_038095.1	346
NC_042790.1	314
NC_057575.1	173
NC_057576.1	392
NC_057577.1	384
NC_057579.1	173
NC_057580.1	173
NC_057581.1	173
NC_057582.1	366
NC_057583.1	173
NC_057585.1	173
NC_042826.1	369
NC_042830.1	412
NC_048478.1	355
NC_049021.1	395
NC_048999.1	400
NC_048973.1	431
NC_072338.1	339
NC_072342.1	354
NC_072345.1	198
NC_052696.1	357
NC_052697.1	383
NC_052702.1	440
NC_034743.1	399
NC_038096.1	346
NC_038097.1	346
NC_057586.1	375
NC_057587.1	380
NC_057595.1	381
NC_042831.1	387
NC_042832.1	410
NC_042845.1	213
NC_042846.1	213
NC_042848.1	213
NC_042851.1	213
NC_048492.1	382
NC_049131.1	315
NC_049143.1	400
NC_049050.1	371
NC_008096.2	369
NC_072319.1	401
NC_052706.1	203
NC_053323.1	334
NC_034747.1	376
NC_057598.1	367
NC_057600.1	340
NC_057601.1	393
NC_057602.1	386
NC_057607.1	421
NC_042852.1	221
NC_042853.1	218
NC_042856.1	213
NC_042858.1	413
NC_042867.1	412
NC_042868.1	412
NC_065004.1	343
NC_072253.1	419
NC_072054.1	475
NC_052719.1	419
NC_053324.1	333
NC_053325.1	394
NC_053326.1	382
NC_053328.1	390
NC_053331.1	379
NC_053332.1	379
NC_053333.1	372
NC_053334.1	370
NC_034759.1	403
NC_034760.1	403
NC_034761.1	403
NC_034762.1	403
NC_034763.1	402
NC_034764.1	402
NC_034765.1	403
NC_057610.1	391
NC_057615.1	400
NC_057616.1	763
NC_042869.1	412
NC_042871.1	412
NC_042872.1	412
NC_048498.1	297
NC_048503.1	347
NC_072167.1	369
NC_052727.1	698
NC_052728.1	383
NC_052729.1	361
NC_052730.1	371
NC_053335.1	372
NC_053338.1	376
NC_053339.1	376
NC_053340.1	378
NC_053341.1	377
NC_053342.1	375
NC_053343.1	383
NC_034766.1	403
NC_020316.1	359
NC_037694.1	370
NC_039348.1	373
NC_039349.1	370
NC_039350.1	391
NC_057623.1	362
NC_057624.1	358
NC_057625.1	349
NC_057626.1	349
NC_057627.1	349
NC_042885.1	398
NC_042886.1	400
NC_048504.1	347
NC_048505.1	400
NC_048509.1	353
NC_061256.1	385
NC_061257.1	385
NC_061258.1	335
NC_061263.1	410
NC_072247.1	191
NC_072307.1	400
NC_072282.1	403
NC_072146.1	384
NC_052739.1	388
NC_052740.1	462
NC_030329.1	374
NC_053345.1	369
NC_053346.1	369
NC_053347.1	370
NC_053348.1	367
NC_053352.1	388
NC_053353.1	399
NC_034777.1	389
NC_039347.1	368
NC_057630.1	349
NC_057631.1	358
NC_057637.1	365
NC_057640.1	364
NC_042894.1	371
NC_045380.1	430
NC_046385.1	400
NC_048512.1	351
NC_048514.1	369
NC_048515.1	369
NC_072256.1	570
NC_052745.1	314
NC_052746.1	414
NC_052748.1	357
NC_030348.1	373
NC_030349.1	373
NC_053355.1	398
NC_020362.1	381
NC_020364.1	385
NC_057641.1	364
NC_057953.1	402
NC_057955.1	366
NC_057956.1	386
NC_042903.1	362
NC_045384.1	394
NC_045385.1	428
NC_045392.1	380
NC_045393.1	380
NC_046389.1	397
NC_046390.1	451
NC_046391.1	470
NC_046393.1	431
NC_048518.1	410
NC_048522.1	441
NC_061264.1	412
NC_061265.1	415
NC_061267.1	411
NC_061268.1	410
NC_061270.1	411
NC_061271.1	411
NC_061272.1	413
NC_072314.1	361
NC_030044.1	369
NC_030351.1	368
NC_053369.1	380
NC_053371.1	204
NC_053372.1	345
NC_053373.1	345
NC_053374.1	345
NC_053375.1	345
NC_037084.1	319
NC_037952.1	379
NC_057656.1	208
NC_057957.1	381
NC_057961.1	346
NC_057962.1	399
NC_057967.1	361
NC_042906.1	406
NC_042912.1	381
NC_045396.1	450
NC_045398.1	358
NC_045402.1	516
NC_045403.1	413
NC_048528.1	380
NC_059876.1	368
NC_059880.1	343
NC_059882.1	370
NC_059883.1	370
NC_059885.1	370
NC_068116.1	416
NC_068108.1	425
NC_028727.1	188
NC_028728.1	188
NC_028729.1	400
NC_018766.1	283
NC_054169.1	410
NC_054170.1	421
NC_054171.1	443
NC_054172.1	395
NC_054174.1	663
NC_057661.1	213
NC_041579.1	346
NC_041582.1	371
NC_041583.1	343
NC_041584.1	339
NC_041585.1	371
NC_057974.1	455
NC_057978.1	399
NC_058739.1	385
NC_058847.1	443
NC_058935.1	400
NC_045117.1	366
NC_045081.1	379
NC_045084.1	358
NC_050384.1	479
NC_050388.1	384
NC_050389.1	386
NC_026877.1	369
NC_059886.1	370
NC_059887.1	370
NC_059888.1	370
NC_059889.1	370
NC_059890.1	370
NC_059891.1	370
NC_059892.1	370
NC_068052.1	354
NC_028720.1	314
NC_070056.1	371
NC_037760.1	188
NC_037761.1	377
NC_037762.1	388
NC_037763.1	392
NC_037764.1	390
NC_037765.1	172
NC_037766.1	372
NC_054181.1	734
NC_054182.1	390
NC_040966.1	393
NC_041586.1	369
NC_041589.1	369
NC_041590.1	369
NC_041591.1	369
NC_057986.1	353
NC_057987.1	717
NC_057988.1	388
NC_058995.1	420
NC_059046.1	362
NC_059050.1	362
NC_050395.1	198
NC_059898.1	367
NC_059901.1	354
NC_059902.1	347
NC_059905.1	358
NC_059906.1	342
NC_060289.1	322
NC_068068.1	379
NC_067611.1	401
NC_068004.1	381
NC_067995.1	380
NC_067785.1	357
NC_070069.1	314
NC_070070.1	345
NC_037767.1	379
NC_038092.1	386
NC_054194.1	352
NC_054196.1	361
NC_054197.1	402
NC_054198.1	446
NC_040999.1	401
NC_057682.1	370
NC_057683.1	376
NC_057594.1	379
NC_041594.1	369
NC_041595.1	369
NC_041597.1	369
NC_057991.1	380
NC_057994.1	356
NC_057995.1	312
NC_057996.1	390
NC_057997.1	407
NC_059101.1	380
NC_058583.1	397
NC_058700.1	388
NC_045534.1	368
NC_050402.1	401
NC_050403.1	402
NC_050404.1	433
NC_050405.1	368
NC_050407.1	414
NC_050408.1	414
NC_050409.1	407
NC_050410.1	398
NC_059909.1	341
NC_059914.1	408
NC_059915.1	402
NC_059917.1	586
NC_060294.1	445
NC_060297.1	398
NC_060299.1	198
NC_067572.1	349
NC_067630.1	403
NC_068055.1	357
NC_070082.1	355
NC_070083.1	355
NC_070084.1	346
NC_070085.1	355
NC_070086.1	329
NC_070087.1	374
NC_034229.1	362
NC_054205.1	364
NC_054212.1	428
NC_040961.1	379
NC_057629.1	358
NC_057451.1	384
NC_041598.1	369
NC_058000.1	397
NC_058001.1	446
NC_058753.1	433
NC_058831.1	390
NC_058882.1	354
NC_058958.1	394
NC_059025.1	387
NC_058759.1	362
NC_050411.1	402
NC_050412.1	402
NC_050413.1	402
NC_050414.1	402
NC_050415.1	395
NC_050371.1	375
NC_060310.1	614
NC_068027.1	362
NC_068036.1	359
NC_067841.1	379
NC_070088.1	361
NC_070095.1	363
NC_070096.1	435
NC_070097.1	369
NC_031852.1	346
NC_038161.1	437
NC_054213.1	417
NC_040960.1	410
NC_057578.1	365
NC_041599.1	369
NC_041600.1	369
NC_058013.1	404
NC_058018.1	408
NC_058803.1	283
NC_026203.1	374
NC_050417.1	276
NC_060312.1	369
NC_067643.1	350
NC_067517.1	391
NC_070099.1	528
NC_070102.1	401
NC_070105.1	396
NC_070107.1	368
NC_022928.1	400
NC_038165.1	352
NC_054224.1	211
NC_057628.1	349
NC_041601.1	369
NC_041602.1	369
NC_041603.1	369
NC_057999.1	395
NC_057998.1	396
NC_058912.1	408
NC_058932.1	388
NC_058999.1	412
NC_058811.1	350
NC_058539.1	374
NC_036487.1	349
NC_036489.1	371
NC_059942.1	366
NC_059943.1	353
NC_059944.1	339
NC_059945.1	395
NC_059946.1	379
NC_060314.1	352
NC_067987.1	456
NC_067714.1	348
NC_067508.1	390
NC_067509.1	390
NC_070118.1	395
NC_054238.1	374
NC_057588.1	403
NC_057603.1	386
NC_041604.1	370
NC_057958.1	381
NC_058552.1	395
NC_058559.1	395
NC_058573.1	363
NC_058634.1	328
NC_044073.1	351
NC_036494.1	364
NC_036495.1	363
NC_036496.1	361
NC_036497.1	363
NC_036499.1	363
NC_036500.1	362
NC_026220.1	435
NC_059948.1	379
NC_059949.1	351
NC_059952.1	503
NC_059955.1	429
NC_059956.1	400
NC_059957.1	433
NC_059958.1	438
NC_060324.1	371
NC_060326.1	386
NC_067645.1	350
NC_067646.1	350
NC_070120.1	395
NC_070121.1	395
NC_063593.1	367
NC_037830.1	296
NC_037831.1	390
NC_037832.1	379
NC_054247.1	366
NC_054252.1	380
NC_054253.1	380
NC_054254.1	380
NC_041607.1	369
NC_041608.1	369
NC_041610.1	369
NC_041611.1	369
NC_057990.1	347
NC_058012.1	401
NC_044084.1	435
NC_044085.1	402
NC_050285.1	388
NC_059959.1	399
NC_059961.1	406
NC_059962.1	409
NC_059963.1	411
NC_059964.1	411
NC_059965.1	198
NC_059966.1	432
NC_059967.1	401
NC_026574.1	369
NC_036682.1	418
NC_036685.1	418
NC_036686.1	276
NC_036687.1	407
NC_036688.1	412
NC_036689.1	400
NC_072280.1	382
NC_072108.1	351
NC_051870.1	423
NC_051871.1	413
NC_051872.1	511
NC_051874.1	526
NC_069974.1	440
NC_032699.1	370
NC_034228.1	350
NC_022381.1	329
NC_040928.1	443
NC_040929.1	443
NC_041532.1	358
NC_041533.1	369
NC_041534.1	346
NC_041535.1	379
NC_041536.1	351
NC_041537.1	382
NC_045049.1	363
NC_045051.1	379
NC_045053.1	371
NC_045054.1	373
NC_045055.1	378
NC_045056.1	371
NC_059969.1	198
NC_059970.1	198
NC_059971.1	198
NC_059973.1	198
NC_059974.1	280
NC_059976.1	409
NC_059977.1	284
NC_059978.1	326
NC_027738.1	398
NC_027743.1	770
NC_036691.1	362
NC_036692.1	412
NC_036696.1	400
NC_036697.1	421
NC_036698.1	353
NC_036699.1	402
NC_072303.1	400
NC_051877.1	423
NC_051879.1	368
NC_051890.1	369
NC_070122.1	395
NC_070123.1	395
NC_070125.1	395
NC_070126.1	323
NC_070127.1	395
NC_070128.1	395
NC_070130.1	396
NC_032718.1	393
NC_022451.2	356
NC_022457.1	360
NC_040935.1	356
NC_040937.1	371
NC_041539.1	349
NC_041540.1	369
NC_041544.1	410
NC_045062.1	374
NC_050306.1	420
NC_059980.1	421
NC_059981.1	411
NC_059983.1	349
NC_059984.1	437
NC_059750.1	402
NC_059867.1	402
NC_036700.1	402
NC_036701.1	400
NC_036753.1	388
NC_036754.1	388
NC_036755.1	389
NC_036756.1	388
NC_051895.1	354
NC_051896.1	354
NC_051897.1	354
NC_051909.1	354
NC_051910.1	353
NC_051912.1	353
NC_051914.1	354
NC_051915.1	354
NC_070466.1	351
NC_070467.1	385
NC_070469.1	393
NC_070470.1	390
NC_070472.1	389
NC_070119.1	395
NC_070333.1	399
NC_033503.1	386
NC_022459.1	386
NC_022462.1	383
NC_040944.1	267
NC_041551.1	369
NC_041552.1	369
NC_044411.1	173
NC_045070.1	368
NC_045071.1	395
NC_045077.1	380
NC_045079.1	379
NC_059912.1	366
NC_059884.1	370
NC_059833.1	314
NC_059832.1	314
NC_036757.1	388
NC_036690.1	408
NC_051916.1	354
NC_070346.1	369
NC_070354.1	412
NC_033535.1	315
NC_056110.1	400
NC_040953.1	441
NC_040954.1	359
NC_040958.1	393
NC_040959.1	379
NC_040962.1	379
NC_040963.1	384
NC_041553.1	396
NC_041557.1	397
NC_041559.1	387
NC_045080.1	379
NC_045082.1	379
NC_045083.1	358
NC_045085.1	358
NC_045086.1	358
NC_045088.1	358
NC_059731.1	412
NC_059950.1	385
NC_059975.1	398
NC_059726.1	434
NC_059982.1	399
NC_021646.1	369
NC_021647.1	369
NC_037693.1	357
NC_037705.1	385
NC_037706.1	366
NC_056112.1	374
NC_056113.1	365
NC_056133.1	306
NC_056134.1	360
NC_040964.1	364
NC_040965.1	370
NC_040972.1	173
NC_041560.1	387
NC_041562.1	388
NC_041563.1	387
NC_041564.1	387
NC_041565.1	396
NC_045098.1	366
NC_045099.1	366
NC_045100.1	371
NC_033898.1	388
NC_021648.1	369
NC_021649.1	396
NC_021650.1	369
NC_037711.1	363
NC_037714.1	374
NC_037716.1	383
NC_056137.1	386
NC_056347.1	382
NC_056348.1	382
NC_056352.1	408
NC_040980.1	451
NC_041568.1	350
NC_045105.1	392
NC_045106.1	398
NC_045112.1	364
NC_045113.1	368
NC_050347.1	359
NC_050354.1	386
NC_050357.1	368
NC_050358.1	399
NC_028703.1	372
NC_021645.1	364
NC_039570.1	421
NC_039581.1	351
NC_039602.1	368
NC_039609.1	369
NC_039621.1	361
NC_056353.1	354
NC_056375.1	390
NC_040984.1	374
NC_040992.1	379
NC_041569.1	382
NC_041570.1	396
NC_045114.1	366
NC_045115.1	366
NC_045116.1	364
NC_045118.1	366
NC_045121.1	446
NC_045126.1	411
NC_028719.1	410
NC_028721.1	314
NC_051947.1	386
NC_051949.1	422
NC_031345.1	361
NC_037159.1	404
NC_037184.1	340
NC_022461.1	381
NC_056242.1	347
NC_056096.1	368
NC_056142.1	348
NC_040995.1	387
NC_040996.1	388
NC_040997.1	410
NC_041572.1	387
NC_041574.1	396
NC_044462.1	448
NC_044482.1	332
NC_045064.1	379
NC_045050.1	378
NC_045096.1	400
NC_027728.1	463
NC_060331.1	347
NC_060332.1	380
NC_036704.1	403
NC_036705.1	390
NC_036706.1	406
NC_036708.1	408
NC_036709.1	405
NC_036710.1	417
NC_036711.1	406
NC_018109.1	385
NC_018112.1	387
NC_018113.1	414
NC_052768.1	331
NC_052769.1	326
NC_052770.1	347
NC_030551.1	433
NC_030552.1	434
NC_030553.1	434
NC_030554.1	434
NC_030555.1	432
NC_053640.1	383
NC_053641.1	369
NC_037229.1	377
NC_037231.1	362
NC_037232.1	362
NC_022393.1	362
NC_022394.1	362
NC_022395.1	362
NC_022396.1	362
NC_022401.1	362
NC_022402.1	362
NC_041492.1	366
NC_046599.1	373
NC_046601.1	358
NC_025787.1	347
NC_027744.1	356
NC_060333.1	380
NC_060337.1	374
NC_060339.1	410
NC_060342.1	455
NC_036713.1	401
NC_036714.1	415
NC_036715.1	388
NC_036718.1	449
NC_018117.1	373
NC_030558.1	432
NC_030559.1	434
NC_030560.1	433
NC_030563.1	413
NC_030564.1	432
NC_030565.1	434
NC_030566.1	434
NC_030572.1	434
NC_026570.1	374
NC_053643.1	359
NC_053647.1	403
NC_037240.1	173
NC_037243.1	370
NC_037247.1	365
NC_022403.1	362
NC_022405.1	362
NC_022407.1	352
NC_022410.1	362
NC_022413.1	362
NC_022414.1	362
NC_024157.1	367
NC_025744.1	381
NC_025745.1	388
NC_026876.1	369
NC_026878.1	369
NC_026880.1	369
NC_026881.1	369
NC_026882.1	369
NC_060351.1	410
NC_036723.1	386
NC_052786.1	384
NC_052787.1	384
NC_052788.1	387
NC_052789.1	386
NC_052791.1	382
NC_030573.1	448
NC_030574.1	434
NC_030575.1	449
NC_030576.1	426
NC_030577.1	430
NC_030613.1	314
NC_030625.1	319
NC_037251.1	386
NC_037194.1	371
NC_037171.1	347
NC_022417.1	384
NC_064388.1	357
NC_025772.2	358
NC_050243.1	386
NC_036733.1	369
NC_036742.1	485
NC_036743.1	497
NC_036744.1	483
NC_071357.1	362
NC_071358.1	362
NC_071359.1	362
NC_071360.1	362
NC_030532.1	378
NC_030494.1	401
NC_037223.1	518
NC_037157.1	412
NC_037250.1	395
NC_037169.1	412
NC_050244.1	379
NC_050245.1	392
NC_050247.1	390
NC_050248.1	394
NC_050249.1	297
NC_050250.1	420
NC_036751.1	388
NC_036752.1	389
NC_036759.1	324
NC_018111.1	416
NC_030623.1	402
NC_030500.1	406
NC_037209.1	385
NC_037230.1	362
NC_037213.1	383
NC_037145.1	345
NC_022411.1	362
NC_041507.1	400
NC_041508.1	400
NC_060362.1	629
NC_036761.1	392
NC_036764.1	382
NC_036758.1	389
NC_053687.1	387
NC_053689.1	380
NC_053690.1	413
NC_053691.1	365
NC_022399.1	362
NC_045516.1	363
NC_045518.1	460
NC_045520.1	235
NC_050268.1	383
NC_050269.1	393
NC_050270.1	384
NC_026879.1	369
NC_036707.1	418
NC_036694.1	334
NC_036762.1	385
NC_036660.1	383
NC_036716.1	314
NC_062309.1	351
NC_052830.1	420
NC_053694.1	380
NC_053696.1	291
NC_053699.1	401
NC_053702.1	405
NC_041509.1	374
NC_041510.1	371
NC_041512.1	575
NC_041513.1	599
NC_041514.1	601
NC_041515.1	563
NC_026906.1	369
NC_026909.1	421
NC_060367.1	388
NC_036712.1	413
NC_052848.1	394
NC_071361.1	362
NC_032364.1	369
NC_053704.1	383
NC_053713.1	372
NC_022397.1	362
NC_022382.1	329
NC_041517.1	563
NC_041518.1	563
NC_041519.1	293
NC_041520.1	602
NC_041521.1	563
NC_041526.1	369
NC_041527.1	348
NC_041529.1	379
NC_045043.1	371
NC_045045.1	379
NC_045046.1	367
NC_045047.1	400
NC_060376.1	403
NC_070131.1	395
NC_070133.1	381
NC_070134.1	401
NC_070139.1	379
NC_035067.1	351
NC_035956.1	359
NC_035957.1	302
NC_035895.1	397
NC_035949.1	353
NC_041432.1	361
NC_041433.1	421
NC_041434.1	332
NC_041435.1	359
NC_047347.1	434
NC_047233.1	406
NC_047246.1	363
NC_047281.1	379
NC_026726.1	369
NC_060385.1	347
NC_072506.1	406
NC_072507.1	402
NC_072508.1	403
NC_072509.1	401
NC_072510.1	406
NC_072511.1	390
NC_030492.1	413
NC_070141.1	373
NC_035069.1	348
NC_041437.1	388
NC_041438.1	400
NC_041441.1	409
NC_041442.1	356
NC_047336.1	468
NC_047371.1	378
NC_027147.1	397
NC_027148.1	301
NC_060389.1	413
NC_060390.1	412
NC_060391.1	412
NC_060392.1	412
NC_060393.1	412
NC_060396.1	412
NC_030526.1	400
NC_030548.1	436
NC_030556.1	431
NC_035009.1	314
NC_035024.1	315
NC_035039.1	315
NC_037152.1	387
NC_037158.1	421
NC_037160.1	444
NC_040870.1	467
NC_040852.1	400
NC_041446.1	599
NC_041447.1	610
NC_041449.1	390
NC_047331.1	357
NC_047379.1	379
NC_047388.1	457
NC_047399.1	373
NC_047439.1	669
NC_047454.1	379
NC_027185.1	398
NC_060398.1	412
NC_060399.1	421
NC_060400.1	421
NC_060401.1	400
NC_060402.1	216
NC_030567.1	434
NC_030504.1	359
NC_035043.1	314
NC_035022.1	314
NC_037161.1	412
NC_037162.1	276
NC_037163.1	413
NC_037164.1	398
NC_037165.1	436
NC_037166.1	400
NC_037167.1	410
NC_037168.1	407
NC_035625.1	380
NC_041459.1	358
NC_041463.1	347
NC_041464.1	351
NC_060407.1	402
NC_060410.1	421
NC_060411.1	388
NC_070170.1	410
NC_070172.1	443
NC_070173.1	443
NC_037170.1	399
NC_037176.1	414
NC_037179.1	400
NC_035637.1	388
NC_035639.1	386
NC_035640.1	372
NC_041465.1	578
NC_041467.1	372
NC_041469.1	373
NC_041471.1	372
NC_041472.1	372
NC_041473.1	386
NC_027154.1	213
NC_027184.1	307
NC_060414.1	351
NC_060416.1	351
NC_030450.1	188
NC_035010.1	314
NC_035053.1	368
NC_037190.1	385
NC_035641.1	379
NC_035642.1	386
NC_035643.1	385
NC_035644.1	379
NC_035645.1	385
NC_035646.1	385
NC_035649.1	374
NC_035650.1	372
NC_037768.1	390
NC_041478.1	374
NC_041479.1	412
NC_046572.1	390
NC_046576.1	414
NC_025743.1	432
NC_061369.1	378
NC_061373.1	584
NC_030486.1	412
NC_035030.1	320
NC_035037.1	319
NC_037199.1	173
NC_035653.1	371
NC_035654.1	372
NC_035657.1	359
NC_022379.1	329
NC_022383.1	335
NC_026680.1	393
NC_026681.1	349
NC_026682.1	371
NC_046579.1	393
NC_046582.1	401
NC_046585.1	358
NC_061375.1	386
NC_030488.1	330
NC_035018.1	320
NC_035045.1	320
NC_037212.1	729
NC_037226.1	362
NC_037227.1	362
NC_037228.1	362
NC_035662.1	381
NC_022384.1	329
NC_022386.1	329
NC_022387.1	329
NC_022388.1	329
NC_022390.1	329
NC_022391.1	329
NC_026684.1	406
NC_026678.1	291
NC_041485.1	395
NC_041488.1	372
NC_050406.1	368
NC_050251.1	388
NC_067648.1	350
NC_067649.1	350
NC_067651.1	350
NC_067666.1	350
NC_067667.1	350
NC_067668.1	350
NC_067669.1	350
NC_051532.1	367
NC_035006.1	384
NC_054256.1	423
NC_047482.1	392
NC_047483.1	345
NC_047484.1	347
NC_047485.1	335
NC_036372.1	593
NC_027149.1	297
NC_067672.1	350
NC_067673.1	350
NC_067678.1	350
NC_067679.1	350
NC_067680.1	350
NC_067681.1	350
NC_067682.1	350
NC_067683.1	350
NC_067684.1	356
NC_035011.1	319
NC_035012.1	314
NC_035013.1	314
NC_035014.1	319
NC_035015.1	314
NC_035016.1	314
NC_035017.1	314
NC_046472.1	384
NC_050053.1	354
NC_027150.1	299
NC_027151.1	301
NC_027152.1	294
NC_027153.1	213
NC_027158.1	371
NC_027159.1	391
NC_027161.1	385
NC_061378.1	352
NC_067691.1	350
NC_067692.1	350
NC_067693.1	350
NC_067695.1	350
NC_067696.1	350
NC_067697.1	350
NC_067698.1	350
NC_067699.1	350
NC_067701.1	350
NC_031197.1	359
NC_031385.1	375
NC_031398.1	447
NC_035019.1	314
NC_035020.1	314
NC_035021.1	319
NC_035023.1	314
NC_054280.1	359
NC_046473.1	390
NC_027177.1	369
NC_061388.1	369
NC_067702.1	350
NC_067703.1	350
NC_067704.1	350
NC_067705.1	350
NC_067760.1	763
NC_035025.1	308
NC_035026.1	314
NC_035027.1	315
NC_035028.1	314
NC_035029.1	314
NC_035031.1	319
NC_054287.1	366
NC_054294.1	357
NC_054295.1	386
NC_061394.1	344
NC_061398.1	366
NC_067764.1	386
NC_035032.1	314
NC_035033.1	314
NC_035035.1	314
NC_035036.1	314
NC_054297.1	368
NC_046482.1	412
NC_046483.1	364
NC_046486.1	403
NC_050163.1	392
NC_050165.1	398
NC_050169.1	369
NC_059788.1	440
NC_061403.1	353
NC_061404.1	416
NC_061405.1	413
NC_061409.1	383
NC_061410.1	400
NC_067778.1	350
NC_067779.1	350
NC_067780.1	350
NC_067874.1	375
NC_067875.1	369
NC_033401.1	415
NC_035038.1	313
NC_035040.1	314
NC_035041.1	320
NC_035042.1	313
NC_035044.1	239
NC_035046.1	304
NC_024165.1	402
NC_054308.1	331
NC_045312.1	380
NC_045353.1	379
NC_045406.1	737
NC_045410.1	380
NC_046489.1	314
NC_047245.1	369
NC_047337.1	432
NC_047451.1	380
NC_067882.1	369
NC_035047.1	314
NC_035048.1	314
NC_035049.1	314
NC_035050.1	314
NC_035051.1	313
NC_035941.1	363
NC_035891.1	380
NC_024166.1	408
NC_041413.1	427
NC_045411.1	380
NC_045412.1	380
NC_045413.1	380
NC_045414.1	380
NC_045415.1	380
NC_045417.1	380
NC_045418.1	380
NC_045419.1	380
NC_046507.1	367
NC_047206.1	438
NC_047400.1	392
NC_047317.1	459
NC_059968.1	412
NC_059760.1	378
NC_068067.1	735
NC_068070.1	402
NC_068071.1	402
NC_068074.1	346
NC_002693.2	378
NC_031333.1	403
NC_035054.1	368
NC_035055.1	368
NC_035056.1	368
NC_035947.1	353
NC_035948.1	353
NC_035950.1	440
NC_035896.1	400
NC_054329.1	369
NC_054330.1	376
NC_054333.1	368
NC_054336.1	415
NC_041419.1	110
NC_041424.1	341
NC_045326.1	380
NC_045334.1	381
NC_045350.1	381
NC_046517.1	403
NC_046520.1	359
NC_047332.1	467
NC_047191.1	383
NC_047413.1	569
NC_047353.1	400
NC_068075.1	347
NC_067567.1	379
NC_030547.1	434
NC_030549.1	435
NC_030557.1	492
NC_030568.1	434
NC_030569.1	457
NC_030570.1	434
NC_030571.1	436
NC_030578.1	416
NC_053377.1	345
NC_053378.1	345
NC_053379.1	345
NC_053380.1	345
NC_053381.1	346
NC_053385.1	361
NC_053386.1	402
NC_021762.1	443
NC_067843.1	384
NC_067844.1	383
NC_067845.1	394
NC_054338.1	311
NC_054339.1	360
NC_054340.1	305
NC_054342.1	315
NC_054344.1	303
NC_054345.1	306
NC_054346.1	352
NC_046747.1	419
NC_046771.1	374
NC_046802.1	418
NC_046829.1	382
NC_047402.1	384
NC_047406.1	387
NC_047415.1	390
NC_036371.1	382
NC_018110.1	387
NC_067551.1	375
NC_067694.1	350
NC_067552.1	375
NC_030579.1	414
NC_030580.1	415
NC_030581.1	418
NC_030582.1	425
NC_030583.1	421
NC_053365.1	379
NC_053327.1	362
NC_053336.1	378
NC_067857.1	384
NC_054349.1	379
NC_054350.1	379
NC_054355.1	382
NC_054358.1	346
NC_058199.1	395
NC_047416.1	357
NC_047417.1	359
NC_047418.1	412
NC_048493.1	188
NC_019649.1	394
NC_021121.1	366
NC_067555.1	403
NC_067556.1	379
NC_067558.1	379
NC_067559.1	379
NC_067560.1	379
NC_067562.1	379
NC_067563.1	373
NC_029874.1	371
NC_029891.1	412
NC_029892.1	418
NC_029893.1	417
NC_029894.1	412
NC_030596.1	399
NC_030598.1	372
NC_030599.1	380
NC_034331.1	395
NC_067867.1	349
NC_067869.1	402
NC_067870.1	379
NC_067871.1	379
NC_054360.1	368
NC_054365.1	381
NC_058203.1	438
NC_058204.1	375
NC_058205.1	353
NC_058206.1	427
NC_058208.1	440
NC_058210.1	421
NC_058211.1	440
NC_047428.1	369
NC_047432.1	575
NC_047433.1	554
NC_059819.1	314
NC_024262.1	404
NC_067564.1	379
NC_067565.1	379
NC_067566.1	379
NC_067653.1	350
NC_067654.1	350
NC_067655.1	350
NC_067656.1	349
NC_067657.1	350
NC_067658.1	350
NC_029896.1	412
NC_029881.1	314
NC_030609.1	316
NC_030611.1	314
NC_030612.1	358
NC_034308.1	357
NC_054234.1	407
NC_054200.1	368
NC_054296.1	368
NC_054177.1	413
NC_054337.1	362
NC_058214.1	399
NC_058216.1	410
NC_058217.1	402
NC_058218.1	189
NC_058219.1	174
NC_058220.1	174
NC_047437.1	348
NC_047443.1	379
NC_020431.1	345
NC_067660.1	350
NC_067662.1	350
NC_067811.1	379
NC_067812.1	408
NC_067852.1	330
NC_029882.1	314
NC_029883.1	314
NC_029884.1	314
NC_030614.1	407
NC_030616.1	406
NC_030617.1	410
NC_030618.1	402
NC_030619.1	407
NC_030620.1	314
NC_030621.1	314
NC_038153.1	397
NC_054186.1	369
NC_054343.1	352
NC_054353.1	434
NC_054151.1	375
NC_058226.1	387
NC_058227.1	395
NC_047446.1	469
NC_047450.1	399
NC_047452.1	379
NC_047453.1	379
NC_025306.1	405
NC_029211.1	378
NC_029889.1	328
NC_028148.1	602
NC_030622.1	314
NC_030624.1	409
NC_030630.1	352
NC_030631.1	351
NC_038076.1	649
NC_054165.1	440
NC_058233.1	381
NC_058237.1	397
NC_058238.1	401
NC_058241.1	380
NC_047458.1	389
NC_036373.1	593
NC_050300.1	402
NC_026462.1	446
NC_027146.1	397
NC_027677.1	430
NC_028350.1	457
NC_023533.1	401
NC_058247.1	424
NC_058249.1	390
NC_058254.1	381
NC_047463.1	413
NC_047468.1	376
NC_047469.1	346
NC_047470.1	385
NC_047471.1	506
NC_050348.1	351
NC_050353.1	393
NC_034998.1	315
NC_035000.1	347
NC_058256.1	377
NC_058257.1	382
NC_058258.1	377
NC_058260.1	377
NC_058261.1	378
NC_058262.1	377
NC_058263.1	379
NC_047472.1	389
NC_047473.1	362
NC_047474.1	406
NC_047475.1	365
NC_047476.1	360
NC_047477.1	384
NC_061416.1	351
NC_061417.1	380
NC_071842.1	350
NC_071843.1	403
NC_071844.1	351
NC_071845.1	351
NC_071847.1	355
NC_071848.1	365
NC_071850.1	354
NC_071851.1	345
NC_068113.1	418
NC_067647.1	350
NC_067766.1	477
NC_052853.1	385
NC_052854.1	385
NC_051531.1	395
NC_051533.1	367
NC_037003.1	359
NC_037005.1	359
NC_040864.1	390
NC_058266.1	377
NC_058269.1	359
NC_058270.1	359
NC_058271.1	359
NC_047325.1	475
NC_047326.1	395
NC_047327.1	411
NC_047328.1	438
NC_047329.1	477
NC_047333.1	459
NC_047334.1	383
NC_050064.1	348
NC_071852.1	359
NC_067768.1	364
NC_067769.1	353
NC_067772.1	364
NC_067773.1	360
NC_067774.1	368
NC_067591.1	442
NC_051540.1	381
NC_051541.1	556
NC_051543.1	404
NC_051544.1	338
NC_029214.1	382
NC_053733.1	440
NC_053735.1	399
NC_040867.1	467
NC_040869.1	467
NC_040871.1	448
NC_040872.1	467
NC_040873.1	441
NC_058278.1	447
NC_058279.1	473
NC_047335.1	383
NC_047341.1	378
NC_071867.1	403
NC_071870.1	395
NC_067739.1	345
NC_067753.1	727
NC_052872.1	189
NC_052875.1	385
NC_052878.1	380
NC_051550.1	411
NC_051554.1	343
NC_029221.1	314
NC_027463.1	403
NC_029694.1	353
NC_030489.1	413
NC_037025.1	400
NC_037026.1	400
NC_037027.1	400
NC_037029.1	400
NC_037030.1	400
NC_053737.1	359
NC_053741.1	363
NC_040868.1	467
NC_040874.1	439
NC_058287.1	371
NC_058288.1	380
NC_058289.1	380
NC_058295.1	374
NC_058297.1	381
NC_042705.1	276
NC_044478.1	344
NC_044479.1	342
NC_044477.1	346
NC_047345.1	527
NC_047346.1	384
NC_047349.1	400
NC_047351.1	458
NC_061368.1	378
NC_068120.1	405
NC_052882.1	291
NC_051556.1	357
NC_051559.1	386
NC_027650.1	417
NC_030490.1	385
NC_030491.1	403
NC_030495.1	404
NC_030496.1	407
NC_030497.1	408
NC_030498.1	314
NC_030499.1	408
NC_037031.1	400
NC_037032.1	400
NC_037033.1	400
NC_037034.1	400
NC_053754.1	188
NC_058298.1	381
NC_058299.1	376
NC_058302.1	403
NC_058304.1	401
NC_058307.1	708
NC_042850.1	213
NC_042874.1	388
NC_042916.1	362
NC_047352.1	379
NC_047355.1	447
NC_047356.1	387
NC_047357.1	438
NC_047358.1	437
NC_047359.1	390
NC_053707.1	352
NC_061173.1	352
NC_061174.1	413
NC_061175.1	339
NC_061176.1	399
NC_061178.1	384
NC_071890.1	382
NC_071891.1	382
NC_071892.1	377
NC_067700.1	350
NC_029241.1	384
NC_030501.1	406
NC_030502.1	404
NC_030503.1	135
NC_036940.1	398
NC_036942.1	362
NC_053762.1	380
NC_053764.1	379
NC_058311.1	368
NC_058315.1	369
NC_058316.1	367
NC_058319.1	406
NC_042715.1	349
NC_047363.1	399
NC_047365.1	398
NC_047369.1	379
NC_047370.1	385
NC_026103.1	391
NC_071895.1	356
NC_067521.1	368
NC_067534.1	363
NC_067709.1	350
NC_052909.1	448
NC_052910.1	359
NC_051560.1	397
NC_051521.1	391
NC_051535.1	403
NC_029212.1	399
NC_028069.2	369
NC_030515.1	188
NC_030516.1	188
NC_030517.1	413
NC_036969.1	393
NC_036970.1	385
NC_036971.1	345
NC_036972.1	345
NC_036973.1	404
NC_036974.1	399
NC_036975.1	399
NC_036976.1	363
NC_053766.1	396
NC_053769.1	367
NC_053771.1	346
NC_053773.1	383
NC_058322.1	357
NC_058323.1	357
NC_058324.1	357
NC_058326.1	352
NC_058328.1	349
NC_058329.1	352
NC_058330.1	352
NC_042786.1	347
NC_042766.1	356
NC_047372.1	409
NC_047373.1	375
NC_047375.1	362
NC_047381.1	397
NC_050207.1	369
NC_061194.1	382
NC_071909.1	190
NC_067838.1	382
NC_067984.1	389
NC_068024.1	357
NC_068034.1	359
NC_068045.1	357
NC_052911.1	377
NC_052912.1	385
NC_030527.1	400
NC_030534.1	432
NC_036977.1	373
NC_036978.1	390
NC_036987.1	347
NC_036989.1	364
NC_019601.1	283
NC_019602.1	283
NC_053777.1	420
NC_053779.1	421
NC_053780.1	350
NC_053781.1	350
NC_053782.1	348
NC_053783.1	360
NC_053785.1	372
NC_058331.1	352
NC_058332.1	376
NC_058333.1	353
NC_058334.1	347
NC_058335.1	357
NC_058296.1	370
NC_042784.1	347
NC_042863.1	412
NC_046696.1	442
NC_047382.1	384
NC_047385.1	482
NC_047389.1	259
NC_047390.1	394
NC_048519.1	428
NC_061208.1	370
NC_068168.1	398
NC_067505.1	390
NC_067531.1	397
NC_052923.1	403
NC_052924.1	680
NC_029232.1	402
NC_030540.1	517
NC_030544.1	411
NC_030545.1	432
NC_030546.1	418
NC_037021.1	371
NC_037035.1	400
NC_037036.1	400
NC_037037.1	400
NC_037038.1	384
NC_037039.1	382
NC_037004.1	359
NC_036943.1	362
NC_053792.1	350
NC_058245.1	414
NC_058277.1	444
NC_058215.1	353
NC_058321.1	362
NC_058239.1	384
NC_058209.1	421
NC_058259.1	386
NC_058294.1	371
NC_046834.1	380
NC_046861.1	399
NC_046867.1	404
NC_047392.1	391
NC_047393.1	345
NC_047394.1	447
NC_047395.1	403
NC_047396.1	439
NC_047401.1	365
NC_036367.1	347
NC_036368.1	380
NC_049888.1	372
NC_061285.1	372
NC_061286.1	188
NC_061287.1	188
NC_061288.1	379
NC_061289.1	188
NC_061291.1	377
NC_061292.1	371
NC_027939.1	420
NC_027955.1	367
NC_061955.1	459
NC_061961.1	358
NC_071929.1	351
NC_071930.1	411
NC_067998.1	379
NC_033526.1	298
NC_039161.1	427
NC_039162.1	385
NC_039976.1	376
NC_039932.1	386
NC_039996.1	224
NC_039999.1	386
NC_058268.1	359
NC_058248.1	392
NC_058318.1	382
NC_058325.1	351
NC_058221.1	180
NC_042187.1	417
NC_042188.1	417
NC_042190.1	373
NC_046409.1	351
NC_046413.1	403
NC_046415.1	377
NC_047237.1	386
NC_047247.1	362
NC_047248.1	400
NC_061299.1	421
NC_062049.1	440
NC_061917.1	380
NC_062142.1	393
NC_071937.1	406
NC_068460.1	478
NC_068461.1	476
NC_068462.1	398
NC_068463.1	399
NC_068464.1	492
NC_068465.1	393
NC_068466.1	492
NC_037460.1	367
NC_037428.1	446
NC_058280.1	439
NC_058207.1	405
NC_042194.1	414
NC_042197.1	455
NC_046427.1	390
NC_046428.1	390
NC_046430.1	390
NC_046431.1	390
NC_046432.1	390
NC_047249.1	383
NC_061314.1	219
NC_061316.1	431
NC_028007.1	298
NC_071948.1	379
NC_071949.1	379
NC_068467.1	430
NC_037392.1	410
NC_039178.1	383
NC_058253.1	386
NC_058317.1	399
NC_058336.1	366
NC_042204.1	369
NC_042211.1	478
NC_046433.1	390
NC_046434.1	383
NC_046435.1	390
NC_046436.1	390
NC_061317.1	483
NC_061319.1	370
NC_061321.1	346
NC_062098.1	370
NC_068476.1	403
NC_068478.1	458
NC_068479.1	427
NC_068480.1	501
NC_068481.1	470
NC_068483.1	491
NC_068484.1	483
NC_051493.1	347
NC_051502.1	458
NC_051503.1	380
NC_051504.1	389
NC_036929.1	388
NC_036932.1	373
NC_036934.1	402
NC_036935.1	398
NC_037421.1	462
NC_037440.2	485
NC_058300.1	371
NC_058327.1	367
NC_058212.1	420
NC_058240.1	380
NC_058272.1	359
NC_047280.1	423
NC_061333.1	435
NC_028023.1	383
NC_028026.1	379
NC_068485.1	463
NC_068486.1	454
NC_068487.1	452
NC_068488.1	440
NC_068489.1	467
NC_068491.1	452
NC_068493.1	441
NC_051507.1	379
NC_051508.1	394
NC_051509.1	397
NC_051511.1	437
NC_051512.1	359
NC_037413.1	443
NC_037472.1	386
NC_037429.1	445
NC_042223.1	419
NC_042225.1	375
NC_042227.1	394
NC_042714.1	400
NC_042716.1	349
NC_047284.1	399
NC_047287.1	369
NC_047292.1	346
NC_047293.1	343
NC_061340.1	472
NC_061341.1	472
NC_061344.1	401
NC_061345.1	441
NC_061346.1	405
NC_061348.1	394
NC_061349.1	428
NC_061938.1	246
NC_062128.1	381
NC_071798.1	369
NC_071807.1	390
NC_071839.1	370
NC_068494.1	492
NC_068495.1	473
NC_068499.1	382
NC_068500.1	359
NC_068501.1	359
NC_036960.1	374
NC_036961.1	371
NC_036962.1	381
NC_036963.1	368
NC_036964.1	381
NC_042235.1	382
NC_042236.1	382
NC_042237.1	414
NC_042242.1	369
NC_046448.1	431
NC_046450.1	429
NC_046451.1	382
NC_047294.1	355
NC_047295.1	410
NC_047297.1	369
NC_047298.1	369
NC_047300.1	444
NC_047301.1	407
NC_047302.1	388
NC_050038.1	400
NC_061350.1	254
NC_061356.1	751
NC_061357.1	789
NC_061358.1	402
NC_071750.1	365
NC_071874.1	369
NC_068505.1	354
NC_068507.1	376
NC_036968.1	351
NC_036980.1	347
NC_036981.1	353
NC_036982.1	347
NC_036983.1	347
NC_036990.1	364
NC_042834.1	417
NC_042835.1	404
NC_046454.1	473
NC_046455.1	408
NC_046457.1	470
NC_046458.1	448
NC_046459.1	412
NC_046460.1	479
NC_047314.1	467
NC_060426.1	370
NC_060427.1	370
NC_061364.1	378
NC_061365.1	378
NC_061366.1	378
NC_071771.1	350
NC_071945.1	347
NC_051520.1	391
NC_051523.1	357
NC_051524.1	362
NC_037000.1	359
NC_037002.1	359
NC_020341.1	403
NC_040849.1	189
NC_040851.1	400
NC_040857.1	363
NC_042252.1	369
NC_042253.1	368
NC_042859.1	403
NC_042860.1	412
NC_042861.1	412
NC_042862.1	412
NC_042864.1	412
NC_042865.1	412
NC_046461.1	406
NC_047320.1	447
NC_047321.1	393
NC_047322.1	409
NC_047323.1	421
NC_047324.1	480
NC_060436.1	446
NC_060437.1	380
NC_060438.1	380
NC_061339.1	444
NC_061338.1	485
NC_061322.1	352
NC_068525.1	386
NC_068526.1	386
NC_068527.1	386
NC_068529.1	380
NC_068531.1	380
NC_068532.1	386
NC_068533.1	380
NC_068534.1	380
NC_068535.1	380
NC_051881.1	367
NC_051885.1	389
NC_035492.1	314
NC_024764.1	452
NC_039781.1	351
NC_039782.1	382
NC_041239.1	436
NC_060441.1	380
NC_060443.1	380
NC_060444.1	380
NC_060445.1	380
NC_060446.1	380
NC_060448.1	380
NC_061222.1	414
NC_061179.1	489
NC_068536.1	380
NC_051887.1	367
NC_051888.1	369
NC_051898.1	359
NC_051899.1	361
NC_051900.1	354
NC_051901.1	355
NC_051902.1	360
NC_035500.1	283
NC_039783.1	382
NC_039784.1	382
NC_039785.1	382
NC_039786.1	382
NC_039787.1	382
NC_039788.1	382
NC_039789.1	382
NC_039790.1	382
NC_041245.1	403
NC_041253.1	352
NC_041254.1	352
NC_060450.1	380
NC_060451.1	380
NC_060452.1	380
NC_060453.1	380
NC_060454.1	380
NC_060456.1	380
NC_061269.1	411
NC_061406.1	422
NC_068544.1	426
NC_068530.1	380
NC_068492.1	499
NC_068468.1	393
NC_068469.1	482
NC_051903.1	359
NC_051904.1	355
NC_051905.1	354
NC_051906.1	352
NC_051917.1	359
NC_032351.1	387
NC_039792.1	382
NC_039794.1	382
NC_039796.1	382
NC_039797.1	382
NC_039798.1	382
NC_039799.1	382
NC_039801.1	382
NC_039802.1	382
NC_041261.1	401
NC_044629.1	384
NC_060458.1	380
NC_060459.1	380
NC_060460.1	338
NC_060463.1	174
NC_068470.1	399
NC_068471.1	420
NC_068472.1	399
NC_068473.1	402
NC_068474.1	406
NC_068475.1	490
NC_068542.1	426
NC_068543.1	437
NC_051982.1	393
NC_051986.1	324
NC_033333.1	421
NC_024291.1	248
NC_067502.1	390
NC_067503.1	390
NC_067504.1	390
NC_067506.1	390
NC_039803.1	382
NC_039804.1	382
NC_039805.1	382
NC_039806.1	382
NC_039807.1	383
NC_039808.1	371
NC_039809.1	353
NC_041271.1	374
NC_044668.1	350
NC_060472.1	389
NC_060474.1	413
NC_060475.1	463
NC_060476.1	393
NC_061214.1	345
NC_061249.1	359
NC_061304.1	504
NC_068506.1	381
NC_068458.1	492
NC_068503.1	340
NC_068528.1	380
NC_068524.1	380
NC_068482.1	476
NC_051999.1	399
NC_052000.1	399
NC_052001.1	491
NC_052002.1	400
NC_052003.1	432
NC_035505.1	384
NC_067511.1	371
NC_067512.1	367
NC_067513.1	397
NC_067514.1	356
NC_067515.1	394
NC_067516.1	380
NC_067518.1	391
NC_067519.1	398
NC_039815.1	403
NC_041275.1	370
NC_041276.1	377
NC_041279.1	396
NC_036412.1	379
NC_036413.1	347
NC_036414.1	347
NC_060477.1	372
NC_060479.1	372
NC_060480.1	372
NC_060481.1	372
NC_061342.1	472
NC_061290.1	375
NC_068459.1	416
NC_068477.1	395
NC_068490.1	498
NC_035506.1	384
NC_035511.1	396
NC_035512.1	396
NC_035513.1	179
NC_063302.1	378
NC_063304.1	377
NC_063305.1	447
NC_067520.1	397
NC_067522.1	413
NC_067523.1	377
NC_067525.1	392
NC_067526.1	360
NC_067527.1	395
NC_067528.1	387
NC_039825.1	384
NC_039835.1	388
NC_039836.1	383
NC_041281.1	376
NC_048891.1	418
NC_036416.1	360
NC_060489.1	437
NC_060490.1	380
NC_060493.1	360
NC_061415.1	344
NC_068816.1	402
NC_029332.1	189
NC_029335.1	373
NC_035322.1	658
NC_035332.1	610
NC_035366.1	372
NC_035237.1	367
NC_035515.1	385
NC_035516.1	214
NC_035518.1	382
NC_035520.1	411
NC_035521.1	410
NC_035522.1	406
NC_035523.1	410
NC_035524.1	411
NC_063306.1	452
NC_063308.1	512
NC_063309.1	469
NC_063310.1	470
NC_063311.1	511
NC_063312.1	483
NC_063314.1	480
NC_067529.1	406
NC_067530.1	382
NC_067532.1	360
NC_067533.1	362
NC_067535.1	395
NC_067536.1	380
NC_067537.1	387
NC_039838.1	383
NC_036423.1	291
NC_060495.1	399
NC_060496.1	120
NC_060497.1	413
NC_060498.1	336
NC_060501.1	377
NC_061213.1	369
NC_035363.1	372
NC_035384.1	372
NC_035389.1	379
NC_035371.1	372
NC_035525.1	401
NC_035526.1	427
NC_035527.1	413
NC_035529.1	387
NC_035532.1	409
NC_035533.1	404
NC_063316.1	393
NC_063319.1	188
NC_063323.1	374
NC_063324.1	374
NC_067538.1	386
NC_067539.1	198
NC_067540.1	378
NC_067544.1	394
NC_039850.1	383
NC_039851.1	379
NC_039854.1	383
NC_039856.1	388
NC_041306.1	394
NC_044761.1	382
NC_049155.1	151
NC_072515.1	407
NC_072516.1	407
NC_072517.1	420
NC_072518.1	403
NC_015804.1	377
NC_015821.1	369
NC_020318.1	358
NC_035361.1	378
NC_035362.1	372
NC_035367.1	372
NC_035368.1	372
NC_035369.1	372
NC_063327.1	374
NC_063328.1	347
NC_063329.1	356
NC_063330.1	355
NC_063301.1	379
NC_063307.1	407
NC_063325.1	374
NC_041180.1	609
NC_041133.1	370
NC_041126.1	368
NC_043921.1	380
NC_043922.1	172
NC_043923.1	433
NC_043925.1	349
NC_043926.1	381
NC_060397.1	412
NC_072525.1	314
NC_072527.1	700
NC_072528.1	357
NC_072530.1	348
NC_072531.1	359
NC_072532.1	403
NC_072534.1	403
NC_035370.1	369
NC_035372.1	372
NC_035373.1	372
NC_035374.1	372
NC_035376.1	381
NC_035377.1	372
NC_035378.1	372
NC_035379.1	373
NC_063313.1	511
NC_063326.1	374
NC_063303.1	374
NC_041074.1	393
NC_043931.1	403
NC_043932.1	403
NC_043933.1	403
NC_043934.1	403
NC_043936.1	403
NC_045941.1	402
NC_045942.1	321
NC_045945.1	608
NC_045946.1	400
NC_060447.1	380
NC_060457.1	380
NC_061266.1	413
NC_051557.1	400
NC_053820.1	379
NC_053823.1	362
NC_053824.1	315
NC_035380.1	372
NC_035381.1	372
NC_035383.1	372
NC_035385.1	372
NC_035386.1	372
NC_035387.1	372
NC_035388.1	373
NC_035390.1	372
NC_035391.1	213
NC_024712.1	403
NC_024713.1	403
NC_024714.1	413
NC_024719.1	403
NC_024720.1	403
NC_024721.1	403
NC_024722.1	403
NC_041117.1	398
NC_041119.1	352
NC_041132.1	234
NC_043937.1	403
NC_043938.1	403
NC_043939.1	403
NC_043941.1	403
NC_043942.1	403
NC_043944.1	403
NC_043945.1	403
NC_043946.1	403
NC_043947.1	403
NC_045948.1	188
NC_045863.1	400
NC_045895.1	386
NC_061320.1	398
NC_060614.1	326
NC_060661.1	401
NC_072552.1	374
NC_072553.1	403
NC_053827.1	383
NC_053828.1	347
NC_053829.1	403
NC_053832.1	366
NC_053834.1	367
NC_053835.1	367
NC_053836.1	366
NC_053837.1	367
NC_035392.1	372
NC_035393.1	386
NC_035394.1	379
NC_035396.1	372
NC_035397.1	362
NC_035398.1	372
NC_022133.1	443
NC_024723.1	403
NC_024724.1	403
NC_024725.1	403
NC_024731.1	403
NC_024732.1	367
NC_041150.1	353
NC_043953.1	372
NC_045920.1	363
NC_060662.1	376
NC_061343.1	401
NC_060728.1	401
NC_060753.1	369
NC_072555.1	183
NC_072556.1	379
NC_072558.1	426
NC_072560.1	577
NC_072561.1	356
NC_072562.1	348
NC_072564.1	348
NC_053838.1	367
NC_053845.1	395
NC_041163.1	370
NC_041206.1	216
NC_041207.1	216
NC_027074.1	301
NC_027075.1	301
NC_060785.1	462
NC_060826.1	347
NC_060831.1	370
NC_060841.1	369
NC_060856.1	380
NC_060876.1	394
NC_072565.1	378
NC_072566.1	377
NC_072572.1	350
NC_072573.1	366
NC_072574.1	380
NC_053856.1	411
NC_035413.1	409
NC_035415.1	353
NC_035417.1	376
NC_035418.1	369
NC_024735.1	444
NC_024736.1	384
NC_038170.1	443
NC_041183.1	498
NC_041184.1	486
NC_027090.1	414
NC_060688.1	351
NC_072575.1	351
NC_072576.1	377
NC_072577.1	376
NC_072579.1	343
NC_072580.1	389
NC_072581.1	349
NC_072583.1	346
NC_053861.1	359
NC_053862.1	359
NC_053863.1	359
NC_053864.1	194
NC_024747.1	446
NC_024715.1	403
NC_024716.1	403
NC_024717.1	403
NC_024718.1	403
NC_038181.1	386
NC_041185.1	508
NC_041186.1	497
NC_041213.1	378
NC_041208.1	216
NC_047059.1	395
NC_047061.1	291
NC_060439.1	380
NC_072585.1	356
NC_072586.1	370
NC_072587.1	380
NC_072590.1	367
NC_072591.1	360
NC_072594.1	356
NC_053873.1	417
NC_053879.1	297
NC_024728.1	384
NC_024734.1	443
NC_038200.1	399
NC_041088.1	403
NC_060636.1	408
NC_052847.1	380
NC_053349.1	374
NC_053387.1	298
NC_053329.1	370
NC_034684.1	356
NC_034685.1	369
NC_034688.1	357
NC_034690.1	419
NC_034691.1	347
NC_035971.1	379
NC_035972.1	305
NC_037953.1	379
NC_037955.1	374
NC_039677.1	254
NC_039678.1	347
NC_039680.1	382
NC_039681.1	382
NC_039682.1	382
NC_041108.1	358
NC_041110.1	369
NC_041511.1	585
NC_041561.1	387
NC_041573.1	396
NC_043837.1	445
NC_043838.1	427
NC_043839.1	432
NC_043840.1	430
NC_043841.1	438
NC_045840.1	380
NC_060513.1	303
NC_060515.1	717
NC_060516.1	727
NC_060517.1	687
NC_060518.1	763
NC_060519.1	575
NC_060522.1	401
NC_060334.1	380
NC_028070.2	361
NC_028075.1	402
NC_072608.1	382
NC_030177.1	369
NC_018552.1	298
NC_053337.1	373
NC_030066.1	407
NC_034695.1	357
NC_034696.1	380
NC_034701.1	414
NC_034702.1	357
NC_034703.1	369
NC_034686.1	367
NC_034689.1	369
NC_034697.1	306
NC_039704.1	358
NC_039707.1	392
NC_039708.1	385
NC_041125.1	361
NC_041127.1	370
NC_041128.1	369
NC_041129.1	386
NC_041130.1	376
NC_041131.1	369
NC_041134.1	370
NC_041460.1	358
NC_041542.1	403
NC_041566.1	350
NC_043844.1	398
NC_043848.1	356
NC_043884.1	432
NC_045842.1	460
NC_045845.1	172
NC_045854.1	487
NC_045855.1	376
NC_045856.1	620
NC_060526.1	336
NC_060527.1	354
NC_060528.1	335
NC_060530.1	336
NC_061229.1	345
NC_072621.1	439
NC_072622.1	403
NC_072623.1	403
NC_072624.1	403
NC_072625.1	403
NC_052747.1	345
NC_052790.1	381
NC_052741.1	409
NC_029705.1	669
NC_029712.1	738
NC_029713.1	712
NC_030168.1	369
NC_030178.1	369
NC_053382.1	346
NC_039719.1	346
NC_039720.1	274
NC_056087.1	188
NC_056088.1	188
NC_056089.1	188
NC_056090.1	188
NC_056093.1	265
NC_056094.1	421
NC_041135.1	370
NC_041136.1	373
NC_041137.1	368
NC_041138.1	362
NC_041139.1	373
NC_043856.1	357
NC_043862.1	393
NC_043863.1	397
NC_045859.1	421
NC_045860.1	384
NC_045865.1	371
NC_060536.1	366
NC_061367.1	378
NC_072626.1	403
NC_072627.1	403
NC_072631.1	700
NC_072632.1	690
NC_052724.1	379
NC_029732.1	403
NC_018565.1	373
NC_053262.1	400
NC_036036.1	434
NC_036040.1	450
NC_037991.1	358
NC_039726.1	391
NC_039727.1	297
NC_039728.1	383
NC_039729.1	344
NC_039730.1	377
NC_056104.1	374
NC_043878.1	446
NC_043881.1	412
NC_045871.1	426
NC_045873.1	429
NC_045884.1	351
NC_036394.1	380
NC_036395.1	398
NC_060545.1	388
NC_060548.1	386
NC_060550.1	385
NC_060551.1	390
NC_060552.1	197
NC_061361.1	397
NC_072641.1	371
NC_072642.1	371
NC_072644.1	371
NC_072645.1	371
NC_029746.1	369
NC_029749.1	402
NC_029750.1	383
NC_029764.1	372
NC_030212.1	359
NC_032378.1	404
NC_032379.1	410
NC_032383.1	410
NC_030195.1	421
NC_019616.1	362
NC_035321.1	651
NC_035323.1	669
NC_035324.1	671
NC_037994.1	372
NC_039371.1	296
NC_039374.1	380
NC_039731.1	367
NC_039732.1	376
NC_039734.1	372
NC_039735.1	380
NC_039740.1	328
NC_041167.1	189
NC_041178.1	392
NC_041179.1	605
NC_041181.1	605
NC_043885.1	442
NC_043886.1	423
NC_045890.1	392
NC_045891.1	378
NC_045894.1	386
NC_045896.1	607
NC_060558.1	645
NC_060562.1	401
NC_052700.1	413
NC_035326.1	669
NC_035327.1	600
NC_035329.1	609
NC_035330.1	669
NC_035331.1	663
NC_035333.1	668
NC_035334.1	641
NC_035335.1	681
NC_036052.1	377
NC_039743.1	381
NC_039748.1	371
NC_041182.1	508
NC_041187.1	486
NC_041188.1	508
NC_041189.1	358
NC_041190.1	710
NC_041191.1	394
NC_043892.1	403
NC_043894.1	403
NC_043896.1	454
NC_045898.1	442
NC_048970.1	423
NC_048971.1	443
NC_048994.1	392
NC_048995.1	364
NC_060571.1	550
NC_072661.1	351
NC_072662.1	362
NC_072663.1	420
NC_072665.1	362
NC_069024.1	379
NC_069025.1	234
NC_051498.1	386
NC_019648.1	405
NC_035336.1	662
NC_035338.1	664
NC_035339.1	660
NC_035340.1	679
NC_035341.1	669
NC_035343.1	655
NC_035344.1	664
NC_035988.1	393
NC_035989.1	393
NC_035990.1	388
NC_037954.1	379
NC_037753.1	365
NC_039379.1	380
NC_039760.1	369
NC_056129.1	368
NC_041199.1	393
NC_041203.1	216
NC_043905.1	610
NC_044636.1	384
NC_045907.1	381
NC_045908.1	366
NC_045912.1	173
NC_045913.1	171
NC_048996.1	393
NC_049093.1	345
NC_049153.1	437
NC_049154.1	437
NC_060573.1	712
NC_060574.1	687
NC_060575.1	712
NC_060576.1	552
NC_060577.1	575
NC_060578.1	724
NC_060579.1	601
NC_060580.1	722
NC_072669.1	297
NC_068579.1	421
NC_068580.1	414
NC_068581.1	421
NC_068583.1	441
NC_068585.1	427
NC_016668.1	420
NC_035353.1	372
NC_035354.1	372
NC_035355.1	373
NC_035356.1	372
NC_035358.1	376
NC_035995.1	395
NC_035996.1	381
NC_035998.1	386
NC_036000.1	410
NC_036002.1	341
NC_036071.1	374
NC_036073.1	366
NC_036074.1	372
NC_037759.1	369
NC_037838.1	188
NC_039761.1	347
NC_039763.1	372
NC_056139.1	368
NC_056141.1	341
NC_056145.1	353
NC_041204.1	216
NC_041205.1	216
NC_041209.1	397
NC_041210.1	378
NC_043912.1	380
NC_043913.1	348
NC_043919.1	401
NC_045919.1	418
NC_045925.1	425
NC_045926.1	421
NC_026960.1	402
NC_027474.1	406
NC_027475.1	399
NC_027476.1	432
NC_027477.1	407
NC_027478.1	406
NC_027479.1	405
NC_027480.1	416
NC_027484.1	399
NC_060582.1	594
NC_060583.1	640
NC_060585.1	379
NC_060587.1	383
NC_068586.1	427
NC_020363.1	402
NC_035143.1	338
NC_037840.1	393
NC_039651.1	393
NC_039653.1	386
NC_041567.1	392
NC_041622.1	370
NC_044173.1	198
NC_027485.1	399
NC_027486.1	404
NC_027487.1	198
NC_027490.1	402
NC_068599.1	380
NC_068604.1	387
NC_068605.1	380
NC_052718.1	425
NC_052752.1	386
NC_034379.1	373
NC_020365.1	379
NC_020367.1	422
NC_023092.1	364
NC_037849.1	380
NC_037850.1	380
NC_037852.1	373
NC_039654.1	369
NC_039661.1	171
NC_056798.1	349
NC_056802.1	364
NC_056804.1	419
NC_056805.1	419
NC_044113.1	393
NC_044746.1	398
NC_044747.1	398
NC_060599.1	366
NC_060600.1	380
NC_072702.1	627
NC_072707.1	688
NC_072708.1	403
NC_020372.1	330
NC_039668.1	371
NC_039683.1	382
NC_039684.1	382
NC_043774.1	428
NC_044170.1	198
NC_044172.1	198
NC_060607.1	364
NC_060608.1	364
NC_068627.1	410
NC_037881.1	363
NC_037882.1	388
NC_039691.1	381
NC_039692.1	298
NC_039693.1	298
NC_039695.1	298
NC_056827.1	394
NC_027481.1	411
NC_027483.1	402
NC_060613.1	363
NC_060615.1	349
NC_060617.1	349
NC_060618.1	349
NC_062600.1	447
NC_072724.1	399
NC_072727.1	183
NC_072728.1	183
NC_072729.1	367
NC_020366.1	391
NC_037884.1	366
NC_037885.1	363
NC_039694.1	298
NC_056828.1	388
NC_056830.1	388
NC_056832.1	388
NC_056833.1	394
NC_056834.1	388
NC_041615.1	369
NC_043793.1	382
NC_043794.1	375
NC_043796.1	399
NC_043799.1	362
NC_069627.1	362
NC_069606.1	369
NC_027471.1	276
NC_062607.1	381
NC_072505.1	395
NC_072584.1	352
NC_072589.1	360
NC_068639.1	221
NC_068640.1	213
NC_068641.1	213
NC_068642.1	213
NC_068643.1	213
NC_068644.1	213
NC_068645.1	213
NC_068646.1	213
NC_039587.1	348
NC_041081.1	307
NC_043804.1	387
NC_043805.1	367
NC_043807.1	371
NC_043808.1	366
NC_043809.1	395
NC_043867.1	364
NC_069616.1	282
NC_027482.1	405
NC_027462.1	403
NC_027451.1	371
NC_060629.1	389
NC_062618.1	386
NC_062619.1	400
NC_072529.1	348
NC_072696.1	298
NC_069045.1	367
NC_069046.1	367
NC_032366.1	348
NC_032367.1	348
NC_041091.1	345
NC_041092.1	345
NC_041067.1	348
NC_041522.1	653
NC_043810.1	404
NC_043873.1	338
NC_043874.1	347
NC_043954.1	372
NC_069593.1	362
NC_069582.1	382
NC_069599.1	369
NC_069601.1	369
NC_069619.1	414
NC_069620.1	400
NC_027473.1	407
NC_060645.1	396
NC_072524.1	314
NC_072567.1	393
NC_037948.1	380
NC_037950.1	371
NC_037951.1	374
NC_039611.1	369
NC_041103.1	397
NC_041104.1	389
NC_041468.1	372
NC_043829.1	364
NC_069638.1	367
NC_026957.1	402
NC_026958.1	402
NC_060646.1	349
NC_060649.1	410
NC_060650.1	440
NC_060653.1	421
NC_062640.1	348
NC_062646.1	359
NC_023102.1	351
NC_056149.1	386
NC_056151.1	383
NC_041672.1	386
NC_060656.1	425
NC_060657.1	383
NC_062648.1	359
NC_062649.1	359
NC_062650.1	359
NC_062657.1	411
NC_030755.1	356
NC_030757.1	355
NC_056163.1	387
NC_056885.1	380
NC_044666.1	173
NC_044667.1	375
NC_046498.1	406
NC_060663.1	376
NC_060664.1	376
NC_060668.1	323
NC_060669.1	347
NC_030761.1	346
NC_030767.1	403
NC_069817.1	392
NC_069818.1	362
NC_069820.1	346
NC_031435.1	358
NC_056172.1	265
NC_056173.1	259
NC_056174.1	259
NC_056175.1	259
NC_056177.1	259
NC_056894.1	357
NC_056895.1	357
NC_069821.1	347
NC_069822.1	347
NC_069823.1	348
NC_069824.1	347
NC_069825.1	346
NC_069826.1	340
NC_069829.1	346
NC_023130.1	379
NC_024421.1	376
NC_056179.1	286
NC_056180.1	259
NC_056182.1	259
NC_056188.1	346
NC_056904.1	403
NC_056912.1	440
NC_044691.1	439
NC_044692.1	419
NC_044693.1	419
NC_044694.1	419
NC_036818.1	403
NC_036819.1	403
NC_023132.1	314
NC_056190.1	349
NC_056191.1	433
NC_056913.1	387
NC_056915.1	355
NC_056916.1	349
NC_041516.1	575
NC_049897.1	376
NC_027450.1	369
NC_060698.1	375
NC_060699.1	410
NC_060700.1	356
NC_062690.1	401
NC_028504.1	443
NC_036821.1	403
NC_036822.1	403
NC_036824.1	403
NC_036825.1	403
NC_036826.1	402
NC_036828.1	301
NC_036829.1	399
NC_069830.1	347
NC_069833.1	351
NC_069840.1	370
NC_056925.1	403
NC_056926.1	291
NC_056927.1	412
NC_041470.1	374
NC_041543.1	367
NC_044709.1	173
NC_027460.1	403
NC_027461.1	403
NC_060707.1	359
NC_062699.1	395
NC_062701.1	403
NC_062706.1	425
NC_028631.1	402
NC_028633.1	372
NC_036830.1	386
NC_036835.1	365
NC_036837.1	401
NC_056936.1	349
NC_056937.1	358
NC_056938.1	341
NC_056939.1	349
NC_056940.1	358
NC_056941.1	349
NC_056942.1	370
NC_056944.1	349
NC_056945.1	349
NC_041626.1	369
NC_044718.1	377
NC_026986.1	343
NC_027464.1	400
NC_027465.1	276
NC_027466.1	393
NC_027467.1	407
NC_027468.1	198
NC_027469.1	414
NC_027470.1	361
NC_062713.1	455
NC_062714.1	380
NC_062718.1	369
NC_036823.1	408
NC_069841.1	311
NC_069842.1	372
NC_069843.1	372
NC_069844.1	372
NC_020317.1	359
NC_023115.1	362
NC_023086.1	381
NC_056946.1	349
NC_056947.1	340
NC_056948.1	332
NC_056951.1	362
NC_056952.1	402
NC_041461.1	380
NC_041528.1	379
NC_041571.1	396
NC_041606.1	369
NC_026963.1	402
NC_027078.1	301
NC_027080.1	301
NC_060714.1	370
NC_060715.1	370
NC_062719.1	372
NC_062720.1	372
NC_062722.1	372
NC_072533.1	403
NC_072588.1	370
NC_072628.1	403
NC_069896.1	458
NC_070438.1	380
NC_070192.1	392
NC_028588.1	408
NC_028589.1	400
NC_052014.1	382
NC_031650.1	198
NC_031651.1	362
NC_037080.1	371
NC_034299.1	189
NC_034692.1	362
NC_034705.1	383
NC_034706.1	383
NC_034707.1	383
NC_034708.1	388
NC_037214.1	385
NC_037215.1	385
NC_037216.1	385
NC_037217.1	385
NC_037411.1	439
NC_037412.1	428
NC_037414.1	437
NC_037415.1	434
NC_037416.1	446
NC_037417.1	435
NC_056965.1	349
NC_045125.1	400
NC_046414.1	362
NC_060724.1	359
NC_060725.1	359
NC_060727.1	400
NC_062642.1	359
NC_072514.1	401
NC_072570.1	374
NC_070428.1	339
NC_070491.1	399
NC_070503.1	345
NC_070518.1	381
NC_037001.1	359
NC_036992.1	398
NC_037242.1	399
NC_035228.1	419
NC_037418.1	467
NC_037419.1	435
NC_037420.1	469
NC_037423.1	446
NC_037424.1	446
NC_056967.1	391
NC_056968.1	393
NC_056969.1	373
NC_056970.1	385
NC_056974.1	441
NC_056975.1	386
NC_056976.1	369
NC_046464.1	389
NC_046477.1	367
NC_060731.1	388
NC_060732.1	430
NC_060733.1	413
NC_062708.1	403
NC_062639.1	348
NC_072610.1	173
NC_072643.1	371
NC_051878.1	420
NC_051913.1	358
NC_051908.1	354
NC_052005.1	396
NC_051894.1	380
NC_030166.1	362
NC_030167.1	369
NC_021760.1	443
NC_035229.1	412
NC_035233.1	363
NC_035234.1	397
NC_035235.1	316
NC_037438.1	658
NC_056977.1	369
NC_056978.1	369
NC_056979.1	369
NC_056980.1	369
NC_056981.1	369
NC_026546.1	360
NC_060749.1	369
NC_060750.1	369
NC_062609.1	359
NC_072725.1	399
NC_072629.1	403
NC_072512.1	407
NC_072513.1	408
NC_070468.1	388
NC_070476.1	369
NC_070506.1	374
NC_069889.1	441
NC_069878.1	440
NC_028618.1	369
NC_028591.1	400
NC_051952.1	405
NC_051876.1	368
NC_051964.1	403
NC_030185.1	369
NC_030784.1	371
NC_030786.1	371
NC_030789.1	372
NC_030775.1	188
NC_034358.1	381
NC_034359.1	376
NC_034361.1	377
NC_035238.1	400
NC_035239.1	320
NC_035241.1	392
NC_037442.1	399
NC_037455.1	363
NC_037456.1	362
NC_037457.1	363
NC_037458.1	361
NC_022715.2	393
NC_056989.1	360
NC_056995.1	356
NC_056996.1	388
NC_060751.1	376
NC_060752.1	377
NC_060755.1	377
NC_060756.1	377
NC_060757.1	369
NC_062601.1	424
NC_062645.1	359
NC_069871.1	440
NC_070411.1	377
NC_030194.1	419
NC_030777.1	309
NC_034365.1	373
NC_034366.1	368
NC_034368.1	384
NC_034369.1	382
NC_034370.1	381
NC_034687.1	359
NC_018541.1	420
NC_037461.1	368
NC_037462.1	356
NC_022460.1	383
NC_056999.1	372
NC_057000.1	379
NC_060763.1	400
NC_060764.1	395
NC_060765.1	406
NC_034634.1	388
NC_070320.1	395
NC_070309.1	394
NC_070217.1	418
NC_070081.1	355
NC_069949.1	371
NC_030180.1	371
NC_034357.1	194
NC_034364.1	406
NC_034363.1	388
NC_034367.1	378
NC_034360.1	148
NC_037473.1	224
NC_037475.1	188
NC_056826.1	388
NC_056829.1	388
NC_044148.1	198
NC_044118.1	400
NC_060775.1	370
NC_060776.1	370
NC_060777.1	386
NC_060778.1	386
NC_060779.1	411
NC_060780.1	406
NC_069827.1	346
NC_070394.1	372
NC_034774.1	351
NC_037477.1	380
NC_037492.1	411
NC_037494.1	402
NC_023084.1	386
NC_044165.1	198
NC_044637.1	379
NC_031420.1	346
NC_031444.1	333
NC_070218.1	363
NC_070219.1	369
NC_070220.1	362
NC_070221.1	356
NC_070222.1	365
NC_070223.1	362
NC_070227.1	487
NC_008235.1	444
NC_053891.1	392
NC_053892.1	411
NC_053894.1	393
NC_053895.1	367
NC_053896.1	381
NC_053897.1	369
NC_053899.1	234
NC_038209.1	369
NC_056244.1	372
NC_056245.1	347
NC_056250.1	446
NC_056251.1	446
NC_056252.1	446
NC_041634.1	369
NC_041637.1	366
NC_042275.1	347
NC_042276.1	349
NC_042277.1	339
NC_042278.1	347
NC_042279.1	337
NC_042281.1	340
NC_042282.1	338
NC_044157.1	198
NC_044158.1	198
NC_044159.1	198
NC_044160.1	198
NC_044161.1	198
NC_044163.1	198
NC_044164.1	198
NC_046429.1	390
NC_046392.1	467
NC_028617.1	390
NC_031434.1	344
NC_070228.1	452
NC_070229.1	462
NC_070230.1	491
NC_070233.1	360
NC_070234.1	364
NC_070236.1	368
NC_053907.1	383
NC_053909.1	411
NC_053910.1	401
NC_041648.1	364
NC_042283.1	347
NC_044166.1	198
NC_044167.1	198
NC_044168.1	198
NC_044171.1	198
NC_044174.1	198
NC_044175.1	198
NC_046396.1	385
NC_046452.1	406
NC_046456.1	510
NC_046490.1	406
NC_026959.1	413
NC_026961.1	402
NC_068699.1	387
NC_068700.1	387
NC_068701.1	387
NC_068702.1	387
NC_068703.1	380
NC_068704.1	380
NC_031436.1	358
NC_070237.1	396
NC_070238.1	360
NC_070239.1	360
NC_070243.1	416
NC_070244.1	383
NC_032296.1	374
NC_053911.1	403
NC_053912.1	413
NC_053913.1	421
NC_053914.1	404
NC_053915.1	386
NC_035723.1	403
NC_035724.1	369
NC_035727.1	402
NC_035729.1	351
NC_054305.1	400
NC_054193.1	419
NC_054217.1	381
NC_056267.1	373
NC_056268.1	406
NC_041649.1	377
NC_042239.1	397
NC_042265.1	347
NC_042280.1	347
NC_042238.1	416
NC_042193.1	454
NC_046587.1	403
NC_046602.1	400
NC_026962.1	402
NC_026964.1	402
NC_026965.1	401
NC_026966.1	402
NC_026967.1	418
NC_026969.1	402
NC_026970.1	420
NC_068711.1	362
NC_068712.1	362
NC_070245.1	411
NC_070249.1	393
NC_070252.1	392
NC_036979.1	347
NC_036984.1	347
NC_036985.1	347
NC_036986.1	349
NC_037022.1	380
NC_053928.1	369
NC_037358.1	432
NC_037361.1	667
NC_037362.1	397
NC_035732.1	417
NC_024038.1	362
NC_056280.1	346
NC_042262.1	347
NC_042164.1	364
NC_042228.1	395
NC_042284.1	347
NC_042254.1	362
NC_026565.1	381
NC_026567.1	369
NC_026568.1	462
NC_026971.1	402
NC_068721.1	380
NC_068722.1	386
NC_068724.1	380
NC_031437.1	362
NC_037040.1	382
NC_037024.1	400
NC_036958.1	440
NC_037028.1	400
NC_053932.1	454
NC_053938.1	368
NC_053940.1	331
NC_035743.1	447
NC_035744.1	443
NC_035745.1	667
NC_056286.1	370
NC_056289.1	349
NC_042153.1	369
NC_042189.1	417
NC_042201.1	374
NC_042269.1	347
NC_044185.1	376
NC_026981.1	380
NC_026982.1	387
NC_026991.1	402
NC_069047.1	367
NC_069048.1	367
NC_069049.1	367
NC_053944.1	382
NC_037400.1	371
NC_035750.1	314
NC_035751.1	314
NC_035753.1	314
NC_038229.1	357
NC_056294.1	379
NC_056295.1	366
NC_056300.1	216
NC_042270.1	364
NC_042271.1	347
NC_042272.1	347
NC_042273.1	347
NC_026999.1	367
NC_027077.1	301
NC_068749.1	477
NC_068751.1	350
NC_051907.1	354
NC_070274.1	371
NC_070275.1	371
NC_054167.1	437
NC_054211.1	322
NC_037407.1	351
NC_037407.1	351
NC_035704.1	386
NC_035681.1	384
NC_035693.1	385
NC_063565.1	400
NC_060792.1	209
NC_051954.1	388
NC_036141.1	414
NC_036142.1	398
NC_036010.1	366
NC_036014.1	392
NC_022958.1	406
NC_056315.1	414
NC_056316.1	368
NC_056317.1	400
NC_056320.1	402
NC_056321.1	348
NC_041612.1	369
NC_041614.1	369
NC_044100.1	403
NC_062793.1	380
NC_062794.1	173
NC_062796.1	735
NC_051966.1	352
NC_031371.1	428
NC_031373.1	390
NC_036151.1	383
NC_036154.1	343
NC_036017.1	364
NC_036019.1	406
NC_035960.1	390
NC_056328.1	411
NC_041616.1	369
NC_044105.1	377
NC_044106.1	362
NC_044108.1	435
NC_046397.1	351
NC_046568.1	403
NC_060799.1	397
NC_062799.1	380
NC_062802.1	188
NC_062804.1	234
NC_062805.1	234
NC_051969.1	446
NC_051970.1	317
NC_051972.1	314
NC_031376.1	377
NC_031383.1	382
NC_031386.1	420
NC_036140.1	398
NC_035678.1	371
NC_035975.1	402
NC_035997.1	400
NC_035974.1	402
NC_036009.1	382
NC_056337.1	364
NC_056338.1	353
NC_056339.1	354
NC_056340.1	354
NC_041617.1	369
NC_041618.1	369
NC_041619.1	369
NC_044114.1	386
NC_044115.1	386
NC_044116.1	393
NC_046394.1	471
NC_046506.1	411
NC_046453.1	394
NC_046449.1	430
NC_060800.1	382
NC_060801.1	366
NC_060805.1	411
NC_062810.1	234
NC_062812.1	383
NC_051987.1	258
NC_051988.1	308
NC_051991.1	362
NC_069868.1	443
NC_069869.1	440
NC_069870.1	440
NC_069872.1	440
NC_069874.1	440
NC_069875.1	441
NC_035999.1	376
NC_035969.1	389
NC_056346.1	382
NC_041620.1	369
NC_044123.1	380
NC_060810.1	428
NC_060811.1	404
NC_062825.1	173
NC_028523.1	395
NC_028524.1	725
NC_028525.1	755
NC_051992.1	379
NC_052006.1	388
NC_052007.1	394
NC_031410.1	346
NC_035686.1	387
NC_035687.1	386
NC_035688.1	382
NC_035689.1	385
NC_035690.1	373
NC_056361.1	374
NC_056362.1	380
NC_056363.1	382
NC_041623.1	369
NC_041624.1	369
NC_044126.1	412
NC_028531.1	357
NC_052009.1	361
NC_069885.1	440
NC_035691.1	373
NC_035692.1	385
NC_035694.1	387
NC_035696.1	374
NC_035697.1	372
NC_035698.1	372
NC_035699.1	385
NC_035700.1	381
NC_056372.1	374
NC_041625.1	369
NC_041627.1	369
NC_041628.1	369
NC_045087.1	358
NC_060829.1	402
NC_060830.1	370
NC_060832.1	370
NC_060834.1	375
NC_028549.1	672
NC_028552.2	358
NC_031421.1	354
NC_031423.1	346
NC_031427.1	405
NC_031428.1	319
NC_069894.1	420
NC_069895.1	421
NC_033370.1	372
NC_035701.1	385
NC_035702.1	380
NC_035705.1	385
NC_035706.1	372
NC_035708.2	371
NC_035709.1	372
NC_035711.1	369
NC_035712.1	370
NC_024170.1	383
NC_024171.1	332
NC_024175.1	403
NC_024176.1	338
NC_056381.1	368
NC_056383.1	312
NC_041629.1	369
NC_041630.1	369
NC_045063.1	371
NC_045048.1	383
NC_045061.1	381
NC_045104.1	387
NC_062858.1	398
NC_031433.1	349
NC_031441.1	362
NC_069903.1	440
NC_033516.1	448
NC_056390.1	451
NC_056393.1	342
NC_057584.1	173
NC_057659.1	207
NC_041631.1	369
NC_044147.1	198
NC_062862.1	369
NC_062864.1	369
NC_062868.1	369
NC_062869.1	368
NC_062870.1	369
NC_062871.1	369
NC_030299.1	411
NC_021102.1	371
NC_021440.1	357
NC_034840.1	389
NC_034915.1	375
NC_053703.1	380
NC_054265.1	379
NC_054307.1	357
NC_024067.1	420
NC_056184.1	342
NC_045233.1	447
NC_045234.1	464
NC_045235.1	441
NC_062872.1	372
NC_034639.1	380
NC_034640.1	371
NC_034641.1	365
NC_034644.1	369
NC_034645.1	363
NC_054364.1	381
NC_054233.1	400
NC_053736.1	354
NC_053848.1	346
NC_056313.1	369
NC_040129.1	314
NC_040130.1	320
NC_056935.1	349
NC_056954.1	357
NC_056971.1	377
NC_045241.1	400
NC_045242.1	400
NC_037696.1	430
NC_062889.1	351
NC_071797.1	369
NC_071803.1	369
NC_071957.1	319
NC_068781.1	381
NC_028429.1	385
NC_028430.1	669
NC_034652.1	411
NC_053850.1	371
NC_053872.1	403
NC_056166.1	402
NC_056298.1	370
NC_056178.1	267
NC_056266.1	380
NC_040178.1	363
NC_062892.1	359
NC_062896.1	359
NC_062897.1	359
NC_062898.1	359
NC_062899.1	359
NC_062901.1	359
NC_071815.1	369
NC_071846.1	351
NC_071868.1	362
NC_068788.1	173
NC_068789.1	173
NC_068790.1	173
NC_068791.1	173
NC_028444.1	400
NC_028415.1	386
NC_028415.1	183
NC_030300.1	322
NC_034660.1	346
NC_034913.1	367
NC_053602.1	379
NC_067734.1	385
NC_067735.1	345
NC_067736.1	345
NC_067737.1	345
NC_027954.2	396
NC_062903.1	359
NC_062905.1	359
NC_062906.1	359
NC_062907.1	359
NC_062909.1	359
NC_068793.1	173
NC_068794.1	180
NC_068796.1	173
NC_068800.1	413
NC_034671.1	425
NC_056312.1	351
NC_056318.1	401
NC_056081.1	188
NC_045273.1	369
NC_045275.1	356
NC_045276.1	375
NC_045278.1	440
NC_045279.1	440
NC_062912.1	359
NC_062915.1	359
NC_062917.1	359
NC_068805.1	392
NC_034680.1	412
NC_035777.1	372
NC_035766.1	372
NC_035703.1	372
NC_035707.1	364
NC_056930.1	349
NC_056934.1	349
NC_056983.1	362
NC_045280.1	471
NC_045281.1	382
NC_045284.1	397
NC_045287.1	387
NC_045288.1	387
NC_050035.1	400
NC_050036.1	405
NC_050779.1	402
NC_062924.1	359
NC_030301.1	322
NC_030539.1	369
NC_033341.1	337
NC_034716.1	399
NC_035695.1	374
NC_035710.1	378
NC_067740.1	345
NC_067741.1	345
NC_067742.1	345
NC_067743.1	345
NC_056985.1	436
NC_056986.1	379
NC_057003.1	390
NC_056973.1	429
NC_056931.1	349
NC_045289.1	387
NC_045291.1	387
NC_045292.1	387
NC_046884.1	403
NC_046883.1	402
NC_050037.1	400
NC_050039.1	400
NC_050040.1	400
NC_050935.1	291
NC_050812.1	378
NC_050937.1	371
NC_050753.1	402
NC_050985.1	363
NC_071849.1	362
NC_071837.1	364
NC_068824.1	407
NC_068826.1	173
NC_068827.1	173
NC_068828.1	173
NC_068830.1	173
NC_068831.1	173
NC_021636.1	369
NC_035959.1	399
NC_035965.1	390
NC_035966.1	390
NC_035967.1	390
NC_035968.1	546
NC_035970.1	395
NC_024034.1	429
NC_024035.1	414
NC_056284.1	369
NC_056276.1	365
NC_029469.1	369
NC_056803.1	364
NC_045298.1	438
NC_045299.1	395
NC_045300.1	394
NC_049110.1	234
NC_049112.1	386
NC_049113.1	380
NC_050903.1	345
NC_050751.1	402
NC_050774.1	402
NC_050778.1	402
NC_050832.1	372
NC_050926.1	395
NC_028209.1	764
NC_070276.1	366
NC_070277.1	366
NC_070283.1	395
NC_070284.1	395
NC_029950.1	386
NC_030064.1	458
NC_030171.1	369
NC_069648.1	368
NC_069649.1	367
NC_069650.1	434
NC_034908.1	345
NC_034910.1	386
NC_024543.1	374
NC_067547.1	375
NC_067548.1	386
NC_067549.1	377
NC_067550.1	375
NC_039983.1	398
NC_041593.1	369
NC_042444.1	354
NC_046874.1	414
NC_046875.1	406
NC_046876.1	408
NC_046882.1	403
NC_046885.1	403
NC_060837.1	370
NC_050917.1	362
NC_050920.1	370
NC_050924.1	363
NC_050944.1	363
NC_050952.1	357
NC_050975.1	372
NC_050802.1	367
NC_062950.1	400
NC_062952.1	402
NC_070285.1	395
NC_070286.1	395
NC_070287.1	401
NC_070288.1	401
NC_069583.1	350
NC_034914.1	369
NC_024845.1	339
NC_039984.1	402
NC_039985.1	321
NC_039989.1	410
NC_039992.1	224
NC_046897.1	376
NC_049129.1	404
NC_060840.1	369
NC_050927.1	367
NC_050928.1	454
NC_050929.1	345
NC_050939.1	413
NC_050940.1	614
NC_050941.1	379
NC_050810.1	436
NC_050817.1	379
NC_050877.1	386
NC_062961.1	345
NC_062814.1	383
NC_062865.1	369
NC_069598.1	369
NC_034931.1	388
NC_023463.1	350
NC_067568.1	379
NC_067570.1	342
NC_039993.1	224
NC_039994.1	224
NC_039995.1	224
NC_039997.1	386
NC_039998.1	386
NC_040000.1	387
NC_040001.1	387
NC_057049.1	447
NC_057049.1	398
NC_041538.1	364
NC_041580.1	369
NC_041588.1	369
NC_041596.1	369
NC_042428.1	347
NC_042388.1	348
NC_045219.1	370
NC_049137.1	400
NC_049138.1	400
NC_049139.1	414
NC_049141.1	400
NC_049142.1	400
NC_049144.1	400
NC_050943.1	363
NC_050945.1	354
NC_050946.1	401
NC_050949.1	414
NC_027941.1	362
NC_027739.1	382
NC_070304.1	394
NC_070306.1	394
NC_070307.1	394
NC_070308.1	227
NC_034934.1	381
NC_034935.1	381
NC_034936.1	380
NC_023464.1	370
NC_023465.1	208
NC_024560.1	406
NC_067584.1	429
NC_067588.1	406
NC_040002.1	403
NC_041609.1	369
NC_041558.1	396
NC_042451.1	347
NC_042460.1	347
NC_049145.1	400
NC_049147.1	400
NC_049148.1	400
NC_049149.1	400
NC_026197.1	334
NC_060853.1	380
NC_060854.1	380
NC_060855.1	380
NC_050951.1	390
NC_050953.1	354
NC_050954.1	357
NC_050955.1	357
NC_050957.1	357
NC_050967.1	291
NC_027952.1	398
NC_070310.1	400
NC_070312.1	426
NC_070314.1	406
NC_070315.1	400
NC_070316.1	400
NC_070317.1	397
NC_067589.1	406
NC_057067.1	371
NC_045183.1	369
NC_049157.1	381
NC_049158.1	410
NC_049159.1	441
NC_049160.1	374
NC_060861.1	372
NC_050971.1	385
NC_062874.1	369
NC_062902.1	359
NC_062895.1	359
NC_062948.1	400
NC_062957.1	400
NC_070321.1	400
NC_070322.1	405
NC_026968.1	402
NC_034951.1	369
NC_024541.1	386
NC_024544.1	425
NC_067603.1	263
NC_067604.1	446
NC_067609.1	386
NC_057077.1	399
NC_060863.1	377
NC_060864.1	378
NC_060865.1	377
NC_060866.1	371
NC_050980.1	359
NC_050984.1	364
NC_050986.1	363
NC_070330.1	400
NC_070331.1	394
NC_070332.1	401
NC_070334.1	394
NC_070336.1	172
NC_070337.1	173
NC_070338.1	173
NC_070339.1	391
NC_029951.1	379
NC_067610.1	423
NC_067613.1	386
NC_067614.1	289
NC_067615.1	369
NC_067616.1	570
NC_067617.1	576
NC_057087.1	360
NC_057090.1	393
NC_046936.1	370
NC_046937.1	364
NC_046947.1	374
NC_060875.1	591
NC_060298.1	406
NC_050990.1	714
NC_028185.1	368
NC_030298.1	404
NC_070341.1	367
NC_070342.1	367
NC_070343.1	384
NC_070345.1	369
NC_070347.1	375
NC_070348.1	373
NC_070349.1	402
NC_034909.1	380
NC_057105.1	371
NC_057106.1	371
NC_049037.1	286
NC_049038.1	287
NC_049043.1	374
NC_049665.1	377
NC_049666.1	188
NC_049667.1	372
NC_049668.1	372
NC_049670.1	369
NC_049672.1	377
NC_049673.1	188
NC_049863.1	380
NC_049867.1	379
NC_049869.1	391
NC_060791.1	210
NC_060335.1	380
NC_060395.1	412
NC_062873.1	369
NC_062908.1	359
NC_062911.1	359
NC_030707.1	261
NC_030708.1	487
NC_030710.1	416
NC_030711.1	585
NC_030712.1	593
NC_030713.1	428
NC_033395.1	420
NC_033396.1	421
NC_033397.1	421
NC_033398.1	413
NC_022378.1	329
NC_034287.1	188
NC_034286.1	188
NC_039834.1	383
NC_039837.1	383
NC_039853.1	386
NC_039954.1	184
NC_039955.1	188
NC_039956.1	188
NC_039958.1	188
NC_057129.1	369
NC_057130.1	369
NC_057131.1	369
NC_057132.1	369
NC_057134.1	369
NC_057135.1	369
NC_057136.1	369
NC_057137.1	378
NC_042377.1	347
NC_042399.1	377
NC_042463.1	347
NC_042449.1	347
NC_046816.1	549
NC_046818.1	550
NC_046819.1	494
NC_046820.1	533
NC_046821.1	640
NC_046938.1	364
NC_046941.1	361
NC_049045.1	375
NC_049046.1	373
NC_049047.1	354
NC_049048.1	373
NC_049049.1	375
NC_049051.1	369
NC_049052.1	374
NC_049054.1	369
NC_049674.1	342
NC_049675.1	199
NC_049676.1	183
NC_049677.1	372
NC_049678.1	188
NC_049680.1	188
NC_049682.1	188
NC_049683.1	377
NC_049870.1	391
NC_049872.1	337
NC_060689.1	396
NC_060706.1	366
NC_060716.1	370
NC_060478.1	372
NC_050849.1	351
NC_037077.1	411
NC_037079.1	371
NC_037081.1	372
NC_037083.1	354
NC_033399.1	438
NC_033400.1	423
NC_067938.1	578
NC_067939.1	646
NC_067940.1	636
NC_039959.1	188
NC_039960.1	196
NC_057139.1	369
NC_057140.1	369
NC_057141.1	369
NC_057145.1	361
NC_057148.1	401
NC_042454.1	347
NC_046822.1	359
NC_046853.1	345
NC_046695.1	461
NC_046817.1	506
NC_049055.1	369
NC_049056.1	369
NC_049057.1	369
NC_049058.1	369
NC_049060.1	315
NC_049062.1	366
NC_049684.1	188
NC_049685.1	188
NC_049686.1	372
NC_049687.1	188
NC_049574.1	189
NC_049679.1	178
NC_049636.1	189
NC_049671.1	372
NC_049879.1	243
NC_049884.1	372
NC_049885.1	266
NC_060440.1	380
NC_050853.1	356
NC_050857.1	405
NC_050858.1	455
NC_050859.1	455
NC_050860.1	406
NC_037087.1	321
NC_033411.1	368
NC_033412.1	370
NC_023544.1	440
NC_024061.1	431
NC_024062.1	433
NC_067947.1	355
NC_067948.1	356
NC_067950.1	321
NC_039395.1	356
NC_049601.1	188
NC_049614.1	188
NC_049577.1	154
NC_049654.1	374
NC_049589.1	375
NC_049615.1	188
NC_049669.1	189
NC_049681.1	188
NC_049651.1	188
NC_049886.1	372
NC_049887.1	372
NC_049889.1	372
NC_049891.1	189
NC_060363.1	403
NC_060529.1	235
NC_060616.1	370
NC_050861.1	388
NC_050865.1	645
NC_050866.1	421
NC_050867.1	406
NC_028147.1	758
NC_030709.1	383
NC_029370.1	354
NC_053330.1	380
NC_053356.1	381
NC_053263.1	400
NC_057163.1	374
NC_057164.1	378
NC_057166.1	382
NC_046835.1	353
NC_049080.1	404
NC_049082.1	404
NC_049083.1	404
NC_049576.1	194
NC_049590.1	372
NC_049597.1	372
NC_049630.1	377
NC_049641.1	188
NC_049656.1	377
NC_026773.1	494
NC_060559.1	387
NC_060572.1	729
NC_050868.1	426
NC_050869.1	675
NC_050870.1	440
NC_050873.1	365
NC_028149.1	427
NC_029895.1	412
NC_026787.1	384
NC_067968.1	410
NC_067977.1	396
NC_039414.1	369
NC_039416.1	369
NC_039417.1	369
NC_039418.1	398
NC_046836.1	386
NC_046837.1	331
NC_046838.1	354
NC_046842.1	408
NC_046844.1	414
NC_049084.1	402
NC_049086.1	390
NC_049090.1	347
NC_049620.1	377
NC_050878.1	388
NC_028170.1	188
NC_027073.1	301
NC_067978.1	369
NC_067979.1	418
NC_067982.1	455
NC_067983.1	388
NC_067985.1	458
NC_067986.1	456
NC_067988.1	476
NC_039424.1	377
NC_041587.1	369
NC_041530.1	444
NC_041613.1	369
NC_046845.1	400
NC_046846.1	362
NC_046854.1	356
NC_049099.1	173
NC_049100.1	173
NC_049101.1	174
NC_049102.1	169
NC_028171.1	399
NC_071195.1	370
NC_071196.1	375
NC_033374.1	372
NC_067989.1	388
NC_067990.1	392
NC_067996.1	379
NC_067997.1	379
NC_039433.1	393
NC_041621.1	369
NC_041474.1	349
NC_041475.1	384
NC_042371.1	361
NC_046855.1	403
NC_046857.1	406
NC_046858.1	424
NC_046859.1	394
NC_046860.1	396
NC_046862.1	394
NC_046863.1	407
NC_046864.1	408
NC_049103.1	173
NC_049104.1	173
NC_049105.1	173
NC_049106.1	173
NC_049107.1	369
NC_049108.1	262
NC_060499.1	265
NC_060812.1	400
NC_050895.1	345
NC_050896.1	345
NC_050897.1	362
NC_050899.1	338
NC_050900.1	348
NC_050901.1	347
NC_030703.1	635
NC_071198.1	370
NC_071199.1	370
NC_071202.1	370
NC_071205.1	370
NC_071206.1	370
NC_071208.1	370
NC_033394.1	420
NC_033375.1	372
NC_067999.1	379
NC_068000.1	379
NC_068001.1	379
NC_068002.1	379
NC_068003.1	380
NC_068005.1	356
NC_057208.1	398
NC_041525.1	335
NC_041541.1	379
NC_041592.1	369
NC_042408.1	369
NC_042410.1	351
NC_045193.1	371
NC_046865.1	398
NC_046866.1	402
NC_046868.1	404
NC_046869.1	357
NC_046871.1	400
NC_046872.1	397
NC_046873.1	384
NC_048959.1	359
NC_048960.1	359
NC_048961.1	384
NC_049583.1	371
NC_049584.1	188
NC_049585.1	188
NC_049586.1	189
NC_049587.1	380
NC_049588.1	188
NC_049591.1	178
NC_049592.1	188
NC_049593.1	372
NC_050775.1	402
NC_050777.1	402
NC_050780.1	402
NC_050781.1	402
NC_050782.1	363
NC_050783.1	380
NC_050784.1	370
NC_050785.1	372
NC_068837.1	398
NC_068838.1	265
NC_068839.1	264
NC_068840.1	265
NC_029970.1	421
NC_029972.1	389
NC_029973.1	379
NC_029974.1	379
NC_029966.1	378
NC_029937.1	390
NC_069556.1	369
NC_037519.1	434
NC_022406.1	362
NC_040164.1	379
NC_042398.1	383
NC_042403.1	406
NC_042404.1	198
NC_042405.1	408
NC_046737.1	188
NC_046738.1	379
NC_046739.1	291
NC_046742.1	380
NC_046744.1	414
NC_048981.1	364
NC_049594.1	372
NC_049595.1	188
NC_049596.1	372
NC_049598.1	372
NC_049599.1	372
NC_049600.1	372
NC_049602.1	380
NC_049603.1	377
NC_026775.1	513
NC_026776.1	440
NC_026779.1	440
NC_050786.1	379
NC_050788.1	380
NC_050789.1	374
NC_022926.1	403
NC_022927.1	389
NC_023261.1	359
NC_040170.1	380
NC_042415.1	213
NC_046745.1	414
NC_046746.1	414
NC_046752.1	379
NC_048982.1	388
NC_048983.1	474
NC_049604.1	188
NC_049605.1	381
NC_049606.1	377
NC_049607.1	368
NC_049608.1	188
NC_049609.1	188
NC_049610.1	377
NC_049611.1	188
NC_026785.1	477
NC_026786.1	387
NC_050790.1	394
NC_050791.1	371
NC_050792.1	370
NC_050793.1	385
NC_050794.1	381
NC_068859.1	377
NC_068860.1	377
NC_069581.1	390
NC_023213.1	416
NC_042424.1	347
NC_042425.1	347
NC_042426.1	347
NC_042427.1	347
NC_046755.1	395
NC_046758.1	411
NC_048992.1	359
NC_048993.1	336
NC_048997.1	370
NC_049000.1	356
NC_049612.1	376
NC_049613.1	401
NC_049616.1	392
NC_049617.1	377
NC_049618.1	189
NC_049619.1	183
NC_049621.1	391
NC_049623.1	188
NC_026444.1	381
NC_050798.1	372
NC_050799.1	379
NC_050801.1	392
NC_050804.1	372
NC_050805.1	378
NC_028067.1	401
NC_068871.1	399
NC_071161.1	369
NC_071162.1	355
NC_071164.1	379
NC_069592.1	435
NC_069595.1	369
NC_069596.1	369
NC_069597.1	369
NC_033337.1	374
NC_033343.1	369
NC_033344.1	364
NC_042446.1	348
NC_046770.1	373
NC_046772.1	373
NC_024830.1	437
NC_024832.1	437
NC_049006.1	400
NC_049008.1	371
NC_049624.1	376
NC_049625.1	319
NC_049626.1	372
NC_049627.1	188
NC_049628.1	380
NC_049629.1	188
NC_049631.1	377
NC_049633.1	188
NC_026445.1	366
NC_050806.1	376
NC_050807.1	378
NC_050808.1	381
NC_050811.1	372
NC_050813.1	374
NC_050814.1	378
NC_068877.1	400
NC_071746.1	346
NC_029960.1	379
NC_069600.1	369
NC_069602.1	369
NC_069603.1	369
NC_069604.1	369
NC_069605.1	369
NC_069607.1	369
NC_033345.1	375
NC_033346.1	364
NC_033355.1	359
NC_053552.1	259
NC_053554.1	370
NC_053555.1	376
NC_053565.1	347
NC_040113.1	389
NC_042447.1	347
NC_042448.1	347
NC_042450.1	347
NC_042452.1	347
NC_042453.1	347
NC_042455.1	347
NC_042456.1	347
NC_046777.1	380
NC_046781.1	349
NC_046782.1	374
NC_047178.1	387
NC_023449.1	406
NC_049009.1	369
NC_049014.1	478
NC_049017.1	397
NC_049634.1	376
NC_049635.1	372
NC_049637.1	188
NC_049638.1	372
NC_049639.1	372
NC_049640.1	188
NC_049642.1	188
NC_049643.1	188
NC_050815.1	378
NC_050816.1	249
NC_050818.1	379
NC_050819.1	375
NC_050820.1	391
NC_050821.1	373
NC_050822.1	401
NC_068894.1	364
NC_029971.1	381
NC_069613.1	315
NC_069614.1	412
NC_069615.1	400
NC_069617.1	315
NC_069618.1	416
NC_033364.1	372
NC_033365.1	368
NC_024063.1	434
NC_024064.1	433
NC_024065.1	436
NC_042457.1	347
NC_042458.1	347
NC_042459.1	347
NC_042461.1	348
NC_042462.1	347
NC_042464.1	347
NC_042465.1	347
NC_046783.1	388
NC_046791.1	386
NC_046732.1	401
NC_049018.1	390
NC_049020.1	400
NC_049022.1	451
NC_049023.1	512
NC_049024.1	488
NC_049644.1	184
NC_049645.1	188
NC_049646.1	188
NC_049647.1	188
NC_049648.1	188
NC_049649.1	382
NC_049650.1	368
NC_049652.1	372
NC_026446.1	383
NC_050824.1	370
NC_050825.1	370
NC_050826.1	366
NC_050827.1	370
NC_050828.1	370
NC_050830.1	712
NC_068899.1	395
NC_068900.1	395
NC_071165.1	379
NC_071167.1	379
NC_071168.1	379
NC_071169.1	379
NC_071170.1	379
NC_071171.1	379
NC_071172.1	379
NC_071173.1	379
NC_071174.1	379
NC_069621.1	391
NC_033367.1	372
NC_033368.1	368
NC_033369.1	373
NC_033371.1	372
NC_033372.1	372
NC_033373.1	372
NC_033377.1	372
NC_053618.1	360
NC_053619.1	371
NC_040111.1	320
NC_040121.1	345
NC_040222.1	173
NC_040223.1	382
NC_042466.1	347
NC_042467.1	347
NC_042468.1	347
NC_046796.1	347
NC_046801.1	490
NC_046803.1	445
NC_049025.1	409
NC_049026.1	421
NC_049653.1	382
NC_049655.1	188
NC_049657.1	186
NC_049658.1	178
NC_049659.1	188
NC_049660.1	383
NC_049662.1	364
NC_049663.1	389
NC_050831.1	384
NC_050833.1	265
NC_050757.1	402
NC_068908.1	400
NC_068829.1	173
NC_068748.1	400
NC_068835.1	403
NC_068818.1	383
NC_071772.1	370
NC_071776.1	670
NC_071777.1	665
NC_071778.1	668
NC_071779.1	402
NC_071780.1	402
NC_030702.1	414
NC_030704.1	630
NC_030705.1	487
NC_071176.1	393
NC_071177.1	379
NC_071181.1	395
NC_069634.1	380
NC_053774.1	390
NC_053775.1	420
NC_053776.1	422
NC_024027.1	359
NC_036114.1	407
NC_036119.1	403
NC_036072.1	353
NC_036089.1	373
NC_036078.1	358
NC_063092.1	427
NC_046805.1	528
NC_046806.1	529
NC_046807.1	529
NC_046808.1	564
NC_046810.1	570
NC_046812.1	412
NC_046813.1	413
NC_046891.1	420
NC_046895.1	376
NC_046896.1	376
NC_027076.1	301
NC_027079.1	301
NC_050666.1	356
NC_070326.1	394
NC_070327.1	402
NC_070353.1	260
NC_070355.1	407
NC_070357.1	407
NC_070358.1	408
NC_053922.1	413
NC_035534.1	387
NC_035536.1	385
NC_035538.1	385
NC_035539.1	385
NC_035540.1	385
NC_035541.1	385
NC_035542.1	385
NC_035543.1	385
NC_057220.1	395
NC_046685.1	400
NC_068648.1	213
NC_068651.1	213
NC_068723.1	380
NC_069873.1	440
NC_069968.1	446
NC_070169.1	405
NC_053576.1	374
NC_053626.1	363
NC_035544.1	392
NC_035545.1	385
NC_035548.1	341
NC_035551.1	414
NC_037517.1	385
NC_057226.1	311
NC_057227.1	352
NC_057229.1	371
NC_046030.1	180
NC_046687.1	414
NC_046692.1	370
NC_050684.1	356
NC_050687.1	455
NC_050689.1	359
NC_063083.1	379
NC_063084.1	359
NC_063085.1	359
NC_063087.1	561
NC_068780.1	374
NC_068787.1	173
NC_068801.1	465
NC_068850.1	289
NC_068584.1	429
NC_070335.1	245
NC_069828.1	347
NC_069836.1	379
NC_069921.1	356
NC_037495.1	385
NC_037459.1	363
NC_037422.1	445
NC_037410.1	421
NC_024545.1	359
NC_040112.1	319
NC_057235.1	356
NC_057236.1	412
NC_057237.1	407
NC_057238.1	371
NC_045182.1	369
NC_045184.1	369
NC_046697.1	444
NC_050246.1	400
NC_050645.1	368
NC_063090.1	402
NC_068705.1	380
NC_068758.1	446
NC_068825.1	173
NC_070364.1	369
NC_053706.1	352
NC_053849.1	371
NC_037518.1	416
NC_040116.1	351
NC_040122.1	369
NC_057245.1	369
NC_057254.1	396
NC_046699.1	381
NC_046700.1	289
NC_046702.1	391
NC_050416.1	437
NC_063108.1	392
NC_068647.1	213
NC_068649.1	213
NC_068650.1	213
NC_068652.1	213
NC_068653.1	387
NC_068654.1	383
NC_070100.1	528
NC_053784.1	395
NC_053620.1	357
NC_053830.1	387
NC_053818.1	375
NC_053748.1	402
NC_035566.1	380
NC_035569.1	379
NC_023214.1	411
NC_023215.1	421
NC_023216.1	423
NC_023217.1	385
NC_023218.1	415
NC_040127.1	314
NC_040128.1	314
NC_040131.1	314
NC_057255.1	351
NC_050741.1	374
NC_050744.1	339
NC_050745.1	402
NC_050746.1	402
NC_050747.1	402
NC_063110.1	369
NC_063113.1	379
NC_068656.1	722
NC_068657.1	339
NC_070450.1	392
NC_070453.1	400
NC_070492.1	412
NC_070505.1	363
NC_070515.1	384
NC_070520.1	384
NC_032709.1	415
NC_053866.1	357
NC_053933.1	380
NC_053839.1	408
NC_053893.1	388
NC_053952.1	377
NC_053582.1	386
NC_035570.1	382
NC_035574.1	386
NC_037425.1	446
NC_040141.1	370
NC_057266.1	351
NC_057269.1	365
NC_057271.1	321
NC_057275.1	386
NC_042372.1	347
NC_042373.1	338
NC_042374.1	347
NC_042375.1	347
NC_049569.1	318
NC_059730.1	405
NC_059742.1	412
NC_050748.1	402
NC_050749.1	402
NC_050750.1	402
NC_050752.1	402
NC_050754.1	402
NC_050755.1	402
NC_050756.1	402
NC_050758.1	402
NC_063129.1	446
NC_051893.1	371
NC_029947.1	377
NC_029948.1	381
NC_029949.1	404
NC_029952.1	378
NC_029953.1	379
NC_029954.1	381
NC_029955.1	379
NC_029956.1	377
NC_070132.1	395
NC_069906.1	445
NC_070442.1	351
NC_070129.1	391
NC_070098.1	528
NC_070481.1	369
NC_053590.1	398
NC_053577.1	375
NC_053656.1	400
NC_053708.1	350
NC_035588.1	383
NC_037426.1	436
NC_037427.1	447
NC_037506.1	362
NC_023245.1	404
NC_023247.1	384
NC_040144.1	352
NC_057277.1	226
NC_057278.1	380
NC_057279.1	382
NC_057283.1	346
NC_057284.1	345
NC_057286.1	375
NC_042376.1	347
NC_042385.1	347
NC_042386.1	347
NC_048952.1	368
NC_048953.1	369
NC_048955.1	455
NC_049575.1	188
NC_049578.1	372
NC_049579.1	188
NC_049580.1	188
NC_049581.1	188
NC_049582.1	372
NC_025333.1	471
NC_027099.1	369
NC_059828.1	315
NC_059875.1	368
NC_059918.1	386
NC_059954.1	438
NC_059972.1	198
NC_050759.1	402
NC_050767.1	402
NC_050768.1	402
NC_050769.1	403
NC_050770.1	402
NC_050771.1	402
NC_050772.1	402
NC_050773.1	402
NC_061708.1	372
NC_063131.1	402
NC_063132.1	402
NC_063133.1	402
NC_068715.1	362
NC_068716.1	403
NC_051911.1	348
NC_029957.1	379
NC_029959.1	379
NC_029961.1	379
NC_029963.1	377
NC_029965.1	394
NC_029967.1	371
NC_029968.1	379
NC_029969.1	377
NC_069966.1	440
NC_069967.1	440
NC_069969.1	440
NC_069970.1	440
NC_069971.1	441
NC_069972.1	441
NC_069973.1	440
NC_053924.1	371
NC_021372.1	404
NC_035589.1	393
NC_035590.1	381
NC_037514.1	385
NC_023256.1	365
NC_023259.1	382
NC_024608.1	402
NC_057287.1	366
NC_057288.1	401
NC_057290.1	319
NC_042387.1	347
NC_042390.1	377
NC_042394.1	348
NC_045211.1	294
NC_046729.1	405
NC_046730.1	402
NC_046731.1	403
NC_059737.1	416
NC_060442.1	374
NC_028272.1	189
NC_070418.1	367
NC_029416.1	417
NC_029418.1	417
NC_071209.1	370
NC_071212.1	401
NC_071213.1	400
NC_071214.1	403
NC_031201.1	263
NC_070388.1	321
NC_070389.1	338
NC_070392.1	376
NC_070393.1	402
NC_057298.1	359
NC_057299.1	359
NC_057308.1	366
NC_059837.1	314
NC_060347.1	347
NC_060449.1	380
NC_060702.1	366
NC_050829.1	389
NC_050823.1	405
NC_050803.1	374
NC_050766.1	402
NC_050902.1	359
NC_050776.1	402
NC_070046.1	386
NC_070391.1	408
NC_070171.1	401
NC_069832.1	382
NC_070454.1	382
NC_070395.1	396
NC_070396.1	367
NC_070398.1	369
NC_070399.1	369
NC_070400.1	369
NC_070401.1	369
NC_070402.1	369
NC_030493.1	403
NC_030550.1	437
NC_053344.1	369
NC_057309.1	373
NC_057313.1	351
NC_057314.1	351
NC_057315.1	351
NC_043861.1	367
NC_043798.1	373
NC_043811.1	377
NC_044808.1	382
NC_044824.1	373
NC_046017.1	386
NC_050787.1	379
NC_070344.1	369
NC_069947.1	371
NC_070356.1	412
NC_070525.1	383
NC_029334.1	373
NC_071231.1	395
NC_070403.1	369
NC_070406.1	380
NC_070410.1	378
NC_057088.1	413
NC_057133.1	369
NC_043943.1	403
NC_044082.1	365
NC_044117.1	197
NC_044117.1	383
NC_044119.1	263
NC_044844.1	363
NC_044626.1	536
NC_044628.1	384
NC_044630.1	384
NC_044631.1	384
NC_044632.1	384
NC_046038.1	357
NC_060338.1	380
NC_060394.1	412
NC_050991.1	356
NC_070485.1	278
NC_070511.1	369
NC_069963.1	440
NC_029336.1	373
NC_029337.1	372
NC_029339.1	382
NC_029431.1	371
NC_071248.1	347
NC_071249.1	347
NC_070412.1	367
NC_070413.1	378
NC_070414.1	376
NC_070415.1	367
NC_070416.1	367
NC_070417.1	377
NC_070419.1	367
NC_020019.1	386
NC_057233.1	413
NC_057246.1	347
NC_057270.1	342
NC_057196.1	338
NC_043924.1	433
NC_044633.1	450
NC_044644.1	516
NC_044645.1	394
NC_046054.1	359
NC_060471.1	379
NC_060514.1	717
NC_060547.1	384
NC_070117.1	409
NC_070140.1	379
NC_069819.1	346
NC_029432.1	382
NC_029433.1	370
NC_029434.1	379
NC_029454.1	382
NC_070420.1	377
NC_070421.1	367
NC_070422.1	367
NC_070423.1	377
NC_070424.1	384
NC_023934.1	403
NC_023935.1	403
NC_057128.1	369
NC_057118.1	377
NC_046061.1	394
NC_046062.1	369
NC_046063.1	369
NC_046064.1	361
NC_027415.1	357
NC_060793.1	216
NC_060352.1	380
NC_028328.1	403
NC_070226.1	452
NC_070447.1	385
NC_070471.1	385
NC_070501.1	405
NC_029406.1	400
NC_071201.1	370
NC_071178.1	379
NC_070425.1	377
NC_070426.1	339
NC_070429.1	339
NC_038057.1	434
NC_044798.1	377
NC_044799.1	402
NC_044800.1	402
NC_046065.1	347
NC_046015.1	358
NC_050648.1	494
NC_050650.1	407
NC_027425.1	443
NC_060525.1	336
NC_060549.1	383
NC_069854.1	365
NC_030260.1	382
NC_071166.1	379
NC_071194.1	391
NC_071203.1	369
NC_071163.1	370
NC_071179.1	379
NC_071211.1	404
NC_031186.1	367
NC_070430.1	342
NC_070431.1	339
NC_070432.1	339
NC_070433.1	335
NC_070435.1	367
NC_070439.1	396
NC_070440.1	396
NC_053354.1	400
NC_053370.1	204
NC_053376.1	345
NC_023956.1	380
NC_063266.1	403
NC_063267.1	404
NC_038077.1	673
NC_044801.1	387
NC_044802.1	377
NC_044803.1	377
NC_044852.1	224
NC_046022.1	287
NC_046040.1	349
NC_046059.1	173
NC_024936.1	265
NC_050652.1	439
NC_050656.1	243
NC_070051.1	298
NC_070058.1	396
NC_030282.1	369
NC_071233.1	414
NC_071250.1	347
NC_071180.1	395
NC_071200.1	370
NC_070441.1	380
NC_070443.1	369
NC_070444.1	389
NC_070445.1	391
NC_070446.1	390
NC_070448.1	370
NC_070449.1	385
NC_070451.1	388
NC_021936.1	275
NC_038078.1	667
NC_038079.1	669
NC_056994.1	351
NC_056831.1	419
NC_057144.1	332
NC_057076.1	371
NC_044821.1	373
NC_048889.1	383
NC_027262.1	352
NC_061904.1	383
NC_061905.1	183
NC_063148.1	402
NC_068872.1	430
NC_068873.1	394
NC_068874.1	421
NC_029470.1	369
NC_070452.1	383
NC_070455.1	373
NC_070456.1	363
NC_070457.1	373
NC_070458.1	387
NC_070459.1	369
NC_070460.1	374
NC_070461.1	390
NC_032078.1	398
NC_035760.1	372
NC_035762.1	372
NC_035763.1	372
NC_035764.1	372
NC_067631.1	403
NC_067633.1	403
NC_067634.1	351
NC_067635.1	315
NC_067636.1	315
NC_067637.1	315
NC_067640.1	419
NC_044834.1	378
NC_027282.1	411
NC_061911.1	371
NC_063094.1	378
NC_063135.1	402
NC_068875.1	380
NC_068876.1	410
NC_068706.1	387
NC_068713.1	362
NC_029483.1	604
NC_031163.1	380
NC_070462.1	393
NC_070463.1	387
NC_070464.1	380
NC_070465.1	390
NC_032083.1	462
NC_032038.1	413
NC_026202.1	362
NC_026551.1	369
NC_035765.1	372
NC_035767.1	207
NC_035768.1	372
NC_035769.1	372
NC_035770.1	372
NC_035771.1	172
NC_035772.1	372
NC_067642.1	350
NC_044862.1	373
NC_059569.1	394
NC_068870.1	406
NC_068906.1	216
NC_070323.1	401
NC_070324.1	402
NC_035224.1	314
NC_035303.1	188
NC_035773.1	372
NC_035774.1	372
NC_035775.1	372
NC_035776.1	372
NC_035778.1	372
NC_035761.1	372
NC_038193.1	386
NC_067652.1	350
NC_059695.1	514
NC_059820.1	314
NC_068774.1	351
NC_068785.1	386
NC_050847.1	409
NC_050848.1	381
NC_050872.1	403
NC_050898.1	360
NC_070484.1	347
NC_070486.1	279
NC_070487.1	405
NC_070488.1	392
NC_070489.1	270
NC_070490.1	378
NC_070493.1	405
NC_070494.1	404
NC_035365.1	372
NC_022463.1	386
NC_067663.1	356
NC_067664.1	350
NC_067665.1	350
NC_039924.1	339
NC_057498.1	224
NC_057499.1	358
NC_043902.1	380
NC_043893.1	403
NC_043952.1	372
NC_059904.1	358
NC_059947.1	377
NC_059960.1	403
NC_068637.1	390
NC_068806.1	432
NC_068628.1	351
NC_068629.1	349
NC_050795.1	376
NC_050760.1	402
NC_050761.1	402
NC_050762.1	402
NC_050763.1	402
NC_050764.1	402
NC_050765.1	402
NC_029390.1	402
NC_031193.1	354
NC_031194.1	354
NC_031195.1	264
NC_070495.1	403
NC_070496.1	373
NC_070497.1	387
NC_070498.1	390
NC_070499.1	381
NC_070500.1	373
NC_070502.1	369
NC_070504.1	387
NC_035328.1	669
NC_036136.1	404
NC_067674.1	350
NC_067676.1	356
NC_067677.1	350
NC_039933.1	370
NC_039934.1	386
NC_039935.1	390
NC_039936.1	386
NC_039937.1	386
NC_039938.1	386
NC_043891.1	403
NC_043876.1	389
NC_043940.1	403
NC_043935.1	403
NC_044895.1	485
NC_025955.1	451
NC_059979.1	399
NC_024814.1	451
NC_024815.1	437
NC_071933.1	374
NC_071775.1	679
NC_068635.1	351
NC_068636.1	392
NC_068638.1	213
NC_050931.1	291
NC_050934.1	398
NC_029484.1	453
NC_029417.1	418
NC_029456.1	661
NC_031196.1	263
NC_031200.1	354
NC_031202.1	359
NC_031203.1	360
NC_031204.1	268
NC_031205.1	263
NC_070507.1	374
NC_070508.1	377
NC_070509.1	380
NC_070510.1	378
NC_070512.1	369
NC_070513.1	396
NC_070514.1	407
NC_070516.1	408
NC_028590.1	400
NC_035342.1	670
NC_067685.1	350
NC_067686.1	350
NC_067687.1	350
NC_067688.1	356
NC_067689.1	350
NC_067690.1	350
NC_039941.1	359
NC_043806.1	377
NC_044900.1	427
NC_061928.1	388
NC_061929.1	381
NC_061930.1	386
NC_068733.1	224
NC_068737.1	433
NC_050936.1	426
NC_050958.1	357
NC_050959.1	380
NC_029391.1	369
NC_070517.1	344
NC_070519.1	380
NC_070521.1	374
NC_070522.1	394
NC_070523.1	388
NC_070524.1	382
NC_070526.1	395
NC_070527.1	388
NC_022810.1	372
NC_022811.1	372
NC_022812.1	372
NC_036101.1	355
NC_067754.1	724
NC_067755.1	395
NC_067756.1	379
NC_067758.1	644
NC_039953.1	188
NC_039961.1	188
NC_068759.1	446
NC_050966.1	291
NC_050981.1	173
NC_050999.1	395
NC_051000.1	399
NC_029364.1	476
NC_029365.1	503
NC_029378.1	188
NC_029379.1	188
NC_031187.1	367
NC_031199.1	359
NC_070528.1	353
NC_070340.1	353
NC_070224.1	362
NC_070235.1	364
NC_070124.1	409
NC_069839.1	368
NC_023235.1	359
NC_029897.1	400
NC_029964.1	377
NC_022813.1	372
NC_067707.1	350
NC_067708.1	350
NC_067711.1	709
NC_067715.1	353
NC_039973.1	367
NC_036221.1	367
NC_036222.1	367
NC_036501.1	363
NC_036503.1	363
NC_036505.1	357
NC_036506.1	357
NC_036509.1	382
NC_059843.1	314
NC_070473.1	395
NC_070474.1	395
NC_029363.1	470
NC_035154.1	669
NC_036076.1	375
NC_036077.1	240
NC_036079.1	368
NC_036080.1	360
NC_036082.1	375
NC_036083.1	195
NC_036085.1	357
NC_036086.1	365
NC_057228.1	368
NC_057060.1	397
NC_057098.1	483
NC_057098.1	390
NC_057138.1	369
NC_056770.1	359
NC_044767.1	377
NC_044774.1	398
NC_044775.1	400
NC_036223.1	367
NC_026302.1	358
NC_061933.1	380
NC_061934.1	380
NC_070475.1	369
NC_070477.1	395
NC_070478.1	369
NC_070479.1	380
NC_070480.1	391
NC_070482.1	402
NC_069876.1	440
NC_029374.1	348
NC_035325.1	670
NC_035416.1	386
NC_036087.1	373
NC_036088.1	373
NC_036090.1	373
NC_036092.1	373
NC_036093.1	373
NC_036095.1	372
NC_036096.1	362
NC_036097.1	351
NC_036098.1	372
NC_056905.1	481
NC_056992.1	243
NC_041258.1	373
NC_041249.1	387
NC_041309.1	440
NC_044779.1	380
NC_044780.1	383
NC_049019.1	386
NC_059953.1	341
NC_061935.1	380
NC_061936.1	379
NC_061939.1	436
NC_061941.1	461
NC_061943.1	480
NC_061944.1	461
NC_069877.1	420
NC_069879.1	440
NC_069880.1	440
NC_069881.1	440
NC_069882.1	440
NC_069883.1	440
NC_069884.1	440
NC_029392.1	369
NC_029393.1	369
NC_029394.1	369
NC_029401.1	417
NC_029770.1	406
NC_007500.1	375
NC_035375.1	386
NC_036100.1	347
NC_036102.1	368
NC_036105.1	382
NC_036109.1	380
NC_057188.1	379
NC_057311.1	392
NC_027259.1	360
NC_061945.1	460
NC_061946.1	466
NC_061948.1	354
NC_069886.1	420
NC_069887.1	458
NC_069888.1	440
NC_069890.1	421
NC_069891.1	440
NC_069892.1	441
NC_069893.1	420
NC_029411.1	406
NC_029412.1	405
NC_029711.1	717
NC_036110.1	369
NC_036111.1	369
NC_036112.1	400
NC_036113.1	414
NC_036115.1	410
NC_036117.1	397
NC_057289.1	446
NC_056984.1	367
NC_044806.1	385
NC_044807.1	381
NC_044809.1	380
NC_044810.1	382
NC_044811.1	376
NC_044812.1	382
NC_044813.1	305
NC_044814.1	305
NC_045850.1	408
NC_061956.1	502
NC_061957.1	460
NC_061958.1	396
NC_061959.1	393
NC_061960.1	358
NC_061962.1	366
NC_069897.1	440
NC_069898.1	420
NC_069899.1	440
NC_069900.1	440
NC_069901.1	440
NC_069902.1	440
NC_069904.1	440
NC_029413.1	405
NC_029414.1	420
NC_029415.1	417
NC_029420.1	396
NC_053260.1	400
NC_053261.1	400
NC_036118.1	314
NC_036120.1	410
NC_036121.1	403
NC_036122.1	404
NC_036123.1	403
NC_036124.1	400
NC_036125.1	408
NC_036126.1	404
NC_039752.1	366
NC_039762.1	347
NC_039855.1	383
NC_039672.1	404
NC_057086.1	386
NC_057149.1	401
NC_057465.1	403
NC_057466.1	415
NC_044815.1	305
NC_044816.1	305
NC_044817.1	382
NC_044818.1	373
NC_044819.1	373
NC_044820.1	373
NC_044822.1	373
NC_044825.1	376
NC_045851.1	657
NC_045861.1	384
NC_045862.1	599
NC_027276.1	386
NC_027824.1	415
NC_069905.1	440
NC_069907.1	455
NC_069908.1	440
NC_069909.1	441
NC_069910.1	427
NC_069911.1	427
NC_029427.1	363
NC_029429.1	365
NC_053264.1	256
NC_053265.1	400
NC_053266.1	407
NC_053267.1	400
NC_053268.1	714
NC_036128.1	415
NC_036130.1	402
NC_036133.1	387
NC_036134.1	399
NC_036135.1	400
NC_039673.1	404
NC_039674.1	383
NC_039800.1	382
NC_039679.1	353
NC_057253.1	403
NC_057310.1	356
NC_056943.1	349
NC_057533.1	374
NC_057644.1	381
NC_057647.1	417
NC_044828.1	379
NC_044829.1	380
NC_044830.1	377
NC_044831.1	377
NC_044832.1	375
NC_044833.1	381
NC_045915.1	351
NC_027266.1	633
NC_061976.1	367
NC_061977.1	455
NC_061982.1	412
NC_061983.1	411
NC_029734.1	371
NC_053276.1	403
NC_053277.1	403
NC_053278.1	404
NC_032053.1	368
NC_032054.1	365
NC_035357.1	372
NC_035382.1	372
NC_035395.1	372
NC_036127.1	410
NC_036129.1	406
NC_036075.1	373
NC_036091.1	373
NC_036116.1	407
NC_039793.1	382
NC_057050.1	449
NC_057051.1	450
NC_057058.1	401
NC_057059.1	416
NC_057062.1	357
NC_057063.1	397
NC_057663.1	343
NC_058525.1	511
NC_058527.1	379
NC_058528.1	379
NC_058529.1	379
NC_058530.1	422
NC_058532.1	353
NC_058533.1	357
NC_058534.1	403
NC_044838.1	377
NC_044839.1	378
NC_044841.1	381
NC_044842.1	380
NC_044843.1	387
NC_044845.1	363
NC_024469.1	189
NC_061984.1	411
NC_061986.1	411
NC_061987.1	411
NC_032060.1	431
NC_035337.1	671
NC_036084.1	386
NC_036094.1	373
NC_039776.1	396
NC_039791.1	382
NC_039795.1	382
NC_057065.1	383
NC_057066.1	383
NC_057262.1	508
NC_057264.1	413
NC_057265.1	351
NC_057291.1	319
NC_041255.1	388
NC_057677.1	382
NC_057678.1	348
NC_057679.1	350
NC_057680.1	351
NC_057657.1	213
NC_058536.1	368
NC_058537.1	377
NC_058538.1	377
NC_044846.1	369
NC_044847.1	401
NC_044805.1	379
NC_044835.1	382
NC_044836.1	382
NC_044823.1	373
NC_044797.1	377
NC_008407.1	346
NC_015623.1	347
NC_015983.1	418
NC_015996.1	380
NC_015990.1	403
NC_008325.1	369
NC_017835.1	403
NC_016068.1	369
NC_016069.1	348
NC_015604.1	347
NC_015605.1	388
NC_015608.1	347
NC_014057.1	296
NC_013088.1	402
NC_015139.1	189
NC_021456.1	348
NC_025229.1	411
NC_008155.1	403
NC_016430.1	372
NC_025230.1	400
NC_025238.1	407
NC_015892.1	352
NC_015894.1	447
NC_015899.1	420
NC_025231.1	409
NC_025232.1	400
NC_025234.1	396
NC_010433.1	380
NC_011032.1	405
NC_007942.1	374
NC_008457.1	363
NC_009265.1	379
NC_009268.1	188
NC_010776.1	385
NC_008796.1	363
NC_011930.1	191
NC_009270.1	373
NC_011828.1	404
NC_003119.8	213
NC_009808.1	216
NC_010093.1	389
NC_010109.1	416
NC_002762.1	451
NC_009269.1	377
NC_009273.1	393
NC_009275.1	377
NC_009266.1	380
NC_009271.1	376
NC_009272.1	188
NC_009274.1	179
NC_017894.1	420
NC_010358.2	378
NC_015817.1	403
NC_015820.1	403
NC_015826.1	403
NC_015831.1	408
NC_015206.1	283
NC_002694.1	430
NC_016734.1	189
NC_016736.1	390
NC_008336.1	362
NC_009962.1	402
NC_016677.1	404
NC_016718.1	402
NC_014575.1	356
NC_016753.1	404
NC_014063.1	306
NC_010361.1	378
NC_013707.2	347
NC_012927.1	403
NC_025228.1	407
NC_016670.1	422
NC_025235.1	278
NC_016699.1	403
NC_016711.1	423
NC_016712.1	424
NC_016708.2	379
NC_016690.1	422
NC_016692.1	424
NC_015803.1	403
NC_007944.1	416
NC_008456.1	363
NC_014056.1	600
NC_014062.1	410
NC_014570.1	362
NC_007407.1	389
NC_009143.1	444
NC_015830.1	402
NC_008602.1	314
NC_015401.1	347
NC_010362.1	399
NC_009601.1	385
NC_008641.1	421
NC_014676.2	400
NC_014697.1	380
NC_016927.1	403
NC_020098.1	350
NC_012224.1	430
NC_004993.1	190
NC_007943.1	369
NC_005973.1	403
NC_008359.1	413
NC_008115.1	362
NC_007144.1	439
NC_007957.1	382
NC_015113.1	369
NC_015308.1	391
NC_016433.2	357
NC_012615.1	373
NC_016921.1	380
NC_009267.1	371
NC_028594.1	348
NC_001631.1	357
NC_004677.2	357
NC_024106.1	405
NC_006084.1	314
NC_015204.1	424
NC_025339.1	389
NC_011163.1	416
NC_010442.1	359
NC_016468.1	350
NC_016471.1	385
NC_025233.1	413
NC_013273.1	314
NC_010360.2	378
NC_000932.1	379
NC_008334.1	419
NC_008326.1	358
NC_017602.1	386
NC_008591.1	280
NC_008590.1	436
NC_024929.1	419
NC_015891.1	420
NC_014807.1	410
NC_017609.1	572
NC_031159.1	216
NC_024816.1	437
NC_009598.1	367
NC_009600.1	369
NC_009599.1	370
NC_008335.1	382
NC_005878.2	314
NC_006290.1	372
NC_001879.2	375
NC_007499.1	585
NC_001666.2	322
NC_007602.1	369
NC_004561.1	369
NC_010323.1	380
NC_045320.1	380
NC_024261.1	369
NC_007898.3	369
NC_022868.1	374
NC_023367.1	188
NC_023798.1	380
NC_024258.1	283
NC_025288.1	360
NC_026447.1	372
NC_026562.1	271
NC_026722.1	445
NC_026685.1	486
NC_026703.1	216
NC_026892.1	351
NC_026980.1	380
NC_027110.1	409
NC_027456.1	372
NC_027834.1	364
NC_028704.1	372
NC_029243.1	398
NC_029850.1	369
NC_030207.1	369
NC_030543.1	298
NC_030787.1	372
NC_031422.1	346
NC_032368.1	450
NC_033975.1	380
NC_034347.1	282
NC_034290.1	419
NC_034742.1	397
NC_034694.1	348
NC_035034.1	319
NC_035501.1	283
NC_035624.1	373
NC_035742.1	369
NC_035952.1	369
NC_035973.1	399
NC_035961.1	283
NC_037151.1	387
NC_038088.1	369
NC_039452.1	366
NC_039426.1	400
NC_039608.1	369
NC_039645.1	386
NC_039606.1	369
NC_040125.1	380
NC_040866.1	445
NC_041171.1	369
NC_041087.1	371
NC_041605.1	369
NC_042192.1	380
NC_042821.1	398
NC_042718.1	430
NC_043901.1	380
NC_044094.1	411
NC_044419.1	445
NC_044701.1	380
NC_045111.1	361
NC_045390.1	380
NC_045389.1	380
NC_045331.1	379
NC_045336.1	380
NC_046879.1	372
NC_047282.1	379
NC_047442.1	380
NC_047343.1	362
NC_048474.1	283
NC_050296.1	370
NC_050292.1	369
NC_051880.1	368
NC_053549.1	442
NC_056253.1	446
NC_057509.1	356
NC_058807.1	283
NC_058806.1	283
NC_062414.1	370
NC_073004.1	406
NC_069316.1	391
NC_072912.1	395
NC_072918.1	380
NC_072920.1	393
NC_072922.1	380
NC_073016.1	372
NC_069214.1	400
NC_069195.1	435
NC_069225.1	372
NC_072913.1	382
NC_072921.1	387
NC_072915.1	382
NC_072959.1	339
NC_072972.1	356
NC_072960.1	334
NC_072945.1	380
NC_069295.1	369
NC_072914.1	382
NC_072917.1	382
NC_069300.1	474
NC_072938.1	483
NC_072939.1	486
NC_073005.1	361
NC_069292.1	224
NC_069224.1	359
NC_072968.1	389
NC_072910.1	413
NC_072971.1	568
NC_072941.1	352
NC_069360.1	372
NC_069349.1	366
NC_072911.1	384
NC_069358.1	371
NC_073006.1	402
NC_069196.1	381
NC_073007.1	399
NC_069299.1	411
NC_069359.1	372
NC_069216.1	403
NC_069217.1	403
NC_069357.1	372
NC_069350.1	372
NC_072931.1	391
NC_069227.1	386
NC_069345.1	372
NC_069341.1	372
NC_069340.1	372
NC_069352.1	372
NC_072979.1	383
NC_072916.1	382
NC_072937.1	483
NC_073014.1	367
NC_073015.1	540
NC_069183.1	498
NC_069200.1	347
NC_069339.1	366
NC_069353.1	372
NC_069343.1	372
NC_069184.1	487
NC_072949.1	380
NC_072946.1	380
NC_072947.1	380
NC_072948.1	380
NC_072950.1	380
NC_069215.1	334
NC_073010.1	413
NC_072919.1	380
NC_069344.1	372
NC_069348.1	363
NC_069354.1	372
NC_069355.1	372
NC_069356.1	372
NC_072967.1	407
NC_069218.1	403
NC_069182.1	481
NC_069181.1	451
NC_069342.1	371
NC_069346.1	372
NC_069338.1	373
NC_069351.1	372
NC_069347.1	304
NC_072908.1	383
NC_069309.1	381
NC_069310.1	381
NC_072976.1	369
NC_069197.1	436
NC_069220.1	403
NC_069219.1	403
NC_072944.1	407
NC_072935.1	401
NC_073114.1	351
NC_073120.1	400
NC_073099.1	356
NC_073110.1	399
NC_073119.1	400
NC_073098.1	372
NC_073097.1	393
NC_073154.1	392
NC_073113.1	359
NC_073118.1	400
NC_073149.1	188
NC_073117.1	396
NC_073100.1	391
NC_073121.1	400
NC_073102.1	381
NC_073112.1	373
NC_073103.1	398
NC_073106.1	380
NC_073108.1	314
NC_073104.1	398
NC_073122.1	400
NC_073123.1	400
NC_062933.1	359
NC_062930.1	359
NC_064346.1	377
NC_064334.1	385
NC_065200.1	398
NC_061549.1	380
NC_062299.1	380
NC_066011.1	132
NC_063560.1	383
NC_066435.1	360
NC_063831.1	383
NC_065131.1	363
NC_021425.1	304
NC_067048.1	413
NC_067047.1	436
NC_067044.1	405
NC_066083.1	420
NC_063739.1	363
NC_066018.1	391
NC_066966.1	367
NC_067046.1	276
NC_062958.1	400
NC_066650.1	377
NC_063623.1	395
NC_063474.1	390
NC_066035.1	341
NC_065359.1	387
NC_062594.1	275
NC_065148.1	357
NC_062595.1	255
NC_062346.1	380
NC_062432.1	380
NC_062344.1	380
NC_062332.1	380
NC_066446.1	358
NC_065199.1	397
NC_063672.1	419
NC_066150.1	478
NC_066037.1	351
NC_066033.1	346
NC_065728.1	390
NC_063134.1	402
NC_066799.1	395
NC_066005.1	372
NC_066019.1	350
NC_066013.1	394
NC_062424.1	369
NC_065141.1	362
NC_067040.1	402
NC_063480.1	397
NC_065023.1	294
NC_065773.1	369
NC_062936.1	359
NC_065186.1	446
NC_065190.1	446
NC_061748.1	369
NC_066960.1	415
NC_065191.1	446
NC_065181.1	446
NC_065168.1	431
NC_066034.1	360
NC_065833.1	367
NC_066405.1	440
NC_066010.1	373
NC_065400.1	369
NC_062926.1	359
NC_062691.1	393
NC_065057.1	371
NC_066021.1	331
NC_065240.1	413
NC_062416.1	151
NC_063553.1	382
NC_067022.1	308
NC_067017.1	324
NC_067018.1	329
NC_067006.1	323
NC_067019.1	328
NC_066699.1	369
NC_063957.1	386
NC_062884.1	380
NC_065754.1	425
NC_062593.1	283
NC_062585.1	468
NC_066229.1	360
NC_065064.1	400
NC_062417.1	362
NC_063910.1	455
NC_062358.1	389
NC_065458.1	353
NC_062717.1	369
NC_065381.1	369
NC_064016.1	387
NC_062635.1	362
NC_065867.1	410
NC_063713.1	383
NC_064123.1	172
NC_066815.1	463
NC_065396.1	432
NC_063578.1	413
NC_067020.1	308
NC_067023.1	308
NC_067021.1	334
NC_067001.1	314
NC_064116.1	479
NC_064360.1	369
NC_067026.1	329
NC_067004.1	337
NC_061554.1	397
NC_064147.1	371
NC_062580.1	386
NC_062378.1	400
NC_061620.1	394
NC_066053.1	360
NC_065726.1	397
NC_062900.1	359
NC_062922.1	359
NC_062891.1	359
NC_062932.1	359
NC_062931.1	359
NC_062921.1	359
NC_062655.1	359
NC_062647.1	359
NC_062893.1	359
NC_062937.1	359
NC_062894.1	359
NC_062935.1	359
NC_062928.1	359
NC_062927.1	359
NC_062913.1	359
NC_062920.1	359
NC_062925.1	359
NC_062916.1	359
NC_062914.1	359
NC_062652.1	359
NC_062644.1	359
NC_062643.1	359
NC_062653.1	359
NC_062654.1	359
NC_062942.1	359
NC_062929.1	359
NC_062940.1	359
NC_061550.1	388
NC_063488.1	407
NC_063489.1	403
NC_066652.1	350
NC_063743.1	369
NC_066418.1	380
NC_065353.1	387
NC_065354.1	387
NC_066477.1	367
NC_065056.1	198
NC_062837.1	283
NC_066144.1	418
NC_065781.1	178
NC_065777.1	173
NC_062463.1	392
NC_062666.1	364
NC_064364.1	372
NC_062330.1	479
NC_064985.1	446
NC_065176.1	446
NC_062349.1	380
NC_062350.1	380
NC_065128.1	369
NC_063737.1	432
NC_064374.1	412
NC_062693.1	369
NC_062469.1	374
NC_062486.1	369
NC_062476.1	361
NC_066191.1	360
NC_065000.1	345
NC_062939.1	359
NC_064728.1	399
NC_061572.1	699
NC_065477.1	379
NC_066447.1	353
NC_066006.1	361
NC_065063.1	400
NC_065725.1	404
NC_065719.1	400
NC_061597.1	397
NC_063671.1	369
NC_065117.1	369
NC_065114.1	369
NC_066667.1	271
NC_065784.1	410
NC_061761.1	364
NC_062351.1	345
NC_062651.1	359
NC_066421.1	380
NC_066045.1	438
NC_066042.1	436
NC_066431.1	362
NC_066436.1	360
NC_066438.1	363
NC_062415.1	394
NC_064135.1	419
NC_064145.1	440
NC_066670.1	392
NC_067034.1	173
NC_066503.1	390
NC_066420.1	380
NC_064105.1	380
NC_066002.1	386
NC_062348.1	380
NC_067002.1	323
NC_067010.1	318
NC_063109.1	381
NC_062597.1	387
NC_065306.1	373
NC_062890.1	403
NC_061603.1	381
NC_061599.1	386
NC_067089.1	381
NC_067090.1	381
NC_067088.1	381
NC_067091.1	386
NC_061602.1	381
NC_061725.1	379
NC_064073.1	386
NC_062923.1	359
NC_062919.1	359
NC_067079.1	362
NC_064148.1	393
NC_066070.1	418
NC_061728.1	382
NC_061733.1	382
NC_065123.1	363
NC_065126.1	370
NC_065201.1	388
NC_062667.1	362
NC_065397.1	413
NC_065398.1	419
NC_065399.1	412
NC_061742.1	418
NC_063952.1	781
NC_065459.1	353
NC_064349.1	349
NC_062881.1	173
NC_062813.1	383
NC_066182.1	396
NC_061574.1	388
NC_064345.1	354
NC_064126.1	357
NC_066445.1	357
NC_063579.1	365
NC_065038.1	298
NC_063658.1	368
NC_065755.1	425
NC_066047.1	319
NC_066470.1	319
NC_065245.1	400
NC_065062.1	400
NC_061756.1	434
NC_063529.1	366
NC_061696.1	378
NC_065465.1	398
NC_065387.1	401
NC_061712.1	382
NC_064366.1	371
NC_063961.1	426
NC_065149.1	357
NC_065734.1	382
NC_064146.1	402
NC_062343.1	380
NC_062338.1	380
NC_062882.1	342
NC_066022.1	352
NC_064747.1	364
NC_064941.1	364
NC_066228.1	366
NC_063635.1	455
NC_063639.1	455
NC_063651.1	455
NC_063652.1	455
NC_063640.1	455
NC_063641.1	455
NC_063653.1	455
NC_063642.1	455
NC_063643.1	455
NC_063655.1	455
NC_065037.1	354
NC_063747.1	408
NC_063575.1	423
NC_065789.1	297
NC_062808.1	234
NC_065394.1	340
NC_064992.1	369
NC_064127.1	350
NC_064140.1	425
NC_061622.1	403
NC_061624.1	394
NC_061618.1	394
NC_061619.1	394
NC_066183.1	360
NC_062602.1	356
NC_065707.1	407
NC_061596.1	397
NC_062863.1	369
NC_062867.1	369
NC_062508.1	369
NC_062509.1	369
NC_062428.1	369
NC_062470.1	369
NC_064999.1	371
NC_062904.1	359
NC_062451.1	460
NC_062828.1	474
NC_063924.1	384
NC_066811.1	469
NC_062829.1	445
NC_062830.1	491
NC_062831.1	405
NC_065763.1	357
NC_066027.1	379
NC_064686.1	339
NC_065468.1	388
NC_065210.1	379
NC_062941.1	359
NC_062918.1	359
NC_062656.1	359
NC_062641.1	359
NC_062826.1	426
NC_062823.1	490
NC_062938.1	359
NC_064120.1	224
NC_064122.1	224
NC_063960.1	428
NC_066502.1	367
NC_065044.1	398
NC_065046.1	398
NC_065241.1	380
NC_063554.1	367
NC_064741.1	365
NC_061555.1	346
NC_065735.1	557
NC_063965.1	703
NC_066492.1	385
NC_064394.1	393
NC_061660.1	370
NC_063511.1	602
NC_066644.1	379
NC_062418.1	297
NC_065757.1	425
NC_063746.1	382
NC_063838.1	369
NC_063840.1	374
NC_064348.1	343
NC_066818.1	428
NC_063570.1	408
NC_063626.1	380
NC_065808.1	391
NC_061607.1	386
NC_062795.1	360
NC_066798.1	371
NC_064121.1	224
NC_065864.1	375
NC_063587.1	587
NC_066187.1	360
NC_066189.1	360
NC_066192.1	360
NC_066194.1	360
NC_066195.1	360
NC_066801.1	347
NC_064128.1	353
NC_064406.1	369
NC_066409.1	345
NC_065002.1	345
NC_065007.1	343
NC_062516.1	376
NC_062723.1	372
NC_062721.1	372
NC_066975.1	410
NC_066131.1	380
NC_063520.1	364
NC_062807.1	234
NC_062806.1	234
NC_067043.1	276
NC_063836.1	403
NC_061617.1	418
NC_062405.1	413
NC_065303.1	377
NC_067045.1	404
NC_064988.1	396
NC_066656.1	357
NC_065173.1	446
NC_065175.1	445
NC_065178.1	446
NC_065179.1	446
NC_065185.1	446
NC_065194.1	446
NC_065167.1	446
NC_065187.1	446
NC_065170.1	446
NC_065165.1	431
NC_065192.1	431
NC_062337.1	380
NC_062347.1	386
NC_062359.1	472
NC_063630.1	399
NC_062811.1	387
NC_063591.1	348
NC_064363.1	348
NC_066475.1	367
NC_062707.1	413
NC_066043.1	437
NC_065042.1	398
NC_062506.1	369
NC_065006.1	343
NC_063563.1	379
NC_061744.1	380
NC_061746.1	379
NC_061747.1	379
NC_063555.1	379
NC_062363.1	369
NC_062367.1	369
NC_062827.1	460
NC_067082.1	382
NC_065059.1	383
NC_064013.1	388
NC_064015.1	385
NC_064088.1	380
NC_064096.1	387
NC_064097.1	387
NC_064098.1	388
NC_064099.1	391
NC_064081.1	384
NC_064102.1	390
NC_064094.1	388
NC_064077.1	387
NC_062364.1	369
NC_062368.1	369
NC_066959.1	415
NC_062497.1	369
NC_062501.1	369
NC_062427.1	355
NC_061719.1	373
NC_065001.1	371
NC_066149.1	471
NC_066484.1	563
NC_065753.1	413
NC_065667.1	419
NC_065752.1	404
NC_061651.1	328
NC_064053.1	345
NC_062308.1	341
NC_061726.1	382
NC_061710.1	382
NC_061755.1	387
NC_061729.1	382
NC_061713.1	382
NC_061711.1	382
NC_062306.1	345
NC_064138.1	419
NC_062703.1	397
NC_062934.1	359
NC_062357.1	359
NC_061706.1	341
NC_065205.1	380
NC_064119.1	224
NC_063837.1	382
NC_066026.1	378
NC_065386.1	379
NC_066668.1	384
NC_062310.1	366
NC_061625.1	393
NC_061623.1	394
NC_066717.1	403
NC_064526.1	403
NC_065730.1	380
NC_061689.1	371
NC_062954.1	400
NC_062487.1	369
NC_062809.1	242
NC_066481.1	369
NC_066433.1	361
NC_065188.1	446
NC_065361.1	371
NC_062949.1	400
NC_065504.1	400
NC_064734.1	379
NC_061714.1	382
NC_065485.1	380
NC_066702.1	352
NC_062512.1	331
NC_062370.1	368
NC_062366.1	369
NC_063911.1	345
NC_065990.1	347
NC_061663.1	271
NC_063928.1	367
NC_065118.1	369
NC_062457.1	400
NC_065243.1	380
NC_063679.1	359
NC_066432.1	363
NC_066437.1	369
NC_061657.1	405
NC_066007.1	390
NC_066143.1	396
NC_066417.1	380
NC_064101.1	386
NC_064319.1	378
NC_063479.1	403
NC_063819.1	412
NC_063820.1	425
NC_061612.1	397
NC_063823.1	441
NC_063822.1	381
NC_063824.1	389
NC_065198.1	386
NC_062372.1	369
NC_066692.1	369
NC_065785.1	402
NC_063678.1	441
NC_062334.1	380
NC_067063.1	380
NC_063528.1	366
NC_064969.1	351
NC_064748.1	244
NC_066691.1	373
NC_063558.1	357
NC_066703.1	342
NC_062910.1	359
NC_065756.1	425
NC_064373.1	387
NC_062365.1	369
NC_064353.1	369
NC_062946.1	400
NC_064352.1	362
NC_065483.1	369
NC_063845.1	369
NC_063843.1	369
NC_066689.1	369
NC_064106.1	380
NC_062345.1	386
NC_062404.1	357
NC_065865.1	380
NC_064528.1	535
NC_067081.1	386
NC_067087.1	386
NC_018767.1	283
NC_062835.1	283
NC_062836.1	283
NC_063549.1	357
NC_066658.1	387
NC_065391.1	386
NC_065868.1	351
NC_065666.1	357
NC_065751.1	387
NC_063685.1	409
NC_065171.1	446
NC_061758.1	434
NC_066009.1	369
NC_065357.1	395
NC_066819.1	428
NC_066669.1	271
NC_060754.1	377
NC_066499.1	366
NC_064052.1	345
NC_065184.1	446
NC_065182.1	446
NC_065866.1	345
NC_066134.1	380
NC_065003.1	343
NC_065706.1	407
NC_065177.1	445
NC_065204.1	383
NC_064996.1	357
NC_063912.1	345
NC_061561.1	371
NC_066964.1	399
NC_064739.1	292
NC_063744.1	346
NC_065652.1	380
NC_065655.1	380
NC_065152.1	189
NC_065151.1	189
NC_062959.1	401
NC_062951.1	400
NC_062953.1	402
NC_062955.1	400
NC_066474.1	367
NC_062956.1	400
NC_062947.1	401
NC_063491.1	403
NC_065208.1	383
NC_065209.1	383
NC_064361.1	388
NC_064940.1	367
NC_066146.1	476
NC_066148.1	471
NC_066145.1	479
NC_066147.1	514
NC_060336.1	380
NC_060455.1	380
NC_066130.1	357
NC_064961.1	403
NC_061709.1	374
NC_063832.1	393
NC_062797.1	380
NC_062800.1	380
NC_062340.1	380
NC_063569.1	380
NC_062342.1	386
NC_063697.1	353
NC_065486.1	386
NC_065360.1	413
NC_062461.1	397
NC_063636.1	355
NC_063637.1	355
NC_062841.1	173
NC_065780.1	178
NC_062485.1	369
NC_062866.1	369
NC_062507.1	369
NC_062426.1	369
NC_062484.1	369
NC_066476.1	367
NC_062702.1	421
NC_062704.1	421
NC_064114.1	498
NC_065153.1	178
NC_065159.1	400
NC_062510.1	369
NC_062483.1	369
NC_062504.1	369
NC_062511.1	372
NC_062502.1	369
NC_065729.1	502
NC_062458.1	359
NC_063702.1	402
NC_067033.1	403
NC_065047.1	398
NC_065043.1	398
NC_061735.1	382
NC_066813.1	352
NC_061694.1	339
NC_065009.1	338
NC_061715.1	382
NC_061745.1	379
NC_063557.1	379
NC_066434.1	361
NC_063740.1	373
NC_063839.1	369
NC_066672.1	419
NC_066411.1	380
NC_066967.1	359
NC_061667.1	404
NC_063918.1	265
NC_063922.1	265
NC_061695.1	366
NC_065711.1	440
NC_066413.1	380
NC_064141.1	419
NC_064136.1	419
NC_064139.1	419
NC_065261.1	383
NC_065790.1	347
NC_063916.1	265
NC_062311.1	357
NC_065716.1	451
NC_065718.1	470
NC_065699.1	461
NC_065698.1	467
NC_061730.1	382
NC_061736.1	382
NC_061732.1	382
NC_066646.1	420
NC_066807.1	314
NC_065503.1	408
NC_064511.1	388
NC_065832.1	386
NC_065129.1	363
NC_062333.1	380
NC_061731.1	382
NC_061727.1	382
NC_065840.1	386
NC_065008.1	343
NC_063687.1	365
NC_064367.1	352
NC_066071.1	439
NC_065257.1	339
NC_066415.1	380
NC_066719.1	369
NC_065717.1	407
NC_066674.1	398
NC_065710.1	398
NC_065162.1	431
NC_062353.1	399
NC_066439.1	370
NC_064735.1	372
NC_067005.1	317
NC_066999.1	325
NC_067009.1	323
NC_067000.1	335
NC_066673.1	392
NC_063850.1	369
NC_065356.1	413
NC_066653.1	370
NC_064365.1	382
NC_061722.1	362
NC_061720.1	369
NC_063509.1	357
NC_061734.1	382
NC_063742.1	372
NC_065793.1	346
NC_065794.1	347
NC_065795.1	347
NC_065796.1	346
NC_065798.1	347
NC_063471.1	412
NC_064967.1	377
NC_065352.1	394
NC_066496.1	366
NC_065792.1	352
NC_063921.1	265
NC_063478.1	403
NC_065779.1	178
NC_065778.1	178
NC_065861.1	377
NC_065206.1	383
NC_063590.1	348
NC_064740.1	292
NC_064737.1	292
NC_063556.1	379
NC_061552.1	364
NC_064742.1	296
NC_066896.1	436
NC_066648.1	421
NC_063958.1	393
NC_063959.1	393
NC_062419.1	369
NC_061608.1	387
NC_063738.1	369
NC_062312.1	364
NC_064738.1	291
NC_064743.1	346
NC_062323.1	357
NC_062322.1	357
NC_064939.1	364
NC_064942.1	367
NC_063512.1	400
NC_064990.1	413
NC_063901.1	401
NC_063833.1	385
NC_062489.1	369
NC_062494.1	378
NC_062474.1	369
NC_065712.1	395
NC_063821.1	413
NC_062318.1	357
NC_065862.1	679
NC_065040.1	398
NC_064746.1	350
NC_062406.1	173
NC_065258.1	375
NC_065137.1	402
NC_064142.1	349
NC_061691.1	387
NC_064687.1	473
NC_064068.1	413
NC_063508.1	357
NC_063834.1	387
NC_065871.1	356
NC_064744.1	346
NC_064936.1	367
NC_065098.1	351
NC_064137.1	439
NC_065863.1	380
NC_062462.1	411
NC_065110.1	410
NC_066000.1	425
NC_066482.1	616
NC_066483.1	570
NC_065351.1	395
NC_062307.1	358
NC_062369.1	370
NC_066414.1	380
NC_066423.1	380
NC_066422.1	380
NC_064108.1	380
NC_066412.1	380
NC_064989.1	314
NC_065116.1	369
NC_065015.1	410
NC_066133.1	380
NC_062321.1	357
NC_062317.1	357
NC_063915.1	265
NC_063917.1	265
NC_063920.1	265
NC_061673.1	382
NC_064736.1	358
NC_065041.1	398
NC_065045.1	398
NC_064115.1	501
NC_061759.1	485
NC_066647.1	414
NC_062515.1	369
NC_062480.1	369
NC_062481.1	369
NC_062472.1	369
NC_065983.1	349
NC_065984.1	349
NC_065244.1	380
NC_066193.1	360
NC_062490.1	369
NC_065672.1	386
NC_062341.1	380
NC_066491.1	216
NC_065169.1	450
NC_063688.1	317
NC_065797.1	346
NC_063572.1	387
NC_066188.1	360
NC_065692.1	364
NC_061600.1	386
NC_067092.1	381
NC_066416.1	380
NC_066424.1	380
NC_064103.1	387
NC_065164.1	435
NC_065166.1	446
NC_065172.1	446
NC_065180.1	446
NC_065189.1	446
NC_065163.1	446
NC_065196.1	431
NC_065146.1	396
NC_065393.1	354
NC_061557.1	380
NC_061558.1	380
NC_061559.1	380
NC_061553.1	346
NC_065670.1	380
NC_063548.1	346
NC_064393.1	398
NC_065193.1	431
NC_061671.1	382
NC_066044.1	441
NC_066093.1	482
NC_065174.1	446
NC_061676.1	382
NC_061677.1	382
NC_061674.1	382
NC_061678.1	382
NC_066136.1	380
NC_066135.1	380
NC_061757.1	498
NC_066227.1	359
NC_066227.1	359
NC_065207.1	383
NC_064525.1	388
NC_064519.1	403
NC_063696.1	367
NC_062465.1	367
NC_065834.1	342
NC_064358.1	364
NC_066419.1	380
NC_066961.1	431
NC_063594.1	388
NC_066973.1	346
NC_065358.1	395
NC_064054.1	338
NC_064051.1	345
NC_063657.1	455
NC_065154.1	188
NC_064389.1	358
NC_067007.1	329
NC_067011.1	324
NC_061751.1	369
NC_063659.1	455
NC_066998.1	337
NC_064749.1	364
NC_064750.1	362
NC_062324.1	357
NC_062315.1	357
NC_062314.1	357
NC_062313.1	357
NC_061675.1	382
NC_067085.1	382
NC_067086.1	382
NC_067027.1	326
NC_067016.1	322
NC_066997.1	323
NC_065242.1	380
NC_063842.1	368
NC_063844.1	369
NC_065482.1	369
NC_065484.1	369
NC_065501.1	369
NC_065014.1	400
NC_063624.1	395
NC_064071.1	496
NC_066958.1	434
NC_062155.1	334
NC_067008.1	323
NC_067015.1	315
NC_064510.1	388
NC_064513.1	388
NC_064517.1	388
NC_064518.1	388
NC_064520.1	388
NC_067013.1	314
NC_067012.1	330
NC_065383.1	354
NC_064932.1	379
NC_066096.1	472
NC_066700.1	369
NC_061573.1	745
NC_066016.1	341
NC_062411.1	386
NC_066098.1	554
NC_066099.1	472
NC_062503.1	369
NC_062478.1	369
NC_062468.1	369
NC_066812.1	399
NC_066701.1	348
NC_063521.1	372
NC_065654.1	380
NC_062335.1	380
NC_061686.1	372
NC_061684.1	369
NC_064347.1	369
NC_064351.1	349
NC_061763.1	174
NC_063835.1	387
NC_064523.1	388
NC_062410.1	357
NC_064107.1	380
NC_064350.1	368
NC_066816.1	419
NC_066186.1	360
NC_065145.1	362
NC_063913.1	345
NC_065369.1	379
NC_064072.1	504
NC_063595.1	384
NC_066695.1	369
NC_064995.1	446
NC_066219.1	386
NC_064943.1	367
NC_064937.1	367
NC_062517.1	369
NC_062479.1	369
NC_062514.1	369
NC_062513.1	369
NC_062498.1	369
NC_062496.1	373
NC_062499.1	369
NC_062425.1	369
NC_062488.1	369
NC_062491.1	368
NC_062493.1	369
NC_062477.1	369
NC_062482.1	369
NC_062471.1	369
NC_062475.1	369
NC_064751.1	372
NC_063683.1	400
NC_067024.1	323
NC_067003.1	328
NC_067025.1	317
NC_067014.1	316
NC_065487.1	356
NC_065140.1	362
NC_065142.1	362
NC_065143.1	362
NC_065144.1	362
NC_061621.1	403
NC_064407.1	383
NC_062430.1	399
NC_066196.1	360
NC_066185.1	360
NC_066190.1	360
NC_063477.1	357
NC_061610.1	386
NC_062439.1	385
NC_064959.1	381
NC_064960.1	380
NC_063504.1	403
NC_066408.1	345
NC_065157.1	385
NC_064512.1	388
NC_065723.1	396
NC_065708.1	401
NC_065715.1	397
NC_065704.1	407
NC_065705.1	407
NC_065724.1	400
NC_065720.1	401
NC_065709.1	392
NC_065714.1	392
NC_065713.1	473
NC_065703.1	461
NC_065702.1	466
NC_065701.1	454
NC_065697.1	504
NC_065721.1	407
NC_065722.1	404
NC_065727.1	395
NC_065653.1	380
NC_065005.1	340
NC_064104.1	357
NC_063514.1	377
NC_064375.1	381
NC_063748.1	410
NC_063749.1	408
NC_063481.1	403
NC_063482.1	403
NC_063483.1	403
NC_063484.1	403
NC_063485.1	403
NC_063486.1	408
NC_063487.1	397
NC_063490.1	403
NC_062336.1	380
NC_062339.1	380
NC_063513.1	400
NC_063507.1	445
NC_063506.1	446
NC_066090.1	486
NC_067053.1	387
NC_063547.1	438
NC_061551.1	381
NC_065370.1	372
NC_063576.1	386
NC_065500.1	369
NC_066097.1	485
NC_062371.1	383
NC_066139.1	380
NC_066138.1	380
NC_066140.1	380
NC_066142.1	380
NC_066141.1	386
NC_061670.1	382
NC_063615.1	349
NC_061752.1	371
NC_061702.1	346
NC_061703.1	346
NC_061704.1	346
NC_061700.1	346
NC_061701.1	400
NC_061609.1	392
NC_061601.1	381
NC_061661.1	400
NC_066797.1	251
NC_061669.1	376
NC_064501.1	355
NC_066696.1	369
NC_062412.1	290
NC_062320.1	357
NC_062319.1	357
NC_062316.1	357
NC_066091.1	375
NC_065156.1	383
NC_063662.1	377
NC_063827.1	398
NC_064210.1	386
NC_065183.1	446
NC_063638.1	455
NC_063656.1	455
NC_063654.1	455
NC_063682.1	408
NC_065379.1	374
NC_063741.1	366
NC_063750.1	410
NC_063900.1	378
NC_063919.1	265
NC_063907.1	403
NC_064078.1	379
NC_064082.1	392
NC_064083.1	387
NC_064084.1	387
NC_064085.1	388
NC_064089.1	386
NC_064090.1	386
NC_064092.1	386
NC_064093.1	385
NC_064095.1	385
NC_064100.1	388
NC_064074.1	386
NC_064075.1	386
NC_064076.1	385
NC_064079.1	385
NC_064080.1	385
NC_064086.1	389
NC_064087.1	388
NC_064091.1	384
NC_064069.1	517
NC_064070.1	667
NC_064014.1	385
NC_064117.1	472
NC_064143.1	358
NC_064322.1	376
NC_064357.1	364
NC_064509.1	388
NC_064514.1	388
NC_064515.1	388
NC_064516.1	388
NC_064521.1	388
NC_064522.1	413
NC_064524.1	386
NC_065017.1	336
NC_064968.1	351
NC_064980.1	334
NC_064970.1	351
NC_064977.1	291
NC_064976.1	372
NC_064975.1	360
NC_064978.1	358
NC_064974.1	367
NC_064973.1	367
NC_064971.1	367
NC_064972.1	367
NC_065048.1	398
NC_065869.1	383
NC_066795.1	371
NC_065125.1	370
NC_065127.1	369
NC_065124.1	369
NC_065130.1	362
NC_065115.1	375
NC_065195.1	404
NC_065355.1	413
NC_066698.1	369
NC_066697.1	378
NC_066694.1	373
NC_066690.1	369
NC_065476.1	347
NC_065671.1	380
NC_066666.1	271
NC_066665.1	449
NC_065999.1	383
NC_066095.1	485
NC_066092.1	506
NC_066100.1	471
NC_066094.1	472
NC_066101.1	504
NC_067030.1	400
NC_066184.1	360
NC_066132.1	380
NC_066137.1	375
NC_066471.1	321
NC_066485.1	648
NC_066817.1	424
NC_067080.1	517
NC_045911.1	173
NC_073584.1	400
NC_073535.1	382
NC_073583.1	362
NC_045843.1	173
NC_073541.1	396
NC_073542.1	410
NC_035878.1	382
NC_073539.1	395
NC_045844.1	173
NC_073520.1	397
NC_073560.1	304
NC_073562.1	338
NC_073563.1	299
NC_073570.1	348
NC_073561.1	364
NC_073565.1	394
NC_073566.1	256
NC_073564.1	251
NC_047288.1	364
NC_069576.1	339
NC_079572.1	346
NC_079573.1	346
NC_079574.1	346
NC_079575.1	346
NC_079577.1	724
NC_079578.1	397
NC_079579.1	596
NC_079584.1	370
NC_079585.1	380
NC_079586.1	351
NC_079627.1	372
NC_079628.1	372
NC_079629.1	372
NC_079630.1	372
NC_079631.1	372
NC_079632.1	372
NC_079633.1	372
NC_079634.1	372
NC_079635.1	372
NC_079652.1	360
NC_079661.1	364
NC_079665.1	366
NC_079666.1	382
NC_079688.1	358
NC_079695.1	338
NC_079701.1	366
NC_079702.1	360
NC_079705.1	381
NC_079706.1	334
NC_079707.1	386
NC_079708.1	382
NC_079709.1	377
NC_079710.1	379
NC_079711.1	379
NC_079712.1	379
NC_079713.1	386
NC_079714.1	379
NC_079715.1	379
NC_079716.1	386
NC_079717.1	392
NC_079718.1	379
NC_079719.1	397
NC_079720.1	397
NC_079721.1	397
NC_079722.1	379
NC_079723.1	392
NC_079724.1	392
NC_079725.1	392
NC_079726.1	382
NC_079727.1	379
NC_079728.1	388
NC_079729.1	381
NC_079730.1	379
NC_079731.1	379
NC_079732.1	390
NC_079733.1	384
NC_079734.1	378
NC_079735.1	379
NC_079736.1	379
NC_079737.1	387
NC_079738.1	379
NC_079739.1	379
NC_079740.1	379
NC_079741.1	377
NC_079742.1	383
NC_079743.1	390
NC_079744.1	382
NC_079745.1	386
NC_079746.1	381
NC_079747.1	381
NC_079748.1	381
NC_079749.1	381
NC_079750.1	381
NC_079751.1	381
NC_079752.1	381
NC_079753.1	381
NC_079754.1	382
NC_079755.1	379
NC_079756.1	379
NC_079757.1	379
NC_079758.1	386
NC_079759.1	431
NC_079760.1	404
NC_079761.1	416
NC_079762.1	404
NC_079763.1	379
NC_079764.1	384
NC_079765.1	334
NC_079766.1	332
NC_079767.1	384
NC_079768.1	384
NC_079769.1	390
NC_079770.1	386
NC_079771.1	386
NC_079772.1	381
NC_079773.1	386
NC_079774.1	397
NC_079775.1	378
NC_079776.1	379
NC_079777.1	379
NC_079778.1	386
NC_079779.1	379
NC_079780.1	381
NC_079781.1	386
NC_079782.1	384
NC_079783.1	388
NC_079784.1	381
NC_079785.1	391
NC_079786.1	395
NC_079787.1	388
NC_079788.1	379
NC_079789.1	379
NC_079790.1	378
NC_079791.1	382
NC_079792.1	383
NC_079793.1	381
NC_079794.1	386
NC_079795.1	379
NC_079796.1	384
NC_079797.1	396
NC_079798.1	386
NC_079799.1	382
NC_079800.1	386
NC_079801.1	386
NC_079802.1	379
NC_079803.1	386
NC_079804.1	394
NC_079805.1	388
NC_079806.1	386
NC_079807.1	377
NC_079808.1	385
NC_079809.1	382
NC_079810.1	388
NC_079811.1	381
NC_079812.1	386
NC_079813.1	377
NC_079814.1	379
NC_079815.1	379
NC_079816.1	379
NC_079817.1	379
NC_079818.1	365
NC_079821.1	425
NC_079822.1	425
NC_079823.1	380
NC_079824.1	363
NC_079825.1	419
NC_079826.1	402
NC_079828.1	393
NC_079829.1	392
NC_079830.1	402
NC_079831.1	388
NC_079832.1	392
NC_079833.1	388
NC_079834.1	401
NC_079835.1	388
NC_079836.1	401
NC_079837.1	393
NC_079838.1	393
NC_079839.1	393
NC_079840.1	393
NC_079841.1	393
NC_079845.1	396
NC_079847.1	370
NC_079848.1	370
NC_079854.1	355
NC_079867.1	410
NC_079868.1	412
NC_079869.1	412
NC_079870.1	411
NC_079871.1	411
NC_079872.1	411
NC_079915.1	380
NC_079916.1	368
NC_079918.1	403
NC_079924.1	412
NC_079925.1	410
NC_079926.1	412
NC_079927.1	413
NC_079928.1	411
NC_079929.1	411
NC_079930.1	411
NC_079931.1	411
NC_079932.1	411
NC_079933.1	413
NC_079934.1	411
NC_079935.1	383
NC_079952.1	419
NC_079953.1	425
NC_079954.1	419
NC_079958.1	412
NC_079959.1	414
NC_079960.1	412
NC_079961.1	411
NC_079962.1	411
NC_079963.1	410
NC_079964.1	410
NC_061056.1	447
NC_072328.1	436
NC_080204.1	362
NC_080210.1	369
NC_080211.1	562
NC_080228.1	382
NC_080233.1	382
NC_080234.1	361
NC_080235.1	372
NC_080236.1	351
NC_080237.1	367
NC_080238.1	352
NC_080239.1	399
NC_080240.1	350
NC_080241.1	351
NC_080242.1	359
NC_080243.1	343
NC_080244.1	346
NC_080251.1	375
NC_080252.1	369
NC_080253.1	377
NC_080254.1	374
NC_080264.1	419
NC_080272.1	436
NC_080273.1	452
NC_080274.1	386
NC_080275.1	373
NC_080277.1	346
NC_080278.1	346
NC_080279.1	346
NC_080280.1	346
NC_080281.1	346
NC_080282.1	346
NC_080284.1	173
NC_080285.1	172
NC_080286.1	172
NC_080287.1	173
NC_080288.1	435
NC_080289.1	441
NC_080290.1	427
NC_080291.1	428
NC_080292.1	427
NC_080293.1	427
NC_080294.1	427
NC_080295.1	427
NC_080296.1	427
NC_080297.1	427
NC_080298.1	427
NC_080299.1	427
NC_080300.1	427
NC_080301.1	427
NC_080302.1	427
NC_080303.1	427
NC_080304.1	427
NC_080305.1	441
NC_080306.1	441
NC_080307.1	435
NC_080315.1	429
NC_080330.1	347
NC_080332.1	362
NC_080341.1	380
NC_080342.1	399
NC_080343.1	411
NC_080344.1	349
NC_080345.1	332
NC_080346.1	385
NC_080347.1	371
NC_080348.1	669
NC_080349.1	346
NC_080350.1	357
NC_080351.1	367
NC_080352.1	367
NC_080353.1	367
NC_080356.1	411
NC_080369.1	371
NC_080371.1	396
NC_080376.1	395
NC_080497.1	369
NC_080498.1	379
NC_080499.1	379
NC_080500.1	379
NC_080501.1	366
NC_080502.1	357
NC_080505.1	372
NC_080506.1	371
NC_080508.1	395
NC_080510.1	349
NC_080515.1	370
NC_080516.1	370
NC_080517.1	370
NC_080522.1	370
NC_080523.1	369
NC_080524.1	369
NC_080525.1	373
NC_080526.1	373
NC_080535.1	314
NC_080536.1	408
NC_080537.1	407
NC_072142.1	319
NC_072145.1	395
NC_080592.1	371
NC_080867.1	362
NC_080870.1	389
NC_080871.1	389
NC_080872.1	369
NC_080874.1	362
NC_080884.1	382
NC_080888.1	365
NC_080889.1	365
NC_080890.1	365
NC_080891.1	365
NC_080898.1	384
NC_080901.1	346
NC_080912.1	407
NC_080919.1	343
NC_080920.1	238
NC_080922.1	351
NC_080923.1	351
NC_080966.1	388
NC_080986.1	361
NC_080989.1	401
NC_080990.1	198
NC_080993.1	381
NC_080994.1	361
NC_080995.1	423
NC_081004.1	704
NC_081012.1	370
NC_081013.1	372
NC_081014.1	370
NC_081017.1	402
NC_081018.1	380
NC_081019.1	402
NC_081047.1	402
NC_081063.1	382
NC_081064.1	371
NC_081108.1	154
NC_081109.1	377
NC_081110.1	188
NC_081111.1	373
NC_081114.1	384
NC_081115.1	376
NC_081116.1	188
NC_081117.1	188
NC_081118.1	188
NC_081119.1	188
NC_081120.1	371
NC_081121.1	372
NC_081122.1	372
NC_081123.1	372
NC_081124.1	372
NC_081125.1	375
NC_081126.1	189
NC_081127.1	208
NC_081128.1	183
NC_081129.1	183
NC_081130.1	394
NC_081133.1	376
NC_080893.1	606
NC_081460.1	364
NC_081461.1	372
NC_081462.1	372
NC_081463.1	381
NC_081465.1	408
NC_081466.1	280
NC_081469.1	393
NC_081470.1	393
NC_081471.1	393
NC_081472.1	393
NC_081473.1	393
NC_081474.1	362
NC_081475.1	362
NC_081476.1	367
NC_081477.1	365
NC_081478.1	395
NC_081482.1	351
NC_081486.1	405
NC_081487.1	391
NC_081488.1	392
NC_081489.1	392
NC_081496.1	362
NC_081497.1	362
NC_081500.1	374
NC_081501.1	380
NC_081512.1	468
NC_081513.1	431
NC_081514.1	446
NC_081515.1	435
NC_081516.1	435
NC_081604.1	446
NC_081605.1	431
NC_081606.1	446
NC_081607.1	469
NC_081608.1	431
NC_081609.1	431
NC_081610.1	446
NC_081611.1	446
NC_081612.1	446
NC_081613.1	446
NC_081614.1	446
NC_081615.1	446
NC_081616.1	446
NC_081617.1	446
NC_081618.1	446
NC_081619.1	446
NC_081620.1	446
NC_081621.1	467
NC_081622.1	446
NC_081623.1	434
NC_081624.1	446
NC_081625.1	446
NC_081626.1	446
NC_081627.1	446
NC_081628.1	446
NC_081629.1	446
NC_081630.1	446
NC_081631.1	446
NC_081632.1	446
NC_081633.1	446
NC_081634.1	446
NC_081635.1	446
NC_081636.1	446
NC_081637.1	446
NC_081638.1	446
NC_081639.1	446
NC_081640.1	446
NC_081641.1	446
NC_081642.1	446
NC_081643.1	446
NC_081644.1	446
NC_081645.1	446
NC_081646.1	446
NC_081647.1	446
NC_081648.1	467
NC_081649.1	446
NC_081650.1	446
NC_081651.1	446
NC_081652.1	446
NC_081653.1	446
NC_081654.1	446
NC_081655.1	446
NC_081656.1	446
NC_081657.1	446
NC_081658.1	446
NC_081659.1	445
NC_081660.1	446
NC_081661.1	446
NC_081662.1	446
NC_081663.1	446
NC_081664.1	467
NC_081665.1	457
NC_081666.1	467
NC_081667.1	446
NC_081668.1	446
NC_081669.1	446
NC_081670.1	446
NC_081671.1	446
NC_081672.1	446
NC_081673.1	446
NC_081674.1	446
NC_081675.1	446
NC_081676.1	446
NC_081677.1	446
NC_081678.1	446
NC_081679.1	446
NC_081680.1	446
NC_081681.1	450
NC_081682.1	446
NC_081683.1	446
NC_081684.1	461
NC_081685.1	446
NC_081686.1	446
NC_081687.1	446
NC_081688.1	446
NC_081689.1	467
NC_081690.1	446
NC_081691.1	446
NC_081692.1	446
NC_081693.1	446
NC_081694.1	446
NC_081695.1	446
NC_081696.1	446
NC_081697.1	446
NC_081698.1	446
NC_081699.1	446
NC_081700.1	446
NC_081701.1	446
NC_081702.1	446
NC_081703.1	446
NC_081704.1	446
NC_081705.1	446
NC_081706.1	446
NC_081707.1	446
NC_081708.1	446
NC_081709.1	446
NC_081710.1	446
NC_081711.1	446
NC_081712.1	446
NC_081713.1	446
NC_081714.1	446
NC_081715.1	434
NC_081716.1	434
NC_081717.1	446
NC_081718.1	446
NC_081719.1	446
NC_081720.1	446
NC_081721.1	446
NC_081722.1	446
NC_081723.1	446
NC_081724.1	446
NC_081725.1	446
NC_081726.1	446
NC_081727.1	446
NC_081728.1	446
NC_081729.1	446
NC_081730.1	446
NC_081731.1	446
NC_081732.1	441
NC_081733.1	446
NC_081734.1	446
NC_081735.1	446
NC_081736.1	446
NC_081737.1	446
NC_081738.1	446
NC_081739.1	446
NC_081740.1	446
NC_081741.1	446
NC_081742.1	446
NC_081743.1	467
NC_081744.1	446
NC_081745.1	448
NC_081746.1	446
NC_081747.1	446
NC_081748.1	446
NC_081749.1	446
NC_081750.1	446
NC_081751.1	446
NC_081752.1	431
NC_081753.1	431
NC_081754.1	446
NC_072309.1	400
NC_057502.1	347
NC_062584.1	356
NC_080538.1	367
NC_081864.1	413
NC_081865.1	406
NC_081866.1	410
NC_081884.1	407
NC_081889.1	409
NC_081895.1	423
NC_081896.1	413
NC_081897.1	424
NC_081899.1	411
NC_081900.1	411
NC_081904.1	408
NC_081905.1	404
NC_081906.1	435
NC_081907.1	332
NC_081908.1	383
NC_081909.1	412
NC_081911.1	382
NC_081916.1	403
NC_081917.1	403
NC_081918.1	403
NC_081919.1	403
NC_081920.1	403
NC_081921.1	403
NC_081922.1	403
NC_081923.1	403
NC_081924.1	403
NC_081929.1	265
NC_081930.1	265
NC_081931.1	265
NC_081932.1	265
NC_081960.1	432
NC_081961.1	577
NC_081962.1	397
NC_081971.1	417
NC_081982.1	390
NC_081983.1	390
NC_081984.1	390
NC_081985.1	390
NC_081986.1	414
NC_081987.1	393
NC_081988.1	390
NC_081989.1	390
NC_081995.1	363
NC_081996.1	362
NC_081997.1	362
NC_082025.1	383
NC_082026.1	383
NC_082027.1	383
NC_082028.1	383
NC_082029.1	357
NC_082030.1	357
NC_082031.1	357
NC_082032.1	357
NC_082033.1	357
NC_082040.1	541
NC_082041.1	583
NC_082042.1	541
NC_082043.1	560
NC_082044.1	537
NC_082045.1	291
NC_082046.1	598
NC_082047.1	694
NC_082048.1	709
NC_082049.1	381
NC_082053.1	382
NC_082054.1	373
NC_082055.1	462
NC_082056.1	380
NC_082057.1	381
NC_082061.1	612
NC_082096.1	373
NC_082098.1	403
NC_082100.1	423
NC_082101.1	603
NC_082102.1	515
NC_082105.1	415
NC_082106.1	346
NC_081881.1	420
NC_082579.1	407
NC_082580.1	342
NC_082581.1	349
NC_081870.1	276
NC_081871.1	408
NC_081872.1	408
NC_081873.1	406
NC_081874.1	407
NC_081875.1	409
NC_081876.1	412
NC_081877.1	412
NC_081878.1	415
NC_081879.1	271
NC_081880.1	416
NC_081883.1	411
NC_081867.1	410
NC_081868.1	416
NC_082822.1	386
NC_082823.1	387
NC_082845.1	314
NC_082904.1	399
NC_082913.1	575
NC_082914.1	570
NC_082915.1	574
NC_082916.1	574
NC_082919.1	402
NC_082920.1	362
NC_082922.1	252
NC_082923.1	260
NC_082924.1	260
NC_082925.1	260
NC_082927.1	253
NC_082928.1	253
NC_082929.1	251
NC_082963.1	395
NC_082965.1	387
NC_082966.1	387
NC_082967.1	387
NC_082968.1	387
NC_082969.1	387
NC_082971.1	347
NC_082975.1	386
NC_082976.1	386
NC_082977.1	386
NC_082978.1	386
NC_082979.1	386
NC_082980.1	386
NC_082981.1	386
NC_083084.1	441
NC_083086.1	385
NC_083087.1	385
NC_083088.1	370
NC_083089.1	342
NC_083090.1	342
NC_077252.1	474
NC_077253.1	413
NC_077254.1	473
NC_077255.1	473
NC_077256.1	429
NC_077257.1	478
NC_077258.1	445
NC_077259.1	420
NC_077260.1	417
NC_077261.1	457
NC_077262.1	443
NC_077263.1	429
NC_077266.1	357
NC_077267.1	350
NC_077268.1	357
NC_077269.1	357
NC_077270.1	357
NC_077271.1	357
NC_077272.1	357
NC_077273.1	357
NC_077274.1	357
NC_077275.1	357
NC_077276.1	350
NC_077277.1	357
NC_077278.1	357
NC_077279.1	350
NC_077280.1	350
NC_077281.1	357
NC_077282.1	357
NC_077283.1	357
NC_077284.1	357
NC_077285.1	357
NC_077286.1	350
NC_077287.1	357
NC_077288.1	357
NC_077289.1	357
NC_077290.1	357
NC_077291.1	361
NC_077292.1	357
NC_077293.1	357
NC_077294.1	350
NC_077295.1	350
NC_077296.1	350
NC_077297.1	350
NC_077298.1	357
NC_077299.1	357
NC_077300.1	350
NC_077301.1	357
NC_077302.1	361
NC_077303.1	357
NC_077304.1	350
NC_077305.1	361
NC_077306.1	350
NC_077307.1	357
NC_077308.1	350
NC_077309.1	350
NC_077310.1	361
NC_077311.1	364
NC_077312.1	350
NC_077313.1	361
NC_077314.1	357
NC_077315.1	361
NC_077316.1	361
NC_077317.1	350
NC_077318.1	361
NC_077319.1	361
NC_077320.1	361
NC_077321.1	357
NC_077322.1	350
NC_077323.1	350
NC_077324.1	357
NC_077325.1	357
NC_077326.1	350
NC_077327.1	357
NC_077328.1	357
NC_077329.1	357
NC_077330.1	357
NC_077331.1	357
NC_077332.1	357
NC_077333.1	357
NC_077334.1	357
NC_077335.1	350
NC_077336.1	350
NC_077337.1	357
NC_077338.1	357
NC_077339.1	357
NC_077340.1	350
NC_077341.1	357
NC_077342.1	357
NC_077343.1	357
NC_077344.1	357
NC_077345.1	357
NC_077346.1	350
NC_077347.1	350
NC_077348.1	357
NC_077349.1	357
NC_077350.1	357
NC_077351.1	357
NC_077352.1	357
NC_077353.1	357
NC_077354.1	350
NC_077355.1	350
NC_077356.1	350
NC_077357.1	357
NC_077358.1	350
NC_077359.1	357
NC_077360.1	357
NC_077361.1	350
NC_077362.1	357
NC_077363.1	350
NC_077364.1	357
NC_077365.1	357
NC_077366.1	357
NC_077367.1	357
NC_077368.1	357
NC_077369.1	357
NC_077370.1	357
NC_077371.1	357
NC_077372.1	350
NC_077373.1	357
NC_077374.1	361
NC_077375.1	357
NC_077376.1	350
NC_077377.1	357
NC_077378.1	357
NC_077379.1	357
NC_077380.1	350
NC_077381.1	350
NC_077382.1	357
NC_077383.1	357
NC_077384.1	357
NC_077385.1	357
NC_077386.1	357
NC_077387.1	357
NC_077388.1	357
NC_077389.1	350
NC_077390.1	357
NC_077391.1	357
NC_077392.1	357
NC_077393.1	357
NC_077394.1	357
NC_077395.1	376
NC_077396.1	357
NC_077397.1	357
NC_077398.1	361
NC_077399.1	357
NC_077400.1	357
NC_077401.1	357
NC_077402.1	357
NC_077403.1	357
NC_077404.1	357
NC_077405.1	351
NC_077406.1	357
NC_077407.1	357
NC_077408.1	358
NC_077409.1	357
NC_077410.1	350
NC_077411.1	350
NC_077412.1	361
NC_077413.1	350
NC_077414.1	361
NC_077415.1	357
NC_077416.1	361
NC_077417.1	350
NC_077418.1	357
NC_077419.1	350
NC_077420.1	350
NC_077421.1	350
NC_077422.1	350
NC_077423.1	350
NC_077424.1	350
NC_077425.1	357
NC_077426.1	350
NC_077427.1	357
NC_077428.1	357
NC_077429.1	350
NC_077430.1	350
NC_077431.1	357
NC_077432.1	357
NC_077433.1	357
NC_077434.1	357
NC_077435.1	357
NC_077436.1	357
NC_077437.1	357
NC_077438.1	357
NC_077439.1	350
NC_077440.1	350
NC_077441.1	357
NC_077442.1	350
NC_077443.1	357
NC_077444.1	357
NC_077445.1	357
NC_077446.1	361
NC_077447.1	361
NC_077448.1	357
NC_077449.1	357
NC_077450.1	357
NC_077451.1	350
NC_077452.1	357
NC_077453.1	357
NC_077454.1	357
NC_077455.1	357
NC_077456.1	357
NC_077457.1	374
NC_077467.1	348
NC_077468.1	348
NC_077469.1	348
NC_077470.1	348
NC_077471.1	348
NC_077472.1	348
NC_077473.1	348
NC_077474.1	348
NC_077480.1	368
NC_077481.1	368
NC_077482.1	368
NC_077483.1	369
NC_077484.1	368
NC_077485.1	368
NC_077486.1	368
NC_077487.1	376
NC_077488.1	368
NC_077489.1	390
NC_077490.1	377
NC_077491.1	397
NC_077492.1	326
NC_077493.1	326
NC_077494.1	335
NC_077495.1	326
NC_077496.1	326
NC_077504.1	387
NC_077505.1	387
NC_077506.1	378
NC_077507.1	388
NC_077508.1	387
NC_077509.1	387
NC_077510.1	387
NC_077511.1	326
NC_077512.1	320
NC_077513.1	326
NC_077514.1	326
NC_077515.1	326
NC_077516.1	326
NC_077517.1	326
NC_077520.1	388
NC_077521.1	388
NC_077522.1	388
NC_077527.1	333
NC_077528.1	412
NC_077529.1	386
NC_077530.1	412
NC_077531.1	415
NC_077532.1	412
NC_077533.1	391
NC_077534.1	401
NC_077535.1	401
NC_077536.1	415
NC_077537.1	412
NC_077538.1	395
NC_077539.1	395
NC_077540.1	394
NC_077541.1	409
NC_077542.1	409
NC_077543.1	191
NC_077544.1	409
NC_077545.1	394
NC_077546.1	395
NC_077547.1	409
NC_077548.1	413
NC_077549.1	396
NC_077550.1	403
NC_077551.1	403
NC_077552.1	362
NC_077557.1	393
NC_077561.1	413
NC_077564.1	371
NC_077565.1	367
NC_077566.1	371
NC_077567.1	371
NC_077568.1	363
NC_077569.1	363
NC_077571.1	349
NC_077573.1	349
NC_077574.1	366
NC_077577.1	399
NC_077578.1	399
NC_077579.1	398
NC_077580.1	400
NC_077593.1	382
NC_077617.1	364
NC_077618.1	364
NC_077619.1	370
NC_077620.1	370
NC_077621.1	370
NC_077622.1	364
NC_077623.1	361
NC_077624.1	361
NC_077628.1	359
NC_077629.1	359
NC_077630.1	359
NC_077631.1	354
NC_077632.1	353
NC_077634.1	386
NC_077636.1	369
NC_077643.1	346
NC_077644.1	346
NC_077645.1	346
NC_077646.1	346
NC_077649.1	407
NC_077652.1	173
NC_077653.1	173
NC_077654.1	173
NC_077655.1	173
NC_077656.1	173
NC_077657.1	173
NC_077658.1	173
NC_077659.1	173
NC_077660.1	173
NC_077661.1	173
NC_077664.1	425
NC_082906.1	333
NC_082907.1	390
NC_083119.1	414
NC_083120.1	408
NC_083128.1	388
NC_083129.1	388
NC_083131.1	351
NC_083133.1	234
NC_083135.1	579
NC_083136.1	578
NC_083137.1	579
NC_083138.1	579
NC_083139.1	572
NC_083141.1	400
NC_083142.1	398
NC_083192.1	366
NC_083193.1	384
NC_083194.1	384
NC_083195.1	363
NC_083196.1	352
NC_083197.1	369
NC_083198.1	384
NC_083199.1	369
NC_083201.1	384
NC_083202.1	389
NC_083203.1	369
NC_083204.1	384
NC_083205.1	385
NC_083206.1	421
NC_083207.1	369
NC_083208.1	389
NC_083209.1	399
NC_083210.1	384
NC_083211.1	383
NC_083219.1	378
NC_083220.1	399
NC_083391.1	397
NC_083909.1	191
NC_083910.1	407
NC_083911.1	397
NC_083912.1	392
NC_083913.1	411
NC_083914.1	388
NC_083919.1	392
NC_083920.1	392
NC_083921.1	312
NC_083977.1	411
NC_083980.1	369
NC_083981.1	401
NC_083982.1	401
NC_083984.1	379
NC_083997.1	512
NC_084044.1	354
NC_084045.1	362
NC_084046.1	356
NC_084047.1	360
NC_084048.1	360
NC_084049.1	363
NC_084051.1	354
NC_084065.1	382
NC_084066.1	319
NC_084067.1	319
NC_084068.1	319
NC_084069.1	319
NC_084070.1	319
NC_084071.1	319
NC_084072.1	358
NC_084103.1	368
NC_084107.1	357
NC_084108.1	363
NC_084109.1	400
NC_084111.1	394
NC_084112.1	402
NC_084118.1	670
NC_084119.1	393
NC_084120.1	369
NC_084123.1	373
NC_084130.1	322
NC_084131.1	322
NC_084132.1	324
NC_084133.1	324
NC_084134.1	325
NC_084135.1	314
NC_084136.1	433
NC_084137.1	425
NC_084138.1	413
NC_084139.1	406
NC_084140.1	416
NC_084141.1	435
NC_084142.1	647
NC_084143.1	406
NC_084144.1	413
NC_084146.1	425
NC_084147.1	413
NC_084148.1	432
NC_084149.1	406
NC_084150.1	450
NC_084151.1	413
NC_084153.1	403
NC_084154.1	426
NC_084155.1	679
NC_084156.1	421
NC_084157.1	438
NC_084158.1	402
NC_084159.1	402
NC_084160.1	421
NC_084161.1	421
NC_084165.1	351
NC_084166.1	351
NC_084167.1	351
NC_084168.1	351
NC_084175.1	357
NC_084176.1	351
NC_084177.1	344
NC_084179.1	403
NC_084187.1	373
NC_084188.1	371
NC_084189.1	446
NC_084190.1	543
NC_084191.1	828
NC_084199.1	363
NC_084200.1	370
NC_084201.1	359
NC_084202.1	359
NC_084203.1	370
NC_084211.1	373
NC_084212.1	373
NC_084216.1	400
NC_084217.1	379
NC_084218.1	379
NC_084219.1	379
NC_084220.1	381
NC_084221.1	380
NC_084222.1	386
NC_084223.1	381
NC_084224.1	370
NC_084225.1	385
NC_084226.1	381
NC_084227.1	382
NC_084228.1	381
NC_084229.1	381
NC_084231.1	173
NC_084232.1	173
NC_084233.1	173
NC_084234.1	173
NC_084235.1	173
NC_084236.1	179
NC_084237.1	173
NC_084238.1	173
NC_084240.1	386
NC_084246.1	400
NC_084256.1	348
NC_084262.1	323
NC_084281.1	400
NC_084282.1	373
NC_084283.1	512
NC_084293.1	379
NC_084319.1	355
NC_084320.1	355
NC_084329.1	364
NC_084330.1	371
NC_084332.1	372
NC_084335.1	399
NC_084336.1	388
NC_084350.1	383
NC_084351.1	314
NC_084367.1	383
NC_084371.1	383
NC_084373.1	413
NC_084375.1	393
NC_084377.1	653
NC_084378.1	467
NC_084379.1	347
NC_084380.1	383
NC_084381.1	383
NC_084382.1	383
NC_084383.1	383
NC_084386.1	383
NC_084387.1	383
NC_084388.1	404
NC_084389.1	383
NC_084390.1	383
NC_084391.1	383
NC_084392.1	383
NC_084393.1	362
NC_084394.1	383
NC_084395.1	383
NC_084396.1	383
NC_084397.1	383
NC_084398.1	364
NC_084400.1	402
NC_084401.1	369
NC_084402.1	369
NC_084403.1	376
NC_084404.1	369
NC_084405.1	374
NC_084406.1	395
NC_084410.1	368
NC_084411.1	457
NC_084412.1	359
NC_084413.1	359
NC_084414.1	359
NC_084415.1	370
NC_084416.1	375
NC_084417.1	363
NC_084427.1	386
NC_084428.1	406
NC_084429.1	343
NC_084430.1	387
NC_084431.1	386
NC_084432.1	386
NC_084433.1	368
NC_084434.1	367
NC_084435.1	348
NC_084436.1	345
NC_084437.1	384
NC_084438.1	367
NC_084439.1	366
NC_084440.1	361
NC_084444.1	370
NC_084445.1	369
NC_084453.1	379
NC_084454.1	379
NC_084455.1	381
NC_084456.1	386
NC_046773.1	429
NC_061688.1	414
NC_084871.1	386
NC_084969.1	376
NC_085143.1	408
NC_085147.1	364
NC_085148.1	368
NC_085149.1	364
NC_085150.1	364
NC_085151.1	364
NC_085156.1	622
NC_085157.1	613
NC_085158.1	614
NC_085159.1	679
NC_085160.1	413
NC_085164.1	435
NC_085165.1	435
NC_085169.1	379
NC_085181.1	376
NC_085202.1	395
NC_085203.1	395
NC_085204.1	395
NC_085210.1	432
NC_085215.1	353
NC_085216.1	346
NC_085217.1	346
NC_085218.1	363
NC_085219.1	363
NC_085221.1	386
NC_085222.1	361
NC_085223.1	361
NC_085224.1	350
NC_085231.1	403
NC_085233.1	390
NC_085237.1	371
NC_085243.1	369
NC_085245.1	409
NC_085246.1	409
NC_085247.1	410
NC_085248.1	410
NC_085249.1	350
NC_085264.1	526
NC_085278.1	370
NC_085281.1	342
NC_085283.1	331
NC_085288.1	445
NC_085322.1	360
NC_085342.1	403
NC_085343.1	402
NC_085347.1	380
NC_085351.1	378
NC_085352.1	454
NC_085353.1	381
NC_085355.1	352
NC_085356.1	344
NC_085357.1	344
NC_085358.1	344
NC_085359.1	344
NC_085364.1	407
NC_085365.1	495
NC_085366.1	369
NC_085368.1	349
NC_085417.1	388
NC_085418.1	388
NC_085419.1	315
NC_085423.1	389
NC_085426.1	351
NC_085427.1	351
NC_085428.1	351
NC_085429.1	344
NC_085430.1	351
NC_085431.1	351
NC_085432.1	351
NC_085433.1	351
NC_085434.1	351
NC_085435.1	351
NC_085436.1	351
NC_085437.1	351
NC_085438.1	351
NC_085439.1	351
NC_085440.1	351
NC_085441.1	351
NC_085442.1	344
NC_085443.1	351
NC_085444.1	351
NC_085445.1	351
NC_085446.1	351
NC_085447.1	351
NC_085448.1	351
NC_085449.1	351
NC_085450.1	351
NC_085451.1	344
NC_085452.1	344
NC_085453.1	351
NC_085454.1	351
NC_085477.1	347
NC_085480.1	257
NC_085481.1	382
NC_085483.1	332
NC_085496.1	382
NC_085497.1	380
NC_085498.1	380
NC_085499.1	380
NC_085504.1	363
NC_085505.1	362
NC_085506.1	364
NC_085507.1	352
NC_085508.1	351
NC_085509.1	352
NC_085510.1	352
NC_085511.1	351
NC_085512.1	351
NC_085513.1	344
NC_085514.1	344
NC_085515.1	351
NC_085516.1	351
NC_085517.1	351
NC_085518.1	351
NC_085519.1	351
NC_085521.1	380
NC_085522.1	380
NC_085523.1	380
NC_085534.1	211
NC_085559.1	388
NC_085564.1	388
NC_085567.1	369
NC_085570.1	400
NC_085571.1	380
NC_085572.1	380
NC_085573.1	380
NC_085574.1	380
NC_085575.1	380
NC_085576.1	380
NC_085577.1	380
NC_085578.1	380
NC_085579.1	380
NC_085580.1	380
NC_085581.1	380
NC_085582.1	380
NC_085583.1	380
NC_085584.1	380
NC_085585.1	380
NC_085586.1	394
NC_085587.1	380
NC_085588.1	380
NC_085589.1	380
NC_085590.1	380
NC_085591.1	380
NC_085592.1	590
NC_085593.1	578
NC_085594.1	547
NC_085595.1	647
NC_085598.1	421
NC_085600.1	400
NC_085603.1	612
NC_085604.1	388
NC_085607.1	451
NC_085608.1	441
NC_085609.1	436
NC_085610.1	441
NC_085611.1	440
NC_085612.1	435
NC_085613.1	435
NC_085615.1	369
NC_085622.1	380
NC_085623.1	380
NC_085624.1	380
NC_085625.1	380
NC_085626.1	380
NC_085627.1	380
NC_085628.1	380
NC_085629.1	380
NC_085631.1	380
NC_085632.1	380
NC_085633.1	380
NC_085634.1	386
NC_085635.1	386
NC_085636.1	386
NC_085637.1	380
NC_085638.1	386
NC_085639.1	380
NC_085640.1	380
NC_085641.1	380
NC_085642.1	386
NC_085643.1	380
NC_085644.1	379
NC_085645.1	380
NC_085646.1	380
NC_085647.1	380
NC_085648.1	380
NC_085649.1	380
NC_085650.1	380
NC_085651.1	380
NC_085652.1	380
NC_085653.1	380
NC_085654.1	380
NC_085655.1	380
NC_085656.1	380
NC_085657.1	380
NC_085658.1	380
NC_085659.1	380
NC_085660.1	380
NC_085661.1	380
NC_085662.1	380
NC_085663.1	386
NC_085664.1	380
NC_085665.1	380
NC_085666.1	380
NC_085667.1	380
NC_085668.1	380
NC_085669.1	380
NC_085670.1	380
NC_085671.1	380
NC_085672.1	385
NC_085704.1	462
NC_085705.1	416
NC_085706.1	238
NC_085707.1	459
NC_085708.1	461
NC_085709.1	332
NC_085710.1	403
NC_085711.1	369
NC_085712.1	420
NC_085713.1	429
NC_085714.1	429
NC_085715.1	429
NC_085716.1	422
NC_085717.1	429
NC_085718.1	379
NC_085719.1	379
NC_085720.1	380
NC_085721.1	379
NC_085722.1	379
NC_085723.1	380
NC_085724.1	379
NC_085725.1	380
NC_085726.1	380
NC_085727.1	379
NC_085728.1	379
NC_085729.1	379
NC_085730.1	367
NC_085731.1	390
NC_085734.1	399
NC_085740.1	371
NC_085741.1	371
NC_085742.1	371
NC_085743.1	371
NC_085744.1	371
NC_085749.1	352
NC_085752.1	385
NC_085753.1	373
NC_085754.1	372
NC_085755.1	372
NC_085759.1	369
NC_085761.1	392
NC_085769.1	410
NC_085770.1	411
NC_085771.1	411
NC_085774.1	265
NC_085775.1	275
NC_085776.1	265
NC_085777.1	265
NC_085778.1	265
NC_085779.1	275
NC_085780.1	265
NC_085781.1	265
NC_085783.1	265
NC_085784.1	437
NC_085788.1	369
NC_085796.1	404
NC_085797.1	400
NC_085798.1	400
NC_085799.1	400
NC_085800.1	407
NC_085801.1	400
NC_085802.1	400
NC_085803.1	400
NC_085804.1	400
NC_085805.1	400
NC_085806.1	400
NC_085807.1	400
NC_085808.1	400
NC_085809.1	395
NC_085810.1	388
NC_085818.1	390
NC_085819.1	390
NC_085820.1	390
NC_085823.1	351
NC_085733.1	386
NC_085732.1	387
NC_033366.1	364
NC_086485.1	360
NC_086486.1	365
NC_086487.1	360
NC_086488.1	360
NC_086489.1	361
NC_086503.1	359
NC_086504.1	359
NC_086516.1	380
NC_086520.1	378
NC_086521.1	369
NC_086523.1	369
NC_086524.1	369
NC_086525.1	369
NC_086526.1	369
NC_086529.1	395
NC_086530.1	395
NC_086531.1	395
NC_086532.1	395
NC_086540.1	395
NC_086541.1	395
NC_086542.1	395
NC_086544.1	369
NC_086545.1	369
NC_086546.1	369
NC_086547.1	369
NC_086548.1	369
NC_086549.1	369
NC_086550.1	369
NC_086552.1	351
NC_086553.1	347
NC_086554.1	342
NC_086555.1	370
NC_086558.1	380
NC_086559.1	380
NC_086560.1	380
NC_086561.1	380
NC_086562.1	379
NC_086563.1	379
NC_086564.1	379
NC_086565.1	379
NC_086566.1	379
NC_086573.1	430
NC_086576.1	385
NC_086577.1	397
NC_086578.1	382
NC_086579.1	385
NC_086580.1	265
NC_086581.1	265
NC_086582.1	415
NC_086583.1	393
NC_086584.1	388
NC_086585.1	395
NC_086586.1	388
NC_086590.1	381
NC_086601.1	351
NC_086625.1	381
NC_086626.1	432
NC_086627.1	613
NC_086629.1	344
NC_086645.1	402
NC_086646.1	388
NC_086656.1	358
NC_086657.1	319
NC_086658.1	302
NC_086661.1	425
NC_086662.1	393
NC_086663.1	393
NC_086665.1	366
NC_086667.1	315
NC_086668.1	315
NC_086669.1	383
NC_086671.1	385
NC_086672.1	381
NC_086692.1	374
NC_086693.1	374
NC_086694.1	374
NC_086695.1	374
NC_086696.1	374
NC_086697.1	374
NC_086698.1	637
NC_086699.1	647
NC_086700.1	709
NC_086701.1	628
NC_086702.1	653
NC_086703.1	669
NC_086704.1	734
NC_086705.1	721
NC_086706.1	386
NC_086708.1	369
NC_086709.1	406
NC_086710.1	409
NC_086711.1	353
NC_086712.1	430
NC_086713.1	430
NC_086714.1	362
NC_086715.1	383
NC_086716.1	581
NC_086727.1	369
NC_086728.1	365
NC_086734.1	379
NC_086735.1	403
NC_086736.1	402
NC_086737.1	407
NC_086738.1	405
NC_086739.1	400
NC_086740.1	406
NC_086741.1	402
NC_086742.1	402
NC_086743.1	402
NC_086744.1	402
NC_086746.1	389
NC_086747.1	389
NC_086748.1	381
NC_086774.1	402
NC_086776.1	361
NC_086777.1	369
NC_086813.1	369
NC_086814.1	368
NC_086834.1	314
NC_086835.1	314
NC_086836.1	314
NC_086837.1	314
NC_086838.1	314
NC_086839.1	314
NC_086840.1	314
NC_086841.1	314
NC_086842.1	314
NC_086843.1	314
NC_086849.1	188
NC_086850.1	581
NC_086853.1	380
NC_086855.1	329
NC_086862.1	369
NC_086867.1	372
NC_086868.1	374
NC_086880.1	369
NC_086881.1	369
NC_086882.1	371
NC_086883.1	369
NC_086884.1	369
NC_086885.1	369
NC_086889.1	346
NC_086890.1	345
NC_086891.1	346
NC_086892.1	346
NC_086893.1	346
NC_086894.1	346
NC_086895.1	346
NC_086896.1	346
NC_086898.1	345
NC_086899.1	273
NC_086901.1	370
NC_086902.1	370
NC_086925.1	395
NC_086926.1	395
NC_086927.1	395
NC_086928.1	395
NC_086929.1	395
NC_086930.1	395
NC_086931.1	395
NC_086932.1	395
NC_086933.1	395
NC_086934.1	395
NC_086935.1	395
NC_086936.1	395
NC_086937.1	395
NC_086938.1	395
NC_086940.1	395
NC_086941.1	395
NC_086942.1	395
NC_086943.1	367
NC_086953.1	369
NC_086954.1	413
NC_086968.1	291
NC_086969.1	291
NC_086971.1	291
NC_086972.1	291
NC_086973.1	291
NC_086974.1	291
NC_086975.1	291
NC_086976.1	424
NC_086978.1	345
NC_086979.1	433
NC_086980.1	428
NC_086981.1	425
NC_086982.1	427
NC_086983.1	464
NC_086984.1	441
NC_086985.1	441
NC_086986.1	418
NC_086987.1	405
NC_086988.1	402
NC_086989.1	392
NC_086990.1	392
NC_086991.1	379
NC_086992.1	394
NC_086993.1	423
NC_086994.1	392
NC_086995.1	392
NC_086996.1	392
NC_086997.1	392
NC_086998.1	392
NC_086999.1	391
NC_087000.1	404
NC_087001.1	392
NC_087002.1	393
NC_087003.1	393
NC_087004.1	392
NC_087005.1	394
NC_087006.1	382
NC_087007.1	382
NC_087008.1	382
NC_087009.1	382
NC_087010.1	382
NC_087011.1	381
NC_087012.1	382
NC_087013.1	392
NC_087014.1	392
NC_087015.1	392
NC_087016.1	392
NC_087017.1	392
NC_087018.1	392
NC_087019.1	392
NC_087020.1	393
NC_087021.1	393
NC_087022.1	392
NC_087023.1	292
NC_087024.1	286
NC_087025.1	285
NC_087026.1	287
NC_087027.1	289
NC_087028.1	291
NC_087029.1	291
NC_087030.1	291
NC_087031.1	415
NC_087032.1	398
NC_087033.1	405
NC_087034.1	402
NC_087035.1	390
NC_087036.1	391
NC_087037.1	413
NC_087038.1	401
NC_087039.1	398
NC_087040.1	399
NC_087041.1	398
NC_087042.1	397
NC_087044.1	384
NC_087045.1	398
NC_087046.1	398
NC_087047.1	286
NC_087048.1	382
NC_087061.1	369
NC_086861.1	369
NC_086670.1	385
NC_087043.1	400
NC_087626.1	366
NC_087627.1	364
NC_087631.1	415
NC_087632.1	314
NC_087633.1	314
NC_087634.1	314
NC_087635.1	314
NC_087636.1	314
NC_087637.1	314
NC_087638.1	304
NC_087639.1	314
NC_087640.1	314
NC_087641.1	315
NC_087642.1	314
NC_087643.1	314
NC_087644.1	315
NC_087645.1	323
NC_087646.1	314
NC_087647.1	309
NC_087648.1	314
NC_087649.1	314
NC_087650.1	320
NC_087651.1	319
NC_087652.1	314
NC_087653.1	320
NC_087654.1	318
NC_087655.1	314
NC_087656.1	320
NC_087657.1	314
NC_087658.1	314
NC_087659.1	314
NC_087660.1	325
NC_087661.1	319
NC_087662.1	320
NC_087663.1	314
NC_087664.1	314
NC_087665.1	314
NC_087666.1	314
NC_087667.1	319
NC_087668.1	314
NC_087669.1	319
NC_087670.1	319
NC_087671.1	324
NC_087672.1	319
NC_087673.1	319
NC_087674.1	319
NC_087675.1	319
NC_087676.1	319
NC_087677.1	319
NC_087678.1	319
NC_087679.1	319
NC_087680.1	319
NC_087681.1	319
NC_087682.1	319
NC_087683.1	322
NC_087684.1	319
NC_087685.1	319
NC_087686.1	319
NC_087687.1	319
NC_087688.1	319
NC_087689.1	319
NC_087690.1	319
NC_087691.1	319
NC_087692.1	319
NC_087693.1	319
NC_087694.1	319
NC_087695.1	319
NC_087696.1	319
NC_087697.1	319
NC_087698.1	314
NC_087699.1	314
NC_087700.1	314
NC_087703.1	369
NC_087704.1	369
NC_087706.1	369
NC_087707.1	369
NC_087708.1	369
NC_087709.1	369
NC_087710.1	381
NC_087711.1	378
NC_087712.1	378
NC_087713.1	369
NC_087714.1	369
NC_087715.1	369
NC_087716.1	369
NC_087717.1	435
NC_087718.1	435
NC_087719.1	435
NC_087720.1	435
NC_087721.1	431
NC_087723.1	373
NC_087726.1	363
NC_087746.1	386
NC_087747.1	386
NC_087748.1	381
NC_087749.1	383
NC_087750.1	386
NC_087751.1	386
NC_087752.1	388
NC_087753.1	390
NC_087754.1	191
NC_087755.1	191
NC_087757.1	357
NC_087760.1	362
NC_087761.1	428
NC_087763.1	382
NC_087764.1	383
NC_087765.1	386
NC_087766.1	386
NC_087767.1	386
NC_087768.1	386
NC_087769.1	383
NC_087777.1	371
NC_087786.1	388
NC_087801.1	346
NC_087811.1	383
NC_087812.1	383
NC_087813.1	383
NC_087814.1	362
NC_087846.1	365
NC_087847.1	366
NC_087848.1	380
NC_087849.1	380
NC_087851.1	541
NC_087855.1	301
NC_087858.1	661
NC_087867.1	381
NC_087883.1	357
NC_087884.1	351
NC_087885.1	356
NC_087886.1	354
NC_087887.1	355
NC_087889.1	356
NC_087922.1	310
NC_087928.1	310
NC_087974.1	366
NC_087975.1	366
NC_088033.1	401
NC_088034.1	357
NC_088035.1	340
NC_088036.1	339
NC_088042.1	378
NC_088043.1	380
NC_088044.1	378
NC_088045.1	384
NC_088046.1	374
NC_088048.1	394
NC_088049.1	389
NC_088067.1	386
NC_088097.1	447
NC_088431.1	429
NC_088432.1	429
NC_088433.1	423
NC_088434.1	429
NC_088435.1	407
NC_088436.1	417
NC_088438.1	512
NC_088439.1	512
NC_088441.1	398
NC_088459.1	363
NC_088483.1	381
NC_088496.1	400
NC_088498.1	411
NC_088509.1	397
NC_088510.1	381
NC_088511.1	381
NC_088512.1	374
NC_088513.1	381
NC_088514.1	381
NC_088523.1	364
NC_088524.1	364
NC_088533.1	380
NC_088534.1	356
NC_088555.1	403
NC_088559.1	390
NC_088562.1	264
NC_088573.1	378
NC_088574.1	177
NC_088719.1	363
NC_088720.1	362
NC_088721.1	364
NC_088722.1	360
NC_088723.1	361
NC_088724.1	360
NC_088725.1	360
NC_088740.1	395
NC_088741.1	628
NC_088747.1	357
NC_088749.1	388
NC_088750.1	383
NC_088751.1	388
NC_088752.1	388
NC_088754.1	375
NC_088755.1	360
NC_088760.1	389
NC_088761.1	359
NC_088762.1	351
NC_088768.1	379
NC_088770.1	367
NC_088771.1	785
NC_001320.1	402
NC_013991.2	379
NC_082429.1	348
NC_140640.1	386
