NC_035499.1	20
NC_044169.1	48
NC_056278.1	51
NC_036304.1	48
NC_049876.1	54
NC_060729.1	56
NC_060581.1	45
NC_071783.1	47
NC_071786.1	54
NC_071789.1	37
NC_071790.1	37
NC_069912.1	35
NC_069913.1	42
NC_069922.1	41
NC_038098.1	62
NC_038102.1	51
NC_038103.1	24
NC_039448.1	51
NC_039449.1	51
NC_039451.1	51
NC_057292.1	54
NC_039450.1	61
NC_057293.1	50
NC_057296.1	40
NC_057297.1	47
NC_057639.1	55
NC_057443.1	46
NC_057450.1	49
NC_042671.1	52
NC_042672.1	52
NC_058773.1	27
NC_058774.1	27
NC_058776.1	41
NC_045307.1	51
NC_045308.1	51
NC_045309.1	51
NC_045311.1	51
NC_045313.1	51
NC_045314.1	51
NC_045315.1	51
NC_045316.1	51
NC_036311.1	50
NC_050048.1	50
NC_050051.1	52
NC_050052.1	54
NC_050054.1	35
NC_071793.1	44
NC_071794.1	45
NC_071795.1	45
NC_071796.1	44
NC_071799.1	45
NC_071800.1	46
NC_069923.1	41
NC_069924.1	40
NC_069925.1	41
NC_069926.1	41
NC_069927.1	41
NC_069928.1	41
NC_069929.1	41
NC_031881.1	56
NC_024813.1	47
NC_022850.1	49
NC_039457.1	40
NC_039458.1	40
NC_039459.1	51
NC_039460.1	51
NC_039462.1	51
NC_039129.1	67
NC_057448.1	51
NC_057455.1	50
NC_057482.1	52
NC_042673.1	53
NC_042686.1	47
NC_042688.1	51
NC_058777.1	33
NC_058778.1	54
NC_045317.1	51
NC_045319.1	51
NC_045321.1	51
NC_045322.1	51
NC_045323.1	51
NC_045324.1	51
NC_045325.1	51
NC_050065.1	50
NC_071802.1	45
NC_071804.1	45
NC_071805.1	45
NC_071806.1	46
NC_071808.1	45
NC_071809.1	46
NC_071810.1	44
NC_052855.1	58
NC_069930.1	41
NC_069931.1	41
NC_069932.1	41
NC_069933.1	41
NC_069934.1	41
NC_069935.1	41
NC_028066.1	51
NC_039463.1	51
NC_039464.1	51
NC_039461.1	51
NC_039415.1	40
NC_057562.1	54
NC_057573.1	52
NC_057592.1	60
NC_057620.1	52
NC_042692.1	47
NC_058787.1	52
NC_058788.1	52
NC_045327.1	51
NC_045328.1	51
NC_045330.1	51
NC_045332.1	51
NC_045333.1	51
NC_045335.1	51
NC_036336.1	51
NC_071811.1	44
NC_071812.1	44
NC_071813.1	50
NC_071814.1	45
NC_071816.1	46
NC_071817.1	52
NC_071818.1	51
NC_028439.1	47
NC_052856.1	58
NC_052857.1	58
NC_052858.1	59
NC_052859.1	58
NC_052860.1	56
NC_052861.1	58
NC_069936.1	41
NC_069937.1	41
NC_069938.1	41
NC_069939.1	41
NC_037699.1	64
NC_037700.1	46
NC_039436.1	65
NC_039413.1	40
NC_042144.1	52
NC_042145.1	52
NC_042146.1	51
NC_042148.1	51
NC_042700.1	51
NC_042701.1	39
NC_042702.1	53
NC_042704.1	53
NC_042706.1	52
NC_042708.1	58
NC_042709.1	53
NC_042710.1	62
NC_058802.1	52
NC_058804.1	52
NC_058805.1	52
NC_045337.1	51
NC_045339.1	51
NC_045340.1	51
NC_045341.1	51
NC_045342.1	51
NC_045344.1	51
NC_045345.1	46
NC_045346.1	51
NC_071827.1	62
NC_071828.1	53
NC_071829.1	57
NC_028409.1	64
NC_028410.1	64
NC_052867.1	64
NC_052917.1	51
NC_069940.1	41
NC_069941.1	41
NC_069942.1	41
NC_069943.1	40
NC_030347.1	48
NC_030350.1	48
NC_035517.1	54
NC_035528.1	51
NC_035546.1	51
NC_022814.1	45
NC_042154.1	47
NC_042155.1	47
NC_042156.1	47
NC_042157.1	47
NC_042158.1	47
NC_042711.1	53
NC_042713.1	45
NC_058809.1	38
NC_058810.1	42
NC_058812.1	46
NC_058814.1	43
NC_058815.1	42
NC_058816.1	34
NC_058818.1	42
NC_045347.1	46
NC_045349.1	46
NC_045351.1	51
NC_045352.1	51
NC_045354.1	51
NC_045355.1	51
NC_049883.1	46
NC_050646.1	46
NC_060991.1	52
NC_052919.1	54
NC_052921.1	61
NC_052744.1	33
NC_052792.1	64
NC_069944.1	41
NC_069946.1	48
NC_069948.1	48
NC_031826.2	54
NC_053765.1	52
NC_053833.1	50
NC_035592.1	64
NC_022398.1	59
NC_022400.1	64
NC_022404.1	64
NC_022408.1	64
NC_022409.1	64
NC_022412.1	64
NC_037758.1	51
NC_039412.1	40
NC_042159.1	47
NC_042160.1	51
NC_042161.1	51
NC_042167.1	41
NC_042726.1	47
NC_042727.1	42
NC_058820.1	42
NC_058821.1	51
NC_058822.1	43
NC_058823.1	64
NC_045356.1	51
NC_045357.1	51
NC_045359.1	51
NC_060994.1	53
NC_060996.1	59
NC_060997.1	66
NC_060998.1	66
NC_028422.1	38
NC_052849.1	46
NC_052863.1	45
NC_069950.1	48
NC_069951.1	48
NC_069954.1	35
NC_069955.1	35
NC_069956.1	35
NC_069957.1	35
NC_032033.1	51
NC_032034.1	51
NC_032040.1	50
NC_024019.1	46
NC_053888.1	50
NC_022380.1	64
NC_022385.1	64
NC_022389.1	64
NC_022392.1	64
NC_022135.1	52
NC_037883.1	51
NC_037911.1	40
NC_037912.1	40
NC_037913.1	40
NC_042178.1	56
NC_042739.1	50
NC_042744.1	48
NC_042745.1	48
NC_058830.1	57
NC_058832.1	35
NC_058833.1	35
NC_058834.1	35
NC_058835.1	61
NC_035671.1	51
NC_035672.1	51
NC_024643.2	52
NC_058688.1	51
NC_058692.1	62
NC_058693.1	50
NC_036510.1	51
NC_036813.1	52
NC_036814.1	52
NC_024662.1	51
NC_024663.1	51
NC_024668.1	52
NC_037717.1	80
NC_046786.1	52
NC_046824.1	51
NC_046698.1	52
NC_036485.1	54
NC_036384.1	52
NC_036502.1	42
NC_036815.1	52
NC_036816.1	52
NC_036817.1	52
NC_030487.1	53
NC_030615.1	52
NC_035648.1	51
NC_024669.1	52
NC_046774.1	49
NC_036498.1	42
NC_024659.1	51
NC_024660.1	51
NC_024661.1	51
NC_024681.1	56
NC_058732.1	46
NC_053524.1	48
NC_022264.1	51
NC_058736.1	45
NC_058740.1	53
NC_058744.1	52
NC_048451.1	56
NC_048453.1	47
NC_048458.1	54
NC_036827.2	52
NC_053535.1	44
NC_058745.1	52
NC_058746.1	52
NC_058747.1	52
NC_058749.1	52
NC_058751.1	126
NC_058754.1	47
NC_058755.1	52
NC_048459.1	54
NC_048460.1	47
NC_048461.1	54
NC_048463.1	21
NC_048464.1	42
NC_026777.1	47
NC_072069.1	39
NC_072070.1	50
NC_053541.1	51
NC_053544.1	35
NC_035652.1	51
NC_035647.1	52
NC_058756.1	26
NC_058758.1	47
NC_058762.1	44
NC_025593.1	47
NC_060999.1	65
NC_061000.1	66
NC_061001.1	65
NC_061002.1	62
NC_061005.1	62
NC_061006.1	56
NC_067507.1	51
NC_067671.1	42
NC_067706.1	41
NC_067561.1	45
NC_067659.1	21
NC_069958.1	35
NC_069959.1	35
NC_069960.1	35
NC_069961.1	35
NC_069962.1	35
NC_069964.1	35
NC_069965.1	35
NC_054175.1	43
NC_035537.1	51
NC_058549.1	47
NC_058551.1	47
NC_058553.1	53
NC_058554.1	53
NC_058555.1	53
NC_058557.1	53
NC_058558.1	53
NC_042746.1	51
NC_042747.1	43
NC_042748.1	50
NC_042751.1	52
NC_058844.1	39
NC_049874.1	45
NC_061009.1	49
NC_061011.1	53
NC_061012.1	53
NC_061014.1	54
NC_061015.1	53
NC_068021.1	44
NC_068022.1	45
NC_068023.1	45
NC_068025.1	44
NC_068026.1	45
NC_068028.1	45
NC_068029.1	43
NC_071197.1	63
NC_071175.1	45
NC_020152.1	55
NC_054176.1	51
NC_054178.1	54
NC_054183.1	50
NC_054188.1	47
NC_058561.1	53
NC_058562.1	53
NC_058563.1	53
NC_058564.1	53
NC_058565.1	53
NC_058566.1	53
NC_058568.1	53
NC_058569.1	53
NC_058851.1	22
NC_058852.1	23
NC_058853.1	51
NC_058854.1	51
NC_061019.1	53
NC_061020.1	55
NC_061021.1	54
NC_061025.1	43
NC_068030.1	43
NC_068031.1	43
NC_068032.1	43
NC_068033.1	45
NC_068035.1	43
NC_068037.1	43
NC_068039.1	43
NC_068040.1	43
NC_036820.1	52
NC_069975.1	220
NC_034295.1	61
NC_054219.1	45
NC_054220.1	59
NC_054221.1	62
NC_023800.1	53
NC_058575.1	42
NC_058579.1	44
NC_058870.1	39
NC_044467.1	59
NC_044468.1	61
NC_044470.1	47
NC_061026.1	53
NC_068041.1	43
NC_068042.1	43
NC_068043.1	42
NC_068044.1	42
NC_068046.1	41
NC_036836.1	52
NC_054281.1	53
NC_054276.1	48
NC_054341.1	54
NC_021111.1	38
NC_023790.1	52
NC_042767.1	40
NC_058871.1	45
NC_058880.1	51
NC_044473.1	46
NC_044481.1	48
NC_044486.1	52
NC_044487.1	52
NC_061028.1	54
NC_062040.1	48
NC_062041.1	47
NC_062042.1	48
NC_068053.1	43
NC_068054.1	44
NC_068056.1	45
NC_068057.1	45
NC_068058.1	44
NC_068060.1	52
NC_034309.1	44
NC_034310.1	44
NC_034311.1	44
NC_034312.1	45
NC_034315.1	50
NC_023792.1	45
NC_067370.1	42
NC_058601.1	52
NC_058881.1	51
NC_058884.1	55
NC_044488.1	52
NC_036341.1	78
NC_036342.1	38
NC_050059.1	51
NC_061038.1	51
NC_061039.1	54
NC_062044.1	48
NC_062046.1	39
NC_062048.1	54
NC_062051.1	51
NC_062052.1	51
NC_062053.1	45
NC_062054.1	45
NC_068066.1	48
NC_042782.1	39
NC_042783.1	39
NC_042785.1	39
NC_058892.1	27
NC_058896.1	51
NC_058897.1	49
NC_058900.1	47
NC_036350.1	52
NC_026835.1	76
NC_026839.1	46
NC_061040.1	52
NC_061041.1	64
NC_062056.1	45
NC_062057.1	45
NC_051455.1	60
NC_058615.1	52
NC_058617.1	50
NC_058618.1	47
NC_058621.1	125
NC_058623.1	124
NC_042789.1	50
NC_058902.1	47
NC_058903.1	47
NC_058905.1	58
NC_058910.1	53
NC_036355.1	46
NC_061042.1	46
NC_061043.1	45
NC_068090.1	52
NC_053688.1	51
NC_053778.1	47
NC_053793.1	45
NC_053860.1	47
NC_058916.1	59
NC_058918.1	52
NC_058919.1	52
NC_058920.1	57
NC_068094.1	42
NC_033534.1	45
NC_037940.1	53
NC_039610.1	40
NC_042735.1	52
NC_042836.1	52
NC_042837.1	52
NC_042838.1	55
NC_042839.1	51
NC_042840.1	51
NC_058925.1	47
NC_058926.1	73
NC_058927.1	47
NC_058929.1	47
NC_058930.1	52
NC_058931.1	47
NC_058933.1	47
NC_062076.1	52
NC_062078.1	40
NC_062079.1	40
NC_062080.1	40
NC_062081.1	40
NC_062084.1	47
NC_071834.1	30
NC_071835.1	52
NC_071836.1	49
NC_071838.1	55
NC_071840.1	65
NC_071841.1	65
NC_068106.1	46
NC_068107.1	51
NC_068109.1	56
NC_068110.1	51
NC_068111.1	51
NC_068112.1	50
NC_033913.1	60
NC_035519.1	51
NC_035535.1	59
NC_058625.1	50
NC_058627.1	31
NC_058628.1	41
NC_058629.1	41
NC_058630.1	49
NC_058631.1	50
NC_058633.1	47
NC_039619.1	52
NC_039622.1	61
NC_039623.1	55
NC_039624.1	51
NC_039625.1	54
NC_039626.1	51
NC_042841.1	55
NC_042842.1	55
NC_042843.1	31
NC_042844.1	55
NC_042939.1	40
NC_042940.1	40
NC_042941.1	40
NC_042942.1	52
NC_058934.1	47
NC_058936.1	47
NC_058937.1	47
NC_058938.1	47
NC_058939.1	52
NC_058940.1	47
NC_058942.1	47
NC_058943.1	52
NC_058944.1	47
NC_062091.1	55
NC_062092.1	55
NC_062093.1	55
NC_062094.1	51
NC_068114.1	51
NC_068115.1	51
NC_068117.1	51
NC_068118.1	51
NC_068119.1	51
NC_068121.1	57
NC_068122.1	57
NC_068123.1	56
NC_033892.1	50
NC_039627.1	44
NC_039634.1	46
NC_039635.1	49
NC_039637.1	46
NC_058945.1	47
NC_058946.1	47
NC_058947.1	52
NC_058949.1	47
NC_058950.1	47
NC_058951.1	47
NC_058953.1	47
NC_058954.1	47
NC_058955.1	47
NC_025651.1	43
NC_062096.1	51
NC_072109.1	45
NC_068124.1	53
NC_068125.1	52
NC_068126.1	52
NC_068127.1	52
NC_068128.1	52
NC_068129.1	50
NC_068131.1	26
NC_068132.1	53
NC_039638.1	46
NC_039568.1	75
NC_058956.1	47
NC_058957.1	47
NC_058960.1	52
NC_025652.1	41
NC_050204.1	40
NC_050205.1	40
NC_050206.1	40
NC_050208.1	40
NC_050209.1	40
NC_026694.1	40
NC_068133.1	42
NC_068134.1	54
NC_068135.1	53
NC_068136.1	51
NC_068138.1	55
NC_039636.1	46
NC_044412.1	47
NC_050210.1	40
NC_050211.1	47
NC_050212.1	52
NC_062126.1	53
NC_072134.1	56
NC_033880.1	56
NC_021430.1	46
NC_021431.1	46
NC_021432.1	46
NC_035514.1	49
NC_035514.1	195
NC_038131.1	61
NC_058983.1	53
NC_058984.1	56
NC_058985.1	56
NC_044418.1	52
NC_062127.1	51
NC_062129.1	42
NC_062130.1	53
NC_072143.1	48
NC_072144.1	48
NC_024831.1	52
NC_039991.1	61
NC_039939.1	61
NC_039957.1	47
NC_039930.1	61
NC_058986.1	56
NC_058987.1	51
NC_058988.1	55
NC_058989.1	50
NC_058993.1	52
NC_058994.1	64
NC_061051.1	51
NC_062141.1	24
NC_033511.1	54
NC_033498.1	39
NC_033524.1	40
NC_040009.1	46
NC_039943.1	58
NC_039952.1	48
NC_039925.1	46
NC_058996.1	47
NC_059001.1	51
NC_059003.1	59
NC_059004.1	46
NC_059005.1	64
NC_027607.1	46
NC_062144.1	23
NC_062145.1	43
NC_062146.1	45
NC_062148.1	45
NC_062149.1	45
NC_062150.1	45
NC_062151.1	45
NC_072165.1	29
NC_029813.1	47
NC_029815.1	386
NC_030346.1	48
NC_035829.1	47
NC_035830.1	47
NC_035831.2	47
NC_035832.1	58
NC_035834.1	44
NC_062152.1	45
NC_062153.1	45
NC_062154.1	45
NC_062156.1	56
NC_072171.1	57
NC_072174.1	51
NC_029827.1	52
NC_029828.1	59
NC_029829.1	62
NC_029830.1	51
NC_067770.1	49
NC_067771.1	44
NC_072179.1	48
NC_072180.1	48
NC_029833.1	40
NC_067782.1	21
NC_067783.1	21
NC_067786.1	45
NC_062168.1	52
NC_062169.1	52
NC_029814.1	86
NC_070020.1	39
NC_070021.1	39
NC_070022.1	39
NC_070023.1	39
NC_070025.1	39
NC_042693.1	50
NC_049007.1	51
NC_049053.1	45
NC_049081.1	51
NC_049114.1	51
NC_061004.1	65
NC_061050.1	52
NC_061013.1	53
NC_070026.1	39
NC_070027.1	39
NC_070028.1	39
NC_070029.1	39
NC_070030.1	39
NC_070031.1	39
NC_070034.1	39
NC_070035.1	39
NC_033500.1	39
NC_033501.1	50
NC_033502.1	51
NC_067810.1	62
NC_042925.1	56
NC_042707.1	53
NC_049140.1	32
NC_059684.1	57
NC_059685.1	48
NC_059686.1	48
NC_059687.1	48
NC_059688.1	48
NC_061023.1	53
NC_050871.1	35
NC_062045.1	47
NC_061964.1	100
NC_070037.1	39
NC_032719.1	46
NC_032691.1	55
NC_033513.1	54
NC_033514.1	54
NC_069068.1	51
NC_069069.1	46
NC_069063.1	55
NC_042743.1	48
NC_042827.1	50
NC_042919.1	45
NC_042934.1	41
NC_042884.1	50
NC_025554.1	51
NC_059691.1	50
NC_059692.1	50
NC_059696.1	43
NC_059698.1	58
NC_059699.1	47
NC_062132.1	46
NC_062095.1	51
NC_070044.1	39
NC_070045.1	39
NC_070047.1	51
NC_033515.1	54
NC_033517.1	54
NC_033518.1	54
NC_033519.1	54
NC_033520.1	54
NC_033525.1	40
NC_033527.1	40
NC_033864.1	52
NC_035833.1	47
NC_069062.1	52
NC_067826.1	46
NC_067827.1	48
NC_067829.1	48
NC_067830.1	48
NC_067831.1	48
NC_054150.1	56
NC_054155.1	51
NC_042870.1	52
NC_042703.1	53
NC_059701.1	51
NC_061003.1	66
NC_036681.1	52
NC_036683.1	52
NC_036684.1	52
NC_036703.1	51
NC_050800.1	48
NC_050956.1	44
NC_062082.1	46
NC_062147.1	45
NC_033499.1	39
NC_033512.1	54
NC_033908.1	63
NC_035876.1	42
NC_069066.1	54
NC_069067.1	67
NC_067832.1	42
NC_067833.1	48
NC_067835.1	48
NC_067836.1	48
NC_067837.1	48
NC_067840.1	45
NC_067842.1	54
NC_054162.1	61
NC_054163.1	57
NC_054166.1	62
NC_054168.1	57
NC_042680.1	47
NC_042681.1	51
NC_059715.1	57
NC_059718.1	23
NC_059719.1	46
NC_059720.1	51
NC_061985.1	52
NC_062050.1	51
NC_053916.1	52
NC_059007.1	54
NC_045399.1	24
NC_048462.1	49
NC_059727.1	52
NC_059728.1	52
NC_059729.1	52
NC_027674.1	70
NC_027675.1	64
NC_027676.1	52
NC_061016.1	53
NC_062097.1	51
NC_061912.1	48
NC_061942.1	58
NC_061947.1	59
NC_072257.1	47
NC_059021.1	45
NC_045294.1	52
NC_045388.1	56
NC_045394.1	40
NC_045386.1	45
NC_047176.1	40
NC_047177.1	61
NC_048524.1	55
NC_059732.1	52
NC_059733.1	53
NC_059734.1	51
NC_059735.1	52
NC_059736.1	52
NC_059738.1	52
NC_059739.1	52
NC_059740.1	52
NC_027679.1	64
NC_027681.1	26
NC_027685.1	46
NC_062058.1	45
NC_062134.1	45
NC_061927.1	57
NC_072261.1	52
NC_072262.1	58
NC_072268.1	67
NC_072269.1	47
NC_031854.1	61
NC_032698.1	53
NC_032700.1	60
NC_032701.1	55
NC_032702.1	53
NC_032705.1	53
NC_032706.1	53
NC_032708.1	53
NC_032710.1	55
NC_053553.1	46
NC_039554.1	47
NC_039555.1	51
NC_057434.1	51
NC_057435.1	28
NC_059029.1	28
NC_059030.1	28
NC_059031.1	28
NC_059032.1	28
NC_059033.1	52
NC_045416.1	51
NC_047180.1	50
NC_047181.1	50
NC_047182.1	50
NC_049156.1	52
NC_049111.1	56
NC_059741.1	52
NC_059743.1	62
NC_059744.1	62
NC_059745.1	62
NC_059746.1	62
NC_059747.1	42
NC_059748.1	46
NC_027691.1	48
NC_061940.1	59
NC_062043.1	48
NC_062055.1	45
NC_072275.1	60
NC_072276.1	42
NC_072281.1	61
NC_031892.1	51
NC_032711.1	45
NC_032712.1	45
NC_032713.1	45
NC_032714.1	45
NC_032717.1	68
NC_032720.1	46
NC_021426.1	53
NC_021429.1	46
NC_021433.1	46
NC_058646.1	51
NC_058648.1	47
NC_058649.1	55
NC_039556.1	47
NC_039557.1	64
NC_057439.1	58
NC_057441.1	45
NC_057445.1	50
NC_057446.1	46
NC_057447.1	51
NC_057449.1	51
NC_059039.1	56
NC_059040.1	64
NC_059041.1	64
NC_059042.1	64
NC_059043.1	64
NC_059044.1	64
NC_059047.1	64
NC_045391.1	51
NC_047192.1	61
NC_048972.1	21
NC_059751.1	52
NC_059752.1	52
NC_032721.1	46
NC_032724.1	40
NC_039569.1	76
NC_039575.1	53
NC_057452.1	50
NC_057453.1	51
NC_057454.1	51
NC_057456.1	45
NC_057457.1	46
NC_057458.1	56
NC_057459.1	45
NC_057460.1	56
NC_059049.1	64
NC_059051.1	64
NC_059052.1	64
NC_059053.1	64
NC_059054.1	64
NC_059055.1	64
NC_059056.1	64
NC_059057.1	64
NC_047197.1	47
NC_047200.1	51
NC_048958.1	47
NC_049061.1	52
NC_049016.1	48
NC_026036.1	45
NC_026040.1	45
NC_026041.1	37
NC_059761.1	46
NC_059767.1	67
NC_026299.1	52
NC_072300.1	51
NC_072301.1	48
NC_072302.1	50
NC_068230.1	52
NC_068233.1	50
NC_068234.1	43
NC_031299.1	52
NC_032704.1	53
NC_033970.1	67
NC_057463.1	46
NC_059058.1	64
NC_059059.1	64
NC_045519.1	53
NC_047211.1	52
NC_047213.1	51
NC_047214.1	51
NC_047215.1	60
NC_049027.1	23
NC_049044.1	51
NC_049146.1	32
NC_026690.1	51
NC_026691.1	51
NC_061215.1	45
NC_061218.1	49
NC_072304.1	50
NC_072305.1	48
NC_072306.1	49
NC_072308.1	50
NC_072310.1	50
NC_072311.1	48
NC_072312.1	48
NC_068242.1	40
NC_068243.1	40
NC_033978.1	61
NC_033979.1	50
NC_033980.1	52
NC_039127.1	61
NC_039128.1	61
NC_039130.1	61
NC_039133.1	52
NC_039597.1	64
NC_039598.1	40
NC_039599.1	40
NC_058567.1	53
NC_058819.1	42
NC_058748.1	52
NC_047228.1	53
NC_059786.1	43
NC_059787.1	62
NC_059789.1	46
NC_059790.1	46
NC_072315.1	39
NC_072316.1	39
NC_072317.1	39
NC_072318.1	39
NC_072320.1	39
NC_072321.1	39
NC_072322.1	39
NC_072323.1	39
NC_072324.1	39
NC_068253.1	40
NC_035591.1	64
NC_037784.1	56
NC_039600.1	40
NC_039601.1	40
NC_039603.1	40
NC_039604.1	36
NC_039605.1	36
NC_039607.1	41
NC_057481.1	50
NC_057486.1	54
NC_057488.1	47
NC_058924.1	51
NC_047229.1	53
NC_047230.1	54
NC_047232.1	20
NC_047234.1	22
NC_047235.1	20
NC_047236.1	50
NC_059798.1	53
NC_059799.1	53
NC_059800.1	28
NC_068257.1	56
NC_030056.1	40
NC_030062.1	44
NC_030371.1	20
NC_030377.1	51
NC_034791.1	51
NC_034792.1	50
NC_034793.1	50
NC_053550.1	52
NC_057494.1	62
NC_057495.1	64
NC_042917.1	46
NC_042918.1	44
NC_042920.1	42
NC_042923.1	56
NC_042924.1	56
NC_042926.1	55
NC_042927.1	56
NC_059048.1	64
NC_045405.1	43
NC_045409.1	51
NC_045420.1	51
NC_045421.1	51
NC_045422.1	51
NC_059802.1	39
NC_059807.1	39
NC_068269.1	55
NC_030063.1	45
NC_030065.1	23
NC_030067.1	52
NC_030068.1	52
NC_031805.1	44
NC_033862.1	52
NC_033863.1	52
NC_053562.1	56
NC_053564.1	64
NC_057504.1	31
NC_057506.1	50
NC_057508.1	43
NC_042928.1	55
NC_042929.1	55
NC_042931.1	42
NC_058901.1	47
NC_058550.1	47
NC_058997.1	47
NC_058941.1	47
NC_058914.1	39
NC_058817.1	42
NC_045423.1	50
NC_045424.1	51
NC_047250.1	78
NC_047251.1	59
NC_059815.1	53
NC_059821.1	52
NC_059822.1	52
NC_033876.1	68
NC_033878.1	50
NC_053570.1	57
NC_042933.1	33
NC_042935.1	40
NC_042936.1	40
NC_042937.1	40
NC_042938.1	39
NC_059045.1	64
NC_058620.1	49
NC_058948.1	52
NC_058948.1	151
NC_058879.1	51
NC_058743.1	67
NC_047310.1	45
NC_047311.1	51
NC_047312.1	51
NC_059823.1	52
NC_059824.1	52
NC_059825.1	52
NC_059826.1	52
NC_059827.1	52
NC_059829.1	52
NC_059830.1	52
NC_059831.1	52
NC_028009.1	42
NC_067605.1	53
NC_067981.1	31
NC_023236.1	47
NC_023237.1	51
NC_023238.1	47
NC_023240.1	47
NC_030069.1	52
NC_031822.1	50
NC_031829.1	47
NC_033879.1	52
NC_033881.1	54
NC_034801.1	59
NC_034802.1	53
NC_034803.1	52
NC_042950.1	63
NC_042954.1	45
NC_058887.1	51
NC_058578.1	9
NC_047409.1	47
NC_047420.1	34
NC_059834.1	52
NC_059835.1	52
NC_059836.1	52
NC_059838.1	52
NC_059839.1	52
NC_059840.1	51
NC_059841.1	51
NC_059842.1	52
NC_028032.1	49
NC_067941.1	48
NC_067839.1	45
NC_067675.1	21
NC_023241.1	47
NC_023242.1	47
NC_023234.1	47
NC_033893.1	50
NC_057535.1	56
NC_042955.1	46
NC_058750.1	52
NC_058825.1	65
NC_058959.1	52
NC_044968.1	66
NC_047377.1	60
NC_047429.1	46
NC_059844.1	52
NC_059849.1	42
NC_067775.1	47
NC_067759.1	46
NC_068038.1	43
NC_031849.1	49
NC_033894.1	50
NC_033895.1	41
NC_033896.1	64
NC_033897.1	64
NC_034758.1	52
NC_053609.1	26
NC_037446.1	39
NC_037447.1	51
NC_037448.1	51
NC_056086.1	39
NC_056165.1	52
NC_058928.1	47
NC_059000.1	46
NC_058779.1	62
NC_045400.1	41
NC_045297.1	62
NC_045338.1	51
NC_045329.1	51
NC_045310.1	51
NC_047313.1	51
NC_059857.1	64
NC_059863.1	48
NC_067670.1	42
NC_031855.1	61
NC_031856.1	61
NC_033910.1	48
NC_034643.1	45
NC_053610.1	51
NC_037482.1	47
NC_037485.1	41
NC_056082.1	39
NC_056083.1	39
NC_056084.1	39
NC_056085.1	39
NC_056197.1	38
NC_056198.1	41
NC_057554.1	49
NC_057555.1	48
NC_057563.1	54
NC_058913.1	39
NC_058560.1	53
NC_058622.1	122
NC_058952.1	47
NC_058813.1	38
NC_058526.1	48
NC_045343.1	51
NC_045318.1	51
NC_045358.1	51
NC_045290.1	61
NC_059865.1	60
NC_067524.1	51
NC_067828.1	74
NC_068089.1	51
NC_068258.1	45
NC_031874.1	43
NC_053622.1	51
NC_053627.1	73
NC_056199.1	42
NC_056345.1	51
NC_056329.1	21
NC_057564.1	54
NC_057565.1	54
NC_057567.1	54
NC_057568.1	54
NC_057571.1	52
NC_057572.1	47
NC_057574.1	51
NC_058556.1	53
NC_058595.1	51
NC_058650.1	42
NC_061221.1	176
NC_061223.1	217
NC_061224.1	140
NC_061230.1	23
NC_072325.1	39
NC_072329.1	51
NC_035633.2	54
NC_035651.1	51
NC_038093.1	61
NC_038094.1	62
NC_038095.1	62
NC_042790.1	50
NC_057575.1	47
NC_057576.1	51
NC_057577.1	52
NC_057579.1	52
NC_057580.1	47
NC_057581.1	51
NC_057582.1	49
NC_057583.1	51
NC_057585.1	51
NC_042825.1	51
NC_042826.1	45
NC_042830.1	52
NC_048478.1	45
NC_049021.1	46
NC_048999.1	51
NC_048973.1	20
NC_072338.1	43
NC_072342.1	49
NC_072345.1	53
NC_052696.1	43
NC_052697.1	98
NC_052702.1	35
NC_034743.1	42
NC_038096.1	62
NC_038097.1	62
NC_057586.1	46
NC_057587.1	51
NC_057595.1	48
NC_042831.1	51
NC_042832.1	51
NC_042845.1	51
NC_042846.1	55
NC_042848.1	55
NC_042851.1	55
NC_048488.1	53
NC_048492.1	58
NC_049131.1	52
NC_049143.1	32
NC_049050.1	51
NC_008096.2	40
NC_072319.1	39
NC_052706.1	55
NC_034747.1	52
NC_057598.1	51
NC_057600.1	52
NC_057601.1	46
NC_057602.1	48
NC_057607.1	42
NC_042852.1	55
NC_042853.1	55
NC_042856.1	55
NC_042858.1	52
NC_042867.1	52
NC_042868.1	52
NC_065004.1	54
NC_072253.1	52
NC_072054.1	42
NC_053326.1	59
NC_053331.1	47
NC_053332.1	47
NC_053334.1	48
NC_034759.1	52
NC_034760.1	52
NC_034761.1	52
NC_034762.1	52
NC_034764.1	52
NC_034765.1	52
NC_057610.1	55
NC_057615.1	49
NC_057616.1	46
NC_042869.1	52
NC_042871.1	52
NC_042872.1	52
NC_048498.1	55
NC_048503.1	39
NC_072167.1	40
NC_052727.1	47
NC_052728.1	64
NC_052729.1	59
NC_052730.1	50
NC_053335.1	48
NC_053338.1	48
NC_053339.1	48
NC_053340.1	48
NC_053341.1	48
NC_053342.1	48
NC_053343.1	48
NC_034766.1	52
NC_020316.1	47
NC_037694.1	59
NC_057623.1	43
NC_057624.1	52
NC_057625.1	52
NC_057626.1	52
NC_057627.1	52
NC_042885.1	57
NC_042886.1	48
NC_048504.1	40
NC_048505.1	48
NC_048509.1	51
NC_061256.1	42
NC_061257.1	42
NC_061258.1	42
NC_061263.1	51
NC_072247.1	59
NC_072307.1	49
NC_072282.1	52
NC_072146.1	47
NC_052739.1	31
NC_052740.1	31
NC_030329.1	51
NC_053345.1	48
NC_053346.1	48
NC_053347.1	48
NC_053348.1	48
NC_053352.1	62
NC_053353.1	74
NC_034777.1	53
NC_057630.1	52
NC_057631.1	52
NC_057637.1	47
NC_057640.1	50
NC_045380.1	45
NC_046385.1	58
NC_048512.1	43
NC_048513.1	54
NC_048514.1	40
NC_048515.1	40
NC_072256.1	47
NC_052745.1	55
NC_052746.1	49
NC_052748.1	43
NC_030348.1	48
NC_030349.1	48
NC_053355.1	74
NC_020362.1	47
NC_020364.1	52
NC_057641.1	55
NC_057953.1	45
NC_057955.1	56
NC_057956.1	51
NC_042903.1	42
NC_045384.1	52
NC_045385.1	45
NC_045392.1	51
NC_045393.1	51
NC_046388.1	54
NC_046389.1	57
NC_046390.1	54
NC_046391.1	54
NC_046393.1	54
NC_048518.1	68
NC_048522.1	29
NC_061264.1	51
NC_061265.1	52
NC_061267.1	51
NC_061268.1	52
NC_061270.1	51
NC_061271.1	51
NC_061272.1	52
NC_072314.1	40
NC_030044.1	40
NC_030351.1	48
NC_053369.1	55
NC_053371.1	55
NC_053372.1	22
NC_053373.1	22
NC_053374.1	22
NC_053375.1	22
NC_037084.1	48
NC_037952.1	50
NC_057656.1	55
NC_057957.1	51
NC_057961.1	42
NC_057962.1	53
NC_057967.1	46
NC_042912.1	45
NC_042914.1	42
NC_042915.1	42
NC_045395.1	40
NC_045396.1	68
NC_045398.1	42
NC_045402.1	46
NC_059880.1	54
NC_059882.1	69
NC_059883.1	66
NC_059885.1	70
NC_068116.1	51
NC_068108.1	51
NC_028727.1	48
NC_028728.1	48
NC_028729.1	50
NC_018766.1	52
NC_054169.1	60
NC_054171.1	68
NC_054172.1	27
NC_054174.1	47
NC_057661.1	55
NC_041579.1	61
NC_041583.1	53
NC_041584.1	53
NC_057974.1	31
NC_057978.1	57
NC_058739.1	53
NC_058847.1	56
NC_058935.1	47
NC_045117.1	43
NC_045081.1	54
NC_045084.1	45
NC_050384.1	74
NC_050388.1	51
NC_050389.1	51
NC_026877.1	40
NC_059886.1	68
NC_059887.1	69
NC_059888.1	69
NC_059889.1	67
NC_059890.1	69
NC_059891.1	66
NC_059892.1	70
NC_068052.1	41
NC_028720.1	53
NC_070056.1	47
NC_037760.1	48
NC_037761.1	49
NC_037762.1	49
NC_037763.1	54
NC_037764.1	49
NC_037766.1	49
NC_054181.1	46
NC_054182.1	64
NC_040966.1	33
NC_040978.1	45
NC_041586.1	40
NC_041589.1	40
NC_041590.1	40
NC_041591.1	40
NC_057986.1	41
NC_057987.1	46
NC_057988.1	50
NC_058995.1	47
NC_059046.1	64
NC_059050.1	64
NC_050395.1	48
NC_059898.1	50
NC_059901.1	45
NC_059902.1	41
NC_059905.1	52
NC_059906.1	49
NC_060289.1	51
NC_068068.1	46
NC_067611.1	46
NC_068004.1	59
NC_067995.1	60
NC_070069.1	53
NC_037767.1	49
NC_038092.1	61
NC_054196.1	42
NC_054197.1	52
NC_054198.1	56
NC_040999.1	53
NC_057682.1	62
NC_057683.1	62
NC_057594.1	54
NC_041594.1	40
NC_041595.1	40
NC_041597.1	40
NC_057991.1	51
NC_057994.1	43
NC_057995.1	55
NC_057996.1	57
NC_059101.1	51
NC_058700.1	46
NC_050402.1	53
NC_050403.1	52
NC_050404.1	52
NC_050405.1	52
NC_050407.1	53
NC_050408.1	53
NC_050409.1	53
NC_050410.1	52
NC_059909.1	54
NC_059914.1	24
NC_059915.1	24
NC_059917.1	47
NC_060294.1	56
NC_060297.1	52
NC_060299.1	53
NC_067572.1	43
NC_067630.1	52
NC_068055.1	47
NC_070082.1	45
NC_070083.1	45
NC_070084.1	41
NC_070085.1	45
NC_070086.1	55
NC_070087.1	53
NC_034229.1	51
NC_054204.1	55
NC_054205.1	50
NC_054212.1	55
NC_040961.1	46
NC_057566.1	60
NC_057629.1	52
NC_057451.1	51
NC_041598.1	40
NC_058000.1	57
NC_058001.1	56
NC_058753.1	52
NC_058831.1	57
NC_058882.1	22
NC_058958.1	47
NC_058759.1	45
NC_050411.1	52
NC_050412.1	52
NC_050413.1	52
NC_050414.1	52
NC_050415.1	52
NC_050371.1	53
NC_060310.1	47
NC_068027.1	45
NC_068036.1	43
NC_067841.1	45
NC_070088.1	49
NC_070095.1	44
NC_070096.1	53
NC_070097.1	45
NC_031852.1	42
NC_038161.1	54
NC_054213.1	48
NC_040960.1	51
NC_057578.1	43
NC_041599.1	40
NC_041600.1	40
NC_058013.1	57
NC_058018.1	55
NC_058803.1	52
NC_026203.1	50
NC_050417.1	58
NC_060312.1	50
NC_067643.1	21
NC_067517.1	51
NC_070099.1	29
NC_070102.1	51
NC_070105.1	43
NC_022928.1	49
NC_038165.1	46
NC_054224.1	39
NC_057628.1	52
NC_041601.1	40
NC_041602.1	40
NC_041603.1	40
NC_057999.1	57
NC_057998.1	57
NC_058912.1	53
NC_058932.1	47
NC_058811.1	42
NC_058539.1	50
NC_036487.1	52
NC_036489.1	51
NC_059945.1	57
NC_059946.1	57
NC_067987.1	31
NC_067508.1	51
NC_067509.1	51
NC_070118.1	53
NC_054238.1	51
NC_057588.1	52
NC_057603.1	48
NC_041604.1	40
NC_057958.1	51
NC_058552.1	53
NC_058559.1	53
NC_058573.1	61
NC_058634.1	48
NC_036494.1	42
NC_036495.1	42
NC_036496.1	41
NC_036497.1	42
NC_036499.1	42
NC_036500.1	42
NC_026220.1	45
NC_059948.1	57
NC_059952.1	29
NC_059955.1	52
NC_059956.1	53
NC_059957.1	52
NC_059958.1	52
NC_060324.1	44
NC_060326.1	50
NC_067645.1	42
NC_067646.1	21
NC_070120.1	53
NC_070121.1	53
NC_063593.1	50
NC_037830.1	51
NC_037831.1	53
NC_037832.1	54
NC_041607.1	40
NC_041608.1	40
NC_041610.1	40
NC_041611.1	40
NC_057990.1	39
NC_058012.1	59
NC_044084.1	64
NC_044085.1	62
NC_050285.1	31
NC_059959.1	53
NC_059961.1	52
NC_059962.1	53
NC_059963.1	53
NC_059964.1	53
NC_059965.1	53
NC_059966.1	52
NC_059967.1	39
NC_026574.1	40
NC_036682.1	51
NC_036685.1	41
NC_036686.1	62
NC_036687.1	52
NC_036688.1	52
NC_036689.1	53
NC_072280.1	51
NC_072108.1	45
NC_051870.1	20
NC_051871.1	33
NC_051872.1	25
NC_051874.1	21
NC_069974.1	35
NC_022381.1	64
NC_040928.1	68
NC_040929.1	68
NC_041532.1	55
NC_041533.1	54
NC_041534.1	56
NC_041535.1	57
NC_041536.1	58
NC_041537.1	57
NC_045049.1	53
NC_045051.1	50
NC_045053.1	50
NC_045054.1	46
NC_045055.1	50
NC_045056.1	50
NC_059969.1	53
NC_059970.1	53
NC_059971.1	53
NC_059973.1	53
NC_059974.1	58
NC_059976.1	53
NC_059977.1	58
NC_059978.1	52
NC_027738.1	50
NC_027743.1	46
NC_036691.1	52
NC_036692.1	51
NC_036696.1	39
NC_036697.1	52
NC_036698.1	52
NC_036699.1	39
NC_072303.1	64
NC_051877.1	70
NC_051879.1	51
NC_051890.1	45
NC_070122.1	53
NC_070123.1	53
NC_070125.1	53
NC_070126.1	53
NC_070127.1	53
NC_070128.1	52
NC_070130.1	52
NC_032718.1	46
NC_022451.2	49
NC_022457.1	43
NC_040935.1	79
NC_040937.1	50
NC_041539.1	50
NC_041540.1	28
NC_041544.1	57
NC_045062.1	41
NC_050306.1	47
NC_059980.1	39
NC_059981.1	53
NC_059983.1	52
NC_059984.1	52
NC_059750.1	52
NC_059867.1	52
NC_036700.1	52
NC_036701.1	52
NC_036753.1	61
NC_036754.1	60
NC_036755.1	61
NC_036756.1	61
NC_051895.1	51
NC_051896.1	51
NC_051897.1	52
NC_051909.1	52
NC_051910.1	51
NC_051912.1	51
NC_051914.1	51
NC_051915.1	51
NC_070466.1	53
NC_070467.1	53
NC_070469.1	53
NC_070470.1	53
NC_070472.1	53
NC_070119.1	53
NC_070333.1	58
NC_033503.1	61
NC_022459.1	51
NC_022462.1	51
NC_040944.1	54
NC_041551.1	40
NC_041552.1	40
NC_044411.1	39
NC_045070.1	51
NC_045071.1	51
NC_045072.1	54
NC_045077.1	48
NC_045079.1	54
NC_059912.1	45
NC_059884.1	69
NC_059833.1	52
NC_059832.1	51
NC_036757.1	61
NC_036690.1	51
NC_051916.1	51
NC_070346.1	45
NC_070354.1	47
NC_033535.1	52
NC_056110.1	58
NC_040953.1	68
NC_040954.1	51
NC_040958.1	46
NC_040959.1	46
NC_040962.1	22
NC_040963.1	46
NC_041553.1	26
NC_041557.1	51
NC_041559.1	51
NC_045080.1	54
NC_045082.1	54
NC_045083.1	45
NC_045085.1	46
NC_045086.1	47
NC_045088.1	45
NC_059731.1	52
NC_059950.1	51
NC_059975.1	53
NC_059726.1	52
NC_059982.1	53
NC_021646.1	51
NC_021647.1	51
NC_037693.1	48
NC_056112.1	41
NC_056133.1	54
NC_056134.1	54
NC_040964.1	46
NC_040965.1	33
NC_040972.1	47
NC_041560.1	51
NC_041562.1	51
NC_041563.1	51
NC_041564.1	51
NC_041565.1	51
NC_045098.1	45
NC_045099.1	44
NC_033898.1	64
NC_021648.1	51
NC_021649.1	51
NC_021650.1	51
NC_037711.1	45
NC_037714.1	51
NC_037716.1	77
NC_037718.1	54
NC_037719.1	54
NC_056137.1	51
NC_056347.1	51
NC_056348.1	51
NC_040979.1	45
NC_040980.1	46
NC_040981.1	45
NC_040982.1	45
NC_041568.1	51
NC_045105.1	50
NC_045106.1	50
NC_045113.1	45
NC_050347.1	52
NC_050354.1	51
NC_050357.1	51
NC_028703.1	46
NC_021645.1	51
NC_039570.1	76
NC_039602.1	40
NC_039609.1	40
NC_039621.1	48
NC_056353.1	49
NC_056375.1	51
NC_040984.1	48
NC_041569.1	51
NC_041570.1	51
NC_045114.1	44
NC_045115.1	44
NC_045118.1	44
NC_045121.1	67
NC_045126.1	52
NC_028719.1	52
NC_028721.1	53
NC_051947.1	51
NC_051949.1	70
NC_031345.1	42
NC_037159.1	52
NC_037184.1	43
NC_022461.1	51
NC_056242.1	39
NC_056096.1	45
NC_056142.1	43
NC_040995.1	67
NC_040996.1	61
NC_040997.1	51
NC_041572.1	51
NC_041574.1	51
NC_044462.1	68
NC_044482.1	48
NC_045064.1	46
NC_045050.1	49
NC_045096.1	58
NC_027728.1	31
NC_060331.1	42
NC_060332.1	51
NC_036704.1	52
NC_036705.1	52
NC_036706.1	51
NC_036708.1	51
NC_036709.1	51
NC_036710.1	52
NC_036711.1	53
NC_018109.1	76
NC_018112.1	76
NC_018113.1	76
NC_052768.1	52
NC_052769.1	46
NC_052770.1	39
NC_030551.1	62
NC_030552.1	62
NC_030553.1	62
NC_030554.1	62
NC_030555.1	61
NC_053640.1	64
NC_053641.1	45
NC_037229.1	42
NC_037231.1	42
NC_037232.1	41
NC_022393.1	64
NC_022394.1	64
NC_022395.1	59
NC_022396.1	59
NC_022401.1	59
NC_022402.1	64
NC_041492.1	51
NC_046599.1	50
NC_046601.1	44
NC_025787.1	39
NC_027744.1	59
NC_060333.1	51
NC_060337.1	51
NC_060339.1	52
NC_060342.1	57
NC_036713.1	49
NC_036714.1	57
NC_036715.1	52
NC_036718.1	56
NC_018117.1	40
NC_030558.1	62
NC_030559.1	63
NC_030560.1	62
NC_030563.1	61
NC_030564.1	62
NC_030565.1	61
NC_030566.1	63
NC_030572.1	63
NC_026570.1	40
NC_053643.1	47
NC_053647.1	52
NC_037240.1	51
NC_037243.1	68
NC_037247.1	44
NC_022403.1	64
NC_022405.1	64
NC_022407.1	64
NC_022410.1	64
NC_022413.1	64
NC_022414.1	64
NC_025744.1	51
NC_025745.1	51
NC_026876.1	40
NC_026878.1	40
NC_026880.1	40
NC_026881.1	40
NC_026882.1	40
NC_060351.1	32
NC_036723.1	61
NC_052786.1	64
NC_052787.1	64
NC_052788.1	65
NC_052789.1	64
NC_052791.1	68
NC_030573.1	62
NC_030574.1	63
NC_030575.1	63
NC_030576.1	62
NC_030577.1	62
NC_030613.1	52
NC_030625.1	52
NC_037251.1	59
NC_037194.1	48
NC_037171.1	39
NC_022417.1	47
NC_064388.1	41
NC_025772.2	50
NC_036733.1	40
NC_036742.1	51
NC_036743.1	62
NC_036744.1	51
NC_071357.1	42
NC_071358.1	45
NC_071359.1	43
NC_071360.1	43
NC_030532.1	53
NC_030494.1	52
NC_037223.1	86
NC_037157.1	52
NC_037250.1	46
NC_050249.1	55
NC_050250.1	47
NC_050253.1	40
NC_036751.1	61
NC_036752.1	61
NC_036759.1	57
NC_018111.1	76
NC_030623.1	52
NC_030500.1	53
NC_037209.1	64
NC_037230.1	42
NC_037145.1	53
NC_022411.1	64
NC_041507.1	39
NC_041508.1	39
NC_060362.1	48
NC_036761.1	54
NC_036764.1	51
NC_036758.1	61
NC_053687.1	53
NC_053691.1	41
NC_022399.1	69
NC_045518.1	23
NC_045520.1	51
NC_050268.1	64
NC_050269.1	64
NC_050270.1	50
NC_026879.1	40
NC_036707.1	55
NC_036694.1	53
NC_036762.1	49
NC_036716.1	53
NC_062309.1	59
NC_052830.1	53
NC_053696.1	52
NC_053699.1	51
NC_053702.1	74
NC_041509.1	53
NC_041510.1	51
NC_041512.1	54
NC_041513.1	54
NC_041514.1	54
NC_041515.1	54
NC_026906.1	40
NC_026907.1	54
NC_026909.1	74
NC_026913.1	54
NC_060367.1	56
NC_036712.1	52
NC_052848.1	54
NC_071361.1	42
NC_032364.1	45
NC_053704.1	59
NC_053713.1	46
NC_022397.1	59
NC_022382.1	64
NC_041517.1	54
NC_041518.1	54
NC_041519.1	54
NC_041520.1	54
NC_041521.1	54
NC_041526.1	51
NC_041527.1	51
NC_041529.1	60
NC_045043.1	46
NC_045045.1	46
NC_045046.1	50
NC_045047.1	56
NC_060372.1	46
NC_060376.1	52
NC_060378.1	54
NC_070131.1	53
NC_070133.1	54
NC_070134.1	58
NC_070139.1	51
NC_035956.1	47
NC_035957.1	59
NC_035895.1	50
NC_041432.1	49
NC_041433.1	56
NC_041434.1	49
NC_041435.1	47
NC_047347.1	51
NC_047233.1	20
NC_047246.1	45
NC_047281.1	51
NC_026726.1	40
NC_060379.1	54
NC_060381.1	54
NC_060385.1	41
NC_030492.1	52
NC_070141.1	51
NC_041437.1	65
NC_041438.1	57
NC_041441.1	59
NC_041442.1	46
NC_047336.1	62
NC_047371.1	40
NC_027147.1	52
NC_027148.1	55
NC_060389.1	52
NC_060390.1	52
NC_060391.1	52
NC_060392.1	52
NC_060393.1	52
NC_060396.1	52
NC_030526.1	46
NC_030548.1	62
NC_030556.1	61
NC_035009.1	52
NC_035024.1	59
NC_035039.1	52
NC_037152.1	50
NC_037158.1	51
NC_037160.1	52
NC_040870.1	68
NC_040852.1	50
NC_041446.1	52
NC_041447.1	54
NC_041449.1	51
NC_047379.1	51
NC_047388.1	56
NC_047399.1	62
NC_047439.1	46
NC_047454.1	48
NC_027185.1	50
NC_060398.1	52
NC_060399.1	53
NC_060400.1	53
NC_060402.1	40
NC_030567.1	57
NC_030504.1	47
NC_032066.1	55
NC_035043.1	52
NC_035022.1	50
NC_037161.1	52
NC_037162.1	58
NC_037163.1	48
NC_037164.1	52
NC_037165.1	52
NC_037166.1	52
NC_037167.1	52
NC_037168.1	57
NC_035625.1	51
NC_041459.1	39
NC_041463.1	39
NC_060407.1	52
NC_060411.1	42
NC_070170.1	56
NC_070172.1	56
NC_070173.1	56
NC_037170.1	58
NC_037176.1	51
NC_035632.2	54
NC_035637.1	47
NC_035639.1	51
NC_035640.1	52
NC_041465.1	54
NC_041467.1	52
NC_041469.1	52
NC_041471.1	52
NC_041472.1	52
NC_041473.1	51
NC_027154.1	55
NC_027184.1	52
NC_060413.1	54
NC_030450.1	39
NC_035010.1	52
NC_035053.1	45
NC_037190.1	53
NC_035641.1	51
NC_035642.1	51
NC_035643.1	51
NC_035644.1	51
NC_035645.1	51
NC_035646.1	51
NC_035649.1	52
NC_035650.1	52
NC_037768.1	49
NC_041478.1	60
NC_041479.1	59
NC_046572.1	51
NC_046576.1	42
NC_025743.1	50
NC_061369.1	56
NC_061373.1	46
NC_030486.1	57
NC_035030.1	53
NC_035037.1	52
NC_037199.1	56
NC_035653.1	51
NC_035654.1	51
NC_035657.1	47
NC_022379.1	64
NC_022383.1	59
NC_026680.1	51
NC_026681.1	52
NC_026682.1	56
NC_046579.1	33
NC_046582.1	38
NC_046585.1	52
NC_061375.1	50
NC_030488.1	47
NC_035018.1	52
NC_035045.1	47
NC_037212.1	48
NC_037226.1	42
NC_037227.1	41
NC_037228.1	42
NC_035662.1	51
NC_022384.1	64
NC_022386.1	64
NC_022387.1	59
NC_022388.1	64
NC_022390.1	64
NC_022391.1	64
NC_026684.1	45
NC_026678.1	51
NC_041485.1	27
NC_041488.1	53
NC_050406.1	52
NC_050251.1	50
NC_067648.1	42
NC_067649.1	42
NC_067650.1	43
NC_067651.1	42
NC_067666.1	42
NC_067667.1	42
NC_067668.1	42
NC_067669.1	42
NC_051532.1	50
NC_035006.1	50
NC_054256.1	65
NC_047482.1	61
NC_047483.1	52
NC_047484.1	42
NC_047485.1	40
NC_036372.1	47
NC_027149.1	55
NC_067672.1	21
NC_067673.1	41
NC_067678.1	42
NC_067679.1	42
NC_067680.1	42
NC_067681.1	42
NC_067682.1	21
NC_067683.1	42
NC_067684.1	21
NC_035011.1	52
NC_035012.1	52
NC_035013.1	52
NC_035014.1	52
NC_035015.1	52
NC_035016.1	52
NC_035017.1	52
NC_046472.1	64
NC_050053.1	48
NC_027150.1	53
NC_027151.1	23
NC_027152.1	51
NC_027153.1	55
NC_027158.1	58
NC_027159.1	68
NC_061378.1	39
NC_067691.1	21
NC_067692.1	42
NC_067693.1	42
NC_067695.1	42
NC_067696.1	42
NC_067697.1	44
NC_067698.1	42
NC_067699.1	42
NC_067701.1	21
NC_031197.1	51
NC_031385.1	51
NC_031398.1	68
NC_035019.1	52
NC_035020.1	52
NC_035021.1	52
NC_035023.1	53
NC_054280.1	51
NC_046473.1	64
NC_027177.1	40
NC_067702.1	42
NC_067703.1	21
NC_067704.1	42
NC_067705.1	21
NC_067760.1	46
NC_035025.1	52
NC_035026.1	51
NC_035027.1	52
NC_035028.1	53
NC_035029.1	52
NC_035031.1	48
NC_054287.1	45
NC_054294.1	43
NC_054295.1	64
NC_061398.1	51
NC_067764.1	51
NC_035032.1	52
NC_035033.1	52
NC_035035.1	52
NC_035036.1	52
NC_054297.1	45
NC_046483.1	49
NC_050163.1	47
NC_050165.1	49
NC_050169.1	39
NC_059788.1	35
NC_061403.1	46
NC_061410.1	58
NC_067778.1	42
NC_067779.1	21
NC_067780.1	42
NC_067874.1	63
NC_067875.1	63
NC_033401.1	76
NC_035038.1	51
NC_035040.1	52
NC_035041.1	52
NC_035042.1	56
NC_035044.1	52
NC_035046.1	53
NC_024165.1	52
NC_054308.1	42
NC_045312.1	51
NC_045353.1	51
NC_045406.1	46
NC_045410.1	51
NC_046489.1	52
NC_047245.1	40
NC_047451.1	48
NC_067882.1	45
NC_035047.1	52
NC_035048.1	52
NC_035049.1	66
NC_035050.1	52
NC_035051.1	56
NC_035941.1	55
NC_024166.1	51
NC_041413.1	55
NC_045411.1	51
NC_045412.1	51
NC_045413.1	51
NC_045414.1	51
NC_045415.1	51
NC_045417.1	51
NC_045418.1	51
NC_045419.1	51
NC_046507.1	51
NC_047206.1	46
NC_047400.1	52
NC_047317.1	62
NC_059968.1	53
NC_059760.1	57
NC_068067.1	46
NC_068070.1	52
NC_068071.1	52
NC_068074.1	42
NC_002693.2	56
NC_031333.1	52
NC_035054.1	45
NC_035055.1	45
NC_035056.1	45
NC_035950.1	31
NC_035896.1	63
NC_054329.1	54
NC_054330.1	54
NC_054333.1	49
NC_054336.1	21
NC_041419.1	46
NC_045326.1	43
NC_045334.1	51
NC_045350.1	51
NC_046520.1	22
NC_047332.1	62
NC_047191.1	57
NC_047413.1	54
NC_047353.1	57
NC_068075.1	43
NC_067567.1	45
NC_030547.1	62
NC_030549.1	63
NC_030557.1	61
NC_030568.1	62
NC_030569.1	63
NC_030570.1	63
NC_030571.1	62
NC_030578.1	62
NC_053377.1	22
NC_053378.1	22
NC_053379.1	22
NC_053380.1	22
NC_053381.1	43
NC_053385.1	24
NC_021762.1	52
NC_067843.1	48
NC_067844.1	48
NC_067845.1	47
NC_054338.1	54
NC_054339.1	54
NC_054340.1	54
NC_054342.1	52
NC_054344.1	54
NC_054345.1	56
NC_054346.1	54
NC_046747.1	47
NC_046802.1	41
NC_046829.1	56
NC_047406.1	53
NC_047415.1	50
NC_036371.1	51
NC_018110.1	76
NC_067551.1	46
NC_067694.1	42
NC_067552.1	46
NC_030579.1	62
NC_030580.1	62
NC_030581.1	61
NC_030582.1	61
NC_030583.1	61
NC_053365.1	54
NC_053327.1	64
NC_053336.1	48
NC_067857.1	46
NC_054349.1	46
NC_054350.1	46
NC_054355.1	53
NC_054358.1	42
NC_058199.1	65
NC_047416.1	44
NC_047418.1	51
NC_048493.1	48
NC_019649.1	53
NC_021121.1	45
NC_067555.1	52
NC_067556.1	45
NC_067558.1	45
NC_067559.1	45
NC_067560.1	45
NC_067562.1	53
NC_067563.1	45
NC_029874.1	50
NC_029891.1	51
NC_029892.1	52
NC_029893.1	51
NC_029894.1	52
NC_030596.1	21
NC_030598.1	46
NC_067867.1	43
NC_067869.1	51
NC_067870.1	46
NC_067871.1	46
NC_054360.1	45
NC_054365.1	51
NC_058203.1	55
NC_058204.1	57
NC_058206.1	36
NC_058208.1	35
NC_058210.1	35
NC_058211.1	35
NC_047428.1	45
NC_047432.1	55
NC_047433.1	55
NC_059819.1	52
NC_024262.1	52
NC_067564.1	45
NC_067565.1	45
NC_067566.1	45
NC_067653.1	43
NC_067654.1	43
NC_067655.1	42
NC_067656.1	42
NC_067657.1	21
NC_067658.1	21
NC_029896.1	51
NC_029881.1	53
NC_030611.1	52
NC_030612.1	47
NC_034308.1	44
NC_054234.1	58
NC_054200.1	51
NC_054296.1	45
NC_054177.1	42
NC_054337.1	55
NC_058214.1	73
NC_058216.1	55
NC_058217.1	52
NC_058218.1	47
NC_058219.1	47
NC_058220.1	47
NC_047437.1	57
NC_047443.1	50
NC_020431.1	22
NC_067660.1	42
NC_067662.1	42
NC_067811.1	46
NC_067812.1	33
NC_067852.1	48
NC_029882.1	52
NC_029883.1	52
NC_029884.1	52
NC_030614.1	51
NC_030616.1	52
NC_030617.1	51
NC_030618.1	52
NC_030619.1	52
NC_030620.1	52
NC_030621.1	52
NC_038153.1	54
NC_054186.1	40
NC_054343.1	54
NC_054353.1	41
NC_054151.1	42
NC_058226.1	53
NC_058227.1	53
NC_047446.1	28
NC_047450.1	58
NC_047452.1	48
NC_047453.1	48
NC_025306.1	29
NC_029211.1	55
NC_029889.1	40
NC_028148.1	46
NC_030622.1	52
NC_030624.1	52
NC_038076.1	46
NC_054165.1	57
NC_058233.1	47
NC_058237.1	47
NC_058238.1	47
NC_058241.1	51
NC_047458.1	53
NC_036373.1	47
NC_050300.1	52
NC_026462.1	56
NC_027146.1	52
NC_027677.1	51
NC_028350.1	56
NC_023533.1	53
NC_058247.1	46
NC_058254.1	51
NC_047463.1	51
NC_047469.1	44
NC_047470.1	42
NC_047471.1	53
NC_050353.1	54
NC_034998.1	52
NC_035000.1	39
NC_047472.1	53
NC_047473.1	59
NC_047474.1	61
NC_047475.1	45
NC_047476.1	41
NC_047477.1	55
NC_047481.1	55
NC_071842.1	45
NC_071843.1	49
NC_071844.1	42
NC_071845.1	42
NC_071847.1	22
NC_071848.1	22
NC_071850.1	22
NC_071851.1	22
NC_068113.1	51
NC_067647.1	21
NC_067766.1	56
NC_067767.1	42
NC_052853.1	50
NC_052854.1	32
NC_051531.1	27
NC_051533.1	41
NC_037003.1	47
NC_037005.1	47
NC_040864.1	51
NC_058266.1	48
NC_058269.1	47
NC_058270.1	47
NC_058271.1	47
NC_047325.1	62
NC_047326.1	60
NC_047327.1	62
NC_047328.1	55
NC_047329.1	62
NC_047333.1	62
NC_047334.1	51
NC_071852.1	22
NC_067772.1	42
NC_067773.1	41
NC_067774.1	44
NC_067591.1	42
NC_051540.1	48
NC_051541.1	28
NC_051543.1	52
NC_051544.1	48
NC_029214.1	50
NC_053735.1	51
NC_040867.1	68
NC_040869.1	68
NC_040871.1	68
NC_040872.1	68
NC_040873.1	68
NC_058278.1	56
NC_058279.1	68
NC_047335.1	60
NC_047338.1	56
NC_047341.1	51
NC_071867.1	52
NC_071870.1	53
NC_067739.1	22
NC_067753.1	45
NC_052872.1	23
NC_052875.1	50
NC_052878.1	51
NC_051550.1	51
NC_051554.1	62
NC_029221.1	53
NC_027463.1	52
NC_029694.1	51
NC_030489.1	52
NC_037025.1	39
NC_037026.1	39
NC_037027.1	39
NC_037029.1	39
NC_037030.1	39
NC_053737.1	47
NC_053741.1	61
NC_040868.1	68
NC_040874.1	68
NC_058287.1	51
NC_058288.1	27
NC_058289.1	27
NC_058295.1	81
NC_058297.1	53
NC_042705.1	58
NC_044478.1	52
NC_044479.1	52
NC_047345.1	51
NC_047346.1	51
NC_047349.1	52
NC_047351.1	62
NC_061368.1	57
NC_068120.1	51
NC_052882.1	52
NC_051556.1	44
NC_051559.1	51
NC_027650.1	52
NC_030490.1	53
NC_030491.1	52
NC_030495.1	51
NC_030496.1	51
NC_030497.1	56
NC_030498.1	54
NC_030499.1	56
NC_037031.1	39
NC_037032.1	39
NC_037033.1	39
NC_037034.1	39
NC_053754.1	48
NC_058298.1	53
NC_058299.1	53
NC_058302.1	52
NC_058304.1	51
NC_058307.1	46
NC_042850.1	55
NC_042874.1	47
NC_042916.1	42
NC_047352.1	62
NC_047355.1	62
NC_047356.1	51
NC_047357.1	51
NC_047358.1	62
NC_047359.1	47
NC_053707.1	43
NC_061174.1	51
NC_061175.1	55
NC_061178.1	55
NC_071890.1	51
NC_071891.1	51
NC_071892.1	51
NC_067700.1	42
NC_029241.1	47
NC_030501.1	51
NC_030502.1	51
NC_030503.1	52
NC_036940.1	58
NC_036941.1	54
NC_036942.1	40
NC_053762.1	42
NC_053764.1	46
NC_058315.1	40
NC_058316.1	51
NC_058319.1	30
NC_042715.1	52
NC_047363.1	51
NC_047365.1	55
NC_047369.1	51
NC_047370.1	65
NC_026103.1	57
NC_071895.1	46
NC_067521.1	64
NC_067534.1	51
NC_067709.1	21
NC_052909.1	54
NC_052910.1	51
NC_051560.1	55
NC_051521.1	50
NC_051535.1	52
NC_029212.1	55
NC_028069.2	40
NC_030515.1	48
NC_030516.1	48
NC_030517.1	62
NC_036969.1	32
NC_036970.1	32
NC_036973.1	53
NC_036974.1	53
NC_036975.1	53
NC_036976.1	43
NC_053766.1	33
NC_053769.1	51
NC_053771.1	42
NC_053773.1	59
NC_058322.1	43
NC_058323.1	43
NC_058324.1	43
NC_058328.1	39
NC_042786.1	39
NC_042932.1	33
NC_042766.1	41
NC_047372.1	60
NC_047373.1	52
NC_047375.1	51
NC_047381.1	59
NC_050207.1	40
NC_061194.1	101
NC_071909.1	48
NC_067838.1	48
NC_067984.1	31
NC_068024.1	45
NC_068034.1	43
NC_068045.1	42
NC_052911.1	54
NC_052912.1	53
NC_030527.1	46
NC_030534.1	62
NC_036977.1	54
NC_036978.1	46
NC_036987.1	39
NC_036989.1	54
NC_019601.1	52
NC_019602.1	52
NC_053777.1	47
NC_053779.1	47
NC_053780.1	45
NC_053781.1	44
NC_053782.1	43
NC_053783.1	43
NC_053785.1	65
NC_058332.1	47
NC_058334.1	42
NC_058335.1	41
NC_058296.1	54
NC_042784.1	39
NC_042863.1	52
NC_046696.1	52
NC_047382.1	51
NC_047385.1	62
NC_047389.1	51
NC_047390.1	50
NC_048519.1	490
NC_061208.1	62
NC_068168.1	56
NC_067505.1	51
NC_067531.1	50
NC_052923.1	65
NC_052924.1	55
NC_029232.1	52
NC_030540.1	41
NC_030544.1	63
NC_030545.1	62
NC_030546.1	62
NC_037021.1	50
NC_037035.1	39
NC_037036.1	39
NC_037037.1	39
NC_037038.1	64
NC_037039.1	64
NC_037004.1	47
NC_036943.1	40
NC_053792.1	43
NC_058245.1	65
NC_058277.1	69
NC_058321.1	43
NC_058239.1	43
NC_058209.1	35
NC_058294.1	52
NC_046834.1	51
NC_047392.1	51
NC_047393.1	66
NC_047394.1	56
NC_047395.1	51
NC_047396.1	56
NC_047401.1	50
NC_036367.1	40
NC_036368.1	51
NC_036370.1	53
NC_049888.1	46
NC_061285.1	48
NC_061286.1	39
NC_061287.1	48
NC_061288.1	49
NC_061289.1	48
NC_061291.1	48
NC_061292.1	44
NC_027939.1	47
NC_027955.1	41
NC_061955.1	59
NC_061961.1	44
NC_071929.1	45
NC_071930.1	51
NC_067998.1	59
NC_033526.1	40
NC_039162.1	64
NC_039976.1	53
NC_039932.1	51
NC_039996.1	61
NC_039999.1	61
NC_058268.1	47
NC_058248.1	52
NC_058318.1	51
NC_058325.1	50
NC_058221.1	47
NC_042187.1	52
NC_042188.1	52
NC_042190.1	56
NC_046409.1	48
NC_046413.1	52
NC_047237.1	50
NC_047247.1	42
NC_047248.1	38
NC_061299.1	45
NC_062049.1	35
NC_061917.1	51
NC_062142.1	46
NC_071937.1	42
NC_068460.1	53
NC_068461.1	53
NC_068462.1	53
NC_068463.1	53
NC_068464.1	53
NC_068465.1	54
NC_068466.1	53
NC_037460.1	42
NC_037428.1	56
NC_058280.1	52
NC_058207.1	40
NC_042194.1	51
NC_042197.1	38
NC_046427.1	50
NC_046428.1	51
NC_046430.1	51
NC_046431.1	51
NC_046432.1	50
NC_047249.1	64
NC_061314.1	90
NC_061316.1	45
NC_028007.1	40
NC_071948.1	46
NC_071949.1	46
NC_068467.1	53
NC_037392.1	52
NC_039178.1	51
NC_058253.1	51
NC_058317.1	53
NC_058336.1	43
NC_042204.1	40
NC_046433.1	50
NC_046434.1	59
NC_046435.1	51
NC_046436.1	51
NC_061319.1	45
NC_061321.1	62
NC_062098.1	51
NC_068476.1	52
NC_068478.1	55
NC_068479.1	53
NC_068480.1	53
NC_068481.1	53
NC_068483.1	53
NC_068484.1	53
NC_051493.1	40
NC_051502.1	74
NC_051503.1	59
NC_051504.1	52
NC_036929.1	65
NC_036932.1	51
NC_036934.1	52
NC_036935.1	49
NC_036936.1	54
NC_037421.1	68
NC_037440.2	39
NC_058300.1	51
NC_058327.1	45
NC_058212.1	35
NC_058240.1	48
NC_058272.1	47
NC_047280.1	21
NC_061333.1	45
NC_028023.1	60
NC_028026.1	54
NC_068485.1	52
NC_068486.1	53
NC_068487.1	53
NC_068488.1	53
NC_068489.1	53
NC_068491.1	53
NC_068493.1	53
NC_051507.1	48
NC_051508.1	52
NC_051509.1	53
NC_051511.1	52
NC_051512.1	47
NC_037413.1	69
NC_037472.1	51
NC_037429.1	56
NC_042223.1	52
NC_042225.1	47
NC_042227.1	52
NC_042714.1	61
NC_042716.1	52
NC_047284.1	52
NC_047287.1	45
NC_047292.1	56
NC_047293.1	62
NC_061344.1	52
NC_061345.1	45
NC_061346.1	47
NC_061348.1	52
NC_061349.1	45
NC_061938.1	61
NC_062128.1	48
NC_071798.1	45
NC_071807.1	45
NC_071839.1	62
NC_068494.1	53
NC_068495.1	52
NC_068499.1	51
NC_068500.1	53
NC_068501.1	52
NC_036960.1	52
NC_036961.1	51
NC_036962.1	48
NC_036963.1	47
NC_036964.1	48
NC_042235.1	51
NC_042236.1	51
NC_042237.1	52
NC_042242.1	45
NC_046448.1	54
NC_046450.1	54
NC_046451.1	55
NC_047294.1	57
NC_047295.1	51
NC_047297.1	51
NC_047298.1	46
NC_047300.1	68
NC_047301.1	51
NC_047302.1	46
NC_050038.1	53
NC_061358.1	51
NC_071750.1	45
NC_071874.1	51
NC_068505.1	51
NC_068507.1	50
NC_036980.1	39
NC_036981.1	39
NC_036982.1	40
NC_036983.1	39
NC_036990.1	54
NC_042833.1	51
NC_042834.1	51
NC_042835.1	52
NC_046454.1	54
NC_046455.1	54
NC_046457.1	54
NC_046458.1	54
NC_046459.1	54
NC_046460.1	54
NC_047314.1	62
NC_060426.1	45
NC_060427.1	45
NC_061364.1	56
NC_061365.1	56
NC_061366.1	56
NC_071771.1	57
NC_071945.1	39
NC_051520.1	50
NC_051523.1	44
NC_051524.1	42
NC_037000.1	47
NC_037002.1	47
NC_020341.1	52
NC_040849.1	39
NC_040851.1	51
NC_040857.1	45
NC_042252.1	51
NC_042253.1	54
NC_042859.1	51
NC_042860.1	52
NC_042861.1	52
NC_042862.1	52
NC_042864.1	52
NC_042865.1	52
NC_046461.1	54
NC_047320.1	62
NC_047321.1	51
NC_047322.1	51
NC_047323.1	51
NC_047324.1	55
NC_060436.1	56
NC_060437.1	51
NC_060438.1	51
NC_061322.1	43
NC_068525.1	51
NC_068526.1	51
NC_068527.1	51
NC_068529.1	51
NC_068531.1	51
NC_068532.1	51
NC_068533.1	51
NC_068534.1	51
NC_068535.1	51
NC_051881.1	51
NC_051885.1	54
NC_035492.1	52
NC_024764.1	52
NC_039781.1	44
NC_039782.1	52
NC_041239.1	28
NC_060441.1	51
NC_060443.1	51
NC_060444.1	51
NC_060445.1	51
NC_060446.1	51
NC_060448.1	51
NC_061222.1	225
NC_068536.1	51
NC_068537.1	54
NC_068538.1	54
NC_051887.1	52
NC_051888.1	51
NC_051898.1	54
NC_051899.1	55
NC_051900.1	51
NC_051901.1	51
NC_051902.1	52
NC_035500.1	52
NC_039783.1	51
NC_039784.1	51
NC_039785.1	51
NC_039786.1	51
NC_039787.1	51
NC_039788.1	51
NC_039789.1	51
NC_039790.1	51
NC_041245.1	29
NC_060450.1	51
NC_060451.1	51
NC_060452.1	51
NC_060453.1	51
NC_060454.1	51
NC_060456.1	51
NC_061269.1	52
NC_068544.1	52
NC_068530.1	51
NC_068492.1	53
NC_068468.1	54
NC_068469.1	53
NC_051903.1	49
NC_051904.1	50
NC_051905.1	52
NC_051906.1	51
NC_051917.1	53
NC_032351.1	61
NC_039792.1	51
NC_039794.1	51
NC_039796.1	51
NC_039797.1	51
NC_039798.1	51
NC_039799.1	51
NC_039801.1	51
NC_039802.1	51
NC_041261.1	29
NC_044629.1	64
NC_060458.1	51
NC_060459.1	51
NC_060460.1	44
NC_060463.1	47
NC_068470.1	52
NC_068471.1	53
NC_068472.1	52
NC_068473.1	54
NC_068474.1	53
NC_068475.1	53
NC_068542.1	52
NC_068543.1	52
NC_051982.1	53
NC_051986.1	56
NC_033333.1	76
NC_067502.1	51
NC_067503.1	51
NC_067504.1	51
NC_067506.1	51
NC_039803.1	51
NC_039804.1	51
NC_039805.1	51
NC_039806.1	51
NC_039807.1	78
NC_039808.1	80
NC_041271.1	60
NC_044668.1	41
NC_060472.1	53
NC_060474.1	21
NC_060475.1	26
NC_060476.1	46
NC_061249.1	47
NC_068506.1	65
NC_068458.1	53
NC_068503.1	50
NC_068528.1	51
NC_068524.1	51
NC_068482.1	53
NC_035505.1	52
NC_067511.1	48
NC_067512.1	57
NC_067514.1	40
NC_067516.1	51
NC_067518.1	51
NC_067519.1	51
NC_039815.1	47
NC_039816.1	61
NC_041275.1	51
NC_041276.1	62
NC_041279.1	24
NC_036412.1	58
NC_036413.1	43
NC_036414.1	43
NC_060477.1	48
NC_060479.1	49
NC_060480.1	49
NC_060481.1	48
NC_061290.1	48
NC_068459.1	53
NC_068477.1	53
NC_068490.1	53
NC_035506.1	46
NC_035511.1	48
NC_035512.1	48
NC_035513.1	48
NC_063302.1	48
NC_063304.1	51
NC_063305.1	66
NC_067520.1	51
NC_067522.1	45
NC_067523.1	47
NC_067525.1	51
NC_067526.1	56
NC_067527.1	51
NC_067528.1	51
NC_039825.1	48
NC_039835.1	77
NC_039836.1	76
NC_041281.1	50
NC_036416.1	47
NC_060489.1	31
NC_060493.1	47
NC_068816.1	52
NC_029332.1	48
NC_029335.1	48
NC_035322.1	48
NC_035332.1	46
NC_035366.1	50
NC_035237.1	50
NC_035515.1	47
NC_035516.1	39
NC_035518.1	52
NC_035520.1	51
NC_035521.1	50
NC_035522.1	52
NC_035523.1	51
NC_035524.1	52
NC_063306.1	77
NC_063308.1	66
NC_063309.1	66
NC_063310.1	66
NC_063311.1	66
NC_063312.1	66
NC_063314.1	66
NC_067529.1	57
NC_067530.1	54
NC_067532.1	51
NC_067533.1	51
NC_067535.1	44
NC_067536.1	46
NC_067537.1	45
NC_039838.1	78
NC_036423.1	52
NC_060495.1	63
NC_060496.1	42
NC_060497.1	31
NC_060498.1	42
NC_060501.1	48
NC_061213.1	40
NC_035363.1	45
NC_035384.1	50
NC_035389.1	50
NC_035371.1	44
NC_035525.1	52
NC_035526.1	52
NC_035527.1	51
NC_035529.1	51
NC_035532.1	53
NC_035533.1	51
NC_063316.1	56
NC_063319.1	39
NC_067538.1	50
NC_067539.1	49
NC_067540.1	48
NC_067544.1	46
NC_039850.1	77
NC_039851.1	78
NC_039852.1	78
NC_039854.1	76
NC_039856.1	77
NC_041306.1	63
NC_044761.1	47
NC_049155.1	42
NC_015804.1	55
NC_015821.1	45
NC_020318.1	47
NC_035359.1	45
NC_035360.1	45
NC_035361.1	45
NC_035362.1	45
NC_035364.1	45
NC_035367.1	45
NC_035368.1	50
NC_035369.1	50
NC_063327.1	42
NC_063328.1	39
NC_063329.1	41
NC_063330.1	45
NC_063301.1	48
NC_063307.1	66
NC_041180.1	50
NC_041133.1	51
NC_041126.1	51
NC_043922.1	47
NC_043923.1	56
NC_043925.1	51
NC_060397.1	52
NC_072525.1	53
NC_072527.1	46
NC_072528.1	43
NC_072530.1	43
NC_072531.1	55
NC_072532.1	52
NC_072534.1	52
NC_035370.1	45
NC_035372.1	50
NC_035373.1	50
NC_035374.1	50
NC_035376.1	50
NC_035377.1	40
NC_035378.1	50
NC_035379.1	50
NC_063313.1	66
NC_063326.1	42
NC_063303.1	51
NC_041074.1	46
NC_043931.1	52
NC_043932.1	52
NC_043933.1	52
NC_043934.1	52
NC_043936.1	52
NC_045941.1	52
NC_045942.1	46
NC_045945.1	46
NC_045946.1	53
NC_060447.1	51
NC_060457.1	51
NC_061266.1	51
NC_053820.1	60
NC_053823.1	40
NC_053824.1	52
NC_035380.1	50
NC_035381.1	45
NC_035383.1	50
NC_035385.1	50
NC_035386.1	50
NC_035387.1	50
NC_035388.1	50
NC_035390.1	50
NC_035391.1	50
NC_024712.1	52
NC_024713.1	52
NC_024714.1	52
NC_024719.1	52
NC_024720.1	52
NC_024721.1	52
NC_024722.1	52
NC_041117.1	58
NC_041119.1	39
NC_041132.1	52
NC_043937.1	52
NC_043938.1	52
NC_043939.1	52
NC_043941.1	52
NC_043942.1	52
NC_043944.1	52
NC_043945.1	52
NC_043946.1	52
NC_043947.1	52
NC_045948.1	39
NC_045863.1	46
NC_045895.1	63
NC_061320.1	52
NC_060614.1	43
NC_060661.1	102
NC_072552.1	41
NC_072553.1	52
NC_053827.1	51
NC_053829.1	51
NC_053832.1	50
NC_053834.1	50
NC_053835.1	50
NC_053836.1	50
NC_053837.1	50
NC_035392.1	50
NC_035393.1	45
NC_035394.1	50
NC_035396.1	50
NC_035397.1	45
NC_035398.1	50
NC_022133.1	52
NC_024723.1	52
NC_024724.1	52
NC_024725.1	52
NC_024731.1	52
NC_024732.1	50
NC_043951.1	59
NC_043953.1	45
NC_045920.1	43
NC_060662.1	53
NC_061343.1	52
NC_060728.1	51
NC_060753.1	45
NC_072555.1	48
NC_072556.1	46
NC_072558.1	20
NC_072560.1	47
NC_072561.1	52
NC_072562.1	39
NC_072564.1	38
NC_053838.1	50
NC_053845.1	51
NC_041163.1	53
NC_041206.1	40
NC_041207.1	40
NC_027074.1	55
NC_027075.1	55
NC_060785.1	58
NC_060826.1	45
NC_060831.1	59
NC_060841.1	45
NC_060856.1	51
NC_072565.1	52
NC_072566.1	41
NC_072572.1	38
NC_072573.1	53
NC_072574.1	52
NC_053856.1	51
NC_035413.1	50
NC_035418.1	51
NC_024735.1	56
NC_024736.1	64
NC_038170.1	54
NC_041183.1	45
NC_041184.1	45
NC_027090.1	80
NC_060688.1	44
NC_072575.1	52
NC_072576.1	51
NC_072577.1	50
NC_072579.1	50
NC_072580.1	50
NC_072581.1	49
NC_072583.1	38
NC_053862.1	47
NC_053863.1	47
NC_053865.1	54
NC_024747.1	68
NC_024715.1	52
NC_024716.1	52
NC_024717.1	52
NC_024718.1	52
NC_038181.1	51
NC_041185.1	45
NC_041186.1	48
NC_041213.1	51
NC_041208.1	40
NC_047059.1	51
NC_047061.1	51
NC_060439.1	51
NC_072585.1	48
NC_072586.1	52
NC_072587.1	48
NC_072590.1	42
NC_072591.1	43
NC_072594.1	42
NC_053873.1	52
NC_053879.1	55
NC_024728.1	64
NC_024734.1	68
NC_038200.1	46
NC_060636.1	75
NC_052847.1	51
NC_053349.1	48
NC_034684.1	64
NC_034685.1	63
NC_034688.1	41
NC_034691.1	40
NC_035971.1	48
NC_035972.1	58
NC_037953.1	46
NC_037955.1	50
NC_039677.1	38
NC_039678.1	42
NC_039680.1	51
NC_039681.1	51
NC_039682.1	51
NC_041110.1	40
NC_041511.1	54
NC_041561.1	51
NC_041573.1	51
NC_043837.1	52
NC_043838.1	52
NC_043839.1	47
NC_043840.1	52
NC_043841.1	52
NC_045840.1	51
NC_060513.1	48
NC_060515.1	46
NC_060516.1	46
NC_060517.1	46
NC_060518.1	46
NC_060519.1	46
NC_060522.1	55
NC_060334.1	51
NC_028070.2	40
NC_028075.1	52
NC_072608.1	51
NC_030177.1	40
NC_018552.1	40
NC_053337.1	47
NC_030066.1	52
NC_034695.1	43
NC_034701.1	67
NC_034702.1	59
NC_034703.1	53
NC_034686.1	80
NC_034689.1	63
NC_034697.1	42
NC_039704.1	52
NC_039707.1	77
NC_039708.1	73
NC_041125.1	46
NC_041127.1	51
NC_041128.1	51
NC_041129.1	50
NC_041130.1	50
NC_041131.1	51
NC_041134.1	51
NC_041460.1	39
NC_041542.1	25
NC_041566.1	51
NC_043844.1	58
NC_043848.1	64
NC_043884.1	63
NC_045842.1	38
NC_045845.1	47
NC_045854.1	47
NC_045855.1	50
NC_045856.1	46
NC_060526.1	45
NC_060527.1	42
NC_060528.1	42
NC_060530.1	42
NC_061229.1	24
NC_072622.1	52
NC_072623.1	52
NC_072623.1	52
NC_072624.1	52
NC_072624.1	52
NC_072625.1	52
NC_052747.1	48
NC_052790.1	65
NC_052741.1	47
NC_029705.1	47
NC_029712.1	45
NC_029713.1	46
NC_030168.1	40
NC_030178.1	40
NC_053382.1	43
NC_039719.1	48
NC_039720.1	52
NC_056087.1	39
NC_056088.1	39
NC_056089.1	39
NC_056090.1	39
NC_056093.1	50
NC_056094.1	47
NC_041135.1	51
NC_041136.1	51
NC_041137.1	51
NC_041138.1	46
NC_041139.1	51
NC_043857.1	54
NC_043862.1	46
NC_043863.1	46
NC_045859.1	56
NC_045860.1	64
NC_045865.1	49
NC_060536.1	52
NC_061367.1	57
NC_072626.1	52
NC_072626.1	52
NC_072627.1	52
NC_072627.1	52
NC_072631.1	46
NC_072632.1	46
NC_052724.1	48
NC_029732.1	52
NC_018565.1	48
NC_053262.1	32
NC_036036.1	41
NC_036040.1	68
NC_037991.1	52
NC_039725.1	54
NC_039726.1	50
NC_039727.1	62
NC_039728.1	58
NC_039729.1	55
NC_039730.1	49
NC_056104.1	42
NC_043878.1	56
NC_045871.1	52
NC_045873.1	71
NC_036395.1	57
NC_060545.1	61
NC_060548.1	64
NC_060550.1	64
NC_060551.1	65
NC_060552.1	45
NC_061361.1	56
NC_072641.1	44
NC_072642.1	44
NC_072644.1	44
NC_072645.1	44
NC_029746.1	40
NC_029749.1	52
NC_029750.1	51
NC_029764.1	46
NC_030212.1	44
NC_032378.1	52
NC_032379.1	52
NC_032383.1	52
NC_030195.1	73
NC_019616.1	45
NC_035321.1	46
NC_035323.1	47
NC_035324.1	47
NC_037994.1	46
NC_039371.1	51
NC_039374.1	51
NC_039731.1	55
NC_039732.1	55
NC_039734.1	55
NC_039740.1	54
NC_041167.1	39
NC_041178.1	52
NC_041179.1	45
NC_041181.1	45
NC_043885.1	67
NC_043886.1	67
NC_045890.1	65
NC_045891.1	55
NC_045894.1	63
NC_045896.1	53
NC_060558.1	51
NC_060562.1	63
NC_035326.1	47
NC_035327.1	50
NC_035329.1	49
NC_035330.1	46
NC_035331.1	47
NC_035333.1	49
NC_035334.1	48
NC_035335.1	47
NC_036052.1	51
NC_039743.1	54
NC_039748.1	54
NC_039749.1	54
NC_041182.1	45
NC_041187.1	44
NC_041188.1	46
NC_041189.1	42
NC_041190.1	42
NC_041191.1	33
NC_043892.1	52
NC_043894.1	52
NC_043896.1	56
NC_045898.1	67
NC_048970.1	21
NC_048971.1	67
NC_048994.1	46
NC_048995.1	49
NC_060571.1	46
NC_072661.1	38
NC_072662.1	55
NC_072663.1	53
NC_072665.1	51
NC_069024.1	46
NC_069025.1	49
NC_019648.1	53
NC_035336.1	46
NC_035338.1	46
NC_035339.1	46
NC_035340.1	46
NC_035341.1	46
NC_035343.1	47
NC_035344.1	45
NC_035988.1	64
NC_035989.1	64
NC_035990.1	65
NC_037954.1	22
NC_037753.1	60
NC_039760.1	45
NC_041199.1	52
NC_041203.1	40
NC_043905.1	46
NC_044636.1	64
NC_045907.1	48
NC_045908.1	51
NC_045912.1	47
NC_045913.1	47
NC_048996.1	46
NC_049093.1	50
NC_049153.1	52
NC_049154.1	52
NC_060573.1	46
NC_060574.1	46
NC_060575.1	46
NC_060576.1	46
NC_060577.1	46
NC_060578.1	46
NC_060579.1	46
NC_060580.1	46
NC_072670.1	54
NC_072671.1	54
NC_072673.1	54
NC_068579.1	47
NC_068580.1	47
NC_068581.1	47
NC_068583.1	52
NC_068585.1	52
NC_016668.1	76
NC_035353.1	50
NC_035354.1	45
NC_035358.1	45
NC_035995.1	53
NC_035996.1	46
NC_035998.1	49
NC_036000.1	56
NC_036002.1	50
NC_036071.1	50
NC_036073.1	43
NC_036074.1	50
NC_037759.1	54
NC_037844.1	54
NC_037838.1	39
NC_039761.1	42
NC_039763.1	55
NC_056139.1	51
NC_056141.1	42
NC_056145.1	55
NC_041204.1	40
NC_041205.1	40
NC_041209.1	52
NC_041210.1	52
NC_043912.1	60
NC_043919.1	46
NC_045919.1	70
NC_045925.1	176
NC_045926.1	170
NC_026960.1	52
NC_027474.1	52
NC_027475.1	53
NC_027476.1	47
NC_027477.1	52
NC_027478.1	53
NC_027479.1	39
NC_027480.1	52
NC_027484.1	53
NC_060582.1	46
NC_060583.1	45
NC_060585.1	46
NC_060587.1	64
NC_068586.1	52
NC_020363.1	50
NC_035143.1	49
NC_037840.1	51
NC_037843.1	60
NC_037845.1	54
NC_039651.1	40
NC_041567.1	51
NC_041622.1	40
NC_044173.1	48
NC_027485.1	53
NC_027486.1	49
NC_027487.1	53
NC_027490.1	52
NC_068599.1	51
NC_052752.1	51
NC_034379.1	48
NC_020365.1	45
NC_020367.1	56
NC_023092.1	49
NC_037852.1	45
NC_039654.1	43
NC_039661.1	47
NC_056798.1	52
NC_056802.1	49
NC_056804.1	52
NC_056805.1	52
NC_044113.1	53
NC_044746.1	49
NC_044747.1	49
NC_060599.1	45
NC_060600.1	50
NC_072702.1	53
NC_072707.1	49
NC_072708.1	21
NC_020372.1	56
NC_039668.1	53
NC_039683.1	51
NC_039684.1	51
NC_043774.1	246
NC_044170.1	48
NC_044172.1	48
NC_060607.1	51
NC_060608.1	51
NC_068627.1	57
NC_037881.1	65
NC_037882.1	52
NC_039691.1	82
NC_039692.1	40
NC_039693.1	40
NC_039695.1	40
NC_056818.1	54
NC_056819.1	54
NC_056820.1	54
NC_056821.1	54
NC_056822.1	54
NC_056824.1	54
NC_056825.1	54
NC_056827.1	47
NC_027481.1	53
NC_027483.1	39
NC_060613.1	47
NC_060615.1	52
NC_060617.1	52
NC_060618.1	52
NC_072724.1	52
NC_072727.1	48
NC_072728.1	48
NC_072729.1	51
NC_020366.1	48
NC_037884.1	59
NC_037885.1	62
NC_039694.1	40
NC_056828.1	47
NC_056830.1	47
NC_056832.1	47
NC_056833.1	47
NC_056834.1	47
NC_041615.1	40
NC_043793.1	53
NC_043794.1	54
NC_043796.1	66
NC_043799.1	59
NC_069627.1	42
NC_069606.1	40
NC_027511.1	45
NC_027512.1	45
NC_027513.1	45
NC_027471.1	57
NC_062607.1	48
NC_072584.1	36
NC_072589.1	41
NC_068639.1	55
NC_068640.1	55
NC_068641.1	55
NC_068642.1	55
NC_068643.1	55
NC_068644.1	55
NC_068645.1	55
NC_068646.1	55
NC_041081.1	52
NC_043803.1	53
NC_043804.1	53
NC_043805.1	53
NC_043808.1	51
NC_043809.1	56
NC_043867.1	53
NC_069616.1	52
NC_027482.1	48
NC_027462.1	52
NC_027451.1	56
NC_060629.1	59
NC_062618.1	60
NC_062619.1	32
NC_072529.1	43
NC_072696.1	40
NC_069045.1	50
NC_069046.1	50
NC_041091.1	22
NC_041092.1	22
NC_041522.1	54
NC_043873.1	44
NC_043874.1	39
NC_043954.1	45
NC_069593.1	62
NC_069582.1	85
NC_069599.1	40
NC_069601.1	40
NC_069619.1	52
NC_069620.1	46
NC_027473.1	57
NC_027514.1	45
NC_060645.1	51
NC_072524.1	53
NC_037948.1	45
NC_037950.1	50
NC_037951.1	40
NC_039611.1	40
NC_041103.1	46
NC_041104.1	46
NC_041468.1	52
NC_043829.1	42
NC_069638.1	50
NC_026957.1	52
NC_026958.1	52
NC_060646.1	52
NC_060649.1	30
NC_060650.1	35
NC_060653.1	77
NC_062646.1	47
NC_023102.1	42
NC_056149.1	51
NC_056151.1	51
NC_041672.1	51
NC_060656.1	49
NC_060657.1	64
NC_062648.1	47
NC_062649.1	47
NC_062650.1	47
NC_062657.1	52
NC_030755.1	48
NC_030757.1	48
NC_069807.1	42
NC_056885.1	51
NC_044666.1	47
NC_044667.1	58
NC_046498.1	52
NC_060663.1	53
NC_060664.1	53
NC_030761.1	62
NC_030767.1	52
NC_069817.1	32
NC_069818.1	63
NC_069820.1	43
NC_031435.1	45
NC_023119.1	40
NC_056172.1	56
NC_056173.1	50
NC_056174.1	50
NC_056175.1	50
NC_056177.1	50
NC_056894.1	55
NC_056895.1	42
NC_044680.1	54
NC_060672.1	54
NC_069821.1	43
NC_069822.1	43
NC_069823.1	43
NC_069824.1	43
NC_069825.1	43
NC_069826.1	43
NC_069829.1	43
NC_023130.1	51
NC_024421.1	53
NC_056179.1	50
NC_056180.1	50
NC_056182.1	49
NC_056188.1	52
NC_056904.1	52
NC_056912.1	35
NC_044691.1	52
NC_044692.1	52
NC_044693.1	52
NC_044694.1	52
NC_036818.1	52
NC_036819.1	52
NC_023132.1	39
NC_056190.1	47
NC_056191.1	23
NC_056913.1	53
NC_056915.1	43
NC_056916.1	52
NC_041516.1	54
NC_027450.1	46
NC_060698.1	53
NC_060699.1	52
NC_060700.1	45
NC_062690.1	51
NC_028504.1	68
NC_036821.1	52
NC_036822.1	52
NC_036824.1	52
NC_036825.1	52
NC_036826.1	52
NC_036828.1	51
NC_036829.1	57
NC_069830.1	43
NC_069833.1	48
NC_069840.1	45
NC_056925.1	52
NC_056926.1	52
NC_056927.1	57
NC_041470.1	52
NC_041543.1	54
NC_044709.1	47
NC_027460.1	52
NC_027461.1	52
NC_060707.1	45
NC_062699.1	53
NC_062701.1	51
NC_062706.1	42
NC_028631.1	52
NC_028633.1	50
NC_036830.1	51
NC_036835.1	56
NC_036837.1	52
NC_056936.1	52
NC_056937.1	52
NC_056938.1	52
NC_056939.1	52
NC_056940.1	52
NC_056941.1	52
NC_056942.1	52
NC_056944.1	52
NC_056945.1	52
NC_041626.1	40
NC_044718.1	57
NC_026986.1	54
NC_027464.1	39
NC_027465.1	58
NC_027466.1	39
NC_027467.1	53
NC_027468.1	48
NC_027469.1	53
NC_027470.1	52
NC_027472.1	56
NC_062713.1	31
NC_062714.1	51
NC_062718.1	40
NC_036823.1	52
NC_069841.1	54
NC_069842.1	46
NC_069843.1	46
NC_069844.1	46
NC_020317.1	47
NC_023115.1	41
NC_023086.1	59
NC_056946.1	52
NC_056947.1	52
NC_056948.1	65
NC_056951.1	59
NC_056952.1	30
NC_056953.1	54
NC_041461.1	51
NC_041528.1	60
NC_041571.1	51
NC_041606.1	40
NC_026963.1	52
NC_027078.1	55
NC_027080.1	55
NC_060714.1	47
NC_060715.1	47
NC_062719.1	46
NC_062720.1	46
NC_062722.1	46
NC_072533.1	52
NC_072588.1	51
NC_072628.1	57
NC_072628.1	57
NC_069896.1	35
NC_070033.1	39
NC_070438.1	51
NC_070192.1	43
NC_052014.1	101
NC_031650.1	48
NC_031651.1	47
NC_037080.1	51
NC_034692.1	42
NC_034705.1	23
NC_034706.1	25
NC_034707.1	101
NC_034708.1	93
NC_037214.1	64
NC_037215.1	63
NC_037216.1	64
NC_037217.1	64
NC_037411.1	73
NC_037412.1	67
NC_037414.1	68
NC_037416.1	68
NC_037417.1	68
NC_056965.1	52
NC_045125.1	20
NC_046414.1	51
NC_060724.1	47
NC_060725.1	47
NC_060727.1	82
NC_062642.1	47
NC_072570.1	44
NC_070428.1	43
NC_070491.1	53
NC_070503.1	53
NC_070518.1	53
NC_037001.1	47
NC_036992.1	50
NC_037242.1	57
NC_035228.1	55
NC_037418.1	68
NC_037419.1	68
NC_037420.1	68
NC_037423.1	56
NC_037424.1	56
NC_056967.1	54
NC_056968.1	56
NC_056969.1	52
NC_056970.1	53
NC_056974.1	55
NC_056975.1	60
NC_056976.1	40
NC_046464.1	65
NC_046477.1	51
NC_026577.1	54
NC_060731.1	60
NC_060732.1	68
NC_060733.1	52
NC_062708.1	52
NC_072610.1	47
NC_072643.1	44
NC_051878.1	47
NC_051913.1	50
NC_051908.1	52
NC_030166.1	47
NC_030167.1	40
NC_021760.1	52
NC_035229.1	55
NC_035233.1	34
NC_035234.1	74
NC_035235.1	55
NC_037438.1	42
NC_056977.1	40
NC_056978.1	40
NC_056979.1	40
NC_056980.1	40
NC_056981.1	40
NC_026546.1	46
NC_060749.1	45
NC_060750.1	45
NC_062609.1	47
NC_072725.1	52
NC_072629.1	52
NC_072629.1	52
NC_070468.1	55
NC_070476.1	53
NC_070506.1	53
NC_069889.1	35
NC_069878.1	35
NC_028618.1	45
NC_051952.1	29
NC_051876.1	51
NC_051964.1	39
NC_030185.1	40
NC_030784.1	51
NC_030786.1	51
NC_030789.1	51
NC_030775.1	39
NC_034358.1	48
NC_034359.1	48
NC_034361.1	50
NC_035238.1	51
NC_035239.1	54
NC_037442.1	46
NC_037455.1	41
NC_037456.1	42
NC_037457.1	41
NC_037458.1	41
NC_022715.2	63
NC_056989.1	47
NC_056995.1	43
NC_056996.1	52
NC_060751.1	41
NC_060752.1	45
NC_060755.1	45
NC_060756.1	45
NC_060757.1	45
NC_062601.1	74
NC_070024.1	39
NC_069871.1	35
NC_070411.1	48
NC_030777.1	52
NC_034365.1	48
NC_034366.1	48
NC_034368.1	64
NC_034369.1	64
NC_034370.1	64
NC_034687.1	51
NC_018541.1	94
NC_037461.1	42
NC_037462.1	45
NC_022460.1	51
NC_056999.1	46
NC_057000.1	50
NC_060763.1	46
NC_060764.1	49
NC_060765.1	49
NC_034634.1	89
NC_070320.1	58
NC_070309.1	58
NC_070042.1	39
NC_070217.1	68
NC_070081.1	45
NC_069949.1	48
NC_030180.1	51
NC_034357.1	48
NC_034363.1	48
NC_034367.1	48
NC_034360.1	48
NC_037473.1	61
NC_037475.1	48
NC_056826.1	47
NC_056829.1	47
NC_044148.1	48
NC_044118.1	26
NC_060775.1	44
NC_060776.1	44
NC_060777.1	51
NC_060778.1	51
NC_060779.1	52
NC_060780.1	52
NC_069827.1	43
NC_070394.1	46
NC_034774.1	71
NC_037477.1	60
NC_037492.1	52
NC_037494.1	61
NC_023084.1	51
NC_044165.1	53
NC_044637.1	54
NC_031420.1	62
NC_031444.1	40
NC_070218.1	46
NC_070219.1	46
NC_070220.1	46
NC_070221.1	46
NC_070222.1	47
NC_070223.1	47
NC_070227.1	53
NC_008235.1	69
NC_053891.1	50
NC_053892.1	47
NC_053894.1	53
NC_053895.1	50
NC_053896.1	51
NC_053897.1	46
NC_053899.1	54
NC_038209.1	46
NC_056244.1	40
NC_056245.1	40
NC_056250.1	56
NC_056251.1	56
NC_056252.1	56
NC_041634.1	40
NC_041637.1	50
NC_042275.1	39
NC_042276.1	39
NC_042277.1	39
NC_042278.1	39
NC_042279.1	39
NC_042281.1	39
NC_042282.1	39
NC_044157.1	53
NC_044158.1	48
NC_044159.1	48
NC_044160.1	48
NC_044161.1	48
NC_044163.1	48
NC_044164.1	48
NC_046429.1	51
NC_046392.1	54
NC_028617.1	50
NC_070228.1	53
NC_070229.1	53
NC_070230.1	53
NC_070233.1	50
NC_070234.1	53
NC_070236.1	49
NC_053907.1	64
NC_053909.1	51
NC_053910.1	71
NC_041648.1	46
NC_042283.1	39
NC_044166.1	39
NC_044167.1	53
NC_044168.1	48
NC_044171.1	48
NC_044174.1	48
NC_044175.1	48
NC_046396.1	49
NC_046452.1	54
NC_046456.1	54
NC_046490.1	51
NC_026959.1	52
NC_026961.1	52
NC_031436.1	45
NC_070237.1	26
NC_070238.1	50
NC_070239.1	50
NC_070243.1	51
NC_070244.1	98
NC_032296.1	43
NC_053911.1	58
NC_053912.1	79
NC_053913.1	71
NC_053914.1	86
NC_053915.1	51
NC_035723.1	47
NC_035724.1	40
NC_035729.1	48
NC_054193.1	71
NC_054217.1	48
NC_056267.1	53
NC_056268.1	60
NC_041649.1	48
NC_042239.1	75
NC_042265.1	39
NC_042280.1	39
NC_042238.1	50
NC_042193.1	53
NC_046587.1	52
NC_046602.1	48
NC_026962.1	52
NC_026964.1	52
NC_026965.1	52
NC_026966.1	52
NC_026967.1	52
NC_026969.1	52
NC_026970.1	52
NC_068711.1	44
NC_068712.1	44
NC_070245.1	26
NC_070249.1	53
NC_070252.1	77
NC_036930.1	54
NC_036979.1	39
NC_036984.1	39
NC_036985.1	39
NC_036986.1	39
NC_037022.1	51
NC_053928.1	46
NC_053931.1	55
NC_037361.1	46
NC_037362.1	46
NC_035732.1	42
NC_024038.1	51
NC_056280.1	67
NC_042262.1	39
NC_042164.1	56
NC_042228.1	53
NC_042284.1	39
NC_042254.1	42
NC_026565.1	44
NC_026567.1	40
NC_026568.1	46
NC_026971.1	52
NC_068721.1	51
NC_068722.1	51
NC_068724.1	51
NC_031437.1	40
NC_037040.1	64
NC_037024.1	39
NC_036958.1	35
NC_037028.1	39
NC_053932.1	23
NC_053938.1	45
NC_035743.1	56
NC_035744.1	56
NC_035745.1	46
NC_056289.1	52
NC_042153.1	36
NC_042189.1	52
NC_042201.1	50
NC_042269.1	39
NC_044185.1	60
NC_026991.1	52
NC_069047.1	50
NC_069048.1	50
NC_069049.1	50
NC_053944.1	51
NC_037389.1	54
NC_037400.1	57
NC_035750.1	53
NC_035751.1	53
NC_035753.1	53
NC_056294.1	48
NC_056295.1	50
NC_056300.1	40
NC_042270.1	39
NC_042271.1	39
NC_042272.1	40
NC_042273.1	40
NC_026999.1	50
NC_027077.1	55
NC_068749.1	56
NC_068751.1	57
NC_051907.1	52
NC_070274.1	46
NC_070275.1	46
NC_054167.1	73
NC_054211.1	52
NC_035704.1	51
NC_035681.1	100
NC_035693.1	51
NC_063565.1	48
NC_060792.1	38
NC_051954.1	68
NC_031356.1	53
NC_069845.1	54
NC_036010.1	42
NC_036014.1	125
NC_022958.1	50
NC_056315.1	47
NC_056316.1	45
NC_056317.1	63
NC_056320.1	63
NC_056321.1	61
NC_041612.1	40
NC_041614.1	40
NC_044100.1	50
NC_062794.1	47
NC_062796.1	46
NC_031371.1	68
NC_031373.1	50
NC_036151.1	59
NC_036154.1	48
NC_036017.1	50
NC_036019.1	51
NC_035960.1	50
NC_056328.1	32
NC_041616.1	40
NC_044105.1	50
NC_044106.1	64
NC_044108.1	156
NC_046397.1	48
NC_046568.1	52
NC_060799.1	59
NC_062799.1	51
NC_062802.1	48
NC_062804.1	69
NC_062805.1	68
NC_051969.1	56
NC_051970.1	217
NC_031376.1	52
NC_031383.1	51
NC_031386.1	47
NC_035678.1	51
NC_035997.1	52
NC_036009.1	51
NC_056337.1	45
NC_056338.1	49
NC_056339.1	50
NC_056340.1	51
NC_041617.1	40
NC_041618.1	40
NC_041619.1	40
NC_044114.1	50
NC_044115.1	50
NC_044116.1	52
NC_046583.1	53
NC_046394.1	54
NC_046506.1	31
NC_046453.1	63
NC_046449.1	54
NC_060800.1	51
NC_060801.1	50
NC_060805.1	56
NC_062810.1	52
NC_062812.1	77
NC_051987.1	55
NC_051988.1	58
NC_069868.1	37
NC_069869.1	35
NC_069870.1	35
NC_069872.1	35
NC_069874.1	35
NC_069875.1	35
NC_035680.2	54
NC_035999.1	53
NC_035969.1	53
NC_056346.1	51
NC_041620.1	40
NC_060810.1	51
NC_060811.1	51
NC_062825.1	50
NC_028523.1	53
NC_028524.1	46
NC_028525.1	46
NC_051992.1	59
NC_052006.1	62
NC_052007.1	57
NC_031410.1	62
NC_035686.1	51
NC_035687.1	51
NC_035688.1	51
NC_035689.1	51
NC_035690.1	53
NC_056363.1	51
NC_041623.1	40
NC_041624.1	40
NC_044126.1	52
NC_052009.1	47
NC_069885.1	35
NC_035691.1	51
NC_035692.1	51
NC_035694.1	51
NC_035696.1	53
NC_035697.1	52
NC_035698.1	52
NC_035699.1	51
NC_035700.1	51
NC_041625.1	40
NC_041627.1	40
NC_041628.1	40
NC_045087.1	46
NC_060829.1	63
NC_060830.1	63
NC_060832.1	62
NC_060834.1	47
NC_028549.1	31
NC_031421.1	62
NC_031423.1	62
NC_031427.1	47
NC_069894.1	35
NC_069895.1	35
NC_033370.1	45
NC_035701.1	49
NC_035702.1	24
NC_035705.1	50
NC_035706.1	51
NC_035708.2	51
NC_035709.1	51
NC_035711.1	51
NC_035712.1	51
NC_024170.1	76
NC_024171.1	52
NC_024175.1	52
NC_024176.1	52
NC_056381.1	51
NC_056383.1	24
NC_041629.1	40
NC_041630.1	40
NC_045063.1	50
NC_045048.1	56
NC_045061.1	50
NC_045104.1	50
NC_062858.1	57
NC_031441.1	41
NC_069903.1	35
NC_033516.1	54
NC_056390.1	53
NC_056393.1	42
NC_057584.1	47
NC_057659.1	55
NC_041631.1	40
NC_044147.1	48
NC_062862.1	38
NC_062864.1	36
NC_062868.1	40
NC_062869.1	40
NC_062870.1	40
NC_062871.1	40
NC_030299.1	50
NC_021102.1	48
NC_034840.1	64
NC_034915.1	51
NC_054265.1	50
NC_054307.1	45
NC_054352.1	54
NC_024067.1	61
NC_056184.1	50
NC_045233.1	68
NC_045234.1	68
NC_045235.1	71
NC_062872.1	40
NC_034639.1	51
NC_034640.1	42
NC_034644.1	45
NC_034645.1	45
NC_054364.1	51
NC_054233.1	65
NC_053736.1	46
NC_053848.1	67
NC_056313.1	40
NC_040129.1	52
NC_040130.1	52
NC_056935.1	52
NC_056954.1	39
NC_056971.1	54
NC_045241.1	48
NC_045242.1	49
NC_037696.1	47
NC_071797.1	45
NC_071803.1	45
NC_071957.1	54
NC_068781.1	51
NC_028429.1	68
NC_028430.1	46
NC_034652.1	51
NC_053850.1	50
NC_053872.1	52
NC_054203.1	54
NC_056166.1	52
NC_056298.1	41
NC_056178.1	50
NC_040178.1	43
NC_062892.1	47
NC_062896.1	47
NC_062897.1	47
NC_062898.1	47
NC_062899.1	47
NC_062901.1	47
NC_071815.1	45
NC_071868.1	44
NC_068788.1	47
NC_068789.1	47
NC_068790.1	47
NC_068791.1	47
NC_028444.1	39
NC_028415.1	48
NC_028415.1	251
NC_030300.1	51
NC_034660.1	42
NC_034913.1	52
NC_067734.1	51
NC_067735.1	22
NC_067736.1	22
NC_067737.1	22
NC_027954.2	26
NC_062903.1	47
NC_062905.1	47
NC_062906.1	47
NC_062907.1	24
NC_062909.1	47
NC_068793.1	47
NC_068794.1	53
NC_068796.1	47
NC_068800.1	21
NC_056312.1	54
NC_056318.1	46
NC_056081.1	39
NC_045275.1	46
NC_045276.1	53
NC_045278.1	35
NC_045279.1	35
NC_062912.1	47
NC_062915.1	47
NC_062917.1	47
NC_068805.1	123
NC_034680.1	51
NC_035777.1	45
NC_035766.1	45
NC_035703.1	51
NC_035707.1	50
NC_056930.1	52
NC_056934.1	52
NC_056983.1	54
NC_045280.1	59
NC_045281.1	51
NC_045284.1	58
NC_045287.1	61
NC_045288.1	67
NC_050035.1	49
NC_050036.1	48
NC_050779.1	52
NC_062924.1	47
NC_030301.1	51
NC_030539.1	46
NC_033341.1	62
NC_035695.1	53
NC_035710.1	60
NC_067740.1	22
NC_067741.1	22
NC_067742.1	22
NC_067743.1	22
NC_056985.1	47
NC_056986.1	46
NC_057003.1	51
NC_056973.1	46
NC_056931.1	52
NC_045289.1	61
NC_045291.1	61
NC_045292.1	61
NC_050037.1	49
NC_050039.1	49
NC_050040.1	49
NC_050935.1	52
NC_050812.1	48
NC_050937.1	51
NC_050753.1	52
NC_050985.1	48
NC_071849.1	22
NC_071837.1	49
NC_068824.1	83
NC_068826.1	47
NC_068827.1	47
NC_068828.1	47
NC_068830.1	47
NC_068831.1	47
NC_021636.1	51
NC_035965.1	50
NC_035966.1	50
NC_035967.1	50
NC_035968.1	47
NC_035970.1	52
NC_024034.1	50
NC_024035.1	51
NC_056284.1	50
NC_056276.1	54
NC_029469.1	45
NC_056803.1	50
NC_045298.1	55
NC_045299.1	60
NC_045300.1	63
NC_049110.1	68
NC_049113.1	51
NC_050903.1	22
NC_050751.1	52
NC_050774.1	52
NC_050778.1	52
NC_050832.1	46
NC_050926.1	53
NC_028209.1	50
NC_070276.1	50
NC_070277.1	50
NC_070283.1	34
NC_070284.1	34
NC_029950.1	48
NC_030064.1	23
NC_030171.1	40
NC_069647.1	54
NC_069648.1	48
NC_069649.1	48
NC_069650.1	35
NC_034908.1	61
NC_034910.1	61
NC_067547.1	46
NC_067548.1	46
NC_067549.1	46
NC_067550.1	47
NC_039983.1	52
NC_041593.1	40
NC_042444.1	51
NC_060837.1	46
NC_050917.1	42
NC_050920.1	41
NC_050924.1	51
NC_050944.1	43
NC_050952.1	46
NC_050975.1	39
NC_050802.1	48
NC_062950.1	39
NC_062952.1	39
NC_070285.1	35
NC_070286.1	34
NC_070287.1	34
NC_070288.1	34
NC_069583.1	39
NC_034914.1	51
NC_024845.1	40
NC_039984.1	52
NC_039985.1	56
NC_039989.1	51
NC_039992.1	61
NC_046897.1	53
NC_049129.1	67
NC_050927.1	50
NC_050928.1	31
NC_050929.1	22
NC_050940.1	47
NC_050941.1	46
NC_050810.1	48
NC_050817.1	48
NC_050877.1	54
NC_062961.1	38
NC_062814.1	77
NC_062865.1	40
NC_069598.1	40
NC_023463.1	42
NC_067568.1	45
NC_067570.1	48
NC_039993.1	61
NC_039994.1	61
NC_039995.1	61
NC_039997.1	61
NC_039998.1	61
NC_040000.1	61
NC_040001.1	61
NC_057049.1	48
NC_057049.1	97
NC_041538.1	56
NC_041580.1	45
NC_041588.1	40
NC_041596.1	40
NC_042384.1	39
NC_042428.1	39
NC_042388.1	39
NC_045219.1	50
NC_049137.1	32
NC_049138.1	32
NC_049139.1	32
NC_049141.1	32
NC_049142.1	32
NC_049144.1	32
NC_060847.1	25
NC_050943.1	41
NC_050945.1	42
NC_050946.1	34
NC_050949.1	53
NC_027941.1	42
NC_027739.1	55
NC_070304.1	58
NC_070306.1	58
NC_070307.1	60
NC_070308.1	58
NC_034934.1	51
NC_034935.1	51
NC_034936.1	51
NC_023464.1	41
NC_023465.1	42
NC_024560.1	54
NC_067584.1	42
NC_067588.1	42
NC_040002.1	52
NC_041609.1	40
NC_041558.1	51
NC_042451.1	39
NC_042460.1	39
NC_049145.1	32
NC_049147.1	32
NC_049148.1	32
NC_049149.1	32
NC_026197.1	46
NC_060853.1	51
NC_060854.1	51
NC_060855.1	51
NC_050951.1	51
NC_050953.1	42
NC_050954.1	45
NC_050955.1	46
NC_050957.1	47
NC_050967.1	52
NC_027952.1	56
NC_070310.1	58
NC_070312.1	58
NC_070314.1	58
NC_070315.1	58
NC_070316.1	58
NC_070317.1	58
NC_067589.1	42
NC_057067.1	80
NC_045183.1	45
NC_049157.1	62
NC_049158.1	49
NC_049159.1	52
NC_060861.1	51
NC_050971.1	50
NC_050972.1	54
NC_062874.1	40
NC_062902.1	47
NC_062895.1	47
NC_062948.1	39
NC_062957.1	39
NC_070321.1	58
NC_070322.1	58
NC_026968.1	52
NC_034951.1	40
NC_024541.1	51
NC_024544.1	42
NC_067603.1	366
NC_067604.1	53
NC_067609.1	51
NC_057077.1	58
NC_060863.1	48
NC_060864.1	48
NC_060865.1	48
NC_060866.1	49
NC_050980.1	47
NC_050984.1	61
NC_050986.1	48
NC_070330.1	58
NC_070331.1	58
NC_070332.1	58
NC_070334.1	58
NC_070336.1	47
NC_070337.1	47
NC_070338.1	47
NC_070339.1	51
NC_029951.1	48
NC_067610.1	53
NC_067613.1	51
NC_067614.1	52
NC_067615.1	53
NC_067616.1	47
NC_067617.1	47
NC_057087.1	50
NC_057090.1	63
NC_046936.1	49
NC_046937.1	49
NC_060875.1	47
NC_060298.1	53
NC_050990.1	46
NC_028185.1	50
NC_030298.1	52
NC_070341.1	45
NC_070342.1	45
NC_070343.1	44
NC_070345.1	45
NC_070347.1	45
NC_070348.1	45
NC_070349.1	52
NC_034909.1	51
NC_057105.1	50
NC_057106.1	50
NC_049037.1	52
NC_049038.1	52
NC_049043.1	51
NC_049665.1	47
NC_049666.1	48
NC_049667.1	48
NC_049668.1	48
NC_049670.1	48
NC_049672.1	48
NC_049673.1	39
NC_049863.1	51
NC_049867.1	53
NC_049869.1	51
NC_060791.1	39
NC_060335.1	51
NC_060395.1	52
NC_062873.1	40
NC_062908.1	47
NC_062911.1	47
NC_030707.1	50
NC_030708.1	44
NC_030710.1	43
NC_030711.1	43
NC_030712.1	25
NC_030713.1	45
NC_033395.1	76
NC_033396.1	76
NC_033397.1	76
NC_033398.1	76
NC_022378.1	64
NC_034287.1	39
NC_034286.1	39
NC_039834.1	77
NC_039837.1	76
NC_039853.1	72
NC_039954.1	49
NC_039955.1	48
NC_039956.1	52
NC_039958.1	47
NC_057129.1	37
NC_057130.1	45
NC_057131.1	37
NC_057132.1	37
NC_057134.1	37
NC_057135.1	45
NC_057136.1	37
NC_057137.1	45
NC_042377.1	39
NC_042399.1	65
NC_042463.1	39
NC_042449.1	39
NC_046816.1	46
NC_046818.1	39
NC_046819.1	14
NC_046820.1	41
NC_046821.1	44
NC_046938.1	49
NC_046941.1	56
NC_049045.1	51
NC_049046.1	51
NC_049047.1	51
NC_049048.1	51
NC_049049.1	53
NC_049051.1	45
NC_049052.1	46
NC_049054.1	45
NC_049674.1	48
NC_049675.1	47
NC_049676.1	48
NC_049677.1	48
NC_049678.1	48
NC_049680.1	48
NC_049682.1	47
NC_049683.1	47
NC_049870.1	52
NC_049872.1	62
NC_049877.1	54
NC_060689.1	55
NC_060706.1	45
NC_060371.1	51
NC_060716.1	47
NC_060478.1	49
NC_037077.1	51
NC_037079.1	45
NC_037081.1	51
NC_037083.1	48
NC_033399.1	73
NC_067938.1	47
NC_067939.1	47
NC_067940.1	46
NC_039959.1	46
NC_039960.1	47
NC_057139.1	45
NC_057140.1	45
NC_057141.1	45
NC_057145.1	51
NC_057148.1	63
NC_042454.1	39
NC_046822.1	22
NC_046853.1	46
NC_046695.1	31
NC_046817.1	45
NC_049055.1	45
NC_049056.1	44
NC_049057.1	45
NC_049058.1	45
NC_049060.1	52
NC_049062.1	44
NC_049684.1	47
NC_049685.1	39
NC_049686.1	48
NC_049687.1	39
NC_049574.1	48
NC_049679.1	49
NC_049636.1	49
NC_049671.1	47
NC_049884.1	46
NC_049885.1	47
NC_060440.1	51
NC_050853.1	53
NC_050857.1	52
NC_050858.1	32
NC_050859.1	31
NC_050860.1	60
NC_037087.1	46
NC_033411.1	45
NC_033412.1	48
NC_024061.1	62
NC_024062.1	62
NC_067947.1	48
NC_067948.1	50
NC_067950.1	56
NC_039395.1	64
NC_049601.1	48
NC_049614.1	39
NC_049577.1	48
NC_049654.1	48
NC_049589.1	48
NC_049615.1	48
NC_049669.1	47
NC_049681.1	48
NC_049651.1	48
NC_049886.1	46
NC_049887.1	46
NC_049889.1	46
NC_049891.1	39
NC_060363.1	61
NC_060529.1	43
NC_060616.1	52
NC_050861.1	60
NC_050865.1	46
NC_050866.1	42
NC_050867.1	42
NC_028147.1	49
NC_030709.1	44
NC_029370.1	48
NC_053330.1	47
NC_053356.1	48
NC_053263.1	32
NC_057163.1	43
NC_057164.1	48
NC_057166.1	51
NC_046835.1	47
NC_049080.1	51
NC_049082.1	51
NC_049083.1	51
NC_049576.1	48
NC_049590.1	48
NC_049597.1	48
NC_049630.1	48
NC_049641.1	39
NC_049656.1	47
NC_026772.1	38
NC_026773.1	40
NC_026790.1	54
NC_060559.1	51
NC_060572.1	46
NC_050868.1	42
NC_050869.1	42
NC_050870.1	35
NC_028149.1	35
NC_029895.1	52
NC_026787.1	64
NC_067968.1	30
NC_039414.1	40
NC_039416.1	40
NC_039417.1	40
NC_039418.1	50
NC_046836.1	50
NC_046837.1	52
NC_046838.1	48
NC_046842.1	33
NC_046844.1	46
NC_049084.1	51
NC_049086.1	42
NC_049090.1	39
NC_049620.1	48
NC_050878.1	53
NC_028170.1	49
NC_027073.1	51
NC_067978.1	40
NC_067982.1	31
NC_067983.1	31
NC_067985.1	31
NC_067986.1	31
NC_067988.1	38
NC_039424.1	61
NC_041587.1	40
NC_041530.1	48
NC_041613.1	40
NC_046845.1	51
NC_046846.1	47
NC_046854.1	44
NC_049099.1	47
NC_049100.1	51
NC_049101.1	47
NC_049102.1	47
NC_028171.1	59
NC_071195.1	54
NC_071196.1	53
NC_033374.1	50
NC_067989.1	31
NC_067990.1	21
NC_067996.1	59
NC_067997.1	59
NC_039428.1	53
NC_039429.1	53
NC_039433.1	57
NC_041621.1	40
NC_041474.1	49
NC_041475.1	49
NC_042371.1	56
NC_049103.1	51
NC_049104.1	47
NC_049105.1	47
NC_049106.1	52
NC_049107.1	46
NC_049108.1	71
NC_060499.1	56
NC_060812.1	51
NC_050895.1	23
NC_050896.1	22
NC_050897.1	43
NC_050899.1	43
NC_050900.1	43
NC_050901.1	48
NC_030703.1	43
NC_071198.1	69
NC_071199.1	51
NC_071202.1	65
NC_071205.1	69
NC_071206.1	63
NC_071208.1	53
NC_033409.1	54
NC_033394.1	76
NC_033375.1	50
NC_029490.1	53
NC_067999.1	59
NC_068000.1	59
NC_068001.1	59
NC_068002.1	59
NC_068003.1	59
NC_068005.1	53
NC_057208.1	49
NC_041525.1	54
NC_041541.1	57
NC_041592.1	40
NC_045193.1	50
NC_048959.1	47
NC_048960.1	47
NC_048961.1	51
NC_049583.1	48
NC_049584.1	54
NC_049585.1	48
NC_049586.1	47
NC_049587.1	48
NC_049588.1	39
NC_049591.1	48
NC_049592.1	48
NC_049593.1	48
NC_050775.1	52
NC_050777.1	52
NC_050780.1	52
NC_050781.1	52
NC_050782.1	42
NC_050783.1	51
NC_050784.1	48
NC_050785.1	48
NC_068837.1	57
NC_068838.1	50
NC_068839.1	50
NC_068840.1	50
NC_029970.1	49
NC_029972.1	47
NC_029973.1	54
NC_029974.1	54
NC_029966.1	46
NC_029937.1	65
NC_069556.1	40
NC_037519.1	52
NC_023260.1	50
NC_022406.1	64
NC_040164.1	48
NC_042398.1	65
NC_042403.1	53
NC_042404.1	53
NC_042405.1	53
NC_046737.1	45
NC_046738.1	60
NC_046739.1	52
NC_046744.1	47
NC_048981.1	49
NC_049594.1	48
NC_049595.1	48
NC_049596.1	48
NC_049598.1	48
NC_049599.1	48
NC_049600.1	48
NC_049602.1	48
NC_049603.1	48
NC_026775.1	47
NC_026776.1	35
NC_026779.1	35
NC_050786.1	47
NC_050788.1	47
NC_050789.1	48
NC_022926.1	47
NC_022927.1	49
NC_023261.1	51
NC_040170.1	51
NC_042415.1	55
NC_046745.1	47
NC_046746.1	47
NC_046752.1	48
NC_048982.1	46
NC_049604.1	48
NC_049605.1	48
NC_049606.1	50
NC_049607.1	47
NC_049608.1	47
NC_049610.1	48
NC_049611.1	39
NC_026785.1	47
NC_026786.1	54
NC_050790.1	48
NC_050792.1	48
NC_050793.1	48
NC_050794.1	49
NC_068858.1	54
NC_068859.1	58
NC_068860.1	58
NC_069581.1	51
NC_023213.1	76
NC_042424.1	39
NC_042425.1	39
NC_042426.1	39
NC_042427.1	39
NC_046758.1	52
NC_048992.1	47
NC_048993.1	47
NC_048997.1	53
NC_049000.1	45
NC_049612.1	48
NC_049613.1	53
NC_049617.1	48
NC_049618.1	48
NC_049619.1	48
NC_049621.1	53
NC_049623.1	48
NC_026444.1	48
NC_050798.1	49
NC_050799.1	48
NC_050801.1	47
NC_050804.1	48
NC_050805.1	48
NC_028067.1	51
NC_071161.1	45
NC_071162.1	45
NC_071164.1	45
NC_069592.1	56
NC_069595.1	40
NC_069596.1	40
NC_069597.1	40
NC_033337.1	50
NC_033343.1	45
NC_033344.1	46
NC_042446.1	39
NC_046772.1	47
NC_024830.1	52
NC_024832.1	52
NC_049006.1	34
NC_049008.1	51
NC_049624.1	48
NC_049625.1	43
NC_049626.1	48
NC_049627.1	48
NC_049628.1	47
NC_049629.1	52
NC_049631.1	49
NC_049633.1	48
NC_026445.1	48
NC_050806.1	48
NC_050807.1	48
NC_050808.1	48
NC_050811.1	48
NC_050813.1	48
NC_050814.1	48
NC_068877.1	32
NC_071746.1	62
NC_029960.1	48
NC_069600.1	40
NC_069602.1	40
NC_069603.1	40
NC_069604.1	40
NC_069605.1	40
NC_069607.1	40
NC_033345.1	46
NC_033346.1	50
NC_033355.1	64
NC_053551.1	41
NC_053552.1	41
NC_053554.1	45
NC_053555.1	53
NC_053565.1	39
NC_040113.1	54
NC_042447.1	39
NC_042448.1	39
NC_042450.1	39
NC_042452.1	39
NC_042453.1	39
NC_042455.1	39
NC_042456.1	39
NC_046777.1	51
NC_046782.1	39
NC_047178.1	48
NC_023449.1	52
NC_049009.1	51
NC_049014.1	23
NC_049017.1	54
NC_049634.1	48
NC_049635.1	48
NC_049637.1	48
NC_049638.1	48
NC_049639.1	53
NC_049640.1	48
NC_049642.1	48
NC_049643.1	48
NC_050815.1	48
NC_050816.1	48
NC_050818.1	48
NC_050819.1	48
NC_050820.1	48
NC_050821.1	48
NC_050822.1	48
NC_028349.1	66
NC_068894.1	40
NC_071758.1	41
NC_029971.1	49
NC_069613.1	52
NC_069614.1	51
NC_069615.1	46
NC_069617.1	55
NC_069618.1	52
NC_033357.1	38
NC_033358.1	12
NC_033359.1	12
NC_033364.1	50
NC_033365.1	45
NC_024063.1	62
NC_024064.1	63
NC_024065.1	62
NC_042457.1	39
NC_042458.1	39
NC_042459.1	39
NC_042461.1	39
NC_042462.1	39
NC_042464.1	39
NC_042465.1	39
NC_046783.1	53
NC_046791.1	42
NC_046732.1	52
NC_049018.1	65
NC_049020.1	54
NC_049022.1	53
NC_049023.1	53
NC_049024.1	53
NC_049644.1	39
NC_049645.1	39
NC_049646.1	48
NC_049647.1	48
NC_049648.1	48
NC_049649.1	48
NC_049650.1	48
NC_049652.1	48
NC_026450.1	40
NC_026446.1	48
NC_050824.1	48
NC_050825.1	48
NC_050826.1	48
NC_050827.1	48
NC_050828.1	48
NC_050830.1	46
NC_068899.1	53
NC_068900.1	53
NC_071165.1	45
NC_071167.1	45
NC_071168.1	45
NC_071169.1	45
NC_071170.1	45
NC_071171.1	45
NC_071172.1	45
NC_071173.1	45
NC_071174.1	45
NC_069621.1	46
NC_033367.1	50
NC_033368.1	45
NC_033369.1	50
NC_033371.1	50
NC_033372.1	50
NC_033373.1	45
NC_033376.1	44
NC_053618.1	46
NC_053619.1	50
NC_040111.1	52
NC_040121.1	22
NC_040222.1	47
NC_040223.1	53
NC_042466.1	39
NC_042467.1	39
NC_042468.1	39
NC_046796.1	44
NC_046801.1	43
NC_046803.1	55
NC_049025.1	23
NC_049026.1	23
NC_049653.1	48
NC_049655.1	48
NC_049657.1	48
NC_049658.1	47
NC_049659.1	48
NC_049660.1	48
NC_049662.1	48
NC_049663.1	48
NC_050831.1	50
NC_050833.1	56
NC_050757.1	52
NC_068829.1	47
NC_068748.1	58
NC_068835.1	52
NC_068818.1	23
NC_071772.1	57
NC_071776.1	46
NC_071777.1	50
NC_071778.1	49
NC_071779.1	52
NC_071780.1	52
NC_030702.1	47
NC_030704.1	43
NC_030705.1	45
NC_071176.1	45
NC_071177.1	45
NC_069634.1	51
NC_053774.1	51
NC_053775.1	47
NC_053776.1	47
NC_024027.1	47
NC_036114.1	51
NC_036119.1	52
NC_036072.1	43
NC_036089.1	50
NC_036078.1	45
NC_063092.1	31
NC_039155.1	40
NC_040167.1	54
NC_046805.1	34
NC_046808.1	47
NC_046810.1	37
NC_046812.1	42
NC_046813.1	42
NC_046891.1	62
NC_046895.1	53
NC_046896.1	53
NC_027076.1	51
NC_027079.1	55
NC_050666.1	43
NC_070326.1	60
NC_070327.1	58
NC_070328.1	58
NC_070353.1	71
NC_070355.1	47
NC_070357.1	47
NC_070358.1	57
NC_053922.1	52
NC_035534.1	51
NC_035536.1	51
NC_035538.1	51
NC_035539.1	51
NC_035540.1	51
NC_035541.1	51
NC_035542.1	51
NC_035543.1	51
NC_057220.1	53
NC_046685.1	47
NC_068648.1	55
NC_068651.1	55
NC_068723.1	51
NC_069873.1	35
NC_069968.1	35
NC_070169.1	55
NC_053626.1	56
NC_035544.1	51
NC_035545.1	51
NC_035548.1	52
NC_035551.1	53
NC_037517.1	64
NC_057226.1	54
NC_057227.1	54
NC_057229.1	55
NC_046030.1	47
NC_046687.1	56
NC_046692.1	53
NC_050684.1	45
NC_050687.1	32
NC_050689.1	58
NC_063083.1	51
NC_063084.1	47
NC_063085.1	47
NC_063087.1	55
NC_068780.1	51
NC_068787.1	47
NC_068801.1	21
NC_068850.1	52
NC_068584.1	52
NC_070335.1	58
NC_069828.1	43
NC_069836.1	48
NC_069921.1	41
NC_037495.1	56
NC_037459.1	42
NC_037422.1	56
NC_037410.1	56
NC_024545.1	47
NC_040112.1	52
NC_057235.1	41
NC_057236.1	52
NC_057238.1	41
NC_045182.1	45
NC_045184.1	45
NC_046697.1	52
NC_050645.1	46
NC_063090.1	52
NC_068758.1	56
NC_068825.1	47
NC_070364.1	40
NC_053706.1	44
NC_053849.1	50
NC_037471.1	52
NC_037518.1	51
NC_040116.1	61
NC_040122.1	37
NC_057245.1	40
NC_057248.1	54
NC_057254.1	54
NC_046699.1	51
NC_046700.1	52
NC_046702.1	21
NC_050416.1	53
NC_063108.1	46
NC_068647.1	55
NC_068649.1	55
NC_068650.1	55
NC_068652.1	55
NC_068653.1	53
NC_068654.1	48
NC_070036.1	39
NC_070100.1	29
NC_053784.1	53
NC_053620.1	42
NC_053830.1	48
NC_053818.1	42
NC_053748.1	52
NC_035566.1	51
NC_035569.1	52
NC_023214.1	75
NC_023215.1	76
NC_023216.1	76
NC_023217.1	76
NC_023218.1	75
NC_040127.1	52
NC_040128.1	52
NC_040131.1	52
NC_050741.1	42
NC_050744.1	55
NC_050745.1	52
NC_050746.1	52
NC_050747.1	52
NC_063110.1	40
NC_063113.1	46
NC_068656.1	11
NC_068657.1	42
NC_070450.1	55
NC_070453.1	53
NC_070492.1	53
NC_070505.1	53
NC_070515.1	53
NC_070520.1	53
NC_032709.1	52
NC_053866.1	44
NC_053933.1	57
NC_053839.1	67
NC_053893.1	53
NC_053952.1	58
NC_035570.1	64
NC_035574.1	51
NC_037425.1	56
NC_040141.1	66
NC_057269.1	50
NC_057271.1	46
NC_057275.1	44
NC_042372.1	39
NC_042373.1	39
NC_042374.1	39
NC_042375.1	39
NC_049569.1	43
NC_059730.1	52
NC_059742.1	52
NC_050748.1	52
NC_050749.1	52
NC_050750.1	52
NC_050752.1	52
NC_050754.1	52
NC_050755.1	52
NC_050756.1	52
NC_050758.1	52
NC_063129.1	56
NC_051893.1	55
NC_029947.1	45
NC_029948.1	48
NC_029949.1	48
NC_029952.1	48
NC_029953.1	54
NC_029954.1	45
NC_029955.1	54
NC_029956.1	45
NC_070132.1	53
NC_069906.1	35
NC_070442.1	53
NC_070129.1	52
NC_070098.1	29
NC_070481.1	53
NC_053656.1	48
NC_053708.1	42
NC_035588.1	65
NC_037426.1	56
NC_037427.1	56
NC_037432.1	51
NC_037506.1	45
NC_023245.1	57
NC_023247.1	64
NC_057277.1	51
NC_057278.1	54
NC_057279.1	52
NC_057283.1	22
NC_057284.1	22
NC_057286.1	51
NC_042376.1	39
NC_042385.1	39
NC_042386.1	39
NC_048955.1	31
NC_049575.1	48
NC_049578.1	48
NC_049579.1	47
NC_049581.1	38
NC_049582.1	64
NC_025333.1	27
NC_027099.1	40
NC_059828.1	52
NC_059918.1	49
NC_059954.1	52
NC_059972.1	53
NC_050759.1	52
NC_050767.1	52
NC_050768.1	52
NC_050769.1	52
NC_050770.1	52
NC_050771.1	52
NC_050772.1	52
NC_050773.1	52
NC_063131.1	52
NC_063132.1	52
NC_063133.1	52
NC_068715.1	47
NC_068716.1	57
NC_051911.1	51
NC_029957.1	52
NC_029958.1	49
NC_029959.1	45
NC_029961.1	48
NC_029963.1	45
NC_029965.1	48
NC_029967.1	54
NC_029968.1	54
NC_029969.1	48
NC_069966.1	35
NC_069967.1	35
NC_069969.1	35
NC_069970.1	35
NC_069971.1	35
NC_069972.1	35
NC_069973.1	35
NC_021372.1	52
NC_035589.1	64
NC_035590.1	64
NC_037514.1	56
NC_023256.1	51
NC_023259.1	61
NC_024608.1	52
NC_057288.1	57
NC_057290.1	54
NC_042387.1	39
NC_042390.1	31
NC_045211.1	48
NC_046729.1	52
NC_046730.1	52
NC_046731.1	52
NC_059737.1	52
NC_060442.1	51
NC_060782.1	59
NC_028272.1	39
NC_070418.1	48
NC_029416.1	52
NC_029418.1	52
NC_071209.1	61
NC_071212.1	29
NC_071213.1	29
NC_071214.1	29
NC_031201.1	51
NC_070388.1	56
NC_070389.1	41
NC_070392.1	53
NC_070393.1	58
NC_057298.1	47
NC_057299.1	47
NC_059837.1	52
NC_060347.1	41
NC_060449.1	51
NC_060702.1	45
NC_050829.1	53
NC_050823.1	48
NC_050803.1	49
NC_050766.1	52
NC_050902.1	43
NC_050776.1	52
NC_070046.1	50
NC_070391.1	21
NC_070171.1	55
NC_069832.1	51
NC_070454.1	53
NC_070395.1	26
NC_070396.1	50
NC_070398.1	41
NC_070399.1	45
NC_070400.1	45
NC_070401.1	45
NC_070402.1	45
NC_030493.1	52
NC_030550.1	62
NC_053344.1	48
NC_057309.1	60
NC_043861.1	51
NC_043798.1	54
NC_043811.1	55
NC_044808.1	51
NC_044824.1	53
NC_046017.1	48
NC_050787.1	48
NC_070344.1	44
NC_069947.1	48
NC_070356.1	47
NC_070525.1	53
NC_029334.1	48
NC_071231.1	27
NC_070403.1	45
NC_070406.1	51
NC_070410.1	48
NC_057133.1	37
NC_043943.1	52
NC_044082.1	43
NC_044117.1	237
NC_044117.1	51
NC_044119.1	366
NC_044844.1	51
NC_044626.1	37
NC_044628.1	64
NC_044630.1	64
NC_044631.1	64
NC_044632.1	64
NC_046038.1	41
NC_060338.1	51
NC_060377.1	54
NC_060394.1	52
NC_050991.1	41
NC_070485.1	23
NC_070511.1	53
NC_069963.1	35
NC_070032.1	39
NC_029336.1	48
NC_029337.1	48
NC_029339.1	40
NC_029431.1	48
NC_071248.1	39
NC_071249.1	39
NC_070412.1	48
NC_070413.1	48
NC_070414.1	48
NC_070415.1	48
NC_070416.1	48
NC_070417.1	48
NC_070419.1	48
NC_020019.1	51
NC_057233.1	51
NC_057246.1	39
NC_057196.1	49
NC_043924.1	56
NC_044633.1	42
NC_044644.1	37
NC_044645.1	68
NC_046054.1	47
NC_060471.1	46
NC_060514.1	46
NC_060547.1	64
NC_070117.1	53
NC_070140.1	51
NC_069819.1	43
NC_029432.1	32
NC_029433.1	51
NC_029434.1	53
NC_029454.1	51
NC_070420.1	48
NC_070421.1	48
NC_070422.1	48
NC_070423.1	48
NC_070424.1	51
NC_023934.1	52
NC_023935.1	52
NC_057128.1	37
NC_057118.1	40
NC_046061.1	46
NC_046062.1	46
NC_046063.1	46
NC_046064.1	46
NC_060793.1	39
NC_060360.1	54
NC_028328.1	52
NC_070226.1	53
NC_070447.1	53
NC_070471.1	53
NC_070501.1	53
NC_029406.1	51
NC_071201.1	62
NC_071178.1	45
NC_070425.1	48
NC_070426.1	43
NC_070429.1	43
NC_038057.1	56
NC_044798.1	52
NC_046065.1	40
NC_046015.1	52
NC_050648.1	26
NC_050650.1	52
NC_027425.1	68
NC_060525.1	42
NC_060549.1	65
NC_069854.1	43
NC_030260.1	51
NC_071166.1	45
NC_071194.1	46
NC_071203.1	53
NC_071163.1	45
NC_071179.1	45
NC_071211.1	29
NC_031186.1	51
NC_070430.1	43
NC_070431.1	43
NC_070432.1	43
NC_070433.1	42
NC_070435.1	51
NC_070439.1	53
NC_070440.1	53
NC_053354.1	74
NC_053370.1	55
NC_053376.1	22
NC_023959.1	54
NC_063266.1	67
NC_063267.1	67
NC_038077.1	46
NC_056823.1	54
NC_044801.1	55
NC_044802.1	55
NC_044803.1	53
NC_044852.1	61
NC_046022.1	43
NC_046040.1	51
NC_046059.1	47
NC_024936.1	50
NC_050652.1	47
NC_070051.1	55
NC_070058.1	57
NC_030282.1	40
NC_071233.1	30
NC_071250.1	39
NC_071200.1	64
NC_070441.1	53
NC_070443.1	53
NC_070444.1	53
NC_070445.1	53
NC_070446.1	53
NC_070448.1	53
NC_070449.1	53
NC_070451.1	53
NC_021936.1	220
NC_038078.1	46
NC_038079.1	45
NC_056994.1	43
NC_056831.1	47
NC_057144.1	52
NC_057076.1	50
NC_044821.1	52
NC_048889.1	62
NC_061904.1	51
NC_061905.1	48
NC_063148.1	52
NC_068872.1	28
NC_068873.1	32
NC_068874.1	32
NC_029470.1	45
NC_070452.1	53
NC_070455.1	53
NC_070456.1	53
NC_070457.1	53
NC_070458.1	53
NC_070459.1	53
NC_070460.1	53
NC_070461.1	53
NC_032078.1	53
NC_035760.1	45
NC_035762.1	45
NC_035763.1	45
NC_035764.1	45
NC_067631.1	52
NC_067633.1	52
NC_067635.1	52
NC_067636.1	52
NC_067637.1	52
NC_067640.1	49
NC_039817.1	66
NC_044834.1	56
NC_027282.1	55
NC_063094.1	46
NC_063135.1	52
NC_068875.1	51
NC_068876.1	32
NC_068713.1	44
NC_029483.1	38
NC_029485.1	53
NC_031163.1	51
NC_070462.1	53
NC_070463.1	54
NC_070464.1	53
NC_070465.1	53
NC_032083.1	46
NC_032038.1	51
NC_026202.1	40
NC_026551.1	40
NC_035765.1	45
NC_035767.1	45
NC_035768.1	45
NC_035769.1	45
NC_035770.1	45
NC_035771.1	45
NC_035772.1	45
NC_067642.1	42
NC_044862.1	41
NC_059569.1	51
NC_068870.1	30
NC_070323.1	58
NC_070324.1	58
NC_070325.1	58
NC_035224.1	53
NC_035303.1	39
NC_035773.1	45
NC_035774.1	45
NC_035775.1	45
NC_035776.1	45
NC_035778.1	45
NC_035761.1	45
NC_038193.1	64
NC_067652.1	21
NC_059695.1	43
NC_059820.1	52
NC_068774.1	46
NC_068785.1	51
NC_050847.1	57
NC_050872.1	49
NC_050898.1	45
NC_070484.1	45
NC_070486.1	22
NC_070487.1	53
NC_070488.1	53
NC_070489.1	22
NC_070490.1	53
NC_070493.1	53
NC_070494.1	53
NC_035365.1	50
NC_022463.1	51
NC_067663.1	21
NC_067664.1	42
NC_067665.1	21
NC_039924.1	52
NC_057498.1	61
NC_057499.1	64
NC_043902.1	51
NC_043893.1	52
NC_043952.1	46
NC_059904.1	52
NC_059947.1	57
NC_059960.1	52
NC_068637.1	54
NC_068806.1	225
NC_068628.1	46
NC_068629.1	42
NC_050795.1	48
NC_050760.1	52
NC_050761.1	52
NC_050762.1	52
NC_050763.1	52
NC_050764.1	52
NC_050765.1	52
NC_029390.1	39
NC_031193.1	51
NC_031194.1	51
NC_031195.1	51
NC_070495.1	53
NC_070496.1	53
NC_070497.1	53
NC_070498.1	53
NC_070499.1	53
NC_070500.1	53
NC_070502.1	53
NC_070504.1	54
NC_035328.1	46
NC_036136.1	54
NC_067674.1	43
NC_067676.1	21
NC_067677.1	43
NC_039933.1	54
NC_039934.1	61
NC_039935.1	61
NC_039936.1	61
NC_039937.1	61
NC_039938.1	61
NC_043891.1	52
NC_043876.1	64
NC_043940.1	52
NC_043935.1	52
NC_043858.1	54
NC_025955.1	52
NC_059979.1	53
NC_024814.1	52
NC_024815.1	52
NC_071933.1	50
NC_071775.1	46
NC_068635.1	42
NC_068636.1	52
NC_068638.1	55
NC_050931.1	52
NC_029417.1	53
NC_029456.1	47
NC_031196.1	51
NC_031200.1	51
NC_031202.1	51
NC_031203.1	61
NC_031204.1	51
NC_031205.1	51
NC_031206.1	17
NC_070507.1	53
NC_070508.1	53
NC_070509.1	53
NC_070510.1	53
NC_070512.1	53
NC_070513.1	53
NC_070514.1	53
NC_070516.1	53
NC_035342.1	46
NC_067685.1	42
NC_067686.1	42
NC_067687.1	21
NC_067688.1	21
NC_067689.1	42
NC_067690.1	42
NC_039941.1	51
NC_043806.1	56
NC_044900.1	52
NC_061928.1	48
NC_061929.1	47
NC_061930.1	61
NC_068733.1	61
NC_068737.1	45
NC_050936.1	52
NC_050958.1	48
NC_050963.1	54
NC_029391.1	45
NC_070517.1	53
NC_070519.1	53
NC_070521.1	53
NC_070522.1	53
NC_070523.1	53
NC_070524.1	60
NC_070526.1	53
NC_070527.1	53
NC_022810.1	46
NC_022811.1	46
NC_022812.1	46
NC_036101.1	43
NC_067754.1	46
NC_067755.1	59
NC_067756.1	49
NC_067758.1	45
NC_039953.1	48
NC_039961.1	47
NC_068759.1	56
NC_050966.1	52
NC_050981.1	47
NC_029364.1	39
NC_029365.1	41
NC_029378.1	49
NC_029379.1	49
NC_031187.1	51
NC_031199.1	51
NC_070528.1	53
NC_070224.1	47
NC_070235.1	53
NC_070124.1	53
NC_069839.1	45
NC_023235.1	47
NC_029897.1	52
NC_029964.1	46
NC_022813.1	46
NC_067707.1	21
NC_067708.1	21
NC_067711.1	47
NC_067713.1	54
NC_039972.1	54
NC_039973.1	51
NC_036221.1	50
NC_036222.1	50
NC_036501.1	42
NC_036503.1	42
NC_036509.1	51
NC_027227.1	40
NC_027235.1	40
NC_059843.1	52
NC_070473.1	53
NC_070474.1	53
NC_029363.1	40
NC_023801.1	54
NC_035154.1	47
NC_036076.1	48
NC_036077.1	43
NC_036079.1	50
NC_036080.1	48
NC_036082.1	50
NC_036083.1	50
NC_036085.1	50
NC_036086.1	46
NC_057228.1	45
NC_057060.1	51
NC_057098.1	53
NC_057098.1	146
NC_057138.1	45
NC_056770.1	47
NC_044767.1	51
NC_044774.1	49
NC_044775.1	34
NC_036223.1	50
NC_061933.1	51
NC_061934.1	51
NC_070475.1	53
NC_070477.1	53
NC_070478.1	53
NC_070479.1	53
NC_070480.1	53
NC_070482.1	53
NC_069876.1	35
NC_035325.1	46
NC_036087.1	46
NC_036088.1	46
NC_036090.1	46
NC_036092.1	50
NC_036093.1	46
NC_036095.1	50
NC_036096.1	43
NC_036097.1	45
NC_036098.1	50
NC_056905.1	74
NC_041258.1	66
NC_041249.1	51
NC_041238.1	54
NC_041309.1	35
NC_044779.1	49
NC_044780.1	98
NC_049019.1	60
NC_059953.1	41
NC_061935.1	51
NC_061936.1	48
NC_061939.1	56
NC_061941.1	59
NC_061943.1	59
NC_061944.1	59
NC_069877.1	35
NC_069879.1	35
NC_069880.1	35
NC_069881.1	35
NC_069882.1	35
NC_069883.1	35
NC_069884.1	35
NC_029392.1	37
NC_029393.1	45
NC_029394.1	45
NC_029401.1	52
NC_007500.1	40
NC_035375.1	50
NC_036100.1	43
NC_036102.1	51
NC_036105.1	51
NC_036109.1	55
NC_057188.1	45
NC_057311.1	43
NC_027259.1	44
NC_061945.1	59
NC_061946.1	59
NC_061948.1	46
NC_069886.1	35
NC_069887.1	35
NC_069888.1	35
NC_069890.1	35
NC_069891.1	35
NC_069892.1	35
NC_069893.1	35
NC_029411.1	51
NC_029412.1	52
NC_029711.1	46
NC_036110.1	48
NC_036111.1	49
NC_036112.1	52
NC_036113.1	56
NC_036115.1	51
NC_036117.1	52
NC_057289.1	56
NC_044806.1	51
NC_044807.1	51
NC_044809.1	51
NC_044810.1	51
NC_044811.1	51
NC_044812.1	51
NC_044813.1	41
NC_044814.1	51
NC_045850.1	48
NC_061956.1	59
NC_061957.1	59
NC_061958.1	53
NC_061959.1	51
NC_061960.1	44
NC_061962.1	44
NC_069897.1	35
NC_069898.1	35
NC_069899.1	35
NC_069900.1	35
NC_069901.1	35
NC_069902.1	35
NC_069904.1	35
NC_029413.1	52
NC_029415.1	51
NC_029420.1	46
NC_053260.1	32
NC_053261.1	32
NC_036118.1	53
NC_036120.1	52
NC_036121.1	51
NC_036122.1	52
NC_036123.1	52
NC_036124.1	51
NC_036125.1	51
NC_036126.1	52
NC_039762.1	42
NC_039855.1	78
NC_039672.1	49
NC_057086.1	51
NC_057149.1	63
NC_044815.1	60
NC_044816.1	51
NC_044817.1	51
NC_044818.1	53
NC_044819.1	52
NC_044820.1	52
NC_044822.1	53
NC_044825.1	51
NC_045851.1	51
NC_045861.1	64
NC_045862.1	51
NC_027276.1	48
NC_027824.1	52
NC_069905.1	35
NC_069907.1	35
NC_069908.1	35
NC_069909.1	35
NC_069910.1	35
NC_069911.1	35
NC_029427.1	56
NC_029429.1	51
NC_053264.1	32
NC_053265.1	32
NC_053266.1	32
NC_053267.1	32
NC_053268.1	46
NC_036128.1	52
NC_036130.1	52
NC_039673.1	49
NC_039674.1	49
NC_039800.1	51
NC_039679.1	47
NC_057253.1	86
NC_057310.1	49
NC_056943.1	52
NC_057533.1	41
NC_057644.1	48
NC_057647.1	46
NC_044828.1	51
NC_044829.1	51
NC_044831.1	51
NC_044832.1	51
NC_044833.1	51
NC_045915.1	43
NC_024542.1	54
NC_027266.1	51
NC_061976.1	50
NC_061977.1	32
NC_061982.1	51
NC_061983.1	51
NC_070038.1	39
NC_070039.1	39
NC_070040.1	39
NC_070041.1	39
NC_070043.1	39
NC_029734.1	35
NC_053276.1	52
NC_053277.1	52
NC_053278.1	52
NC_032054.1	44
NC_035357.1	50
NC_035382.1	50
NC_035395.1	50
NC_036127.1	52
NC_036129.1	51
NC_036075.1	50
NC_036091.1	47
NC_036116.1	51
NC_039793.1	51
NC_057050.1	56
NC_057051.1	51
NC_057058.1	51
NC_057059.1	51
NC_057062.1	39
NC_057063.1	50
NC_057663.1	54
NC_058525.1	43
NC_058527.1	60
NC_058528.1	60
NC_058529.1	60
NC_058530.1	31
NC_058532.1	53
NC_058533.1	43
NC_058534.1	53
NC_044838.1	51
NC_044839.1	53
NC_044841.1	51
NC_044842.1	51
NC_044843.1	51
NC_044845.1	51
NC_024469.1	39
NC_061984.1	51
NC_061986.1	51
NC_061987.1	51
NC_032060.1	67
NC_035337.1	52
NC_036084.1	50
NC_036094.1	46
NC_039776.1	58
NC_039791.1	51
NC_039795.1	51
NC_057065.1	77
NC_057066.1	77
NC_057262.1	62
NC_057264.1	56
NC_057265.1	61
NC_057291.1	54
NC_041255.1	62
NC_057677.1	46
NC_057678.1	43
NC_057679.1	39
NC_057680.1	43
NC_057657.1	55
NC_058536.1	51
NC_058537.1	51
NC_058538.1	51
NC_044846.1	51
NC_044805.1	51
NC_044835.1	50
NC_044836.1	51
NC_044823.1	50
NC_044797.1	55
NC_008407.1	40
NC_015623.1	39
NC_015996.1	51
NC_015990.1	52
NC_008325.1	45
NC_017835.1	52
NC_016068.1	41
NC_015604.1	39
NC_015605.1	51
NC_015608.1	39
NC_014057.1	51
NC_015139.1	39
NC_025229.1	51
NC_008155.1	52
NC_016430.1	46
NC_025230.1	52
NC_025238.1	52
NC_015892.1	47
NC_015894.1	21
NC_015899.1	20
NC_025231.1	52
NC_025232.1	52
NC_025234.1	51
NC_010433.1	92
NC_011032.1	52
NC_007942.1	51
NC_008457.1	42
NC_009265.1	48
NC_009268.1	48
NC_008788.1	60
NC_008796.1	43
NC_009270.1	48
NC_011828.1	52
NC_003119.8	55
NC_009808.1	40
NC_010093.1	52
NC_010109.1	21
NC_002762.1	52
NC_009269.1	48
NC_009273.1	48
NC_009275.1	48
NC_009266.1	48
NC_009271.1	48
NC_009274.1	48
NC_017894.1	76
NC_010358.2	53
NC_015817.1	52
NC_015820.1	52
NC_015826.1	52
NC_015831.1	52
NC_015206.1	52
NC_002694.1	55
NC_016734.1	39
NC_016736.1	54
NC_008336.1	21
NC_009962.1	51
NC_016677.1	51
NC_016718.1	57
NC_016753.1	28
NC_014063.1	51
NC_010361.1	57
NC_013707.2	39
NC_025228.1	52
NC_016670.1	76
NC_025235.1	52
NC_016699.1	52
NC_016711.1	76
NC_016712.1	76
NC_016708.2	46
NC_016690.1	76
NC_016692.1	76
NC_015803.1	52
NC_007944.1	76
NC_008456.1	48
NC_014056.1	46
NC_014062.1	58
NC_014570.1	64
NC_007407.1	52
NC_006050.1	54
NC_009143.1	68
NC_015830.1	52
NC_008602.1	50
NC_015401.1	39
NC_010362.1	55
NC_009601.1	83
NC_008641.1	76
NC_014674.1	54
NC_014676.2	65
NC_016927.1	52
NC_020098.1	44
NC_012224.1	53
NC_004993.1	48
NC_007943.1	40
NC_005973.1	52
NC_008115.1	59
NC_007957.1	51
NC_015113.1	47
NC_015308.1	53
NC_016433.2	43
NC_012615.1	49
NC_009267.1	48
NC_024106.1	52
NC_006084.1	53
NC_025909.1	51
NC_015204.1	76
NC_025339.1	51
NC_011163.1	54
NC_010442.1	50
NC_016468.1	44
NC_016471.1	32
NC_025233.1	51
NC_013273.1	51
NC_010360.2	55
NC_000932.1	48
NC_008326.1	47
NC_017602.1	48
NC_008591.1	58
NC_008590.1	47
NC_015891.1	21
NC_008454.1	12
NC_017609.1	46
NC_031159.1	40
NC_024816.1	52
NC_009598.1	44
NC_009600.1	63
NC_009599.1	51
NC_008335.1	58
NC_005878.2	53
NC_006290.1	46
NC_001879.2	40
NC_007499.1	47
NC_001666.2	51
NC_007602.1	40
NC_004561.1	40
NC_010323.1	53
NC_045320.1	51
NC_024261.1	40
NC_007898.3	40
NC_022868.1	51
NC_023367.1	48
NC_024258.1	52
NC_025288.1	47
NC_026447.1	45
NC_026562.1	55
NC_026722.1	56
NC_026685.1	68
NC_026703.1	40
NC_027110.1	55
NC_027456.1	46
NC_027834.1	50
NC_028704.1	45
NC_029243.1	58
NC_029850.1	45
NC_030207.1	40
NC_030543.1	40
NC_030787.1	52
NC_031422.1	62
NC_032368.1	56
NC_033975.1	50
NC_034347.1	52
NC_034742.1	42
NC_034694.1	40
NC_035034.1	47
NC_035501.1	52
NC_035624.1	50
NC_035742.1	40
NC_035952.1	40
NC_035973.1	46
NC_035961.1	52
NC_037151.1	50
NC_038088.1	45
NC_039452.1	51
NC_039426.1	127
NC_039608.1	40
NC_039645.1	51
NC_039606.1	40
NC_040866.1	68
NC_041171.1	51
NC_041087.1	45
NC_041605.1	40
NC_042192.1	51
NC_044094.1	52
NC_044419.1	56
NC_045390.1	51
NC_045389.1	51
NC_045331.1	51
NC_045336.1	51
NC_046879.1	45
NC_047282.1	51
NC_047343.1	51
NC_048474.1	52
NC_050296.1	52
NC_050292.1	45
NC_051880.1	51
NC_053549.1	56
NC_056253.1	56
NC_057509.1	43
NC_058807.1	52
NC_058806.1	52
NC_060380.1	54
NC_062414.1	52
NC_072912.1	56
NC_072918.1	41
NC_072920.1	48
NC_072922.1	51
NC_073016.1	46
NC_069214.1	55
NC_069195.1	45
NC_069225.1	46
NC_072913.1	41
NC_073021.1	51
NC_072921.1	44
NC_072915.1	54
NC_072959.1	48
NC_072972.1	51
NC_069211.1	54
NC_072960.1	48
NC_072945.1	21
NC_069295.1	50
NC_072914.1	54
NC_072917.1	54
NC_069209.1	54
NC_072938.1	60
NC_072939.1	60
NC_073005.1	40
NC_069292.1	61
NC_069224.1	22
NC_072968.1	48
NC_072910.1	42
NC_072971.1	47
NC_072941.1	54
NC_069360.1	48
NC_069349.1	48
NC_072911.1	41
NC_069358.1	48
NC_073006.1	30
NC_069196.1	48
NC_069299.1	50
NC_069359.1	48
NC_069216.1	52
NC_069217.1	52
NC_069357.1	48
NC_069350.1	47
NC_072931.1	52
NC_069227.1	51
NC_069345.1	48
NC_069341.1	48
NC_069340.1	48
NC_069352.1	48
NC_069212.1	55
NC_072979.1	63
NC_072916.1	55
NC_072937.1	55
NC_073014.1	50
NC_073015.1	53
NC_069183.1	53
NC_069200.1	43
NC_069339.1	48
NC_069353.1	48
NC_069343.1	48
NC_069184.1	53
NC_069215.1	50
NC_073010.1	56
NC_072919.1	41
NC_069344.1	48
NC_069348.1	48
NC_069354.1	48
NC_069355.1	50
NC_069356.1	48
NC_072967.1	48
NC_069218.1	52
NC_069182.1	53
NC_069181.1	53
NC_069342.1	48
NC_069346.1	48
NC_069338.1	48
NC_069351.1	47
NC_069347.1	48
NC_072908.1	97
NC_069309.1	51
NC_069310.1	51
NC_072976.1	45
NC_069197.1	45
NC_069220.1	52
NC_069210.1	54
NC_069219.1	52
NC_072944.1	51
NC_072935.1	51
NC_073114.1	41
NC_073120.1	58
NC_073099.1	45
NC_073110.1	57
NC_073119.1	58
NC_073098.1	45
NC_073097.1	54
NC_073154.1	49
NC_073118.1	58
NC_073149.1	48
NC_073117.1	58
NC_073100.1	51
NC_073121.1	58
NC_073102.1	51
NC_073106.1	9
NC_073108.1	52
NC_073122.1	58
NC_073123.1	58
NC_062933.1	47
NC_062930.1	47
NC_064346.1	49
NC_061549.1	51
NC_062299.1	51
NC_063560.1	64
NC_066435.1	42
NC_063831.1	98
NC_065131.1	46
NC_021425.1	55
NC_067048.1	48
NC_067047.1	58
NC_067044.1	48
NC_066083.1	51
NC_063739.1	50
NC_066018.1	50
NC_066966.1	45
NC_067046.1	58
NC_062958.1	39
NC_066650.1	48
NC_063623.1	53
NC_063474.1	44
NC_066035.1	55
NC_065359.1	53
NC_062594.1	50
NC_062595.1	50
NC_062346.1	51
NC_062432.1	51
NC_062344.1	51
NC_062332.1	51
NC_066446.1	51
NC_066150.1	46
NC_066037.1	44
NC_066033.1	44
NC_063134.1	52
NC_066799.1	53
NC_066005.1	44
NC_066019.1	39
NC_066013.1	51
NC_062424.1	40
NC_065141.1	51
NC_067040.1	30
NC_063480.1	59
NC_065023.1	59
NC_065773.1	38
NC_062936.1	47
NC_065186.1	45
NC_065190.1	45
NC_061748.1	45
NC_066960.1	47
NC_065191.1	45
NC_065181.1	45
NC_065168.1	45
NC_066034.1	41
NC_065833.1	48
NC_066405.1	35
NC_066010.1	51
NC_065400.1	53
NC_062926.1	52
NC_062691.1	51
NC_065057.1	55
NC_061611.1	54
NC_066021.1	52
NC_065240.1	52
NC_062416.1	42
NC_063553.1	64
NC_067022.1	58
NC_067017.1	56
NC_067018.1	54
NC_067006.1	56
NC_067019.1	54
NC_066699.1	34
NC_063957.1	50
NC_062593.1	52
NC_062585.1	52
NC_066229.1	50
NC_062417.1	52
NC_063910.1	31
NC_062717.1	40
NC_065381.1	40
NC_064016.1	50
NC_062635.1	58
NC_065867.1	51
NC_063713.1	54
NC_064123.1	47
NC_066815.1	28
NC_067020.1	57
NC_067023.1	58
NC_067021.1	54
NC_067001.1	54
NC_064116.1	41
NC_064360.1	50
NC_067026.1	55
NC_067004.1	53
NC_061554.1	52
NC_064147.1	80
NC_062580.1	64
NC_061620.1	68
NC_066053.1	50
NC_065726.1	51
NC_062900.1	47
NC_062922.1	47
NC_062891.1	47
NC_062932.1	47
NC_062931.1	47
NC_062921.1	47
NC_062655.1	47
NC_062647.1	47
NC_062893.1	47
NC_062937.1	52
NC_062894.1	47
NC_062935.1	47
NC_062928.1	47
NC_062927.1	47
NC_062913.1	47
NC_062920.1	47
NC_062925.1	47
NC_062916.1	47
NC_062914.1	47
NC_062652.1	47
NC_062643.1	47
NC_062653.1	47
NC_062654.1	47
NC_062942.1	47
NC_062929.1	47
NC_062940.1	47
NC_061550.1	65
NC_063488.1	49
NC_063489.1	49
NC_066652.1	52
NC_063743.1	50
NC_065353.1	53
NC_065354.1	53
NC_066477.1	50
NC_065056.1	53
NC_062837.1	52
NC_061591.1	54
NC_061581.1	54
NC_066144.1	52
NC_065781.1	46
NC_065777.1	47
NC_062666.1	53
NC_064364.1	46
NC_062330.1	28
NC_064985.1	45
NC_065176.1	45
NC_062349.1	51
NC_062350.1	51
NC_065128.1	46
NC_064374.1	67
NC_062693.1	40
NC_062469.1	40
NC_062486.1	40
NC_062476.1	40
NC_064055.1	54
NC_066191.1	43
NC_065000.1	43
NC_062939.1	47
NC_064728.1	57
NC_061572.1	54
NC_065477.1	46
NC_066447.1	43
NC_066006.1	58
NC_065725.1	51
NC_065719.1	51
NC_061597.1	51
NC_063671.1	63
NC_065117.1	63
NC_065114.1	63
NC_066667.1	32
NC_065784.1	32
NC_061761.1	43
NC_062351.1	39
NC_062651.1	47
NC_066045.1	52
NC_066042.1	52
NC_066431.1	42
NC_066436.1	42
NC_066438.1	42
NC_062415.1	56
NC_064145.1	35
NC_066670.1	32
NC_067034.1	47
NC_066503.1	51
NC_066002.1	51
NC_062348.1	51
NC_067002.1	55
NC_067010.1	55
NC_063109.1	45
NC_062597.1	44
NC_065306.1	44
NC_062890.1	52
NC_061603.1	51
NC_061599.1	51
NC_067089.1	51
NC_067090.1	51
NC_067088.1	51
NC_067091.1	51
NC_061602.1	51
NC_061725.1	40
NC_064073.1	50
NC_062923.1	47
NC_062919.1	47
NC_067079.1	55
NC_064148.1	33
NC_066070.1	27
NC_061728.1	51
NC_061733.1	51
NC_065123.1	46
NC_065126.1	46
NC_065201.1	48
NC_062667.1	42
NC_066425.1	54
NC_063952.1	46
NC_064349.1	45
NC_062881.1	51
NC_063459.1	54
NC_061586.1	54
NC_061593.1	53
NC_061614.1	54
NC_061577.1	54
NC_061583.1	54
NC_061615.1	54
NC_061590.1	54
NC_061592.1	54
NC_062813.1	77
NC_066182.1	76
NC_061574.1	62
NC_064345.1	45
NC_064126.1	41
NC_066445.1	51
NC_063579.1	41
NC_065038.1	48
NC_063658.1	41
NC_066047.1	54
NC_066470.1	54
NC_065245.1	58
NC_061756.1	41
NC_063529.1	47
NC_061712.1	51
NC_064366.1	54
NC_063961.1	52
NC_065734.1	51
NC_064146.1	52
NC_062343.1	51
NC_062338.1	51
NC_062882.1	53
NC_064747.1	43
NC_064941.1	55
NC_066228.1	50
NC_063635.1	38
NC_063639.1	38
NC_063651.1	38
NC_063652.1	38
NC_063640.1	38
NC_063641.1	38
NC_063653.1	38
NC_063642.1	38
NC_063643.1	38
NC_063655.1	38
NC_065037.1	49
NC_063747.1	59
NC_065789.1	55
NC_062808.1	69
NC_064992.1	64
NC_064127.1	21
NC_061622.1	63
NC_061624.1	68
NC_061618.1	63
NC_061619.1	63
NC_066183.1	43
NC_062602.1	41
NC_065707.1	51
NC_061596.1	51
NC_062863.1	40
NC_062867.1	40
NC_062509.1	40
NC_062428.1	40
NC_062470.1	40
NC_062904.1	47
NC_062451.1	55
NC_062828.1	56
NC_063924.1	50
NC_065324.1	54
NC_066811.1	54
NC_062829.1	53
NC_062830.1	53
NC_062831.1	54
NC_065763.1	46
NC_066027.1	46
NC_064686.1	48
NC_065468.1	47
NC_065210.1	53
NC_062941.1	47
NC_062918.1	47
NC_062656.1	47
NC_062641.1	47
NC_062826.1	68
NC_062823.1	53
NC_062938.1	47
NC_064120.1	61
NC_064122.1	61
NC_063960.1	52
NC_066502.1	51
NC_065044.1	64
NC_065046.1	62
NC_065241.1	51
NC_063554.1	47
NC_064741.1	60
NC_061555.1	62
NC_065735.1	28
NC_063965.1	33
NC_066492.1	52
NC_064394.1	51
NC_061660.1	50
NC_063511.1	46
NC_066644.1	48
NC_062418.1	55
NC_063746.1	51
NC_063838.1	45
NC_063840.1	46
NC_064348.1	45
NC_066818.1	31
NC_063570.1	47
NC_063626.1	30
NC_065808.1	63
NC_061607.1	54
NC_062795.1	50
NC_066798.1	51
NC_064121.1	61
NC_063587.1	55
NC_066187.1	46
NC_066189.1	43
NC_066192.1	44
NC_066194.1	42
NC_066195.1	43
NC_066801.1	41
NC_064128.1	43
NC_064406.1	54
NC_066409.1	48
NC_065002.1	43
NC_065007.1	53
NC_062516.1	40
NC_062723.1	46
NC_062721.1	46
NC_066975.1	52
NC_066131.1	46
NC_063520.1	50
NC_062807.1	67
NC_062806.1	68
NC_067043.1	53
NC_063836.1	52
NC_061617.1	17
NC_062405.1	51
NC_065303.1	52
NC_067045.1	53
NC_064988.1	21
NC_066656.1	43
NC_065330.1	45
NC_065173.1	45
NC_065175.1	45
NC_065178.1	45
NC_065179.1	45
NC_065185.1	45
NC_065194.1	45
NC_065167.1	45
NC_065187.1	45
NC_065170.1	45
NC_065165.1	45
NC_065192.1	45
NC_062337.1	51
NC_062347.1	51
NC_062359.1	53
NC_063630.1	52
NC_062811.1	77
NC_066475.1	50
NC_062707.1	42
NC_066043.1	52
NC_065042.1	58
NC_062506.1	40
NC_065006.1	54
NC_063563.1	48
NC_061744.1	48
NC_061746.1	48
NC_061747.1	48
NC_063555.1	48
NC_062363.1	45
NC_062367.1	45
NC_062827.1	55
NC_067082.1	51
NC_065059.1	77
NC_064013.1	50
NC_064015.1	50
NC_064088.1	50
NC_064096.1	50
NC_064097.1	50
NC_064098.1	50
NC_064099.1	50
NC_064081.1	50
NC_064102.1	50
NC_064094.1	50
NC_064077.1	50
NC_062364.1	46
NC_062368.1	45
NC_066959.1	47
NC_062497.1	40
NC_062501.1	40
NC_062427.1	40
NC_061719.1	50
NC_066149.1	46
NC_066484.1	47
NC_061651.1	48
NC_064053.1	22
NC_062308.1	55
NC_061726.1	51
NC_061710.1	51
NC_061755.1	51
NC_061729.1	51
NC_061713.1	62
NC_061711.1	40
NC_062306.1	53
NC_062703.1	51
NC_062934.1	47
NC_062357.1	42
NC_061706.1	43
NC_065205.1	53
NC_064119.1	61
NC_063837.1	51
NC_066668.1	32
NC_062310.1	51
NC_061625.1	63
NC_061623.1	68
NC_066717.1	52
NC_064526.1	52
NC_061689.1	44
NC_062954.1	39
NC_062487.1	40
NC_062809.1	46
NC_066481.1	40
NC_066433.1	42
NC_065188.1	45
NC_065361.1	42
NC_062949.1	39
NC_065504.1	39
NC_064734.1	59
NC_061714.1	51
NC_065485.1	51
NC_066702.1	43
NC_062512.1	41
NC_062370.1	45
NC_062366.1	45
NC_063911.1	22
NC_065990.1	39
NC_063927.1	54
NC_061663.1	73
NC_063928.1	45
NC_065118.1	53
NC_062457.1	49
NC_065243.1	51
NC_063679.1	42
NC_063681.1	48
NC_066432.1	42
NC_066437.1	42
NC_061657.1	30
NC_066007.1	52
NC_066143.1	74
NC_064101.1	50
NC_064319.1	52
NC_063479.1	49
NC_063819.1	52
NC_063820.1	46
NC_061612.1	51
NC_063823.1	46
NC_063822.1	52
NC_063824.1	52
NC_065198.1	51
NC_062372.1	45
NC_066692.1	46
NC_065785.1	30
NC_063678.1	27
NC_062334.1	51
NC_067063.1	51
NC_063528.1	51
NC_064969.1	43
NC_064748.1	46
NC_066691.1	50
NC_063558.1	53
NC_066703.1	44
NC_062910.1	47
NC_064373.1	46
NC_062365.1	45
NC_064353.1	45
NC_062946.1	39
NC_064352.1	45
NC_065483.1	45
NC_063845.1	45
NC_063843.1	45
NC_066689.1	46
NC_062345.1	51
NC_063734.1	60
NC_065865.1	42
NC_064528.1	54
NC_067081.1	51
NC_067087.1	51
NC_018767.1	52
NC_062835.1	52
NC_062836.1	52
NC_063549.1	55
NC_066658.1	51
NC_065391.1	51
NC_065666.1	44
NC_063685.1	51
NC_065171.1	45
NC_061758.1	41
NC_066009.1	45
NC_065357.1	53
NC_066819.1	31
NC_066669.1	32
NC_060754.1	45
NC_066499.1	45
NC_064052.1	22
NC_065184.1	45
NC_065182.1	45
NC_065866.1	22
NC_066134.1	51
NC_065003.1	53
NC_065706.1	51
NC_065177.1	45
NC_065204.1	54
NC_064996.1	46
NC_063912.1	22
NC_061561.1	44
NC_066964.1	53
NC_064739.1	43
NC_063744.1	41
NC_065652.1	51
NC_065655.1	51
NC_065152.1	48
NC_065151.1	54
NC_062959.1	39
NC_062951.1	39
NC_062953.1	39
NC_062955.1	39
NC_066474.1	50
NC_062956.1	39
NC_062947.1	52
NC_063491.1	49
NC_065208.1	54
NC_065209.1	54
NC_064361.1	60
NC_064940.1	55
NC_066146.1	46
NC_066148.1	45
NC_066145.1	46
NC_066147.1	45
NC_060336.1	51
NC_060455.1	51
NC_066130.1	46
NC_063832.1	52
NC_062797.1	46
NC_062800.1	51
NC_062340.1	51
NC_063569.1	51
NC_062342.1	51
NC_063697.1	48
NC_065486.1	51
NC_065360.1	23
NC_062461.1	51
NC_063636.1	41
NC_063637.1	41
NC_062841.1	51
NC_065780.1	46
NC_062485.1	40
NC_062866.1	40
NC_062507.1	40
NC_062426.1	40
NC_062484.1	36
NC_066476.1	50
NC_062702.1	51
NC_062704.1	51
NC_064114.1	43
NC_065153.1	49
NC_065159.1	49
NC_062510.1	40
NC_062483.1	40
NC_062504.1	40
NC_062511.1	40
NC_062502.1	40
NC_065729.1	59
NC_062458.1	41
NC_063702.1	52
NC_067033.1	52
NC_065047.1	60
NC_065043.1	58
NC_061735.1	51
NC_066813.1	56
NC_061694.1	53
NC_065009.1	68
NC_061715.1	51
NC_061745.1	48
NC_063557.1	48
NC_066434.1	42
NC_063740.1	50
NC_063839.1	45
NC_066672.1	32
NC_066967.1	44
NC_061667.1	51
NC_063918.1	50
NC_063922.1	50
NC_061695.1	61
NC_065711.1	51
NC_061595.1	54
NC_065261.1	64
NC_065790.1	42
NC_063916.1	50
NC_062311.1	55
NC_065716.1	59
NC_065718.1	59
NC_065699.1	59
NC_065698.1	59
NC_061730.1	51
NC_061736.1	51
NC_061732.1	51
NC_066646.1	47
NC_066807.1	52
NC_061613.1	54
NC_061594.1	54
NC_063680.1	40
NC_065503.1	33
NC_065832.1	32
NC_065129.1	46
NC_062333.1	51
NC_061731.1	51
NC_061727.1	56
NC_065840.1	52
NC_065008.1	53
NC_063687.1	44
NC_066071.1	25
NC_065257.1	56
NC_066719.1	46
NC_065717.1	51
NC_066674.1	51
NC_065710.1	51
NC_065162.1	45
NC_062353.1	53
NC_066439.1	70
NC_064735.1	55
NC_067005.1	49
NC_066999.1	54
NC_067009.1	56
NC_067000.1	54
NC_066673.1	32
NC_063850.1	63
NC_065356.1	23
NC_066653.1	60
NC_064365.1	49
NC_061722.1	50
NC_061720.1	50
NC_063509.1	43
NC_061734.1	51
NC_063742.1	50
NC_065793.1	42
NC_065794.1	43
NC_065795.1	43
NC_065796.1	42
NC_065798.1	43
NC_063471.1	52
NC_064967.1	48
NC_065352.1	53
NC_066496.1	45
NC_065792.1	42
NC_063921.1	50
NC_063478.1	49
NC_065779.1	46
NC_065778.1	46
NC_065861.1	24
NC_065206.1	54
NC_063590.1	43
NC_064740.1	43
NC_064737.1	43
NC_063556.1	48
NC_061552.1	53
NC_064742.1	43
NC_066896.1	48
NC_066648.1	47
NC_063958.1	51
NC_063959.1	46
NC_062419.1	40
NC_061608.1	53
NC_063738.1	50
NC_062312.1	54
NC_064738.1	43
NC_064743.1	54
NC_064934.1	50
NC_064935.1	45
NC_062323.1	55
NC_062322.1	55
NC_064938.1	55
NC_064939.1	55
NC_064942.1	54
NC_063512.1	58
NC_064990.1	23
NC_063901.1	51
NC_063833.1	49
NC_062489.1	40
NC_062494.1	40
NC_062474.1	39
NC_065712.1	51
NC_063821.1	46
NC_062318.1	55
NC_065862.1	42
NC_065040.1	59
NC_064746.1	55
NC_062406.1	47
NC_065258.1	65
NC_065137.1	67
NC_064142.1	52
NC_061691.1	51
NC_064687.1	25
NC_064068.1	42
NC_063508.1	43
NC_063834.1	50
NC_065871.1	41
NC_064744.1	54
NC_064936.1	54
NC_065098.1	42
NC_065323.1	54
NC_065863.1	42
NC_062462.1	52
NC_065110.1	51
NC_066000.1	53
NC_066482.1	47
NC_066483.1	47
NC_065351.1	53
NC_062307.1	55
NC_062369.1	45
NC_064989.1	52
NC_065116.1	63
NC_065015.1	59
NC_066133.1	46
NC_062321.1	55
NC_062317.1	55
NC_063915.1	50
NC_063917.1	50
NC_063920.1	50
NC_061673.1	34
NC_064736.1	51
NC_065041.1	58
NC_065045.1	62
NC_064115.1	42
NC_061759.1	41
NC_066647.1	47
NC_062515.1	40
NC_062480.1	40
NC_062481.1	40
NC_062472.1	40
NC_066193.1	46
NC_062490.1	40
NC_065672.1	51
NC_062341.1	51
NC_066491.1	41
NC_065169.1	45
NC_063688.1	55
NC_065797.1	43
NC_063572.1	48
NC_066188.1	43
NC_065692.1	51
NC_061600.1	51
NC_067092.1	51
NC_064103.1	57
NC_065164.1	45
NC_065166.1	45
NC_065172.1	45
NC_065180.1	45
NC_065189.1	45
NC_065163.1	45
NC_065196.1	45
NC_065146.1	48
NC_065782.1	54
NC_065393.1	50
NC_061557.1	51
NC_061558.1	51
NC_061559.1	51
NC_061553.1	62
NC_065670.1	51
NC_061584.1	54
NC_063548.1	42
NC_064393.1	50
NC_065193.1	45
NC_061671.1	40
NC_061575.1	54
NC_066044.1	52
NC_061578.1	54
NC_061588.1	53
NC_065174.1	45
NC_061676.1	51
NC_061677.1	51
NC_061674.1	51
NC_061678.1	51
NC_066136.1	51
NC_066135.1	51
NC_061757.1	41
NC_061579.1	54
NC_066227.1	47
NC_066227.1	47
NC_065207.1	54
NC_064525.1	50
NC_064519.1	50
NC_063696.1	51
NC_062465.1	45
NC_065834.1	43
NC_064358.1	41
NC_066961.1	47
NC_063594.1	99
NC_061576.1	54
NC_061585.1	53
NC_066973.1	62
NC_065358.1	53
NC_064054.1	23
NC_064051.1	22
NC_063657.1	38
NC_065154.1	48
NC_064389.1	51
NC_067007.1	53
NC_067011.1	55
NC_061751.1	45
NC_061587.1	54
NC_063659.1	38
NC_066998.1	57
NC_064749.1	55
NC_064750.1	63
NC_062324.1	55
NC_062315.1	55
NC_062314.1	55
NC_062313.1	55
NC_061675.1	51
NC_067085.1	51
NC_067086.1	51
NC_067027.1	55
NC_067016.1	54
NC_066997.1	54
NC_065242.1	51
NC_063842.1	45
NC_063844.1	45
NC_065482.1	45
NC_065484.1	45
NC_065501.1	45
NC_065014.1	58
NC_063624.1	53
NC_064071.1	41
NC_066958.1	41
NC_062155.1	48
NC_067008.1	54
NC_067015.1	55
NC_064517.1	50
NC_063732.1	54
NC_061580.1	54
NC_067013.1	54
NC_067012.1	53
NC_065383.1	58
NC_064932.1	50
NC_066700.1	45
NC_061573.1	42
NC_066016.1	55
NC_062411.1	55
NC_062503.1	39
NC_062478.1	41
NC_062468.1	41
NC_066812.1	48
NC_066701.1	43
NC_063521.1	47
NC_065654.1	51
NC_062335.1	51
NC_061686.1	49
NC_061684.1	45
NC_064347.1	44
NC_064351.1	45
NC_061763.1	47
NC_063835.1	50
NC_062410.1	63
NC_064350.1	45
NC_066816.1	30
NC_066186.1	44
NC_065145.1	51
NC_063913.1	23
NC_065369.1	53
NC_064072.1	41
NC_063595.1	99
NC_066695.1	45
NC_064995.1	56
NC_066219.1	54
NC_064943.1	54
NC_064937.1	54
NC_062517.1	40
NC_062479.1	40
NC_062514.1	39
NC_062513.1	40
NC_062498.1	40
NC_062496.1	40
NC_062499.1	40
NC_062425.1	40
NC_062488.1	40
NC_062491.1	40
NC_062493.1	40
NC_062477.1	40
NC_062482.1	40
NC_062471.1	40
NC_062475.1	40
NC_064751.1	55
NC_063683.1	51
NC_067024.1	54
NC_067003.1	57
NC_067025.1	54
NC_067014.1	55
NC_065487.1	54
NC_065140.1	51
NC_065142.1	51
NC_065143.1	51
NC_065144.1	51
NC_061621.1	63
NC_064407.1	89
NC_062430.1	26
NC_066196.1	42
NC_066185.1	43
NC_066190.1	43
NC_063477.1	55
NC_061610.1	51
NC_061589.1	54
NC_062439.1	55
NC_063504.1	52
NC_066408.1	48
NC_065157.1	51
NC_065723.1	51
NC_065708.1	51
NC_065715.1	51
NC_065704.1	51
NC_065705.1	51
NC_065724.1	51
NC_065720.1	51
NC_065709.1	51
NC_065714.1	51
NC_065713.1	51
NC_065703.1	59
NC_065700.1	59
NC_065702.1	59
NC_065701.1	59
NC_065697.1	59
NC_065721.1	51
NC_065722.1	51
NC_065727.1	51
NC_065653.1	51
NC_065005.1	53
NC_064104.1	41
NC_063514.1	51
NC_064375.1	48
NC_063748.1	60
NC_063749.1	59
NC_063481.1	49
NC_063482.1	49
NC_063483.1	49
NC_063484.1	49
NC_063485.1	49
NC_063486.1	49
NC_063487.1	49
NC_063490.1	49
NC_062336.1	51
NC_062339.1	51
NC_063513.1	58
NC_063507.1	56
NC_063506.1	56
NC_066090.1	54
NC_067053.1	51
NC_063547.1	52
NC_061551.1	51
NC_065370.1	46
NC_063576.1	51
NC_065500.1	45
NC_062371.1	45
NC_066139.1	51
NC_066138.1	51
NC_066140.1	51
NC_066142.1	51
NC_066141.1	54
NC_061670.1	42
NC_063615.1	52
NC_061752.1	44
NC_061702.1	62
NC_061703.1	62
NC_061704.1	62
NC_061700.1	62
NC_061701.1	60
NC_061609.1	54
NC_061601.1	51
NC_061582.1	54
NC_061661.1	57
NC_066797.1	57
NC_064501.1	53
NC_066696.1	45
NC_062412.1	43
NC_062320.1	55
NC_062319.1	55
NC_062316.1	55
NC_066091.1	60
NC_065156.1	64
NC_063662.1	58
NC_063827.1	56
NC_064210.1	50
NC_065183.1	45
NC_063638.1	38
NC_063656.1	38
NC_063654.1	38
NC_063682.1	40
NC_063735.1	54
NC_063733.1	54
NC_063741.1	50
NC_063750.1	59
NC_063900.1	66
NC_063919.1	50
NC_063907.1	52
NC_064078.1	50
NC_064082.1	50
NC_064083.1	50
NC_064084.1	50
NC_064085.1	50
NC_064089.1	50
NC_064090.1	50
NC_064092.1	50
NC_064093.1	50
NC_064095.1	50
NC_064100.1	50
NC_064074.1	50
NC_064075.1	50
NC_064076.1	50
NC_064079.1	50
NC_064080.1	50
NC_064086.1	50
NC_064087.1	50
NC_064091.1	50
NC_064069.1	55
NC_064070.1	56
NC_064014.1	50
NC_064117.1	44
NC_064143.1	52
NC_064322.1	45
NC_064357.1	41
NC_064509.1	50
NC_064522.1	50
NC_064524.1	46
NC_065017.1	63
NC_064968.1	43
NC_064980.1	49
NC_064970.1	43
NC_064977.1	43
NC_064976.1	54
NC_064975.1	38
NC_064978.1	54
NC_064974.1	54
NC_064973.1	54
NC_064971.1	54
NC_064972.1	54
NC_065048.1	58
NC_065869.1	57
NC_066795.1	45
NC_065125.1	46
NC_065127.1	46
NC_065124.1	46
NC_065130.1	46
NC_065115.1	63
NC_065195.1	45
NC_065355.1	23
NC_066698.1	45
NC_066697.1	45
NC_066694.1	50
NC_066690.1	55
NC_065476.1	39
NC_065671.1	51
NC_066666.1	32
NC_066665.1	32
NC_065999.1	53
NC_067030.1	58
NC_066184.1	43
NC_066132.1	46
NC_066137.1	51
NC_066471.1	54
NC_066485.1	47
NC_066817.1	31
NC_067080.1	38
NC_045911.1	47
NC_073584.1	65
NC_073535.1	35
NC_073583.1	44
NC_045843.1	47
NC_073541.1	55
NC_073542.1	55
NC_035878.1	51
NC_073539.1	53
NC_073549.1	54
NC_045844.1	47
NC_073520.1	46
NC_073560.1	50
NC_073562.1	50
NC_073563.1	50
NC_073570.1	47
NC_073561.1	50
NC_073565.1	50
NC_073566.1	533
NC_073566.1	52
NC_073564.1	531
NC_073564.1	55
NC_047288.1	49
NC_069576.1	53
NC_079572.1	42
NC_079573.1	42
NC_079574.1	42
NC_079575.1	42
NC_079577.1	44
NC_079578.1	30
NC_079579.1	46
NC_079584.1	47
NC_079585.1	51
NC_079586.1	44
NC_079627.1	50
NC_079628.1	50
NC_079629.1	50
NC_079630.1	50
NC_079631.1	50
NC_079632.1	50
NC_079633.1	50
NC_079634.1	50
NC_079635.1	50
NC_079652.1	50
NC_079661.1	43
NC_079665.1	50
NC_079666.1	51
NC_079688.1	22
NC_079695.1	49
NC_079701.1	50
NC_079702.1	50
NC_079705.1	48
NC_079706.1	48
NC_079707.1	47
NC_079708.1	48
NC_079709.1	48
NC_079710.1	54
NC_079711.1	54
NC_079712.1	54
NC_079713.1	48
NC_079714.1	45
NC_079715.1	45
NC_079716.1	48
NC_079717.1	48
NC_079718.1	48
NC_079719.1	48
NC_079720.1	48
NC_079721.1	53
NC_079722.1	54
NC_079723.1	48
NC_079724.1	48
NC_079725.1	48
NC_079726.1	48
NC_079727.1	54
NC_079728.1	47
NC_079729.1	54
NC_079730.1	54
NC_079731.1	54
NC_079732.1	48
NC_079733.1	48
NC_079734.1	48
NC_079735.1	48
NC_079736.1	48
NC_079737.1	50
NC_079738.1	48
NC_079739.1	48
NC_079740.1	48
NC_079741.1	44
NC_079742.1	48
NC_079743.1	48
NC_079744.1	48
NC_079745.1	48
NC_079746.1	48
NC_079747.1	48
NC_079748.1	48
NC_079749.1	48
NC_079750.1	48
NC_079751.1	48
NC_079752.1	48
NC_079753.1	48
NC_079754.1	48
NC_079755.1	54
NC_079756.1	54
NC_079757.1	54
NC_079758.1	48
NC_079759.1	48
NC_079760.1	48
NC_079761.1	48
NC_079762.1	48
NC_079763.1	54
NC_079764.1	48
NC_079765.1	48
NC_079766.1	48
NC_079767.1	47
NC_079768.1	47
NC_079769.1	47
NC_079770.1	48
NC_079771.1	47
NC_079772.1	45
NC_079773.1	48
NC_079774.1	48
NC_079775.1	47
NC_079776.1	48
NC_079777.1	48
NC_079778.1	47
NC_079779.1	54
NC_079780.1	48
NC_079781.1	48
NC_079782.1	48
NC_079783.1	48
NC_079784.1	48
NC_079785.1	48
NC_079786.1	48
NC_079787.1	48
NC_079788.1	48
NC_079789.1	54
NC_079790.1	48
NC_079791.1	54
NC_079792.1	48
NC_079793.1	54
NC_079794.1	54
NC_079795.1	54
NC_079796.1	47
NC_079797.1	47
NC_079798.1	48
NC_079799.1	48
NC_079800.1	48
NC_079801.1	48
NC_079802.1	48
NC_079803.1	48
NC_079804.1	47
NC_079805.1	47
NC_079806.1	48
NC_079807.1	54
NC_079808.1	54
NC_079809.1	48
NC_079810.1	48
NC_079811.1	54
NC_079812.1	48
NC_079813.1	48
NC_079814.1	48
NC_079815.1	54
NC_079816.1	48
NC_079817.1	48
NC_079818.1	44
NC_079823.1	51
NC_079824.1	43
NC_079826.1	50
NC_079828.1	51
NC_079829.1	51
NC_079830.1	50
NC_079831.1	51
NC_079832.1	51
NC_079833.1	51
NC_079834.1	51
NC_079835.1	51
NC_079836.1	51
NC_079837.1	51
NC_079838.1	51
NC_079839.1	51
NC_079840.1	54
NC_079841.1	51
NC_079845.1	129
NC_079847.1	51
NC_079848.1	51
NC_079854.1	53
NC_079867.1	51
NC_079868.1	51
NC_079869.1	51
NC_079870.1	52
NC_079871.1	51
NC_079872.1	52
NC_079915.1	51
NC_079918.1	52
NC_079924.1	52
NC_079925.1	51
NC_079926.1	52
NC_079927.1	51
NC_079928.1	51
NC_079929.1	51
NC_079930.1	52
NC_079931.1	52
NC_079932.1	52
NC_079933.1	52
NC_079934.1	52
NC_079935.1	51
NC_079958.1	51
NC_079959.1	51
NC_079960.1	51
NC_079961.1	52
NC_079962.1	51
NC_079963.1	51
NC_079964.1	51
NC_072328.1	21
NC_080204.1	35
NC_080210.1	61
NC_080211.1	47
NC_080228.1	51
NC_080233.1	51
NC_080234.1	41
NC_080235.1	41
NC_080236.1	41
NC_080237.1	41
NC_080238.1	41
NC_080239.1	41
NC_080241.1	41
NC_080242.1	41
NC_080243.1	41
NC_080244.1	62
NC_080264.1	52
NC_080272.1	42
NC_080273.1	55
NC_080274.1	51
NC_080277.1	42
NC_080278.1	42
NC_080279.1	42
NC_080280.1	42
NC_080281.1	42
NC_080282.1	42
NC_080284.1	47
NC_080285.1	47
NC_080286.1	47
NC_080287.1	47
NC_080288.1	45
NC_080289.1	45
NC_080290.1	45
NC_080291.1	45
NC_080292.1	45
NC_080293.1	45
NC_080294.1	45
NC_080295.1	45
NC_080296.1	45
NC_080297.1	45
NC_080298.1	45
NC_080299.1	45
NC_080300.1	45
NC_080301.1	45
NC_080302.1	45
NC_080303.1	45
NC_080304.1	45
NC_080305.1	45
NC_080306.1	45
NC_080307.1	45
NC_080315.1	56
NC_080330.1	42
NC_080332.1	41
NC_080341.1	51
NC_080342.1	52
NC_080343.1	52
NC_080344.1	52
NC_080345.1	52
NC_080346.1	52
NC_080348.1	46
NC_080349.1	42
NC_080350.1	51
NC_080351.1	43
NC_080352.1	43
NC_080353.1	43
NC_080356.1	51
NC_080369.1	48
NC_080371.1	53
NC_080376.1	53
NC_080497.1	50
NC_080498.1	46
NC_080499.1	48
NC_080500.1	46
NC_080501.1	45
NC_080502.1	45
NC_080504.1	42
NC_080505.1	42
NC_080506.1	42
NC_080508.1	53
NC_080510.1	41
NC_080515.1	62
NC_080516.1	56
NC_080517.1	62
NC_080522.1	53
NC_080523.1	25
NC_080524.1	26
NC_080525.1	24
NC_080526.1	26
NC_080535.1	52
NC_072142.1	48
NC_072145.1	68
NC_080867.1	58
NC_080870.1	58
NC_080871.1	53
NC_080872.1	51
NC_080874.1	40
NC_080884.1	51
NC_080891.1	46
NC_080898.1	54
NC_080901.1	63
NC_080919.1	47
NC_080920.1	38
NC_080922.1	48
NC_080923.1	47
NC_080966.1	52
NC_080986.1	40
NC_080989.1	53
NC_080990.1	49
NC_080993.1	54
NC_080994.1	51
NC_080995.1	70
NC_081004.1	46
NC_081012.1	51
NC_081013.1	51
NC_081014.1	51
NC_081017.1	52
NC_081018.1	48
NC_081019.1	51
NC_081047.1	52
NC_081063.1	51
NC_081064.1	47
NC_081108.1	48
NC_081109.1	48
NC_081110.1	38
NC_081111.1	48
NC_081114.1	48
NC_081115.1	47
NC_081117.1	48
NC_081118.1	48
NC_081119.1	48
NC_081120.1	48
NC_081121.1	48
NC_081122.1	48
NC_081123.1	48
NC_081124.1	48
NC_081125.1	47
NC_081126.1	49
NC_081127.1	48
NC_081128.1	48
NC_081129.1	48
NC_081130.1	49
NC_081133.1	48
NC_080893.1	47
NC_081460.1	53
NC_081461.1	56
NC_081462.1	51
NC_081463.1	50
NC_081465.1	33
NC_081466.1	24
NC_081467.1	54
NC_081469.1	46
NC_081470.1	46
NC_081471.1	46
NC_081472.1	46
NC_081473.1	46
NC_081474.1	55
NC_081475.1	55
NC_081476.1	55
NC_081477.1	45
NC_081478.1	53
NC_081482.1	55
NC_081486.1	50
NC_081487.1	50
NC_081488.1	50
NC_081489.1	50
NC_081496.1	46
NC_081497.1	46
NC_081500.1	40
NC_081512.1	40
NC_081513.1	45
NC_081514.1	45
NC_081515.1	45
NC_081516.1	45
NC_081604.1	45
NC_081605.1	45
NC_081606.1	45
NC_081607.1	45
NC_081608.1	45
NC_081609.1	45
NC_081610.1	45
NC_081611.1	45
NC_081612.1	45
NC_081613.1	45
NC_081614.1	45
NC_081615.1	45
NC_081616.1	45
NC_081617.1	45
NC_081618.1	45
NC_081619.1	45
NC_081620.1	45
NC_081621.1	45
NC_081622.1	45
NC_081623.1	45
NC_081624.1	45
NC_081625.1	45
NC_081626.1	45
NC_081627.1	45
NC_081628.1	45
NC_081629.1	45
NC_081630.1	45
NC_081631.1	45
NC_081632.1	45
NC_081633.1	45
NC_081634.1	45
NC_081635.1	45
NC_081636.1	45
NC_081637.1	45
NC_081638.1	45
NC_081639.1	45
NC_081640.1	45
NC_081641.1	45
NC_081642.1	45
NC_081643.1	45
NC_081644.1	45
NC_081645.1	45
NC_081646.1	45
NC_081647.1	41
NC_081648.1	45
NC_081649.1	45
NC_081650.1	45
NC_081651.1	45
NC_081652.1	45
NC_081653.1	45
NC_081654.1	45
NC_081655.1	45
NC_081656.1	45
NC_081657.1	45
NC_081658.1	45
NC_081659.1	45
NC_081660.1	45
NC_081661.1	45
NC_081662.1	45
NC_081663.1	45
NC_081664.1	45
NC_081665.1	45
NC_081666.1	45
NC_081667.1	45
NC_081668.1	45
NC_081669.1	45
NC_081670.1	45
NC_081671.1	45
NC_081672.1	45
NC_081673.1	45
NC_081674.1	45
NC_081675.1	45
NC_081676.1	45
NC_081677.1	45
NC_081678.1	45
NC_081679.1	45
NC_081680.1	45
NC_081681.1	45
NC_081682.1	45
NC_081683.1	45
NC_081684.1	45
NC_081685.1	45
NC_081686.1	45
NC_081687.1	45
NC_081688.1	45
NC_081689.1	45
NC_081690.1	45
NC_081691.1	45
NC_081692.1	45
NC_081693.1	45
NC_081694.1	45
NC_081695.1	45
NC_081696.1	45
NC_081697.1	45
NC_081698.1	45
NC_081699.1	45
NC_081700.1	45
NC_081701.1	45
NC_081702.1	45
NC_081703.1	45
NC_081704.1	45
NC_081705.1	45
NC_081706.1	45
NC_081707.1	45
NC_081708.1	45
NC_081709.1	45
NC_081710.1	45
NC_081711.1	45
NC_081712.1	45
NC_081713.1	45
NC_081714.1	45
NC_081715.1	45
NC_081716.1	45
NC_081717.1	45
NC_081718.1	45
NC_081719.1	45
NC_081720.1	45
NC_081721.1	45
NC_081722.1	45
NC_081723.1	45
NC_081724.1	45
NC_081725.1	45
NC_081726.1	45
NC_081727.1	45
NC_081728.1	45
NC_081729.1	45
NC_081730.1	45
NC_081731.1	45
NC_081732.1	45
NC_081733.1	45
NC_081734.1	45
NC_081735.1	45
NC_081736.1	45
NC_081737.1	45
NC_081738.1	45
NC_081739.1	45
NC_081740.1	45
NC_081741.1	45
NC_081742.1	45
NC_081743.1	45
NC_081744.1	45
NC_081745.1	45
NC_081746.1	45
NC_081747.1	45
NC_081748.1	45
NC_081749.1	45
NC_081750.1	45
NC_081751.1	45
NC_081752.1	45
NC_081753.1	45
NC_081754.1	45
NC_072309.1	49
NC_057502.1	39
NC_062584.1	43
NC_081864.1	47
NC_081865.1	47
NC_081866.1	47
NC_081884.1	46
NC_081889.1	46
NC_081895.1	47
NC_081896.1	47
NC_081897.1	47
NC_081899.1	47
NC_081900.1	47
NC_081904.1	45
NC_081905.1	45
NC_081906.1	45
NC_081907.1	48
NC_081908.1	50
NC_081909.1	55
NC_081911.1	51
NC_081916.1	52
NC_081917.1	52
NC_081918.1	52
NC_081919.1	52
NC_081920.1	52
NC_081921.1	52
NC_081922.1	52
NC_081923.1	52
NC_081924.1	52
NC_081926.1	86
NC_081929.1	50
NC_081930.1	50
NC_081931.1	50
NC_081932.1	50
NC_081960.1	47
NC_081961.1	47
NC_081962.1	47
NC_081971.1	52
NC_081982.1	51
NC_081983.1	51
NC_081984.1	50
NC_081985.1	50
NC_081986.1	50
NC_081987.1	50
NC_081988.1	51
NC_081989.1	51
NC_081995.1	40
NC_081996.1	40
NC_081997.1	40
NC_082025.1	65
NC_082026.1	64
NC_082027.1	64
NC_082028.1	64
NC_082029.1	41
NC_082030.1	42
NC_082031.1	42
NC_082032.1	42
NC_082033.1	42
NC_082040.1	47
NC_082041.1	47
NC_082042.1	47
NC_082043.1	47
NC_082044.1	47
NC_082045.1	47
NC_082046.1	47
NC_082047.1	47
NC_082048.1	47
NC_082049.1	46
NC_082053.1	51
NC_082055.1	38
NC_082056.1	51
NC_082057.1	60
NC_082061.1	46
NC_082096.1	44
NC_082098.1	52
NC_082100.1	53
NC_082101.1	50
NC_082102.1	47
NC_082106.1	42
NC_082110.1	54
NC_081881.1	47
NC_082579.1	51
NC_082580.1	42
NC_082581.1	52
NC_081870.1	47
NC_081871.1	47
NC_081872.1	52
NC_081873.1	47
NC_081874.1	47
NC_081875.1	47
NC_081876.1	47
NC_081877.1	47
NC_081878.1	47
NC_081879.1	47
NC_081880.1	47
NC_081883.1	53
NC_081867.1	47
NC_081868.1	47
NC_082845.1	50
NC_082904.1	48
NC_082913.1	37
NC_082914.1	47
NC_082915.1	47
NC_082916.1	47
NC_082919.1	52
NC_082920.1	42
NC_082922.1	61
NC_082923.1	71
NC_082924.1	72
NC_082925.1	71
NC_082927.1	59
NC_082928.1	59
NC_082929.1	56
NC_082963.1	53
NC_082965.1	51
NC_082966.1	51
NC_082967.1	51
NC_082968.1	51
NC_082969.1	51
NC_082971.1	39
NC_082975.1	51
NC_082976.1	51
NC_082977.1	51
NC_082978.1	51
NC_082979.1	51
NC_082980.1	51
NC_082981.1	51
NC_083081.1	54
NC_083082.1	54
NC_083083.1	54
NC_083084.1	50
NC_083086.1	42
NC_083087.1	42
NC_083088.1	52
NC_083089.1	52
NC_083090.1	52
NC_077252.1	53
NC_077253.1	53
NC_077254.1	53
NC_077255.1	53
NC_077256.1	53
NC_077257.1	53
NC_077258.1	53
NC_077259.1	53
NC_077260.1	54
NC_077261.1	53
NC_077262.1	54
NC_077263.1	53
NC_077266.1	44
NC_077267.1	45
NC_077268.1	46
NC_077269.1	46
NC_077270.1	48
NC_077271.1	46
NC_077272.1	46
NC_077273.1	44
NC_077274.1	47
NC_077275.1	47
NC_077276.1	45
NC_077277.1	47
NC_077278.1	47
NC_077279.1	46
NC_077280.1	47
NC_077281.1	45
NC_077282.1	44
NC_077283.1	45
NC_077284.1	47
NC_077285.1	44
NC_077286.1	46
NC_077287.1	44
NC_077288.1	47
NC_077289.1	45
NC_077290.1	45
NC_077291.1	45
NC_077292.1	47
NC_077293.1	46
NC_077294.1	45
NC_077295.1	45
NC_077296.1	46
NC_077297.1	45
NC_077298.1	44
NC_077299.1	47
NC_077300.1	47
NC_077301.1	46
NC_077302.1	44
NC_077303.1	45
NC_077304.1	45
NC_077305.1	46
NC_077306.1	45
NC_077307.1	46
NC_077308.1	45
NC_077309.1	45
NC_077310.1	44
NC_077311.1	45
NC_077312.1	45
NC_077313.1	44
NC_077314.1	44
NC_077315.1	44
NC_077316.1	44
NC_077317.1	45
NC_077318.1	45
NC_077319.1	44
NC_077320.1	44
NC_077321.1	46
NC_077322.1	45
NC_077323.1	45
NC_077324.1	46
NC_077325.1	47
NC_077326.1	45
NC_077327.1	46
NC_077328.1	47
NC_077329.1	45
NC_077330.1	45
NC_077331.1	44
NC_077332.1	44
NC_077333.1	47
NC_077334.1	44
NC_077335.1	45
NC_077336.1	45
NC_077337.1	45
NC_077338.1	44
NC_077339.1	45
NC_077340.1	44
NC_077341.1	47
NC_077342.1	45
NC_077343.1	46
NC_077344.1	45
NC_077345.1	45
NC_077346.1	47
NC_077347.1	45
NC_077348.1	45
NC_077349.1	47
NC_077350.1	45
NC_077351.1	46
NC_077352.1	44
NC_077353.1	44
NC_077354.1	45
NC_077355.1	45
NC_077356.1	44
NC_077357.1	44
NC_077358.1	45
NC_077359.1	46
NC_077360.1	45
NC_077361.1	45
NC_077362.1	47
NC_077363.1	45
NC_077364.1	45
NC_077365.1	47
NC_077366.1	46
NC_077367.1	44
NC_077368.1	48
NC_077369.1	45
NC_077370.1	45
NC_077371.1	47
NC_077372.1	47
NC_077373.1	45
NC_077374.1	44
NC_077375.1	47
NC_077376.1	45
NC_077377.1	47
NC_077378.1	47
NC_077379.1	44
NC_077380.1	44
NC_077381.1	44
NC_077382.1	45
NC_077383.1	45
NC_077384.1	46
NC_077385.1	45
NC_077386.1	50
NC_077387.1	47
NC_077388.1	45
NC_077389.1	46
NC_077390.1	48
NC_077391.1	46
NC_077392.1	46
NC_077393.1	47
NC_077394.1	47
NC_077395.1	43
NC_077396.1	47
NC_077397.1	46
NC_077398.1	43
NC_077399.1	46
NC_077400.1	44
NC_077401.1	44
NC_077402.1	46
NC_077403.1	46
NC_077404.1	46
NC_077405.1	44
NC_077406.1	47
NC_077407.1	45
NC_077408.1	46
NC_077409.1	46
NC_077410.1	45
NC_077411.1	44
NC_077412.1	46
NC_077413.1	44
NC_077414.1	44
NC_077415.1	45
NC_077416.1	44
NC_077417.1	45
NC_077418.1	44
NC_077419.1	45
NC_077420.1	46
NC_077421.1	46
NC_077422.1	47
NC_077423.1	45
NC_077424.1	45
NC_077425.1	47
NC_077426.1	43
NC_077427.1	47
NC_077428.1	46
NC_077429.1	46
NC_077430.1	45
NC_077431.1	44
NC_077432.1	44
NC_077433.1	44
NC_077434.1	44
NC_077435.1	45
NC_077436.1	47
NC_077437.1	50
NC_077438.1	45
NC_077439.1	44
NC_077440.1	45
NC_077441.1	50
NC_077442.1	46
NC_077443.1	45
NC_077444.1	43
NC_077445.1	47
NC_077446.1	44
NC_077447.1	44
NC_077448.1	45
NC_077449.1	46
NC_077450.1	45
NC_077451.1	45
NC_077452.1	46
NC_077453.1	47
NC_077454.1	47
NC_077455.1	45
NC_077456.1	44
NC_077457.1	45
NC_077467.1	46
NC_077468.1	46
NC_077469.1	45
NC_077470.1	45
NC_077471.1	45
NC_077472.1	44
NC_077473.1	46
NC_077474.1	46
NC_077489.1	52
NC_077490.1	52
NC_077491.1	54
NC_077492.1	48
NC_077493.1	48
NC_077494.1	47
NC_077495.1	48
NC_077496.1	49
NC_077504.1	48
NC_077505.1	48
NC_077506.1	48
NC_077507.1	48
NC_077508.1	48
NC_077509.1	48
NC_077510.1	48
NC_077511.1	39
NC_077512.1	43
NC_077513.1	43
NC_077514.1	43
NC_077515.1	43
NC_077516.1	43
NC_077517.1	43
NC_077520.1	86
NC_077521.1	86
NC_077522.1	86
NC_077527.1	43
NC_077528.1	55
NC_077529.1	51
NC_077530.1	55
NC_077531.1	55
NC_077532.1	55
NC_077533.1	55
NC_077534.1	51
NC_077535.1	55
NC_077536.1	55
NC_077537.1	55
NC_077538.1	56
NC_077539.1	59
NC_077540.1	25
NC_077541.1	65
NC_077542.1	65
NC_077543.1	59
NC_077544.1	54
NC_077545.1	65
NC_077546.1	59
NC_077547.1	65
NC_077548.1	65
NC_077549.1	59
NC_077550.1	65
NC_077551.1	59
NC_077552.1	51
NC_077557.1	46
NC_077561.1	52
NC_077564.1	80
NC_077565.1	80
NC_077566.1	80
NC_077567.1	80
NC_077568.1	76
NC_077569.1	76
NC_077571.1	52
NC_077573.1	53
NC_077574.1	54
NC_077593.1	51
NC_077617.1	50
NC_077618.1	50
NC_077619.1	41
NC_077620.1	41
NC_077621.1	41
NC_077622.1	49
NC_077623.1	57
NC_077624.1	50
NC_077628.1	46
NC_077629.1	44
NC_077630.1	44
NC_077631.1	50
NC_077632.1	52
NC_077634.1	51
NC_077636.1	40
NC_077643.1	42
NC_077644.1	42
NC_077645.1	42
NC_077646.1	43
NC_077649.1	67
NC_077652.1	47
NC_077653.1	47
NC_077654.1	47
NC_077655.1	47
NC_077656.1	47
NC_077657.1	51
NC_077658.1	47
NC_077659.1	47
NC_077660.1	47
NC_077661.1	51
NC_082906.1	21
NC_082907.1	21
NC_083119.1	49
NC_083120.1	49
NC_083127.1	54
NC_083128.1	97
NC_083129.1	99
NC_083135.1	47
NC_083136.1	47
NC_083137.1	47
NC_083138.1	47
NC_083139.1	47
NC_083141.1	57
NC_083142.1	57
NC_083192.1	44
NC_083193.1	44
NC_083194.1	44
NC_083195.1	45
NC_083196.1	45
NC_083197.1	44
NC_083198.1	44
NC_083199.1	44
NC_083201.1	44
NC_083202.1	44
NC_083203.1	45
NC_083204.1	44
NC_083205.1	44
NC_083206.1	44
NC_083207.1	44
NC_083208.1	44
NC_083209.1	44
NC_083210.1	44
NC_083211.1	59
NC_083219.1	54
NC_083220.1	53
NC_083909.1	59
NC_083910.1	57
NC_083911.1	59
NC_083912.1	59
NC_083913.1	55
NC_083914.1	50
NC_083919.1	51
NC_083920.1	60
NC_083921.1	55
NC_083977.1	51
NC_083980.1	40
NC_083981.1	59
NC_083982.1	59
NC_083984.1	46
NC_083997.1	54
NC_084044.1	48
NC_084045.1	45
NC_084046.1	44
NC_084047.1	45
NC_084048.1	42
NC_084049.1	48
NC_084051.1	43
NC_084065.1	51
NC_084066.1	54
NC_084067.1	54
NC_084068.1	54
NC_084069.1	54
NC_084070.1	54
NC_084071.1	54
NC_084072.1	46
NC_084103.1	45
NC_084107.1	43
NC_084108.1	46
NC_084109.1	48
NC_084111.1	26
NC_084112.1	30
NC_084118.1	53
NC_084119.1	40
NC_084120.1	40
NC_084123.1	59
NC_084130.1	54
NC_084131.1	54
NC_084132.1	56
NC_084133.1	56
NC_084134.1	59
NC_084135.1	54
NC_084136.1	57
NC_084137.1	42
NC_084138.1	42
NC_084139.1	42
NC_084140.1	42
NC_084141.1	42
NC_084142.1	42
NC_084143.1	43
NC_084144.1	42
NC_084146.1	42
NC_084147.1	42
NC_084148.1	42
NC_084149.1	42
NC_084150.1	42
NC_084151.1	42
NC_084153.1	42
NC_084154.1	42
NC_084155.1	42
NC_084156.1	42
NC_084157.1	42
NC_084158.1	42
NC_084159.1	42
NC_084160.1	42
NC_084161.1	42
NC_084165.1	42
NC_084166.1	42
NC_084167.1	42
NC_084168.1	42
NC_084174.1	43
NC_084175.1	43
NC_084176.1	42
NC_084177.1	55
NC_084179.1	52
NC_084187.1	42
NC_084188.1	62
NC_084189.1	45
NC_084190.1	41
NC_084191.1	44
NC_084199.1	46
NC_084200.1	45
NC_084201.1	44
NC_084202.1	44
NC_084203.1	52
NC_084211.1	53
NC_084212.1	53
NC_084216.1	58
NC_084217.1	52
NC_084218.1	44
NC_084219.1	51
NC_084220.1	51
NC_084221.1	51
NC_084222.1	51
NC_084223.1	51
NC_084224.1	51
NC_084225.1	51
NC_084226.1	51
NC_084227.1	51
NC_084228.1	51
NC_084229.1	51
NC_084231.1	52
NC_084232.1	47
NC_084233.1	52
NC_084234.1	51
NC_084235.1	47
NC_084236.1	47
NC_084237.1	51
NC_084238.1	47
NC_084240.1	51
NC_084246.1	48
NC_084256.1	49
NC_084262.1	54
NC_084281.1	55
NC_084282.1	60
NC_084283.1	52
NC_084293.1	48
NC_084319.1	48
NC_084320.1	48
NC_084325.1	54
NC_084329.1	51
NC_084330.1	44
NC_084332.1	46
NC_084335.1	59
NC_084336.1	96
NC_084350.1	64
NC_084351.1	50
NC_084367.1	64
NC_084371.1	64
NC_084375.1	46
NC_084377.1	53
NC_084378.1	53
NC_084379.1	41
NC_084380.1	64
NC_084381.1	64
NC_084382.1	64
NC_084383.1	64
NC_084386.1	64
NC_084387.1	64
NC_084388.1	64
NC_084389.1	64
NC_084390.1	64
NC_084391.1	64
NC_084392.1	64
NC_084393.1	64
NC_084394.1	64
NC_084395.1	64
NC_084396.1	64
NC_084397.1	64
NC_084398.1	53
NC_084400.1	30
NC_084401.1	45
NC_084402.1	65
NC_084403.1	45
NC_084404.1	45
NC_084405.1	40
NC_084406.1	49
NC_084410.1	67
NC_084411.1	62
NC_084415.1	61
NC_084416.1	53
NC_084417.1	65
NC_084418.1	42
NC_084419.1	53
NC_084420.1	42
NC_084427.1	49
NC_084428.1	49
NC_084429.1	49
NC_084430.1	49
NC_084431.1	49
NC_084432.1	49
NC_084433.1	49
NC_084434.1	49
NC_084435.1	49
NC_084436.1	49
NC_084437.1	49
NC_084438.1	49
NC_084439.1	49
NC_084440.1	44
NC_084444.1	45
NC_084445.1	45
NC_084453.1	59
NC_084454.1	59
NC_084455.1	51
NC_084456.1	51
NC_046773.1	66
NC_061688.1	47
NC_084871.1	50
NC_084969.1	55
NC_085143.1	24
NC_085147.1	53
NC_085148.1	53
NC_085149.1	53
NC_085150.1	53
NC_085151.1	53
NC_085156.1	46
NC_085157.1	46
NC_085158.1	65
NC_085159.1	46
NC_085160.1	46
NC_085164.1	157
NC_085165.1	157
NC_085169.1	44
NC_085181.1	45
NC_085202.1	53
NC_085203.1	53
NC_085204.1	53
NC_085215.1	40
NC_085216.1	40
NC_085217.1	40
NC_085218.1	40
NC_085219.1	40
NC_085221.1	52
NC_085222.1	45
NC_085223.1	45
NC_085224.1	45
NC_085231.1	52
NC_085233.1	50
NC_085237.1	45
NC_085243.1	45
NC_085245.1	59
NC_085246.1	59
NC_085247.1	59
NC_085248.1	59
NC_085249.1	42
NC_085264.1	27
NC_085278.1	40
NC_085281.1	42
NC_085283.1	53
NC_085288.1	52
NC_085322.1	45
NC_085342.1	52
NC_085343.1	52
NC_085347.1	51
NC_085351.1	50
NC_085352.1	57
NC_085353.1	51
NC_085364.1	39
NC_085365.1	36
NC_085366.1	45
NC_085417.1	62
NC_085418.1	64
NC_085419.1	52
NC_085423.1	53
NC_085458.1	54
NC_085477.1	40
NC_085480.1	524
NC_085480.1	52
NC_085481.1	46
NC_085483.1	42
NC_085496.1	51
NC_085497.1	51
NC_085498.1	51
NC_085499.1	51
NC_085504.1	41
NC_085505.1	41
NC_085506.1	41
NC_085521.1	51
NC_085522.1	51
NC_085523.1	51
NC_085533.1	54
NC_085534.1	39
NC_085559.1	51
NC_085564.1	61
NC_085567.1	45
NC_085571.1	50
NC_085572.1	51
NC_085573.1	51
NC_085574.1	51
NC_085575.1	51
NC_085576.1	51
NC_085577.1	51
NC_085578.1	51
NC_085579.1	51
NC_085580.1	51
NC_085581.1	51
NC_085582.1	51
NC_085583.1	51
NC_085584.1	51
NC_085585.1	51
NC_085586.1	51
NC_085587.1	51
NC_085588.1	51
NC_085589.1	51
NC_085590.1	51
NC_085591.1	51
NC_085592.1	47
NC_085593.1	46
NC_085594.1	46
NC_085595.1	23
NC_085598.1	42
NC_085600.1	57
NC_085603.1	46
NC_085604.1	65
NC_085607.1	45
NC_085608.1	45
NC_085609.1	45
NC_085610.1	45
NC_085611.1	45
NC_085612.1	45
NC_085613.1	47
NC_085615.1	53
NC_085622.1	51
NC_085623.1	51
NC_085624.1	51
NC_085625.1	51
NC_085626.1	51
NC_085627.1	51
NC_085628.1	51
NC_085629.1	51
NC_085631.1	51
NC_085632.1	51
NC_085633.1	51
NC_085634.1	51
NC_085635.1	51
NC_085636.1	51
NC_085637.1	51
NC_085638.1	51
NC_085639.1	51
NC_085640.1	51
NC_085641.1	51
NC_085642.1	51
NC_085643.1	51
NC_085644.1	51
NC_085645.1	51
NC_085646.1	51
NC_085647.1	51
NC_085648.1	50
NC_085649.1	51
NC_085650.1	50
NC_085651.1	51
NC_085652.1	51
NC_085653.1	51
NC_085654.1	51
NC_085655.1	51
NC_085656.1	51
NC_085657.1	51
NC_085658.1	51
NC_085659.1	51
NC_085660.1	51
NC_085661.1	51
NC_085662.1	51
NC_085663.1	51
NC_085664.1	51
NC_085665.1	51
NC_085666.1	51
NC_085667.1	51
NC_085668.1	51
NC_085669.1	51
NC_085670.1	51
NC_085671.1	51
NC_085704.1	46
NC_085705.1	46
NC_085706.1	46
NC_085707.1	46
NC_085708.1	46
NC_085709.1	50
NC_085710.1	65
NC_085711.1	40
NC_085712.1	53
NC_085713.1	53
NC_085714.1	53
NC_085715.1	53
NC_085716.1	52
NC_085717.1	53
NC_085718.1	59
NC_085719.1	59
NC_085720.1	59
NC_085721.1	59
NC_085722.1	59
NC_085723.1	59
NC_085724.1	51
NC_085725.1	59
NC_085726.1	59
NC_085727.1	59
NC_085728.1	59
NC_085729.1	59
NC_085730.1	48
NC_085731.1	55
NC_085734.1	59
NC_085740.1	44
NC_085741.1	44
NC_085742.1	44
NC_085743.1	44
NC_085744.1	44
NC_085749.1	47
NC_085752.1	46
NC_085753.1	46
NC_085754.1	46
NC_085755.1	46
NC_085759.1	50
NC_085761.1	52
NC_085769.1	46
NC_085770.1	46
NC_085771.1	46
NC_085774.1	50
NC_085775.1	50
NC_085776.1	50
NC_085777.1	50
NC_085778.1	50
NC_085779.1	50
NC_085780.1	50
NC_085781.1	50
NC_085783.1	50
NC_085784.1	55
NC_085788.1	45
NC_085796.1	47
NC_085797.1	46
NC_085798.1	46
NC_085799.1	38
NC_085800.1	46
NC_085801.1	46
NC_085802.1	48
NC_085803.1	46
NC_085804.1	46
NC_085805.1	38
NC_085806.1	46
NC_085807.1	38
NC_085808.1	49
NC_085809.1	49
NC_085810.1	61
NC_085818.1	46
NC_085819.1	46
NC_085820.1	46
NC_085823.1	42
NC_085733.1	54
NC_085732.1	45
NC_033366.1	50
NC_086485.1	22
NC_086486.1	44
NC_086487.1	22
NC_086488.1	46
NC_086489.1	43
NC_086503.1	50
NC_086504.1	50
NC_086516.1	41
NC_086520.1	54
NC_086521.1	40
NC_086523.1	40
NC_086524.1	40
NC_086525.1	40
NC_086526.1	40
NC_086529.1	53
NC_086530.1	53
NC_086531.1	53
NC_086532.1	53
NC_086540.1	53
NC_086541.1	53
NC_086542.1	53
NC_086544.1	40
NC_086545.1	40
NC_086546.1	40
NC_086547.1	40
NC_086548.1	40
NC_086549.1	40
NC_086550.1	40
NC_086552.1	42
NC_086553.1	39
NC_086554.1	39
NC_086555.1	45
NC_086558.1	51
NC_086559.1	51
NC_086560.1	51
NC_086561.1	51
NC_086562.1	51
NC_086563.1	51
NC_086564.1	51
NC_086565.1	51
NC_086566.1	51
NC_086573.1	217
NC_086576.1	55
NC_086577.1	55
NC_086578.1	53
NC_086579.1	53
NC_086580.1	56
NC_086581.1	56
NC_086582.1	21
NC_086583.1	21
NC_086584.1	99
NC_086585.1	106
NC_086586.1	99
NC_086588.1	54
NC_086590.1	50
NC_086625.1	21
NC_086626.1	21
NC_086627.1	46
NC_086645.1	52
NC_086646.1	51
NC_086656.1	45
NC_086661.1	57
NC_086662.1	57
NC_086663.1	53
NC_086665.1	44
NC_086667.1	52
NC_086668.1	52
NC_086669.1	47
NC_086671.1	47
NC_086672.1	47
NC_086692.1	41
NC_086693.1	40
NC_086694.1	39
NC_086695.1	46
NC_086696.1	41
NC_086697.1	41
NC_086698.1	47
NC_086699.1	47
NC_086700.1	47
NC_086701.1	47
NC_086702.1	46
NC_086703.1	46
NC_086704.1	46
NC_086705.1	46
NC_086706.1	54
NC_086708.1	45
NC_086710.1	55
NC_086711.1	55
NC_086714.1	64
NC_086715.1	64
NC_086716.1	47
NC_086727.1	45
NC_086728.1	50
NC_086735.1	52
NC_086736.1	51
NC_086737.1	51
NC_086738.1	52
NC_086739.1	50
NC_086740.1	52
NC_086741.1	51
NC_086742.1	52
NC_086743.1	52
NC_086744.1	52
NC_086746.1	53
NC_086747.1	53
NC_086748.1	51
NC_086774.1	67
NC_086776.1	43
NC_086777.1	53
NC_086813.1	45
NC_086814.1	45
NC_086834.1	52
NC_086835.1	52
NC_086836.1	52
NC_086837.1	52
NC_086838.1	52
NC_086839.1	52
NC_086840.1	52
NC_086841.1	52
NC_086842.1	52
NC_086843.1	52
NC_086849.1	48
NC_086850.1	54
NC_086853.1	42
NC_086855.1	21
NC_086856.1	54
NC_086857.1	54
NC_086858.1	54
NC_086859.1	54
NC_086860.1	54
NC_086862.1	40
NC_086867.1	46
NC_086868.1	40
NC_086880.1	40
NC_086881.1	40
NC_086882.1	39
NC_086883.1	40
NC_086884.1	40
NC_086885.1	40
NC_086889.1	42
NC_086890.1	42
NC_086891.1	42
NC_086892.1	42
NC_086893.1	42
NC_086894.1	42
NC_086895.1	42
NC_086896.1	42
NC_086898.1	42
NC_086899.1	45
NC_086901.1	62
NC_086902.1	62
NC_086925.1	53
NC_086926.1	53
NC_086927.1	53
NC_086928.1	53
NC_086929.1	53
NC_086930.1	53
NC_086931.1	53
NC_086932.1	53
NC_086933.1	53
NC_086934.1	53
NC_086935.1	53
NC_086936.1	53
NC_086937.1	53
NC_086938.1	53
NC_086940.1	53
NC_086941.1	53
NC_086942.1	53
NC_086943.1	57
NC_086953.1	45
NC_086968.1	52
NC_086969.1	52
NC_086971.1	52
NC_086972.1	52
NC_086973.1	52
NC_086974.1	52
NC_086975.1	52
NC_086976.1	52
NC_086978.1	58
NC_086979.1	68
NC_086980.1	52
NC_086981.1	43
NC_086982.1	52
NC_086983.1	52
NC_086984.1	52
NC_086985.1	52
NC_086986.1	52
NC_086987.1	52
NC_086988.1	52
NC_086989.1	39
NC_086990.1	52
NC_086991.1	52
NC_086992.1	58
NC_086993.1	72
NC_086994.1	52
NC_086995.1	52
NC_086996.1	52
NC_086997.1	52
NC_086998.1	52
NC_086999.1	52
NC_087000.1	52
NC_087001.1	52
NC_087002.1	52
NC_087003.1	52
NC_087004.1	52
NC_087005.1	52
NC_087006.1	52
NC_087007.1	52
NC_087008.1	52
NC_087009.1	52
NC_087010.1	52
NC_087011.1	52
NC_087012.1	52
NC_087013.1	52
NC_087014.1	52
NC_087015.1	52
NC_087016.1	52
NC_087017.1	52
NC_087018.1	52
NC_087019.1	52
NC_087020.1	52
NC_087021.1	52
NC_087022.1	52
NC_087023.1	52
NC_087024.1	52
NC_087025.1	52
NC_087026.1	52
NC_087027.1	52
NC_087028.1	52
NC_087029.1	52
NC_087030.1	52
NC_087031.1	52
NC_087033.1	52
NC_087034.1	52
NC_087035.1	52
NC_087036.1	52
NC_087037.1	52
NC_087038.1	52
NC_087039.1	52
NC_087040.1	52
NC_087041.1	52
NC_087042.1	52
NC_087044.1	52
NC_087045.1	52
NC_087046.1	52
NC_087047.1	38
NC_087048.1	102
NC_087061.1	45
NC_086861.1	40
NC_086670.1	47
NC_087043.1	52
NC_087626.1	50
NC_087627.1	53
NC_087631.1	74
NC_087632.1	52
NC_087633.1	52
NC_087634.1	52
NC_087635.1	52
NC_087636.1	52
NC_087637.1	52
NC_087638.1	52
NC_087639.1	52
NC_087640.1	52
NC_087641.1	52
NC_087642.1	52
NC_087643.1	52
NC_087644.1	52
NC_087645.1	52
NC_087646.1	52
NC_087647.1	52
NC_087648.1	52
NC_087649.1	52
NC_087650.1	52
NC_087651.1	52
NC_087652.1	52
NC_087653.1	52
NC_087654.1	51
NC_087655.1	52
NC_087656.1	52
NC_087657.1	52
NC_087658.1	52
NC_087659.1	52
NC_087660.1	52
NC_087661.1	52
NC_087662.1	52
NC_087663.1	52
NC_087664.1	52
NC_087665.1	52
NC_087666.1	52
NC_087667.1	52
NC_087668.1	52
NC_087669.1	52
NC_087670.1	52
NC_087671.1	52
NC_087672.1	52
NC_087673.1	52
NC_087674.1	52
NC_087675.1	52
NC_087676.1	52
NC_087677.1	52
NC_087678.1	52
NC_087679.1	52
NC_087680.1	52
NC_087681.1	52
NC_087682.1	52
NC_087683.1	52
NC_087684.1	52
NC_087685.1	52
NC_087686.1	52
NC_087687.1	52
NC_087688.1	52
NC_087689.1	52
NC_087690.1	52
NC_087691.1	52
NC_087692.1	52
NC_087693.1	52
NC_087694.1	52
NC_087695.1	52
NC_087696.1	52
NC_087697.1	52
NC_087698.1	52
NC_087699.1	52
NC_087700.1	52
NC_087703.1	45
NC_087704.1	46
NC_087706.1	45
NC_087707.1	45
NC_087708.1	45
NC_087709.1	19
NC_087710.1	19
NC_087711.1	45
NC_087712.1	45
NC_087713.1	45
NC_087714.1	45
NC_087715.1	45
NC_087716.1	45
NC_087717.1	158
NC_087718.1	156
NC_087719.1	156
NC_087720.1	157
NC_087721.1	169
NC_087723.1	51
NC_087726.1	55
NC_087746.1	51
NC_087747.1	51
NC_087748.1	51
NC_087749.1	51
NC_087750.1	51
NC_087751.1	51
NC_087752.1	51
NC_087753.1	50
NC_087757.1	55
NC_087760.1	40
NC_087761.1	45
NC_087763.1	51
NC_087764.1	51
NC_087765.1	51
NC_087766.1	51
NC_087767.1	51
NC_087768.1	51
NC_087769.1	51
NC_087777.1	51
NC_087786.1	100
NC_087801.1	62
NC_087811.1	64
NC_087812.1	65
NC_087813.1	64
NC_087814.1	64
NC_087846.1	43
NC_087847.1	48
NC_087848.1	47
NC_087849.1	47
NC_087851.1	46
NC_087855.1	22
NC_087858.1	47
NC_087860.1	41
NC_087867.1	45
NC_087883.1	43
NC_087884.1	61
NC_087885.1	49
NC_087886.1	43
NC_087887.1	54
NC_087889.1	48
NC_087922.1	49
NC_087928.1	49
NC_087974.1	45
NC_087975.1	45
NC_088033.1	53
NC_088049.1	58
NC_088067.1	51
NC_088097.1	69
NC_088431.1	53
NC_088432.1	53
NC_088433.1	53
NC_088434.1	53
NC_088435.1	51
NC_088436.1	51
NC_088438.1	43
NC_088439.1	43
NC_088441.1	66
NC_088459.1	53
NC_088483.1	51
NC_088486.1	54
NC_088487.1	54
NC_088496.1	58
NC_088498.1	52
NC_088509.1	51
NC_088510.1	51
NC_088511.1	51
NC_088512.1	51
NC_088513.1	51
NC_088514.1	51
NC_088523.1	53
NC_088524.1	53
NC_088533.1	51
NC_088534.1	41
NC_088555.1	52
NC_088559.1	41
NC_088562.1	50
NC_088573.1	61
NC_088574.1	48
NC_088740.1	53
NC_088741.1	53
NC_088747.1	43
NC_088749.1	97
NC_088750.1	109
NC_088751.1	101
NC_088752.1	99
NC_088754.1	60
NC_088755.1	46
NC_088760.1	50
NC_088762.1	61
NC_088768.1	50
NC_088770.1	45
NC_088771.1	25
NC_001320.1	52
NC_013991.2	48
NC_082429.1	41
NC_140640.1	51
