NC_035499.1	553
NC_041421.1	553
NC_056278.1	553
NC_036300.1	553
NC_060729.1	553
NC_071786.1	553
NC_071789.1	553
NC_071790.1	553
NC_069913.1	553
NC_069922.1	553
NC_038102.1	553
NC_038103.1	553
NC_039159.1	553
NC_039160.1	553
NC_039180.1	553
NC_057293.1	553
NC_057296.1	553
NC_057639.1	553
NC_058773.1	553
NC_058774.1	553
NC_058776.1	553
NC_045307.1	553
NC_045308.1	553
NC_045309.1	553
NC_045311.1	553
NC_045313.1	553
NC_045314.1	553
NC_045315.1	553
NC_045316.1	553
NC_036306.1	553
NC_050051.1	553
NC_050052.1	553
NC_071791.1	553
NC_071792.1	553
NC_071793.1	553
NC_071794.1	553
NC_071795.1	553
NC_071796.1	553
NC_071799.1	553
NC_071800.1	553
NC_069923.1	553
NC_069924.1	553
NC_069925.1	553
NC_069926.1	553
NC_069927.1	553
NC_069928.1	553
NC_069929.1	553
NC_031881.1	553
NC_031889.1	553
NC_039456.1	553
NC_039457.1	553
NC_039458.1	553
NC_057507.1	553
NC_042674.1	553
NC_042675.1	553
NC_042688.1	553
NC_058777.1	553
NC_045317.1	553
NC_045319.1	553
NC_045321.1	553
NC_045322.1	553
NC_045323.1	553
NC_045324.1	553
NC_045325.1	553
NC_050061.1	553
NC_050063.1	553
NC_071801.1	553
NC_071802.1	553
NC_071804.1	553
NC_071805.1	553
NC_071806.1	553
NC_071809.1	553
NC_071810.1	553
NC_052855.1	553
NC_069930.1	553
NC_069931.1	553
NC_069932.1	553
NC_069933.1	553
NC_069934.1	553
NC_069935.1	553
NC_027960.1	553
NC_028053.1	553
NC_022859.1	553
NC_038120.1	553
NC_039465.1	553
NC_039415.1	553
NC_057620.1	553
NC_058794.1	553
NC_058795.1	553
NC_045327.1	553
NC_045328.1	553
NC_045330.1	553
NC_045332.1	553
NC_045333.1	553
NC_045335.1	553
NC_047060.1	553
NC_036336.1	553
NC_071811.1	553
NC_071812.1	553
NC_071813.1	553
NC_071814.1	553
NC_071816.1	553
NC_071818.1	553
NC_028439.1	553
NC_052856.1	553
NC_052857.1	553
NC_052858.1	553
NC_052859.1	553
NC_052860.1	553
NC_052861.1	553
NC_069936.1	553
NC_069937.1	553
NC_069938.1	553
NC_032008.1	553
NC_037699.1	553
NC_039436.1	553
NC_039454.1	553
NC_039413.1	553
NC_039391.1	553
NC_042148.1	553
NC_058799.1	553
NC_058801.1	553
NC_058802.1	553
NC_058804.1	553
NC_058805.1	553
NC_045337.1	553
NC_045339.1	553
NC_045340.1	553
NC_045341.1	553
NC_045342.1	553
NC_045344.1	553
NC_045345.1	553
NC_045346.1	553
NC_050659.1	553
NC_071827.1	553
NC_071828.1	553
NC_071829.1	553
NC_028409.1	553
NC_028410.1	553
NC_052866.1	553
NC_052867.1	553
NC_069941.1	553
NC_069942.1	553
NC_069943.1	553
NC_030347.1	553
NC_030350.1	553
NC_035546.1	553
NC_022814.1	553
NC_042713.1	553
NC_042719.1	553
NC_042720.1	553
NC_058808.1	553
NC_045347.1	553
NC_045348.1	553
NC_045349.1	553
NC_045351.1	553
NC_045352.1	553
NC_045354.1	553
NC_045355.1	553
NC_049883.1	553
NC_050646.1	553
NC_060982.1	553
NC_060983.1	553
NC_060984.1	553
NC_060986.1	553
NC_060991.1	553
NC_052919.1	553
NC_052744.1	553
NC_052792.1	553
NC_069944.1	553
NC_069945.1	553
NC_069946.1	553
NC_069948.1	553
NC_053693.1	553
NC_053765.1	553
NC_035592.1	553
NC_022398.1	553
NC_022400.1	553
NC_022404.1	553
NC_022408.1	553
NC_022409.1	553
NC_022412.1	553
NC_037758.1	553
NC_039412.1	553
NC_042160.1	553
NC_042161.1	553
NC_042162.1	553
NC_042167.1	553
NC_042727.1	553
NC_058821.1	553
NC_058823.1	553
NC_045356.1	553
NC_045357.1	553
NC_045359.1	553
NC_060994.1	553
NC_060996.1	553
NC_060997.1	553
NC_060998.1	553
NC_052849.1	553
NC_052863.1	553
NC_052874.1	553
NC_069950.1	553
NC_069951.1	553
NC_032040.1	553
NC_053840.1	553
NC_053888.1	553
NC_022380.1	553
NC_022385.1	553
NC_022389.1	553
NC_022392.1	553
NC_037883.1	553
NC_037911.1	553
NC_037912.1	553
NC_037913.1	553
NC_042178.1	553
NC_042739.1	553
NC_042740.1	553
NC_058830.1	553
NC_058836.1	553
NC_058837.1	553
NC_058838.1	553
NC_035671.1	553
NC_035672.1	553
NC_058687.1	553
NC_058691.1	553
NC_058693.1	553
NC_036510.1	553
NC_036807.1	553
NC_036808.1	553
NC_036812.1	553
NC_024662.1	553
NC_024663.1	553
NC_037717.1	553
NC_058699.1	553
NC_046870.1	553
NC_046824.1	553
NC_036485.1	553
NC_036502.1	553
NC_035648.1	553
NC_037904.1	553
NC_046774.1	553
NC_036498.1	553
NC_024659.1	553
NC_024660.1	553
NC_024661.1	553
NC_058732.1	553
NC_072057.1	553
NC_053524.1	553
NC_053525.1	553
NC_022264.1	553
NC_058735.1	553
NC_058736.1	553
NC_072060.1	553
NC_072061.1	553
NC_072068.1	553
NC_053535.1	553
NC_058751.1	553
NC_048463.1	553
NC_048464.1	553
NC_072069.1	553
NC_072070.1	553
NC_053541.1	553
NC_035652.1	553
NC_035647.1	553
NC_058760.1	553
NC_057432.1	553
NC_041462.1	553
NC_060999.1	553
NC_061000.1	553
NC_061001.1	553
NC_061002.1	553
NC_061005.1	553
NC_061006.1	553
NC_067671.1	553
NC_067706.1	553
NC_067661.1	553
NC_067561.1	553
NC_067659.1	553
NC_035537.1	553
NC_058553.1	553
NC_058554.1	553
NC_058555.1	553
NC_058557.1	553
NC_058558.1	553
NC_042747.1	553
NC_058840.1	553
NC_058841.1	553
NC_058842.1	553
NC_058843.1	553
NC_058844.1	553
NC_058845.1	553
NC_049874.1	553
NC_061007.1	553
NC_061010.1	553
NC_061011.1	553
NC_061012.1	553
NC_061014.1	553
NC_061015.1	553
NC_068021.1	553
NC_068022.1	553
NC_068023.1	553
NC_068025.1	553
NC_068026.1	553
NC_068028.1	553
NC_068029.1	553
NC_071197.1	553
NC_071175.1	553
NC_034285.1	553
NC_054178.1	553
NC_054183.1	553
NC_054185.1	553
NC_058561.1	553
NC_058562.1	553
NC_058563.1	553
NC_058564.1	553
NC_058565.1	553
NC_058566.1	553
NC_058568.1	553
NC_058569.1	553
NC_058851.1	553
NC_058852.1	553
NC_058853.1	553
NC_058854.1	553
NC_061017.1	553
NC_061018.1	553
NC_061019.1	553
NC_061020.1	553
NC_061021.1	553
NC_061022.1	553
NC_061025.1	553
NC_068030.1	553
NC_068031.1	553
NC_068032.1	553
NC_068033.1	553
NC_068035.1	553
NC_068037.1	553
NC_068039.1	553
NC_068040.1	553
NC_069975.1	553
NC_054218.1	553
NC_054219.1	553
NC_054221.1	553
NC_021101.1	553
NC_058570.1	553
NC_058571.1	553
NC_058572.1	553
NC_058575.1	553
NC_058576.1	553
NC_058577.1	553
NC_058579.1	553
NC_042760.1	553
NC_058861.1	553
NC_058864.1	553
NC_058865.1	553
NC_058866.1	553
NC_058867.1	553
NC_058868.1	553
NC_044471.1	553
NC_061026.1	553
NC_068041.1	553
NC_068042.1	553
NC_068043.1	553
NC_068044.1	553
NC_068046.1	553
NC_068050.1	553
NC_068051.1	553
NC_054282.1	553
NC_054283.1	553
NC_054276.1	553
NC_054341.1	553
NC_023790.1	553
NC_058590.1	553
NC_042767.1	553
NC_058871.1	553
NC_058872.1	553
NC_058873.1	553
NC_058874.1	553
NC_058880.1	553
NC_044473.1	553
NC_044474.1	553
NC_044481.1	553
NC_061028.1	553
NC_062040.1	553
NC_062041.1	553
NC_062042.1	553
NC_068053.1	553
NC_068054.1	553
NC_068056.1	553
NC_068057.1	553
NC_068058.1	553
NC_034309.1	553
NC_034310.1	553
NC_034311.1	553
NC_034312.1	553
NC_067370.1	553
NC_058592.1	553
NC_058881.1	553
NC_058884.1	553
NC_058885.1	553
NC_058889.1	553
NC_058890.1	553
NC_050059.1	553
NC_061038.1	553
NC_062044.1	553
NC_062053.1	553
NC_062054.1	553
NC_068066.1	553
NC_034321.1	553
NC_034322.1	553
NC_034323.1	553
NC_034324.1	553
NC_034325.1	553
NC_034328.1	553
NC_058605.1	553
NC_042782.1	553
NC_042783.1	553
NC_042785.1	553
NC_058891.1	553
NC_058896.1	553
NC_058897.1	553
NC_025658.1	553
NC_026839.1	553
NC_061041.1	553
NC_062056.1	553
NC_062057.1	553
NC_068014.1	553
NC_068015.1	553
NC_068016.1	553
NC_053579.1	553
NC_053586.1	553
NC_053598.1	553
NC_053608.1	553
NC_058615.1	553
NC_058619.1	553
NC_042793.1	553
NC_042796.1	553
NC_058905.1	553
NC_036356.1	553
NC_061042.1	553
NC_061043.1	553
NC_068090.1	553
NC_053688.1	553
NC_053793.1	553
NC_042798.1	553
NC_042819.1	553
NC_058916.1	553
NC_058920.1	553
NC_062074.1	553
NC_062075.1	553
NC_033534.1	553
NC_037940.1	553
NC_037945.1	553
NC_039610.1	553
NC_058925.1	553
NC_058926.1	553
NC_058927.1	553
NC_058929.1	553
NC_058930.1	553
NC_058931.1	553
NC_058933.1	553
NC_062078.1	553
NC_062079.1	553
NC_062080.1	553
NC_062081.1	553
NC_071835.1	553
NC_071836.1	553
NC_071838.1	553
NC_071840.1	553
NC_071841.1	553
NC_058625.1	553
NC_058628.1	553
NC_058629.1	553
NC_058630.1	553
NC_058631.1	553
NC_058633.1	553
NC_039623.1	553
NC_039624.1	553
NC_039625.1	553
NC_039626.1	553
NC_042939.1	553
NC_042940.1	553
NC_042941.1	553
NC_042942.1	553
NC_058934.1	553
NC_058936.1	553
NC_058937.1	553
NC_058938.1	553
NC_058939.1	553
NC_058940.1	553
NC_058942.1	553
NC_058943.1	553
NC_058944.1	553
NC_062086.1	553
NC_062094.1	553
NC_072103.1	553
NC_039627.1	553
NC_039628.1	553
NC_039634.1	553
NC_039637.1	553
NC_058945.1	553
NC_058946.1	553
NC_058947.1	553
NC_058949.1	553
NC_058950.1	553
NC_058951.1	553
NC_058953.1	553
NC_058954.1	553
NC_058955.1	553
NC_025651.1	553
NC_062096.1	553
NC_072110.1	553
NC_072112.1	553
NC_072113.1	553
NC_072114.1	553
NC_068129.1	553
NC_068131.1	553
NC_068132.1	553
NC_039638.1	553
NC_039580.1	553
NC_058956.1	553
NC_058957.1	553
NC_058960.1	553
NC_058962.1	553
NC_025655.1	553
NC_025657.1	553
NC_050204.1	553
NC_050205.1	553
NC_050206.1	553
NC_050208.1	553
NC_050209.1	553
NC_026694.1	553
NC_068134.1	553
NC_068135.1	553
NC_068136.1	553
NC_068137.1	553
NC_068138.1	553
NC_021423.1	553
NC_039636.1	553
NC_050210.1	553
NC_062126.1	553
NC_068145.1	553
NC_068146.1	553
NC_068148.1	553
NC_068151.1	553
NC_068152.1	553
NC_021455.1	553
NC_035514.1	553
NC_058985.1	553
NC_044418.1	553
NC_062130.1	553
NC_072143.1	553
NC_072144.1	553
NC_072147.1	553
NC_068153.1	553
NC_068155.1	553
NC_068156.1	553
NC_068157.1	553
NC_068158.1	553
NC_068161.1	553
NC_068162.1	553
NC_068163.1	553
NC_039957.1	553
NC_058986.1	553
NC_058988.1	553
NC_058989.1	553
NC_058994.1	553
NC_061051.1	553
NC_062141.1	553
NC_068164.1	553
NC_068167.1	553
NC_068169.1	553
NC_068171.1	553
NC_068172.1	553
NC_068174.1	553
NC_033511.1	553
NC_033498.1	553
NC_039943.1	553
NC_039952.1	553
NC_058998.1	553
NC_059001.1	553
NC_059002.1	553
NC_059003.1	553
NC_059005.1	553
NC_027607.1	553
NC_062144.1	553
NC_072165.1	553
NC_029817.1	553
NC_029820.1	553
NC_030346.1	553
NC_062156.1	553
NC_072171.1	553
NC_072174.1	553
NC_029821.1	553
NC_029823.1	553
NC_029824.1	553
NC_067770.1	553
NC_067771.1	553
NC_072179.1	553
NC_072180.1	553
NC_072182.1	553
NC_072183.1	553
NC_072185.1	553
NC_072186.1	553
NC_072187.1	553
NC_029833.1	553
NC_067781.1	553
NC_067782.1	553
NC_067783.1	553
NC_067786.1	553
NC_067787.1	553
NC_062167.1	553
NC_072188.1	553
NC_072190.1	553
NC_072191.1	553
NC_072192.1	553
NC_072193.1	553
NC_072195.1	553
NC_072196.1	553
NC_072197.1	553
NC_029818.1	553
NC_029825.1	553
NC_070020.1	553
NC_070021.1	553
NC_070022.1	553
NC_070023.1	553
NC_070025.1	553
NC_049007.1	553
NC_049053.1	553
NC_049081.1	553
NC_049114.1	553
NC_061004.1	553
NC_060987.1	553
NC_061013.1	553
NC_072198.1	553
NC_072199.1	553
NC_072200.1	553
NC_072201.1	553
NC_072202.1	553
NC_029822.1	553
NC_029819.1	553
NC_070026.1	553
NC_070027.1	553
NC_070028.1	553
NC_070029.1	553
NC_070030.1	553
NC_070031.1	553
NC_070034.1	553
NC_070035.1	553
NC_033500.1	553
NC_033501.1	553
NC_033502.1	553
NC_035873.1	553
NC_067810.1	553
NC_061023.1	553
NC_036661.1	553
NC_061964.1	553
NC_072216.1	553
NC_070037.1	553
NC_032719.1	553
NC_033513.1	553
NC_033514.1	553
NC_035880.1	553
NC_069063.1	553
NC_042919.1	553
NC_042934.1	553
NC_042884.1	553
NC_059691.1	553
NC_059692.1	553
NC_060985.1	553
NC_062095.1	553
NC_030357.1	553
NC_070044.1	553
NC_070045.1	553
NC_070047.1	553
NC_033515.1	553
NC_033517.1	553
NC_033518.1	553
NC_033519.1	553
NC_033520.1	553
NC_069062.1	553
NC_069065.1	553
NC_067826.1	553
NC_067827.1	553
NC_067829.1	553
NC_067830.1	553
NC_067831.1	553
NC_054154.1	553
NC_054155.1	553
NC_059701.1	553
NC_059703.1	553
NC_061003.1	553
NC_050800.1	553
NC_050956.1	553
NC_062082.1	553
NC_033499.1	553
NC_033512.1	553
NC_033908.1	553
NC_035876.1	553
NC_069066.1	553
NC_069067.1	553
NC_067832.1	553
NC_067834.1	553
NC_067835.1	553
NC_067836.1	553
NC_067837.1	553
NC_067840.1	553
NC_067842.1	553
NC_054163.1	553
NC_054166.1	553
NC_054168.1	553
NC_059718.1	553
NC_059719.1	553
NC_059720.1	553
NC_027668.1	553
NC_061985.1	553
NC_062050.1	553
NC_068175.1	553
NC_068177.1	553
NC_068178.1	553
NC_068179.1	553
NC_068180.1	553
NC_068181.1	553
NC_068182.1	553
NC_068184.1	553
NC_031877.1	553
NC_031879.1	553
NC_031882.1	553
NC_031883.1	553
NC_031884.1	553
NC_031885.1	553
NC_059009.1	553
NC_059011.1	553
NC_059012.1	553
NC_059013.1	553
NC_059014.1	553
NC_059015.1	553
NC_059016.1	553
NC_059723.1	553
NC_027669.1	553
NC_027674.1	553
NC_027675.1	553
NC_061016.1	553
NC_062097.1	553
NC_061942.1	553
NC_061947.1	553
NC_072254.1	553
NC_068185.1	553
NC_068186.1	553
NC_068188.1	553
NC_068189.1	546
NC_068190.1	546
NC_031886.1	553
NC_031887.1	553
NC_031888.1	553
NC_031890.1	553
NC_032697.1	553
NC_039542.1	553
NC_059017.1	553
NC_059018.1	553
NC_059020.1	553
NC_059021.1	553
NC_059022.1	553
NC_059023.1	553
NC_059024.1	553
NC_059026.1	553
NC_045294.1	553
NC_045388.1	553
NC_047176.1	553
NC_048524.1	553
NC_027679.1	553
NC_027685.1	553
NC_062058.1	553
NC_062134.1	553
NC_061927.1	553
NC_072261.1	553
NC_072262.1	553
NC_072267.1	553
NC_072268.1	553
NC_032708.1	553
NC_058642.1	553
NC_039554.1	553
NC_039555.1	553
NC_057434.1	553
NC_059033.1	553
NC_045416.1	553
NC_045230.1	553
NC_047180.1	553
NC_047181.1	553
NC_047182.1	553
NC_047183.1	553
NC_049156.1	553
NC_049111.1	553
NC_059743.1	553
NC_059744.1	553
NC_059745.1	553
NC_059746.1	553
NC_061940.1	553
NC_062043.1	553
NC_062055.1	553
NC_072272.1	553
NC_072275.1	553
NC_072276.1	553
NC_031880.1	553
NC_031892.1	553
NC_032720.1	553
NC_021426.1	553
NC_058646.1	553
NC_058647.1	553
NC_039556.1	553
NC_039557.1	553
NC_057441.1	553
NC_059040.1	553
NC_059041.1	553
NC_059042.1	553
NC_059043.1	553
NC_059044.1	553
NC_059047.1	553
NC_045391.1	553
NC_047190.1	553
NC_047192.1	553
NC_047193.1	553
NC_047194.1	553
NC_049085.1	553
NC_048972.1	553
NC_027693.1	553
NC_025656.1	553
NC_032721.1	553
NC_032724.1	553
NC_039572.1	553
NC_039573.1	553
NC_039574.1	553
NC_039575.1	553
NC_057458.1	553
NC_059049.1	553
NC_059051.1	553
NC_059052.1	553
NC_059053.1	553
NC_059054.1	553
NC_059055.1	553
NC_059056.1	553
NC_059057.1	553
NC_047208.1	553
NC_048986.1	553
NC_048998.1	553
NC_059761.1	553
NC_059766.1	553
NC_059767.1	553
NC_026299.1	553
NC_072297.1	553
NC_068227.1	553
NC_068229.1	553
NC_068234.1	553
NC_033970.1	553
NC_039577.1	553
NC_039579.1	553
NC_057463.1	553
NC_059058.1	553
NC_059059.1	553
NC_059062.1	553
NC_047211.1	553
NC_049027.1	553
NC_049044.1	553
NC_049130.1	553
NC_061215.1	553
NC_072312.1	553
NC_039133.1	553
NC_039597.1	553
NC_039598.1	553
NC_039599.1	553
NC_058567.1	553
NC_047226.1	553
NC_059786.1	553
NC_059787.1	553
NC_059789.1	553
NC_059790.1	553
NC_068253.1	553
NC_035591.1	553
NC_037784.1	553
NC_039600.1	553
NC_039601.1	553
NC_039603.1	553
NC_039604.1	553
NC_039605.1	553
NC_039607.1	553
NC_057481.1	553
NC_057486.1	553
NC_058859.1	553
NC_059027.1	553
NC_059010.1	553
NC_058924.1	553
NC_058581.1	553
NC_047232.1	553
NC_047234.1	553
NC_047235.1	553
NC_047236.1	553
NC_059798.1	553
NC_059799.1	553
NC_068262.1	553
NC_068263.1	553
NC_068264.1	553
NC_030056.1	553
NC_030061.1	553
NC_030062.1	553
NC_030371.1	553
NC_034792.1	553
NC_034793.1	553
NC_053550.1	553
NC_057494.1	553
NC_057496.1	553
NC_042917.1	553
NC_042918.1	553
NC_042920.1	553
NC_059048.1	553
NC_058839.1	553
NC_058862.1	553
NC_045405.1	553
NC_045409.1	553
NC_045420.1	553
NC_045421.1	553
NC_045422.1	553
NC_059802.1	553
NC_059807.1	553
NC_068265.1	553
NC_068266.1	553
NC_068267.1	553
NC_030063.1	553
NC_030065.1	553
NC_031805.1	553
NC_053562.1	553
NC_053563.1	553
NC_053564.1	553
NC_057506.1	553
NC_042931.1	553
NC_058941.1	553
NC_045423.1	553
NC_045424.1	553
NC_059813.1	553
NC_059814.1	553
NC_059818.1	553
NC_028000.1	553
NC_033871.1	553
NC_033878.1	553
NC_053570.1	553
NC_053571.1	553
NC_053574.1	553
NC_053578.1	553
NC_057521.1	553
NC_057523.1	553
NC_042933.1	553
NC_042935.1	553
NC_042936.1	553
NC_042937.1	553
NC_042938.1	553
NC_059045.1	553
NC_058620.1	553
NC_058948.1	553
NC_058535.1	553
NC_058879.1	553
NC_047310.1	553
NC_047312.1	553
NC_028009.1	553
NC_028012.1	553
NC_067605.1	553
NC_068009.1	553
NC_030045.1	553
NC_031822.1	553
NC_031825.1	553
NC_034801.1	553
NC_034803.1	553
NC_053580.1	553
NC_053581.1	553
NC_053583.1	553
NC_053584.1	553
NC_053585.1	553
NC_053587.1	553
NC_053588.1	553
NC_053589.1	553
NC_037401.1	553
NC_042950.1	553
NC_042954.1	553
NC_058578.1	553
NC_058582.1	553
NC_058624.1	553
NC_047360.1	553
NC_047361.1	553
NC_028032.1	553
NC_067573.1	553
NC_067839.1	553
NC_067675.1	553
NC_067499.1	553
NC_031834.1	553
NC_053591.1	553
NC_053592.1	553
NC_053593.1	553
NC_053594.1	553
NC_053595.1	553
NC_053596.1	553
NC_053597.1	553
NC_053599.1	553
NC_042955.1	553
NC_058959.1	553
NC_059019.1	553
NC_047366.1	553
NC_047486.1	553
NC_047377.1	553
NC_047429.1	553
NC_036307.1	553
NC_059849.1	553
NC_067775.1	553
NC_068038.1	553
NC_031849.1	553
NC_033896.1	553
NC_033897.1	553
NC_033899.1	553
NC_053600.1	553
NC_053601.1	553
NC_053603.1	553
NC_053604.1	553
NC_053605.1	553
NC_053606.1	553
NC_053607.1	553
NC_053609.1	553
NC_037446.1	553
NC_056335.1	553
NC_056086.1	553
NC_058928.1	553
NC_058860.1	553
NC_058779.1	553
NC_045297.1	553
NC_045338.1	553
NC_045329.1	553
NC_045310.1	553
NC_045272.1	553
NC_047313.1	553
NC_059863.1	553
NC_067670.1	553
NC_067965.1	553
NC_033910.1	553
NC_034643.1	553
NC_034677.1	553
NC_053610.1	553
NC_037485.1	553
NC_056082.1	553
NC_056083.1	553
NC_056084.1	553
NC_056085.1	553
NC_057560.1	553
NC_058560.1	553
NC_058622.1	553
NC_058952.1	553
NC_058526.1	553
NC_045343.1	553
NC_045318.1	553
NC_045358.1	553
NC_067524.1	553
NC_067828.1	553
NC_068089.1	553
NC_068258.1	553
NC_031875.1	553
NC_031876.1	553
NC_034678.1	553
NC_053622.1	553
NC_056345.1	553
NC_056329.1	553
NC_058556.1	553
NC_058595.1	553
NC_044965.1	553
NC_050062.1	553
NC_061221.1	553
NC_061223.1	553
NC_061224.1	553
NC_061227.1	553
NC_061230.1	553
NC_072329.1	553
NC_035651.1	553
NC_057582.1	553
NC_042826.1	553
NC_048478.1	553
NC_049021.1	553
NC_048973.1	553
NC_072342.1	553
NC_052696.1	553
NC_052697.1	553
NC_053304.1	553
NC_053305.1	553
NC_053306.1	553
NC_053307.1	553
NC_053308.1	553
NC_053310.1	553
NC_053311.1	553
NC_034743.1	553
NC_057586.1	553
NC_057587.1	553
NC_057595.1	553
NC_057596.1	553
NC_048492.1	553
NC_049050.1	553
NC_008096.2	553
NC_061251.1	553
NC_061252.1	553
NC_053313.1	553
NC_053314.1	553
NC_053316.1	553
NC_057600.1	553
NC_057601.1	553
NC_057602.1	553
NC_065004.1	553
NC_072270.1	553
NC_072194.1	553
NC_072253.1	553
NC_053324.1	553
NC_053325.1	553
NC_053326.1	553
NC_053328.1	553
NC_053331.1	553
NC_053332.1	553
NC_053333.1	553
NC_053334.1	553
NC_048498.1	553
NC_048503.1	553
NC_072167.1	553
NC_052728.1	553
NC_052729.1	553
NC_052730.1	553
NC_030319.1	553
NC_053335.1	553
NC_053338.1	553
NC_053339.1	553
NC_053340.1	553
NC_053341.1	553
NC_053342.1	553
NC_053343.1	553
NC_037694.1	553
NC_039348.1	553
NC_039349.1	553
NC_039350.1	553
NC_057623.1	553
NC_057625.1	553
NC_057626.1	553
NC_057627.1	553
NC_042885.1	553
NC_048504.1	553
NC_061254.1	553
NC_061256.1	553
NC_061257.1	553
NC_061263.1	553
NC_072146.1	553
NC_053345.1	553
NC_053346.1	553
NC_053347.1	553
NC_053348.1	553
NC_039347.1	553
NC_057630.1	553
NC_057633.1	553
NC_057637.1	553
NC_057640.1	553
NC_042889.1	553
NC_042890.1	553
NC_042891.1	553
NC_042892.1	553
NC_042893.1	553
NC_042894.1	553
NC_042895.1	553
NC_042896.1	553
NC_046385.1	553
NC_048514.1	553
NC_048515.1	553
NC_072067.1	553
NC_052745.1	553
NC_052746.1	553
NC_052748.1	553
NC_030348.1	553
NC_030349.1	553
NC_020362.1	553
NC_020364.1	553
NC_057641.1	553
NC_057953.1	553
NC_057955.1	553
NC_057956.1	553
NC_042897.1	553
NC_042898.1	553
NC_042899.1	553
NC_042903.1	553
NC_045384.1	553
NC_045392.1	553
NC_045393.1	553
NC_046389.1	553
NC_046390.1	553
NC_046391.1	553
NC_046393.1	553
NC_061264.1	553
NC_061265.1	553
NC_061267.1	553
NC_061268.1	553
NC_061270.1	553
NC_061271.1	553
NC_061272.1	553
NC_072184.1	553
NC_072189.1	553
NC_072203.1	553
NC_030044.1	553
NC_030351.1	553
NC_053372.1	553
NC_053373.1	553
NC_053374.1	553
NC_053375.1	553
NC_037084.1	553
NC_037906.1	553
NC_037952.1	553
NC_037983.1	553
NC_057957.1	553
NC_057967.1	553
NC_042906.1	553
NC_042912.1	553
NC_042914.1	553
NC_042915.1	553
NC_045398.1	553
NC_048528.1	553
NC_050373.1	553
NC_059880.1	553
NC_059880.1	553
NC_059882.1	553
NC_059883.1	553
NC_059885.1	553
NC_068159.1	553
NC_068150.1	553
NC_028726.1	553
NC_028727.1	553
NC_028728.1	553
NC_018766.1	553
NC_054169.1	553
NC_054170.1	553
NC_054172.1	553
NC_041581.1	553
NC_041582.1	553
NC_041583.1	553
NC_041584.1	553
NC_041585.1	553
NC_057978.1	553
NC_058757.1	553
NC_058863.1	553
NC_058935.1	553
NC_045108.1	553
NC_045117.1	553
NC_045081.1	553
NC_045084.1	553
NC_050388.1	553
NC_050389.1	553
NC_026877.1	553
NC_059886.1	553
NC_059887.1	553
NC_059888.1	553
NC_059889.1	553
NC_059890.1	553
NC_059891.1	553
NC_059892.1	553
NC_068228.1	553
NC_068052.1	553
NC_037760.1	553
NC_037761.1	553
NC_037763.1	553
NC_037764.1	553
NC_037765.1	553
NC_037766.1	553
NC_038123.1	553
NC_038119.1	553
NC_038119.1	553
NC_054182.1	553
NC_040946.1	553
NC_040966.1	553
NC_041586.1	553
NC_041589.1	553
NC_041590.1	553
NC_041591.1	553
NC_057983.1	553
NC_057984.1	553
NC_059008.1	553
NC_059046.1	553
NC_059050.1	553
NC_050396.1	553
NC_059901.1	553
NC_059902.1	553
NC_059906.1	553
NC_068004.1	553
NC_067995.1	553
NC_067785.1	553
NC_070070.1	553
NC_037767.1	553
NC_054194.1	553
NC_054196.1	553
NC_057681.1	553
NC_057682.1	553
NC_057683.1	553
NC_057594.1	553
NC_041594.1	553
NC_041595.1	553
NC_041597.1	553
NC_057989.1	553
NC_057991.1	553
NC_057994.1	553
NC_057996.1	553
NC_057997.1	553
NC_059101.1	553
NC_058583.1	553
NC_058626.1	553
NC_059909.1	553
NC_067572.1	553
NC_068187.1	553
NC_068055.1	553
NC_068160.1	553
NC_028732.1	553
NC_070082.1	553
NC_070083.1	553
NC_070084.1	553
NC_070085.1	553
NC_070087.1	553
NC_054205.1	553
NC_040945.1	553
NC_040961.1	553
NC_041598.1	553
NC_058000.1	553
NC_058006.1	553
NC_058831.1	553
NC_058882.1	553
NC_058958.1	553
NC_059025.1	553
NC_050371.1	553
NC_060305.1	553
NC_068027.1	553
NC_068036.1	553
NC_068049.1	553
NC_068147.1	553
NC_068170.1	553
NC_067841.1	553
NC_028733.1	553
NC_070088.1	553
NC_070096.1	553
NC_070097.1	553
NC_038161.1	553
NC_054213.1	553
NC_040960.1	553
NC_041599.1	553
NC_041600.1	553
NC_058013.1	553
NC_058018.1	553
NC_058803.1	553
NC_058858.1	553
NC_068183.1	553
NC_068261.1	553
NC_067643.1	553
NC_070099.1	553
NC_070105.1	553
NC_038165.1	553
NC_054224.1	553
NC_057628.1	553
NC_041601.1	553
NC_041602.1	553
NC_041603.1	553
NC_057999.1	553
NC_057985.1	553
NC_057998.1	553
NC_058932.1	553
NC_058698.1	553
NC_058539.1	553
NC_036487.1	553
NC_036489.1	553
NC_059942.1	553
NC_059943.1	553
NC_059944.1	553
NC_059945.1	553
NC_059946.1	553
NC_060314.1	553
NC_070118.1	553
NC_054238.1	553
NC_054240.1	553
NC_057603.1	553
NC_041604.1	553
NC_057958.1	553
NC_058552.1	553
NC_058559.1	553
NC_058634.1	553
NC_044073.1	553
NC_036494.1	553
NC_036495.1	553
NC_036496.1	553
NC_036497.1	553
NC_036499.1	553
NC_036500.1	553
NC_059948.1	553
NC_059949.1	553
NC_059952.1	553
NC_060324.1	553
NC_060326.1	553
NC_067645.1	553
NC_067646.1	553
NC_070120.1	553
NC_070121.1	553
NC_037831.1	553
NC_037832.1	553
NC_038188.1	553
NC_054247.1	553
NC_054249.1	553
NC_054252.1	553
NC_054253.1	553
NC_054254.1	553
NC_041607.1	553
NC_041608.1	553
NC_041610.1	553
NC_041611.1	553
NC_057990.1	553
NC_058012.1	553
NC_044084.1	553
NC_044085.1	553
NC_026574.1	553
NC_072280.1	553
NC_072263.1	553
NC_072271.1	553
NC_051871.1	553
NC_051872.1	553
NC_051873.1	553
NC_051874.1	553
NC_034228.1	553
NC_022381.1	553
NC_040932.1	553
NC_041532.1	553
NC_041535.1	553
NC_041537.1	553
NC_045049.1	553
NC_045051.1	553
NC_045052.1	553
NC_045053.1	553
NC_045054.1	553
NC_045056.1	553
NC_027738.1	553
NC_072111.1	553
NC_051877.1	553
NC_051890.1	553
NC_070122.1	553
NC_070123.1	553
NC_070125.1	553
NC_070126.1	553
NC_070127.1	553
NC_070128.1	553
NC_070130.1	553
NC_032718.1	553
NC_022451.2	553
NC_022457.1	553
NC_040934.1	553
NC_040935.1	553
NC_040936.1	553
NC_040937.1	553
NC_040938.1	553
NC_040939.1	553
NC_040941.1	553
NC_040942.1	553
NC_041539.1	553
NC_041540.1	553
NC_041544.1	553
NC_045062.1	553
NC_050307.1	553
NC_072259.1	553
NC_070119.1	553
NC_070333.1	553
NC_022459.1	553
NC_022462.1	553
NC_040947.1	553
NC_040950.1	553
NC_040951.1	553
NC_040952.1	553
NC_041550.1	553
NC_041551.1	553
NC_041552.1	553
NC_045070.1	553
NC_045079.1	553
NC_059912.1	553
NC_059884.1	553
NC_036736.1	553
NC_070346.1	553
NC_070354.1	553
NC_056110.1	553
NC_040953.1	553
NC_040958.1	553
NC_040959.1	553
NC_040962.1	553
NC_040963.1	553
NC_041553.1	553
NC_041554.1	553
NC_045080.1	553
NC_045082.1	553
NC_045083.1	553
NC_045085.1	553
NC_045086.1	553
NC_045088.1	553
NC_059950.1	553
NC_036735.1	553
NC_037693.1	553
NC_056112.1	553
NC_056113.1	553
NC_056133.1	553
NC_056134.1	553
NC_040964.1	553
NC_040965.1	553
NC_045098.1	553
NC_045099.1	553
NC_045100.1	553
NC_033898.1	553
NC_037711.1	553
NC_037716.1	553
NC_056137.1	553
NC_056347.1	553
NC_056348.1	553
NC_056352.1	553
NC_045105.1	553
NC_045106.1	553
NC_045109.1	553
NC_045112.1	553
NC_045113.1	553
NC_050354.1	553
NC_050355.1	553
NC_028703.1	553
NC_037726.1	553
NC_039602.1	553
NC_039609.1	553
NC_039621.1	553
NC_056353.1	553
NC_040984.1	553
NC_045114.1	553
NC_045115.1	553
NC_045116.1	553
NC_045118.1	553
NC_045121.1	553
NC_045126.1	553
NC_051946.1	553
NC_051947.1	553
NC_051949.1	553
NC_051951.1	553
NC_031344.1	553
NC_031345.1	553
NC_022461.1	553
NC_056242.1	553
NC_056096.1	553
NC_056142.1	553
NC_040997.1	553
NC_044482.1	553
NC_045064.1	553
NC_045050.1	553
NC_045096.1	553
NC_060332.1	553
NC_052770.1	553
NC_030551.1	553
NC_030552.1	553
NC_030553.1	553
NC_030554.1	553
NC_053640.1	553
NC_053641.1	553
NC_037229.1	553
NC_037231.1	553
NC_037232.1	553
NC_022393.1	553
NC_022394.1	553
NC_022395.1	553
NC_022396.1	553
NC_022401.1	553
NC_022402.1	553
NC_041491.1	553
NC_041492.1	553
NC_046599.1	553
NC_046601.1	553
NC_025787.1	553
NC_027744.1	553
NC_060333.1	553
NC_060337.1	553
NC_060339.1	553
NC_018117.1	553
NC_030558.1	553
NC_030559.1	553
NC_030560.1	553
NC_030562.1	553
NC_030563.1	553
NC_030564.1	553
NC_030565.1	553
NC_030566.1	553
NC_030572.1	553
NC_026570.1	553
NC_037243.1	553
NC_037247.1	553
NC_022403.1	553
NC_022405.1	553
NC_022407.1	553
NC_022410.1	553
NC_022413.1	553
NC_022414.1	553
NC_026876.1	553
NC_026878.1	553
NC_026880.1	553
NC_026881.1	553
NC_026882.1	553
NC_052786.1	553
NC_052787.1	553
NC_052788.1	553
NC_052789.1	553
NC_052791.1	553
NC_030573.1	553
NC_030574.1	553
NC_030575.1	553
NC_030576.1	553
NC_030577.1	553
NC_053654.1	553
NC_037194.1	553
NC_037171.1	553
NC_022417.1	553
NC_025772.2	553
NC_050243.1	553
NC_036733.1	553
NC_036734.1	553
NC_036742.1	553
NC_036744.1	553
NC_071357.1	553
NC_071358.1	553
NC_071359.1	553
NC_071360.1	553
NC_030532.1	553
NC_022431.1	553
NC_050244.1	553
NC_050245.1	553
NC_050247.1	553
NC_050248.1	553
NC_050249.1	553
NC_060354.1	553
NC_060355.1	553
NC_060356.1	553
NC_036759.1	553
NC_037209.1	553
NC_037230.1	553
NC_037213.1	553
NC_022411.1	553
NC_036761.1	553
NC_036764.1	553
NC_053687.1	553
NC_053689.1	553
NC_053691.1	553
NC_022399.1	553
NC_045513.1	553
NC_045514.1	553
NC_045518.1	553
NC_050269.1	553
NC_050270.1	553
NC_026879.1	553
NC_027732.1	553
NC_036762.1	553
NC_036660.1	553
NC_062309.1	553
NC_053694.1	553
NC_053696.1	553
NC_053697.1	553
NC_053702.1	553
NC_041509.1	553
NC_041510.1	553
NC_026906.1	553
NC_060366.1	553
NC_060369.1	553
NC_060370.1	553
NC_052848.1	553
NC_071361.1	553
NC_032364.1	553
NC_053713.1	553
NC_022397.1	553
NC_022382.1	553
NC_041526.1	553
NC_045041.1	553
NC_045043.1	553
NC_045045.1	553
NC_045046.1	553
NC_045047.1	553
NC_060372.1	553
NC_070131.1	553
NC_070133.1	553
NC_070134.1	553
NC_070139.1	553
NC_041432.1	553
NC_041433.1	553
NC_047347.1	553
NC_047233.1	553
NC_047246.1	553
NC_047281.1	553
NC_026726.1	553
NC_060385.1	553
NC_072506.1	553
NC_072507.1	553
NC_072508.1	553
NC_072509.1	553
NC_072510.1	553
NC_072511.1	553
NC_070141.1	553
NC_041438.1	553
NC_041440.1	553
NC_041441.1	553
NC_047336.1	553
NC_047371.1	553
NC_047175.1	553
NC_060388.1	553
NC_030548.1	553
NC_037152.1	553
NC_047379.1	553
NC_047388.1	553
NC_047399.1	553
NC_027185.1	553
NC_060401.1	553
NC_060402.1	553
NC_030567.1	553
NC_030504.1	553
NC_034987.1	553
NC_035625.1	553
NC_041463.1	553
NC_060411.1	553
NC_070170.1	553
NC_070172.1	553
NC_070173.1	553
NC_037179.1	553
NC_035637.1	553
NC_035639.1	553
NC_035640.1	553
NC_041467.1	553
NC_041469.1	553
NC_041471.1	553
NC_041472.1	553
NC_041473.1	553
NC_060414.1	553
NC_060416.1	553
NC_030450.1	553
NC_035053.1	553
NC_037191.1	553
NC_037192.1	553
NC_035641.1	553
NC_035642.1	553
NC_035643.1	553
NC_035644.1	553
NC_035645.1	553
NC_035646.1	553
NC_035649.1	553
NC_035650.1	553
NC_037768.1	553
NC_037899.1	553
NC_041478.1	553
NC_041479.1	553
NC_046575.1	553
NC_061369.1	553
NC_030484.1	553
NC_070190.1	553
NC_070193.1	553
NC_070194.1	553
NC_035653.1	553
NC_035654.1	553
NC_022379.1	553
NC_022383.1	553
NC_026681.1	553
NC_046579.1	553
NC_046585.1	553
NC_037226.1	553
NC_037227.1	553
NC_037228.1	553
NC_035661.1	553
NC_035662.1	553
NC_022384.1	553
NC_022386.1	553
NC_022387.1	553
NC_022388.1	553
NC_022390.1	553
NC_022391.1	553
NC_026683.1	553
NC_026678.1	553
NC_041485.1	553
NC_041487.1	553
NC_050251.1	553
NC_067648.1	553
NC_067649.1	553
NC_067650.1	553
NC_067651.1	553
NC_067666.1	553
NC_067667.1	553
NC_067668.1	553
NC_067669.1	553
NC_035006.1	553
NC_047483.1	553
NC_047484.1	553
NC_047485.1	553
NC_047594.1	553
NC_067672.1	553
NC_067673.1	553
NC_067678.1	553
NC_067679.1	553
NC_067680.1	553
NC_067681.1	553
NC_067682.1	553
NC_067683.1	553
NC_067684.1	553
NC_054266.1	553
NC_046472.1	553
NC_050053.1	553
NC_027158.1	553
NC_027159.1	553
NC_061378.1	553
NC_061379.1	553
NC_067691.1	553
NC_067692.1	553
NC_067693.1	553
NC_067695.1	553
NC_067696.1	553
NC_067697.1	553
NC_067698.1	553
NC_067699.1	553
NC_067701.1	553
NC_031197.1	553
NC_031385.1	553
NC_054280.1	553
NC_046473.1	553
NC_027177.1	553
NC_061388.1	553
NC_067702.1	553
NC_067703.1	553
NC_067704.1	553
NC_067705.1	553
NC_054286.1	553
NC_054287.1	553
NC_054294.1	553
NC_054295.1	553
NC_061394.1	553
NC_061396.1	553
NC_061398.1	553
NC_067764.1	553
NC_054297.1	553
NC_054300.1	553
NC_054306.1	553
NC_046482.1	553
NC_046483.1	553
NC_046486.1	553
NC_050161.1	553
NC_050162.1	553
NC_050163.1	553
NC_050169.1	553
NC_050170.1	553
NC_061404.1	553
NC_061405.1	553
NC_061409.1	553
NC_061410.1	553
NC_067778.1	553
NC_067779.1	553
NC_067780.1	553
NC_054308.1	553
NC_045312.1	553
NC_045353.1	553
NC_045410.1	553
NC_046492.1	553
NC_047245.1	553
NC_047337.1	553
NC_067882.1	553
NC_035891.1	553
NC_041413.1	553
NC_041414.1	553
NC_041415.1	553
NC_041416.1	553
NC_041417.1	553
NC_045411.1	553
NC_045412.1	553
NC_045413.1	553
NC_045414.1	553
NC_045415.1	553
NC_045417.1	553
NC_045418.1	553
NC_045419.1	553
NC_047400.1	553
NC_047317.1	553
NC_059760.1	553
NC_002693.2	553
NC_035054.1	553
NC_035055.1	553
NC_035056.1	553
NC_035896.1	553
NC_054329.1	553
NC_054330.1	553
NC_054331.1	553
NC_054333.1	553
NC_054336.1	553
NC_041418.1	553
NC_041420.1	553
NC_045326.1	553
NC_045334.1	553
NC_045350.1	553
NC_046517.1	553
NC_046520.1	553
NC_047332.1	553
NC_047191.1	553
NC_067567.1	553
NC_030547.1	553
NC_030549.1	553
NC_030568.1	553
NC_030569.1	553
NC_030570.1	553
NC_030571.1	553
NC_030578.1	553
NC_053377.1	553
NC_053378.1	553
NC_053379.1	553
NC_053380.1	553
NC_053381.1	553
NC_053386.1	553
NC_067843.1	553
NC_067844.1	553
NC_067845.1	553
NC_067846.1	553
NC_054338.1	553
NC_054339.1	553
NC_054340.1	553
NC_054344.1	553
NC_054345.1	553
NC_054346.1	553
NC_054347.1	553
NC_046771.1	553
NC_046829.1	553
NC_047406.1	553
NC_047407.1	553
NC_047408.1	553
NC_036371.1	553
NC_067551.1	553
NC_067694.1	553
NC_067552.1	553
NC_030579.1	553
NC_030580.1	553
NC_030581.1	553
NC_030582.1	553
NC_030583.1	553
NC_053365.1	553
NC_053309.1	553
NC_053327.1	553
NC_053336.1	553
NC_054349.1	553
NC_054350.1	553
NC_058199.1	553
NC_047416.1	553
NC_047418.1	553
NC_048493.1	553
NC_021121.1	553
NC_067556.1	553
NC_067558.1	553
NC_067559.1	553
NC_067560.1	553
NC_067562.1	553
NC_067563.1	553
NC_029874.1	553
NC_030598.1	553
NC_030599.1	553
NC_034331.1	553
NC_067867.1	553
NC_067870.1	553
NC_067871.1	553
NC_054359.1	553
NC_054360.1	553
NC_054365.1	553
NC_058203.1	553
NC_058204.1	553
NC_058205.1	553
NC_047428.1	553
NC_067564.1	553
NC_067565.1	553
NC_067566.1	553
NC_067653.1	553
NC_067654.1	553
NC_067655.1	553
NC_067656.1	553
NC_067657.1	553
NC_067658.1	553
NC_030609.1	553
NC_034308.1	553
NC_054234.1	553
NC_054200.1	553
NC_054296.1	553
NC_054337.1	553
NC_058214.1	553
NC_058216.1	553
NC_058222.1	553
NC_047438.1	553
NC_047443.1	553
NC_026134.2	553
NC_020431.1	553
NC_067660.1	553
NC_067662.1	553
NC_067811.1	553
NC_067812.1	553
NC_067852.1	553
NC_029885.1	553
NC_038153.1	553
NC_067885.1	553
NC_054186.1	553
NC_054343.1	553
NC_054151.1	553
NC_058226.1	553
NC_058227.1	553
NC_058231.1	553
NC_047447.1	553
NC_047448.1	553
NC_047450.1	553
NC_025306.1	553
NC_029211.1	553
NC_029889.1	553
NC_034985.1	553
NC_054309.1	553
NC_054165.1	553
NC_058233.1	553
NC_058237.1	553
NC_058238.1	553
NC_058241.1	553
NC_067958.1	553
NC_067959.1	553
NC_067960.1	553
NC_034988.1	553
NC_034989.1	553
NC_034990.1	553
NC_034991.1	553
NC_034992.1	553
NC_038118.1	553
NC_038121.1	553
NC_038122.1	553
NC_038124.1	553
NC_038125.1	553
NC_038126.1	553
NC_038127.1	553
NC_058246.1	553
NC_058249.1	553
NC_058252.1	553
NC_058254.1	553
NC_047468.1	553
NC_047469.1	553
NC_047470.1	553
NC_047471.1	553
NC_050353.1	553
NC_067961.1	553
NC_067962.1	553
NC_067963.1	553
NC_067964.1	553
NC_067966.1	553
NC_068010.1	553
NC_068011.1	553
NC_068012.1	553
NC_035000.1	553
NC_038128.1	553
NC_058256.1	553
NC_058257.1	553
NC_058258.1	553
NC_058260.1	553
NC_058261.1	553
NC_058262.1	553
NC_058263.1	553
NC_047473.1	553
NC_047475.1	553
NC_047476.1	553
NC_047477.1	553
NC_047478.1	553
NC_061416.1	553
NC_061417.1	553
NC_071842.1	553
NC_071843.1	553
NC_071844.1	553
NC_071847.1	553
NC_071848.1	553
NC_071850.1	553
NC_071851.1	553
NC_067647.1	553
NC_067767.1	553
NC_052853.1	553
NC_052854.1	553
NC_051531.1	553
NC_051533.1	553
NC_040862.1	553
NC_058267.1	553
NC_047325.1	553
NC_047326.1	553
NC_047328.1	553
NC_047329.1	553
NC_047330.1	553
NC_047333.1	553
NC_047334.1	553
NC_071852.1	553
NC_067768.1	553
NC_067772.1	553
NC_067773.1	553
NC_067774.1	553
NC_051540.1	553
NC_051541.1	553
NC_051543.1	553
NC_051544.1	553
NC_029214.1	553
NC_053731.1	553
NC_053735.1	553
NC_040873.1	553
NC_047335.1	553
NC_047338.1	553
NC_047339.1	553
NC_047340.1	553
NC_047341.1	553
NC_047342.1	553
NC_071870.1	553
NC_067739.1	553
NC_052872.1	553
NC_052875.1	553
NC_052877.1	553
NC_052878.1	553
NC_051546.1	553
NC_051550.1	553
NC_051553.1	553
NC_040874.1	553
NC_058287.1	553
NC_058288.1	553
NC_058289.1	553
NC_058295.1	553
NC_058297.1	553
NC_044478.1	553
NC_044479.1	553
NC_047345.1	553
NC_047346.1	553
NC_047348.1	553
NC_047349.1	553
NC_047350.1	553
NC_047351.1	553
NC_061368.1	553
NC_068006.1	553
NC_052882.1	553
NC_052883.1	553
NC_051556.1	553
NC_051559.1	553
NC_053746.1	553
NC_053754.1	553
NC_058298.1	553
NC_058299.1	553
NC_058305.1	553
NC_042874.1	553
NC_042916.1	553
NC_042921.1	553
NC_047352.1	553
NC_047354.1	553
NC_047355.1	553
NC_047356.1	553
NC_047357.1	553
NC_047358.1	553
NC_047359.1	553
NC_053707.1	553
NC_061173.1	553
NC_061174.1	553
NC_071890.1	553
NC_071891.1	553
NC_071892.1	553
NC_067700.1	553
NC_068176.1	553
NC_068013.1	553
NC_029241.1	553
NC_036940.1	553
NC_036942.1	553
NC_053762.1	553
NC_053764.1	553
NC_058315.1	553
NC_042715.1	553
NC_047362.1	553
NC_047363.1	553
NC_047364.1	553
NC_047367.1	553
NC_047368.1	553
NC_047369.1	553
NC_026103.1	553
NC_061183.1	553
NC_061185.1	553
NC_061186.1	553
NC_061187.1	553
NC_061188.1	553
NC_071895.1	553
NC_067521.1	553
NC_067709.1	553
NC_052909.1	553
NC_051560.1	553
NC_051521.1	553
NC_029212.1	553
NC_028069.2	553
NC_030515.1	553
NC_030516.1	553
NC_030517.1	553
NC_036969.1	553
NC_036970.1	553
NC_036971.1	553
NC_036972.1	553
NC_036976.1	553
NC_053766.1	553
NC_058322.1	553
NC_058323.1	553
NC_058324.1	553
NC_058326.1	553
NC_058328.1	553
NC_058329.1	553
NC_058330.1	553
NC_042786.1	553
NC_042932.1	553
NC_042766.1	553
NC_047372.1	553
NC_047373.1	553
NC_047374.1	553
NC_047375.1	553
NC_047376.1	553
NC_047378.1	553
NC_047380.1	553
NC_050207.1	553
NC_061190.1	553
NC_061191.1	553
NC_061192.1	553
NC_061194.1	553
NC_061197.1	553
NC_061199.1	550
NC_067838.1	553
NC_068024.1	553
NC_068034.1	553
NC_030534.1	553
NC_036987.1	553
NC_036989.1	553
NC_023356.1	553
NC_019601.1	553
NC_019602.1	553
NC_053780.1	553
NC_053781.1	553
NC_053782.1	553
NC_053783.1	553
NC_058331.1	553
NC_058332.1	553
NC_058333.1	553
NC_058334.1	553
NC_058335.1	553
NC_042784.1	553
NC_046785.1	553
NC_047383.1	553
NC_047385.1	553
NC_047386.1	553
NC_047387.1	553
NC_047390.1	553
NC_047391.1	553
NC_016728.1	553
NC_061201.1	553
NC_061202.1	553
NC_061203.1	553
NC_061208.1	553
NC_068144.1	553
NC_068154.1	553
NC_068168.1	553
NC_052922.1	553
NC_030544.1	553
NC_030545.1	553
NC_030546.1	553
NC_037021.1	553
NC_037038.1	553
NC_037039.1	553
NC_036943.1	553
NC_053787.1	553
NC_053791.1	553
NC_053792.1	553
NC_058215.1	553
NC_058321.1	553
NC_058239.1	553
NC_058259.1	553
NC_058294.1	553
NC_046834.1	553
NC_046861.1	553
NC_046867.1	553
NC_047392.1	553
NC_047393.1	553
NC_047394.1	553
NC_047395.1	553
NC_047396.1	553
NC_047397.1	553
NC_047398.1	553
NC_047401.1	553
NC_036367.1	553
NC_036368.1	553
NC_049888.1	553
NC_061285.1	553
NC_061286.1	553
NC_061287.1	553
NC_061288.1	553
NC_061289.1	553
NC_061291.1	553
NC_061292.1	553
NC_061294.1	553
NC_027955.1	553
NC_027959.1	553
NC_061955.1	553
NC_061961.1	553
NC_071930.1	553
NC_067998.1	553
NC_039161.1	553
NC_039162.1	553
NC_058248.1	553
NC_058318.1	553
NC_058325.1	553
NC_042190.1	553
NC_046409.1	553
NC_046415.1	553
NC_061300.1	553
NC_061302.1	553
NC_061303.1	553
NC_061305.1	553
NC_061917.1	553
NC_062073.1	553
NC_068460.1	553
NC_068461.1	553
NC_068462.1	553
NC_068463.1	553
NC_068464.1	553
NC_068465.1	553
NC_068466.1	553
NC_037460.1	553
NC_058280.1	553
NC_042194.1	553
NC_047249.1	553
NC_061312.1	553
NC_071948.1	553
NC_071949.1	553
NC_071950.1	553
NC_068467.1	553
NC_037392.1	553
NC_039178.1	553
NC_058253.1	553
NC_058317.1	553
NC_042204.1	553
NC_042211.1	553
NC_062098.1	553
NC_071961.1	553
NC_068476.1	553
NC_068478.1	553
NC_068479.1	553
NC_068480.1	553
NC_068481.1	553
NC_068483.1	553
NC_068484.1	553
NC_051493.1	553
NC_051502.1	553
NC_051503.1	553
NC_051504.1	553
NC_058300.1	553
NC_058327.1	553
NC_058240.1	553
NC_042220.1	553
NC_042221.1	553
NC_047283.1	553
NC_061332.1	553
NC_061334.1	553
NC_061335.1	553
NC_061336.1	553
NC_028026.1	553
NC_068485.1	553
NC_068486.1	553
NC_068487.1	553
NC_068488.1	553
NC_068489.1	553
NC_068491.1	553
NC_068493.1	553
NC_051507.1	553
NC_051508.1	553
NC_051509.1	553
NC_037472.1	553
NC_042223.1	553
NC_042227.1	553
NC_042714.1	553
NC_042716.1	553
NC_047287.1	553
NC_061340.1	553
NC_061341.1	553
NC_062128.1	553
NC_071798.1	553
NC_071807.1	553
NC_071839.1	553
NC_068494.1	553
NC_068495.1	553
NC_068499.1	553
NC_036960.1	553
NC_036961.1	553
NC_036962.1	553
NC_036963.1	553
NC_036964.1	553
NC_042235.1	553
NC_042236.1	553
NC_042242.1	553
NC_046448.1	553
NC_046450.1	553
NC_046451.1	553
NC_047295.1	553
NC_047297.1	553
NC_047298.1	553
NC_047300.1	553
NC_047302.1	553
NC_061350.1	553
NC_061351.1	553
NC_061352.1	553
NC_061353.1	553
NC_071750.1	553
NC_068507.1	553
NC_036968.1	553
NC_036980.1	553
NC_036981.1	553
NC_036982.1	553
NC_036983.1	553
NC_036990.1	553
NC_036991.1	553
NC_042245.1	553
NC_042246.1	553
NC_046454.1	553
NC_046455.1	553
NC_046457.1	553
NC_046458.1	553
NC_046459.1	553
NC_046460.1	553
NC_047314.1	553
NC_060426.1	553
NC_060427.1	553
NC_061364.1	553
NC_061365.1	553
NC_061366.1	553
NC_061198.1	553
NC_071771.1	553
NC_071945.1	553
NC_051520.1	553
NC_051523.1	553
NC_040849.1	553
NC_040857.1	553
NC_042252.1	553
NC_042257.1	553
NC_046461.1	553
NC_046463.1	553
NC_047316.1	553
NC_047318.1	553
NC_047319.1	553
NC_047320.1	553
NC_047321.1	553
NC_047322.1	553
NC_047323.1	553
NC_047324.1	553
NC_060437.1	553
NC_060438.1	553
NC_061339.1	553
NC_061338.1	553
NC_061322.1	553
NC_068525.1	553
NC_068526.1	553
NC_068527.1	553
NC_068529.1	553
NC_068531.1	553
NC_068532.1	553
NC_068533.1	553
NC_068534.1	553
NC_068535.1	553
NC_039781.1	553
NC_039782.1	553
NC_041235.1	553
NC_041240.1	553
NC_060441.1	553
NC_060443.1	553
NC_060444.1	553
NC_060445.1	553
NC_060446.1	553
NC_060448.1	553
NC_061222.1	553
NC_061179.1	553
NC_068536.1	553
NC_035500.1	553
NC_039783.1	553
NC_039784.1	553
NC_039785.1	553
NC_039786.1	553
NC_039787.1	553
NC_039788.1	553
NC_039789.1	553
NC_039790.1	553
NC_060450.1	553
NC_060451.1	553
NC_060452.1	553
NC_060453.1	553
NC_060454.1	553
NC_060456.1	553
NC_061269.1	553
NC_061406.1	553
NC_068530.1	553
NC_068492.1	553
NC_068468.1	553
NC_068469.1	553
NC_039792.1	553
NC_039794.1	553
NC_039796.1	553
NC_039797.1	553
NC_039798.1	553
NC_039799.1	553
NC_039801.1	553
NC_039802.1	553
NC_041256.1	553
NC_041262.1	553
NC_041263.1	553
NC_044629.1	553
NC_060458.1	553
NC_060459.1	553
NC_060460.1	553
NC_061189.1	553
NC_068470.1	553
NC_068471.1	553
NC_068472.1	553
NC_068473.1	553
NC_068475.1	553
NC_039803.1	553
NC_039804.1	553
NC_039805.1	553
NC_039806.1	553
NC_039807.1	553
NC_039808.1	553
NC_041265.1	553
NC_041268.1	553
NC_041270.1	553
NC_044668.1	553
NC_060469.1	553
NC_060474.1	553
NC_060475.1	553
NC_060476.1	553
NC_061214.1	553
NC_061255.1	553
NC_061304.1	553
NC_061315.1	553
NC_068506.1	553
NC_068458.1	553
NC_068528.1	553
NC_068524.1	553
NC_068482.1	553
NC_051997.1	553
NC_035502.1	553
NC_035505.1	553
NC_024292.1	553
NC_067511.1	553
NC_067512.1	553
NC_067513.1	553
NC_067514.1	553
NC_067515.1	553
NC_067516.1	553
NC_067518.1	553
NC_067519.1	553
NC_039812.1	553
NC_039815.1	553
NC_041272.1	553
NC_041275.1	553
NC_041276.1	553
NC_041277.1	553
NC_041278.1	553
NC_041280.1	553
NC_036412.1	553
NC_060477.1	553
NC_060479.1	553
NC_060480.1	553
NC_060481.1	553
NC_061342.1	553
NC_061354.1	553
NC_061290.1	553
NC_068459.1	553
NC_068477.1	553
NC_068490.1	553
NC_035506.1	553
NC_035511.1	553
NC_035512.1	553
NC_035513.1	553
NC_063304.1	553
NC_067520.1	553
NC_067522.1	553
NC_067523.1	553
NC_067526.1	553
NC_039835.1	553
NC_039836.1	553
NC_041281.1	553
NC_048890.1	553
NC_048891.1	553
NC_036416.1	553
NC_060490.1	553
NC_060493.1	553
NC_061415.1	553
NC_029332.1	553
NC_029335.1	553
NC_035347.1	553
NC_035515.1	553
NC_035516.1	553
NC_063306.1	553
NC_063308.1	553
NC_063309.1	553
NC_063310.1	553
NC_063311.1	553
NC_063312.1	553
NC_039838.1	553
NC_039845.1	553
NC_039846.1	553
NC_041296.1	553
NC_036423.1	553
NC_036424.1	553
NC_027225.1	553
NC_060495.1	553
NC_060501.1	553
NC_061184.1	553
NC_061213.1	553
NC_061200.1	553
NC_068855.1	553
NC_063316.1	553
NC_063319.1	553
NC_063323.1	553
NC_063324.1	553
NC_039850.1	553
NC_039851.1	553
NC_039852.1	553
NC_039854.1	553
NC_039856.1	553
NC_041301.1	553
NC_044761.1	553
NC_049155.1	553
NC_072515.1	553
NC_072516.1	553
NC_072517.1	553
NC_072518.1	553
NC_015818.1	553
NC_015804.1	553
NC_063327.1	553
NC_063328.1	553
NC_063329.1	553
NC_063330.1	553
NC_063307.1	553
NC_063325.1	553
NC_041133.1	553
NC_041126.1	553
NC_043921.1	553
NC_043923.1	553
NC_043925.1	553
NC_043926.1	553
NC_043927.1	553
NC_072528.1	553
NC_072530.1	553
NC_072531.1	553
NC_063313.1	553
NC_063326.1	553
NC_063303.1	553
NC_041074.1	553
NC_041113.1	553
NC_045942.1	553
NC_045947.1	553
NC_060447.1	553
NC_060457.1	553
NC_061266.1	553
NC_051510.1	553
NC_051557.1	553
NC_053823.1	553
NC_041117.1	553
NC_041119.1	553
NC_041132.1	553
NC_045948.1	553
NC_045895.1	553
NC_045909.1	553
NC_060523.1	553
NC_060614.1	553
NC_060661.1	553
NC_072552.1	553
NC_053827.1	553
NC_053828.1	553
NC_041161.1	553
NC_043951.1	553
NC_043953.1	553
NC_045920.1	553
NC_061253.1	553
NC_060753.1	553
NC_072555.1	553
NC_072556.1	553
NC_053841.1	553
NC_053842.1	553
NC_041163.1	553
NC_041164.1	553
NC_041206.1	553
NC_041207.1	553
NC_060785.1	553
NC_060826.1	553
NC_060831.1	553
NC_060841.1	553
NC_060856.1	553
NC_060876.1	553
NC_053856.1	553
NC_035414.1	553
NC_035415.1	553
NC_035418.1	553
NC_024735.1	553
NC_024736.1	553
NC_038170.1	553
NC_027090.1	553
NC_038222.1	553
NC_038181.1	553
NC_041213.1	553
NC_041208.1	553
NC_047061.1	553
NC_060439.1	553
NC_072590.1	553
NC_072591.1	553
NC_072592.1	553
NC_072594.1	553
NC_053879.1	553
NC_024728.1	553
NC_041102.1	553
NC_041088.1	553
NC_041159.1	553
NC_052847.1	553
NC_053349.1	553
NC_053387.1	553
NC_053329.1	553
NC_034684.1	553
NC_034688.1	553
NC_034691.1	553
NC_034693.1	553
NC_037955.1	553
NC_039677.1	553
NC_039680.1	553
NC_039681.1	553
NC_039682.1	553
NC_041110.1	553
NC_045840.1	553
NC_060513.1	553
NC_060521.1	553
NC_060522.1	553
NC_060334.1	553
NC_028070.2	553
NC_072608.1	553
NC_029700.1	553
NC_030177.1	553
NC_053303.1	553
NC_053315.1	553
NC_053337.1	553
NC_034695.1	553
NC_034696.1	553
NC_034701.1	553
NC_034702.1	553
NC_034686.1	553
NC_039704.1	553
NC_039707.1	553
NC_039708.1	553
NC_041125.1	553
NC_041127.1	553
NC_041128.1	553
NC_041129.1	553
NC_041130.1	553
NC_041131.1	553
NC_041134.1	553
NC_041542.1	553
NC_043844.1	553
NC_043848.1	553
NC_043884.1	553
NC_045855.1	553
NC_060524.1	553
NC_061229.1	553
NC_061355.1	553
NC_028080.1	553
NC_052747.1	553
NC_052850.1	553
NC_052790.1	553
NC_030168.1	553
NC_030178.1	553
NC_053382.1	553
NC_037979.1	553
NC_037980.1	553
NC_037981.1	553
NC_056087.1	553
NC_056088.1	553
NC_056089.1	553
NC_056090.1	553
NC_041135.1	553
NC_041136.1	553
NC_041137.1	553
NC_041138.1	553
NC_041139.1	553
NC_045859.1	553
NC_045860.1	553
NC_045865.1	553
NC_045868.1	553
NC_060536.1	553
NC_060542.1	553
NC_061367.1	553
NC_018565.1	553
NC_036036.1	553
NC_036037.1	553
NC_037982.1	553
NC_037985.1	553
NC_037991.1	553
NC_039726.1	553
NC_039727.1	553
NC_039728.1	553
NC_039729.1	553
NC_039730.1	553
NC_056104.1	553
NC_041166.1	553
NC_043880.1	553
NC_043881.1	553
NC_036394.1	553
NC_036395.1	553
NC_060548.1	553
NC_060550.1	553
NC_060551.1	553
NC_060552.1	553
NC_061361.1	553
NC_072641.1	553
NC_072642.1	553
NC_072644.1	553
NC_072645.1	553
NC_029746.1	553
NC_029750.1	553
NC_029764.1	553
NC_030212.1	553
NC_037994.1	553
NC_039374.1	553
NC_039731.1	553
NC_039732.1	553
NC_039733.1	553
NC_039734.1	553
NC_039735.1	553
NC_041167.1	553
NC_041178.1	553
NC_043885.1	553
NC_043886.1	553
NC_045890.1	553
NC_045891.1	553
NC_045894.1	553
NC_060562.1	553
NC_036052.1	553
NC_037984.1	553
NC_039375.1	553
NC_039376.1	553
NC_039748.1	553
NC_041191.1	553
NC_043896.1	553
NC_045898.1	553
NC_048971.1	553
NC_048975.1	553
NC_048995.1	553
NC_069023.1	553
NC_069024.1	553
NC_051498.1	553
NC_035346.1	553
NC_035988.1	553
NC_035989.1	553
NC_035990.1	553
NC_037954.1	553
NC_037753.1	553
NC_039379.1	553
NC_039756.1	553
NC_039760.1	553
NC_056129.1	553
NC_041199.1	553
NC_041200.1	553
NC_041201.1	553
NC_041203.1	553
NC_044636.1	553
NC_045907.1	553
NC_045908.1	553
NC_045910.1	553
NC_027829.1	553
NC_035348.1	553
NC_035995.1	553
NC_037759.1	553
NC_037838.1	553
NC_039761.1	553
NC_039763.1	553
NC_056139.1	553
NC_041204.1	553
NC_041205.1	553
NC_041209.1	553
NC_041210.1	553
NC_043912.1	553
NC_045919.1	553
NC_060585.1	553
NC_060587.1	553
NC_035143.1	553
NC_037840.1	553
NC_039651.1	553
NC_039653.1	553
NC_041622.1	553
NC_068599.1	553
NC_068604.1	553
NC_068605.1	553
NC_052752.1	553
NC_034379.1	553
NC_034320.1	553
NC_020365.1	553
NC_023092.1	553
NC_037849.1	553
NC_037850.1	553
NC_037852.1	553
NC_039654.1	553
NC_056798.1	553
NC_056802.1	553
NC_056804.1	553
NC_056805.1	553
NC_060598.1	553
NC_060599.1	553
NC_060600.1	553
NC_072708.1	553
NC_039668.1	553
NC_039683.1	553
NC_039684.1	553
NC_068625.1	553
NC_068627.1	553
NC_037881.1	553
NC_039690.1	553
NC_039691.1	553
NC_056827.1	553
NC_043819.1	553
NC_060615.1	553
NC_060617.1	553
NC_060618.1	553
NC_062598.1	553
NC_062600.1	553
NC_072724.1	553
NC_072727.1	553
NC_072728.1	553
NC_020366.1	553
NC_037885.1	553
NC_056828.1	553
NC_056830.1	553
NC_056832.1	553
NC_056833.1	553
NC_056834.1	553
NC_041615.1	553
NC_043792.1	553
NC_043793.1	553
NC_043794.1	553
NC_043795.1	553
NC_043797.1	553
NC_043799.1	553
NC_043800.1	553
NC_069627.1	553
NC_069606.1	553
NC_062607.1	553
NC_072505.1	553
NC_072589.1	553
NC_037898.1	553
NC_037900.1	553
NC_037901.1	553
NC_037902.1	553
NC_037903.1	553
NC_037905.1	553
NC_039578.1	553
NC_043801.1	553
NC_043802.1	553
NC_043803.1	553
NC_043804.1	553
NC_043805.1	553
NC_043807.1	553
NC_043808.1	553
NC_043809.1	553
NC_069561.1	553
NC_027451.1	553
NC_072529.1	553
NC_037907.1	553
NC_037908.1	553
NC_041091.1	553
NC_041092.1	553
NC_043810.1	553
NC_043813.1	553
NC_043813.1	553
NC_043815.1	553
NC_043815.1	553
NC_043817.1	553
NC_043817.1	553
NC_043818.1	553
NC_043873.1	553
NC_043874.1	553
NC_043954.1	553
NC_069593.1	553
NC_069599.1	553
NC_069601.1	553
NC_028051.1	553
NC_028052.1	553
NC_072567.1	553
NC_068660.1	553
NC_037948.1	553
NC_037950.1	553
NC_037951.1	553
NC_039650.1	553
NC_039611.1	553
NC_041439.1	553
NC_041468.1	553
NC_043821.1	553
NC_043823.1	553
NC_043825.1	553
NC_043826.1	553
NC_043827.1	553
NC_043828.1	553
NC_043829.1	553
NC_069562.1	553
NC_069563.1	553
NC_069565.1	553
NC_069566.1	553
NC_060646.1	553
NC_060653.1	553
NC_023102.1	553
NC_056149.1	553
NC_057115.1	553
NC_041672.1	553
NC_060656.1	553
NC_060657.1	553
NC_062657.1	553
NC_030755.1	553
NC_030757.1	553
NC_069807.1	553
NC_056163.1	553
NC_056885.1	553
NC_044667.1	553
NC_060668.1	553
NC_060669.1	553
NC_069812.1	553
NC_069818.1	553
NC_031435.1	553
NC_056894.1	553
NC_056895.1	553
NC_023130.1	553
NC_056187.1	553
NC_056188.1	553
NC_044691.1	553
NC_044692.1	553
NC_044693.1	553
NC_044694.1	553
NC_027441.1	553
NC_027442.1	553
NC_060684.1	553
NC_060687.1	553
NC_056190.1	553
NC_056913.1	553
NC_056915.1	553
NC_056916.1	553
NC_049897.1	553
NC_027450.1	553
NC_060696.1	553
NC_060699.1	553
NC_060700.1	553
NC_036829.1	553
NC_069833.1	553
NC_069834.1	553
NC_069840.1	553
NC_056926.1	553
NC_041470.1	553
NC_060703.1	553
NC_060707.1	553
NC_062699.1	553
NC_036830.1	553
NC_036835.1	553
NC_056936.1	553
NC_056937.1	553
NC_056938.1	553
NC_056939.1	553
NC_056941.1	553
NC_056942.1	553
NC_056944.1	553
NC_056945.1	553
NC_041626.1	553
NC_041670.1	553
NC_041431.1	553
NC_044718.1	553
NC_026986.1	553
NC_062714.1	553
NC_062718.1	553
NC_069841.1	553
NC_069842.1	553
NC_069843.1	553
NC_069844.1	553
NC_023115.1	553
NC_023086.1	553
NC_056946.1	553
NC_056947.1	553
NC_056951.1	553
NC_041461.1	553
NC_041606.1	553
NC_062719.1	553
NC_062720.1	553
NC_062722.1	553
NC_070033.1	553
NC_070438.1	553
NC_070192.1	553
NC_028588.1	553
NC_028589.1	553
NC_052014.1	553
NC_034299.1	553
NC_034705.1	553
NC_034706.1	553
NC_034707.1	553
NC_034708.1	553
NC_037214.1	553
NC_037215.1	553
NC_037216.1	553
NC_037217.1	553
NC_037411.1	553
NC_037412.1	553
NC_037414.1	553
NC_037415.1	553
NC_056965.1	553
NC_045125.1	553
NC_072514.1	553
NC_072570.1	553
NC_034326.1	553
NC_034327.1	553
NC_037242.1	553
NC_035226.1	553
NC_037419.1	553
NC_056967.1	553
NC_056976.1	553
NC_046464.1	553
NC_060732.1	553
NC_060733.1	553
NC_072643.1	553
NC_028614.1	553
NC_051894.1	553
NC_030167.1	553
NC_035233.1	553
NC_056977.1	553
NC_056978.1	553
NC_056979.1	553
NC_056980.1	553
NC_056981.1	553
NC_026546.1	553
NC_060749.1	553
NC_060750.1	553
NC_072512.1	553
NC_072513.1	553
NC_069859.1	553
NC_028618.1	553
NC_028591.1	553
NC_051952.1	553
NC_051876.1	553
NC_030185.1	553
NC_030784.1	553
NC_030786.1	553
NC_030789.1	553
NC_030775.1	553
NC_034358.1	553
NC_034359.1	553
NC_034361.1	553
NC_037455.1	553
NC_037456.1	553
NC_037457.1	553
NC_037458.1	553
NC_022715.2	553
NC_056989.1	553
NC_056993.1	553
NC_056995.1	553
NC_056996.1	553
NC_060751.1	553
NC_060752.1	553
NC_060755.1	553
NC_060756.1	553
NC_060757.1	553
NC_070024.1	553
NC_069851.1	553
NC_070411.1	553
NC_030193.1	553
NC_034362.1	553
NC_034365.1	553
NC_034366.1	553
NC_034368.1	553
NC_034369.1	553
NC_034370.1	553
NC_034371.1	553
NC_018541.1	553
NC_037461.1	553
NC_037462.1	553
NC_022460.1	553
NC_056999.1	553
NC_057000.1	553
NC_034634.1	553
NC_070320.1	553
NC_070309.1	553
NC_070313.1	553
NC_070042.1	553
NC_070081.1	553
NC_069949.1	553
NC_030180.1	553
NC_034357.1	553
NC_034364.1	553
NC_034363.1	553
NC_034367.1	553
NC_034360.1	553
NC_037475.1	553
NC_056826.1	553
NC_056829.1	553
NC_044118.1	553
NC_060777.1	553
NC_060778.1	553
NC_070394.1	553
NC_034774.1	553
NC_037477.1	553
NC_037492.1	553
NC_023084.1	553
NC_044637.1	553
NC_031370.1	553
NC_070227.1	553
NC_053891.1	553
NC_053896.1	553
NC_053897.1	553
NC_053899.1	553
NC_038209.1	553
NC_056244.1	553
NC_056245.1	553
NC_041634.1	553
NC_041637.1	553
NC_042275.1	553
NC_042276.1	553
NC_042277.1	553
NC_042278.1	553
NC_042279.1	553
NC_042281.1	553
NC_042282.1	553
NC_046392.1	553
NC_031434.1	553
NC_070228.1	553
NC_070229.1	553
NC_070230.1	553
NC_070233.1	553
NC_053902.1	553
NC_053907.1	553
NC_053909.1	553
NC_053910.1	553
NC_056254.1	553
NC_056255.1	553
NC_056256.1	553
NC_041648.1	553
NC_042283.1	553
NC_046396.1	553
NC_046452.1	553
NC_046456.1	553
NC_068699.1	553
NC_068700.1	553
NC_068701.1	553
NC_068702.1	553
NC_068703.1	553
NC_068704.1	553
NC_031436.1	553
NC_070237.1	553
NC_070238.1	553
NC_070239.1	553
NC_070244.1	553
NC_032296.1	553
NC_053911.1	553
NC_053912.1	553
NC_053913.1	553
NC_053914.1	553
NC_053915.1	553
NC_035723.1	553
NC_035724.1	553
NC_035727.1	553
NC_035729.1	553
NC_054305.1	553
NC_054193.1	553
NC_054217.1	553
NC_056267.1	553
NC_042265.1	553
NC_042280.1	553
NC_042193.1	553
NC_068711.1	553
NC_068712.1	553
NC_070245.1	553
NC_070250.1	553
NC_070252.1	553
NC_036979.1	553
NC_036984.1	553
NC_036985.1	553
NC_036986.1	553
NC_037022.1	553
NC_053928.1	553
NC_053931.1	553
NC_037358.1	553
NC_042262.1	553
NC_042228.1	553
NC_042284.1	553
NC_044183.1	553
NC_026565.1	553
NC_026567.1	553
NC_068721.1	553
NC_068722.1	553
NC_068724.1	553
NC_031437.1	553
NC_037023.1	553
NC_037040.1	553
NC_053932.1	553
NC_053938.1	553
NC_053940.1	553
NC_056286.1	553
NC_056289.1	553
NC_056292.1	553
NC_042153.1	553
NC_042201.1	553
NC_042269.1	553
NC_026981.1	553
NC_026982.1	553
NC_028533.1	553
NC_053944.1	553
NC_037400.1	553
NC_038229.1	553
NC_056295.1	553
NC_056300.1	553
NC_042270.1	553
NC_042271.1	553
NC_042272.1	553
NC_042273.1	553
NC_068751.1	553
NC_070274.1	553
NC_070275.1	553
NC_054239.1	553
NC_035704.1	553
NC_035681.1	553
NC_035693.1	553
NC_056311.1	553
NC_060792.1	553
NC_051954.1	553
NC_036141.1	553
NC_036142.1	553
NC_036014.1	553
NC_056314.1	553
NC_056316.1	553
NC_056317.1	553
NC_056320.1	553
NC_056322.1	553
NC_041612.1	553
NC_041614.1	553
NC_062793.1	553
NC_051966.1	553
NC_069856.1	553
NC_069857.1	553
NC_069858.1	553
NC_069860.1	553
NC_069861.1	553
NC_036154.1	553
NC_036017.1	553
NC_036021.1	553
NC_056328.1	553
NC_041616.1	553
NC_044106.1	553
NC_062799.1	553
NC_062802.1	553
NC_062804.1	553
NC_062805.1	553
NC_051971.1	553
NC_051972.1	553
NC_031376.1	553
NC_031383.1	553
NC_036140.1	553
NC_035678.1	553
NC_035975.1	553
NC_035974.1	553
NC_036009.1	553
NC_056337.1	553
NC_056338.1	553
NC_056339.1	553
NC_056340.1	553
NC_041617.1	553
NC_041618.1	553
NC_041619.1	553
NC_046394.1	553
NC_046453.1	553
NC_046449.1	553
NC_046574.1	553
NC_060800.1	553
NC_060805.1	553
NC_062812.1	553
NC_028517.1	553
NC_028519.1	553
NC_051987.1	553
NC_051991.1	553
NC_056346.1	553
NC_041620.1	553
NC_044123.1	553
NC_028520.1	553
NC_028523.1	553
NC_051992.1	553
NC_052006.1	553
NC_052007.1	553
NC_035686.1	553
NC_035687.1	553
NC_035688.1	553
NC_035689.1	553
NC_035690.1	553
NC_056357.1	553
NC_056361.1	553
NC_056362.1	553
NC_056363.1	553
NC_041623.1	553
NC_041624.1	553
NC_044126.1	553
NC_031414.1	553
NC_035691.1	553
NC_035692.1	553
NC_035694.1	553
NC_035696.1	553
NC_035697.1	553
NC_035698.1	553
NC_035699.1	553
NC_035700.1	553
NC_056372.1	553
NC_041625.1	553
NC_041627.1	553
NC_041628.1	553
NC_045087.1	553
NC_060829.1	553
NC_060830.1	553
NC_060832.1	553
NC_031428.1	553
NC_035701.1	553
NC_035702.1	553
NC_035705.1	553
NC_035706.1	553
NC_035708.2	553
NC_035709.1	553
NC_035711.1	553
NC_035712.1	553
NC_024170.1	553
NC_056387.1	553
NC_041629.1	553
NC_041630.1	553
NC_045063.1	553
NC_045048.1	553
NC_045061.1	553
NC_045104.1	553
NC_062858.1	553
NC_031433.1	553
NC_033516.1	553
NC_056390.1	553
NC_056393.1	553
NC_041631.1	553
NC_062862.1	553
NC_062864.1	553
NC_062868.1	553
NC_062869.1	553
NC_062870.1	553
NC_062871.1	553
NC_030299.1	553
NC_021102.1	553
NC_034840.1	553
NC_053703.1	553
NC_054265.1	553
NC_054301.1	553
NC_054307.1	553
NC_054335.1	553
NC_024067.1	553
NC_045233.1	553
NC_045234.1	553
NC_045235.1	553
NC_062872.1	553
NC_034639.1	553
NC_034640.1	553
NC_034641.1	553
NC_034644.1	553
NC_034645.1	553
NC_054364.1	553
NC_054233.1	553
NC_053736.1	553
NC_056319.1	553
NC_056313.1	553
NC_056935.1	553
NC_056954.1	553
NC_071797.1	553
NC_071803.1	553
NC_068781.1	553
NC_028429.1	553
NC_053850.1	553
NC_053720.1	553
NC_056298.1	553
NC_056266.1	553
NC_040178.1	553
NC_071815.1	553
NC_071846.1	553
NC_071868.1	553
NC_028415.1	553
NC_034662.1	553
NC_053602.1	553
NC_067734.1	553
NC_067735.1	553
NC_067736.1	553
NC_067737.1	553
NC_067738.1	553
NC_036260.1	553
NC_027954.2	553
NC_068799.1	553
NC_068800.1	553
NC_034950.1	553
NC_056382.1	553
NC_056081.1	553
NC_045271.1	553
NC_045273.1	553
NC_045275.1	553
NC_045276.1	553
NC_026291.1	553
NC_035703.1	553
NC_035707.1	553
NC_056929.1	553
NC_056930.1	553
NC_056932.1	553
NC_056933.1	553
NC_056934.1	553
NC_056983.1	553
NC_045280.1	553
NC_045281.1	553
NC_045284.1	553
NC_030539.1	553
NC_034716.1	553
NC_035695.1	553
NC_035710.1	553
NC_035719.1	553
NC_067740.1	553
NC_067741.1	553
NC_067742.1	553
NC_067743.1	553
NC_056986.1	553
NC_057003.1	553
NC_056931.1	553
NC_045295.1	553
NC_045296.1	553
NC_046884.1	553
NC_046883.1	553
NC_046809.1	553
NC_050935.1	553
NC_050812.1	553
NC_050937.1	553
NC_071849.1	553
NC_071782.1	553
NC_071837.1	553
NC_068832.1	553
NC_035970.1	553
NC_056276.1	553
NC_056803.1	553
NC_045298.1	553
NC_045299.1	553
NC_045300.1	553
NC_045301.1	553
NC_045302.1	553
NC_045304.1	553
NC_049110.1	553
NC_049112.1	553
NC_049113.1	553
NC_050903.1	553
NC_050832.1	553
NC_050926.1	553
NC_070276.1	553
NC_070277.1	553
NC_029950.1	553
NC_030064.1	553
NC_030171.1	553
NC_069648.1	553
NC_069649.1	553
NC_024543.1	553
NC_067547.1	553
NC_067548.1	553
NC_067549.1	553
NC_067550.1	553
NC_039974.2	553
NC_039975.1	553
NC_041593.1	553
NC_042444.1	553
NC_046874.1	553
NC_046875.1	553
NC_046876.1	553
NC_046882.1	553
NC_046885.1	553
NC_050920.1	553
NC_050922.1	553
NC_050923.1	553
NC_050924.1	553
NC_050925.1	553
NC_050952.1	553
NC_050975.1	553
NC_050802.1	553
NC_069583.1	553
NC_069574.1	553
NC_039989.1	553
NC_049129.1	553
NC_049132.1	553
NC_049133.1	553
NC_060840.1	553
NC_050929.1	553
NC_050941.1	553
NC_050810.1	553
NC_050817.1	553
NC_050877.1	553
NC_062962.1	553
NC_062814.1	553
NC_062865.1	553
NC_030770.1	553
NC_069598.1	553
NC_069564.1	553
NC_034931.1	553
NC_023463.1	553
NC_067568.1	553
NC_057049.1	553
NC_041538.1	553
NC_041580.1	553
NC_041588.1	553
NC_041596.1	553
NC_042384.1	553
NC_042428.1	553
NC_042388.1	553
NC_045219.1	553
NC_060845.1	553
NC_060846.1	553
NC_060847.1	553
NC_050943.1	553
NC_050945.1	553
NC_027739.1	553
NC_070304.1	553
NC_070305.1	553
NC_070306.1	553
NC_070307.1	553
NC_070308.1	553
NC_034934.1	553
NC_034935.1	553
NC_034936.1	553
NC_024560.1	553
NC_067585.1	553
NC_041609.1	553
NC_042451.1	553
NC_042460.1	553
NC_026197.1	553
NC_060853.1	553
NC_060854.1	553
NC_060855.1	553
NC_050953.1	553
NC_050954.1	553
NC_050955.1	553
NC_050957.1	553
NC_050967.1	553
NC_070310.1	553
NC_070311.1	553
NC_070312.1	553
NC_070314.1	553
NC_070315.1	553
NC_070316.1	553
NC_070317.1	553
NC_067592.1	553
NC_057067.1	553
NC_057075.1	553
NC_045183.1	553
NC_049157.1	553
NC_049158.1	553
NC_049160.1	553
NC_060861.1	553
NC_050970.1	553
NC_050971.1	553
NC_062874.1	553
NC_070322.1	553
NC_034951.1	553
NC_034952.1	553
NC_024541.1	553
NC_067604.1	553
NC_067609.1	553
NC_042597.1	553
NC_060863.1	553
NC_060864.1	553
NC_060865.1	553
NC_060866.1	553
NC_050984.1	553
NC_070330.1	553
NC_070331.1	553
NC_070332.1	553
NC_070334.1	553
NC_070339.1	553
NC_029951.1	553
NC_067612.1	553
NC_067613.1	553
NC_057087.1	553
NC_057090.1	553
NC_057096.1	553
NC_046936.1	553
NC_046937.1	553
NC_046947.1	553
NC_070341.1	553
NC_070342.1	553
NC_070343.1	553
NC_070345.1	553
NC_070347.1	553
NC_070348.1	553
NC_034909.1	553
NC_057105.1	553
NC_057106.1	553
NC_049037.1	553
NC_049038.1	553
NC_049043.1	553
NC_049664.1	553
NC_049665.1	553
NC_049666.1	553
NC_049667.1	553
NC_049668.1	553
NC_049670.1	553
NC_049672.1	553
NC_049673.1	553
NC_049863.1	553
NC_049867.1	553
NC_049869.1	553
NC_060335.1	553
NC_062873.1	553
NC_022378.1	553
NC_034287.1	553
NC_034286.1	553
NC_039834.1	553
NC_039837.1	553
NC_039853.1	553
NC_039954.1	553
NC_039955.1	553
NC_039956.1	553
NC_039958.1	553
NC_057129.1	553
NC_057130.1	553
NC_057131.1	553
NC_057132.1	553
NC_057134.1	553
NC_057135.1	553
NC_057136.1	553
NC_057137.1	553
NC_042377.1	553
NC_042399.1	553
NC_042463.1	553
NC_042449.1	553
NC_046938.1	553
NC_046939.1	553
NC_049045.1	553
NC_049046.1	553
NC_049047.1	553
NC_049048.1	553
NC_049049.1	553
NC_049051.1	553
NC_049052.1	553
NC_049054.1	553
NC_049674.1	553
NC_049675.1	553
NC_049676.1	553
NC_049677.1	553
NC_049678.1	553
NC_049680.1	553
NC_049682.1	553
NC_049683.1	553
NC_049870.1	553
NC_060706.1	553
NC_060371.1	553
NC_060478.1	553
NC_030719.1	553
NC_030720.1	553
NC_030722.1	553
NC_067397.1	553
NC_067942.1	553
NC_039959.1	553
NC_039960.1	553
NC_057139.1	553
NC_057140.1	553
NC_057141.1	553
NC_057148.1	553
NC_042454.1	553
NC_046822.1	553
NC_049055.1	553
NC_049057.1	553
NC_049058.1	553
NC_049062.1	553
NC_049684.1	553
NC_049685.1	553
NC_049686.1	553
NC_049687.1	553
NC_049574.1	553
NC_049679.1	553
NC_049636.1	553
NC_049671.1	553
NC_049879.1	553
NC_049884.1	553
NC_049885.1	553
NC_060440.1	553
NC_060862.1	553
NC_023544.1	553
NC_024060.1	553
NC_024061.1	553
NC_024062.1	553
NC_067946.1	553
NC_067947.1	553
NC_067948.1	553
NC_039395.1	553
NC_046827.1	553
NC_049601.1	553
NC_049614.1	553
NC_049577.1	553
NC_049654.1	553
NC_049615.1	553
NC_049669.1	553
NC_049681.1	553
NC_049651.1	553
NC_049886.1	553
NC_049887.1	553
NC_049889.1	553
NC_049891.1	553
NC_060382.1	553
NC_060363.1	553
NC_060616.1	553
NC_030721.1	553
NC_029370.1	553
NC_053312.1	553
NC_053330.1	553
NC_057163.1	553
NC_057165.1	553
NC_057166.1	553
NC_046835.1	553
NC_049080.1	553
NC_049082.1	553
NC_049083.1	553
NC_049576.1	553
NC_049590.1	553
NC_049597.1	553
NC_049622.1	553
NC_049630.1	553
NC_049641.1	553
NC_049656.1	553
NC_049898.1	553
NC_060559.1	553
NC_050873.1	553
NC_026787.1	553
NC_067975.1	553
NC_067977.1	553
NC_039414.1	553
NC_039416.1	553
NC_039417.1	553
NC_039418.1	553
NC_046838.1	553
NC_046842.1	553
NC_049084.1	553
NC_049086.1	553
NC_049090.1	553
NC_050878.1	553
NC_028170.1	553
NC_067978.1	553
NC_067979.1	553
NC_039424.1	553
NC_057183.1	553
NC_057184.1	553
NC_057185.1	553
NC_057186.1	553
NC_057189.1	553
NC_057191.1	553
NC_041587.1	553
NC_041530.1	553
NC_041613.1	553
NC_046846.1	553
NC_046847.1	553
NC_046848.1	553
NC_071195.1	553
NC_071196.1	553
NC_067990.1	553
NC_067993.1	553
NC_067996.1	553
NC_067997.1	553
NC_039433.1	553
NC_041621.1	553
NC_041474.1	553
NC_041475.1	553
NC_041476.1	553
NC_041477.1	553
NC_046855.1	553
NC_046857.1	553
NC_046858.1	553
NC_046859.1	553
NC_046860.1	553
NC_046862.1	553
NC_046863.1	553
NC_046864.1	553
NC_049107.1	553
NC_050895.1	553
NC_050896.1	553
NC_050897.1	553
NC_050899.1	553
NC_050900.1	553
NC_050901.1	553
NC_071198.1	553
NC_071199.1	553
NC_071202.1	553
NC_071205.1	553
NC_071206.1	553
NC_071207.1	553
NC_071208.1	553
NC_067999.1	553
NC_068000.1	553
NC_068001.1	553
NC_068002.1	553
NC_068003.1	553
NC_068005.1	553
NC_068008.1	553
NC_041541.1	553
NC_041592.1	553
NC_042408.1	553
NC_045193.1	553
NC_046865.1	553
NC_046866.1	553
NC_046868.1	553
NC_046869.1	553
NC_046871.1	553
NC_046872.1	553
NC_046873.1	553
NC_049583.1	553
NC_049584.1	553
NC_049585.1	553
NC_049586.1	553
NC_049587.1	553
NC_049588.1	553
NC_049591.1	553
NC_049592.1	553
NC_049593.1	553
NC_050782.1	553
NC_050783.1	553
NC_050784.1	553
NC_050785.1	553
NC_068837.1	553
NC_029970.1	553
NC_029972.1	553
NC_029973.1	553
NC_029974.1	553
NC_029966.1	553
NC_029937.1	553
NC_069556.1	553
NC_069560.1	553
NC_023260.1	553
NC_022406.1	553
NC_040160.1	553
NC_042400.1	553
NC_046739.1	553
NC_046742.1	553
NC_048981.1	553
NC_049594.1	553
NC_049595.1	553
NC_049596.1	553
NC_049598.1	553
NC_049599.1	553
NC_049600.1	553
NC_049602.1	553
NC_049603.1	553
NC_050786.1	553
NC_050789.1	553
NC_069567.1	553
NC_069568.1	553
NC_069569.1	553
NC_069570.1	553
NC_069571.1	553
NC_023090.1	553
NC_022926.1	553
NC_022927.1	553
NC_023261.1	553
NC_040170.1	553
NC_048985.1	553
NC_049604.1	553
NC_049605.1	553
NC_049606.1	553
NC_049607.1	553
NC_049608.1	553
NC_049609.1	553
NC_049610.1	553
NC_049611.1	553
NC_026786.1	553
NC_050790.1	553
NC_050791.1	553
NC_050792.1	553
NC_050793.1	553
NC_050794.1	553
NC_050796.1	553
NC_050797.1	553
NC_023358.1	553
NC_042424.1	553
NC_042425.1	553
NC_042426.1	553
NC_042427.1	553
NC_046755.1	553
NC_046758.1	553
NC_046761.1	553
NC_048997.1	553
NC_049000.1	553
NC_049612.1	553
NC_049613.1	553
NC_049616.1	553
NC_049617.1	553
NC_049618.1	553
NC_049619.1	553
NC_049621.1	553
NC_049623.1	553
NC_026444.1	553
NC_050798.1	553
NC_050799.1	553
NC_050801.1	553
NC_050804.1	553
NC_050805.1	553
NC_016727.1	553
NC_071161.1	553
NC_071162.1	553
NC_071164.1	553
NC_069592.1	553
NC_069595.1	553
NC_069596.1	553
NC_069597.1	553
NC_033343.1	553
NC_042446.1	553
NC_046770.1	553
NC_049005.1	553
NC_049008.1	553
NC_049624.1	553
NC_049625.1	553
NC_049626.1	553
NC_049627.1	553
NC_049628.1	553
NC_049629.1	553
NC_049631.1	553
NC_049633.1	553
NC_026445.1	553
NC_050806.1	553
NC_050807.1	553
NC_050808.1	553
NC_050809.1	553
NC_050811.1	553
NC_050813.1	553
NC_050814.1	553
NC_029960.1	553
NC_069600.1	553
NC_069602.1	553
NC_069603.1	553
NC_069604.1	553
NC_069605.1	553
NC_069607.1	553
NC_033345.1	553
NC_033346.1	553
NC_033350.1	553
NC_033354.1	553
NC_033355.1	553
NC_053554.1	553
NC_053565.1	553
NC_040113.1	553
NC_042447.1	553
NC_042448.1	553
NC_042450.1	553
NC_042452.1	553
NC_042453.1	553
NC_042455.1	553
NC_042456.1	553
NC_046777.1	553
NC_046781.1	553
NC_046782.1	553
NC_047178.1	553
NC_049009.1	553
NC_049010.1	553
NC_049014.1	553
NC_049017.1	553
NC_049634.1	553
NC_049635.1	553
NC_049637.1	553
NC_049638.1	553
NC_049639.1	553
NC_049640.1	553
NC_049642.1	553
NC_050815.1	553
NC_050816.1	553
NC_050818.1	553
NC_050819.1	553
NC_050820.1	553
NC_050821.1	553
NC_050822.1	553
NC_068894.1	553
NC_071759.1	553
NC_029971.1	553
NC_033357.1	553
NC_033357.1	553
NC_033359.1	553
NC_033359.1	553
NC_024063.1	553
NC_024064.1	553
NC_024065.1	553
NC_024066.1	553
NC_042457.1	553
NC_042458.1	553
NC_042459.1	553
NC_042461.1	553
NC_042462.1	553
NC_042464.1	553
NC_042465.1	553
NC_047315.1	553
NC_049018.1	553
NC_049020.1	553
NC_049022.1	553
NC_049023.1	553
NC_049024.1	553
NC_049644.1	553
NC_049645.1	553
NC_049646.1	553
NC_049647.1	553
NC_049648.1	553
NC_049649.1	553
NC_049650.1	553
NC_049652.1	553
NC_026446.1	553
NC_050824.1	553
NC_050825.1	553
NC_050826.1	553
NC_050827.1	553
NC_050828.1	553
NC_068899.1	553
NC_068900.1	553
NC_071770.1	553
NC_071165.1	553
NC_071167.1	553
NC_071168.1	553
NC_071169.1	553
NC_071170.1	553
NC_071171.1	553
NC_071172.1	553
NC_071173.1	553
NC_071174.1	553
NC_053618.1	553
NC_053619.1	553
NC_040121.1	553
NC_040223.1	553
NC_042466.1	553
NC_042467.1	553
NC_042468.1	553
NC_046796.1	553
NC_049025.1	553
NC_049026.1	553
NC_049653.1	553
NC_049655.1	553
NC_049657.1	553
NC_049658.1	553
NC_049659.1	553
NC_049660.1	553
NC_049661.1	553
NC_049662.1	553
NC_049663.1	553
NC_050834.1	553
NC_068908.1	553
NC_068748.1	553
NC_068818.1	553
NC_071772.1	553
NC_071773.1	553
NC_029808.1	553
NC_071176.1	553
NC_071177.1	553
NC_071181.1	553
NC_069634.1	553
NC_053721.1	553
NC_053722.1	553
NC_053723.1	553
NC_053724.1	553
NC_023360.1	553
NC_046891.1	553
NC_046892.1	553
NC_050660.1	553
NC_050666.1	553
NC_068661.1	553
NC_070326.1	553
NC_070327.1	553
NC_070328.1	553
NC_070329.1	553
NC_070355.1	553
NC_070357.1	553
NC_070358.1	553
NC_035536.1	553
NC_035538.1	553
NC_035539.1	553
NC_035540.1	553
NC_035541.1	553
NC_035542.1	553
NC_035543.1	553
NC_057220.1	553
NC_050678.1	553
NC_068723.1	553
NC_070169.1	553
NC_053719.1	553
NC_053576.1	553
NC_035544.1	553
NC_035545.1	553
NC_035548.1	553
NC_037517.1	553
NC_057226.1	553
NC_057227.1	553
NC_046018.1	553
NC_046687.1	553
NC_046692.1	553
NC_063083.1	553
NC_063087.1	553
NC_068780.1	553
NC_068801.1	553
NC_070335.1	553
NC_069921.1	553
NC_037459.1	553
NC_037422.1	553
NC_037410.1	553
NC_057235.1	553
NC_057237.1	553
NC_057238.1	553
NC_045182.1	553
NC_045184.1	553
NC_050246.1	553
NC_050645.1	553
NC_068705.1	553
NC_070364.1	553
NC_053849.1	553
NC_040122.1	553
NC_057245.1	553
NC_057254.1	553
NC_046699.1	553
NC_046702.1	553
NC_068653.1	553
NC_070036.1	553
NC_070100.1	553
NC_053784.1	553
NC_053830.1	553
NC_053818.1	553
NC_035566.1	553
NC_035569.1	553
NC_057255.1	553
NC_050741.1	553
NC_050744.1	553
NC_063110.1	553
NC_063113.1	553
NC_068656.1	553
NC_053866.1	553
NC_053933.1	553
NC_053839.1	553
NC_053582.1	553
NC_035570.1	553
NC_035574.1	553
NC_040141.1	553
NC_040143.1	553
NC_057271.1	553
NC_042372.1	553
NC_042373.1	553
NC_042374.1	553
NC_042375.1	553
NC_049569.1	553
NC_029947.1	553
NC_029948.1	553
NC_029949.1	553
NC_029952.1	553
NC_029953.1	553
NC_029954.1	553
NC_029955.1	553
NC_029956.1	553
NC_070132.1	553
NC_070129.1	553
NC_070098.1	553
NC_053590.1	553
NC_053577.1	553
NC_053708.1	553
NC_037506.1	553
NC_023247.1	553
NC_057283.1	553
NC_057284.1	553
NC_057286.1	553
NC_042376.1	553
NC_042385.1	553
NC_042386.1	553
NC_048952.1	553
NC_048953.1	553
NC_049575.1	553
NC_049578.1	553
NC_049579.1	553
NC_049580.1	553
NC_049581.1	553
NC_049582.1	553
NC_025333.1	553
NC_027099.1	553
NC_059918.1	553
NC_061708.1	553
NC_068715.1	553
NC_068716.1	553
NC_029957.1	553
NC_029958.1	553
NC_029959.1	553
NC_029961.1	553
NC_029963.1	553
NC_029965.1	553
NC_029967.1	553
NC_029968.1	553
NC_029969.1	553
NC_053924.1	553
NC_035589.1	553
NC_035590.1	553
NC_023256.1	553
NC_023259.1	553
NC_057287.1	553
NC_057288.1	553
NC_042387.1	553
NC_060442.1	553
NC_060462.1	553
NC_060782.1	553
NC_028272.1	553
NC_070418.1	553
NC_071209.1	553
NC_031201.1	553
NC_070388.1	553
NC_070389.1	553
NC_070393.1	553
NC_057308.1	553
NC_060347.1	553
NC_060449.1	553
NC_060702.1	553
NC_050823.1	553
NC_050803.1	553
NC_050902.1	553
NC_050948.1	553
NC_070046.1	553
NC_070391.1	553
NC_070171.1	553
NC_069832.1	553
NC_071223.1	553
NC_071227.1	553
NC_070395.1	553
NC_070398.1	553
NC_070399.1	553
NC_070400.1	553
NC_070401.1	553
NC_070402.1	553
NC_030550.1	553
NC_030561.1	553
NC_053344.1	553
NC_057309.1	553
NC_043798.1	553
NC_043824.1	553
NC_044808.1	553
NC_046017.1	553
NC_050787.1	553
NC_050919.1	553
NC_070344.1	553
NC_069947.1	553
NC_070251.1	553
NC_070356.1	553
NC_029334.1	553
NC_071231.1	553
NC_070403.1	553
NC_070406.1	553
NC_070410.1	553
NC_057133.1	553
NC_044082.1	553
NC_044117.1	553
NC_044844.1	553
NC_044627.1	553
NC_044628.1	553
NC_044630.1	553
NC_044631.1	553
NC_044632.1	553
NC_046038.1	553
NC_060338.1	553
NC_050991.1	553
NC_070032.1	553
NC_029336.1	553
NC_029337.1	553
NC_029339.1	553
NC_029431.1	553
NC_071248.1	553
NC_071249.1	553
NC_070412.1	553
NC_070413.1	553
NC_070414.1	553
NC_070415.1	553
NC_070416.1	553
NC_070417.1	553
NC_070419.1	553
NC_020019.1	553
NC_057246.1	553
NC_057257.1	553
NC_057196.1	553
NC_043924.1	553
NC_044634.1	553
NC_044645.1	553
NC_060471.1	553
NC_060547.1	553
NC_070117.1	553
NC_070140.1	553
NC_029432.1	553
NC_029433.1	553
NC_029434.1	553
NC_029454.1	553
NC_070420.1	553
NC_070421.1	553
NC_070422.1	553
NC_070423.1	553
NC_070424.1	553
NC_057128.1	553
NC_057190.1	553
NC_057118.1	553
NC_057094.1	553
NC_042369.1	553
NC_046061.1	553
NC_046062.1	553
NC_046063.1	553
NC_046064.1	553
NC_060793.1	553
NC_060352.1	553
NC_070226.1	553
NC_071201.1	553
NC_071178.1	553
NC_031155.1	553
NC_070425.1	553
NC_038057.1	553
NC_044798.1	553
NC_044799.1	553
NC_044800.1	553
NC_046065.1	553
NC_046015.1	553
NC_069848.1	553
NC_069849.1	553
NC_069850.1	553
NC_069852.1	553
NC_069855.1	553
NC_030260.1	553
NC_071166.1	553
NC_071203.1	553
NC_071163.1	553
NC_071179.1	553
NC_070435.1	553
NC_053376.1	553
NC_023956.1	553
NC_063266.1	553
NC_038062.1	553
NC_056982.1	553
NC_044801.1	553
NC_044802.1	553
NC_044803.1	553
NC_044804.1	553
NC_046040.1	553
NC_050654.1	553
NC_050655.1	553
NC_050656.1	553
NC_050657.1	553
NC_050658.1	553
NC_070058.1	553
NC_070061.1	553
NC_030282.1	553
NC_071250.1	553
NC_071254.1	553
NC_071180.1	553
NC_071200.1	553
NC_021936.1	553
NC_056994.1	553
NC_056831.1	553
NC_057144.1	553
NC_057076.1	553
NC_048889.1	553
NC_027262.1	553
NC_061904.1	553
NC_061905.1	553
NC_061906.1	553
NC_061909.1	553
NC_031153.1	553
NC_067634.1	553
NC_067640.1	553
NC_044834.1	553
NC_027282.1	553
NC_061911.1	553
NC_061916.1	553
NC_063094.1	553
NC_068875.1	553
NC_068706.1	553
NC_068713.1	553
NC_029485.1	553
NC_031163.1	553
NC_032038.1	553
NC_026202.1	553
NC_026551.1	553
NC_067642.1	553
NC_067644.1	553
NC_044862.1	553
NC_025906.1	553
NC_068906.1	553
NC_070318.1	553
NC_070319.1	553
NC_070323.1	553
NC_070324.1	553
NC_070325.1	553
NC_035303.1	553
NC_038193.1	553
NC_067652.1	553
NC_068785.1	553
NC_050847.1	553
NC_050848.1	553
NC_050872.1	553
NC_050898.1	553
NC_022463.1	553
NC_067663.1	553
NC_067664.1	553
NC_067665.1	553
NC_039924.1	553
NC_057499.1	553
NC_043902.1	553
NC_043952.1	553
NC_059904.1	553
NC_059947.1	553
NC_068637.1	553
NC_068895.1	553
NC_068628.1	553
NC_068629.1	553
NC_050795.1	553
NC_031193.1	553
NC_031194.1	553
NC_031195.1	553
NC_036136.1	553
NC_067674.1	553
NC_067676.1	553
NC_067677.1	553
NC_043876.1	553
NC_044895.1	553
NC_059812.1	553
NC_068635.1	553
NC_068636.1	553
NC_050931.1	553
NC_050934.1	553
NC_029484.1	553
NC_031196.1	553
NC_031198.1	553
NC_031200.1	553
NC_031202.1	553
NC_031203.1	553
NC_031204.1	553
NC_031205.1	553
NC_031206.1	553
NC_028590.1	553
NC_067685.1	553
NC_067686.1	553
NC_067687.1	553
NC_067688.1	553
NC_067689.1	553
NC_067690.1	553
NC_050936.1	553
NC_050958.1	553
NC_050959.1	553
NC_029391.1	553
NC_022810.1	553
NC_022811.1	553
NC_022812.1	553
NC_067755.1	553
NC_067756.1	553
NC_039953.1	553
NC_039961.1	553
NC_068762.1	553
NC_050966.1	553
NC_050999.1	553
NC_051000.1	553
NC_029378.1	553
NC_029379.1	553
NC_031199.1	553
NC_070340.1	553
NC_070124.1	553
NC_069839.1	553
NC_029964.1	553
NC_022813.1	553
NC_067707.1	553
NC_067708.1	553
NC_036501.1	553
NC_036503.1	553
NC_036505.1	553
NC_036506.1	553
NC_036509.1	553
NC_027226.1	553
NC_027838.1	553
NC_057228.1	553
NC_057098.1	553
NC_057138.1	553
NC_044767.1	553
NC_061933.1	553
NC_061934.1	553
NC_056992.1	553
NC_041258.1	553
NC_044779.1	553
NC_044780.1	553
NC_049019.1	553
NC_027250.1	553
NC_059953.1	553
NC_061935.1	553
NC_061941.1	553
NC_061943.1	553
NC_061944.1	553
NC_029392.1	553
NC_029393.1	553
NC_029394.1	553
NC_029770.1	553
NC_007500.1	553
NC_036102.1	553
NC_036105.1	553
NC_057188.1	553
NC_057311.1	553
NC_041267.1	553
NC_027259.1	553
NC_061945.1	553
NC_061946.1	553
NC_061948.1	553
NC_061954.1	553
NC_036110.1	553
NC_036111.1	553
NC_044806.1	553
NC_044807.1	553
NC_044809.1	553
NC_044810.1	553
NC_044811.1	553
NC_044812.1	553
NC_044813.1	553
NC_044814.1	553
NC_045850.1	553
NC_027272.1	553
NC_061956.1	553
NC_061957.1	553
NC_061960.1	553
NC_061962.1	553
NC_039752.1	553
NC_039762.1	553
NC_039855.1	553
NC_057086.1	553
NC_057091.1	553
NC_057149.1	553
NC_057465.1	553
NC_057466.1	553
NC_044815.1	553
NC_044817.1	553
NC_044818.1	553
NC_044819.1	553
NC_044820.1	553
NC_044825.1	553
NC_045861.1	553
NC_027276.1	553
NC_029429.1	553
NC_036133.1	553
NC_036135.1	553
NC_039800.1	553
NC_057253.1	553
NC_057307.1	553
NC_057310.1	553
NC_056943.1	553
NC_057533.1	553
NC_057644.1	553
NC_044828.1	553
NC_044829.1	553
NC_044830.1	553
NC_044831.1	553
NC_044832.1	553
NC_044833.1	553
NC_045878.1	553
NC_045879.1	553
NC_045915.1	553
NC_061982.1	553
NC_061983.1	553
NC_070038.1	553
NC_070039.1	553
NC_070040.1	553
NC_070041.1	553
NC_070043.1	553
NC_032054.1	553
NC_036069.1	553
NC_039793.1	553
NC_057050.1	553
NC_057051.1	553
NC_057062.1	553
NC_057063.1	553
NC_057663.1	553
NC_058532.1	553
NC_058533.1	553
NC_058534.1	553
NC_044837.1	553
NC_044838.1	553
NC_044841.1	553
NC_044842.1	553
NC_044843.1	553
NC_044845.1	553
NC_024469.1	553
NC_027224.1	553
NC_061984.1	553
NC_061986.1	553
NC_061987.1	553
NC_029459.1	553
NC_029460.1	553
NC_032060.1	553
NC_039791.1	553
NC_039795.1	553
NC_057065.1	553
NC_057066.1	553
NC_057262.1	553
NC_057263.1	553
NC_057264.1	553
NC_041255.1	553
NC_057677.1	553
NC_057678.1	553
NC_057679.1	553
NC_058536.1	553
NC_058537.1	553
NC_058538.1	553
NC_044846.1	553
NC_044847.1	553
NC_044805.1	553
NC_044835.1	553
NC_044836.1	553
NC_044797.1	553
NC_008407.1	553
NC_015623.1	553
NC_015983.1	553
NC_015996.1	553
NC_008325.1	553
NC_016068.1	553
NC_015604.1	553
NC_015605.1	553
NC_015608.1	553
NC_015139.1	553
NC_015083.1	553
NC_016430.1	553
NC_015894.1	553
NC_015899.1	553
NC_010433.1	553
NC_009265.1	553
NC_009268.1	553
NC_008796.1	553
NC_009270.1	553
NC_009808.1	553
NC_010093.1	553
NC_010109.1	553
NC_009269.1	553
NC_009273.1	553
NC_009275.1	553
NC_009266.1	553
NC_009271.1	553
NC_009272.1	553
NC_009274.1	553
NC_010358.2	553
NC_016730.1	553
NC_015206.1	553
NC_016729.1	553
NC_016734.1	553
NC_016736.1	553
NC_008336.1	553
NC_014569.1	553
NC_016753.1	553
NC_010361.1	553
NC_013707.2	553
NC_014570.1	553
NC_007407.1	553
NC_009766.1	553
NC_009143.1	553
NC_015401.1	553
NC_010362.1	553
NC_009963.1	553
NC_014676.2	553
NC_014697.1	553
NC_020098.1	553
NC_012224.1	553
NC_007943.1	553
NC_008359.1	553
NC_008115.1	553
NC_007144.1	553
NC_007957.1	553
NC_015113.1	553
NC_022432.1	553
NC_015308.1	553
NC_016433.2	553
NC_012615.1	553
NC_016921.1	553
NC_009267.1	553
NC_025339.1	553
NC_010442.1	553
NC_010360.2	553
NC_000932.1	553
NC_008326.1	553
NC_017602.1	553
NC_013823.1	553
NC_015891.1	553
NC_014807.1	553
NC_031159.1	553
NC_009598.1	553
NC_002202.1	553
NC_008335.1	553
NC_001879.2	553
NC_007602.1	553
NC_004561.1	553
NC_010323.1	553
NC_045320.1	553
NC_024261.1	553
NC_007898.3	553
NC_023357.1	553
NC_023367.1	553
NC_023798.1	553
NC_024258.1	553
NC_025288.1	553
NC_026447.1	553
NC_026562.1	553
NC_026677.1	553
NC_026679.1	553
NC_026685.1	553
NC_026703.1	553
NC_026980.1	553
NC_027110.1	553
NC_027834.1	553
NC_028704.1	553
NC_029243.1	553
NC_029850.1	553
NC_030207.1	553
NC_030787.1	553
NC_033975.1	553
NC_034347.1	553
NC_034742.1	553
NC_034694.1	553
NC_034949.1	553
NC_035240.1	553
NC_035501.1	553
NC_035742.1	553
NC_035952.1	553
NC_035961.1	553
NC_037151.1	553
NC_038088.1	553
NC_039452.1	553
NC_039426.1	553
NC_039608.1	553
NC_039645.1	553
NC_039606.1	553
NC_039844.1	553
NC_040125.1	553
NC_041171.1	553
NC_041087.1	553
NC_041266.1	553
NC_041297.1	553
NC_041605.1	553
NC_042192.1	553
NC_042821.1	553
NC_043901.1	553
NC_044094.1	553
NC_044701.1	553
NC_045111.1	553
NC_045390.1	553
NC_045389.1	553
NC_045331.1	553
NC_045336.1	553
NC_046879.1	553
NC_047282.1	553
NC_047442.1	553
NC_048474.1	553
NC_050296.1	553
NC_050292.1	553
NC_053549.1	553
NC_058807.1	553
NC_058806.1	553
NC_062414.1	553
NC_073004.1	553
NC_069316.1	553
NC_072912.1	553
NC_072918.1	553
NC_072920.1	553
NC_072922.1	553
NC_072999.1	553
NC_073016.1	553
NC_069180.1	553
NC_069225.1	553
NC_072913.1	553
NC_073021.1	553
NC_073000.1	553
NC_072921.1	553
NC_072915.1	553
NC_072959.1	553
NC_072972.1	553
NC_072960.1	553
NC_072945.1	553
NC_069295.1	553
NC_072914.1	553
NC_072917.1	553
NC_072938.1	553
NC_072939.1	553
NC_073005.1	553
NC_069224.1	553
NC_072968.1	553
NC_072941.1	553
NC_069360.1	553
NC_069349.1	553
NC_072911.1	553
NC_069298.1	553
NC_069358.1	553
NC_069299.1	553
NC_069359.1	553
NC_069357.1	553
NC_069350.1	553
NC_072931.1	553
NC_069227.1	553
NC_069345.1	553
NC_069341.1	553
NC_069340.1	553
NC_069352.1	553
NC_072979.1	553
NC_072916.1	553
NC_072937.1	553
NC_073015.1	553
NC_069183.1	553
NC_069339.1	553
NC_069353.1	553
NC_069343.1	553
NC_069184.1	553
NC_072949.1	553
NC_072946.1	553
NC_072947.1	553
NC_072948.1	553
NC_072950.1	553
NC_072919.1	553
NC_069344.1	553
NC_069348.1	553
NC_069354.1	553
NC_069355.1	553
NC_069356.1	553
NC_072967.1	553
NC_069182.1	553
NC_069181.1	553
NC_069342.1	553
NC_069346.1	553
NC_069338.1	553
NC_069351.1	553
NC_069347.1	553
NC_069179.1	553
NC_072908.1	553
NC_072987.1	553
NC_069309.1	553
NC_069310.1	553
NC_072976.1	553
NC_072935.1	553
NC_073120.1	553
NC_073099.1	553
NC_073110.1	553
NC_073119.1	553
NC_073098.1	553
NC_040943.1	553
NC_073097.1	553
NC_073113.1	553
NC_073118.1	553
NC_073149.1	553
NC_073117.1	553
NC_073100.1	553
NC_073121.1	553
NC_073102.1	553
NC_073112.1	553
NC_073103.1	553
NC_073106.1	553
NC_073104.1	553
NC_073122.1	553
NC_073123.1	553
NC_073126.1	553
NC_065282.1	553
NC_064346.1	553
NC_064948.1	553
NC_065200.1	553
NC_061549.1	553
NC_062299.1	553
NC_066011.1	553
NC_063831.1	553
NC_065131.1	553
NC_021425.1	553
NC_066083.1	553
NC_066018.1	553
NC_066966.1	553
NC_065472.1	553
NC_065473.1	553
NC_065013.1	553
NC_063623.1	553
NC_063474.1	553
NC_066035.1	553
NC_065359.1	553
NC_065148.1	553
NC_062346.1	553
NC_062432.1	553
NC_062344.1	553
NC_062332.1	553
NC_063788.1	553
NC_066446.1	553
NC_065199.1	553
NC_066115.1	553
NC_066033.1	553
NC_066799.1	553
NC_066019.1	553
NC_066013.1	553
NC_062424.1	553
NC_064998.1	553
NC_065736.1	553
NC_061748.1	553
NC_066960.1	553
NC_063903.1	553
NC_066034.1	553
NC_065833.1	553
NC_065764.1	553
NC_065246.1	553
NC_065665.1	553
NC_065400.1	553
NC_065057.1	553
NC_066021.1	553
NC_065240.1	553
NC_062416.1	553
NC_063553.1	553
NC_067018.1	553
NC_066699.1	553
NC_063957.1	553
NC_062884.1	553
NC_062593.1	553
NC_062585.1	553
NC_066229.1	553
NC_065064.1	553
NC_062417.1	553
NC_062358.1	553
NC_062717.1	553
NC_065381.1	553
NC_064016.1	553
NC_062635.1	553
NC_065867.1	553
NC_063713.1	553
NC_064360.1	553
NC_064147.1	553
NC_062580.1	553
NC_062378.1	553
NC_061620.1	553
NC_065470.1	553
NC_066053.1	553
NC_061550.1	553
NC_066418.1	553
NC_065353.1	553
NC_065354.1	553
NC_062837.1	553
NC_064364.1	553
NC_065841.1	553
NC_062349.1	553
NC_062350.1	553
NC_065128.1	553
NC_063737.1	553
NC_064374.1	553
NC_062693.1	553
NC_062469.1	553
NC_062486.1	553
NC_062476.1	553
NC_066191.1	553
NC_065000.1	553
NC_064728.1	553
NC_065477.1	553
NC_066006.1	553
NC_065063.1	553
NC_065857.1	553
NC_065859.1	553
NC_065858.1	553
NC_063647.1	553
NC_066667.1	553
NC_061761.1	553
NC_066421.1	553
NC_062415.1	553
NC_063665.1	553
NC_063646.1	553
NC_066420.1	553
NC_064105.1	553
NC_063519.1	553
NC_066002.1	553
NC_062348.1	553
NC_066004.1	553
NC_063109.1	553
NC_062597.1	553
NC_065306.1	553
NC_061603.1	553
NC_061599.1	553
NC_067089.1	553
NC_067090.1	553
NC_067088.1	553
NC_067091.1	553
NC_061602.1	553
NC_061725.1	553
NC_061724.1	553
NC_064073.1	553
NC_067079.1	553
NC_064148.1	553
NC_061728.1	553
NC_061733.1	553
NC_065123.1	553
NC_065126.1	553
NC_065201.1	553
NC_062667.1	553
NC_066008.1	553
NC_061721.1	553
NC_061723.1	553
NC_064349.1	553
NC_062813.1	553
NC_066182.1	553
NC_064345.1	553
NC_066445.1	553
NC_063579.1	553
NC_062803.1	553
NC_063658.1	553
NC_065245.1	553
NC_065062.1	553
NC_065276.1	553
NC_061696.1	553
NC_065465.1	553
NC_065387.1	553
NC_061717.1	553
NC_061712.1	553
NC_064366.1	553
NC_065149.1	553
NC_065203.1	553
NC_066442.1	553
NC_065734.1	553
NC_062343.1	553
NC_062338.1	553
NC_062882.1	553
NC_066022.1	553
NC_064745.1	553
NC_064747.1	553
NC_064941.1	553
NC_066228.1	553
NC_063470.1	553
NC_062798.1	553
NC_065037.1	553
NC_063747.1	553
NC_063575.1	553
NC_065789.1	553
NC_062808.1	553
NC_065394.1	553
NC_064992.1	553
NC_064127.1	553
NC_061622.1	553
NC_061624.1	553
NC_061619.1	553
NC_066183.1	553
NC_062602.1	553
NC_062863.1	553
NC_062867.1	553
NC_062508.1	553
NC_062509.1	553
NC_062428.1	553
NC_062470.1	553
NC_065651.1	553
NC_064999.1	553
NC_065271.1	553
NC_062451.1	553
NC_062828.1	553
NC_066811.1	553
NC_062829.1	553
NC_062831.1	553
NC_065763.1	553
NC_066027.1	553
NC_065468.1	553
NC_065210.1	553
NC_062941.1	553
NC_062826.1	553
NC_062823.1	553
NC_065044.1	553
NC_065046.1	553
NC_062599.1	553
NC_066030.1	553
NC_065010.1	553
NC_065241.1	553
NC_064741.1	553
NC_065735.1	553
NC_066492.1	553
NC_063627.1	553
NC_065268.1	553
NC_065270.1	553
NC_065286.1	553
NC_065280.1	553
NC_063559.1	553
NC_065295.1	553
NC_064394.1	553
NC_061660.1	553
NC_066644.1	553
NC_062418.1	553
NC_064355.1	553
NC_063746.1	553
NC_063838.1	553
NC_063840.1	553
NC_064348.1	553
NC_063626.1	553
NC_065808.1	553
NC_061607.1	553
NC_050996.1	553
NC_062795.1	553
NC_066798.1	553
NC_065316.1	553
NC_065864.1	553
NC_066187.1	553
NC_066189.1	553
NC_066192.1	553
NC_066194.1	553
NC_066195.1	553
NC_066801.1	553
NC_064128.1	553
NC_064406.1	553
NC_066443.1	553
NC_065002.1	553
NC_065007.1	553
NC_062516.1	553
NC_062723.1	553
NC_062721.1	553
NC_066975.1	553
NC_066032.1	553
NC_066131.1	553
NC_063520.1	553
NC_062807.1	553
NC_062806.1	553
NC_064988.1	553
NC_066656.1	553
NC_062337.1	553
NC_062347.1	553
NC_062359.1	553
NC_063630.1	553
NC_062811.1	553
NC_063677.1	553
NC_065042.1	553
NC_062506.1	553
NC_065006.1	553
NC_062363.1	553
NC_062367.1	553
NC_062827.1	553
NC_067082.1	553
NC_065059.1	553
NC_064013.1	553
NC_064015.1	553
NC_064088.1	553
NC_064096.1	553
NC_064097.1	553
NC_064098.1	553
NC_064099.1	553
NC_064081.1	553
NC_064102.1	553
NC_064094.1	553
NC_064077.1	553
NC_062364.1	553
NC_062368.1	553
NC_063633.1	553
NC_066959.1	553
NC_062497.1	553
NC_062500.1	553
NC_062501.1	553
NC_062427.1	553
NC_061719.1	553
NC_065001.1	553
NC_061651.1	553
NC_064053.1	553
NC_062308.1	553
NC_061726.1	553
NC_061710.1	553
NC_061755.1	553
NC_061729.1	553
NC_061713.1	553
NC_061711.1	553
NC_062306.1	553
NC_063552.1	553
NC_063551.1	553
NC_066804.1	553
NC_062357.1	553
NC_065205.1	553
NC_063837.1	553
NC_066026.1	553
NC_065386.1	553
NC_063645.1	553
NC_062310.1	553
NC_066401.1	553
NC_061625.1	553
NC_061623.1	553
NC_065730.1	553
NC_064050.1	553
NC_062492.1	553
NC_061689.1	553
NC_062487.1	553
NC_066481.1	553
NC_066121.1	553
NC_064734.1	553
NC_061714.1	553
NC_065485.1	553
NC_066702.1	553
NC_062512.1	553
NC_062370.1	553
NC_062366.1	553
NC_063911.1	553
NC_065990.1	553
NC_065471.1	553
NC_065349.1	553
NC_067035.1	553
NC_063928.1	553
NC_065243.1	553
NC_063679.1	553
NC_065336.1	553
NC_066417.1	553
NC_064101.1	553
NC_065384.1	553
NC_063823.1	553
NC_065198.1	553
NC_062372.1	553
NC_066692.1	553
NC_062334.1	553
NC_067063.1	553
NC_063528.1	553
NC_064969.1	553
NC_064748.1	553
NC_064958.1	553
NC_066691.1	553
NC_063558.1	553
NC_066703.1	553
NC_063634.1	553
NC_064373.1	553
NC_062365.1	553
NC_064353.1	553
NC_064352.1	553
NC_065483.1	553
NC_063845.1	553
NC_063843.1	553
NC_066689.1	553
NC_064106.1	553
NC_067032.1	553
NC_062345.1	553
NC_063972.1	553
NC_066995.1	553
NC_067081.1	553
NC_067087.1	553
NC_062835.1	553
NC_062836.1	553
NC_063549.1	553
NC_064953.1	553
NC_066658.1	553
NC_065391.1	553
NC_065868.1	553
NC_066809.1	553
NC_065666.1	553
NC_065751.1	553
NC_066009.1	553
NC_065733.1	553
NC_065357.1	553
NC_066669.1	553
NC_060754.1	553
NC_065694.1	553
NC_066497.1	553
NC_066499.1	553
NC_064052.1	553
NC_061740.1	553
NC_065866.1	553
NC_066134.1	553
NC_065003.1	553
NC_065204.1	553
NC_064996.1	553
NC_063912.1	553
NC_061561.1	553
NC_066964.1	553
NC_064739.1	553
NC_065505.1	553
NC_065652.1	553
NC_065655.1	553
NC_065152.1	553
NC_065151.1	553
NC_065208.1	553
NC_065209.1	553
NC_064940.1	553
NC_060336.1	553
NC_060455.1	553
NC_066130.1	553
NC_064961.1	553
NC_061709.1	553
NC_062797.1	553
NC_062800.1	553
NC_062340.1	553
NC_063569.1	553
NC_062342.1	553
NC_063697.1	553
NC_063829.1	553
NC_065486.1	553
NC_065360.1	553
NC_063577.1	553
NC_062461.1	553
NC_063636.1	553
NC_063637.1	553
NC_062485.1	553
NC_065293.1	553
NC_062866.1	553
NC_062507.1	553
NC_062426.1	553
NC_062484.1	553
NC_062467.1	553
NC_065250.1	553
NC_066718.1	553
NC_065266.1	553
NC_065269.1	553
NC_065281.1	553
NC_065248.1	553
NC_065285.1	553
NC_065288.1	553
NC_065289.1	553
NC_065153.1	553
NC_062510.1	553
NC_062483.1	553
NC_062504.1	553
NC_062511.1	553
NC_062502.1	553
NC_065729.1	553
NC_062458.1	553
NC_065047.1	553
NC_065043.1	553
NC_061735.1	553
NC_061694.1	553
NC_065009.1	553
NC_061715.1	553
NC_063740.1	553
NC_063839.1	553
NC_066672.1	553
NC_066411.1	553
NC_061695.1	553
NC_066413.1	553
NC_065261.1	553
NC_062311.1	553
NC_065716.1	553
NC_065718.1	553
NC_065699.1	553
NC_065698.1	553
NC_061730.1	553
NC_061736.1	553
NC_061732.1	553
NC_065853.1	553
NC_066012.1	553
NC_066500.1	553
NC_065503.1	553
NC_065278.1	553
NC_065832.1	553
NC_065275.1	553
NC_065129.1	553
NC_062333.1	553
NC_061731.1	553
NC_061727.1	553
NC_065840.1	553
NC_065008.1	553
NC_063687.1	553
NC_064367.1	553
NC_065257.1	553
NC_066415.1	553
NC_066719.1	553
NC_064735.1	553
NC_067000.1	553
NC_065356.1	553
NC_066653.1	553
NC_061722.1	553
NC_061720.1	553
NC_063509.1	553
NC_061734.1	553
NC_063742.1	553
NC_065352.1	553
NC_066496.1	553
NC_065390.1	553
NC_061718.1	553
NC_061716.1	553
NC_065206.1	553
NC_063590.1	553
NC_064957.1	553
NC_064740.1	553
NC_064737.1	553
NC_064742.1	553
NC_065290.1	553
NC_066896.1	553
NC_063958.1	553
NC_063959.1	553
NC_062419.1	553
NC_061608.1	553
NC_062429.1	553
NC_062312.1	553
NC_064738.1	553
NC_064743.1	553
NC_064934.1	553
NC_064935.1	553
NC_062323.1	553
NC_062322.1	553
NC_064938.1	553
NC_064939.1	553
NC_064942.1	553
NC_064944.1	553
NC_064945.1	553
NC_064946.1	553
NC_064950.1	553
NC_063512.1	553
NC_064990.1	553
NC_063833.1	553
NC_064951.1	553
NC_064952.1	553
NC_064955.1	553
NC_062489.1	553
NC_062494.1	553
NC_062474.1	553
NC_065854.1	553
NC_065856.1	553
NC_062318.1	553
NC_064947.1	553
NC_065040.1	553
NC_064746.1	553
NC_064356.1	553
NC_063902.1	553
NC_063904.1	553
NC_065137.1	553
NC_065855.1	553
NC_064142.1	553
NC_061691.1	553
NC_064687.1	553
NC_063508.1	553
NC_066128.1	553
NC_063834.1	553
NC_065871.1	553
NC_064744.1	553
NC_064936.1	553
NC_065132.1	553
NC_065122.1	553
NC_062462.1	553
NC_065110.1	553
NC_065351.1	553
NC_062307.1	553
NC_062369.1	553
NC_065740.1	553
NC_065347.1	553
NC_066414.1	553
NC_066423.1	553
NC_066422.1	553
NC_064108.1	553
NC_066412.1	553
NC_066119.1	553
NC_065015.1	553
NC_066133.1	553
NC_062321.1	553
NC_062317.1	553
NC_061673.1	553
NC_061672.1	553
NC_064736.1	553
NC_065041.1	553
NC_065045.1	553
NC_062515.1	553
NC_062480.1	553
NC_062481.1	553
NC_062472.1	553
NC_065983.1	553
NC_065984.1	553
NC_065244.1	553
NC_066193.1	553
NC_065058.1	553
NC_062490.1	553
NC_065672.1	553
NC_062341.1	553
NC_066491.1	553
NC_063572.1	553
NC_065273.1	553
NC_066120.1	553
NC_064949.1	553
NC_064956.1	553
NC_065251.1	553
NC_065267.1	553
NC_065277.1	553
NC_065249.1	553
NC_065296.1	553
NC_066188.1	553
NC_061600.1	553
NC_067092.1	553
NC_066416.1	553
NC_066424.1	553
NC_065738.1	553
NC_065741.1	553
NC_065742.1	553
NC_065743.1	553
NC_064103.1	553
NC_065737.1	553
NC_065739.1	553
NC_065345.1	553
NC_065265.1	553
NC_065146.1	553
NC_065393.1	553
NC_061557.1	553
NC_061558.1	553
NC_061559.1	553
NC_065670.1	553
NC_064393.1	553
NC_061671.1	553
NC_066093.1	553
NC_061676.1	553
NC_061677.1	553
NC_061674.1	553
NC_061678.1	553
NC_066136.1	553
NC_066135.1	553
NC_065350.1	553
NC_065348.1	553
NC_065207.1	553
NC_066103.1	553
NC_062465.1	553
NC_064358.1	553
NC_066419.1	553
NC_066961.1	553
NC_063594.1	553
NC_066109.1	553
NC_066112.1	553
NC_066111.1	553
NC_065358.1	553
NC_064054.1	553
NC_064051.1	553
NC_065154.1	553
NC_066117.1	553
NC_064389.1	553
NC_061751.1	553
NC_066498.1	553
NC_064749.1	553
NC_064750.1	553
NC_062324.1	553
NC_062315.1	553
NC_062314.1	553
NC_062313.1	553
NC_062305.1	553
NC_064954.1	553
NC_061675.1	553
NC_067085.1	553
NC_067086.1	553
NC_067016.1	553
NC_065242.1	553
NC_063842.1	553
NC_063844.1	553
NC_065482.1	553
NC_065484.1	553
NC_065501.1	553
NC_065014.1	553
NC_063624.1	553
NC_066430.1	553
NC_064932.1	553
NC_066096.1	553
NC_066700.1	553
NC_066016.1	553
NC_062411.1	553
NC_066098.1	553
NC_066099.1	553
NC_062503.1	553
NC_062478.1	553
NC_062468.1	553
NC_066812.1	553
NC_066701.1	553
NC_065654.1	553
NC_062335.1	553
NC_061686.1	553
NC_061684.1	553
NC_064347.1	553
NC_064351.1	553
NC_066106.1	553
NC_063835.1	553
NC_062410.1	553
NC_064107.1	553
NC_064350.1	553
NC_066186.1	553
NC_063913.1	553
NC_065369.1	553
NC_065272.1	553
NC_065264.1	553
NC_065274.1	553
NC_065279.1	553
NC_065283.1	553
NC_065284.1	553
NC_065287.1	553
NC_065291.1	553
NC_065292.1	553
NC_065294.1	553
NC_063595.1	553
NC_066695.1	553
NC_066124.1	553
NC_064943.1	553
NC_064937.1	553
NC_066501.1	553
NC_062517.1	553
NC_062421.1	553
NC_062479.1	553
NC_062514.1	553
NC_062513.1	553
NC_062498.1	553
NC_062496.1	553
NC_062499.1	553
NC_062422.1	553
NC_062425.1	553
NC_062488.1	553
NC_062491.1	553
NC_062493.1	553
NC_062477.1	553
NC_062482.1	553
NC_062471.1	553
NC_062475.1	553
NC_064751.1	553
NC_065487.1	553
NC_061621.1	553
NC_064407.1	553
NC_062430.1	553
NC_064129.1	553
NC_066196.1	553
NC_066185.1	553
NC_066190.1	553
NC_063477.1	553
NC_061610.1	553
NC_064959.1	553
NC_064960.1	553
NC_065157.1	553
NC_065709.1	553
NC_065714.1	553
NC_065713.1	553
NC_065703.1	553
NC_065700.1	553
NC_065702.1	553
NC_065701.1	553
NC_065697.1	553
NC_065653.1	553
NC_065005.1	553
NC_064104.1	553
NC_064375.1	553
NC_063748.1	553
NC_063749.1	553
NC_062336.1	553
NC_062339.1	553
NC_063513.1	553
NC_066090.1	553
NC_066123.1	553
NC_067053.1	553
NC_061551.1	553
NC_065370.1	553
NC_063576.1	553
NC_065500.1	553
NC_066097.1	553
NC_062371.1	553
NC_066139.1	553
NC_066138.1	553
NC_066140.1	553
NC_066142.1	553
NC_066141.1	553
NC_061670.1	553
NC_063615.1	553
NC_061752.1	553
NC_061699.1	553
NC_061609.1	553
NC_061601.1	553
NC_066105.1	553
NC_066104.1	553
NC_061661.1	553
NC_064501.1	553
NC_066696.1	553
NC_062412.1	553
NC_062320.1	553
NC_062319.1	553
NC_062316.1	553
NC_062304.1	553
NC_066091.1	553
NC_065156.1	553
NC_063827.1	553
NC_065379.1	553
NC_063750.1	553
NC_063900.1	553
NC_064078.1	553
NC_064082.1	553
NC_064083.1	553
NC_064084.1	553
NC_064085.1	553
NC_064089.1	553
NC_064090.1	553
NC_064092.1	553
NC_064093.1	553
NC_064095.1	553
NC_064100.1	553
NC_064074.1	553
NC_064075.1	553
NC_064076.1	553
NC_064079.1	553
NC_064080.1	553
NC_064086.1	553
NC_064087.1	553
NC_064091.1	553
NC_064014.1	553
NC_064143.1	553
NC_064322.1	553
NC_064354.1	553
NC_064357.1	553
NC_064962.1	553
NC_064968.1	553
NC_064980.1	553
NC_064970.1	553
NC_064977.1	553
NC_064976.1	553
NC_064975.1	553
NC_064978.1	553
NC_064974.1	553
NC_064973.1	553
NC_064971.1	553
NC_064979.1	553
NC_064972.1	553
NC_065048.1	553
NC_065869.1	553
NC_066795.1	553
NC_065125.1	553
NC_065127.1	553
NC_065124.1	553
NC_065130.1	553
NC_065344.1	553
NC_065346.1	553
NC_065355.1	553
NC_066698.1	553
NC_066697.1	553
NC_066694.1	553
NC_066693.1	553
NC_066690.1	553
NC_065476.1	553
NC_065671.1	553
NC_065744.1	553
NC_066666.1	553
NC_066107.1	553
NC_066108.1	553
NC_066114.1	553
NC_066118.1	553
NC_066110.1	553
NC_066122.1	553
NC_066113.1	553
NC_066126.1	553
NC_066102.1	553
NC_066125.1	553
NC_066127.1	553
NC_066095.1	553
NC_066092.1	553
NC_066100.1	553
NC_066094.1	553
NC_066101.1	553
NC_067030.1	553
NC_066184.1	553
NC_066132.1	553
NC_066137.1	553
NC_066429.1	553
NC_066977.1	553
NC_067062.1	553
NC_073584.1	553
NC_073535.1	553
NC_073583.1	553
NC_035878.1	553
NC_073539.1	553
NC_073570.1	553
NC_047288.1	553
NC_069576.1	553
NC_079585.1	553
NC_079589.1	553
NC_079590.1	553
NC_079591.1	553
NC_079592.1	553
NC_079593.1	553
NC_079594.1	553
NC_079595.1	553
NC_079597.1	553
NC_079598.1	553
NC_079599.1	553
NC_079600.1	553
NC_079601.1	553
NC_079602.1	553
NC_079603.1	553
NC_079604.1	553
NC_079605.1	553
NC_079606.1	553
NC_079610.1	553
NC_079611.1	553
NC_079612.1	553
NC_079613.1	553
NC_079614.1	553
NC_079616.1	553
NC_079652.1	553
NC_079661.1	553
NC_079665.1	553
NC_079666.1	553
NC_079688.1	553
NC_079695.1	553
NC_079701.1	553
NC_079702.1	553
NC_079705.1	553
NC_079706.1	553
NC_079707.1	553
NC_079708.1	553
NC_079709.1	553
NC_079710.1	553
NC_079711.1	553
NC_079712.1	553
NC_079713.1	553
NC_079714.1	553
NC_079715.1	553
NC_079717.1	553
NC_079718.1	553
NC_079719.1	553
NC_079720.1	553
NC_079721.1	553
NC_079723.1	553
NC_079724.1	553
NC_079725.1	553
NC_079726.1	553
NC_079727.1	553
NC_079728.1	553
NC_079729.1	553
NC_079730.1	553
NC_079731.1	553
NC_079732.1	553
NC_079733.1	553
NC_079734.1	553
NC_079735.1	553
NC_079736.1	553
NC_079737.1	553
NC_079738.1	553
NC_079739.1	553
NC_079740.1	553
NC_079741.1	553
NC_079742.1	553
NC_079743.1	553
NC_079744.1	553
NC_079745.1	553
NC_079746.1	553
NC_079747.1	553
NC_079748.1	553
NC_079749.1	553
NC_079750.1	553
NC_079751.1	553
NC_079752.1	553
NC_079753.1	553
NC_079754.1	553
NC_079755.1	553
NC_079756.1	553
NC_079757.1	553
NC_079758.1	553
NC_079759.1	553
NC_079760.1	553
NC_079761.1	553
NC_079762.1	553
NC_079763.1	553
NC_079764.1	553
NC_079765.1	553
NC_079766.1	553
NC_079767.1	553
NC_079768.1	553
NC_079769.1	553
NC_079770.1	553
NC_079771.1	553
NC_079772.1	553
NC_079773.1	553
NC_079774.1	553
NC_079775.1	553
NC_079776.1	553
NC_079777.1	553
NC_079778.1	553
NC_079779.1	553
NC_079780.1	553
NC_079781.1	553
NC_079782.1	553
NC_079783.1	553
NC_079784.1	553
NC_079785.1	553
NC_079786.1	553
NC_079787.1	553
NC_079788.1	553
NC_079789.1	553
NC_079790.1	553
NC_079791.1	553
NC_079792.1	553
NC_079793.1	553
NC_079794.1	553
NC_079795.1	553
NC_079796.1	553
NC_079797.1	553
NC_079798.1	553
NC_079799.1	553
NC_079800.1	553
NC_079801.1	553
NC_079802.1	553
NC_079803.1	553
NC_079804.1	553
NC_079805.1	553
NC_079806.1	553
NC_079807.1	553
NC_079808.1	553
NC_079809.1	553
NC_079810.1	553
NC_079811.1	553
NC_079812.1	553
NC_079813.1	553
NC_079814.1	553
NC_079815.1	553
NC_079816.1	553
NC_079817.1	553
NC_079818.1	553
NC_079823.1	553
NC_079824.1	553
NC_079847.1	553
NC_079848.1	553
NC_079854.1	553
NC_079867.1	553
NC_079868.1	553
NC_079869.1	553
NC_079870.1	553
NC_079871.1	553
NC_079872.1	553
NC_079915.1	553
NC_079924.1	553
NC_079925.1	553
NC_079926.1	553
NC_079927.1	553
NC_079928.1	553
NC_079929.1	553
NC_079930.1	553
NC_079931.1	553
NC_079932.1	553
NC_079933.1	553
NC_079934.1	553
NC_079935.1	553
NC_079957.1	553
NC_079958.1	553
NC_079959.1	553
NC_079960.1	553
NC_079961.1	553
NC_079962.1	553
NC_079963.1	553
NC_079964.1	553
NC_079965.1	553
NC_061056.1	553
NC_072328.1	553
NC_080204.1	553
NC_080210.1	553
NC_080228.1	553
NC_080233.1	553
NC_080234.1	553
NC_080235.1	553
NC_080236.1	553
NC_080237.1	553
NC_080238.1	553
NC_080240.1	553
NC_080241.1	553
NC_080242.1	553
NC_080243.1	553
NC_080251.1	553
NC_080252.1	553
NC_080253.1	553
NC_080254.1	553
NC_080264.1	553
NC_080273.1	553
NC_080274.1	553
NC_080275.1	553
NC_080331.1	553
NC_080332.1	553
NC_080341.1	553
NC_080342.1	553
NC_080343.1	553
NC_080344.1	553
NC_080345.1	553
NC_080346.1	553
NC_080347.1	553
NC_080349.1	553
NC_080356.1	553
NC_080369.1	553
NC_080370.1	553
NC_080371.1	553
NC_080376.1	553
NC_080497.1	553
NC_080498.1	553
NC_080499.1	553
NC_080500.1	553
NC_080501.1	553
NC_080502.1	553
NC_080503.1	553
NC_080504.1	553
NC_080505.1	553
NC_080506.1	553
NC_080508.1	553
NC_080515.1	553
NC_080516.1	553
NC_080522.1	553
NC_080523.1	553
NC_080524.1	553
NC_080525.1	553
NC_080526.1	553
NC_080536.1	553
NC_080537.1	553
NC_072142.1	553
NC_072145.1	553
NC_080592.1	553
NC_080867.1	553
NC_080872.1	553
NC_080874.1	553
NC_080884.1	553
NC_080888.1	553
NC_080889.1	553
NC_080890.1	553
NC_080891.1	553
NC_080896.1	553
NC_080912.1	553
NC_080922.1	553
NC_080984.1	553
NC_080986.1	553
NC_080993.1	553
NC_080995.1	553
NC_081012.1	553
NC_081013.1	553
NC_081014.1	553
NC_081049.1	553
NC_081050.1	553
NC_081051.1	553
NC_081052.1	553
NC_081053.1	553
NC_081054.1	553
NC_081055.1	553
NC_081056.1	553
NC_081057.1	553
NC_081058.1	553
NC_081059.1	553
NC_081060.1	553
NC_081061.1	553
NC_081062.1	553
NC_081063.1	553
NC_081064.1	553
NC_081108.1	553
NC_081109.1	553
NC_081110.1	553
NC_081111.1	553
NC_081112.1	553
NC_081113.1	553
NC_081114.1	553
NC_081115.1	553
NC_081116.1	553
NC_081117.1	553
NC_081118.1	553
NC_081119.1	553
NC_081120.1	553
NC_081121.1	553
NC_081122.1	553
NC_081123.1	553
NC_081124.1	553
NC_081125.1	553
NC_081126.1	553
NC_081127.1	553
NC_081128.1	553
NC_081129.1	553
NC_081130.1	553
NC_081131.1	553
NC_081132.1	553
NC_081133.1	553
NC_081461.1	553
NC_081462.1	553
NC_081463.1	553
NC_081464.1	553
NC_081465.1	553
NC_081469.1	553
NC_081470.1	553
NC_081471.1	553
NC_081472.1	553
NC_081473.1	553
NC_081477.1	553
NC_081478.1	553
NC_081484.1	553
NC_081486.1	553
NC_081487.1	553
NC_081488.1	553
NC_081489.1	553
NC_081500.1	553
NC_081501.1	553
NC_081502.1	553
NC_057502.1	553
NC_080538.1	553
NC_081903.1	553
NC_081912.1	553
NC_081926.1	553
NC_081935.1	553
NC_081962.1	553
NC_081971.1	553
NC_081976.1	553
NC_081994.1	553
NC_081995.1	553
NC_081996.1	553
NC_081997.1	553
NC_081999.1	553
NC_082000.1	553
NC_082001.1	553
NC_082002.1	553
NC_082003.1	553
NC_082004.1	553
NC_082005.1	553
NC_082006.1	553
NC_082007.1	553
NC_082008.1	553
NC_082009.1	553
NC_082010.1	553
NC_082011.1	553
NC_082012.1	553
NC_082013.1	553
NC_082014.1	553
NC_082015.1	553
NC_082017.1	553
NC_082018.1	553
NC_082019.1	553
NC_082020.1	553
NC_082021.1	553
NC_082022.1	553
NC_082023.1	553
NC_082024.1	553
NC_082025.1	553
NC_082026.1	553
NC_082027.1	553
NC_082028.1	553
NC_082029.1	553
NC_082030.1	553
NC_082031.1	553
NC_082032.1	553
NC_082033.1	553
NC_082049.1	553
NC_082053.1	553
NC_082054.1	553
NC_082056.1	553
NC_082057.1	553
NC_082096.1	553
NC_082104.1	553
NC_082105.1	553
NC_082107.1	553
NC_082575.1	553
NC_082576.1	553
NC_082577.1	553
NC_082580.1	553
NC_082581.1	553
NC_082582.1	553
NC_082583.1	553
NC_082584.1	553
NC_082585.1	553
NC_082586.1	553
NC_082587.1	553
NC_082588.1	553
NC_082589.1	553
NC_082822.1	553
NC_082823.1	553
NC_082826.1	553
NC_082920.1	553
NC_082943.1	553
NC_082963.1	553
NC_082965.1	553
NC_082966.1	553
NC_082967.1	553
NC_082968.1	553
NC_082969.1	553
NC_082971.1	553
NC_082975.1	553
NC_082976.1	553
NC_082977.1	553
NC_082978.1	553
NC_082979.1	553
NC_082980.1	553
NC_082981.1	553
NC_083084.1	553
NC_083086.1	553
NC_083087.1	553
NC_083088.1	553
NC_083089.1	553
NC_083090.1	553
NC_077252.1	553
NC_077253.1	553
NC_077254.1	553
NC_077255.1	553
NC_077256.1	553
NC_077257.1	553
NC_077258.1	553
NC_077259.1	553
NC_077260.1	553
NC_077261.1	553
NC_077262.1	553
NC_077263.1	553
NC_077266.1	553
NC_077267.1	553
NC_077268.1	553
NC_077269.1	553
NC_077270.1	553
NC_077271.1	553
NC_077272.1	553
NC_077273.1	553
NC_077274.1	553
NC_077275.1	553
NC_077276.1	553
NC_077277.1	553
NC_077278.1	553
NC_077279.1	553
NC_077280.1	553
NC_077281.1	553
NC_077282.1	553
NC_077283.1	553
NC_077284.1	553
NC_077285.1	553
NC_077286.1	553
NC_077287.1	553
NC_077288.1	553
NC_077289.1	553
NC_077290.1	553
NC_077291.1	553
NC_077292.1	553
NC_077293.1	553
NC_077294.1	553
NC_077295.1	553
NC_077296.1	553
NC_077297.1	553
NC_077298.1	553
NC_077299.1	553
NC_077300.1	553
NC_077301.1	553
NC_077302.1	553
NC_077303.1	553
NC_077304.1	553
NC_077305.1	553
NC_077306.1	553
NC_077307.1	553
NC_077308.1	553
NC_077309.1	553
NC_077310.1	553
NC_077311.1	553
NC_077312.1	553
NC_077313.1	553
NC_077314.1	553
NC_077315.1	553
NC_077316.1	553
NC_077317.1	553
NC_077318.1	553
NC_077319.1	553
NC_077320.1	553
NC_077321.1	553
NC_077322.1	553
NC_077323.1	553
NC_077324.1	553
NC_077325.1	553
NC_077326.1	553
NC_077327.1	553
NC_077328.1	553
NC_077329.1	553
NC_077330.1	553
NC_077331.1	553
NC_077332.1	553
NC_077333.1	553
NC_077334.1	553
NC_077335.1	553
NC_077336.1	553
NC_077337.1	553
NC_077338.1	553
NC_077339.1	553
NC_077340.1	553
NC_077341.1	553
NC_077342.1	553
NC_077343.1	553
NC_077344.1	553
NC_077345.1	553
NC_077346.1	553
NC_077347.1	553
NC_077348.1	553
NC_077349.1	553
NC_077350.1	553
NC_077351.1	553
NC_077352.1	553
NC_077353.1	553
NC_077354.1	553
NC_077355.1	553
NC_077356.1	553
NC_077357.1	553
NC_077358.1	553
NC_077359.1	553
NC_077360.1	553
NC_077361.1	553
NC_077362.1	553
NC_077363.1	553
NC_077364.1	553
NC_077365.1	553
NC_077366.1	553
NC_077367.1	553
NC_077368.1	553
NC_077369.1	553
NC_077370.1	553
NC_077371.1	553
NC_077372.1	553
NC_077373.1	553
NC_077374.1	553
NC_077375.1	553
NC_077376.1	553
NC_077377.1	553
NC_077378.1	553
NC_077379.1	553
NC_077380.1	553
NC_077381.1	553
NC_077382.1	553
NC_077383.1	553
NC_077384.1	553
NC_077385.1	553
NC_077386.1	553
NC_077387.1	553
NC_077388.1	553
NC_077389.1	553
NC_077390.1	553
NC_077391.1	553
NC_077392.1	553
NC_077393.1	553
NC_077394.1	553
NC_077395.1	553
NC_077396.1	553
NC_077397.1	553
NC_077398.1	553
NC_077399.1	553
NC_077400.1	553
NC_077401.1	553
NC_077402.1	553
NC_077403.1	553
NC_077404.1	553
NC_077405.1	553
NC_077406.1	553
NC_077407.1	553
NC_077408.1	553
NC_077409.1	553
NC_077410.1	553
NC_077411.1	553
NC_077412.1	553
NC_077413.1	553
NC_077414.1	553
NC_077415.1	553
NC_077416.1	553
NC_077417.1	553
NC_077418.1	553
NC_077419.1	553
NC_077420.1	553
NC_077421.1	553
NC_077422.1	553
NC_077423.1	553
NC_077424.1	553
NC_077425.1	553
NC_077426.1	553
NC_077427.1	553
NC_077428.1	553
NC_077429.1	553
NC_077430.1	553
NC_077431.1	553
NC_077432.1	553
NC_077433.1	553
NC_077434.1	553
NC_077435.1	553
NC_077436.1	553
NC_077437.1	553
NC_077438.1	553
NC_077439.1	553
NC_077440.1	553
NC_077441.1	553
NC_077442.1	553
NC_077443.1	553
NC_077444.1	553
NC_077445.1	553
NC_077446.1	553
NC_077447.1	553
NC_077448.1	553
NC_077449.1	553
NC_077450.1	553
NC_077451.1	553
NC_077452.1	553
NC_077453.1	553
NC_077454.1	553
NC_077455.1	553
NC_077456.1	553
NC_077457.1	553
NC_077467.1	553
NC_077468.1	553
NC_077469.1	553
NC_077470.1	553
NC_077471.1	553
NC_077472.1	553
NC_077473.1	553
NC_077474.1	553
NC_077480.1	553
NC_077481.1	553
NC_077482.1	553
NC_077483.1	553
NC_077484.1	553
NC_077485.1	553
NC_077486.1	553
NC_077487.1	553
NC_077488.1	553
NC_077491.1	553
NC_077497.1	553
NC_077498.1	553
NC_077499.1	553
NC_077500.1	553
NC_077501.1	553
NC_077502.1	553
NC_077503.1	553
NC_077504.1	553
NC_077505.1	553
NC_077506.1	553
NC_077507.1	553
NC_077508.1	553
NC_077509.1	553
NC_077510.1	553
NC_077511.1	553
NC_077512.1	553
NC_077513.1	553
NC_077514.1	553
NC_077515.1	553
NC_077516.1	553
NC_077517.1	553
NC_077523.1	553
NC_077524.1	553
NC_077527.1	553
NC_077557.1	553
NC_077561.1	553
NC_077564.1	553
NC_077565.1	553
NC_077566.1	553
NC_077567.1	553
NC_077568.1	553
NC_077569.1	553
NC_077571.1	553
NC_077573.1	553
NC_077577.1	546
NC_077578.1	553
NC_077579.1	553
NC_077580.1	553
NC_077593.1	553
NC_077597.1	553
NC_077617.1	553
NC_077618.1	553
NC_077619.1	553
NC_077620.1	553
NC_077621.1	553
NC_077622.1	553
NC_077623.1	553
NC_077624.1	553
NC_077628.1	553
NC_077629.1	553
NC_077630.1	553
NC_077631.1	553
NC_077632.1	553
NC_077634.1	553
NC_077636.1	553
NC_077575.1	553
NC_082906.1	553
NC_082907.1	553
NC_083119.1	553
NC_083120.1	553
NC_083128.1	553
NC_083129.1	553
NC_083141.1	553
NC_083142.1	553
NC_083192.1	553
NC_083193.1	553
NC_083194.1	553
NC_083195.1	553
NC_083196.1	553
NC_083197.1	553
NC_083198.1	553
NC_083199.1	553
NC_083200.1	553
NC_083201.1	553
NC_083202.1	553
NC_083203.1	553
NC_083204.1	553
NC_083205.1	553
NC_083206.1	553
NC_083207.1	553
NC_083208.1	553
NC_083209.1	553
NC_083210.1	553
NC_083214.1	553
NC_083215.1	553
NC_083216.1	553
NC_083217.1	553
NC_083218.1	553
NC_083219.1	553
NC_083221.1	553
NC_083977.1	553
NC_083980.1	553
NC_083981.1	553
NC_083982.1	553
NC_083984.1	553
NC_084044.1	553
NC_084045.1	553
NC_084046.1	553
NC_084047.1	553
NC_084048.1	553
NC_084049.1	553
NC_084050.1	553
NC_084051.1	553
NC_084054.1	553
NC_084055.1	553
NC_084056.1	553
NC_084057.1	553
NC_084058.1	553
NC_084059.1	553
NC_084060.1	553
NC_084061.1	553
NC_084062.1	553
NC_084063.1	553
NC_084065.1	553
NC_084072.1	553
NC_084099.1	553
NC_084100.1	553
NC_084103.1	553
NC_084107.1	553
NC_084108.1	553
NC_084111.1	553
NC_084116.1	553
NC_084117.1	553
NC_084119.1	553
NC_084120.1	553
NC_084123.1	553
NC_084130.1	553
NC_084131.1	553
NC_084134.1	553
NC_084166.1	553
NC_084174.1	553
NC_084175.1	553
NC_084177.1	553
NC_084187.1	553
NC_084188.1	553
NC_084199.1	553
NC_084200.1	553
NC_084203.1	553
NC_084206.1	553
NC_084211.1	553
NC_084212.1	553
NC_084216.1	553
NC_084217.1	553
NC_084218.1	553
NC_084219.1	553
NC_084220.1	553
NC_084221.1	553
NC_084222.1	553
NC_084223.1	553
NC_084224.1	553
NC_084225.1	553
NC_084226.1	553
NC_084227.1	553
NC_084228.1	553
NC_084229.1	553
NC_084240.1	553
NC_084247.1	553
NC_084252.1	553
NC_084253.1	553
NC_084255.1	553
NC_084256.1	553
NC_084261.1	553
NC_084281.1	553
NC_084282.1	553
NC_084284.1	553
NC_084319.1	553
NC_084320.1	553
NC_084330.1	553
NC_084331.1	553
NC_084332.1	553
NC_084333.1	553
NC_084336.1	553
NC_084350.1	553
NC_084367.1	553
NC_084371.1	553
NC_084379.1	553
NC_084380.1	553
NC_084381.1	553
NC_084382.1	553
NC_084383.1	553
NC_084384.1	553
NC_084386.1	553
NC_084387.1	553
NC_084388.1	553
NC_084389.1	553
NC_084390.1	553
NC_084391.1	553
NC_084392.1	553
NC_084393.1	553
NC_084394.1	553
NC_084395.1	553
NC_084396.1	553
NC_084397.1	553
NC_084401.1	553
NC_084402.1	553
NC_084403.1	553
NC_084404.1	553
NC_084405.1	553
NC_084407.1	553
NC_084410.1	553
NC_084411.1	553
NC_084412.1	553
NC_084413.1	553
NC_084414.1	553
NC_084415.1	553
NC_084416.1	553
NC_084417.1	553
NC_084427.1	553
NC_084428.1	553
NC_084429.1	553
NC_084430.1	553
NC_084431.1	553
NC_084432.1	553
NC_084433.1	553
NC_084434.1	553
NC_084435.1	553
NC_084436.1	553
NC_084437.1	553
NC_084438.1	553
NC_084439.1	553
NC_084440.1	553
NC_084444.1	553
NC_084445.1	553
NC_084453.1	553
NC_084454.1	553
NC_084455.1	553
NC_084456.1	553
NC_084791.1	553
NC_084871.1	553
NC_084969.1	553
NC_085144.1	553
NC_085145.1	553
NC_085146.1	553
NC_085169.1	553
NC_085181.1	553
NC_085202.1	553
NC_085203.1	553
NC_085204.1	553
NC_085210.1	553
NC_085215.1	553
NC_085216.1	553
NC_085217.1	553
NC_085218.1	553
NC_085219.1	553
NC_085220.1	553
NC_085221.1	553
NC_085222.1	553
NC_085223.1	553
NC_085224.1	553
NC_085235.1	553
NC_085236.1	553
NC_085237.1	553
NC_085243.1	553
NC_085245.1	553
NC_085246.1	553
NC_085247.1	553
NC_085248.1	553
NC_085251.1	553
NC_085264.1	553
NC_085278.1	553
NC_085281.1	553
NC_085322.1	553
NC_085347.1	553
NC_085352.1	553
NC_085353.1	553
NC_085355.1	553
NC_085356.1	553
NC_085357.1	553
NC_085358.1	553
NC_085359.1	553
NC_085364.1	553
NC_085366.1	553
NC_085367.1	553
NC_085368.1	553
NC_085426.1	553
NC_085427.1	553
NC_085428.1	553
NC_085429.1	553
NC_085430.1	553
NC_085431.1	553
NC_085432.1	553
NC_085433.1	553
NC_085434.1	553
NC_085435.1	553
NC_085436.1	553
NC_085437.1	553
NC_085438.1	553
NC_085439.1	553
NC_085440.1	553
NC_085441.1	553
NC_085442.1	553
NC_085443.1	553
NC_085444.1	553
NC_085445.1	553
NC_085446.1	553
NC_085447.1	553
NC_085448.1	553
NC_085449.1	553
NC_085450.1	553
NC_085451.1	553
NC_085452.1	553
NC_085453.1	553
NC_085454.1	553
NC_085474.1	553
NC_085475.1	553
NC_085476.1	553
NC_085477.1	553
NC_085496.1	553
NC_085497.1	553
NC_085498.1	553
NC_085499.1	553
NC_085504.1	553
NC_085505.1	553
NC_085506.1	553
NC_085507.1	553
NC_085508.1	553
NC_085509.1	553
NC_085510.1	553
NC_085511.1	553
NC_085512.1	553
NC_085513.1	553
NC_085514.1	553
NC_085515.1	553
NC_085516.1	553
NC_085517.1	553
NC_085518.1	553
NC_085519.1	553
NC_085521.1	553
NC_085522.1	553
NC_085523.1	553
NC_085534.1	553
NC_085545.1	553
NC_085567.1	553
NC_085568.1	553
NC_085570.1	553
NC_085571.1	553
NC_085572.1	553
NC_085573.1	553
NC_085574.1	553
NC_085575.1	553
NC_085576.1	553
NC_085577.1	553
NC_085578.1	553
NC_085579.1	553
NC_085580.1	553
NC_085581.1	553
NC_085582.1	553
NC_085583.1	553
NC_085584.1	553
NC_085585.1	553
NC_085586.1	553
NC_085587.1	553
NC_085588.1	553
NC_085589.1	553
NC_085590.1	553
NC_085591.1	553
NC_085598.1	553
NC_085600.1	553
NC_085602.1	553
NC_085622.1	553
NC_085623.1	553
NC_085624.1	553
NC_085625.1	553
NC_085626.1	553
NC_085627.1	553
NC_085628.1	553
NC_085629.1	553
NC_085631.1	553
NC_085632.1	553
NC_085633.1	553
NC_085634.1	553
NC_085635.1	553
NC_085636.1	553
NC_085637.1	553
NC_085638.1	553
NC_085639.1	553
NC_085640.1	553
NC_085641.1	553
NC_085642.1	553
NC_085643.1	553
NC_085644.1	553
NC_085645.1	553
NC_085646.1	553
NC_085647.1	553
NC_085648.1	553
NC_085649.1	553
NC_085650.1	553
NC_085651.1	553
NC_085652.1	553
NC_085653.1	553
NC_085654.1	553
NC_085655.1	553
NC_085656.1	553
NC_085657.1	553
NC_085658.1	553
NC_085659.1	553
NC_085660.1	553
NC_085661.1	553
NC_085662.1	553
NC_085663.1	553
NC_085664.1	553
NC_085665.1	553
NC_085666.1	553
NC_085667.1	553
NC_085668.1	553
NC_085669.1	553
NC_085670.1	553
NC_085671.1	553
NC_085672.1	553
NC_085711.1	553
NC_085718.1	553
NC_085719.1	553
NC_085720.1	553
NC_085721.1	553
NC_085722.1	553
NC_085723.1	553
NC_085724.1	553
NC_085725.1	553
NC_085726.1	553
NC_085727.1	553
NC_085728.1	553
NC_085729.1	553
NC_085730.1	553
NC_085731.1	553
NC_085740.1	553
NC_085741.1	553
NC_085742.1	553
NC_085743.1	553
NC_085744.1	553
NC_085749.1	553
NC_085752.1	553
NC_085753.1	553
NC_085754.1	553
NC_085755.1	553
NC_085759.1	553
NC_085761.1	553
NC_085788.1	553
NC_085794.1	553
NC_085796.1	553
NC_085810.1	553
NC_085814.1	553
NC_085733.1	553
NC_085732.1	553
NC_086485.1	553
NC_086486.1	553
NC_086487.1	553
NC_086488.1	553
NC_086489.1	553
NC_086505.1	553
NC_086516.1	553
NC_086517.1	553
NC_086520.1	553
NC_086521.1	553
NC_086522.1	553
NC_086523.1	553
NC_086524.1	553
NC_086525.1	553
NC_086526.1	553
NC_086529.1	553
NC_086530.1	553
NC_086531.1	553
NC_086532.1	553
NC_086540.1	553
NC_086541.1	553
NC_086542.1	553
NC_086544.1	553
NC_086545.1	553
NC_086546.1	553
NC_086547.1	553
NC_086548.1	553
NC_086549.1	553
NC_086550.1	553
NC_086553.1	553
NC_086554.1	553
NC_086558.1	553
NC_086559.1	553
NC_086560.1	553
NC_086561.1	553
NC_086562.1	553
NC_086563.1	553
NC_086564.1	553
NC_086565.1	553
NC_086566.1	553
NC_086576.1	553
NC_086577.1	553
NC_086578.1	553
NC_086582.1	553
NC_086584.1	553
NC_086585.1	553
NC_086590.1	553
NC_086601.1	553
NC_086625.1	553
NC_086626.1	553
NC_086628.1	553
NC_086659.1	550
NC_086660.1	553
NC_086661.1	553
NC_086662.1	553
NC_086665.1	553
NC_086669.1	553
NC_086671.1	553
NC_086672.1	553
NC_086692.1	553
NC_086693.1	553
NC_086694.1	553
NC_086695.1	553
NC_086696.1	553
NC_086697.1	553
NC_086706.1	553
NC_086708.1	553
NC_086709.1	553
NC_086710.1	553
NC_086712.1	553
NC_086713.1	553
NC_086714.1	553
NC_086715.1	553
NC_086727.1	553
NC_086728.1	553
NC_086729.1	553
NC_086730.1	553
NC_086731.1	553
NC_086748.1	553
NC_086774.1	553
NC_086775.1	553
NC_086777.1	553
NC_086813.1	553
NC_086814.1	553
NC_086849.1	553
NC_086855.1	553
NC_086862.1	553
NC_086866.1	553
NC_086867.1	553
NC_086868.1	553
NC_086880.1	553
NC_086881.1	553
NC_086883.1	553
NC_086884.1	553
NC_086885.1	553
NC_086899.1	553
NC_086901.1	553
NC_086902.1	553
NC_086915.1	553
NC_086925.1	553
NC_086926.1	553
NC_086927.1	553
NC_086928.1	553
NC_086929.1	553
NC_086930.1	553
NC_086931.1	553
NC_086932.1	553
NC_086933.1	553
NC_086934.1	553
NC_086935.1	553
NC_086936.1	553
NC_086937.1	553
NC_086938.1	553
NC_086939.1	553
NC_086940.1	553
NC_086941.1	553
NC_086942.1	553
NC_086953.1	553
NC_086956.1	553
NC_086957.1	553
NC_086958.1	553
NC_086968.1	553
NC_086969.1	553
NC_086971.1	553
NC_086972.1	553
NC_086973.1	553
NC_086974.1	553
NC_086975.1	553
NC_086976.1	553
NC_086978.1	553
NC_086979.1	553
NC_086980.1	553
NC_086981.1	553
NC_086982.1	553
NC_086983.1	553
NC_086984.1	553
NC_086985.1	553
NC_086986.1	553
NC_086987.1	553
NC_086988.1	553
NC_086989.1	553
NC_086990.1	553
NC_086991.1	553
NC_086992.1	553
NC_086993.1	553
NC_086994.1	553
NC_086995.1	553
NC_086996.1	553
NC_086997.1	553
NC_086998.1	553
NC_086999.1	553
NC_087000.1	553
NC_087001.1	553
NC_087002.1	553
NC_087003.1	553
NC_087004.1	553
NC_087005.1	553
NC_087006.1	553
NC_087007.1	553
NC_087008.1	553
NC_087009.1	553
NC_087010.1	553
NC_087011.1	553
NC_087012.1	553
NC_087013.1	553
NC_087014.1	553
NC_087015.1	553
NC_087016.1	553
NC_087017.1	553
NC_087018.1	553
NC_087019.1	553
NC_087020.1	553
NC_087021.1	553
NC_087022.1	553
NC_087023.1	553
NC_087024.1	553
NC_087025.1	553
NC_087026.1	553
NC_087027.1	553
NC_087028.1	553
NC_087029.1	553
NC_087030.1	553
NC_087031.1	553
NC_087032.1	553
NC_087033.1	553
NC_087034.1	553
NC_087035.1	553
NC_087036.1	553
NC_087037.1	553
NC_087038.1	553
NC_087039.1	553
NC_087040.1	553
NC_087041.1	553
NC_087042.1	553
NC_087044.1	553
NC_087045.1	553
NC_087046.1	553
NC_087047.1	553
NC_087048.1	553
NC_087061.1	553
NC_086861.1	553
NC_086670.1	553
NC_087043.1	553
NC_087605.1	553
NC_087606.1	553
NC_087607.1	553
NC_087608.1	553
NC_087609.1	553
NC_087610.1	553
NC_087611.1	553
NC_087612.1	553
NC_087614.1	553
NC_087615.1	553
NC_087616.1	553
NC_087617.1	553
NC_087621.1	553
NC_087626.1	553
NC_087701.1	553
NC_087702.1	553
NC_087703.1	553
NC_087704.1	553
NC_087706.1	553
NC_087707.1	553
NC_087708.1	553
NC_087709.1	553
NC_087710.1	553
NC_087711.1	553
NC_087712.1	553
NC_087713.1	553
NC_087714.1	553
NC_087715.1	553
NC_087716.1	553
NC_087723.1	553
NC_087726.1	553
NC_087746.1	553
NC_087747.1	553
NC_087748.1	553
NC_087749.1	553
NC_087750.1	553
NC_087751.1	553
NC_087752.1	553
NC_087757.1	553
NC_087760.1	553
NC_087763.1	553
NC_087764.1	553
NC_087765.1	553
NC_087766.1	553
NC_087767.1	553
NC_087768.1	553
NC_087769.1	553
NC_087777.1	553
NC_087782.1	553
NC_087786.1	553
NC_087811.1	553
NC_087812.1	553
NC_087813.1	553
NC_087814.1	553
NC_087847.1	553
NC_087848.1	553
NC_087849.1	553
NC_087867.1	553
NC_087883.1	553
NC_087974.1	553
NC_087975.1	553
NC_087978.1	553
NC_087979.1	553
NC_088033.1	553
NC_088034.1	553
NC_088035.1	553
NC_088036.1	553
NC_088042.1	553
NC_088043.1	553
NC_088044.1	553
NC_088045.1	553
NC_088046.1	553
NC_088047.1	553
NC_088048.1	553
NC_088055.1	553
NC_088063.1	553
NC_088064.1	553
NC_088067.1	553
NC_088068.1	553
NC_088069.1	553
NC_088070.1	553
NC_088071.1	553
NC_088072.1	553
NC_088075.1	553
NC_088076.1	553
NC_088097.1	553
NC_088441.1	553
NC_088442.1	553
NC_088443.1	553
NC_088461.1	553
NC_088462.1	553
NC_088463.1	553
NC_088464.1	553
NC_088465.1	553
NC_088466.1	553
NC_088467.1	553
NC_088468.1	553
NC_088469.1	553
NC_088470.1	553
NC_088471.1	553
NC_088472.1	553
NC_088473.1	553
NC_088474.1	553
NC_088475.1	553
NC_088476.1	553
NC_088477.1	553
NC_088478.1	553
NC_088479.1	553
NC_088480.1	553
NC_088481.1	553
NC_088483.1	553
NC_088496.1	553
NC_088498.1	553
NC_088509.1	553
NC_088510.1	553
NC_088511.1	553
NC_088512.1	553
NC_088513.1	553
NC_088514.1	553
NC_088531.1	553
NC_088533.1	553
NC_088534.1	553
NC_088545.1	553
NC_088553.1	553
NC_088729.1	553
NC_088730.1	553
NC_088731.1	553
NC_088733.1	553
NC_088734.1	553
NC_088735.1	553
NC_088736.1	553
NC_088737.1	553
NC_088738.1	553
NC_088739.1	553
NC_088740.1	553
NC_088747.1	553
NC_088748.1	553
NC_088749.1	553
NC_088750.1	553
NC_088751.1	553
NC_088752.1	553
NC_088754.1	553
NC_088755.1	553
NC_088760.1	553
NC_088768.1	553
NC_088770.1	553
NC_088771.1	553
NC_013991.2	553
NC_082429.1	553
