NC_030275.1	184
NC_035499.1	184
NC_036300.1	184
NC_036304.1	184
NC_050043.1	184
NC_050046.1	184
NC_060729.1	184
NC_060581.1	184
NC_071789.1	184
NC_071790.1	184
NC_069912.1	184
NC_069914.1	184
NC_069915.1	184
NC_069916.1	184
NC_069922.1	184
NC_038102.1	184
NC_057292.1	184
NC_057293.1	184
NC_057297.1	184
NC_057443.1	184
NC_057450.1	184
NC_058775.1	184
NC_058776.1	184
NC_045308.1	184
NC_045309.1	184
NC_045311.1	184
NC_045313.1	184
NC_045314.1	184
NC_045315.1	184
NC_045316.1	184
NC_036306.1	184
NC_050048.1	184
NC_050051.1	184
NC_050054.1	184
NC_050055.1	184
NC_071791.1	184
NC_071792.1	184
NC_071793.1	184
NC_071794.1	184
NC_071795.1	184
NC_071796.1	184
NC_071799.1	184
NC_071800.1	184
NC_069923.1	184
NC_069924.1	184
NC_069925.1	184
NC_069926.1	184
NC_069927.1	184
NC_069928.1	184
NC_069929.1	184
NC_031881.1	184
NC_031889.1	184
NC_039457.1	184
NC_039458.1	184
NC_057448.1	184
NC_057455.1	184
NC_045317.1	184
NC_045319.1	184
NC_045321.1	184
NC_045323.1	184
NC_045325.1	184
NC_050061.1	184
NC_050063.1	184
NC_071801.1	184
NC_071802.1	184
NC_071804.1	184
NC_071805.1	184
NC_071806.1	184
NC_071808.1	184
NC_071809.1	184
NC_071810.1	184
NC_052855.1	184
NC_069930.1	184
NC_069931.1	184
NC_069932.1	184
NC_069933.1	184
NC_069934.1	184
NC_069935.1	184
NC_027960.1	184
NC_022859.1	184
NC_038120.1	184
NC_039415.1	184
NC_057562.1	184
NC_057592.1	184
NC_057620.1	184
NC_042696.1	184
NC_058794.1	184
NC_058795.1	184
NC_058796.1	184
NC_045327.1	184
NC_045328.1	184
NC_045330.1	184
NC_045332.1	184
NC_045333.1	184
NC_045335.1	184
NC_047060.1	184
NC_071811.1	184
NC_071812.1	184
NC_071813.1	184
NC_071814.1	184
NC_071816.1	184
NC_028439.1	184
NC_052856.1	184
NC_052857.1	184
NC_052858.1	184
NC_052859.1	184
NC_052860.1	184
NC_052861.1	184
NC_052864.1	184
NC_069936.1	184
NC_069937.1	184
NC_069938.1	184
NC_069939.1	184
NC_032008.1	184
NC_037699.1	184
NC_037700.1	184
NC_039436.1	184
NC_039413.1	184
NC_042146.1	184
NC_042148.1	184
NC_042700.1	184
NC_058797.1	184
NC_058798.1	184
NC_058799.1	184
NC_058802.1	184
NC_058804.1	184
NC_058805.1	184
NC_045337.1	184
NC_045339.1	184
NC_045340.1	184
NC_045341.1	184
NC_045342.1	184
NC_045344.1	184
NC_045345.1	184
NC_050673.1	184
NC_071827.1	184
NC_071828.1	184
NC_028409.1	184
NC_028410.1	184
NC_052867.1	184
NC_052868.1	184
NC_052869.1	184
NC_052870.1	184
NC_052917.1	184
NC_069940.1	184
NC_069941.1	184
NC_069942.1	184
NC_069943.1	184
NC_030347.1	184
NC_030350.1	184
NC_035546.1	184
NC_022814.1	184
NC_042149.1	184
NC_042713.1	184
NC_042719.1	184
NC_042720.1	184
NC_058809.1	184
NC_058810.1	184
NC_058812.1	184
NC_058815.1	184
NC_058816.1	184
NC_058818.1	184
NC_045347.1	184
NC_045348.1	184
NC_045349.1	184
NC_045351.1	184
NC_045352.1	184
NC_045354.1	184
NC_045355.1	184
NC_060991.1	184
NC_052918.1	184
NC_052919.1	184
NC_052792.1	184
NC_069944.1	184
NC_069945.1	184
NC_069946.1	184
NC_069948.1	184
NC_031826.2	184
NC_053693.1	184
NC_053765.1	184
NC_053833.1	184
NC_035592.1	184
NC_022398.1	184
NC_022400.1	184
NC_022404.1	184
NC_022408.1	184
NC_022409.1	184
NC_022412.1	184
NC_037758.1	184
NC_039412.1	184
NC_042160.1	184
NC_042161.1	184
NC_042162.1	184
NC_042167.1	184
NC_042725.1	184
NC_042727.1	184
NC_058820.1	184
NC_058822.1	184
NC_058823.1	184
NC_058824.1	184
NC_058827.1	184
NC_058829.1	184
NC_045356.1	184
NC_045357.1	184
NC_045359.1	184
NC_060996.1	184
NC_060997.1	184
NC_060998.1	184
NC_028422.1	184
NC_052849.1	184
NC_052863.1	184
NC_069950.1	184
NC_069951.1	184
NC_069954.1	184
NC_069955.1	184
NC_069956.1	184
NC_069957.1	184
NC_032031.1	184
NC_032040.1	184
NC_024019.1	184
NC_022380.1	184
NC_022385.1	184
NC_022389.1	184
NC_022392.1	184
NC_037911.1	184
NC_037912.1	184
NC_037913.1	184
NC_042178.1	184
NC_042739.1	184
NC_042740.1	184
NC_042744.1	184
NC_042745.1	184
NC_058832.1	184
NC_058833.1	184
NC_058834.1	184
NC_058836.1	184
NC_058837.1	184
NC_058838.1	184
NC_035671.1	184
NC_035672.1	184
NC_058689.1	184
NC_036807.1	184
NC_036808.1	184
NC_036810.2	184
NC_036812.1	184
NC_024662.1	184
NC_024663.1	184
NC_058699.1	184
NC_046870.1	184
NC_046824.1	184
NC_036502.1	184
NC_035648.1	184
NC_035623.1	184
NC_037904.1	184
NC_058706.1	184
NC_058707.1	184
NC_058708.1	184
NC_058709.1	184
NC_058711.1	184
NC_058712.1	184
NC_058713.1	184
NC_046830.1	184
NC_036498.1	184
NC_024659.1	184
NC_024660.1	184
NC_024661.1	184
NC_058715.1	184
NC_058717.1	184
NC_058719.1	184
NC_058720.1	184
NC_058721.1	184
NC_058722.1	184
NC_058723.1	184
NC_058724.1	184
NC_058725.1	184
NC_058726.1	184
NC_058728.1	184
NC_058730.1	184
NC_058731.1	184
NC_058732.1	184
NC_053524.1	184
NC_053525.1	184
NC_022264.1	184
NC_058735.1	184
NC_058736.1	184
NC_058740.1	184
NC_048452.1	184
NC_048453.1	184
NC_072068.1	184
NC_053535.1	184
NC_048460.1	184
NC_048463.1	184
NC_048464.1	184
NC_026777.1	184
NC_072069.1	184
NC_072070.1	184
NC_072074.1	184
NC_072076.1	184
NC_072077.1	184
NC_072078.1	184
NC_053537.1	184
NC_053541.1	184
NC_053544.1	184
NC_035652.1	184
NC_035647.1	184
NC_058756.1	184
NC_058758.1	184
NC_058762.1	184
NC_057432.1	184
NC_060999.1	184
NC_061000.1	184
NC_061001.1	184
NC_061002.1	184
NC_061005.1	184
NC_061006.1	184
NC_067671.1	184
NC_067706.1	184
NC_067661.1	184
NC_067561.1	184
NC_067659.1	184
NC_069958.1	184
NC_069959.1	184
NC_069960.1	184
NC_069961.1	184
NC_069962.1	184
NC_069964.1	184
NC_069965.1	184
NC_054175.1	184
NC_035537.1	184
NC_058549.1	184
NC_058551.1	184
NC_058553.1	184
NC_058554.1	184
NC_058555.1	184
NC_058557.1	184
NC_058558.1	184
NC_042746.1	184
NC_042747.1	184
NC_042748.1	184
NC_058840.1	184
NC_058841.1	184
NC_058842.1	184
NC_058843.1	184
NC_058845.1	184
NC_049874.1	184
NC_025642.1	187
NC_061007.1	184
NC_061009.1	184
NC_061010.1	184
NC_068029.1	184
NC_071197.1	184
NC_071175.1	184
NC_034285.1	184
NC_054176.1	184
NC_054178.1	184
NC_054183.1	184
NC_054185.1	184
NC_054188.1	184
NC_021091.1	184
NC_058561.1	184
NC_058562.1	184
NC_058563.1	184
NC_058564.1	184
NC_058565.1	184
NC_058566.1	184
NC_058568.1	184
NC_058569.1	184
NC_058851.1	184
NC_058852.1	184
NC_058853.1	184
NC_058854.1	184
NC_058855.1	184
NC_061017.1	184
NC_061018.1	184
NC_061025.1	184
NC_068030.1	184
NC_068031.1	184
NC_068032.1	184
NC_068033.1	184
NC_068035.1	184
NC_068037.1	184
NC_068039.1	184
NC_068040.1	184
NC_054218.1	184
NC_054219.1	184
NC_054220.1	184
NC_054222.1	184
NC_021101.1	184
NC_058570.1	184
NC_058572.1	184
NC_058575.1	184
NC_058576.1	184
NC_058577.1	184
NC_058579.1	184
NC_042760.1	184
NC_058868.1	184
NC_058869.1	184
NC_044471.1	184
NC_068041.1	184
NC_068042.1	184
NC_068043.1	184
NC_068044.1	184
NC_068047.1	184
NC_054282.1	184
NC_054283.1	184
NC_054276.1	184
NC_054328.1	184
NC_021111.1	183
NC_058590.1	184
NC_042767.1	184
NC_058871.1	184
NC_058872.1	184
NC_058873.1	184
NC_058874.1	184
NC_058880.1	184
NC_044475.1	184
NC_044481.1	184
NC_062040.1	184
NC_062042.1	184
NC_034309.1	184
NC_034310.1	184
NC_034311.1	184
NC_034312.1	184
NC_023792.1	184
NC_067370.1	184
NC_058592.1	184
NC_058881.1	184
NC_058889.1	184
NC_058890.1	184
NC_036341.1	184
NC_036342.1	184
NC_050059.1	184
NC_062046.1	184
NC_062051.1	184
NC_062053.1	184
NC_062054.1	184
NC_068066.1	184
NC_034321.1	184
NC_034322.1	184
NC_034323.1	184
NC_034324.1	184
NC_034325.1	184
NC_034328.1	184
NC_058605.1	184
NC_042782.1	184
NC_042783.1	184
NC_042785.1	184
NC_042787.1	184
NC_058891.1	184
NC_058892.1	184
NC_058896.1	184
NC_058897.1	184
NC_058900.1	184
NC_025658.1	184
NC_026839.1	184
NC_062056.1	184
NC_062057.1	184
NC_068014.1	184
NC_068015.1	184
NC_068016.1	184
NC_053545.1	184
NC_058613.1	184
NC_058614.1	184
NC_058615.1	184
NC_058617.1	184
NC_058618.1	184
NC_058619.1	184
NC_042796.1	184
NC_058902.1	184
NC_058903.1	184
NC_058905.1	184
NC_036355.1	184
NC_036356.1	184
NC_061042.1	184
NC_061043.1	184
NC_068090.1	184
NC_053688.1	184
NC_053860.1	184
NC_042798.1	184
NC_042819.1	184
NC_058915.1	184
NC_062074.1	184
NC_062075.1	184
NC_072080.1	184
NC_072081.1	184
NC_072082.1	184
NC_072083.1	184
NC_072085.1	184
NC_072086.1	184
NC_072087.1	184
NC_068094.1	184
NC_033534.1	184
NC_037940.1	184
NC_037945.1	184
NC_039610.1	184
NC_058925.1	184
NC_058926.1	184
NC_058927.1	184
NC_058929.1	184
NC_058930.1	184
NC_058931.1	184
NC_058933.1	184
NC_072088.1	184
NC_072091.1	184
NC_072092.1	184
NC_072093.1	184
NC_072094.1	184
NC_072095.1	184
NC_072096.1	184
NC_071834.1	184
NC_071835.1	184
NC_071836.1	184
NC_071838.1	184
NC_071840.1	184
NC_071841.1	184
NC_068106.1	184
NC_033913.1	184
NC_058625.1	184
NC_058633.1	184
NC_039620.1	184
NC_039622.1	184
NC_039623.1	184
NC_039624.1	184
NC_039626.1	184
NC_042939.1	184
NC_042940.1	184
NC_042941.1	184
NC_058934.1	184
NC_058936.1	184
NC_058937.1	184
NC_058938.1	184
NC_058939.1	184
NC_058940.1	184
NC_058942.1	184
NC_058943.1	184
NC_058944.1	184
NC_072097.1	184
NC_072099.1	184
NC_072100.1	184
NC_072101.1	184
NC_072102.1	184
NC_072103.1	184
NC_072106.1	184
NC_024286.1	184
NC_039628.1	184
NC_039634.1	184
NC_039635.1	184
NC_039637.1	184
NC_058945.1	184
NC_058946.1	184
NC_058947.1	184
NC_058949.1	184
NC_058950.1	184
NC_058951.1	184
NC_058953.1	184
NC_058954.1	184
NC_058955.1	184
NC_025651.1	184
NC_072107.1	184
NC_072109.1	184
NC_072116.1	184
NC_068129.1	184
NC_068131.1	184
NC_068132.1	184
NC_039638.1	184
NC_058956.1	184
NC_058957.1	184
NC_058960.1	184
NC_058962.1	184
NC_025655.1	184
NC_025657.1	184
NC_025659.1	184
NC_025661.1	184
NC_025662.1	184
NC_050204.1	184
NC_050205.1	184
NC_050206.1	184
NC_050208.1	184
NC_050209.1	184
NC_026694.1	184
NC_068134.1	184
NC_068135.1	184
NC_068136.1	184
NC_068137.1	184
NC_068138.1	184
NC_021423.1	184
NC_039636.1	184
NC_039595.1	184
NC_025663.1	184
NC_025664.1	184
NC_050210.1	184
NC_050211.1	184
NC_062126.1	184
NC_072134.1	184
NC_068142.1	184
NC_068143.1	184
NC_068145.1	184
NC_068146.1	184
NC_068148.1	184
NC_068151.1	184
NC_068152.1	184
NC_021430.1	184
NC_021431.1	184
NC_021432.1	184
NC_021455.1	184
NC_035514.1	184
NC_058983.1	184
NC_058984.1	184
NC_044418.1	184
NC_062129.1	184
NC_062133.1	184
NC_062135.1	184
NC_062136.1	184
NC_072143.1	184
NC_072144.1	184
NC_068153.1	184
NC_068155.1	184
NC_068156.1	184
NC_068157.1	184
NC_068158.1	184
NC_068161.1	184
NC_068162.1	184
NC_068163.1	184
NC_058986.1	184
NC_058987.1	184
NC_058989.1	184
NC_058994.1	184
NC_061051.1	184
NC_061055.1	184
NC_068164.1	184
NC_068165.1	184
NC_068167.1	184
NC_068169.1	184
NC_068172.1	184
NC_068173.1	184
NC_068174.1	184
NC_033524.1	184
NC_040009.1	184
NC_039943.1	184
NC_058996.1	184
NC_059001.1	184
NC_059004.1	184
NC_059005.1	184
NC_059006.1	184
NC_027607.1	184
NC_062144.1	184
NC_062146.1	184
NC_062148.1	184
NC_062149.1	184
NC_062150.1	184
NC_062151.1	184
NC_072165.1	184
NC_029813.1	184
NC_029817.1	184
NC_029820.1	184
NC_030346.1	184
NC_035832.1	184
NC_035834.1	184
NC_062152.1	184
NC_062153.1	184
NC_062154.1	184
NC_062156.1	184
NC_072174.1	184
NC_072176.1	184
NC_029821.1	184
NC_029823.1	184
NC_029824.1	184
NC_029828.1	184
NC_029830.1	184
NC_067770.1	184
NC_067771.1	184
NC_027618.1	184
NC_072179.1	184
NC_072180.1	184
NC_029833.1	184
NC_067781.1	184
NC_067782.1	184
NC_067783.1	184
NC_067784.1	184
NC_067786.1	184
NC_067787.1	184
NC_062167.1	184
NC_029818.1	184
NC_029825.1	184
NC_029814.1	184
NC_070020.1	184
NC_070021.1	184
NC_070022.1	184
NC_070023.1	184
NC_070025.1	184
NC_042693.1	184
NC_049053.1	184
NC_049081.1	184
NC_049114.1	184
NC_061004.1	184
NC_029822.1	184
NC_029819.1	184
NC_070026.1	184
NC_070027.1	184
NC_070028.1	184
NC_070029.1	184
NC_070030.1	184
NC_070031.1	184
NC_070034.1	184
NC_070035.1	184
NC_033501.1	184
NC_033502.1	184
NC_035873.1	184
NC_035875.1	184
NC_067810.1	184
NC_042925.1	184
NC_049140.1	184
NC_059685.1	184
NC_059686.1	184
NC_059687.1	184
NC_059688.1	184
NC_050998.1	184
NC_050871.1	184
NC_062045.1	184
NC_061964.1	184
NC_070037.1	184
NC_032719.1	184
NC_032696.1	184
NC_032707.1	184
NC_032691.1	184
NC_035880.1	184
NC_035882.1	184
NC_035884.1	184
NC_069068.1	184
NC_069063.1	184
NC_042743.1	184
NC_042827.1	184
NC_042919.1	184
NC_042934.1	184
NC_042884.1	184
NC_025554.1	184
NC_059691.1	184
NC_059692.1	184
NC_059696.1	184
NC_059697.1	184
NC_061953.1	184
NC_062132.1	184
NC_070044.1	184
NC_070045.1	184
NC_070047.1	184
NC_033525.1	184
NC_033527.1	184
NC_069062.1	184
NC_069065.1	184
NC_067826.1	184
NC_067827.1	184
NC_067829.1	184
NC_067830.1	184
NC_067831.1	184
NC_054155.1	184
NC_061003.1	184
NC_036677.1	184
NC_050800.1	184
NC_062082.1	184
NC_062147.1	184
NC_033908.1	184
NC_035876.1	184
NC_069066.1	184
NC_069067.1	184
NC_067832.1	184
NC_067833.1	184
NC_067834.1	184
NC_067835.1	184
NC_067836.1	184
NC_067837.1	184
NC_067840.1	184
NC_067842.1	184
NC_054161.1	184
NC_042680.1	184
NC_059715.1	184
NC_059718.1	184
NC_059719.1	184
NC_059720.1	184
NC_027668.1	184
NC_061985.1	184
NC_061907.1	184
NC_062050.1	184
NC_068175.1	184
NC_068180.1	184
NC_068181.1	184
NC_068182.1	184
NC_068184.1	184
NC_031877.1	184
NC_031878.1	184
NC_031879.1	184
NC_031882.1	184
NC_031883.1	184
NC_031884.1	184
NC_031885.1	184
NC_053916.1	184
NC_048450.1	184
NC_048479.1	184
NC_059723.1	184
NC_027669.1	184
NC_027674.1	184
NC_027675.1	184
NC_061912.1	184
NC_072254.1	184
NC_068185.1	184
NC_068186.1	184
NC_068188.1	184
NC_068190.1	177
NC_031886.1	184
NC_031887.1	184
NC_031888.1	184
NC_031890.1	184
NC_031894.1	184
NC_032684.1	184
NC_032685.1	184
NC_032687.1	184
NC_032689.1	184
NC_032697.1	184
NC_059021.1	184
NC_059022.1	184
NC_059023.1	184
NC_059024.1	184
NC_059026.1	184
NC_045294.1	184
NC_045388.1	184
NC_045386.1	184
NC_047176.1	184
NC_027679.1	184
NC_027681.1	184
NC_027685.1	184
NC_062058.1	184
NC_062134.1	184
NC_072261.1	184
NC_072262.1	184
NC_072267.1	184
NC_072269.1	184
NC_031898.1	184
NC_031899.1	184
NC_032698.1	184
NC_032700.1	184
NC_032701.1	184
NC_032702.1	184
NC_032705.1	184
NC_032706.1	184
NC_032710.1	184
NC_053553.1	184
NC_039554.1	184
NC_039555.1	184
NC_057434.1	184
NC_057435.1	184
NC_059029.1	184
NC_059030.1	184
NC_059031.1	184
NC_059032.1	184
NC_045416.1	184
NC_045254.1	184
NC_045230.1	184
NC_047180.1	184
NC_047181.1	184
NC_047183.1	184
NC_059743.1	184
NC_059744.1	184
NC_059745.1	184
NC_059746.1	184
NC_059748.1	184
NC_027691.1	184
NC_062043.1	184
NC_062055.1	184
NC_072272.1	184
NC_072275.1	184
NC_031880.1	184
NC_031892.1	184
NC_032711.1	184
NC_032712.1	184
NC_032713.1	184
NC_032714.1	184
NC_032717.1	184
NC_032720.1	184
NC_021429.1	184
NC_021433.1	184
NC_058646.1	184
NC_058649.1	184
NC_039556.1	184
NC_039557.1	184
NC_057441.1	184
NC_057445.1	184
NC_057446.1	184
NC_057447.1	184
NC_057449.1	184
NC_059040.1	184
NC_059041.1	184
NC_059042.1	184
NC_059043.1	184
NC_059044.1	184
NC_059047.1	184
NC_045391.1	184
NC_049085.1	184
NC_048972.1	184
NC_027693.1	184
NC_025656.1	184
NC_032721.1	184
NC_032724.1	184
NC_035802.1	184
NC_057452.1	184
NC_057454.1	184
NC_057456.1	184
NC_057457.1	184
NC_057459.1	184
NC_057460.1	184
NC_059049.1	184
NC_059051.1	184
NC_059052.1	184
NC_059053.1	184
NC_059054.1	184
NC_059055.1	184
NC_059056.1	184
NC_059057.1	184
NC_047201.1	184
NC_047202.1	184
NC_047205.1	184
NC_048958.1	184
NC_048998.1	184
NC_049061.1	184
NC_059766.1	184
NC_059768.1	184
NC_059769.1	184
NC_026299.1	184
NC_072298.1	184
NC_072300.1	184
NC_072301.1	184
NC_072302.1	184
NC_068230.1	184
NC_068234.1	184
NC_032703.1	184
NC_032704.1	184
NC_032686.1	184
NC_057461.1	184
NC_057462.1	184
NC_057463.1	184
NC_057464.1	184
NC_059058.1	184
NC_059059.1	184
NC_045519.1	184
NC_047211.1	184
NC_047213.1	184
NC_047215.1	184
NC_049027.1	184
NC_049130.1	184
NC_049146.1	184
NC_026690.1	184
NC_026691.1	184
NC_061215.1	184
NC_061218.1	184
NC_072304.1	184
NC_072305.1	184
NC_072306.1	184
NC_072308.1	184
NC_072310.1	184
NC_072311.1	184
NC_072312.1	184
NC_072313.1	184
NC_033979.1	184
NC_064362.1	184
NC_039133.1	184
NC_039597.1	184
NC_039598.1	184
NC_039599.1	184
NC_058567.1	184
NC_058819.1	184
NC_059786.1	184
NC_059787.1	184
NC_068253.1	184
NC_030343.1	184
NC_035591.1	184
NC_039600.1	184
NC_039601.1	184
NC_039603.1	184
NC_039604.1	184
NC_039605.1	184
NC_039607.1	184
NC_057481.1	184
NC_057486.1	184
NC_059027.1	184
NC_058924.1	184
NC_058581.1	184
NC_058714.1	184
NC_047232.1	184
NC_047234.1	184
NC_047235.1	184
NC_047236.1	184
NC_059798.1	184
NC_059799.1	184
NC_059800.1	184
NC_030056.1	184
NC_030062.1	184
NC_030371.1	184
NC_034792.1	184
NC_034793.1	184
NC_053550.1	184
NC_057494.1	184
NC_057496.1	184
NC_042917.1	184
NC_042918.1	184
NC_042920.1	184
NC_042923.1	184
NC_042924.1	184
NC_042926.1	184
NC_042927.1	184
NC_059048.1	184
NC_058839.1	184
NC_058718.1	184
NC_045405.1	184
NC_045409.1	184
NC_045420.1	184
NC_045421.1	184
NC_045422.1	184
NC_059803.1	184
NC_030063.1	184
NC_053563.1	184
NC_053564.1	184
NC_057504.1	184
NC_057506.1	184
NC_057508.1	184
NC_042928.1	184
NC_042929.1	184
NC_042931.1	184
NC_058901.1	184
NC_058550.1	184
NC_058997.1	184
NC_058941.1	184
NC_045423.1	184
NC_045424.1	184
NC_047250.1	184
NC_047251.1	184
NC_047252.1	184
NC_047253.1	184
NC_059818.1	184
NC_068273.1	184
NC_033871.1	184
NC_033876.1	184
NC_033878.1	184
NC_053572.1	184
NC_053573.1	184
NC_053574.1	184
NC_053578.1	184
NC_057521.1	184
NC_057523.1	184
NC_042933.1	184
NC_042935.1	184
NC_042936.1	184
NC_042937.1	184
NC_042938.1	184
NC_042944.1	184
NC_059045.1	184
NC_058948.1	184
NC_058879.1	184
NC_058690.1	184
NC_047254.1	184
NC_047255.1	184
NC_047308.1	184
NC_047309.1	184
NC_047310.1	184
NC_047311.1	184
NC_047312.1	184
NC_068009.1	184
NC_067981.1	184
NC_023236.1	184
NC_023237.1	184
NC_023238.1	184
NC_023239.1	184
NC_023240.1	184
NC_030045.1	184
NC_031822.1	184
NC_031825.1	184
NC_034801.1	184
NC_034803.1	184
NC_053580.1	184
NC_053581.1	184
NC_053584.1	184
NC_053585.1	184
NC_057526.1	184
NC_057529.1	184
NC_042954.1	184
NC_058578.1	184
NC_058582.1	184
NC_058624.1	184
NC_047360.1	184
NC_047361.1	184
NC_047409.1	184
NC_047412.1	184
NC_047420.1	184
NC_028032.1	184
NC_067573.1	184
NC_067941.1	184
NC_067839.1	184
NC_067675.1	184
NC_067499.1	184
NC_023241.1	184
NC_023242.1	184
NC_023234.1	184
NC_030053.1	184
NC_031834.1	184
NC_053591.1	184
NC_053592.1	184
NC_053593.1	184
NC_053594.1	184
NC_053596.1	184
NC_053599.1	184
NC_057535.1	184
NC_042955.1	184
NC_042956.1	184
NC_058727.1	184
NC_058825.1	184
NC_058959.1	184
NC_044968.1	184
NC_045253.1	184
NC_047366.1	184
NC_047486.1	184
NC_047377.1	184
NC_047384.1	184
NC_036307.1	184
NC_059849.1	184
NC_067775.1	184
NC_067759.1	184
NC_068038.1	184
NC_031853.1	184
NC_033895.1	184
NC_033896.1	184
NC_033897.1	184
NC_033899.1	184
NC_053388.1	184
NC_053600.1	184
NC_053601.1	184
NC_053603.1	184
NC_053604.1	184
NC_053605.1	184
NC_053606.1	184
NC_053607.1	184
NC_053609.1	184
NC_037446.1	184
NC_037447.1	184
NC_037448.1	184
NC_056335.1	184
NC_056165.1	184
NC_058928.1	184
NC_059000.1	184
NC_058779.1	184
NC_045268.1	184
NC_045400.1	184
NC_045297.1	184
NC_045338.1	184
NC_045329.1	184
NC_045310.1	184
NC_047313.1	184
NC_048483.1	184
NC_059863.1	184
NC_067670.1	184
NC_067965.1	184
NC_033910.1	184
NC_034643.1	184
NC_034677.1	184
NC_053610.1	184
NC_037482.1	184
NC_037483.1	184
NC_037484.1	184
NC_037485.1	184
NC_056197.1	184
NC_056198.1	184
NC_057554.1	184
NC_057560.1	184
NC_058560.1	184
NC_058952.1	184
NC_058813.1	184
NC_058526.1	184
NC_045343.1	184
NC_045318.1	184
NC_045358.1	184
NC_059865.1	184
NC_059874.1	184
NC_067524.1	184
NC_067828.1	184
NC_068089.1	184
NC_068258.1	184
NC_031874.1	184
NC_031875.1	184
NC_031876.1	184
NC_034678.1	184
NC_053622.1	184
NC_056224.1	184
NC_056329.1	184
NC_057564.1	184
NC_057565.1	184
NC_057567.1	184
NC_057568.1	184
NC_058710.1	184
NC_058556.1	184
NC_058595.1	184
NC_058650.1	184
NC_044965.1	184
NC_049164.1	184
NC_050062.1	184
NC_061221.1	184
NC_061223.1	184
NC_061227.1	184
NC_061230.1	184
NC_072329.1	184
NC_053294.1	184
NC_053295.1	184
NC_053296.1	184
NC_053297.1	184
NC_053298.1	184
NC_053299.1	184
NC_053300.1	184
NC_035633.2	184
NC_035651.1	184
NC_057576.1	184
NC_057577.1	184
NC_042826.1	184
NC_048478.1	184
NC_048480.1	184
NC_048481.1	184
NC_048482.1	184
NC_049021.1	184
NC_048999.1	184
NC_048954.1	184
NC_048973.1	184
NC_072338.1	184
NC_052696.1	184
NC_052697.1	184
NC_052702.1	184
NC_053302.1	184
NC_053304.1	184
NC_053305.1	184
NC_053306.1	184
NC_053307.1	184
NC_053310.1	184
NC_053311.1	184
NC_057586.1	184
NC_057587.1	184
NC_057593.1	184
NC_057595.1	184
NC_048484.1	184
NC_048485.1	184
NC_048486.1	184
NC_048492.1	184
NC_049131.1	184
NC_049143.1	184
NC_008096.2	184
NC_072347.1	184
NC_072098.1	184
NC_072089.1	184
NC_072079.1	184
NC_053313.1	184
NC_053314.1	184
NC_053316.1	184
NC_053317.1	184
NC_053323.1	184
NC_057597.1	184
NC_057598.1	184
NC_057600.1	184
NC_057601.1	184
NC_057602.1	184
NC_057607.1	184
NC_065004.1	184
NC_072270.1	184
NC_072253.1	184
NC_072054.1	184
NC_052719.1	184
NC_053324.1	184
NC_053325.1	184
NC_053326.1	184
NC_053328.1	184
NC_053331.1	184
NC_053332.1	184
NC_053333.1	184
NC_053334.1	184
NC_057610.1	184
NC_057615.1	184
NC_057616.1	184
NC_048503.1	184
NC_072167.1	184
NC_052727.1	184
NC_052728.1	184
NC_052729.1	184
NC_052730.1	184
NC_053335.1	184
NC_053338.1	184
NC_053339.1	184
NC_053340.1	184
NC_053341.1	184
NC_053342.1	184
NC_053343.1	184
NC_020316.1	184
NC_037694.1	184
NC_039346.1	184
NC_039348.1	184
NC_039349.1	184
NC_039352.1	184
NC_057619.1	184
NC_057621.1	184
NC_057623.1	184
NC_057624.1	184
NC_057625.1	184
NC_057626.1	184
NC_057627.1	184
NC_042886.1	184
NC_048504.1	184
NC_048505.1	184
NC_048508.1	184
NC_048509.1	184
NC_061256.1	184
NC_061257.1	184
NC_061258.1	184
NC_061263.1	184
NC_072247.1	184
NC_072307.1	184
NC_072075.1	184
NC_072146.1	184
NC_052739.1	184
NC_052740.1	184
NC_030329.1	184
NC_030331.1	184
NC_053345.1	184
NC_053346.1	184
NC_053347.1	184
NC_053348.1	184
NC_039347.1	184
NC_057630.1	184
NC_057631.1	184
NC_057633.1	184
NC_057637.1	184
NC_042889.1	184
NC_042890.1	184
NC_042891.1	184
NC_042892.1	184
NC_042893.1	184
NC_042894.1	184
NC_042895.1	184
NC_042896.1	184
NC_045380.1	184
NC_048510.1	184
NC_048512.1	184
NC_048514.1	184
NC_048515.1	184
NC_072067.1	184
NC_072084.1	184
NC_052745.1	184
NC_052748.1	184
NC_030348.1	184
NC_030349.1	184
NC_020362.1	184
NC_020364.1	184
NC_057953.1	184
NC_057955.1	184
NC_057956.1	184
NC_042897.1	184
NC_042898.1	184
NC_042899.1	184
NC_042903.1	184
NC_045384.1	184
NC_045385.1	184
NC_045392.1	184
NC_045393.1	184
NC_048522.1	184
NC_061264.1	184
NC_061265.1	184
NC_061267.1	184
NC_061268.1	184
NC_061270.1	184
NC_061271.1	184
NC_061272.1	184
NC_072212.1	184
NC_030044.1	184
NC_030351.1	184
NC_053372.1	184
NC_053373.1	184
NC_053374.1	184
NC_053375.1	184
NC_053293.1	184
NC_053286.1	184
NC_037084.1	184
NC_037906.1	184
NC_037952.1	184
NC_057957.1	184
NC_057961.1	184
NC_042912.1	184
NC_042913.1	184
NC_042914.1	184
NC_042915.1	184
NC_045396.1	184
NC_045402.1	184
NC_045403.1	184
NC_048528.1	184
NC_059876.1	184
NC_059880.1	184
NC_059880.1	184
NC_059882.1	184
NC_059883.1	184
NC_059885.1	184
NC_068159.1	184
NC_068150.1	184
NC_068166.1	184
NC_028727.1	184
NC_028728.1	184
NC_028729.1	184
NC_018766.1	184
NC_037748.1	184
NC_041581.1	184
NC_041582.1	184
NC_041583.1	184
NC_041584.1	184
NC_041585.1	184
NC_057974.1	184
NC_058716.1	184
NC_058739.1	184
NC_058847.1	184
NC_058935.1	184
NC_045108.1	184
NC_045081.1	184
NC_045084.1	184
NC_050384.1	184
NC_050388.1	184
NC_050389.1	184
NC_059886.1	184
NC_059887.1	184
NC_059888.1	184
NC_059889.1	184
NC_059890.1	184
NC_059891.1	184
NC_059892.1	184
NC_068052.1	184
NC_070056.1	184
NC_037760.1	184
NC_037761.1	184
NC_037762.1	184
NC_037763.1	184
NC_037764.1	184
NC_037765.1	184
NC_037766.1	184
NC_038123.1	184
NC_038119.1	184
NC_038119.1	184
NC_054181.1	184
NC_054182.1	184
NC_040946.1	184
NC_041586.1	184
NC_041589.1	184
NC_041590.1	184
NC_041591.1	184
NC_057984.1	184
NC_057986.1	184
NC_057987.1	184
NC_057988.1	184
NC_058995.1	184
NC_059046.1	184
NC_059050.1	184
NC_050396.1	184
NC_059898.1	184
NC_059901.1	184
NC_059902.1	184
NC_059905.1	184
NC_059906.1	184
NC_068068.1	184
NC_067611.1	184
NC_068004.1	184
NC_067995.1	184
NC_067785.1	184
NC_070067.1	184
NC_070070.1	184
NC_037767.1	184
NC_037772.1	184
NC_054194.1	184
NC_054198.1	184
NC_040988.1	184
NC_057594.1	184
NC_057605.1	184
NC_041594.1	184
NC_041595.1	184
NC_041597.1	184
NC_057989.1	184
NC_057991.1	184
NC_057993.1	184
NC_057994.1	184
NC_059101.1	184
NC_058583.1	184
NC_058626.1	184
NC_058700.1	184
NC_058729.1	184
NC_045534.1	184
NC_059909.1	184
NC_060294.1	184
NC_060295.1	184
NC_067572.1	184
NC_068187.1	184
NC_068160.1	184
NC_028732.1	184
NC_070082.1	184
NC_070083.1	184
NC_070084.1	184
NC_070085.1	184
NC_070086.1	184
NC_070087.1	184
NC_034229.1	184
NC_040945.1	184
NC_040961.1	184
NC_057566.1	184
NC_057629.1	184
NC_041598.1	184
NC_058001.1	184
NC_058006.1	184
NC_058828.1	184
NC_058882.1	184
NC_058958.1	184
NC_059025.1	184
NC_058759.1	184
NC_050371.1	184
NC_060303.1	184
NC_060305.1	184
NC_068036.1	184
NC_068147.1	184
NC_068170.1	184
NC_067841.1	184
NC_028733.1	184
NC_070088.1	184
NC_070095.1	184
NC_070097.1	184
NC_031852.1	184
NC_054213.1	184
NC_040960.1	184
NC_041599.1	184
NC_041600.1	184
NC_058013.1	184
NC_058574.1	184
NC_058803.1	184
NC_050345.1	184
NC_060313.1	184
NC_068183.1	184
NC_068261.1	184
NC_067643.1	184
NC_067517.1	184
NC_070099.1	184
NC_070102.1	184
NC_070107.1	184
NC_022928.1	184
NC_038165.1	184
NC_054224.1	184
NC_057628.1	184
NC_041601.1	184
NC_041602.1	184
NC_041603.1	184
NC_057985.1	184
NC_058932.1	184
NC_058999.1	184
NC_058811.1	184
NC_036489.1	184
NC_060314.1	184
NC_067543.1	184
NC_067987.1	184
NC_070112.1	184
NC_070118.1	184
NC_054238.1	184
NC_057603.1	184
NC_041604.1	184
NC_057958.1	184
NC_058552.1	184
NC_058559.1	184
NC_058573.1	184
NC_058634.1	184
NC_058645.1	184
NC_044073.1	184
NC_036494.1	184
NC_036495.1	184
NC_036496.1	184
NC_036497.1	184
NC_036499.1	184
NC_036500.1	184
NC_026220.1	184
NC_059952.1	184
NC_060324.1	184
NC_067645.1	184
NC_067646.1	184
NC_070120.1	184
NC_070121.1	184
NC_063593.1	184
NC_037830.1	184
NC_038188.1	184
NC_054252.1	184
NC_054253.1	184
NC_054254.1	184
NC_041607.1	184
NC_041608.1	184
NC_041610.1	184
NC_041611.1	184
NC_057990.1	184
NC_058012.1	184
NC_050285.1	184
NC_026574.1	184
NC_072090.1	184
NC_072108.1	184
NC_072271.1	184
NC_051870.1	184
NC_051871.1	184
NC_051872.1	184
NC_051873.1	184
NC_051874.1	184
NC_069974.1	184
NC_032699.1	184
NC_022381.1	184
NC_040928.1	184
NC_040929.1	184
NC_041532.1	184
NC_045049.1	184
NC_045051.1	184
NC_045052.1	184
NC_045053.1	184
NC_045054.1	184
NC_045055.1	184
NC_045056.1	184
NC_027743.1	184
NC_072303.1	184
NC_051879.1	184
NC_051890.1	184
NC_070122.1	184
NC_070123.1	184
NC_070125.1	184
NC_070126.1	184
NC_070127.1	184
NC_070128.1	184
NC_070130.1	184
NC_032718.1	184
NC_022451.2	184
NC_022457.1	184
NC_040937.1	184
NC_040938.1	184
NC_040939.1	184
NC_040941.1	184
NC_040942.1	184
NC_041539.1	184
NC_045062.1	184
NC_072259.1	184
NC_051895.1	184
NC_051896.1	184
NC_051897.1	184
NC_051909.1	184
NC_051910.1	184
NC_051912.1	184
NC_051914.1	184
NC_051915.1	184
NC_070466.1	184
NC_070467.1	184
NC_070469.1	184
NC_070470.1	184
NC_070472.1	184
NC_070119.1	184
NC_022459.1	184
NC_022462.1	184
NC_040944.1	184
NC_040947.1	184
NC_040950.1	184
NC_040951.1	184
NC_041550.1	184
NC_041551.1	184
NC_041552.1	184
NC_045071.1	184
NC_045072.1	184
NC_045077.1	184
NC_045079.1	184
NC_059912.1	184
NC_059884.1	184
NC_036736.1	184
NC_051916.1	184
NC_051920.1	184
NC_051922.1	184
NC_051923.1	184
NC_051925.1	184
NC_051926.1	184
NC_070346.1	184
NC_070354.1	184
NC_033535.1	184
NC_040953.1	184
NC_040954.1	184
NC_040959.1	184
NC_040962.1	184
NC_040963.1	184
NC_045080.1	184
NC_045082.1	184
NC_045083.1	184
NC_045085.1	184
NC_045086.1	184
NC_045088.1	184
NC_050330.1	184
NC_050331.1	184
NC_050332.1	184
NC_050333.1	184
NC_059950.1	184
NC_036735.1	184
NC_021646.1	184
NC_021647.1	184
NC_037693.1	184
NC_037705.1	184
NC_037706.1	184
NC_056112.1	184
NC_056113.1	184
NC_040964.1	184
NC_045098.1	184
NC_045099.1	184
NC_045100.1	184
NC_033898.1	184
NC_021648.1	184
NC_021649.1	184
NC_021650.1	184
NC_037711.1	184
NC_037714.1	184
NC_037718.1	184
NC_037719.1	184
NC_056135.1	184
NC_056137.1	184
NC_056352.1	184
NC_040980.1	184
NC_045107.1	184
NC_045109.1	184
NC_045112.1	184
NC_045113.1	184
NC_050346.1	184
NC_050347.1	184
NC_050354.1	184
NC_050357.1	184
NC_050358.1	184
NC_050360.1	184
NC_050361.1	184
NC_028703.1	184
NC_021645.1	184
NC_037726.1	184
NC_039602.1	184
NC_039609.1	184
NC_056376.1	184
NC_056215.1	184
NC_040983.1	184
NC_040984.1	184
NC_045114.1	184
NC_045115.1	184
NC_045116.1	184
NC_045126.1	184
NC_050363.1	184
NC_050364.1	184
NC_050365.1	184
NC_050366.1	184
NC_050367.1	184
NC_050368.1	184
NC_050369.1	184
NC_050370.1	184
NC_051946.1	184
NC_051947.1	184
NC_051949.1	184
NC_022461.1	184
NC_056242.1	184
NC_056096.1	184
NC_056142.1	184
NC_040997.1	184
NC_044423.1	184
NC_044462.1	184
NC_044482.1	184
NC_045064.1	184
NC_045050.1	184
NC_060331.1	184
NC_060332.1	184
NC_018114.1	184
NC_052768.1	184
NC_052770.1	184
NC_030551.1	184
NC_030552.1	184
NC_030553.1	184
NC_030554.1	184
NC_030555.1	184
NC_053639.1	184
NC_053640.1	184
NC_053641.1	184
NC_037229.1	184
NC_037231.1	184
NC_037232.1	184
NC_022393.1	184
NC_022394.1	184
NC_022395.1	184
NC_022396.1	184
NC_022401.1	184
NC_022402.1	184
NC_041491.1	184
NC_041492.1	184
NC_046599.1	184
NC_046601.1	184
NC_025787.1	184
NC_027744.1	184
NC_060333.1	184
NC_060337.1	184
NC_060339.1	184
NC_060342.1	184
NC_036718.1	184
NC_018117.1	184
NC_030558.1	184
NC_030559.1	184
NC_030560.1	184
NC_030562.1	184
NC_030563.1	184
NC_030564.1	184
NC_030565.1	184
NC_030566.1	184
NC_030572.1	184
NC_026570.1	184
NC_053643.1	184
NC_037243.1	184
NC_037247.1	184
NC_022403.1	184
NC_022405.1	184
NC_022407.1	184
NC_022410.1	184
NC_022413.1	184
NC_025744.1	184
NC_025745.1	184
NC_060349.1	184
NC_060351.1	184
NC_052786.1	184
NC_052787.1	184
NC_052788.1	184
NC_052789.1	184
NC_052791.1	184
NC_030573.1	184
NC_030574.1	184
NC_030575.1	184
NC_030576.1	184
NC_030577.1	184
NC_053654.1	184
NC_037251.1	184
NC_037171.1	184
NC_037211.1	184
NC_022417.1	184
NC_064388.1	184
NC_025772.2	184
NC_050243.1	184
NC_036733.1	184
NC_036734.1	184
NC_036742.1	184
NC_036743.1	184
NC_036744.1	184
NC_071357.1	184
NC_071358.1	184
NC_071359.1	184
NC_071360.1	184
NC_037223.1	184
NC_037250.1	184
NC_022431.1	184
NC_050244.1	184
NC_050245.1	184
NC_050248.1	184
NC_050250.1	184
NC_060354.1	184
NC_060355.1	184
NC_060356.1	184
NC_036759.1	184
NC_037209.1	184
NC_037230.1	184
NC_037213.1	184
NC_037145.1	184
NC_022411.1	184
NC_050260.1	184
NC_060362.1	184
NC_036761.1	184
NC_053687.1	184
NC_053689.1	184
NC_053690.1	184
NC_053691.1	184
NC_022399.1	184
NC_045513.1	184
NC_045514.1	184
NC_045516.1	184
NC_045518.1	184
NC_050268.1	184
NC_050269.1	184
NC_027732.1	184
NC_036762.1	184
NC_052830.1	184
NC_071363.1	184
NC_071362.1	184
NC_053694.1	184
NC_053696.1	184
NC_053697.1	184
NC_053698.1	184
NC_053699.1	184
NC_041509.1	184
NC_041510.1	184
NC_026906.1	184
NC_060367.1	184
NC_052846.1	184
NC_071361.1	184
NC_071364.1	184
NC_032364.1	184
NC_053705.1	184
NC_053713.1	184
NC_022397.1	184
NC_022382.1	184
NC_045041.1	184
NC_045043.1	184
NC_045045.1	184
NC_045046.1	184
NC_045047.1	184
NC_060372.1	184
NC_070131.1	184
NC_070134.1	184
NC_070135.1	184
NC_070139.1	184
NC_035956.1	184
NC_041432.1	184
NC_041433.1	184
NC_041435.1	184
NC_041436.1	184
NC_047347.1	184
NC_047233.1	184
NC_047246.1	184
NC_047266.1	184
NC_047281.1	184
NC_047296.1	184
NC_026726.1	184
NC_060385.1	184
NC_072506.1	184
NC_072507.1	184
NC_072508.1	184
NC_072509.1	184
NC_072510.1	184
NC_072511.1	184
NC_070141.1	184
NC_032056.1	184
NC_041440.1	184
NC_047336.1	184
NC_047371.1	184
NC_047272.1	184
NC_047175.1	184
NC_027148.1	184
NC_027155.1	184
NC_030526.1	184
NC_030548.1	184
NC_030556.1	184
NC_040870.1	184
NC_040852.1	184
NC_047258.1	184
NC_047331.1	184
NC_047379.1	184
NC_047388.1	184
NC_047439.1	184
NC_047454.1	184
NC_060402.1	184
NC_060403.1	184
NC_030567.1	184
NC_030504.1	184
NC_034987.1	184
NC_035625.1	184
NC_041455.1	184
NC_041456.1	184
NC_041458.1	184
NC_041459.1	184
NC_041463.1	184
NC_047460.1	184
NC_060410.1	184
NC_070175.1	184
NC_037179.1	184
NC_035632.2	184
NC_035637.1	184
NC_035639.1	184
NC_035640.1	184
NC_041467.1	184
NC_041469.1	184
NC_041471.1	184
NC_041472.1	184
NC_041473.1	184
NC_060414.1	184
NC_060416.1	184
NC_035053.1	184
NC_037190.1	184
NC_037191.1	184
NC_037192.1	184
NC_035641.1	184
NC_035642.1	184
NC_035643.1	184
NC_035644.1	184
NC_035645.1	184
NC_035646.1	184
NC_035649.1	184
NC_035650.1	184
NC_037768.1	184
NC_037899.1	184
NC_046571.1	184
NC_046575.1	184
NC_046576.1	184
NC_030484.1	184
NC_070196.1	184
NC_070197.1	184
NC_070198.1	184
NC_035653.1	184
NC_035654.1	184
NC_035657.1	184
NC_022379.1	184
NC_022383.1	184
NC_026682.1	184
NC_046582.1	184
NC_046585.1	184
NC_061374.1	184
NC_061375.1	184
NC_070199.1	184
NC_070200.1	184
NC_070201.1	184
NC_070202.1	184
NC_070203.1	184
NC_037212.1	184
NC_037226.1	184
NC_037227.1	184
NC_037228.1	184
NC_035661.1	184
NC_035662.1	184
NC_022384.1	184
NC_022386.1	184
NC_022387.1	184
NC_022388.1	184
NC_022390.1	184
NC_022391.1	184
NC_026683.1	184
NC_026684.1	184
NC_040920.1	184
NC_041487.1	184
NC_041488.1	184
NC_050362.1	184
NC_067648.1	184
NC_067649.1	184
NC_067650.1	184
NC_067651.1	184
NC_067666.1	184
NC_067667.1	184
NC_067668.1	184
NC_067669.1	184
NC_051532.1	184
NC_047482.1	184
NC_047484.1	184
NC_047485.1	184
NC_047594.1	184
NC_027149.1	184
NC_067672.1	184
NC_067673.1	184
NC_067678.1	184
NC_067679.1	184
NC_067680.1	184
NC_067681.1	184
NC_067682.1	184
NC_067683.1	184
NC_067684.1	184
NC_054266.1	184
NC_046472.1	184
NC_050053.1	184
NC_027150.1	184
NC_027151.1	184
NC_027152.1	184
NC_027158.1	184
NC_027159.1	184
NC_027161.1	184
NC_061378.1	184
NC_061379.1	184
NC_067691.1	184
NC_067692.1	184
NC_067693.1	184
NC_067695.1	184
NC_067696.1	184
NC_067697.1	184
NC_067698.1	184
NC_067699.1	184
NC_067701.1	184
NC_031385.1	184
NC_031398.1	184
NC_046473.1	184
NC_027177.1	184
NC_061388.1	184
NC_061392.1	184
NC_067702.1	184
NC_067703.1	184
NC_067704.1	184
NC_067705.1	184
NC_067760.1	184
NC_067762.1	184
NC_054286.1	184
NC_054287.1	184
NC_054294.1	184
NC_054295.1	184
NC_050159.1	184
NC_061394.1	184
NC_061396.1	184
NC_061397.1	184
NC_067764.1	184
NC_054297.1	184
NC_046482.1	184
NC_046483.1	184
NC_046486.1	184
NC_046487.1	184
NC_050162.1	184
NC_050163.1	184
NC_050169.1	184
NC_059788.1	184
NC_061403.1	184
NC_061404.1	184
NC_061405.1	184
NC_061409.1	184
NC_067778.1	184
NC_067779.1	184
NC_067780.1	184
NC_067874.1	184
NC_067875.1	184
NC_054308.1	184
NC_054310.1	184
NC_045312.1	184
NC_045353.1	184
NC_045406.1	184
NC_045410.1	184
NC_046493.1	184
NC_047245.1	184
NC_047203.1	184
NC_047451.1	184
NC_050171.1	184
NC_050158.1	184
NC_067882.1	184
NC_035891.1	184
NC_024166.1	184
NC_041414.1	184
NC_041415.1	184
NC_041416.1	184
NC_045411.1	184
NC_045412.1	184
NC_045413.1	184
NC_045414.1	184
NC_045415.1	184
NC_045417.1	184
NC_045418.1	184
NC_045419.1	184
NC_046507.1	184
NC_047206.1	184
NC_047400.1	184
NC_047317.1	184
NC_068067.1	184
NC_068074.1	184
NC_031833.1	184
NC_035054.1	184
NC_035055.1	184
NC_035056.1	184
NC_035950.1	184
NC_035953.1	184
NC_054336.1	184
NC_041418.1	184
NC_041424.1	184
NC_045286.1	184
NC_045326.1	184
NC_045334.1	184
NC_045350.1	184
NC_046512.1	184
NC_046513.1	184
NC_046514.1	184
NC_046516.1	184
NC_046517.1	184
NC_046520.1	184
NC_047332.1	184
NC_068075.1	184
NC_067567.1	184
NC_030547.1	184
NC_030549.1	184
NC_030557.1	184
NC_030568.1	184
NC_030569.1	184
NC_030570.1	184
NC_030571.1	184
NC_030578.1	184
NC_053377.1	184
NC_053378.1	184
NC_053379.1	184
NC_053380.1	184
NC_053381.1	184
NC_067843.1	184
NC_067844.1	184
NC_067845.1	184
NC_067846.1	184
NC_054342.1	184
NC_054347.1	184
NC_046747.1	184
NC_046771.1	184
NC_046811.1	184
NC_046829.1	184
NC_047402.1	184
NC_047406.1	184
NC_047414.1	184
NC_067551.1	184
NC_067694.1	184
NC_067595.1	184
NC_067552.1	184
NC_030579.1	184
NC_030580.1	184
NC_030581.1	184
NC_030582.1	184
NC_030583.1	184
NC_053365.1	184
NC_053322.1	184
NC_053309.1	184
NC_053327.1	184
NC_053336.1	184
NC_034346.1	184
NC_067854.1	184
NC_067857.1	184
NC_054349.1	184
NC_054350.1	184
NC_054355.1	184
NC_054357.1	184
NC_054358.1	184
NC_058199.1	184
NC_047416.1	184
NC_047417.1	184
NC_047418.1	184
NC_048493.1	184
NC_021121.1	184
NC_067556.1	184
NC_067558.1	184
NC_067559.1	184
NC_067560.1	184
NC_067562.1	184
NC_067563.1	184
NC_029874.1	184
NC_030598.1	184
NC_030599.1	184
NC_034331.1	184
NC_067867.1	184
NC_067869.1	184
NC_067870.1	184
NC_067871.1	184
NC_054360.1	184
NC_054365.1	184
NC_058203.1	184
NC_058206.1	184
NC_058208.1	184
NC_058210.1	184
NC_058211.1	184
NC_047428.1	184
NC_047432.1	184
NC_047433.1	184
NC_067564.1	184
NC_067565.1	184
NC_067566.1	184
NC_067653.1	184
NC_067654.1	184
NC_067655.1	184
NC_067656.1	184
NC_067657.1	184
NC_067658.1	184
NC_030601.1	184
NC_030609.1	184
NC_034308.1	184
NC_067873.1	184
NC_054234.1	184
NC_054200.1	184
NC_054296.1	184
NC_054177.1	184
NC_058222.1	184
NC_047437.1	184
NC_047438.1	184
NC_047443.1	184
NC_026134.2	184
NC_020431.1	184
NC_067660.1	184
NC_067662.1	184
NC_067811.1	184
NC_067852.1	184
NC_029885.1	184
NC_038153.1	184
NC_067885.1	184
NC_054186.1	184
NC_054353.1	184
NC_054151.1	184
NC_058225.1	184
NC_058226.1	184
NC_058227.1	184
NC_047446.1	184
NC_047452.1	184
NC_047453.1	184
NC_029889.1	184
NC_028148.1	184
NC_034985.1	184
NC_034986.1	184
NC_038076.1	184
NC_054309.1	184
NC_058233.1	184
NC_058237.1	184
NC_058238.1	184
NC_058241.1	184
NC_047458.1	184
NC_047461.1	184
NC_025660.1	184
NC_026462.1	184
NC_027677.1	184
NC_067958.1	184
NC_067959.1	184
NC_067960.1	184
NC_034988.1	184
NC_034989.1	184
NC_034990.1	184
NC_034991.1	184
NC_034992.1	184
NC_038118.1	184
NC_038121.1	184
NC_038122.1	184
NC_038124.1	184
NC_038125.1	184
NC_038126.1	184
NC_038127.1	184
NC_058246.1	184
NC_058247.1	184
NC_058252.1	184
NC_058254.1	184
NC_047468.1	184
NC_047469.1	184
NC_047470.1	184
NC_050348.1	184
NC_050349.1	184
NC_050353.1	184
NC_067961.1	184
NC_067962.1	184
NC_067963.1	184
NC_067964.1	184
NC_067966.1	184
NC_068010.1	184
NC_068011.1	184
NC_068012.1	184
NC_035000.1	184
NC_038128.1	184
NC_038129.1	184
NC_058256.1	184
NC_058257.1	184
NC_058258.1	184
NC_058260.1	184
NC_058261.1	184
NC_058262.1	184
NC_058263.1	184
NC_047472.1	184
NC_047473.1	184
NC_047475.1	184
NC_047476.1	184
NC_047478.1	184
NC_026076.1	184
NC_061416.1	184
NC_061417.1	184
NC_071843.1	184
NC_071844.1	184
NC_071845.1	184
NC_071847.1	184
NC_071850.1	184
NC_071851.1	184
NC_067647.1	184
NC_067765.1	184
NC_067767.1	184
NC_051533.1	184
NC_037003.1	184
NC_037005.1	184
NC_020607.1	184
NC_040862.1	184
NC_058266.1	184
NC_058267.1	184
NC_058269.1	184
NC_058270.1	184
NC_058271.1	184
NC_047325.1	184
NC_047326.1	184
NC_047327.1	184
NC_047328.1	184
NC_047329.1	184
NC_047330.1	184
NC_047333.1	184
NC_047334.1	184
NC_071852.1	184
NC_071854.1	184
NC_067768.1	184
NC_067772.1	184
NC_067773.1	184
NC_067774.1	184
NC_067586.1	184
NC_067591.1	184
NC_051540.1	184
NC_051541.1	184
NC_051542.1	184
NC_051543.1	184
NC_051544.1	184
NC_053725.1	184
NC_053727.1	184
NC_053733.1	184
NC_053735.1	184
NC_040867.1	184
NC_040869.1	184
NC_040871.1	184
NC_040872.1	184
NC_040873.1	184
NC_058276.1	184
NC_058278.1	184
NC_058279.1	184
NC_047335.1	184
NC_047339.1	184
NC_047341.1	184
NC_047342.1	184
NC_071870.1	184
NC_067739.1	184
NC_067753.1	184
NC_067872.1	184
NC_052872.1	184
NC_052877.1	184
NC_051546.1	184
NC_051550.1	184
NC_051553.1	184
NC_053737.1	184
NC_053741.1	184
NC_040868.1	184
NC_040874.1	184
NC_058287.1	184
NC_058297.1	184
NC_044477.1	184
NC_047344.1	184
NC_047345.1	184
NC_047346.1	184
NC_047348.1	184
NC_047351.1	184
NC_068006.1	184
NC_068130.1	184
NC_052882.1	184
NC_052884.1	184
NC_051556.1	184
NC_051559.1	184
NC_029227.1	184
NC_053746.1	184
NC_053754.1	184
NC_058298.1	184
NC_058305.1	184
NC_058307.1	184
NC_042874.1	184
NC_042916.1	184
NC_042921.1	184
NC_047354.1	184
NC_047355.1	184
NC_047356.1	184
NC_047357.1	184
NC_047358.1	184
NC_047359.1	184
NC_061393.1	184
NC_053707.1	184
NC_061173.1	184
NC_061174.1	184
NC_061175.1	184
NC_061176.1	184
NC_061178.1	184
NC_067700.1	184
NC_068176.1	184
NC_068013.1	184
NC_029241.1	184
NC_036940.1	184
NC_036942.1	184
NC_053762.1	184
NC_053764.1	184
NC_058311.1	184
NC_058315.1	184
NC_058316.1	184
NC_058319.1	184
NC_042715.1	184
NC_047362.1	184
NC_047363.1	184
NC_047364.1	184
NC_047365.1	184
NC_047367.1	184
NC_047368.1	184
NC_047369.1	184
NC_047370.1	184
NC_071895.1	184
NC_067534.1	184
NC_067709.1	184
NC_052910.1	184
NC_051521.1	184
NC_028069.2	184
NC_030515.1	184
NC_030516.1	184
NC_030517.1	184
NC_036969.1	184
NC_036970.1	184
NC_036971.1	184
NC_036972.1	184
NC_053767.1	184
NC_053769.1	184
NC_053771.1	184
NC_058322.1	184
NC_058323.1	184
NC_058324.1	184
NC_058326.1	184
NC_058328.1	184
NC_058329.1	184
NC_058330.1	184
NC_042786.1	184
NC_042932.1	184
NC_042766.1	184
NC_047373.1	184
NC_047374.1	184
NC_047376.1	184
NC_047378.1	184
NC_047380.1	184
NC_047381.1	184
NC_050207.1	184
NC_061194.1	184
NC_061197.1	184
NC_061199.1	184
NC_071909.1	184
NC_067838.1	184
NC_067984.1	184
NC_068034.1	184
NC_068045.1	184
NC_052911.1	184
NC_052912.1	184
NC_030527.1	184
NC_030534.1	184
NC_036978.1	184
NC_036987.1	184
NC_023356.1	184
NC_019601.1	184
NC_019602.1	184
NC_053777.1	184
NC_053780.1	184
NC_053781.1	184
NC_053782.1	184
NC_053783.1	184
NC_053785.1	184
NC_058331.1	184
NC_058332.1	184
NC_058333.1	184
NC_058334.1	184
NC_058335.1	184
NC_058296.1	184
NC_042784.1	184
NC_046785.1	184
NC_047382.1	184
NC_047383.1	184
NC_047385.1	184
NC_047386.1	184
NC_047387.1	184
NC_047389.1	184
NC_047390.1	184
NC_061201.1	184
NC_061202.1	184
NC_061203.1	184
NC_061208.1	184
NC_068144.1	184
NC_068154.1	184
NC_068168.1	184
NC_067531.1	184
NC_052922.1	184
NC_052923.1	184
NC_030544.1	184
NC_030545.1	184
NC_030546.1	184
NC_037021.1	184
NC_037038.1	184
NC_037039.1	184
NC_037004.1	184
NC_053791.1	184
NC_053792.1	184
NC_058245.1	184
NC_058277.1	184
NC_058321.1	184
NC_058239.1	184
NC_058209.1	184
NC_058259.1	184
NC_058294.1	184
NC_046834.1	184
NC_046861.1	184
NC_046867.1	184
NC_047392.1	184
NC_047395.1	184
NC_047396.1	184
NC_047397.1	184
NC_047398.1	184
NC_047401.1	184
NC_036367.1	184
NC_036368.1	184
NC_049888.1	184
NC_061285.1	184
NC_061287.1	184
NC_061289.1	184
NC_061292.1	184
NC_061294.1	184
NC_027959.1	184
NC_061961.1	184
NC_071926.1	184
NC_071927.1	184
NC_071929.1	184
NC_071930.1	184
NC_067998.1	184
NC_033526.1	184
NC_039162.1	184
NC_039976.1	184
NC_039932.1	184
NC_058268.1	184
NC_058248.1	184
NC_058318.1	184
NC_058325.1	184
NC_042190.1	184
NC_046409.1	184
NC_046415.1	184
NC_047237.1	184
NC_047244.1	184
NC_047247.1	184
NC_047248.1	184
NC_061301.1	184
NC_028006.1	184
NC_062049.1	184
NC_061917.1	184
NC_062073.1	184
NC_062142.1	184
NC_071937.1	184
NC_037460.1	184
NC_037428.1	184
NC_058280.1	184
NC_058207.1	184
NC_042194.1	184
NC_042197.1	184
NC_047249.1	184
NC_047256.1	184
NC_047257.1	184
NC_047259.1	184
NC_047260.1	184
NC_047261.1	184
NC_047262.1	184
NC_047263.1	184
NC_061306.1	184
NC_061309.1	184
NC_061310.1	184
NC_061313.1	184
NC_028007.1	184
NC_028005.1	184
NC_071948.1	184
NC_071949.1	184
NC_071950.1	184
NC_037392.1	184
NC_039178.1	184
NC_058253.1	184
NC_058273.1	184
NC_058336.1	184
NC_042204.1	184
NC_047265.1	184
NC_047267.1	184
NC_047268.1	184
NC_047269.1	184
NC_047270.1	184
NC_047273.1	184
NC_047274.1	184
NC_061319.1	184
NC_068478.1	184
NC_068481.1	184
NC_051493.1	184
NC_051503.1	184
NC_051504.1	184
NC_037421.1	184
NC_037440.2	184
NC_058300.1	184
NC_058327.1	184
NC_058212.1	184
NC_058240.1	184
NC_058272.1	184
NC_047275.1	184
NC_047276.1	184
NC_047277.1	184
NC_047278.1	184
NC_047280.1	184
NC_047283.1	184
NC_061333.1	184
NC_028026.1	184
NC_068485.1	184
NC_068486.1	184
NC_051507.1	184
NC_051508.1	184
NC_051509.1	184
NC_051512.1	184
NC_037413.1	184
NC_037472.1	184
NC_037429.1	184
NC_042223.1	184
NC_042227.1	184
NC_042716.1	184
NC_047284.1	184
NC_047287.1	184
NC_061347.1	184
NC_061349.1	184
NC_061938.1	184
NC_062128.1	184
NC_071798.1	184
NC_071807.1	184
NC_071839.1	184
NC_071925.1	184
NC_071855.1	184
NC_068500.1	184
NC_068501.1	184
NC_068502.1	184
NC_036960.1	184
NC_036962.1	184
NC_036963.1	184
NC_036964.1	184
NC_036965.1	184
NC_042242.1	184
NC_047295.1	184
NC_047297.1	184
NC_047300.1	184
NC_050038.1	184
NC_061351.1	184
NC_061352.1	184
NC_061353.1	184
NC_061356.1	184
NC_061357.1	184
NC_061358.1	184
NC_071750.1	184
NC_071874.1	184
NC_068504.1	184
NC_068505.1	184
NC_068507.1	184
NC_068508.1	184
NC_068509.1	184
NC_068510.1	184
NC_068511.1	184
NC_036967.1	184
NC_036968.1	184
NC_036980.1	184
NC_036981.1	184
NC_036982.1	184
NC_036983.1	184
NC_042244.1	184
NC_042245.1	184
NC_042246.1	184
NC_047314.1	184
NC_060426.1	184
NC_060427.1	184
NC_061198.1	184
NC_071945.1	184
NC_051520.1	184
NC_051524.1	184
NC_037000.1	184
NC_037002.1	184
NC_040851.1	184
NC_040857.1	184
NC_042252.1	184
NC_042257.1	184
NC_046463.1	184
NC_047316.1	184
NC_047318.1	184
NC_047319.1	184
NC_047320.1	184
NC_047321.1	184
NC_047322.1	184
NC_047323.1	184
NC_047324.1	184
NC_060436.1	184
NC_060437.1	184
NC_060438.1	184
NC_061322.1	184
NC_068525.1	184
NC_068526.1	184
NC_068527.1	184
NC_068529.1	184
NC_068531.1	184
NC_068532.1	184
NC_068533.1	184
NC_068534.1	184
NC_068535.1	184
NC_051881.1	184
NC_039774.1	184
NC_041235.1	184
NC_041239.1	184
NC_060441.1	184
NC_060443.1	184
NC_060444.1	184
NC_060445.1	184
NC_060446.1	184
NC_060448.1	184
NC_061222.1	184
NC_061179.1	184
NC_068536.1	184
NC_051887.1	184
NC_051888.1	184
NC_051898.1	184
NC_051899.1	184
NC_051900.1	184
NC_051901.1	184
NC_051902.1	184
NC_035500.1	184
NC_060450.1	184
NC_060451.1	184
NC_060452.1	184
NC_060453.1	184
NC_060454.1	184
NC_060456.1	184
NC_061269.1	184
NC_061406.1	184
NC_068530.1	184
NC_051903.1	184
NC_051904.1	184
NC_051905.1	184
NC_051906.1	184
NC_051917.1	184
NC_051918.1	184
NC_051919.1	184
NC_041261.1	184
NC_041262.1	184
NC_041727.1	184
NC_044629.1	184
NC_060458.1	184
NC_060459.1	184
NC_060460.1	184
NC_051982.1	184
NC_051986.1	184
NC_041265.1	184
NC_041268.1	184
NC_041270.1	184
NC_044668.1	184
NC_060469.1	184
NC_060472.1	184
NC_060474.1	184
NC_060475.1	184
NC_061214.1	184
NC_061249.1	184
NC_061315.1	184
NC_068506.1	184
NC_068503.1	184
NC_068528.1	184
NC_068512.1	184
NC_051997.1	184
NC_035502.1	184
NC_035505.1	184
NC_024292.1	184
NC_067511.1	184
NC_067513.1	184
NC_067514.1	184
NC_067515.1	184
NC_067516.1	184
NC_067518.1	184
NC_067519.1	184
NC_039812.1	184
NC_039815.1	184
NC_041272.1	184
NC_041274.1	184
NC_041275.1	184
NC_041276.1	184
NC_041277.1	184
NC_041278.1	184
NC_041279.1	184
NC_044729.1	184
NC_044737.1	184
NC_036412.1	184
NC_036413.1	184
NC_060477.1	184
NC_060479.1	184
NC_060480.1	184
NC_060481.1	184
NC_061354.1	184
NC_061290.1	184
NC_035506.1	184
NC_035511.1	184
NC_035512.1	184
NC_035513.1	184
NC_063302.1	184
NC_063305.1	184
NC_067520.1	184
NC_067522.1	184
NC_067523.1	184
NC_067525.1	184
NC_067526.1	184
NC_067527.1	184
NC_067528.1	184
NC_041281.1	184
NC_048890.1	184
NC_048891.1	184
NC_036416.1	184
NC_060490.1	184
NC_060493.1	184
NC_061415.1	184
NC_029335.1	184
NC_035322.1	184
NC_035347.1	184
NC_035237.1	184
NC_035515.1	184
NC_063306.1	184
NC_063308.1	184
NC_063309.1	184
NC_063310.1	184
NC_063311.1	184
NC_063312.1	184
NC_063314.1	184
NC_067532.1	184
NC_067533.1	184
NC_067535.1	184
NC_067536.1	184
NC_067537.1	184
NC_041293.1	184
NC_041294.1	184
NC_041295.1	184
NC_041296.1	184
NC_041298.1	184
NC_036423.1	184
NC_060496.1	184
NC_060497.1	184
NC_060498.1	184
NC_060501.1	184
NC_061213.1	184
NC_061200.1	184
NC_068855.1	184
NC_029347.1	184
NC_024635.1	184
NC_037605.1	184
NC_063321.1	184
NC_063322.1	184
NC_067538.1	184
NC_067539.1	184
NC_067540.1	184
NC_067541.1	184
NC_067542.1	184
NC_067544.1	184
NC_041300.1	184
NC_041301.1	184
NC_044761.1	184
NC_049165.1	184
NC_049166.1	184
NC_072515.1	184
NC_072516.1	184
NC_072517.1	184
NC_072518.1	184
NC_015818.1	184
NC_015804.1	184
NC_015821.1	184
NC_034816.1	184
NC_034817.1	184
NC_020318.1	184
NC_020320.1	184
NC_063328.1	184
NC_063329.1	184
NC_063330.1	184
NC_063301.1	184
NC_063307.1	184
NC_041180.1	184
NC_041133.1	184
NC_041080.1	184
NC_041126.1	184
NC_043921.1	184
NC_043925.1	184
NC_043926.1	184
NC_072527.1	184
NC_072528.1	184
NC_072530.1	184
NC_034831.1	184
NC_034818.1	184
NC_035379.1	184
NC_063313.1	184
NC_045945.1	184
NC_045946.1	184
NC_060447.1	184
NC_060457.1	184
NC_061266.1	184
NC_072537.1	184
NC_053824.1	184
NC_041117.1	184
NC_041119.1	184
NC_041132.1	184
NC_045863.1	184
NC_045895.1	184
NC_061320.1	184
NC_060614.1	184
NC_060661.1	184
NC_072552.1	184
NC_053828.1	184
NC_053829.1	184
NC_053832.1	184
NC_053834.1	184
NC_053835.1	184
NC_053836.1	184
NC_053837.1	184
NC_043953.1	184
NC_060662.1	184
NC_060753.1	184
NC_072556.1	184
NC_072558.1	184
NC_072561.1	184
NC_072562.1	184
NC_072564.1	184
NC_053838.1	184
NC_053844.1	184
NC_053845.1	184
NC_041163.1	184
NC_041164.1	184
NC_041206.1	184
NC_041207.1	184
NC_027074.1	184
NC_027075.1	184
NC_060826.1	184
NC_060831.1	184
NC_060841.1	184
NC_060856.1	184
NC_060876.1	184
NC_072565.1	184
NC_072566.1	184
NC_072572.1	184
NC_072573.1	184
NC_072574.1	184
NC_053851.1	184
NC_053856.1	184
NC_035415.1	184
NC_035417.1	184
NC_035418.1	184
NC_024735.1	184
NC_024736.1	184
NC_038170.1	184
NC_041183.1	184
NC_041184.1	184
NC_060688.1	184
NC_072575.1	184
NC_072576.1	184
NC_072577.1	184
NC_072579.1	184
NC_072581.1	184
NC_072582.1	184
NC_072583.1	184
NC_053861.1	184
NC_053862.1	184
NC_053863.1	184
NC_053863.1	184
NC_024747.1	184
NC_038222.1	184
NC_038181.1	184
NC_041185.1	184
NC_041186.1	184
NC_041213.1	184
NC_041208.1	184
NC_047059.1	184
NC_027113.1	184
NC_060439.1	184
NC_072585.1	184
NC_072586.1	184
NC_072587.1	184
NC_072590.1	184
NC_072591.1	184
NC_072592.1	184
NC_072593.1	184
NC_072594.1	184
NC_024728.1	184
NC_024734.1	184
NC_041102.1	184
NC_041088.1	184
NC_041159.1	184
NC_052862.1	184
NC_053281.1	184
NC_053349.1	184
NC_053387.1	184
NC_053329.1	184
NC_034683.1	184
NC_034684.1	184
NC_034685.1	184
NC_034690.1	184
NC_034691.1	184
NC_034699.1	184
NC_035971.1	184
NC_035972.1	184
NC_037955.1	184
NC_037956.1	184
NC_037957.1	184
NC_037958.1	184
NC_037959.1	184
NC_037960.1	184
NC_039676.1	184
NC_039678.1	184
NC_041110.1	184
NC_043835.1	184
NC_045840.1	184
NC_060513.1	184
NC_060516.1	184
NC_060517.1	184
NC_060518.1	184
NC_060519.1	184
NC_060334.1	184
NC_028070.2	184
NC_028073.1	184
NC_072608.1	184
NC_029700.1	184
NC_030177.1	184
NC_018552.1	184
NC_053291.1	184
NC_053303.1	184
NC_053315.1	184
NC_053337.1	184
NC_034695.1	184
NC_034696.1	184
NC_034700.1	184
NC_034702.1	184
NC_034703.1	184
NC_034689.1	184
NC_034697.1	184
NC_039704.1	184
NC_041127.1	184
NC_041128.1	184
NC_041130.1	184
NC_041131.1	184
NC_041134.1	184
NC_041460.1	184
NC_043844.1	184
NC_043848.1	184
NC_043884.1	184
NC_045842.1	184
NC_045854.1	184
NC_045855.1	184
NC_045856.1	184
NC_060526.1	184
NC_060527.1	184
NC_060528.1	184
NC_060530.1	184
NC_061229.1	184
NC_061355.1	184
NC_072621.1	184
NC_072622.1	184
NC_072623.1	184
NC_072624.1	184
NC_072625.1	184
NC_052747.1	184
NC_052790.1	184
NC_052741.1	184
NC_029705.1	184
NC_029712.1	184
NC_029713.1	184
NC_030168.1	184
NC_030178.1	184
NC_053382.1	184
NC_034810.1	184
NC_034811.1	184
NC_034819.1	184
NC_034813.1	184
NC_034815.1	184
NC_034820.1	184
NC_034821.1	184
NC_039719.1	184
NC_041135.1	184
NC_041136.1	184
NC_041137.1	184
NC_041139.1	184
NC_043862.1	184
NC_043863.1	184
NC_045859.1	184
NC_045860.1	184
NC_045865.1	184
NC_045868.1	184
NC_060542.1	184
NC_028074.1	184
NC_072626.1	184
NC_072627.1	184
NC_072631.1	184
NC_072632.1	184
NC_052724.1	184
NC_018565.1	184
NC_053262.1	184
NC_053292.1	184
NC_034822.1	184
NC_034812.1	184
NC_034823.1	184
NC_034824.1	184
NC_034814.1	184
NC_034825.1	184
NC_034826.1	184
NC_036040.1	184
NC_037991.1	184
NC_039727.1	184
NC_039728.1	184
NC_039729.1	184
NC_039730.1	184
NC_056104.1	184
NC_043878.1	184
NC_043880.1	184
NC_043881.1	184
NC_036394.1	184
NC_060548.1	184
NC_060550.1	184
NC_060551.1	184
NC_072641.1	184
NC_072642.1	184
NC_072644.1	184
NC_072645.1	184
NC_029746.1	184
NC_029750.1	184
NC_029764.1	184
NC_030212.1	184
NC_019616.1	184
NC_034827.1	184
NC_034828.1	184
NC_034829.1	184
NC_034830.1	184
NC_034832.1	184
NC_035321.1	184
NC_035323.1	184
NC_035324.1	184
NC_037994.1	184
NC_039371.1	184
NC_039374.1	184
NC_039731.1	184
NC_039735.1	184
NC_039740.1	184
NC_041178.1	184
NC_041179.1	184
NC_041181.1	184
NC_043882.1	184
NC_043885.1	184
NC_043886.1	184
NC_045887.1	184
NC_045894.1	184
NC_045896.1	184
NC_052700.1	184
NC_032401.1	184
NC_035326.1	184
NC_035327.1	184
NC_035329.1	184
NC_035330.1	184
NC_035331.1	184
NC_035333.1	184
NC_035334.1	184
NC_035335.1	184
NC_036052.1	184
NC_039375.1	184
NC_039376.1	184
NC_039382.1	184
NC_039383.1	184
NC_039748.1	184
NC_041182.1	184
NC_041187.1	184
NC_041188.1	184
NC_041190.1	184
NC_043896.1	184
NC_045898.1	184
NC_048970.1	184
NC_048971.1	184
NC_048975.1	184
NC_048994.1	184
NC_048995.1	184
NC_060571.1	184
NC_072661.1	184
NC_072662.1	184
NC_072663.1	184
NC_072665.1	184
NC_069023.1	184
NC_069024.1	184
NC_051498.1	184
NC_051500.1	184
NC_051501.1	184
NC_035336.1	184
NC_035338.1	184
NC_035339.1	184
NC_035340.1	184
NC_035341.1	184
NC_035343.1	184
NC_035344.1	184
NC_035346.1	184
NC_035988.1	184
NC_035989.1	184
NC_035990.1	184
NC_036061.1	184
NC_037954.1	184
NC_039384.1	184
NC_039385.1	184
NC_039379.1	184
NC_039760.1	184
NC_041199.1	184
NC_041203.1	184
NC_043905.1	184
NC_044636.1	184
NC_044726.1	184
NC_044738.1	184
NC_045907.1	184
NC_048996.1	184
NC_049094.1	184
NC_060573.1	184
NC_060574.1	184
NC_060575.1	184
NC_060576.1	184
NC_060577.1	184
NC_060578.1	184
NC_060579.1	184
NC_060580.1	184
NC_027829.1	184
NC_072669.1	184
NC_072673.1	184
NC_072676.1	184
NC_068580.1	184
NC_035348.1	184
NC_035995.1	184
NC_035996.1	184
NC_036000.1	184
NC_036002.1	184
NC_036071.1	184
NC_036073.1	184
NC_036074.1	184
NC_037880.1	184
NC_037844.1	184
NC_039761.1	184
NC_056145.1	184
NC_041204.1	184
NC_041205.1	184
NC_041210.1	184
NC_043912.1	184
NC_043919.1	184
NC_045919.1	184
NC_060582.1	184
NC_060583.1	184
NC_060585.1	184
NC_060587.1	184
NC_020363.1	184
NC_035143.1	184
NC_037840.1	184
NC_037843.1	184
NC_037845.1	184
NC_039651.1	184
NC_041622.1	184
NC_044731.1	184
NC_044732.1	184
NC_044733.1	184
NC_044734.1	184
NC_044735.1	184
NC_044736.1	184
NC_044739.1	184
NC_072693.1	184
NC_068599.1	184
NC_068604.1	184
NC_068605.1	184
NC_052718.1	184
NC_052752.1	184
NC_034379.1	184
NC_034320.1	184
NC_020365.1	184
NC_020367.1	184
NC_023092.1	184
NC_037849.1	184
NC_037850.1	184
NC_037852.1	184
NC_039654.1	184
NC_056798.1	184
NC_056804.1	184
NC_056805.1	184
NC_060598.1	184
NC_060599.1	184
NC_072702.1	184
NC_072707.1	184
NC_072708.1	184
NC_039668.1	184
NC_056810.1	184
NC_056811.1	184
NC_056812.1	184
NC_056815.1	184
NC_056816.1	184
NC_060607.1	184
NC_060608.1	184
NC_037879.1	184
NC_037881.1	184
NC_037882.1	184
NC_039692.1	184
NC_039693.1	184
NC_039695.1	184
NC_056817.1	184
NC_056818.1	184
NC_056819.1	184
NC_056820.1	184
NC_056821.1	184
NC_056822.1	184
NC_056824.1	184
NC_056825.1	184
NC_056827.1	184
NC_043791.1	184
NC_043819.1	184
NC_060615.1	184
NC_060617.1	184
NC_060618.1	184
NC_062598.1	184
NC_062600.1	184
NC_072724.1	184
NC_020366.1	184
NC_037884.1	184
NC_037885.1	184
NC_039675.1	184
NC_039694.1	184
NC_056828.1	184
NC_056830.1	184
NC_056832.1	184
NC_056833.1	184
NC_056834.1	184
NC_041615.1	184
NC_043792.1	184
NC_043793.1	184
NC_043794.1	184
NC_043795.1	184
NC_043797.1	184
NC_043799.1	184
NC_043800.1	184
NC_069606.1	184
NC_062607.1	184
NC_072505.1	184
NC_072584.1	184
NC_072589.1	184
NC_037898.1	184
NC_037900.1	184
NC_037901.1	184
NC_037902.1	184
NC_037903.1	184
NC_037905.1	184
NC_043801.1	184
NC_043802.1	184
NC_043803.1	184
NC_043804.1	184
NC_043805.1	184
NC_043807.1	184
NC_043808.1	184
NC_043809.1	184
NC_043869.1	184
NC_069616.1	184
NC_069561.1	184
NC_027451.1	184
NC_060629.1	184
NC_060633.1	184
NC_060634.1	184
NC_062619.1	184
NC_072529.1	184
NC_072696.1	184
NC_069045.1	184
NC_069046.1	184
NC_037907.1	184
NC_037908.1	184
NC_039647.1	184
NC_041091.1	184
NC_041092.1	184
NC_043810.1	184
NC_043813.1	184
NC_043813.1	184
NC_043814.1	184
NC_043814.1	184
NC_043815.1	184
NC_043815.1	184
NC_043816.1	184
NC_043816.1	184
NC_043817.1	184
NC_043817.1	184
NC_043818.1	184
NC_043873.1	184
NC_043874.1	184
NC_043954.1	184
NC_069582.1	184
NC_069599.1	184
NC_069601.1	184
NC_069619.1	184
NC_069620.1	184
NC_072567.1	184
NC_072636.1	184
NC_068660.1	184
NC_037950.1	184
NC_037951.1	184
NC_039611.1	184
NC_041103.1	184
NC_041104.1	184
NC_041439.1	184
NC_041468.1	184
NC_043821.1	184
NC_043823.1	184
NC_043825.1	184
NC_043826.1	184
NC_043827.1	184
NC_043829.1	184
NC_069638.1	184
NC_069562.1	184
NC_069563.1	184
NC_069565.1	184
NC_069566.1	184
NC_060646.1	184
NC_060649.1	184
NC_060650.1	184
NC_060651.1	184
NC_060653.1	184
NC_060654.1	184
NC_062646.1	184
NC_023102.1	184
NC_023108.1	184
NC_023109.1	184
NC_056149.1	184
NC_056150.1	184
NC_057115.1	184
NC_041672.1	184
NC_060656.1	184
NC_060657.1	184
NC_062648.1	184
NC_062649.1	184
NC_062650.1	184
NC_062657.1	184
NC_030755.1	184
NC_030757.1	184
NC_069807.1	184
NC_023111.1	184
NC_056164.1	184
NC_056885.1	184
NC_046498.1	184
NC_060663.1	184
NC_060664.1	184
NC_069817.1	184
NC_069818.1	184
NC_069820.1	184
NC_031435.1	184
NC_056169.1	184
NC_056172.1	184
NC_056173.1	184
NC_056174.1	184
NC_056175.1	184
NC_056176.1	184
NC_056177.1	184
NC_027434.1	184
NC_060672.1	184
NC_062669.1	184
NC_030772.1	184
NC_030773.1	184
NC_069821.1	184
NC_069822.1	184
NC_069823.1	184
NC_069824.1	184
NC_069825.1	184
NC_069826.1	184
NC_069829.1	184
NC_023130.1	184
NC_024421.1	184
NC_056179.1	184
NC_056180.1	184
NC_056181.1	184
NC_056182.1	184
NC_056183.1	184
NC_056912.1	184
NC_044691.1	184
NC_044692.1	184
NC_044693.1	184
NC_044694.1	184
NC_060684.1	184
NC_056190.1	184
NC_056191.1	184
NC_056913.1	184
NC_056914.1	184
NC_056915.1	184
NC_056916.1	184
NC_056917.1	184
NC_049897.1	184
NC_027450.1	184
NC_060696.1	184
NC_060698.1	184
NC_060699.1	184
NC_060700.1	184
NC_060701.1	184
NC_062692.1	184
NC_028504.1	184
NC_036828.1	184
NC_069830.1	184
NC_069833.1	184
NC_069834.1	184
NC_069835.1	184
NC_069840.1	184
NC_056202.1	184
NC_056203.1	184
NC_056205.1	184
NC_056206.1	184
NC_056207.1	184
NC_056209.1	184
NC_056210.1	184
NC_056211.1	184
NC_056924.1	184
NC_056926.1	184
NC_041470.1	184
NC_060703.1	184
NC_060707.1	184
NC_062699.1	184
NC_062706.1	184
NC_036830.1	184
NC_036831.1	184
NC_036833.1	184
NC_036834.1	184
NC_036835.1	184
NC_036832.1	184
NC_023113.1	184
NC_023114.1	184
NC_056212.1	184
NC_056213.1	184
NC_056216.1	184
NC_056217.1	184
NC_056218.1	184
NC_056219.1	184
NC_056220.1	184
NC_056221.1	184
NC_056222.1	184
NC_056936.1	184
NC_056937.1	184
NC_056938.1	184
NC_056939.1	184
NC_056940.1	184
NC_056941.1	184
NC_056942.1	184
NC_056944.1	184
NC_056945.1	184
NC_041626.1	184
NC_041431.1	184
NC_026986.1	184
NC_062713.1	184
NC_062714.1	184
NC_062718.1	184
NC_069842.1	184
NC_069843.1	184
NC_069844.1	184
NC_020317.1	184
NC_023115.1	184
NC_023086.1	184
NC_023110.1	184
NC_056223.1	184
NC_056225.1	184
NC_056226.1	184
NC_056228.1	184
NC_056229.1	184
NC_056230.1	184
NC_056231.1	184
NC_056232.1	184
NC_056233.1	184
NC_056946.1	184
NC_056947.1	184
NC_056948.1	184
NC_056949.1	184
NC_056951.1	184
NC_056952.1	184
NC_056953.1	184
NC_041461.1	184
NC_041606.1	184
NC_044727.1	184
NC_044728.1	184
NC_044730.1	184
NC_027078.1	184
NC_027080.1	184
NC_062719.1	184
NC_062720.1	184
NC_062722.1	184
NC_072563.1	184
NC_072578.1	184
NC_072588.1	184
NC_072628.1	184
NC_069896.1	184
NC_070033.1	184
NC_070438.1	184
NC_070192.1	184
NC_052014.1	184
NC_034692.1	184
NC_034705.1	184
NC_034706.1	184
NC_034707.1	184
NC_034708.1	184
NC_037214.1	184
NC_037215.1	184
NC_037216.1	184
NC_037217.1	184
NC_037411.1	184
NC_037412.1	184
NC_037414.1	184
NC_037415.1	184
NC_037416.1	184
NC_037417.1	184
NC_056964.1	184
NC_056965.1	184
NC_045125.1	184
NC_046414.1	184
NC_060724.1	184
NC_060725.1	184
NC_062642.1	184
NC_072514.1	184
NC_072570.1	184
NC_070428.1	184
NC_070491.1	184
NC_070518.1	184
NC_070205.1	184
NC_069917.1	184
NC_037001.1	184
NC_034326.1	184
NC_034327.1	184
NC_035228.1	184
NC_037418.1	184
NC_037419.1	184
NC_037420.1	184
NC_037423.1	184
NC_037424.1	184
NC_056968.1	184
NC_056969.1	184
NC_056970.1	184
NC_056974.1	184
NC_056976.1	184
NC_046464.1	184
NC_046477.1	184
NC_060732.1	184
NC_060733.1	184
NC_072643.1	184
NC_028614.1	184
NC_051878.1	184
NC_051913.1	184
NC_051908.1	184
NC_051894.1	184
NC_051921.1	184
NC_030167.1	184
NC_035229.1	184
NC_035233.1	184
NC_035235.1	184
NC_037438.1	184
NC_037439.1	184
NC_056977.1	184
NC_056978.1	184
NC_056979.1	184
NC_056980.1	184
NC_056981.1	184
NC_026546.1	184
NC_060749.1	184
NC_060750.1	184
NC_062609.1	184
NC_072725.1	184
NC_072629.1	184
NC_072512.1	184
NC_072513.1	184
NC_070468.1	184
NC_070476.1	184
NC_070506.1	184
NC_070065.1	184
NC_069889.1	184
NC_069878.1	184
NC_028618.1	184
NC_051959.1	184
NC_051952.1	184
NC_030173.1	184
NC_030185.1	184
NC_030784.1	184
NC_030786.1	184
NC_030789.1	184
NC_034358.1	184
NC_034359.1	184
NC_034361.1	184
NC_034744.1	184
NC_035236.1	184
NC_035238.1	184
NC_035239.1	184
NC_037442.1	184
NC_037455.1	184
NC_037456.1	184
NC_037457.1	184
NC_037458.1	184
NC_056989.1	184
NC_056993.1	184
NC_056995.1	184
NC_060751.1	184
NC_060752.1	184
NC_060755.1	184
NC_060756.1	184
NC_060757.1	184
NC_062645.1	184
NC_070024.1	184
NC_069871.1	184
NC_070411.1	184
NC_030193.1	184
NC_030194.1	184
NC_034362.1	184
NC_034365.1	184
NC_034366.1	184
NC_034368.1	184
NC_034369.1	184
NC_034370.1	184
NC_034371.1	184
NC_034687.1	184
NC_037461.1	184
NC_037462.1	184
NC_022460.1	184
NC_056999.1	184
NC_057000.1	184
NC_057001.1	184
NC_060763.1	184
NC_060764.1	184
NC_034634.1	184
NC_070042.1	184
NC_070081.1	184
NC_069949.1	184
NC_030180.1	184
NC_034357.1	184
NC_034364.1	184
NC_034363.1	184
NC_034367.1	184
NC_034360.1	184
NC_037475.1	184
NC_056826.1	184
NC_056829.1	184
NC_044118.1	184
NC_060775.1	184
NC_060776.1	184
NC_060777.1	184
NC_060778.1	184
NC_069827.1	184
NC_070394.1	184
NC_037477.1	184
NC_037489.1	184
NC_037490.1	184
NC_037491.1	184
NC_037492.1	184
NC_023084.1	184
NC_031370.1	184
NC_008235.1	184
NC_053892.1	184
NC_053894.1	184
NC_053895.1	184
NC_053896.1	184
NC_053899.1	184
NC_056244.1	184
NC_056245.1	184
NC_056250.1	184
NC_056251.1	184
NC_056252.1	184
NC_041634.1	184
NC_041637.1	184
NC_042275.1	184
NC_042276.1	184
NC_042277.1	184
NC_042278.1	184
NC_042279.1	184
NC_042281.1	184
NC_042282.1	184
NC_044156.1	184
NC_031434.1	184
NC_070233.1	184
NC_070234.1	184
NC_053902.1	184
NC_053907.1	184
NC_053909.1	184
NC_053910.1	184
NC_035718.1	184
NC_056254.1	184
NC_056255.1	184
NC_056256.1	184
NC_041648.1	184
NC_042283.1	184
NC_046396.1	184
NC_046503.1	184
NC_026541.1	184
NC_068699.1	184
NC_068700.1	184
NC_068701.1	184
NC_068702.1	184
NC_068703.1	184
NC_068704.1	184
NC_031436.1	184
NC_070237.1	184
NC_070238.1	184
NC_070239.1	184
NC_070244.1	184
NC_032296.1	184
NC_053911.1	184
NC_053912.1	184
NC_053913.1	184
NC_053914.1	184
NC_053915.1	184
NC_035723.1	184
NC_035724.1	184
NC_035727.1	184
NC_035729.1	184
NC_024036.1	184
NC_054193.1	184
NC_054217.1	184
NC_056268.1	184
NC_041649.1	184
NC_042232.1	184
NC_042265.1	184
NC_042280.1	184
NC_042193.1	184
NC_046602.1	184
NC_068711.1	184
NC_068712.1	184
NC_070245.1	184
NC_070248.1	184
NC_036979.1	184
NC_036984.1	184
NC_036985.1	184
NC_036986.1	184
NC_037022.1	184
NC_037361.1	184
NC_037362.1	184
NC_024038.1	184
NC_042262.1	184
NC_042164.1	172
NC_042228.1	184
NC_042284.1	184
NC_042254.1	184
NC_026567.1	184
NC_068721.1	184
NC_068722.1	184
NC_068724.1	184
NC_037023.1	184
NC_037040.1	184
NC_036966.1	184
NC_036958.1	184
NC_053932.1	184
NC_053938.1	184
NC_035743.1	184
NC_035745.1	184
NC_056286.1	184
NC_056289.1	184
NC_042201.1	184
NC_042269.1	184
NC_026981.1	184
NC_026982.1	184
NC_069047.1	184
NC_069048.1	184
NC_069049.1	184
NC_037388.1	184
NC_037400.1	184
NC_038229.1	184
NC_056294.1	184
NC_056295.1	184
NC_056300.1	184
NC_056301.1	184
NC_042270.1	184
NC_042271.1	184
NC_042272.1	184
NC_042273.1	184
NC_027077.1	184
NC_068750.1	184
NC_051907.1	184
NC_070274.1	184
NC_070275.1	184
NC_035704.1	184
NC_035681.1	184
NC_035693.1	184
NC_063565.1	184
NC_045093.1	184
NC_051954.1	184
NC_051955.1	184
NC_051956.1	184
NC_051957.1	184
NC_036141.1	184
NC_036142.1	184
NC_036143.1	184
NC_056315.1	184
NC_056316.1	184
NC_056322.1	184
NC_041612.1	184
NC_041614.1	184
NC_044100.1	184
NC_044102.1	184
NC_062793.1	184
NC_062796.1	184
NC_051960.1	184
NC_051961.1	184
NC_051966.1	184
NC_031371.1	184
NC_036151.1	184
NC_036152.1	184
NC_036153.1	184
NC_036154.1	184
NC_036021.1	184
NC_056328.1	184
NC_041616.1	184
NC_044105.1	184
NC_044106.1	184
NC_044108.1	184
NC_046397.1	184
NC_046515.1	184
NC_060799.1	184
NC_062799.1	184
NC_062802.1	184
NC_062804.1	184
NC_062805.1	184
NC_051969.1	184
NC_051971.1	184
NC_051972.1	184
NC_051973.1	184
NC_031376.1	184
NC_031386.1	184
NC_036140.1	184
NC_035678.1	184
NC_035975.1	184
NC_035997.1	184
NC_035974.1	184
NC_056337.1	184
NC_056338.1	184
NC_056339.1	184
NC_056340.1	184
NC_041617.1	184
NC_041618.1	184
NC_041619.1	184
NC_044114.1	184
NC_044115.1	184
NC_044116.1	184
NC_046488.1	184
NC_046574.1	184
NC_025305.1	184
NC_060800.1	184
NC_060805.1	184
NC_062810.1	184
NC_028517.1	184
NC_051987.1	184
NC_051988.1	184
NC_051991.1	184
NC_031395.1	184
NC_069868.1	184
NC_069869.1	184
NC_069870.1	184
NC_069872.1	184
NC_069874.1	184
NC_069875.1	184
NC_035680.2	184
NC_035999.1	184
NC_035969.1	184
NC_041620.1	184
NC_044123.1	184
NC_060810.1	184
NC_060811.1	184
NC_028523.1	184
NC_028524.1	184
NC_028525.1	184
NC_051992.1	184
NC_052006.1	184
NC_052007.1	184
NC_031399.1	184
NC_031400.1	184
NC_035686.1	184
NC_035687.1	184
NC_035688.1	184
NC_035689.1	184
NC_035690.1	184
NC_056361.1	184
NC_056362.1	184
NC_041623.1	184
NC_041624.1	184
NC_044126.1	184
NC_031414.1	184
NC_069885.1	184
NC_035691.1	184
NC_035692.1	184
NC_035694.1	184
NC_035696.1	184
NC_035697.1	184
NC_035698.1	184
NC_035699.1	184
NC_035700.1	184
NC_056372.1	184
NC_041625.1	184
NC_041627.1	184
NC_041628.1	184
NC_045087.1	184
NC_060827.1	184
NC_060830.1	184
NC_060832.1	184
NC_028549.1	184
NC_069894.1	184
NC_069895.1	184
NC_035706.1	184
NC_035709.1	184
NC_035711.1	184
NC_035712.1	184
NC_056380.1	184
NC_056383.1	184
NC_056387.1	184
NC_041629.1	184
NC_041630.1	184
NC_045063.1	184
NC_045048.1	184
NC_045061.1	184
NC_031433.1	184
NC_069903.1	184
NC_056393.1	184
NC_041631.1	184
NC_062862.1	184
NC_062864.1	184
NC_062868.1	184
NC_062869.1	184
NC_062870.1	184
NC_062871.1	184
NC_021102.1	184
NC_034840.1	184
NC_034871.1	184
NC_034915.1	184
NC_034898.1	184
NC_053700.1	184
NC_053703.1	184
NC_054265.1	184
NC_024067.1	184
NC_056184.1	184
NC_045233.1	184
NC_045234.1	184
NC_045235.1	184
NC_062872.1	184
NC_034639.1	184
NC_034640.1	184
NC_034641.1	184
NC_034644.1	184
NC_034645.1	184
NC_054364.1	184
NC_053736.1	184
NC_056319.1	184
NC_056192.1	184
NC_056313.1	184
NC_056935.1	184
NC_056971.1	184
NC_045241.1	184
NC_045242.1	184
NC_037696.1	184
NC_071797.1	184
NC_071803.1	184
NC_071957.1	184
NC_068781.1	184
NC_028429.1	184
NC_028430.1	184
NC_034648.1	184
NC_053850.1	184
NC_056178.1	184
NC_056266.1	184
NC_040178.1	184
NC_045251.1	184
NC_045252.1	184
NC_045255.1	184
NC_045256.1	184
NC_045257.1	184
NC_045258.1	184
NC_045259.1	184
NC_045260.1	184
NC_062892.1	184
NC_062896.1	184
NC_062897.1	184
NC_062898.1	184
NC_062899.1	184
NC_062901.1	184
NC_071815.1	184
NC_071846.1	184
NC_071868.1	184
NC_023107.1	184
NC_034660.1	184
NC_034662.1	184
NC_034864.1	184
NC_034880.1	184
NC_034890.1	184
NC_034913.1	184
NC_053602.1	184
NC_067730.1	184
NC_067734.1	184
NC_067735.1	184
NC_067736.1	184
NC_067738.1	184
NC_042605.1	184
NC_045261.1	184
NC_045262.1	184
NC_045263.1	184
NC_045264.1	184
NC_045265.1	184
NC_045266.1	184
NC_045267.1	184
NC_036260.1	184
NC_062903.1	184
NC_062905.1	184
NC_062906.1	184
NC_062907.1	184
NC_062909.1	184
NC_068799.1	184
NC_068800.1	184
NC_034671.1	184
NC_056312.1	184
NC_056318.1	184
NC_056382.1	184
NC_045275.1	184
NC_045276.1	184
NC_045278.1	184
NC_045279.1	184
NC_026291.1	184
NC_062912.1	184
NC_062915.1	184
NC_062917.1	184
NC_035703.1	184
NC_035707.1	184
NC_056929.1	184
NC_056930.1	184
NC_056932.1	184
NC_056933.1	184
NC_056934.1	184
NC_050035.1	184
NC_050036.1	184
NC_062924.1	184
NC_034716.1	184
NC_035695.1	184
NC_035710.1	184
NC_067740.1	184
NC_067741.1	184
NC_067742.1	184
NC_067743.1	184
NC_039381.1	184
NC_056214.1	184
NC_056208.1	184
NC_056227.1	184
NC_056986.1	184
NC_057003.1	184
NC_056973.1	184
NC_056931.1	184
NC_056809.1	184
NC_045295.1	184
NC_045296.1	184
NC_046884.1	184
NC_046883.1	184
NC_050037.1	184
NC_050039.1	184
NC_050040.1	184
NC_050935.1	184
NC_050812.1	184
NC_050937.1	184
NC_050985.1	184
NC_071849.1	184
NC_071782.1	184
NC_071837.1	184
NC_021636.1	184
NC_035959.1	184
NC_035968.1	184
NC_035970.1	184
NC_056247.1	184
NC_029469.1	184
NC_045298.1	184
NC_045299.1	184
NC_045303.1	184
NC_049110.1	184
NC_049112.1	184
NC_049113.1	184
NC_050903.1	184
NC_050832.1	184
NC_050926.1	184
NC_028209.1	184
NC_070276.1	184
NC_070277.1	184
NC_070283.1	184
NC_070284.1	184
NC_029950.1	184
NC_030171.1	184
NC_069648.1	184
NC_069649.1	184
NC_069650.1	184
NC_034903.1	184
NC_034908.1	184
NC_024543.1	184
NC_067547.1	184
NC_067548.1	184
NC_067549.1	184
NC_067550.1	184
NC_039975.1	184
NC_041593.1	184
NC_042443.1	184
NC_042444.1	184
NC_046874.1	184
NC_046875.1	184
NC_046876.1	184
NC_046882.1	184
NC_046885.1	184
NC_049126.1	184
NC_049127.1	184
NC_050917.1	184
NC_050920.1	184
NC_050922.1	184
NC_050923.1	184
NC_050925.1	184
NC_050944.1	184
NC_050802.1	184
NC_070285.1	184
NC_070286.1	184
NC_070287.1	184
NC_070288.1	184
NC_069583.1	184
NC_069574.1	184
NC_034914.1	184
NC_039985.1	184
NC_039989.1	184
NC_046897.1	184
NC_049132.1	184
NC_049133.1	184
NC_060840.1	184
NC_050927.1	184
NC_050928.1	184
NC_050929.1	184
NC_050939.1	184
NC_050941.1	184
NC_050810.1	184
NC_050817.1	184
NC_062961.1	184
NC_062962.1	184
NC_062865.1	184
NC_070298.1	184
NC_069639.1	184
NC_069598.1	184
NC_069564.1	184
NC_034925.1	184
NC_034926.1	184
NC_023463.1	184
NC_067568.1	184
NC_067570.1	184
NC_057049.1	184
NC_041580.1	184
NC_041588.1	184
NC_041596.1	184
NC_042384.1	184
NC_042428.1	184
NC_042388.1	184
NC_045219.1	184
NC_049137.1	184
NC_049138.1	184
NC_049139.1	184
NC_049141.1	184
NC_049142.1	184
NC_049144.1	184
NC_060845.1	184
NC_060847.1	184
NC_050943.1	184
NC_050946.1	184
NC_027941.1	184
NC_070307.1	184
NC_034932.1	184
NC_034934.1	184
NC_034935.1	184
NC_034936.1	184
NC_067585.1	184
NC_067587.1	184
NC_067588.1	184
NC_041609.1	184
NC_042451.1	184
NC_042460.1	184
NC_049145.1	184
NC_049147.1	184
NC_049148.1	184
NC_049149.1	184
NC_026197.1	184
NC_060853.1	184
NC_060854.1	184
NC_060855.1	184
NC_050951.1	184
NC_050967.1	184
NC_067589.1	184
NC_067590.1	184
NC_067592.1	184
NC_067593.1	184
NC_057069.1	184
NC_045183.1	184
NC_049157.1	184
NC_049158.1	184
NC_049161.1	184
NC_049162.1	184
NC_049163.1	184
NC_060861.1	184
NC_050970.1	184
NC_050977.1	184
NC_062874.1	184
NC_062902.1	184
NC_062895.1	184
NC_028027.1	184
NC_034951.1	184
NC_034952.1	184
NC_024541.1	184
NC_024544.1	184
NC_067609.1	184
NC_057082.1	184
NC_060863.1	184
NC_060864.1	184
NC_060865.1	184
NC_060866.1	184
NC_050980.1	184
NC_050986.1	184
NC_062824.1	184
NC_070339.1	184
NC_029951.1	184
NC_067612.1	184
NC_067613.1	184
NC_067614.1	184
NC_057087.1	184
NC_042606.1	184
NC_042607.1	184
NC_042608.1	184
NC_042609.1	184
NC_042610.1	184
NC_046936.1	184
NC_046937.1	184
NC_046947.1	184
NC_050990.1	184
NC_028185.1	184
NC_070341.1	184
NC_070342.1	184
NC_070343.1	184
NC_070345.1	184
NC_070347.1	184
NC_070348.1	184
NC_034889.1	184
NC_034909.1	184
NC_034858.1	184
NC_034882.1	184
NC_034848.1	184
NC_067064.1	184
NC_057105.1	184
NC_057106.1	184
NC_057108.1	184
NC_042611.1	184
NC_042612.1	184
NC_049037.1	184
NC_049038.1	184
NC_049664.1	184
NC_049665.1	184
NC_049666.1	184
NC_049667.1	184
NC_049668.1	184
NC_049670.1	184
NC_049672.1	184
NC_049863.1	184
NC_049867.1	184
NC_049869.1	184
NC_060335.1	184
NC_062873.1	184
NC_062908.1	184
NC_062911.1	184
NC_030706.1	184
NC_030708.1	184
NC_022378.1	184
NC_039958.1	184
NC_057129.1	184
NC_057130.1	184
NC_057131.1	184
NC_057132.1	184
NC_057134.1	184
NC_057135.1	184
NC_057136.1	184
NC_057137.1	184
NC_042377.1	184
NC_042399.1	184
NC_042463.1	184
NC_042449.1	184
NC_046815.1	184
NC_046816.1	184
NC_046818.1	184
NC_046819.1	184
NC_046820.1	184
NC_046821.1	184
NC_046938.1	184
NC_046939.1	184
NC_049051.1	184
NC_049052.1	184
NC_049054.1	184
NC_049674.1	184
NC_049677.1	184
NC_049678.1	184
NC_049680.1	184
NC_049683.1	184
NC_049870.1	184
NC_049875.1	184
NC_060689.1	184
NC_060706.1	184
NC_060408.1	184
NC_060507.1	184
NC_060478.1	184
NC_060417.1	184
NC_030719.1	184
NC_030722.1	184
NC_037083.1	184
NC_034847.1	184
NC_034849.1	184
NC_034850.1	184
NC_034851.1	184
NC_034852.1	184
NC_034853.1	184
NC_034854.1	184
NC_067939.1	184
NC_067940.1	184
NC_067397.1	184
NC_067942.1	184
NC_057139.1	184
NC_057140.1	184
NC_057141.1	184
NC_057145.1	184
NC_042454.1	184
NC_046822.1	184
NC_046853.1	184
NC_046817.1	184
NC_049055.1	184
NC_049056.1	184
NC_049057.1	184
NC_049058.1	184
NC_049060.1	184
NC_049062.1	184
NC_049686.1	184
NC_049679.1	184
NC_049636.1	184
NC_049671.1	184
NC_049884.1	184
NC_049885.1	184
NC_060440.1	184
NC_050853.1	184
NC_050858.1	184
NC_050859.1	184
NC_034855.1	184
NC_034856.1	184
NC_034857.1	184
NC_034859.1	184
NC_034860.1	184
NC_034861.1	184
NC_034862.1	184
NC_023544.1	184
NC_024060.1	184
NC_024061.1	184
NC_024062.1	184
NC_067950.1	184
NC_039395.1	184
NC_046828.1	184
NC_049577.1	184
NC_049654.1	184
NC_049589.1	184
NC_049615.1	184
NC_049669.1	184
NC_049681.1	184
NC_049651.1	184
NC_049886.1	184
NC_049887.1	184
NC_049889.1	184
NC_060470.1	184
NC_060363.1	184
NC_060529.1	184
NC_060616.1	184
NC_050861.1	184
NC_050865.1	184
NC_050866.1	184
NC_050867.1	184
NC_028147.1	184
NC_030721.1	184
NC_029370.1	184
NC_034863.1	184
NC_034865.1	184
NC_034866.1	184
NC_034867.1	184
NC_034868.1	184
NC_034869.1	184
NC_053312.1	184
NC_053330.1	184
NC_053356.1	184
NC_053263.1	184
NC_053251.1	184
NC_057163.1	184
NC_057164.1	184
NC_057165.1	184
NC_057171.1	184
NC_046835.1	184
NC_049078.1	184
NC_049080.1	184
NC_049082.1	184
NC_049083.1	184
NC_049576.1	184
NC_049590.1	184
NC_049597.1	184
NC_049622.1	184
NC_049630.1	184
NC_049656.1	184
NC_049898.1	184
NC_026772.1	184
NC_026773.1	184
NC_060404.1	184
NC_060572.1	184
NC_050868.1	184
NC_050869.1	184
NC_050870.1	184
NC_028149.1	184
NC_026787.1	184
NC_034870.1	184
NC_034872.1	184
NC_034873.1	184
NC_034874.1	184
NC_034875.1	184
NC_034876.1	184
NC_034877.1	184
NC_053258.1	184
NC_067968.1	184
NC_067975.1	184
NC_067976.1	184
NC_067977.1	184
NC_039414.1	184
NC_039416.1	184
NC_039417.1	184
NC_057172.1	184
NC_057173.1	184
NC_057175.1	184
NC_057176.1	184
NC_057177.1	184
NC_057178.1	184
NC_057179.1	184
NC_057181.1	184
NC_046836.1	184
NC_046837.1	184
NC_046841.1	184
NC_046844.1	184
NC_049084.1	184
NC_049086.1	184
NC_049090.1	184
NC_049620.1	184
NC_028170.1	184
NC_027073.1	184
NC_034878.1	184
NC_034879.1	184
NC_034881.1	184
NC_034883.1	184
NC_034884.1	184
NC_034885.1	184
NC_034886.1	184
NC_067978.1	184
NC_067979.1	184
NC_067980.1	184
NC_067982.1	184
NC_067983.1	184
NC_067985.1	184
NC_067986.1	184
NC_067988.1	184
NC_039424.1	184
NC_039425.1	184
NC_057182.1	184
NC_057187.1	184
NC_041587.1	184
NC_041613.1	184
NC_046845.1	184
NC_046847.1	184
NC_046852.1	184
NC_046854.1	184
NC_060828.1	184
NC_028171.1	184
NC_071196.1	184
NC_034887.1	184
NC_034888.1	184
NC_034891.1	184
NC_034892.1	184
NC_034893.1	184
NC_034894.1	184
NC_034895.1	184
NC_067989.1	184
NC_067990.1	184
NC_067991.1	184
NC_067993.1	184
NC_067996.1	184
NC_067997.1	184
NC_041621.1	184
NC_046855.1	184
NC_046857.1	184
NC_046858.1	184
NC_046859.1	184
NC_046862.1	184
NC_046863.1	184
NC_046864.1	184
NC_060499.1	184
NC_060812.1	184
NC_050895.1	184
NC_050896.1	184
NC_050897.1	184
NC_050899.1	184
NC_050900.1	184
NC_050901.1	184
NC_071198.1	184
NC_071202.1	184
NC_071205.1	184
NC_071206.1	184
NC_071207.1	184
NC_034896.1	184
NC_034897.1	184
NC_034899.1	184
NC_034900.1	184
NC_034901.1	184
NC_034902.1	184
NC_067999.1	184
NC_068000.1	184
NC_068001.1	184
NC_068002.1	184
NC_068003.1	184
NC_068008.1	184
NC_057203.1	184
NC_057205.1	184
NC_057206.1	184
NC_041592.1	184
NC_042408.1	184
NC_045193.1	184
NC_046865.1	184
NC_046866.1	184
NC_046868.1	184
NC_046869.1	184
NC_046871.1	184
NC_046872.1	184
NC_046873.1	184
NC_048959.1	184
NC_048960.1	184
NC_048961.1	184
NC_048966.1	184
NC_049583.1	184
NC_049584.1	184
NC_049585.1	184
NC_049586.1	184
NC_049587.1	184
NC_049588.1	184
NC_049591.1	184
NC_049592.1	184
NC_049593.1	184
NC_050782.1	184
NC_050783.1	184
NC_050784.1	184
NC_050785.1	184
NC_068838.1	184
NC_068839.1	184
NC_068840.1	184
NC_029970.1	184
NC_029972.1	184
NC_029974.1	184
NC_029966.1	184
NC_029937.1	184
NC_069556.1	184
NC_069557.1	184
NC_069560.1	184
NC_023260.1	184
NC_022406.1	184
NC_040160.1	184
NC_040164.1	184
NC_042398.1	184
NC_046737.1	184
NC_046739.1	184
NC_046742.1	184
NC_046744.1	184
NC_048978.1	184
NC_048981.1	184
NC_049594.1	184
NC_049596.1	184
NC_049598.1	184
NC_049599.1	184
NC_049600.1	184
NC_049602.1	184
NC_049603.1	184
NC_026775.1	184
NC_026776.1	184
NC_026779.1	184
NC_050786.1	184
NC_050788.1	184
NC_050789.1	184
NC_069567.1	184
NC_069568.1	184
NC_069569.1	184
NC_069570.1	184
NC_069571.1	184
NC_022926.1	184
NC_022927.1	184
NC_040170.1	184
NC_046745.1	184
NC_046746.1	184
NC_046752.1	184
NC_048982.1	184
NC_048983.1	184
NC_049604.1	184
NC_049605.1	184
NC_049606.1	184
NC_049607.1	184
NC_049608.1	184
NC_049609.1	184
NC_049610.1	184
NC_026785.1	184
NC_026786.1	184
NC_050790.1	184
NC_050791.1	184
NC_050792.1	184
NC_050793.1	184
NC_050794.1	184
NC_042424.1	184
NC_042425.1	184
NC_042426.1	184
NC_042427.1	184
NC_046755.1	184
NC_046758.1	184
NC_046760.1	184
NC_046761.1	184
NC_048992.1	184
NC_048993.1	184
NC_048997.1	184
NC_049000.1	184
NC_049612.1	184
NC_049613.1	184
NC_049617.1	184
NC_049618.1	184
NC_049621.1	184
NC_049623.1	184
NC_026444.1	184
NC_050798.1	184
NC_050799.1	184
NC_050801.1	184
NC_050804.1	184
NC_050805.1	184
NC_068871.1	184
NC_071161.1	184
NC_071162.1	184
NC_071164.1	184
NC_069592.1	184
NC_069595.1	184
NC_069596.1	184
NC_069597.1	184
NC_033343.1	184
NC_033344.1	184
NC_042446.1	184
NC_046770.1	184
NC_046772.1	184
NC_049005.1	184
NC_049006.1	184
NC_049624.1	184
NC_049626.1	184
NC_049627.1	184
NC_049628.1	184
NC_049629.1	184
NC_049632.1	184
NC_049633.1	184
NC_026445.1	184
NC_050806.1	184
NC_050807.1	184
NC_050808.1	184
NC_050809.1	184
NC_050811.1	184
NC_050813.1	184
NC_050814.1	184
NC_068877.1	184
NC_068879.1	184
NC_029960.1	184
NC_069600.1	184
NC_069602.1	184
NC_069603.1	184
NC_069604.1	184
NC_069605.1	184
NC_069607.1	184
NC_033345.1	184
NC_033350.1	184
NC_033354.1	184
NC_033355.1	184
NC_053551.1	184
NC_053552.1	184
NC_053554.1	184
NC_053555.1	184
NC_053565.1	184
NC_040113.1	184
NC_042447.1	184
NC_042448.1	184
NC_042450.1	184
NC_042452.1	184
NC_042453.1	184
NC_042455.1	184
NC_042456.1	184
NC_046777.1	184
NC_046781.1	184
NC_046782.1	184
NC_047178.1	184
NC_049010.1	184
NC_049017.1	184
NC_049634.1	184
NC_049635.1	184
NC_049637.1	184
NC_049638.1	184
NC_049639.1	184
NC_049642.1	184
NC_049643.1	184
NC_050815.1	184
NC_050816.1	184
NC_050818.1	184
NC_050819.1	184
NC_050820.1	184
NC_050821.1	184
NC_050822.1	184
NC_068891.1	184
NC_068894.1	184
NC_071758.1	184
NC_071759.1	184
NC_029971.1	184
NC_069613.1	184
NC_069614.1	184
NC_069615.1	184
NC_069617.1	184
NC_069618.1	184
NC_024063.1	184
NC_024064.1	184
NC_024065.1	184
NC_024066.1	184
NC_042457.1	184
NC_042458.1	184
NC_042459.1	184
NC_042461.1	184
NC_042462.1	184
NC_042464.1	184
NC_042465.1	184
NC_046783.1	184
NC_046787.1	184
NC_047204.1	184
NC_047315.1	184
NC_047264.1	184
NC_049018.1	184
NC_049020.1	184
NC_049646.1	184
NC_049647.1	184
NC_049648.1	184
NC_049649.1	184
NC_049652.1	184
NC_026446.1	184
NC_050824.1	184
NC_050825.1	184
NC_050826.1	184
NC_050827.1	184
NC_050828.1	184
NC_050830.1	184
NC_068899.1	184
NC_068900.1	184
NC_071165.1	184
NC_071167.1	184
NC_071168.1	184
NC_071169.1	184
NC_071170.1	184
NC_071171.1	184
NC_071172.1	184
NC_071173.1	184
NC_071174.1	184
NC_033377.1	184
NC_053618.1	184
NC_053619.1	184
NC_040121.1	184
NC_040126.1	184
NC_040223.1	184
NC_042466.1	184
NC_042467.1	184
NC_042468.1	184
NC_046796.1	184
NC_046801.1	184
NC_046804.1	184
NC_049653.1	184
NC_049655.1	184
NC_049657.1	184
NC_049658.1	184
NC_049660.1	184
NC_049661.1	184
NC_049662.1	184
NC_049663.1	184
NC_050833.1	184
NC_068908.1	184
NC_068818.1	184
NC_071776.1	184
NC_071777.1	184
NC_071778.1	184
NC_029808.1	184
NC_030702.1	184
NC_030704.1	184
NC_030705.1	184
NC_071176.1	184
NC_071177.1	184
NC_071181.1	184
NC_069634.1	184
NC_069635.1	184
NC_053775.1	184
NC_024027.1	184
NC_036072.1	184
NC_036089.1	184
NC_040167.1	184
NC_046805.1	184
NC_046810.1	184
NC_046812.1	184
NC_046813.1	184
NC_046814.1	184
NC_046789.1	184
NC_046891.1	184
NC_046893.1	184
NC_046895.1	184
NC_046896.1	184
NC_027076.1	184
NC_027079.1	184
NC_050667.1	184
NC_050668.1	184
NC_050669.1	184
NC_050670.1	184
NC_068661.1	184
NC_070326.1	184
NC_070355.1	184
NC_070357.1	184
NC_070358.1	184
NC_035536.1	184
NC_035538.1	184
NC_035539.1	184
NC_035540.1	184
NC_035541.1	184
NC_035542.1	184
NC_035543.1	184
NC_057220.1	184
NC_046685.1	184
NC_050672.1	184
NC_050674.1	184
NC_050678.1	184
NC_069873.1	184
NC_069968.1	184
NC_053726.1	184
NC_053576.1	184
NC_053626.1	184
NC_035544.1	184
NC_035545.1	184
NC_037517.1	184
NC_057229.1	184
NC_046018.1	184
NC_046019.1	184
NC_046687.1	184
NC_046692.1	184
NC_046693.1	184
NC_050684.1	184
NC_050687.1	184
NC_050690.1	184
NC_063083.1	184
NC_063084.1	184
NC_063085.1	184
NC_063087.1	184
NC_068780.1	184
NC_068801.1	184
NC_068850.1	184
NC_069828.1	184
NC_069836.1	184
NC_069921.1	184
NC_037495.1	184
NC_037443.1	184
NC_037459.1	184
NC_037410.1	184
NC_024545.1	184
NC_040106.1	184
NC_057235.1	184
NC_057236.1	184
NC_057238.1	184
NC_045182.1	184
NC_045184.1	184
NC_050671.1	184
NC_068705.1	184
NC_068758.1	184
NC_070364.1	184
NC_053706.1	184
NC_053849.1	184
NC_040116.1	184
NC_040122.1	184
NC_057245.1	184
NC_057254.1	184
NC_046699.1	184
NC_046700.1	184
NC_046702.1	184
NC_063108.1	184
NC_068653.1	184
NC_068654.1	184
NC_070036.1	184
NC_070100.1	184
NC_053784.1	184
NC_053620.1	184
NC_053830.1	184
NC_035566.1	184
NC_035569.1	184
NC_057255.1	184
NC_057258.1	184
NC_050741.1	184
NC_050744.1	184
NC_063110.1	184
NC_063113.1	184
NC_063116.1	184
NC_068657.1	184
NC_070450.1	184
NC_070453.1	184
NC_070492.1	184
NC_070505.1	184
NC_070515.1	184
NC_070520.1	184
NC_032709.1	184
NC_053866.1	184
NC_053933.1	184
NC_053893.1	184
NC_035570.1	184
NC_035574.1	184
NC_037425.1	184
NC_040141.1	184
NC_057266.1	184
NC_057267.1	184
NC_057275.1	184
NC_042372.1	184
NC_042373.1	184
NC_042374.1	184
NC_042375.1	184
NC_049569.1	184
NC_049570.1	184
NC_049571.1	184
NC_063129.1	184
NC_051893.1	184
NC_029947.1	184
NC_029948.1	184
NC_029949.1	184
NC_029952.1	184
NC_029953.1	184
NC_029954.1	184
NC_029955.1	184
NC_029956.1	184
NC_070132.1	184
NC_069906.1	184
NC_070442.1	184
NC_070129.1	184
NC_070098.1	184
NC_070481.1	184
NC_053577.1	184
NC_053656.1	184
NC_053708.1	184
NC_035588.1	184
NC_037427.1	184
NC_037433.1	184
NC_037506.1	184
NC_023247.1	184
NC_040144.1	184
NC_057277.1	184
NC_057279.1	184
NC_057283.1	184
NC_057284.1	184
NC_042376.1	184
NC_042381.1	184
NC_042382.1	184
NC_042383.1	184
NC_042385.1	184
NC_042386.1	184
NC_048952.1	184
NC_048953.1	184
NC_048955.1	184
NC_049572.1	184
NC_049575.1	184
NC_049578.1	184
NC_049579.1	184
NC_049581.1	184
NC_025333.1	184
NC_027099.1	184
NC_059875.1	184
NC_061708.1	184
NC_068715.1	184
NC_068716.1	184
NC_051911.1	184
NC_051924.1	184
NC_051958.1	184
NC_029957.1	184
NC_029958.1	184
NC_029959.1	184
NC_029961.1	184
NC_029963.1	184
NC_029965.1	184
NC_029967.1	184
NC_029968.1	184
NC_029969.1	184
NC_069966.1	184
NC_069967.1	184
NC_069969.1	184
NC_069970.1	184
NC_069971.1	184
NC_069972.1	184
NC_069973.1	184
NC_053924.1	184
NC_035589.1	184
NC_035590.1	184
NC_037514.1	184
NC_023256.1	184
NC_023259.1	184
NC_057287.1	184
NC_057290.1	184
NC_042387.1	184
NC_042390.1	184
NC_045211.1	184
NC_060442.1	184
NC_070418.1	184
NC_071209.1	184
NC_071212.1	184
NC_071213.1	184
NC_071214.1	184
NC_070388.1	184
NC_070389.1	184
NC_070392.1	184
NC_070393.1	184
NC_029999.1	184
NC_057298.1	184
NC_057299.1	184
NC_057308.1	184
NC_060347.1	184
NC_060449.1	184
NC_060702.1	184
NC_050965.1	184
NC_050829.1	184
NC_050823.1	184
NC_050803.1	184
NC_050902.1	184
NC_050948.1	184
NC_070391.1	184
NC_069982.1	184
NC_070454.1	184
NC_071221.1	184
NC_071223.1	184
NC_071224.1	184
NC_071226.1	184
NC_071227.1	184
NC_071228.1	184
NC_070395.1	184
NC_070396.1	184
NC_070398.1	184
NC_070399.1	184
NC_070400.1	184
NC_070401.1	184
NC_070402.1	184
NC_030550.1	184
NC_030561.1	184
NC_053344.1	184
NC_057309.1	184
NC_043861.1	184
NC_043798.1	184
NC_043811.1	184
NC_043822.1	184
NC_043824.1	184
NC_044824.1	184
NC_046017.1	184
NC_050787.1	184
NC_050919.1	184
NC_070344.1	184
NC_069947.1	184
NC_070251.1	184
NC_070356.1	184
NC_070525.1	184
NC_029334.1	184
NC_070403.1	184
NC_070406.1	184
NC_070410.1	184
NC_057133.1	184
NC_057180.1	184
NC_044082.1	184
NC_044844.1	184
NC_044626.1	184
NC_044627.1	184
NC_044628.1	184
NC_044630.1	184
NC_044631.1	184
NC_044632.1	184
NC_046038.1	184
NC_060338.1	184
NC_050991.1	184
NC_070485.1	184
NC_070511.1	184
NC_069963.1	184
NC_070032.1	184
NC_029336.1	184
NC_029337.1	184
NC_029431.1	184
NC_071248.1	184
NC_071249.1	184
NC_070412.1	184
NC_070413.1	184
NC_070414.1	184
NC_070415.1	184
NC_070416.1	184
NC_070417.1	184
NC_070419.1	184
NC_020019.1	184
NC_057246.1	184
NC_057196.1	184
NC_044633.1	184
NC_044634.1	184
NC_044644.1	184
NC_044645.1	184
NC_046054.1	184
NC_060471.1	184
NC_060514.1	184
NC_060547.1	184
NC_070117.1	184
NC_070140.1	184
NC_069819.1	184
NC_029433.1	184
NC_070420.1	184
NC_070421.1	184
NC_070422.1	184
NC_070423.1	184
NC_070424.1	184
NC_057128.1	184
NC_057190.1	184
NC_042369.1	184
NC_044671.1	184
NC_060793.1	184
NC_060352.1	184
NC_060360.1	184
NC_070447.1	184
NC_070471.1	184
NC_070501.1	184
NC_029406.1	184
NC_071222.1	184
NC_071201.1	184
NC_070425.1	184
NC_070426.1	184
NC_070427.1	184
NC_070429.1	184
NC_044798.1	184
NC_044799.1	184
NC_044800.1	184
NC_046065.1	184
NC_046015.1	184
NC_050648.1	184
NC_050650.1	184
NC_027425.1	184
NC_060525.1	184
NC_060549.1	184
NC_030260.1	184
NC_071166.1	184
NC_071203.1	184
NC_071163.1	184
NC_071179.1	184
NC_071211.1	184
NC_031186.1	184
NC_070430.1	184
NC_070431.1	184
NC_070432.1	184
NC_070433.1	184
NC_070439.1	184
NC_070440.1	184
NC_053376.1	184
NC_023956.1	184
NC_038062.1	184
NC_038077.1	184
NC_056814.1	184
NC_056823.1	184
NC_044801.1	184
NC_044802.1	184
NC_044803.1	184
NC_044804.1	184
NC_046022.1	184
NC_046040.1	184
NC_024936.1	184
NC_070061.1	184
NC_070062.1	184
NC_030282.1	184
NC_071233.1	184
NC_071250.1	184
NC_071254.1	184
NC_071180.1	184
NC_071200.1	184
NC_070441.1	184
NC_070443.1	184
NC_070444.1	184
NC_070445.1	184
NC_070446.1	184
NC_070448.1	184
NC_070449.1	184
NC_070451.1	184
NC_038078.1	184
NC_038079.1	184
NC_056994.1	184
NC_056831.1	184
NC_057144.1	184
NC_057076.1	184
NC_044821.1	184
NC_044772.1	184
NC_048889.1	184
NC_027262.1	184
NC_061904.1	184
NC_061906.1	184
NC_061909.1	184
NC_068872.1	184
NC_068873.1	184
NC_068874.1	184
NC_029470.1	184
NC_070452.1	184
NC_070455.1	184
NC_070456.1	184
NC_070457.1	184
NC_070458.1	184
NC_070459.1	184
NC_070460.1	184
NC_070461.1	184
NC_067634.1	184
NC_067635.1	184
NC_067636.1	184
NC_067637.1	184
NC_067640.1	184
NC_044834.1	184
NC_061911.1	184
NC_063094.1	184
NC_068876.1	184
NC_068706.1	184
NC_068713.1	184
NC_029483.1	184
NC_029485.1	184
NC_031163.1	184
NC_070462.1	184
NC_070463.1	184
NC_070464.1	184
NC_070465.1	184
NC_032038.1	184
NC_038203.1	184
NC_067642.1	184
NC_067644.1	184
NC_044862.1	184
NC_044864.1	184
NC_025906.1	184
NC_025910.1	184
NC_059569.1	184
NC_068870.1	184
NC_068906.1	184
NC_038193.1	184
NC_038194.1	184
NC_067652.1	184
NC_059695.1	184
NC_068785.1	184
NC_050847.1	184
NC_050848.1	184
NC_050898.1	184
NC_031189.1	184
NC_031190.1	184
NC_031191.1	184
NC_070484.1	184
NC_070486.1	184
NC_070487.1	184
NC_070488.1	184
NC_070489.1	184
NC_070490.1	184
NC_070493.1	184
NC_070494.1	184
NC_022463.1	184
NC_067663.1	184
NC_067664.1	184
NC_067665.1	184
NC_039924.1	184
NC_057499.1	184
NC_043902.1	184
NC_043952.1	184
NC_059904.1	184
NC_068637.1	184
NC_068628.1	184
NC_068629.1	184
NC_068630.1	184
NC_050795.1	184
NC_031195.1	184
NC_070495.1	184
NC_070496.1	184
NC_070497.1	184
NC_070498.1	184
NC_070499.1	184
NC_070500.1	184
NC_070502.1	184
NC_070504.1	184
NC_035328.1	184
NC_036136.1	184
NC_067674.1	184
NC_067676.1	184
NC_067677.1	184
NC_039933.1	184
NC_043876.1	184
NC_071775.1	184
NC_068635.1	184
NC_068636.1	184
NC_050931.1	184
NC_050934.1	184
NC_029338.1	184
NC_029484.1	184
NC_029456.1	184
NC_031196.1	184
NC_031204.1	184
NC_031205.1	184
NC_070507.1	184
NC_070508.1	184
NC_070509.1	184
NC_070510.1	184
NC_070512.1	184
NC_070513.1	184
NC_070514.1	184
NC_070516.1	184
NC_035342.1	184
NC_067685.1	184
NC_067686.1	184
NC_067687.1	184
NC_067688.1	184
NC_067689.1	184
NC_067690.1	184
NC_039941.1	184
NC_043806.1	184
NC_061928.1	184
NC_061929.1	184
NC_050936.1	184
NC_050959.1	184
NC_050962.1	184
NC_029391.1	184
NC_070517.1	184
NC_070519.1	184
NC_070521.1	184
NC_070522.1	184
NC_070523.1	184
NC_070524.1	184
NC_070526.1	184
NC_070527.1	184
NC_022810.1	184
NC_022811.1	184
NC_022812.1	184
NC_036101.1	184
NC_067754.1	184
NC_067756.1	184
NC_068759.1	184
NC_068762.1	184
NC_050966.1	184
NC_050999.1	184
NC_051000.1	184
NC_029364.1	184
NC_029365.1	184
NC_029378.1	184
NC_029379.1	184
NC_031187.1	184
NC_070528.1	184
NC_070340.1	184
NC_070235.1	184
NC_070124.1	184
NC_069839.1	184
NC_023235.1	184
NC_029964.1	184
NC_022813.1	184
NC_067707.1	184
NC_067708.1	184
NC_067711.1	184
NC_039973.1	184
NC_036501.1	184
NC_036503.1	184
NC_036504.1	184
NC_036505.1	184
NC_036506.1	184
NC_027227.1	184
NC_070064.1	184
NC_070204.1	184
NC_070206.1	184
NC_070207.1	184
NC_070473.1	184
NC_070474.1	184
NC_029363.1	184
NC_035154.1	151
NC_036076.1	184
NC_036077.1	184
NC_036085.1	184
NC_036086.1	184
NC_057228.1	184
NC_057098.1	184
NC_057138.1	184
NC_056770.1	184
NC_044767.1	184
NC_044773.1	184
NC_044775.1	184
NC_036490.1	184
NC_061933.1	184
NC_061934.1	184
NC_070475.1	184
NC_070477.1	184
NC_070478.1	184
NC_070479.1	184
NC_070480.1	184
NC_070482.1	184
NC_070483.1	184
NC_069876.1	184
NC_029371.1	184
NC_035325.1	184
NC_035416.1	184
NC_036087.1	184
NC_036088.1	184
NC_036090.1	184
NC_036092.1	184
NC_036093.1	184
NC_036096.1	184
NC_036098.1	184
NC_056905.1	184
NC_041309.1	184
NC_041273.1	184
NC_044780.1	184
NC_023833.1	184
NC_036236.1	184
NC_059953.1	184
NC_061935.1	184
NC_061936.1	184
NC_069877.1	184
NC_069879.1	184
NC_069880.1	184
NC_069881.1	184
NC_069882.1	184
NC_069883.1	184
NC_069884.1	184
NC_029392.1	184
NC_029393.1	184
NC_029394.1	184
NC_007500.1	184
NC_036100.1	184
NC_057174.1	184
NC_057188.1	184
NC_057217.1	184
NC_057311.1	184
NC_041267.1	184
NC_027259.1	184
NC_061948.1	184
NC_061954.1	184
NC_027835.1	184
NC_069886.1	184
NC_069887.1	184
NC_069888.1	184
NC_069890.1	184
NC_069891.1	184
NC_069892.1	184
NC_069893.1	184
NC_029711.1	184
NC_036110.1	184
NC_036111.1	184
NC_057289.1	184
NC_056813.1	184
NC_056984.1	184
NC_056987.1	184
NC_044806.1	184
NC_044807.1	184
NC_044809.1	184
NC_044810.1	184
NC_044811.1	184
NC_044812.1	184
NC_044813.1	184
NC_044814.1	184
NC_027272.1	184
NC_061958.1	184
NC_061960.1	184
NC_061962.1	184
NC_069897.1	184
NC_069898.1	184
NC_069899.1	184
NC_069900.1	184
NC_069901.1	184
NC_069902.1	184
NC_069904.1	184
NC_029420.1	184
NC_053260.1	184
NC_053261.1	184
NC_039752.1	184
NC_039762.1	184
NC_057086.1	184
NC_057091.1	184
NC_057107.1	184
NC_057202.1	184
NC_057465.1	184
NC_044815.1	184
NC_044816.1	184
NC_044817.1	184
NC_044822.1	184
NC_044825.1	184
NC_045861.1	184
NC_018051.1	184
NC_027276.1	184
NC_061967.1	184
NC_069905.1	184
NC_069907.1	184
NC_069908.1	184
NC_069909.1	184
NC_069910.1	184
NC_069911.1	184
NC_029427.1	184
NC_029429.1	184
NC_029430.1	184
NC_053264.1	184
NC_053265.1	184
NC_053266.1	184
NC_053267.1	184
NC_053268.1	184
NC_036133.1	184
NC_036134.1	184
NC_036135.1	184
NC_057253.1	184
NC_057276.1	184
NC_057307.1	184
NC_057310.1	184
NC_056943.1	184
NC_057644.1	184
NC_057647.1	184
NC_044826.1	184
NC_044827.1	184
NC_044828.1	184
NC_044829.1	184
NC_044830.1	184
NC_044831.1	184
NC_044832.1	184
NC_044833.1	184
NC_024542.1	184
NC_027266.1	184
NC_061976.1	184
NC_061977.1	184
NC_061982.1	184
NC_061983.1	184
NC_070038.1	184
NC_070039.1	184
NC_070040.1	184
NC_070041.1	184
NC_070043.1	184
NC_053279.1	184
NC_053280.1	184
NC_032053.1	184
NC_032054.1	184
NC_032057.1	184
NC_036091.1	184
NC_036069.1	184
NC_057050.1	184
NC_057051.1	184
NC_057663.1	184
NC_058525.1	184
NC_058531.1	184
NC_058532.1	184
NC_058533.1	184
NC_044837.1	184
NC_044838.1	184
NC_044839.1	184
NC_044840.1	184
NC_044841.1	184
NC_044842.1	184
NC_044845.1	184
NC_061984.1	184
NC_061986.1	184
NC_061987.1	184
NC_029459.1	184
NC_029460.1	184
NC_029465.1	184
NC_053282.1	184
NC_053283.1	184
NC_053284.1	184
NC_053285.1	184
NC_053287.1	184
NC_053288.1	184
NC_053289.1	184
NC_053290.1	184
NC_032060.1	184
NC_035337.1	184
NC_036084.1	184
NC_036094.1	184
NC_036099.1	184
NC_039776.1	184
NC_057262.1	184
NC_057265.1	184
NC_057291.1	184
NC_041305.1	184
NC_041255.1	184
NC_057678.1	184
NC_057679.1	184
NC_057444.1	184
NC_044846.1	184
NC_044847.1	184
NC_044805.1	184
NC_044823.1	184
NC_044797.1	184
NC_008407.1	184
NC_015623.1	184
NC_015983.1	184
NC_015996.1	184
NC_013553.1	184
NC_008325.1	184
NC_016068.1	184
NC_015604.1	184
NC_015605.1	184
NC_015608.1	184
NC_014057.1	184
NC_016430.1	184
NC_015892.1	184
NC_015899.1	184
NC_010433.1	184
NC_007942.1	184
NC_008457.1	184
NC_009265.1	184
NC_009268.1	184
NC_010776.1	184
NC_008788.1	184
NC_009270.1	184
NC_011828.1	184
NC_009808.1	184
NC_010093.1	184
NC_010109.1	184
NC_009269.1	184
NC_009273.1	184
NC_009275.1	184
NC_009266.1	184
NC_009271.1	184
NC_009272.1	184
NC_009274.1	184
NC_015206.1	184
NC_015621.1	184
NC_016736.1	184
NC_014569.1	184
NC_014573.1	184
NC_016753.1	184
NC_014063.1	184
NC_013707.2	184
NC_016708.2	184
NC_009259.1	184
NC_008456.1	184
NC_014056.1	184
NC_014570.1	184
NC_015543.1	184
NC_007407.1	184
NC_006050.1	184
NC_009143.1	184
NC_011954.1	184
NC_015401.1	184
NC_029719.2	184
NC_014697.1	184
NC_020098.1	184
NC_007977.1	184
NC_012224.1	184
NC_004993.1	184
NC_007943.1	184
NC_008359.1	184
NC_008115.1	184
NC_008535.1	184
NC_007144.1	184
NC_015113.1	184
NC_022432.1	184
NC_015308.1	184
NC_016433.2	184
NC_016921.1	184
NC_009267.1	184
NC_010601.1	184
NC_007578.1	184
NC_025339.1	184
NC_011163.1	184
NC_000932.1	184
NC_008334.1	184
NC_008326.1	184
NC_017602.1	184
NC_024929.1	184
NC_013823.1	184
NC_013843.1	184
NC_015891.1	184
NC_014807.1	184
NC_031159.1	184
NC_009600.1	184
NC_009599.1	184
NC_008335.1	184
NC_006290.1	184
NC_001879.2	184
NC_007602.1	184
NC_004561.1	184
NC_010323.1	184
NC_045320.1	184
NC_024261.1	184
NC_022868.1	184
NC_023112.1	184
NC_023367.1	184
NC_023798.1	184
NC_024258.1	184
NC_025288.1	184
NC_026447.1	184
NC_026562.1	184
NC_026677.1	184
NC_026679.1	184
NC_026722.1	184
NC_026685.1	184
NC_026703.1	184
NC_026980.1	184
NC_027110.1	184
NC_027456.1	184
NC_028704.1	184
NC_029243.1	184
NC_029850.1	184
NC_030207.1	184
NC_030543.1	184
NC_030783.1	184
NC_030785.1	184
NC_030787.1	184
NC_031396.1	184
NC_032368.1	184
NC_033975.1	184
NC_034347.1	184
NC_034290.1	184
NC_034694.1	184
NC_034996.1	184
NC_035240.1	184
NC_035501.1	184
NC_035952.1	184
NC_035961.1	184
NC_038088.1	184
NC_039426.1	184
NC_039608.1	184
NC_039645.1	184
NC_039606.1	184
NC_039592.1	184
NC_040125.1	184
NC_040866.1	184
NC_041171.1	184
NC_041266.1	184
NC_041297.1	184
NC_041605.1	184
NC_042192.1	184
NC_042821.1	184
NC_042724.1	184
NC_043842.1	184
NC_043901.1	184
NC_044094.1	184
NC_044419.1	184
NC_044701.1	184
NC_045111.1	184
NC_045390.1	184
NC_045389.1	184
NC_045331.1	184
NC_045336.1	184
NC_046879.1	184
NC_046793.1	184
NC_047282.1	184
NC_047442.1	184
NC_047343.1	184
NC_048474.1	184
NC_050351.1	184
NC_050296.1	184
NC_050292.1	184
NC_051880.1	184
NC_053549.1	184
NC_056253.1	184
NC_057509.1	184
NC_058010.1	184
NC_058807.1	184
NC_058806.1	184
NC_062414.1	184
NC_062888.1	184
NC_069316.1	184
NC_072912.1	184
NC_072918.1	184
NC_072920.1	184
NC_072922.1	184
NC_072999.1	184
NC_073016.1	184
NC_069195.1	184
NC_069180.1	184
NC_069225.1	184
NC_072913.1	184
NC_073021.1	184
NC_073000.1	184
NC_072921.1	184
NC_072915.1	184
NC_072959.1	184
NC_072960.1	184
NC_072945.1	184
NC_069295.1	184
NC_069230.1	184
NC_072914.1	184
NC_072917.1	184
NC_069300.1	184
NC_072938.1	184
NC_072939.1	184
NC_073005.1	184
NC_069224.1	184
NC_072928.1	184
NC_072930.1	184
NC_072929.1	184
NC_072968.1	184
NC_072910.1	184
NC_069185.1	184
NC_069360.1	184
NC_069349.1	184
NC_072911.1	184
NC_069298.1	184
NC_069358.1	184
NC_073006.1	184
NC_069196.1	184
NC_073007.1	184
NC_069294.1	184
NC_069359.1	184
NC_069357.1	184
NC_069350.1	184
NC_072931.1	184
NC_069227.1	184
NC_069345.1	184
NC_069341.1	184
NC_069340.1	184
NC_069352.1	184
NC_072979.1	184
NC_072916.1	184
NC_072937.1	184
NC_073014.1	184
NC_069339.1	184
NC_069353.1	184
NC_069343.1	184
NC_072949.1	184
NC_072946.1	184
NC_072947.1	184
NC_072948.1	184
NC_072950.1	184
NC_069215.1	184
NC_073010.1	184
NC_072919.1	184
NC_069344.1	184
NC_069348.1	184
NC_069354.1	184
NC_069355.1	184
NC_069356.1	184
NC_072967.1	184
NC_069342.1	184
NC_069346.1	184
NC_069338.1	184
NC_069351.1	184
NC_069347.1	184
NC_069179.1	184
NC_072908.1	184
NC_072987.1	184
NC_069309.1	184
NC_069310.1	184
NC_072976.1	184
NC_069228.1	184
NC_069229.1	184
NC_069197.1	184
NC_072944.1	184
NC_072909.1	184
NC_072935.1	184
NC_020092.1	184
NC_073153.1	184
NC_073099.1	184
NC_073098.1	184
NC_040943.1	184
NC_073097.1	184
NC_073149.1	184
NC_073100.1	184
NC_073102.1	184
NC_073103.1	184
NC_073106.1	184
NC_073104.1	184
NC_062933.1	184
NC_062930.1	184
NC_064346.1	184
NC_064334.1	184
NC_065200.1	184
NC_061549.1	184
NC_062299.1	184
NC_066017.1	184
NC_065610.1	184
NC_065631.1	184
NC_065601.1	184
NC_063560.1	184
NC_066435.1	184
NC_063831.1	184
NC_062413.1	184
NC_066083.1	184
NC_066018.1	184
NC_065472.1	184
NC_065473.1	184
NC_066650.1	184
NC_065013.1	184
NC_063623.1	184
NC_063474.1	184
NC_065359.1	184
NC_062594.1	184
NC_065148.1	184
NC_065619.1	184
NC_065604.1	184
NC_062346.1	184
NC_062432.1	184
NC_062344.1	184
NC_062332.1	184
NC_063788.1	184
NC_065199.1	184
NC_063672.1	184
NC_066150.1	184
NC_066037.1	184
NC_066033.1	184
NC_066799.1	184
NC_065630.1	184
NC_066005.1	184
NC_066019.1	184
NC_066028.1	184
NC_066898.1	184
NC_065616.1	184
NC_063467.1	184
NC_063464.1	184
NC_066752.1	184
NC_066794.1	184
NC_062408.1	184
NC_065991.1	184
NC_065628.1	184
NC_066013.1	184
NC_062424.1	184
NC_065141.1	184
NC_067040.1	184
NC_063480.1	184
NC_065023.1	184
NC_065773.1	184
NC_062936.1	184
NC_061748.1	184
NC_066960.1	184
NC_066034.1	184
NC_063469.1	184
NC_065613.1	184
NC_065833.1	184
NC_066405.1	184
NC_066010.1	184
NC_065246.1	184
NC_065665.1	184
NC_065400.1	184
NC_062926.1	184
NC_066036.1	184
NC_065057.1	184
NC_066021.1	184
NC_065240.1	184
NC_063553.1	184
NC_067022.1	184
NC_067017.1	184
NC_067018.1	184
NC_067019.1	184
NC_066699.1	184
NC_062884.1	184
NC_065754.1	184
NC_062593.1	184
NC_062585.1	184
NC_065632.1	184
NC_066229.1	184
NC_062417.1	184
NC_063910.1	184
NC_066024.1	184
NC_066025.1	184
NC_066996.1	184
NC_072951.1	184
NC_062717.1	184
NC_065381.1	184
NC_062635.1	184
NC_065867.1	184
NC_066758.1	184
NC_066731.1	184
NC_066729.1	184
NC_066765.1	184
NC_066756.1	184
NC_066755.1	184
NC_066760.1	184
NC_066792.1	184
NC_066745.1	184
NC_066761.1	184
NC_066724.1	184
NC_066815.1	184
NC_065396.1	184
NC_063578.1	184
NC_067020.1	184
NC_067023.1	184
NC_067021.1	184
NC_067001.1	184
NC_064116.1	184
NC_064360.1	184
NC_067026.1	184
NC_067004.1	184
NC_061554.1	184
NC_062580.1	184
NC_065470.1	184
NC_066053.1	184
NC_062900.1	184
NC_062922.1	184
NC_062891.1	184
NC_062932.1	184
NC_062931.1	184
NC_062921.1	184
NC_062655.1	184
NC_062647.1	184
NC_062893.1	184
NC_062937.1	184
NC_062894.1	184
NC_062935.1	184
NC_062928.1	184
NC_062927.1	184
NC_062913.1	184
NC_062920.1	184
NC_062925.1	184
NC_062916.1	184
NC_062914.1	184
NC_062652.1	184
NC_062644.1	184
NC_062643.1	184
NC_062653.1	184
NC_062654.1	184
NC_062942.1	184
NC_062929.1	184
NC_062586.1	184
NC_062940.1	184
NC_061550.1	184
NC_063488.1	184
NC_063489.1	184
NC_066418.1	184
NC_066450.1	184
NC_066014.1	184
NC_065353.1	184
NC_065354.1	184
NC_066477.1	184
NC_062837.1	184
NC_066129.1	184
NC_062666.1	184
NC_064364.1	184
NC_065841.1	184
NC_062330.1	184
NC_062349.1	184
NC_062350.1	184
NC_062693.1	184
NC_062469.1	184
NC_062486.1	184
NC_062476.1	184
NC_066191.1	184
NC_065000.1	184
NC_062939.1	184
NC_064118.1	184
NC_061572.1	184
NC_065477.1	184
NC_066155.1	184
NC_066031.1	184
NC_065101.1	184
NC_066447.1	184
NC_066006.1	184
NC_065119.1	184
NC_065857.1	184
NC_065859.1	184
NC_063671.1	184
NC_065117.1	184
NC_065114.1	184
NC_063647.1	184
NC_066667.1	184
NC_065784.1	184
NC_061761.1	184
NC_062351.1	184
NC_066023.1	184
NC_066029.1	184
NC_062651.1	184
NC_061544.1	184
NC_061545.1	184
NC_061546.1	184
NC_066421.1	184
NC_064336.1	184
NC_066431.1	184
NC_066436.1	184
NC_066438.1	184
NC_062415.1	184
NC_064135.1	184
NC_064145.1	184
NC_066670.1	184
NC_063665.1	184
NC_063646.1	184
NC_066420.1	184
NC_064105.1	184
NC_066002.1	184
NC_062348.1	184
NC_067002.1	184
NC_067010.1	184
NC_063109.1	184
NC_064343.1	184
NC_064344.1	184
NC_061603.1	184
NC_061599.1	184
NC_067089.1	184
NC_067090.1	184
NC_067088.1	184
NC_067091.1	184
NC_061602.1	184
NC_062923.1	184
NC_062919.1	184
NC_066070.1	184
NC_065201.1	184
NC_062667.1	184
NC_065397.1	184
NC_065398.1	184
NC_065399.1	184
NC_061742.1	184
NC_063952.1	184
NC_064349.1	184
NC_064345.1	184
NC_063579.1	184
NC_062803.1	184
NC_065038.1	184
NC_063658.1	184
NC_065755.1	184
NC_066047.1	184
NC_066470.1	184
NC_065602.1	184
NC_065614.1	184
NC_065621.1	184
NC_065603.1	184
NC_061756.1	184
NC_061696.1	184
NC_064366.1	184
NC_065149.1	184
NC_065203.1	184
NC_057622.1	184
NC_066442.1	184
NC_065734.1	184
NC_065605.1	184
NC_065609.1	184
NC_065618.1	184
NC_065622.1	184
NC_065624.1	184
NC_062343.1	184
NC_062338.1	184
NC_066022.1	184
NC_066228.1	184
NC_063635.1	184
NC_063639.1	184
NC_063651.1	184
NC_063652.1	184
NC_063640.1	184
NC_063641.1	184
NC_063653.1	184
NC_063642.1	184
NC_063643.1	184
NC_063655.1	184
NC_063470.1	184
NC_062798.1	184
NC_062808.1	184
NC_065394.1	184
NC_064992.1	184
NC_064127.1	184
NC_064140.1	184
NC_066183.1	184
NC_062602.1	184
NC_062863.1	184
NC_062867.1	184
NC_062508.1	184
NC_062509.1	184
NC_062428.1	184
NC_062470.1	184
NC_065651.1	184
NC_064999.1	184
NC_062904.1	184
NC_062451.1	184
NC_062828.1	184
NC_066811.1	184
NC_062830.1	184
NC_062831.1	184
NC_065763.1	184
NC_066027.1	184
NC_064686.1	184
NC_065468.1	184
NC_062941.1	184
NC_062918.1	184
NC_062656.1	184
NC_062641.1	184
NC_062826.1	184
NC_062938.1	184
NC_066502.1	184
NC_063684.1	184
NC_065044.1	184
NC_065046.1	184
NC_065607.1	184
NC_065241.1	184
NC_065735.1	184
NC_063965.1	184
NC_066492.1	184
NC_063627.1	184
NC_064394.1	184
NC_061660.1	184
NC_063511.1	184
NC_066644.1	184
NC_064355.1	184
NC_065757.1	184
NC_063838.1	184
NC_063840.1	184
NC_064348.1	184
NC_063570.1	184
NC_062795.1	184
NC_063462.1	184
NC_063465.1	184
NC_063587.1	184
NC_065617.1	184
NC_066187.1	184
NC_066189.1	184
NC_066192.1	184
NC_066194.1	184
NC_066195.1	184
NC_066801.1	184
NC_064128.1	184
NC_066443.1	184
NC_066409.1	184
NC_065002.1	184
NC_065007.1	184
NC_062516.1	184
NC_062723.1	184
NC_062721.1	184
NC_066975.1	184
NC_065992.1	184
NC_066131.1	184
NC_062807.1	184
NC_062806.1	184
NC_066001.1	184
NC_065611.1	184
NC_065626.1	184
NC_065627.1	184
NC_065629.1	184
NC_065615.1	184
NC_065625.1	184
NC_065606.1	184
NC_065623.1	184
NC_064988.1	184
NC_062337.1	184
NC_062347.1	184
NC_065600.1	184
NC_065612.1	184
NC_065608.1	184
NC_066475.1	184
NC_062707.1	184
NC_063677.1	184
NC_065042.1	184
NC_062506.1	184
NC_065006.1	184
NC_062885.1	184
NC_063563.1	184
NC_061744.1	184
NC_061746.1	184
NC_061747.1	184
NC_063555.1	184
NC_062363.1	184
NC_062367.1	184
NC_062827.1	184
NC_067082.1	184
NC_063905.1	184
NC_062364.1	184
NC_062368.1	184
NC_066959.1	184
NC_062497.1	184
NC_062500.1	184
NC_062427.1	184
NC_065001.1	184
NC_066149.1	184
NC_064125.1	184
NC_065767.1	184
NC_065753.1	184
NC_065667.1	184
NC_065752.1	184
NC_061651.1	184
NC_064053.1	184
NC_063552.1	184
NC_063551.1	184
NC_066804.1	184
NC_064138.1	184
NC_062934.1	184
NC_062357.1	184
NC_061706.1	184
NC_063837.1	184
NC_066026.1	184
NC_065386.1	184
NC_066671.1	184
NC_066668.1	184
NC_063645.1	184
NC_061765.1	184
NC_063468.1	184
NC_063466.1	184
NC_063463.1	184
NC_066401.1	184
NC_065730.1	184
NC_064050.1	184
NC_062492.1	184
NC_061689.1	184
NC_065109.1	184
NC_061542.1	184
NC_065155.1	184
NC_062487.1	184
NC_066481.1	184
NC_066433.1	184
NC_065361.1	184
NC_064734.1	184
NC_065485.1	184
NC_066702.1	184
NC_062512.1	184
NC_062366.1	184
NC_063911.1	184
NC_065990.1	184
NC_065471.1	184
NC_065349.1	184
NC_067035.1	184
NC_065118.1	184
NC_062457.1	184
NC_065243.1	184
NC_063679.1	184
NC_063681.1	184
NC_066432.1	184
NC_066437.1	184
NC_061657.1	184
NC_066007.1	184
NC_063729.1	184
NC_066417.1	184
NC_064319.1	184
NC_063479.1	184
NC_063819.1	184
NC_063820.1	184
NC_063822.1	184
NC_063824.1	184
NC_065198.1	184
NC_062372.1	184
NC_066692.1	184
NC_062447.1	184
NC_065785.1	184
NC_063678.1	184
NC_062334.1	184
NC_067063.1	184
NC_065104.1	184
NC_066691.1	184
NC_066703.1	184
NC_062910.1	184
NC_065756.1	184
NC_064373.1	184
NC_062365.1	184
NC_064353.1	184
NC_064352.1	184
NC_065483.1	184
NC_063845.1	184
NC_063843.1	184
NC_066689.1	184
NC_064106.1	184
NC_067032.1	184
NC_066775.1	184
NC_062345.1	184
NC_063972.1	184
NC_063734.1	184
NC_065865.1	184
NC_066736.1	184
NC_067081.1	184
NC_067087.1	184
NC_063929.1	184
NC_018767.1	184
NC_062835.1	184
NC_062836.1	184
NC_066658.1	184
NC_065391.1	184
NC_065868.1	184
NC_065666.1	184
NC_065751.1	184
NC_063685.1	184
NC_065105.1	184
NC_061758.1	184
NC_066426.1	184
NC_066009.1	184
NC_065733.1	184
NC_065357.1	184
NC_066669.1	184
NC_060754.1	184
NC_065694.1	184
NC_066497.1	184
NC_066499.1	184
NC_064052.1	184
NC_061740.1	184
NC_065866.1	184
NC_066134.1	184
NC_065003.1	184
NC_065022.1	184
NC_064996.1	184
NC_063912.1	184
NC_061561.1	184
NC_065505.1	184
NC_066493.1	184
NC_065652.1	184
NC_065655.1	184
NC_065152.1	184
NC_065151.1	184
NC_066474.1	184
NC_063491.1	184
NC_066146.1	184
NC_066148.1	184
NC_066145.1	184
NC_066147.1	184
NC_066738.1	184
NC_066771.1	184
NC_066740.1	184
NC_060336.1	184
NC_060455.1	184
NC_066130.1	184
NC_064961.1	184
NC_061709.1	184
NC_063832.1	184
NC_062797.1	184
NC_062800.1	184
NC_062340.1	184
NC_063569.1	184
NC_062342.1	184
NC_065620.1	184
NC_063829.1	184
NC_065486.1	184
NC_065360.1	184
NC_063577.1	184
NC_062461.1	184
NC_063636.1	184
NC_063637.1	184
NC_062485.1	184
NC_062866.1	184
NC_062507.1	184
NC_062426.1	184
NC_062484.1	184
NC_062467.1	184
NC_066476.1	184
NC_064114.1	184
NC_065153.1	184
NC_065159.1	184
NC_062510.1	184
NC_062483.1	184
NC_062504.1	184
NC_062511.1	184
NC_062502.1	184
NC_062458.1	184
NC_063550.1	184
NC_065047.1	184
NC_065043.1	184
NC_061543.1	184
NC_066778.1	184
NC_066732.1	184
NC_066739.1	184
NC_066744.1	184
NC_066813.1	184
NC_062449.1	184
NC_061694.1	184
NC_065009.1	184
NC_061745.1	184
NC_063557.1	184
NC_066434.1	184
NC_063701.1	184
NC_063839.1	184
NC_066411.1	184
NC_066967.1	184
NC_063918.1	184
NC_063922.1	184
NC_066413.1	184
NC_063574.1	184
NC_064141.1	184
NC_064136.1	184
NC_064139.1	184
NC_065261.1	184
NC_065790.1	184
NC_063916.1	184
NC_061767.1	184
NC_061693.1	184
NC_065853.1	184
NC_066646.1	184
NC_066500.1	184
NC_063680.1	184
NC_064511.1	184
NC_065832.1	184
NC_063736.1	184
NC_062333.1	184
NC_065103.1	184
NC_065840.1	184
NC_065008.1	184
NC_063687.1	184
NC_064367.1	184
NC_065257.1	184
NC_066415.1	184
NC_066719.1	184
NC_067005.1	184
NC_066999.1	184
NC_067009.1	184
NC_067000.1	184
NC_063953.1	184
NC_063954.1	184
NC_063955.1	184
NC_066673.1	184
NC_063850.1	184
NC_065356.1	184
NC_066653.1	184
NC_064365.1	184
NC_063509.1	184
NC_065794.1	184
NC_065795.1	184
NC_065798.1	184
NC_064967.1	184
NC_065352.1	184
NC_066496.1	184
NC_065390.1	184
NC_063921.1	184
NC_063478.1	184
NC_065861.1	184
NC_063556.1	184
NC_061552.1	184
NC_063958.1	184
NC_063959.1	184
NC_061547.1	184
NC_062419.1	184
NC_062429.1	184
NC_066726.1	184
NC_066728.1	184
NC_066746.1	184
NC_066764.1	184
NC_066769.1	184
NC_066767.1	184
NC_066768.1	184
NC_066785.1	184
NC_066725.1	184
NC_064990.1	184
NC_065108.1	184
NC_062489.1	184
NC_062474.1	184
NC_066766.1	184
NC_066770.1	184
NC_063821.1	184
NC_065854.1	184
NC_065856.1	184
NC_065040.1	184
NC_065258.1	184
NC_064356.1	184
NC_065855.1	184
NC_064142.1	184
NC_065791.1	184
NC_061691.1	184
NC_064687.1	184
NC_064068.1	184
NC_063508.1	184
NC_066748.1	184
NC_065871.1	184
NC_063571.1	184
NC_065098.1	184
NC_065099.1	184
NC_064137.1	184
NC_065863.1	184
NC_063580.1	184
NC_065132.1	184
NC_062462.1	184
NC_065110.1	184
NC_065100.1	184
NC_066000.1	184
NC_066483.1	184
NC_065351.1	184
NC_062369.1	184
NC_066749.1	184
NC_065347.1	184
NC_066414.1	184
NC_066423.1	184
NC_066422.1	184
NC_064108.1	184
NC_066412.1	184
NC_065116.1	184
NC_065102.1	184
NC_066133.1	184
NC_063915.1	184
NC_063917.1	184
NC_063920.1	184
NC_065106.1	184
NC_065041.1	184
NC_065045.1	184
NC_064115.1	184
NC_061759.1	184
NC_057061.1	184
NC_066647.1	184
NC_062515.1	184
NC_062480.1	184
NC_062481.1	184
NC_062472.1	184
NC_065983.1	184
NC_065984.1	184
NC_065244.1	184
NC_066193.1	184
NC_065058.1	184
NC_062490.1	184
NC_065672.1	184
NC_062341.1	184
NC_066491.1	184
NC_063688.1	184
NC_065797.1	184
NC_063572.1	184
NC_066188.1	184
NC_065692.1	184
NC_061600.1	184
NC_067092.1	184
NC_064066.1	184
NC_066416.1	184
NC_066424.1	184
NC_064103.1	184
NC_065164.1	184
NC_065345.1	184
NC_065146.1	184
NC_065393.1	184
NC_065993.1	184
NC_066734.1	184
NC_066741.1	184
NC_066742.1	184
NC_066743.1	184
NC_066781.1	184
NC_066747.1	184
NC_066751.1	184
NC_066753.1	184
NC_066754.1	184
NC_066786.1	184
NC_066759.1	184
NC_066762.1	184
NC_066723.1	184
NC_066791.1	184
NC_066793.1	184
NC_061557.1	184
NC_061558.1	184
NC_061559.1	184
NC_065670.1	184
NC_063548.1	184
NC_066136.1	184
NC_066135.1	184
NC_065994.1	184
NC_061757.1	184
NC_066227.1	184
NC_066227.1	184
NC_065350.1	184
NC_065348.1	184
NC_064525.1	184
NC_064519.1	184
NC_063696.1	184
NC_066750.1	184
NC_062465.1	184
NC_065834.1	184
NC_064358.1	184
NC_066419.1	184
NC_066403.1	184
NC_066961.1	184
NC_063594.1	184
NC_065358.1	184
NC_066735.1	184
NC_066788.1	184
NC_064054.1	184
NC_064051.1	184
NC_063657.1	184
NC_065154.1	184
NC_067007.1	184
NC_067011.1	184
NC_061751.1	184
NC_066498.1	184
NC_063659.1	184
NC_066998.1	184
NC_067085.1	184
NC_067086.1	184
NC_067027.1	184
NC_066997.1	184
NC_065242.1	184
NC_063842.1	184
NC_063844.1	184
NC_065482.1	184
NC_065484.1	184
NC_065501.1	184
NC_063624.1	184
NC_064071.1	184
NC_066958.1	184
NC_062155.1	184
NC_067008.1	184
NC_067015.1	184
NC_064513.1	184
NC_064517.1	184
NC_064518.1	184
NC_064520.1	184
NC_063732.1	184
NC_067013.1	184
NC_067012.1	184
NC_064932.1	184
NC_066700.1	184
NC_061573.1	184
NC_062503.1	184
NC_062478.1	184
NC_062468.1	184
NC_066812.1	184
NC_066701.1	184
NC_065654.1	184
NC_062335.1	184
NC_061686.1	184
NC_061684.1	184
NC_064347.1	184
NC_064351.1	184
NC_064523.1	184
NC_064107.1	184
NC_064350.1	184
NC_066186.1	184
NC_065145.1	184
NC_063913.1	184
NC_065369.1	184
NC_064072.1	184
NC_063595.1	184
NC_066695.1	184
NC_066730.1	184
NC_066733.1	184
NC_066737.1	184
NC_066783.1	184
NC_066757.1	184
NC_064995.1	184
NC_066219.1	184
NC_066501.1	184
NC_062517.1	184
NC_062421.1	184
NC_062479.1	184
NC_062514.1	184
NC_062513.1	184
NC_062498.1	184
NC_062496.1	184
NC_062499.1	184
NC_062422.1	184
NC_062423.1	184
NC_062425.1	184
NC_062488.1	184
NC_062491.1	184
NC_062493.1	184
NC_062477.1	184
NC_062482.1	184
NC_062471.1	184
NC_062475.1	184
NC_066779.1	184
NC_063683.1	184
NC_067024.1	184
NC_067003.1	184
NC_067025.1	184
NC_067014.1	184
NC_065380.1	184
NC_065140.1	184
NC_065142.1	184
NC_065143.1	184
NC_065144.1	184
NC_064407.1	184
NC_062430.1	184
NC_066196.1	184
NC_066185.1	184
NC_066190.1	184
NC_061610.1	184
NC_062439.1	184
NC_064959.1	184
NC_064960.1	184
NC_066408.1	184
NC_065157.1	184
NC_061598.1	184
NC_064512.1	184
NC_065709.1	184
NC_065714.1	184
NC_065653.1	184
NC_065005.1	184
NC_064104.1	184
NC_064375.1	184
NC_063481.1	184
NC_063482.1	184
NC_063483.1	184
NC_063484.1	184
NC_063485.1	184
NC_063486.1	184
NC_063487.1	184
NC_063490.1	184
NC_062336.1	184
NC_062339.1	184
NC_063507.1	184
NC_063506.1	184
NC_067053.1	184
NC_061551.1	184
NC_065370.1	184
NC_063700.1	184
NC_063576.1	184
NC_062444.1	184
NC_065500.1	184
NC_062371.1	184
NC_066139.1	184
NC_066138.1	184
NC_066140.1	184
NC_066142.1	184
NC_066141.1	184
NC_061548.1	184
NC_063615.1	184
NC_061752.1	184
NC_061699.1	184
NC_061701.1	184
NC_061601.1	184
NC_061669.1	184
NC_062407.1	184
NC_066696.1	184
NC_066091.1	184
NC_065156.1	184
NC_062445.1	184
NC_062442.1	184
NC_062450.1	184
NC_062443.1	184
NC_062441.1	184
NC_062446.1	184
NC_062448.1	184
NC_062456.1	184
NC_064210.1	184
NC_063638.1	184
NC_063656.1	184
NC_063654.1	184
NC_063682.1	184
NC_063735.1	184
NC_063733.1	184
NC_065379.1	184
NC_063900.1	184
NC_063919.1	184
NC_063453.1	184
NC_064069.1	184
NC_064067.1	184
NC_064117.1	184
NC_064143.1	184
NC_064322.1	184
NC_065107.1	184
NC_064354.1	184
NC_064357.1	184
NC_064509.1	184
NC_064514.1	184
NC_064515.1	184
NC_064516.1	184
NC_064521.1	184
NC_064522.1	184
NC_064524.1	184
NC_065048.1	184
NC_066795.1	184
NC_065115.1	184
NC_065344.1	184
NC_065346.1	184
NC_065355.1	184
NC_066698.1	184
NC_066697.1	184
NC_066694.1	184
NC_066693.1	184
NC_066690.1	184
NC_065476.1	184
NC_066237.1	184
NC_066776.1	184
NC_066727.1	184
NC_066772.1	184
NC_066774.1	184
NC_066777.1	184
NC_066780.1	184
NC_066782.1	184
NC_066784.1	184
NC_066787.1	184
NC_066773.1	184
NC_066789.1	184
NC_066790.1	184
NC_065671.1	184
NC_066666.1	184
NC_066665.1	184
NC_065999.1	184
NC_066184.1	184
NC_066132.1	184
NC_066137.1	184
NC_066153.1	184
NC_066471.1	184
NC_066763.1	184
NC_067031.1	184
NC_067080.1	184
NC_067062.1	184
NC_073535.1	184
NC_073583.1	184
NC_073505.1	184
NC_073541.1	184
NC_073542.1	184
NC_073581.1	184
NC_057440.1	184
NC_073582.1	184
NC_073547.1	184
NC_073539.1	184
NC_073536.1	184
NC_073537.1	184
NC_073520.1	184
NC_045527.1	184
NC_073560.1	184
NC_073562.1	184
NC_073563.1	184
NC_073570.1	184
NC_073561.1	184
NC_073565.1	184
NC_073566.1	184
NC_073564.1	184
NC_047288.1	184
NC_069576.1	184
NC_079569.1	184
NC_079572.1	184
NC_079573.1	184
NC_079574.1	184
NC_079575.1	184
NC_079577.1	184
NC_079578.1	184
NC_079579.1	184
NC_079582.1	184
NC_079583.1	184
NC_079585.1	184
NC_079586.1	184
NC_079591.1	184
NC_079593.1	184
NC_079594.1	184
NC_079595.1	184
NC_079596.1	184
NC_079597.1	184
NC_079598.1	184
NC_079599.1	184
NC_079600.1	184
NC_079603.1	184
NC_079604.1	184
NC_079605.1	184
NC_079607.1	184
NC_079608.1	184
NC_079609.1	184
NC_079610.1	184
NC_079611.1	184
NC_079612.1	184
NC_079613.1	184
NC_079614.1	184
NC_079615.1	184
NC_079616.1	184
NC_079618.1	184
NC_079619.1	184
NC_079620.1	184
NC_079626.1	184
NC_079630.1	184
NC_079652.1	184
NC_079653.1	184
NC_079654.1	184
NC_079655.1	184
NC_079656.1	184
NC_079657.1	184
NC_079659.1	184
NC_079661.1	184
NC_079665.1	184
NC_079666.1	184
NC_079688.1	184
NC_079695.1	184
NC_079701.1	184
NC_079702.1	184
NC_079705.1	184
NC_079706.1	184
NC_079707.1	184
NC_079710.1	184
NC_079711.1	184
NC_079712.1	184
NC_079713.1	184
NC_079714.1	184
NC_079715.1	184
NC_079716.1	184
NC_079717.1	184
NC_079718.1	184
NC_079719.1	184
NC_079720.1	184
NC_079721.1	184
NC_079722.1	184
NC_079723.1	184
NC_079724.1	184
NC_079725.1	184
NC_079726.1	184
NC_079727.1	184
NC_079728.1	184
NC_079729.1	184
NC_079730.1	184
NC_079731.1	184
NC_079732.1	184
NC_079733.1	184
NC_079734.1	184
NC_079735.1	184
NC_079736.1	184
NC_079737.1	184
NC_079738.1	184
NC_079739.1	184
NC_079740.1	184
NC_079741.1	184
NC_079742.1	184
NC_079743.1	184
NC_079744.1	184
NC_079745.1	184
NC_079746.1	184
NC_079747.1	184
NC_079748.1	184
NC_079749.1	184
NC_079750.1	184
NC_079751.1	184
NC_079752.1	184
NC_079753.1	184
NC_079754.1	184
NC_079755.1	184
NC_079756.1	184
NC_079757.1	184
NC_079758.1	184
NC_079759.1	184
NC_079760.1	184
NC_079761.1	184
NC_079762.1	184
NC_079763.1	184
NC_079764.1	184
NC_079765.1	184
NC_079766.1	184
NC_079767.1	184
NC_079768.1	184
NC_079769.1	184
NC_079770.1	184
NC_079771.1	184
NC_079772.1	184
NC_079773.1	184
NC_079774.1	184
NC_079775.1	184
NC_079776.1	184
NC_079777.1	184
NC_079778.1	184
NC_079779.1	184
NC_079780.1	184
NC_079781.1	184
NC_079782.1	184
NC_079783.1	184
NC_079784.1	184
NC_079785.1	184
NC_079786.1	184
NC_079787.1	184
NC_079788.1	184
NC_079789.1	184
NC_079790.1	184
NC_079791.1	184
NC_079792.1	184
NC_079793.1	184
NC_079794.1	184
NC_079795.1	184
NC_079796.1	184
NC_079797.1	184
NC_079798.1	184
NC_079799.1	184
NC_079800.1	184
NC_079801.1	184
NC_079802.1	184
NC_079803.1	184
NC_079804.1	184
NC_079805.1	184
NC_079806.1	184
NC_079807.1	184
NC_079808.1	184
NC_079809.1	184
NC_079810.1	184
NC_079811.1	184
NC_079812.1	184
NC_079813.1	184
NC_079814.1	184
NC_079815.1	184
NC_079816.1	184
NC_079817.1	184
NC_079818.1	184
NC_079821.1	184
NC_079822.1	184
NC_079823.1	184
NC_079825.1	184
NC_079845.1	184
NC_079847.1	184
NC_079848.1	184
NC_079854.1	184
NC_079867.1	184
NC_079868.1	184
NC_079869.1	184
NC_079870.1	184
NC_079871.1	184
NC_079872.1	184
NC_079915.1	184
NC_079916.1	184
NC_079924.1	184
NC_079925.1	184
NC_079926.1	184
NC_079927.1	184
NC_079928.1	184
NC_079929.1	184
NC_079930.1	184
NC_079931.1	184
NC_079932.1	184
NC_079933.1	184
NC_079934.1	184
NC_079935.1	184
NC_079952.1	184
NC_079953.1	184
NC_079954.1	184
NC_079958.1	184
NC_079959.1	184
NC_079960.1	184
NC_079961.1	184
NC_079962.1	184
NC_079963.1	184
NC_079964.1	184
NC_079965.1	184
NC_061056.1	184
NC_072328.1	184
NC_080204.1	184
NC_080210.1	184
NC_080228.1	184
NC_080233.1	184
NC_080234.1	184
NC_080235.1	184
NC_080236.1	184
NC_080237.1	184
NC_080238.1	184
NC_080239.1	184
NC_080240.1	184
NC_080241.1	184
NC_080242.1	184
NC_080243.1	184
NC_080264.1	184
NC_080272.1	184
NC_080273.1	184
NC_080274.1	184
NC_080275.1	184
NC_080277.1	184
NC_080278.1	184
NC_080279.1	184
NC_080280.1	184
NC_080281.1	184
NC_080282.1	184
NC_080288.1	184
NC_080289.1	184
NC_080290.1	184
NC_080291.1	184
NC_080292.1	184
NC_080293.1	184
NC_080294.1	184
NC_080295.1	184
NC_080296.1	184
NC_080297.1	184
NC_080298.1	184
NC_080299.1	184
NC_080300.1	184
NC_080301.1	184
NC_080302.1	184
NC_080303.1	184
NC_080304.1	184
NC_080305.1	184
NC_080306.1	184
NC_080307.1	184
NC_080308.1	184
NC_080330.1	184
NC_080332.1	184
NC_080341.1	184
NC_080342.1	184
NC_080343.1	184
NC_080344.1	184
NC_080345.1	184
NC_080346.1	184
NC_080347.1	184
NC_080348.1	184
NC_080349.1	184
NC_080352.1	184
NC_080356.1	184
NC_080369.1	184
NC_080370.1	184
NC_080371.1	184
NC_080373.1	184
NC_080376.1	184
NC_031815.1	184
NC_031816.1	184
NC_080497.1	184
NC_080498.1	184
NC_080499.1	184
NC_080500.1	184
NC_080501.1	184
NC_080502.1	184
NC_080503.1	184
NC_080504.1	184
NC_080505.1	184
NC_080507.1	184
NC_080508.1	184
NC_080510.1	184
NC_080515.1	184
NC_080516.1	184
NC_080520.1	184
NC_080531.1	184
NC_080532.1	184
NC_080536.1	184
NC_080537.1	184
NC_072142.1	184
NC_072145.1	184
NC_080592.1	184
NC_080867.1	184
NC_080870.1	184
NC_080871.1	184
NC_080872.1	184
NC_080873.1	184
NC_080884.1	184
NC_080888.1	184
NC_080889.1	184
NC_080890.1	184
NC_080891.1	184
NC_080900.1	184
NC_080901.1	184
NC_080902.1	184
NC_080903.1	184
NC_080912.1	184
NC_080915.1	184
NC_080917.1	184
NC_080918.1	184
NC_080920.1	184
NC_080921.1	184
NC_080922.1	184
NC_080923.1	184
NC_080925.1	184
NC_080929.1	184
NC_080930.1	184
NC_080986.1	184
NC_080990.1	184
NC_080991.1	184
NC_080992.1	184
NC_080993.1	184
NC_080994.1	184
NC_081004.1	184
NC_081007.1	184
NC_081008.1	184
NC_081009.1	184
NC_081012.1	184
NC_081013.1	184
NC_081014.1	184
NC_081018.1	184
NC_081063.1	184
NC_081064.1	184
NC_081065.1	184
NC_081108.1	184
NC_081109.1	184
NC_081110.1	184
NC_081111.1	184
NC_081112.1	184
NC_081113.1	184
NC_081114.1	184
NC_081115.1	184
NC_081116.1	184
NC_081117.1	184
NC_081118.1	184
NC_081119.1	184
NC_081120.1	184
NC_081121.1	184
NC_081122.1	184
NC_081123.1	184
NC_081124.1	184
NC_081125.1	184
NC_081126.1	184
NC_081127.1	184
NC_081130.1	184
NC_081133.1	184
NC_042166.1	184
NC_081460.1	184
NC_081461.1	184
NC_081462.1	184
NC_081463.1	184
NC_081464.1	184
NC_081466.1	184
NC_081469.1	184
NC_081470.1	184
NC_081471.1	184
NC_081472.1	184
NC_081473.1	184
NC_081477.1	184
NC_081478.1	184
NC_081481.1	184
NC_081482.1	184
NC_081484.1	184
NC_081495.1	184
NC_081496.1	184
NC_081497.1	184
NC_081500.1	184
NC_081501.1	184
NC_081512.1	184
NC_081515.1	184
NC_081516.1	184
NC_072309.1	184
NC_057502.1	184
NC_062584.1	184
NC_068893.1	184
NC_080538.1	184
NC_081864.1	184
NC_081865.1	184
NC_081886.1	184
NC_081887.1	184
NC_081888.1	184
NC_081889.1	184
NC_081895.1	184
NC_081900.1	184
NC_081901.1	184
NC_081902.1	184
NC_081903.1	184
NC_081906.1	184
NC_081907.1	184
NC_081909.1	184
NC_081926.1	184
NC_081929.1	184
NC_081930.1	184
NC_081931.1	184
NC_081932.1	184
NC_081935.1	184
NC_081936.1	184
NC_081937.1	184
NC_081938.1	184
NC_081939.1	184
NC_081940.1	184
NC_081941.1	184
NC_081942.1	184
NC_081943.1	184
NC_081944.1	184
NC_081945.1	184
NC_081946.1	184
NC_081947.1	184
NC_081948.1	184
NC_081949.1	184
NC_081950.1	184
NC_081962.1	184
NC_081993.1	184
NC_081993.1	184
NC_081995.1	184
NC_081996.1	184
NC_081997.1	184
NC_081998.1	184
NC_081999.1	184
NC_082000.1	184
NC_082001.1	184
NC_082002.1	184
NC_082003.1	184
NC_082004.1	184
NC_082005.1	184
NC_082006.1	184
NC_082007.1	184
NC_082009.1	184
NC_082010.1	184
NC_082011.1	184
NC_082012.1	184
NC_082013.1	184
NC_082014.1	184
NC_082015.1	184
NC_082016.1	184
NC_082017.1	184
NC_082018.1	184
NC_082019.1	184
NC_082020.1	184
NC_082021.1	184
NC_082022.1	184
NC_082023.1	184
NC_082024.1	184
NC_082025.1	184
NC_082026.1	184
NC_082027.1	184
NC_082028.1	184
NC_082033.1	184
NC_082049.1	184
NC_082050.1	184
NC_082051.1	184
NC_082052.1	184
NC_082055.1	184
NC_082056.1	184
NC_082057.1	184
NC_082061.1	184
NC_082099.1	184
NC_082101.1	184
NC_082102.1	184
NC_082106.1	184
NC_081881.1	184
NC_082575.1	184
NC_082576.1	184
NC_082577.1	184
NC_082580.1	184
NC_082581.1	184
NC_082582.1	184
NC_082583.1	184
NC_082584.1	184
NC_082585.1	184
NC_082586.1	184
NC_082587.1	184
NC_082588.1	184
NC_082589.1	184
NC_081869.1	184
NC_081873.1	184
NC_081874.1	184
NC_081876.1	184
NC_081877.1	184
NC_081878.1	184
NC_081879.1	184
NC_081880.1	184
NC_081882.1	184
NC_081883.1	184
NC_081868.1	184
NC_071785.1	184
NC_082904.1	184
NC_082920.1	184
NC_082943.1	184
NC_082963.1	184
NC_082971.1	184
NC_082974.1	184
NC_082975.1	184
NC_082976.1	184
NC_082977.1	184
NC_082978.1	184
NC_082979.1	184
NC_082980.1	184
NC_082981.1	184
NC_083085.1	184
NC_083086.1	184
NC_083087.1	184
NC_083088.1	184
NC_077252.1	184
NC_077253.1	184
NC_077467.1	184
NC_077468.1	184
NC_077469.1	184
NC_077470.1	184
NC_077471.1	184
NC_077472.1	184
NC_077473.1	184
NC_077474.1	184
NC_077480.1	184
NC_077481.1	184
NC_077482.1	184
NC_077483.1	184
NC_077484.1	184
NC_077485.1	184
NC_077486.1	184
NC_077487.1	184
NC_077488.1	184
NC_077489.1	184
NC_077491.1	184
NC_077492.1	184
NC_077493.1	184
NC_077494.1	184
NC_077495.1	184
NC_077496.1	184
NC_077504.1	184
NC_077505.1	184
NC_077506.1	184
NC_077507.1	184
NC_077508.1	184
NC_077509.1	184
NC_077510.1	184
NC_077511.1	184
NC_077512.1	184
NC_077513.1	184
NC_077514.1	184
NC_077515.1	184
NC_077516.1	184
NC_077517.1	184
NC_077520.1	184
NC_077521.1	184
NC_077522.1	184
NC_077525.1	184
NC_077527.1	184
NC_077528.1	184
NC_077529.1	184
NC_077530.1	184
NC_077531.1	184
NC_077532.1	184
NC_077533.1	184
NC_077534.1	184
NC_077535.1	184
NC_077536.1	184
NC_077537.1	184
NC_077538.1	184
NC_077539.1	184
NC_077541.1	184
NC_077542.1	184
NC_077543.1	184
NC_077544.1	184
NC_077545.1	184
NC_077546.1	184
NC_077547.1	184
NC_077548.1	184
NC_077549.1	184
NC_077550.1	184
NC_077551.1	184
NC_077552.1	184
NC_077558.1	184
NC_077561.1	184
NC_077571.1	184
NC_077577.1	184
NC_077578.1	184
NC_077579.1	184
NC_077580.1	184
NC_077584.1	184
NC_077585.1	184
NC_077593.1	184
NC_077628.1	184
NC_077629.1	184
NC_077630.1	184
NC_077631.1	184
NC_077632.1	184
NC_077634.1	184
NC_077636.1	184
NC_077643.1	184
NC_077644.1	184
NC_077645.1	184
NC_077646.1	184
NC_077664.1	184
NC_077575.1	184
NC_082906.1	184
NC_082907.1	184
NC_083119.1	184
NC_083120.1	184
NC_083128.1	184
NC_083129.1	184
NC_083143.1	184
NC_083144.1	184
NC_083145.1	184
NC_083146.1	184
NC_083192.1	184
NC_083193.1	184
NC_083194.1	184
NC_083195.1	184
NC_083196.1	184
NC_083197.1	184
NC_083198.1	184
NC_083199.1	184
NC_083200.1	184
NC_083201.1	184
NC_083202.1	184
NC_083203.1	184
NC_083204.1	184
NC_083205.1	184
NC_083207.1	184
NC_083208.1	184
NC_083209.1	184
NC_083210.1	184
NC_083214.1	184
NC_083215.1	184
NC_083216.1	184
NC_083217.1	184
NC_083218.1	184
NC_083221.1	184
NC_083391.1	184
NC_083905.1	184
NC_083906.1	184
NC_083907.1	184
NC_083908.1	184
NC_083909.1	184
NC_083910.1	184
NC_083911.1	184
NC_083912.1	184
NC_083913.1	184
NC_083914.1	184
NC_083916.1	184
NC_083918.1	184
NC_083964.1	184
NC_083977.1	184
NC_083980.1	184
NC_083981.1	184
NC_083982.1	184
NC_083984.1	184
NC_083997.1	184
NC_084044.1	184
NC_084045.1	184
NC_084046.1	184
NC_084047.1	184
NC_084048.1	184
NC_084049.1	184
NC_084050.1	184
NC_084051.1	184
NC_084054.1	184
NC_084056.1	184
NC_084057.1	184
NC_084058.1	184
NC_084059.1	184
NC_084060.1	184
NC_084061.1	184
NC_084062.1	184
NC_084066.1	184
NC_084067.1	184
NC_084068.1	184
NC_084069.1	184
NC_084070.1	184
NC_084071.1	184
NC_084072.1	184
NC_084102.1	184
NC_084107.1	184
NC_084108.1	184
NC_084109.1	184
NC_084111.1	184
NC_084112.1	184
NC_084118.1	184
NC_084119.1	184
NC_084120.1	184
NC_084130.1	184
NC_084131.1	184
NC_084132.1	184
NC_084133.1	184
NC_084134.1	184
NC_084135.1	184
NC_084137.1	184
NC_084138.1	184
NC_084139.1	184
NC_084140.1	184
NC_084141.1	184
NC_084142.1	184
NC_084143.1	184
NC_084144.1	184
NC_084145.1	184
NC_084146.1	184
NC_084147.1	184
NC_084148.1	184
NC_084149.1	184
NC_084150.1	184
NC_084151.1	184
NC_084152.1	184
NC_084153.1	184
NC_084154.1	184
NC_084156.1	184
NC_084157.1	184
NC_084158.1	184
NC_084159.1	184
NC_084160.1	184
NC_084161.1	184
NC_084165.1	184
NC_084166.1	184
NC_084167.1	184
NC_084168.1	184
NC_084174.1	184
NC_084175.1	184
NC_084177.1	184
NC_084188.1	184
NC_084190.1	184
NC_084191.1	184
NC_084196.1	184
NC_084199.1	184
NC_084200.1	184
NC_084201.1	184
NC_084202.1	184
NC_084203.1	184
NC_084206.1	184
NC_084215.1	184
NC_084216.1	184
NC_084217.1	184
NC_084218.1	184
NC_084219.1	184
NC_084220.1	184
NC_084221.1	184
NC_084223.1	184
NC_084224.1	184
NC_084225.1	184
NC_084226.1	184
NC_084228.1	184
NC_084229.1	184
NC_084240.1	184
NC_084246.1	184
NC_084252.1	184
NC_084253.1	184
NC_084254.1	184
NC_084262.1	184
NC_084282.1	184
NC_084283.1	184
NC_084288.1	184
NC_084293.1	184
NC_084318.1	184
NC_084319.1	184
NC_084320.1	184
NC_084329.1	184
NC_084330.1	184
NC_084331.1	184
NC_084332.1	184
NC_084333.1	184
NC_084335.1	184
NC_084336.1	184
NC_084350.1	184
NC_084367.1	184
NC_084371.1	184
NC_084373.1	184
NC_084374.1	184
NC_084375.1	184
NC_084377.1	184
NC_084378.1	184
NC_084379.1	184
NC_084380.1	184
NC_084381.1	184
NC_084382.1	184
NC_084383.1	184
NC_084386.1	184
NC_084388.1	184
NC_084389.1	184
NC_084390.1	184
NC_084391.1	184
NC_084392.1	184
NC_084393.1	184
NC_084394.1	184
NC_084395.1	184
NC_084396.1	184
NC_084397.1	184
NC_084398.1	184
NC_084400.1	184
NC_084401.1	184
NC_084402.1	184
NC_084403.1	184
NC_084404.1	184
NC_084405.1	184
NC_084406.1	184
NC_084411.1	184
NC_084412.1	184
NC_084413.1	184
NC_084414.1	184
NC_084415.1	184
NC_084416.1	184
NC_084417.1	184
NC_084418.1	184
NC_084419.1	184
NC_084420.1	184
NC_084444.1	184
NC_084445.1	184
NC_084453.1	184
NC_084454.1	184
NC_084455.1	184
NC_084456.1	184
NC_046773.1	184
NC_084337.1	184
NC_061688.1	184
NC_084969.1	184
NC_085147.1	184
NC_085148.1	184
NC_085149.1	184
NC_085156.1	184
NC_085157.1	184
NC_085158.1	184
NC_085159.1	184
NC_085160.1	184
NC_085163.1	184
NC_085164.1	184
NC_085165.1	184
NC_085169.1	184
NC_085181.1	184
NC_085189.1	184
NC_085190.1	184
NC_085191.1	184
NC_085192.1	184
NC_085193.1	184
NC_085194.1	184
NC_085195.1	184
NC_085196.1	184
NC_085197.1	184
NC_085198.1	184
NC_085199.1	184
NC_085200.1	184
NC_085201.1	184
NC_085202.1	184
NC_085203.1	184
NC_085204.1	184
NC_085205.1	184
NC_085214.1	184
NC_085215.1	184
NC_085216.1	184
NC_085217.1	184
NC_085218.1	184
NC_085219.1	184
NC_085221.1	184
NC_085235.1	184
NC_085236.1	184
NC_085237.1	184
NC_085243.1	184
NC_085249.1	184
NC_085264.1	184
NC_085278.1	184
NC_085281.1	184
NC_085283.1	184
NC_085322.1	184
NC_085341.1	184
NC_085347.1	184
NC_085350.1	184
NC_085353.1	184
NC_085355.1	184
NC_085356.1	184
NC_085357.1	184
NC_085358.1	184
NC_085359.1	184
NC_085364.1	184
NC_085365.1	184
NC_085366.1	184
NC_085367.1	184
NC_085368.1	184
NC_085416.1	184
NC_085423.1	184
NC_085426.1	184
NC_085427.1	184
NC_085428.1	184
NC_085429.1	184
NC_085430.1	184
NC_085431.1	184
NC_085432.1	184
NC_085433.1	184
NC_085434.1	184
NC_085435.1	184
NC_085436.1	184
NC_085437.1	184
NC_085438.1	184
NC_085439.1	184
NC_085440.1	184
NC_085441.1	184
NC_085442.1	184
NC_085443.1	184
NC_085444.1	184
NC_085445.1	184
NC_085446.1	184
NC_085447.1	184
NC_085448.1	184
NC_085449.1	184
NC_085450.1	184
NC_085451.1	184
NC_085452.1	184
NC_085453.1	184
NC_085454.1	184
NC_085463.1	184
NC_085477.1	184
NC_085480.1	184
NC_085481.1	184
NC_085483.1	184
NC_085496.1	184
NC_085497.1	184
NC_085498.1	184
NC_085499.1	184
NC_085504.1	184
NC_085505.1	184
NC_085506.1	184
NC_085507.1	184
NC_085508.1	184
NC_085509.1	184
NC_085510.1	184
NC_085511.1	184
NC_085512.1	184
NC_085513.1	184
NC_085514.1	184
NC_085515.1	184
NC_085516.1	184
NC_085517.1	184
NC_085518.1	184
NC_085519.1	184
NC_085521.1	184
NC_085522.1	184
NC_085523.1	184
NC_085534.1	184
NC_085545.1	184
NC_085567.1	184
NC_085568.1	184
NC_085571.1	184
NC_085572.1	184
NC_085573.1	184
NC_085575.1	184
NC_085577.1	184
NC_085578.1	184
NC_085579.1	184
NC_085580.1	184
NC_085581.1	184
NC_085582.1	184
NC_085583.1	184
NC_085584.1	184
NC_085586.1	184
NC_085587.1	184
NC_085588.1	184
NC_085589.1	184
NC_085591.1	184
NC_085593.1	184
NC_085594.1	184
NC_085595.1	184
NC_085602.1	184
NC_085603.1	184
NC_085607.1	184
NC_085608.1	184
NC_085609.1	184
NC_085610.1	184
NC_085611.1	184
NC_085612.1	184
NC_085613.1	184
NC_085615.1	184
NC_085617.1	184
NC_085622.1	184
NC_085623.1	184
NC_085624.1	184
NC_085625.1	184
NC_085626.1	184
NC_085627.1	184
NC_085628.1	184
NC_085629.1	184
NC_085631.1	184
NC_085632.1	184
NC_085633.1	184
NC_085634.1	184
NC_085635.1	184
NC_085636.1	184
NC_085637.1	184
NC_085638.1	184
NC_085639.1	184
NC_085640.1	184
NC_085641.1	184
NC_085642.1	184
NC_085643.1	184
NC_085644.1	184
NC_085648.1	184
NC_085649.1	184
NC_085650.1	184
NC_085651.1	184
NC_085654.1	184
NC_085655.1	184
NC_085656.1	184
NC_085657.1	184
NC_085658.1	184
NC_085659.1	184
NC_085660.1	184
NC_085661.1	184
NC_085662.1	184
NC_085663.1	184
NC_085664.1	184
NC_085665.1	184
NC_085666.1	184
NC_085667.1	184
NC_085668.1	184
NC_085669.1	184
NC_085670.1	184
NC_085671.1	184
NC_085672.1	184
NC_085705.1	184
NC_085707.1	184
NC_085708.1	184
NC_085709.1	184
NC_085710.1	184
NC_085711.1	184
NC_085718.1	184
NC_085719.1	184
NC_085720.1	184
NC_085721.1	184
NC_085722.1	184
NC_085723.1	184
NC_085724.1	184
NC_085725.1	184
NC_085726.1	184
NC_085727.1	184
NC_085728.1	184
NC_085729.1	184
NC_085730.1	184
NC_085731.1	184
NC_085734.1	184
NC_085735.1	184
NC_085736.1	184
NC_085740.1	184
NC_085741.1	184
NC_085742.1	184
NC_085743.1	184
NC_085744.1	184
NC_085749.1	184
NC_085752.1	184
NC_085753.1	184
NC_085754.1	184
NC_085755.1	184
NC_085759.1	184
NC_085761.1	184
NC_085763.1	184
NC_085764.1	184
NC_085765.1	184
NC_085766.1	184
NC_085767.1	184
NC_085768.1	184
NC_085769.1	184
NC_085770.1	184
NC_085771.1	184
NC_085774.1	184
NC_085775.1	184
NC_085776.1	184
NC_085777.1	184
NC_085778.1	184
NC_085779.1	184
NC_085780.1	184
NC_085781.1	184
NC_085782.1	184
NC_085783.1	184
NC_085786.1	184
NC_085788.1	184
NC_085796.1	184
NC_085797.1	184
NC_085798.1	184
NC_085799.1	184
NC_085800.1	184
NC_085801.1	184
NC_085802.1	184
NC_085803.1	184
NC_085804.1	184
NC_085805.1	184
NC_085806.1	184
NC_085807.1	184
NC_085808.1	184
NC_085809.1	184
NC_085810.1	184
NC_085814.1	184
NC_085815.1	184
NC_085816.1	184
NC_085817.1	184
NC_085818.1	184
NC_085819.1	184
NC_085820.1	184
NC_085823.1	184
NC_033366.1	184
NC_086485.1	184
NC_086486.1	184
NC_086487.1	184
NC_086488.1	184
NC_086489.1	184
NC_086503.1	184
NC_086504.1	184
NC_086505.1	184
NC_086516.1	184
NC_086521.1	184
NC_086522.1	184
NC_086523.1	184
NC_086524.1	184
NC_086525.1	184
NC_086526.1	184
NC_086529.1	184
NC_086530.1	184
NC_086531.1	184
NC_086532.1	184
NC_086540.1	184
NC_086541.1	184
NC_086542.1	184
NC_086544.1	184
NC_086545.1	184
NC_086546.1	184
NC_086547.1	184
NC_086548.1	184
NC_086549.1	184
NC_086550.1	184
NC_086552.1	184
NC_086553.1	184
NC_086554.1	184
NC_086555.1	184
NC_086558.1	184
NC_086559.1	184
NC_086560.1	184
NC_086561.1	184
NC_086562.1	184
NC_086563.1	184
NC_086564.1	184
NC_086565.1	184
NC_086566.1	184
NC_086579.1	184
NC_086580.1	184
NC_086581.1	184
NC_086582.1	184
NC_086584.1	184
NC_086585.1	184
NC_086586.1	184
NC_086590.1	184
NC_086601.1	184
NC_086625.1	184
NC_086626.1	184
NC_086627.1	184
NC_086628.1	184
NC_086629.1	184
NC_086647.1	184
NC_086650.1	184
NC_086651.1	184
NC_086656.1	184
NC_086659.1	173
NC_086660.1	184
NC_086663.1	184
NC_086665.1	184
NC_086669.1	184
NC_086671.1	184
NC_086672.1	184
NC_086677.1	184
NC_086678.1	184
NC_086679.1	184
NC_086680.1	184
NC_086681.1	184
NC_086682.1	184
NC_086683.1	184
NC_086684.1	184
NC_086692.1	184
NC_086693.1	184
NC_086694.1	184
NC_086695.1	184
NC_086696.1	184
NC_086697.1	184
NC_086707.1	184
NC_086708.1	184
NC_086714.1	184
NC_086715.1	184
NC_086727.1	184
NC_086728.1	184
NC_086729.1	184
NC_086730.1	184
NC_086731.1	184
NC_086746.1	184
NC_086747.1	184
NC_086748.1	184
NC_086757.1	184
NC_086758.1	184
NC_086759.1	184
NC_086776.1	184
NC_086777.1	184
NC_086780.1	184
NC_086793.1	184
NC_086794.1	184
NC_086798.1	184
NC_086799.1	184
NC_086799.1	184
NC_086813.1	184
NC_086814.1	184
NC_086849.1	184
NC_086853.1	184
NC_086855.1	184
NC_086862.1	184
NC_086866.1	184
NC_086867.1	184
NC_086868.1	184
NC_086872.1	184
NC_086873.1	184
NC_086874.1	184
NC_086875.1	184
NC_086876.1	184
NC_086880.1	184
NC_086881.1	184
NC_086882.1	184
NC_086883.1	184
NC_086884.1	184
NC_086885.1	184
NC_086889.1	184
NC_086890.1	184
NC_086891.1	184
NC_086892.1	184
NC_086893.1	184
NC_086894.1	184
NC_086895.1	184
NC_086896.1	184
NC_086898.1	184
NC_086901.1	184
NC_086902.1	184
NC_086903.1	184
NC_086925.1	184
NC_086926.1	184
NC_086927.1	184
NC_086928.1	184
NC_086929.1	184
NC_086930.1	184
NC_086931.1	184
NC_086932.1	184
NC_086933.1	184
NC_086934.1	184
NC_086935.1	184
NC_086936.1	184
NC_086937.1	184
NC_086938.1	184
NC_086939.1	184
NC_086940.1	184
NC_086941.1	184
NC_086942.1	184
NC_086943.1	184
NC_086944.1	184
NC_086953.1	184
NC_086954.1	184
NC_086956.1	184
NC_086962.1	184
NC_086968.1	184
NC_086969.1	184
NC_086971.1	184
NC_086972.1	184
NC_086973.1	184
NC_086974.1	184
NC_086975.1	184
NC_086976.1	184
NC_086978.1	184
NC_086979.1	184
NC_086980.1	184
NC_086981.1	184
NC_086983.1	184
NC_086984.1	184
NC_086985.1	184
NC_086986.1	184
NC_086987.1	184
NC_086988.1	184
NC_086989.1	184
NC_086990.1	184
NC_086991.1	184
NC_086992.1	184
NC_086993.1	184
NC_086994.1	184
NC_086995.1	184
NC_086996.1	184
NC_086997.1	184
NC_086998.1	184
NC_086999.1	184
NC_087000.1	184
NC_087001.1	184
NC_087002.1	184
NC_087003.1	184
NC_087004.1	184
NC_087005.1	184
NC_087006.1	184
NC_087007.1	184
NC_087008.1	184
NC_087009.1	184
NC_087010.1	184
NC_087011.1	184
NC_087012.1	184
NC_087013.1	184
NC_087014.1	184
NC_087015.1	184
NC_087016.1	184
NC_087017.1	184
NC_087018.1	184
NC_087019.1	184
NC_087020.1	184
NC_087021.1	184
NC_087022.1	184
NC_087023.1	184
NC_087024.1	184
NC_087025.1	184
NC_087026.1	184
NC_087027.1	184
NC_087028.1	184
NC_087029.1	184
NC_087030.1	184
NC_087031.1	184
NC_087032.1	184
NC_087033.1	184
NC_087034.1	184
NC_087035.1	184
NC_087036.1	184
NC_087037.1	184
NC_087038.1	184
NC_087039.1	184
NC_087040.1	184
NC_087041.1	184
NC_087042.1	184
NC_087044.1	184
NC_087045.1	184
NC_087046.1	184
NC_087047.1	184
NC_087048.1	184
NC_087061.1	184
NC_086861.1	184
NC_086670.1	184
NC_087043.1	184
NC_087583.1	184
NC_087587.1	184
NC_087588.1	184
NC_087589.1	184
NC_087590.1	184
NC_087591.1	184
NC_087592.1	184
NC_087593.1	184
NC_087594.1	184
NC_087595.1	184
NC_087596.1	184
NC_087597.1	184
NC_087598.1	184
NC_087599.1	184
NC_087600.1	184
NC_087601.1	184
NC_087602.1	184
NC_087603.1	184
NC_087604.1	184
NC_087612.1	184
NC_087625.1	184
NC_087626.1	184
NC_087627.1	184
NC_087702.1	184
NC_087703.1	184
NC_087704.1	184
NC_087706.1	184
NC_087707.1	184
NC_087708.1	184
NC_087709.1	184
NC_087710.1	184
NC_087711.1	184
NC_087712.1	184
NC_087713.1	184
NC_087714.1	184
NC_087715.1	184
NC_087716.1	184
NC_087717.1	184
NC_087718.1	184
NC_087719.1	184
NC_087720.1	184
NC_087721.1	184
NC_087746.1	184
NC_087747.1	184
NC_087748.1	184
NC_087749.1	184
NC_087750.1	184
NC_087751.1	184
NC_087752.1	184
NC_087761.1	184
NC_087763.1	184
NC_087764.1	184
NC_087765.1	184
NC_087766.1	184
NC_087767.1	184
NC_087768.1	184
NC_087769.1	184
NC_087777.1	184
NC_087782.1	184
NC_087786.1	184
NC_087811.1	184
NC_087812.1	184
NC_087813.1	184
NC_087814.1	184
NC_087844.1	184
NC_087851.1	184
NC_087855.1	184
NC_087858.1	184
NC_087860.1	184
NC_087867.1	184
NC_087883.1	184
NC_087884.1	184
NC_087885.1	184
NC_087886.1	184
NC_087887.1	184
NC_087888.1	184
NC_087889.1	184
NC_087909.1	184
NC_087912.1	184
NC_087913.1	184
NC_087914.1	184
NC_087915.1	184
NC_087916.1	184
NC_087917.1	184
NC_087918.1	184
NC_087919.1	184
NC_087920.1	184
NC_087921.1	184
NC_087922.1	184
NC_087923.1	184
NC_087924.1	184
NC_087925.1	184
NC_087926.1	184
NC_087927.1	184
NC_087928.1	184
NC_087929.1	184
NC_087930.1	184
NC_087931.1	184
NC_087932.1	184
NC_087933.1	184
NC_087934.1	184
NC_087935.1	184
NC_087936.1	184
NC_087937.1	184
NC_087938.1	184
NC_087939.1	184
NC_087940.1	184
NC_087941.1	184
NC_087942.1	184
NC_087943.1	184
NC_087944.1	184
NC_087945.1	184
NC_087946.1	184
NC_087947.1	184
NC_087948.1	184
NC_087949.1	184
NC_087950.1	184
NC_087951.1	184
NC_087952.1	184
NC_087953.1	184
NC_087954.1	184
NC_087955.1	184
NC_087956.1	184
NC_087957.1	184
NC_087958.1	184
NC_087959.1	184
NC_087960.1	184
NC_087961.1	184
NC_087962.1	184
NC_087963.1	184
NC_087964.1	184
NC_087965.1	184
NC_087966.1	184
NC_087967.1	184
NC_087968.1	184
NC_087969.1	184
NC_087970.1	184
NC_087971.1	184
NC_087972.1	184
NC_087973.1	184
NC_087974.1	184
NC_087975.1	184
NC_087976.1	184
NC_087977.1	184
NC_087980.1	184
NC_088033.1	184
NC_088034.1	184
NC_088035.1	184
NC_088036.1	184
NC_088042.1	184
NC_088043.1	184
NC_088046.1	184
NC_088047.1	184
NC_088048.1	184
NC_088049.1	184
NC_088055.1	184
NC_088067.1	184
NC_088075.1	184
NC_088076.1	184
NC_088438.1	184
NC_088439.1	184
NC_088459.1	184
NC_088483.1	184
NC_088498.1	184
NC_088509.1	184
NC_088510.1	184
NC_088511.1	184
NC_088512.1	184
NC_088513.1	184
NC_088514.1	184
NC_088523.1	184
NC_088524.1	184
NC_088531.1	184
NC_088533.1	184
NC_088534.1	184
NC_088536.1	184
NC_088537.1	184
NC_088538.1	184
NC_088539.1	184
NC_088540.1	184
NC_088541.1	184
NC_088545.1	184
NC_088547.1	184
NC_088558.1	184
NC_088559.1	184
NC_088562.1	184
NC_088564.1	184
NC_088565.1	184
NC_088566.1	184
NC_088567.1	184
NC_088719.1	184
NC_088720.1	184
NC_088721.1	184
NC_088722.1	184
NC_088723.1	184
NC_088724.1	184
NC_088725.1	184
NC_088728.1	184
NC_088729.1	184
NC_088730.1	184
NC_088731.1	184
NC_088732.1	184
NC_088733.1	184
NC_088734.1	184
NC_088735.1	184
NC_088738.1	184
NC_088739.1	184
NC_088740.1	184
NC_088741.1	184
NC_088747.1	184
NC_088748.1	184
NC_088749.1	184
NC_088750.1	184
NC_088751.1	184
NC_088752.1	184
NC_088754.1	184
NC_088755.1	184
NC_088757.1	184
NC_088761.1	184
NC_088762.1	184
NC_088768.1	184
NC_088770.1	184
NC_088771.1	184
NC_013991.2	184
NC_082429.1	184
NC_140640.1	184
