2708	1
2709	2
2711	1
2762	1
2769	1
2771	1
2777	1
2779	1
2782	1
2786	1
2787	1
2788	1
2792	1
2801	1
2822	1
2829	1
2843	1
2850	1
2856	1
2858	1
2872	1
2880	1
2889	1
2898	1
2903	1
3003	1
3005	1
3016	1
3034	1
3037	1
3039	1
3040	1
3046	1
3055	1
3074	1
3075	1
3076	1
3077	1
3083	1
3088	1
3099	1
3102	1
3105	1
3107	1
3111	1
3117	1
3125	1
3130	1
3144	1
3159	1
3171	1
3175	1
3180	1
3190	1
3192	1
3197	1
3213	1
3218	1
3234	1
3240	1
3252	1
3258	1
3261	1
3262	1
3277	1
3281	1
3284	1
3316	1
3317	1
3322	1
3324	1
3327	1
3329	1
3330	1
3331	1
3332	1
3334	1
3335	1
3339	1
3342	1
3343	1
3346	1
3348	1
3349	1
3350	1
3352	1
3355	1
3369	1
3371	1
3377	1
3381	1
3382	1
3383	1
3389	1
3390	1
3391	1
3396	1
3403	1
3406	1
3407	1
3410	1
3411	1
3412	1
3414	1
3415	1
3420	1
3435	1
3442	1
3444	1
3449	1
3453	1
3454	1
3469	1
3472	1
3483	1
3485	1
3486	1
3490	1
3494	1
3498	1
3501	1
3505	1
3510	1
3512	1
3516	1
3517	1
3522	1
3527	1
3528	1
3530	1
3533	1
3535	1
3538	1
3541	1
3555	1
3557	1
3559	1
3562	1
3565	1
3567	1
3570	1
3580	1
3583	1
3589	1
3592	1
3597	1
3605	2
3610	1
3617	1
3621	1
3625	1
3627	1
3631	1
3634	1
3635	1
3636	1
3638	1
3641	1
3645	1
3649	1
3654	1
3656	1
3659	1
3661	1
3662	1
3663	1
3668	1
3670	1
3673	1
3674	1
3677	1
3685	1
3690	1
3691	1
3693	1
3694	1
3696	1
3702	1
3704	1
3707	1
3708	1
3710	1
3711	1
3712	1
3719	1
3724	1
3726	1
3728	1
3730	1
3735	1
3743	1
3747	1
3750	1
3752	1
3755	1
3758	1
3759	1
3760	1
3765	1
3767	1
3772	1
3775	1
3785	1
3795	1
3806	1
3813	1
3816	1
3818	1
3821	1
3824	1
3827	1
3830	1
3832	1
3847	1
3848	1
3850	1
3855	1
3859	1
3860	1
3862	1
3864	1
3870	1
3873	1
3878	1
3880	1
3882	1
3884	1
3885	1
3888	1
3891	1
3897	1
3899	1
3900	1
3905	1
3908	1
3914	1
3915	1
3917	1
3922	1
3926	1
3940	1
3941	1
3942	1
3953	1
3956	1
3972	1
3981	1
3983	1
3988	1
3993	1
3999	1
4006	1
4013	1
4020	1
4023	1
4024	1
4025	1
4026	1
4031	1
4039	1
4043	1
4045	1
4047	1
4049	1
4052	1
4054	1
4058	1
4060	1
4066	1
4068	1
4072	1
4073	1
4076	1
4079	1
4081	1
4082	1
4083	1
4084	1
4089	1
4090	1
4091	1
4096	1
4097	1
4098	1
4102	1
4108	1
4109	1
4111	1
4112	1
4113	1
4115	1
4120	1
4121	1
4123	1
4129	1
4138	1
4142	1
4146	1
4155	1
4156	1
4157	1
4158	1
4159	1
4161	1
4162	1
4164	1
4170	1
4177	1
4179	1
4182	1
4189	1
4202	1
4205	1
4208	1
4212	1
4214	1
4217	1
4222	1
4230	1
4232	1
4233	1
4236	1
4238	1
4265	1
4270	1
4282	1
4283	1
4297	1
4298	1
4300	1
4309	1
4312	1
4326	1
4330	1
4355	1
4362	1
4366	1
4371	1
4373	1
4378	1
4392	1
4396	1
4400	1
4403	1
4407	1
4412	1
4414	1
4419	1
4421	1
4424	1
4426	1
4428	1
4431	1
4432	1
4436	1
4442	1
4443	1
4460	1
4465	1
4472	1
4477	1
4483	1
4485	1
4486	1
4487	1
4491	1
4497	1
4498	1
4499	1
4500	1
4505	1
4509	1
4511	1
4513	1
4515	1
4517	1
4521	1
4522	1
4528	1
4529	1
4530	1
4532	1
4533	1
4534	1
4535	1
4537	1
4538	1
4540	1
4543	1
4545	1
4547	1
4555	1
4556	1
4558	1
4560	1
4563	1
4565	1
4568	1
4570	1
4571	1
4572	1
4573	1
4576	1
4577	1
4580	1
4582	1
4586	1
4588	1
4589	1
4591	1
4597	1
4601	1
4606	1
4608	1
4615	1
4628	1
4632	1
4634	1
4639	1
4646	1
4664	1
4673	1
4679	1
4681	1
4682	1
4683	1
4686	1
4689	1
4690	1
4692	1
4694	1
4702	1
4707	1
4714	1
4718	1
4720	1
4722	1
4726	1
4733	1
5802	1
5849	1
5851	1
5854	1
5857	1
5858	1
5861	1
6395	1
12940	1
12948	1
12949	1
12990	1
12991	1
13006	1
13011	1
13044	1
13055	1
13098	1
13129	1
13216	1
13217	1
13221	1
13258	1
13260	1
13288	1
13306	1
13329	1
13331	1
13333	1
13337	1
13345	1
13361	1
13363	1
13365	1
13383	1
13387	1
13393	1
13403	1
13413	1
13419	1
13423	1
13427	1
13429	1
13443	1
13451	1
13452	1
13469	1
13485	1
13493	1
13525	1
13529	1
13547	1
13569	1
13571	1
13573	1
13579	1
13601	1
13606	1
13612	1
13649	1
13674	1
13700	1
13708	1
13715	1
13748	1
13750	1
13805	1
13813	1
13818	1
13821	1
13824	1
13825	1
13894	1
14027	1
15000	1
15304	1
15368	1
15371	1
15945	1
15957	1
16049	1
16430	1
16481	1
16719	1
16723	1
16752	1
16897	1
16901	1
16902	1
16903	1
16905	1
16906	1
16907	1
16911	1
16915	1
16922	1
16924	1
16925	1
17515	1
19767	1
19768	1
19953	1
20340	2
20342	1
20401	1
20402	1
20484	1
20676	1
20679	1
20997	1
21020	1
22294	1
22303	1
22663	1
22666	1
22694	1
22978	1
22987	1
23013	1
23101	1
23110	1
23207	1
23211	1
23225	1
23250	1
24776	1
24964	1
25625	1
25629	1
27967	1
28023	1
28024	1
28472	1
28475	1
28490	1
28494	1
28501	1
28502	1
28503	1
28505	1
28508	1
28510	1
28511	1
28514	1
28516	1
28525	1
28526	1
28529	1
28532	1
28540	1
28542	1
28545	1
28849	1
28909	1
28929	1
28930	1
28958	1
28960	1
28964	1
28966	1
28968	1
28971	1
28974	1
28977	1
28978	1
28979	1
28980	1
28982	1
29204	1
29208	1
29583	1
29588	1
29596	1
29598	1
29625	1
29636	1
29642	1
29650	1
29654	1
29655	1
29656	1
29659	1
29661	1
29662	1
29663	1
29664	1
29665	1
29668	1
29671	1
29672	1
29674	1
29678	1
29679	1
29682	1
29683	1
29684	1
29687	1
29689	1
29690	1
29694	1
29695	1
29707	1
29710	1
29711	1
29712	1
29719	1
29722	1
29725	1
29729	1
29730	1
29737	1
29740	1
29744	1
29746	1
29747	1
29760	1
29761	1
29766	1
29769	1
29780	1
29788	1
29808	1
29818	1
31271	1
31300	1
31302	1
31312	1
31333	1
31347	1
31354	1
31363	1
31411	1
31429	1
31436	1
31452	1
31455	1
31471	1
31472	1
31481	1
31502	1
32090	1
32120	1
32127	1
32140	1
32172	1
32177	1
32189	1
32201	1
32202	1
32212	1
32219	1
32221	1
32224	1
32225	1
32229	1
32231	1
32235	1
32237	1
32239	1
32240	1
32242	1
32243	1
32244	1
32245	1
32246	1
32248	1
32249	1
32252	1
32256	1
33092	1
33097	1
33101	1
33109	1
33113	1
33114	1
33125	1
33126	1
33127	1
33128	1
33129	1
33152	1
33153	1
33640	1
33642	1
33649	1
33657	1
33658	1
34116	1
34148	1
34172	1
34173	1
34182	1
34185	1
34186	1
34188	1
34190	1
34193	1
34195	1
34199	1
34205	1
34213	1
34254	1
34256	1
34270	1
34273	1
34274	1
34275	1
34276	1
34277	1
34278	1
34280	1
34281	1
34282	1
34283	1
34284	1
34285	1
34286	1
34287	1
34289	1
34290	1
34291	1
34294	1
34296	1
34301	1
34305	1
34307	1
34308	1
34314	1
34315	1
34316	1
34319	1
34320	1
34328	1
34330	1
34341	1
34343	1
34344	1
35122	1
35128	1
35137	1
35151	1
35153	1
35155	1
35163	1
35171	1
35608	1
35625	1
35684	1
35688	1
35708	1
35710	1
35869	1
35871	1
35872	1
35874	1
35875	1
35876	1
35882	1
35883	1
35885	1
35886	1
35922	1
35923	1
35924	1
35925	1
35926	1
35933	1
35935	1
35936	1
35938	1
35945	1
35968	1
35974	1
36012	1
36014	1
36592	1
36593	1
36594	1
36595	1
36596	1
36597	1
36599	1
36600	1
36602	1
36604	1
36606	1
36608	1
36610	1
36614	1
36618	1
36622	1
36624	1
36775	1
36777	1
36881	1
36894	1
36899	1
36901	1
36902	1
37099	1
37200	1
37229	1
37231	1
37310	1
37318	1
37319	1
37334	1
37395	1
37413	1
37420	1
37425	1
37427	1
37429	1
37433	1
37489	1
37490	1
37494	2
37565	1
37645	1
37647	1
37656	1
37657	1
37660	1
37663	1
37671	1
37678	1
37682	1
37687	1
37690	1
37723	1
37730	1
37824	1
38177	1
38195	1
38197	1
38265	1
38269	1
38273	1
38368	1
38494	1
38541	1
38588	1
38594	1
38596	1
38644	1
38648	1
38680	1
38684	1
38686	1
38687	1
38689	1
38691	1
38702	1
38705	1
38708	1
38716	1
38722	1
38723	1
38726	1
38727	1
38729	1
38736	1
38783	1
38785	1
38787	1
38788	1
38789	1
38817	1
38822	1
38846	1
38857	1
38859	1
38860	1
38861	1
38862	1
38868	1
38869	1
38872	1
38873	1
38881	1
38904	1
38942	1
39026	1
39106	1
39271	1
39279	1
39288	1
39296	2
39321	1
39324	1
39325	1
39326	1
39329	1
39338	1
39347	1
39350	1
39353	1
39358	1
39367	1
39385	1
39387	1
39388	1
39394	1
39414	1
39435	1
39510	1
39511	1
39519	1
39524	1
39526	1
39527	1
39529	1
39534	1
39542	1
39545	1
39552	1
39553	1
39583	1
39584	1
39848	1
39855	1
39860	1
39875	1
39899	1
39946	1
39947	1
39976	1
39984	1
39993	1
40000	1
40003	1
40007	1
40009	1
40015	1
40148	1
40149	1
40320	1
40340	1
40531	1
40583	1
40646	1
40686	1
40689	1
40702	1
40707	1
40711	1
40715	1
40716	1
40721	1
40722	1
40784	1
40788	1
40796	1
40828	1
40888	1
40916	1
40922	1
40937	1
40952	1
40962	1
40966	1
41007	1
41220	1
41228	1
41241	1
41300	1
41381	1
41386	1
41390	1
41396	1
41398	1
41457	1
41486	1
41496	1
41502	1
41522	1
41548	1
41550	1
41561	1
41568	1
41570	1
41604	1
41622	1
41633	1
41644	1
41648	1
41653	1
41659	1
41689	1
41776	1
41782	1
41786	1
41803	1
41834	1
41844	1
41875	1
41880	1
41882	1
41888	1
41894	1
41962	1
41975	1
41982	1
42017	1
42024	1
42043	1
42046	1
42048	1
42053	1
42064	1
42072	1
42079	1
42196	1
42229	1
42328	1
42329	1
42337	1
42345	1
42754	1
42755	1
43073	1
43077	1
43153	1
43166	1
43168	1
43171	1
43178	1
43188	1
43192	1
43194	1
43195	1
43197	1
43199	1
43200	1
43204	1
43206	1
43207	1
43208	1
43335	1
43364	1
43366	1
43522	1
43536	1
43545	1
43575	1
43711	1
43782	1
43861	1
43864	1
43879	1
43925	1
43926	1
43943	1
43946	1
44015	1
44056	1
44058	1
44446	1
44447	1
44451	1
44573	1
44586	1
44588	1
44589	1
44592	1
44682	1
44683	1
44684	1
44685	1
44745	1
44759	1
44926	1
44947	1
44951	1
44964	1
44970	1
44971	1
44972	1
44976	1
44982	1
45004	1
45005	1
45077	1
45164	1
45171	1
45172	1
45179	1
45185	1
45187	1
45211	1
45249	1
45251	1
45318	1
45322	1
45325	1
45371	1
45372	1
45385	1
45494	1
45689	1
45690	1
45834	1
45835	1
45837	1
45839	1
45843	1
46030	1
46032	1
46066	1
46072	1
46105	1
46107	1
46112	1
46121	1
46142	1
46147	1
46150	1
46220	1
46346	1
46348	1
46367	1
46379	1
46385	1
46397	1
46415	1
46421	1
46664	1
46787	1
46789	1
46901	1
46945	1
46959	1
46961	1
46963	1
46965	1
46969	1
46980	1
46996	1
47052	1
47064	1
47080	1
47082	1
47083	1
47084	1
47085	1
47091	1
47096	1
47101	1
47141	1
47281	1
47446	1
47452	1
47454	1
47456	1
47471	1
47600	1
47602	1
47619	1
47621	1
47622	1
47623	1
47631	1
47634	1
47635	1
47636	1
47637	1
47643	1
47651	1
47654	1
47742	1
47963	1
47965	1
47966	1
47968	1
47970	1
48032	1
48053	1
48101	1
48103	1
48105	1
48106	1
48109	1
48117	1
48119	1
48123	1
48131	1
48220	1
48225	1
48226	1
48231	1
48234	1
48236	1
48386	1
48387	1
48391	1
48401	1
48517	1
48523	1
48524	1
48526	1
48532	1
48534	1
48537	1
48545	1
48666	1
48732	1
48734	1
48735	1
48773	1
48809	1
48820	1
48873	1
48874	1
48924	1
48929	1
48932	1
48942	1
48970	1
48972	1
49005	1
49011	1
49036	1
49039	1
49045	1
49121	1
49211	1
49212	1
49249	1
49265	1
49266	1
49314	1
49369	1
49377	1
49390	1
49450	1
49451	1
49455	1
49460	1
49480	1
49502	1
49511	1
49533	1
49535	1
49539	1
49541	1
49553	1
49556	1
49560	1
49563	1
49565	1
49570	1
49575	1
49577	1
49581	1
49614	1
49618	1
49657	1
49664	1
49666	1
49668	1
49670	1
49672	1
49675	1
49681	1
49683	1
49684	1
49692	1
49724	1
49731	1
49752	1
49762	1
49763	1
49786	1
49801	1
49817	1
49825	1
49827	1
49834	1
49857	1
49879	1
49880	1
49881	1
49883	1
49889	1
49890	1
49945	1
49988	1
49992	1
49997	1
50001	1
50037	1
50041	1
50117	1
50123	1
50133	1
50142	1
50144	1
50148	1
50172	1
50176	1
50179	1
50181	1
50182	1
50187	1
50191	1
50192	1
50193	1
50194	1
50196	1
50200	1
50204	1
50205	1
50206	1
50207	1
50210	1
50212	1
50213	1
50217	1
50225	1
50236	1
50240	1
50273	1
50277	1
50295	1
50308	1
50309	1
50314	1
50323	1
50346	1
50452	1
50454	1
50458	1
50459	1
50461	1
50463	1
50469	1
50498	1
50499	1
50501	1
50506	1
50507	1
50514	1
50543	1
50748	1
50754	1
50761	1
50764	1
50765	1
50767	1
50768	1
50769	1
50785	1
50801	1
50802	1
50804	1
50808	1
50864	1
50874	1
50878	1
50993	1
50994	1
50997	1
50998	1
51000	1
51002	1
51004	1
51020	1
51089	1
51239	1
51240	1
51255	1
51266	1
51267	1
51268	1
51269	1
51271	1
51274	1
51276	1
51277	1
51286	1
51324	1
51328	1
51350	1
51351	1
51387	1
51447	1
51450	1
51459	1
51492	1
51498	1
51607	1
51707	1
51714	1
51953	1
52028	1
52139	1
52150	1
52152	1
52299	1
52451	1
52462	1
52491	1
52492	1
52501	1
52521	1
52522	1
52524	1
52529	1
52536	1
52545	1
52552	1
52557	1
52570	1
52688	1
52705	1
52706	1
52709	1
52714	1
52818	1
52822	1
52824	1
52830	1
52833	1
52835	1
52837	1
52838	1
52965	1
52976	1
52999	1
53038	1
53042	1
53045	1
53046	1
53059	1
53061	1
53063	1
53065	1
53067	1
53068	1
53069	1
53070	1
53071	1
53074	1
53075	1
53076	1
53077	1
53078	1
53079	1
53081	1
53082	1
53083	1
53084	1
53085	1
53086	1
53087	1
53088	1
53089	1
53090	1
53091	1
53092	1
53093	1
53094	1
53095	1
53096	1
53097	1
53098	1
53099	1
53100	1
53102	1
53103	1
53104	1
53105	1
53106	1
53107	1
53108	1
53109	1
53110	1
53111	1
53112	1
53113	1
53115	1
53116	1
53117	1
53118	1
53119	1
53120	1
53122	1
53123	1
53125	1
53126	1
53132	1
53134	1
53159	1
53161	1
53173	1
53175	1
53201	1
53204	1
53205	1
53208	1
53211	1
53212	1
53213	1
53583	1
53588	1
53719	1
53748	1
53749	1
53750	1
53751	1
53753	1
53827	1
53833	1
53836	1
53852	1
53861	1
53863	1
53883	1
53885	1
53888	1
53893	1
53896	1
53902	1
53904	1
53908	1
53923	1
54173	1
54211	1
54223	1
54229	1
54240	1
54415	1
54427	1
54428	1
54431	1
54434	1
54446	1
54447	1
54451	1
54453	1
54454	1
54456	1
54464	1
54469	1
54477	1
54703	1
54711	1
54724	1
54728	1
54732	1
54733	1
54757	1
54798	1
54799	1
54801	1
54802	1
54803	1
54804	1
54806	1
54820	1
54855	1
54882	1
54890	1
54894	1
54988	1
55062	1
55183	1
55184	1
55185	1
55188	1
55190	1
55318	1
55320	1
55363	1
55371	1
55373	1
55377	1
55383	1
55387	1
55409	1
55410	1
55442	1
55444	1
55455	1
55464	1
55479	1
55483	1
55496	1
55513	1
55529	1
55564	1
55570	1
55571	1
55572	1
55575	1
55576	1
55577	1
55578	1
55580	1
55605	1
55670	1
55960	1
55992	1
55995	1
55999	1
56029	1
56032	1
56036	1
56038	1
56040	1
56060	1
56065	1
56147	1
56634	1
56743	1
56851	1
56867	1
56899	1
56901	1
56908	1
56917	1
56918	1
56939	1
56992	1
56993	1
56994	1
56998	1
57008	1
57009	1
57053	1
57203	1
57205	1
57323	1
57577	1
57648	1
57649	1
57650	1
57651	1
57653	1
57655	1
57912	1
57917	1
57919	1
57925	1
57926	1
57928	1
57932	1
57933	1
57935	1
57939	1
57940	1
57942	1
57947	1
58029	1
58031	1
58039	1
58040	1
58043	1
58047	1
58089	1
58167	1
58168	1
58215	1
58228	1
58286	1
58296	1
58297	1
58304	1
58305	1
58330	1
58333	1
58378	1
58425	1
58481	1
58530	1
58656	1
58662	1
58708	1
58860	1
58923	1
58934	1
58937	1
58944	1
58956	1
58964	1
58968	1
58979	1
58992	1
59027	1
59029	1
59045	1
59052	1
59062	1
59067	1
59082	1
59097	1
59099	1
59115	1
59166	1
59170	1
59172	1
59180	1
59279	1
59281	1
59289	1
59290	1
59292	1
59297	1
59324	1
59339	1
59353	1
59382	1
59423	1
59425	1
59492	1
59495	1
59502	1
59677	1
59679	1
59680	1
59689	1
59777	1
59788	1
59809	1
59812	1
59866	1
59873	1
59882	1
59911	1
59970	1
59974	1
59982	1
59983	1
59993	1
60011	1
60087	1
60116	1
60117	1
60118	1
60119	1
60120	1
60121	1
60124	1
60130	1
60188	1
60418	1
60419	1
60423	1
60426	1
60698	1
60851	1
60925	1
61141	1
61143	1
61147	1
61222	1
61236	1
61241	1
61242	1
61243	1
61244	1
61245	1
61246	1
61247	1
61299	1
61307	1
61509	1
61564	1
61589	1
61590	1
62097	1
62116	1
62119	1
62298	1
62330	1
62333	1
62335	1
62337	1
62339	1
62340	1
62342	1
62344	1
62345	1
62615	1
62751	1
62752	1
62886	1
62889	1
62890	1
62891	1
62893	1
62927	1
63028	1
63029	1
63038	1
63051	1
63053	1
63056	1
63057	1
63058	1
63060	1
63062	1
63068	1
63090	1
63091	1
63094	1
63102	1
63345	1
63347	1
63349	1
63351	1
63353	1
63355	1
63358	1
63359	1
63360	1
63409	1
63410	1
63414	1
63422	1
63459	1
63476	1
63479	1
63629	1
63632	1
63659	1
63678	1
63744	1
63779	1
63787	1
63788	1
63789	1
64022	1
64027	1
64029	1
64032	1
64034	1
64035	1
64039	1
64045	1
64047	1
64093	1
64109	1
64118	1
64130	1
64132	1
64134	1
64136	1
64232	1
64432	1
64475	1
64477	1
64478	1
64480	1
64481	1
64575	1
64582	1
64595	1
64686	1
64699	1
64700	1
64884	1
64905	1
64927	1
64939	1
64940	1
64941	1
64942	1
65043	1
65139	1
65409	1
65489	1
65491	1
65557	1
65559	1
65561	1
65703	1
65704	1
65729	1
65730	1
65731	1
65948	1
65951	1
65952	1
65957	1
65968	1
65970	1
65975	1
65978	1
65988	1
65991	1
65993	1
66000	1
66004	1
66008	1
66012	1
66014	1
66025	1
66092	1
66093	1
66094	1
66096	1
66097	1
66169	1
66172	1
66201	1
66205	1
66206	1
66207	1
66208	1
66209	1
66210	1
66211	1
66214	1
66215	1
66380	1
66385	1
66386	1
66387	1
66392	1
66393	1
66621	1
66636	1
66646	1
66652	1
66654	1
66656	1
66662	1
66669	1
66672	1
66689	1
66699	1
66807	1
66811	1
66812	1
66814	1
66815	1
66816	1
66817	1
66818	1
66819	1
66845	1
67240	1
67476	1
67778	1
67809	1
67830	1
67918	1
67938	1
68535	1
68548	1
68550	1
68552	1
68554	1
68869	1
68875	1
69056	1
69266	1
69385	1
69404	1
69405	1
69412	1
69462	1
69719	1
69721	1
69919	1
69994	1
70001	1
70003	1
70128	1
70131	1
70144	1
70448	1
70606	1
70741	1
70754	1
70757	1
70761	1
70766	1
70770	1
70887	1
70929	1
70936	1
70937	1
70938	1
70940	1
70941	1
70943	1
70944	1
70945	1
70947	1
70948	1
70950	1
70951	1
70952	1
70955	1
70957	1
70959	1
70962	1
70964	1
70966	1
70968	1
70971	1
70972	1
70973	1
70975	1
70980	1
71035	1
71123	1
71139	1
71234	1
71251	1
71271	1
71322	1
71324	1
71338	1
71350	1
71365	1
71401	1
71402	1
71403	1
71407	1
71408	1
71595	1
71605	1
71610	1
71616	1
71623	1
71626	1
71631	1
71632	1
71643	1
71644	1
71648	1
71649	1
71652	1
71987	1
72166	1
72180	1
72185	1
72187	1
72190	1
72332	1
72341	1
72351	1
72385	1
72402	1
72433	1
72520	1
72643	1
72644	1
72645	1
72648	1
72657	1
72658	1
72664	1
72917	1
72945	1
72947	1
72967	1
73025	1
73154	1
73178	1
73188	1
73191	1
73194	1
73198	1
73272	1
73274	1
73275	1
73276	1
73277	1
73279	1
73281	1
73282	1
73283	1
73284	1
73285	1
73288	1
73291	1
73293	1
73297	1
73298	1
73299	1
73300	1
73304	1
73305	1
73310	1
73312	1
73572	1
73573	1
73574	1
73575	1
73716	1
73751	1
73824	1
74089	1
74091	1
74092	1
74099	1
74140	1
74301	1
74344	1
74381	1
74475	1
74613	1
74614	1
74628	1
74630	1
74631	1
74632	1
74635	1
74636	1
74637	1
74644	1
74645	1
74646	1
74647	1
74648	1
74649	1
74650	1
74651	1
74652	1
74653	1
74654	1
74656	1
74693	1
74695	1
74709	1
74718	1
74787	1
74820	1
74823	1
74825	1
74859	1
74897	1
74900	1
74902	1
74908	1
75067	1
75072	1
75079	1
75085	1
75094	1
75096	1
75113	1
75421	1
75427	1
75580	1
75626	1
75627	1
75689	1
75699	1
75702	1
75703	1
75706	1
75708	1
75711	1
75712	1
75722	1
75727	1
75745	1
75943	1
75945	1
75946	1
75947	1
75948	1
75949	1
75950	1
75951	1
75952	1
75953	1
75956	1
75961	1
76025	1
76036	1
76040	1
76056	1
76098	1
76119	1
76149	1
76155	1
76160	1
76276	1
76277	1
76306	1
76313	1
76317	1
76336	1
76356	1
76374	1
76397	1
76434	1
76453	1
76460	1
76571	1
76576	1
76577	1
76578	1
76830	1
76906	1
76910	1
76951	1
76957	1
76959	1
76966	1
76967	1
76974	1
77009	1
77057	1
77060	1
77061	1
77065	1
77069	1
77070	1
77108	1
77317	1
77334	1
77339	1
77519	1
77547	1
77555	1
77561	1
77563	1
77586	1
77588	1
77602	1
77603	1
77620	1
77623	1
77895	1
77896	1
77912	1
77931	1
78168	1
78190	1
78191	1
78192	1
78262	1
78265	1
78266	1
78267	1
78270	1
78372	1
78374	1
78380	1
78384	1
78457	1
78463	1
78478	1
78479	1
78511	1
78529	1
78530	1
78534	1
78607	1
78630	1
78632	1
78697	1
78707	1
78719	1
78735	1
78740	1
78780	1
78812	1
78825	1
78826	1
78827	1
78828	1
78836	1
78837	1
78998	1
78999	1
79000	1
79001	1
79002	1
79078	1
79081	1
79200	1
79245	1
79376	1
79606	1
79608	1
79612	1
79615	1
79731	1
79760	1
79767	1
79772	1
79824	1
79832	1
79835	1
79838	1
79841	1
79842	1
79849	1
79855	1
79857	1
80288	1
80294	1
80321	1
80338	1
80365	1
80369	1
80379	1
80418	1
80751	1
80753	1
80754	1
80755	1
80774	1
80775	1
80776	1
80777	1
80863	1
81418	1
81729	1
81733	1
81762	1
81818	1
81864	1
81865	1
81964	1
81970	1
81972	1
81980	1
81985	1
81991	1
82025	1
82091	1
82094	1
82095	1
82096	1
82149	1
82151	1
82207	1
82213	1
82225	1
82245	1
82257	1
82271	1
82279	1
82282	1
82286	1
82288	1
82311	1
82312	1
82313	1
82315	1
82316	1
82317	1
82318	1
82319	1
82320	1
82324	1
82327	1
82328	1
82329	1
82330	1
82331	1
82334	1
82336	1
82356	1
82382	1
82388	1
82404	1
82423	1
82439	1
82471	1
82479	1
82481	1
82490	1
82502	1
82528	1
82538	1
82755	1
82927	1
82928	1
82930	1
82931	1
83000	1
83154	1
83307	1
83308	1
83309	1
83372	1
83444	1
83522	1
83523	1
83791	1
83795	1
83797	1
83800	1
83802	1
83819	1
83858	1
83859	1
83861	1
83906	1
83908	1
83937	1
83951	1
84044	1
84056	1
84058	1
84230	1
84533	1
84614	1
84615	1
84810	1
84923	1
84942	1
84944	1
85172	1
85216	1
85223	1
85225	1
85228	1
85232	1
85242	1
85246	1
85252	1
85268	1
85282	1
85330	1
85337	1
85340	1
85358	1
85363	1
85370	1
85373	1
85378	1
85437	1
85438	1
85439	1
85471	1
85476	1
85571	1
85622	1
85636	1
85679	1
85681	1
85712	1
85854	1
85855	1
85856	1
85857	1
85860	1
85861	1
85863	1
85864	1
85865	1
85866	1
85867	1
85868	1
85871	1
85872	1
85887	1
85889	1
85954	1
86020	1
86021	1
86091	1
86093	1
86148	1
86638	1
86640	1
86642	1
86643	1
86686	1
86694	1
86699	1
86719	1
86721	1
86722	1
86723	1
86724	1
86725	1
86726	1
86727	1
86728	1
86729	1
86730	1
86731	1
86732	1
86734	1
86735	1
86736	1
86737	1
86738	1
86739	1
86741	1
86742	1
86743	1
86744	1
86747	1
86748	1
86749	1
86751	1
86752	1
86753	1
86754	1
86755	1
86756	1
86757	1
86758	1
86759	1
86760	1
86761	1
86762	1
86763	1
86764	1
86765	1
86766	1
86767	1
86768	1
86769	1
86770	1
86771	1
86772	1
86773	1
86779	1
86842	1
86864	1
86865	1
86867	1
86875	1
86979	1
86990	1
86994	1
87088	1
87236	1
87302	1
87519	1
87524	1
87525	1
87530	1
87534	1
87657	1
87660	1
87663	1
87669	1
87670	1
87672	1
87674	1
87676	1
87679	1
87681	1
87684	1
87685	1
87688	1
87754	1
87892	1
88032	1
88033	1
88034	1
88036	1
88056	1
88123	1
88149	1
88159	1
88167	1
88271	1
88360	1
88456	1
88728	1
88730	1
88731	1
88732	1
88733	1
88840	1
88843	1
88844	1
88845	1
88847	1
89039	1
89191	1
89194	1
89411	1
89479	1
89481	1
89483	1
89484	1
89493	1
89496	1
89497	1
89634	1
89636	1
89639	1
89640	1
89647	1
89656	1
89660	1
89684	1
89789	1
90037	1
90195	1
90199	1
90235	1
90272	1
90345	1
90346	1
90396	1
90397	1
90454	1
90549	1
90675	1
90702	1
90936	1
91064	1
91073	1
91077	1
91092	1
91113	1
91115	1
91120	1
91125	1
91127	1
91129	1
91135	1
91141	1
91144	1
91146	1
91155	1
91190	1
91197	1
91198	1
91201	1
91209	1
91213	1
91214	1
91216	1
91217	1
91218	1
91219	1
91224	1
91225	1
91226	1
91227	1
91242	1
91246	1
91248	1
91263	1
91508	1
91512	1
91515	1
91528	1
92053	1
92907	1
92921	1
92927	1
93036	1
93210	1
93211	1
93213	1
93280	1
93283	1
93293	1
93304	1
93307	1
93318	1
93606	1
93608	1
93611	1
93670	1
93677	1
93694	1
93697	1
93745	1
93759	1
93770	1
93780	1
93837	1
93926	1
93977	1
94108	1
94219	1
94282	1
94286	1
94318	1
94325	1
94328	1
94329	1
94390	1
94617	1
94643	1
95392	1
95413	1
96049	1
96050	1
96455	1
96477	1
96521	1
96568	1
96569	1
96764	1
96933	1
96939	1
96944	1
97014	1
97024	1
97044	1
97105	1
97166	1
97167	1
97169	1
97170	1
97173	1
97227	1
97234	1
97306	1
97307	1
97308	1
97309	1
97319	1
97321	1
97698	1
97702	1
97729	1
97736	1
97739	1
97746	1
97749	1
97750	1
97751	1
97782	1
97860	1
97864	1
97872	1
97979	1
97980	1
97984	1
97989	1
97993	1
97998	1
98002	1
98020	1
98021	1
98038	1
98039	1
98220	1
98221	1
98373	1
98504	1
98583	1
98587	1
98588	1
98722	1
98750	1
98946	1
99010	1
99019	1
99024	1
99035	1
99037	1
99038	1
99046	1
99064	1
99072	1
99155	1
99292	1
99298	1
99300	1
99384	1
99398	1
99400	1
99437	1
99438	1
99446	1
99448	1
99452	1
99502	1
99506	1
99507	1
99509	1
99510	1
99526	1
99658	1
99806	1
99808	1
99809	1
99812	1
99815	1
99817	1
100149	1
100158	1
100170	1
100296	1
100364	1
100494	1
100496	1
100505	1
100506	1
100514	1
100515	1
100521	1
100525	1
100526	1
100527	1
100528	1
100530	1
100532	1
100534	1
100535	1
100541	1
100569	1
100577	1
100580	1
100679	1
100696	1
100698	1
100810	1
100879	1
101007	1
101010	1
101011	1
101012	1
101013	1
101014	1
101015	1
101020	1
101193	1
101471	1
101569	1
101595	1
101596	1
101609	1
101617	1
101622	1
101629	1
101652	1
101653	1
101696	1
101708	1
101717	1
101743	1
101772	1
101774	1
101920	1
101928	1
101992	1
101994	1
102107	1
102167	1
102211	1
102697	1
102772	1
102822	1
102908	1
103032	1
103340	1
103349	1
103351	1
103352	1
103353	1
103354	1
103355	1
103480	1
103481	1
103482	1
103483	1
103484	1
103485	1
103487	1
103488	1
103489	1
103490	1
103713	1
103745	1
103762	1
103871	1
103966	1
103968	1
103991	1
103993	1
104003	1
104301	1
104316	1
104318	1
104522	1
104533	1
104537	1
104588	1
104597	1
104666	1
105183	1
105189	1
105231	1
105268	1
105301	1
105302	1
105303	1
105305	1
105306	1
105307	1
105308	1
105309	1
105310	1
105311	1
105339	1
105373	1
105379	1
105380	1
105381	1
105382	1
105383	1
105404	1
105407	1
105480	1
105594	1
105599	1
105603	1
105608	1
105667	1
105674	1
105678	1
105748	1
105757	1
105883	1
105884	1
105885	1
105886	1
105907	1
106130	1
106132	1
106141	1
106203	1
106205	1
106335	1
106434	1
106456	1
106463	1
106464	1
106477	1
106478	1
106481	1
106485	1
106488	1
106546	1
106547	1
106549	1
106550	1
106552	1
106553	1
106554	1
106555	1
106556	1
106557	1
106558	1
106559	1
106560	1
106562	1
106563	1
106564	1
106565	1
106566	1
106567	2
106568	1
106570	1
106571	1
106572	1
106573	1
106626	1
106635	1
106636	1
106642	1
106677	1
106773	1
106785	1
106888	1
106889	1
106890	1
106891	1
106892	1
106893	1
107243	1
107308	1
107587	1
107604	1
107607	1
107758	1
107817	1
107821	1
107826	1
107827	1
107837	1
108051	1
108053	1
108210	1
108278	1
108357	1
108407	1
108411	1
108412	1
108542	1
108543	1
108544	1
108546	1
108594	1
108595	1
108868	1
108878	1
108881	1
109058	1
109060	1
109063	1
109066	1
109069	1
109072	1
109171	1
109224	1
109269	1
109355	1
109470	1
109558	1
109559	1
109606	1
109792	1
109808	1
109864	1
109975	1
110283	1
110284	1
110318	1
110451	1
110453	1
110477	1
110664	1
110722	1
110723	1
110731	1
110733	1
110735	1
110740	1
110753	1
110762	1
110763	1
110835	1
110867	1
110874	1
110875	1
110881	1
110886	1
110892	1
110894	1
110901	1
110909	1
110913	1
111108	1
111431	1
111566	1
111567	1
111568	1
111569	1
111572	1
111573	1
111574	1
111575	1
111597	1
111616	1
111617	1
111851	1
111861	1
112168	1
112356	1
112407	1
112507	1
112509	1
112523	1
112565	1
112568	1
112578	1
112603	1
112604	1
112607	1
112611	1
112612	1
112613	1
112615	1
112799	1
112807	1
112819	1
112844	1
112863	1
112879	1
112883	1
113203	1
113205	1
113208	1
113209	1
113210	1
113213	1
113214	1
113250	1
113446	1
113474	1
113480	1
113531	1
113534	1
113538	1
113624	1
113636	1
114151	1
114194	1
114207	1
114260	1
114264	1
114280	1
114317	1
114324	1
114476	1
114509	1
114511	1
114512	1
114516	1
114617	1
114995	1
115002	1
115004	1
115441	1
115450	1
115457	1
115464	1
115466	1
115473	1
115475	1
115491	1
115494	1
115496	1
115498	1
115504	1
115506	1
115513	1
115514	1
115515	1
115516	1
115525	1
115527	1
115529	1
115624	1
115652	1
115666	1
115668	1
115671	1
115715	1
115717	1
115877	1
115924	1
115925	1
115930	1
115938	1
116065	1
116719	1
116725	1
116726	1
116758	1
116762	1
117167	1
117260	1
117261	1
117265	1
117406	1
117505	1
117583	1
117662	1
117666	1
117953	1
117954	1
117955	1
117957	1
117978	1
118074	1
118223	1
118357	1
118363	1
118374	1
118375	1
118431	1
118510	1
118693	1
118710	1
118713	1
118778	1
118781	1
119172	1
119173	1
119176	1
119182	1
119234	1
119235	1
119236	1
119260	1
119261	1
119263	1
119264	1
119574	1
119585	1
119595	1
119829	1
119830	1
119869	1
119938	1
119949	1
119951	1
119954	1
119992	1
120010	1
120015	1
120072	1
120130	1
120259	1
120273	1
120290	1
120385	1
120598	1
120620	1
120622	1
120627	1
120628	1
120631	1
120713	1
120728	1
120732	1
120807	1
120811	1
121064	1
121071	1
121073	1
121077	1
121088	1
121383	1
121481	1
121718	1
121720	1
121766	1
121770	1
121774	1
121775	1
121785	1
121787	1
121788	1
121897	1
122122	1
122187	1
122196	1
122197	1
122198	1
122218	1
122250	1
122254	1
122256	1
122299	1
122300	1
122303	1
122310	1
122319	1
122535	1
122537	1
122808	1
122810	1
122812	1
122814	1
122815	1
122816	1
122832	1
122950	1
123163	1
123405	1
123417	1
123465	1
123485	1
123495	1
123498	1
123564	1
123598	1
123599	1
123601	1
123604	1
123605	1
123676	1
123680	1
123682	1
124693	1
124760	1
124761	1
124764	1
124765	1
124768	1
124772	1
124773	1
124775	1
124776	1
124778	1
124780	1
124781	1
124782	1
124794	1
124817	1
124846	1
124850	1
124929	1
124941	1
124943	1
124947	1
125008	1
125022	1
125041	1
125047	1
125053	1
125116	1
125207	1
125241	1
125259	1
125261	1
125263	1
125394	1
125400	1
125421	1
125431	1
125444	1
125487	1
125586	1
125587	1
125697	1
126270	1
126278	1
126360	1
126361	1
126362	1
126363	1
126368	1
126403	1
126416	1
126418	1
126421	1
126426	1
126429	1
126431	1
126432	1
126435	1
126436	1
126438	1
126540	1
126541	1
126542	1
126543	1
126547	1
126548	1
126553	1
126554	1
126558	1
126561	1
126564	1
126566	1
126618	1
126635	1
126639	1
126643	1
126646	1
126675	1
126737	1
126758	1
126820	1
126903	1
126905	1
126910	1
126911	1
126914	1
126981	1
126984	1
126986	1
127120	1
127127	1
127142	1
127421	1
127450	1
127542	1
127554	1
127563	1
127571	1
127572	1
127578	1
127999	1
128002	1
128017	1
128207	1
128258	1
128588	1
128602	1
128608	1
128609	1
128618	1
128639	1
128653	1
128655	1
128660	1
128661	1
128668	1
128681	1
128687	1
128693	1
128701	1
128702	1
128733	1
128735	1
128738	1
128741	1
128810	1
129202	1
129206	1
129207	1
129217	1
129218	1
129297	1
129566	1
129734	1
129744	1
129751	1
129756	1
129946	1
130081	1
130137	1
130281	1
130285	1
130296	1
130385	1
130389	1
130414	1
130418	1
130426	1
130446	1
130453	1
130458	1
130508	1
130512	1
130991	1
131038	1
131161	1
131249	1
131256	1
131259	1
131261	1
131265	1
131271	1
131274	1
131276	1
131286	1
131288	1
131289	1
131296	1
131300	1
132261	1
132429	1
132452	1
132459	1
132711	1
132959	1
133196	1
133197	1
133198	1
133202	1
133203	1
133204	1
133206	1
133254	1
133430	1
133441	1
133504	1
133573	1
133895	1
133939	1
133946	1
134525	1
134526	1
134527	1
134587	1
134795	1
134796	1
134797	1
134798	1
134799	1
135197	1
135206	1
135494	1
135518	1
136111	1
136122	1
136126	1
136207	1
136209	1
136213	1
136215	1
136216	1
136217	1
136218	1
136219	1
136220	1
136221	1
136222	1
136223	1
136224	1
136225	1
136296	1
136465	1
136614	1
136998	1
137004	1
137159	1
137170	1
137178	1
137186	1
137220	1
137221	1
137223	1
137226	1
137228	1
137435	1
137457	1
137665	1
137669	1
137680	1
137681	1
137683	1
137689	1
137693	1
137697	1
137761	1
137763	1
137790	1
137812	1
137813	1
137888	1
137889	1
137891	1
137893	1
137894	1
137939	1
137943	1
138017	1
138025	1
138033	1
138043	1
138044	1
138055	1
138062	1
138094	1
138111	1
138318	1
138325	1
138327	1
138334	1
138539	1
138560	1
138667	1
138856	1
138902	1
138912	1
139018	1
139037	1
139307	1
139401	1
139403	1
139404	1
139772	1
139907	1
139926	1
139927	1
139928	1
139929	1
139930	1
139932	1
139933	1
139936	1
139937	1
139980	1
140001	1
140003	1
140035	1
140109	1
140311	1
140635	1
140651	1
140657	1
140661	1
140662	1
140872	1
140873	1
140937	1
140951	1
140962	1
140994	1
140996	1
140997	1
140999	1
141002	1
141003	1
141004	1
141006	1
141007	1
141009	1
141186	1
141187	1
141189	1
141191	1
141206	1
141207	1
141317	1
141318	1
141467	1
141482	1
141489	1
141497	1
141545	1
141598	1
141627	1
141628	1
141643	1
141716	1
141721	1
141728	1
141750	1
141752	1
141753	1
141755	1
141782	1
141787	1
141790	1
141795	1
141798	1
142181	1
142253	1
142301	1
142389	1
142400	1
142611	1
142612	1
142613	1
142614	1
142615	1
142721	1
142738	1
142759	1
142860	1
143050	1
143389	1
143397	1
143584	1
143585	1
144064	1
144137	1
144149	1
144544	1
144545	1
144562	1
145231	1
145284	1
145286	1
145388	1
145475	1
145522	1
145668	1
145669	1
145671	1
145673	1
145675	1
145677	1
145686	1
145693	1
145697	1
145709	1
145710	1
145711	1
145714	1
145745	1
145756	1
145780	1
145781	1
145782	1
145835	1
145947	1
145980	1
145982	1
145987	1
145989	1
146037	1
146096	1
146149	1
146439	1
146467	1
146502	1
146503	1
146505	1
146529	1
146530	1
146532	1
146533	1
146534	1
146535	1
146538	1
146539	1
146540	1
146542	1
146543	1
146640	1
146642	1
146645	1
146646	1
146649	1
146650	1
146652	1
146654	1
146655	1
146659	1
146662	1
146993	1
146994	1
146995	1
146996	1
147002	1
147003	1
147027	1
147045	1
147188	1
147273	1
147277	1
147282	1
147425	1
147460	1
147635	1
147812	1
147911	1
147912	1
147913	1
147914	1
147915	1
147917	1
147918	1
147919	1
147920	1
147923	1
147924	1
147926	1
147927	1
147928	1
147929	1
147930	1
147931	1
147932	1
147933	1
147939	1
148520	1
148544	1
148566	1
148574	1
148576	1
148578	1
148579	1
148628	1
148910	1
148919	1
148947	1
149022	1
149062	1
149353	1
149359	1
149361	1
149376	1
149379	1
149405	1
149628	1
149637	1
149639	1
149665	1
149681	1
149687	1
149693	1
150409	1
150983	1
151065	1
151069	1
151071	1
151230	1
151231	1
151258	1
151332	1
151430	1
151431	1
151433	1
151439	1
151440	1
151521	1
151562	1
151733	1
151735	1
152008	1
152088	1
152089	1
152090	1
152091	1
152092	1
152093	1
152094	1
152095	1
152096	1
152138	1
152185	1
152188	1
152192	1
152196	1
152284	1
152286	1
152288	1
152292	1
152299	1
152355	1
152359	1
152363	1
152367	1
152371	1
152390	1
152423	1
152471	1
152626	1
152631	1
152679	1
152746	1
152754	1
152759	1
152766	1
152838	1
152891	1
152892	1
153317	1
153318	1
153319	1
153321	1
153338	1
153339	1
153343	1
153348	1
153358	1
153365	1
153459	1
153471	1
153474	1
153476	1
153477	1
153490	1
153521	1
153522	1
153525	1
153527	1
153528	1
153530	1
153531	1
153537	1
153542	1
153543	1
153547	1
153554	1
153556	1
153558	1
153559	1
153571	1
153659	1
153727	1
153728	1
153729	1
153762	1
153875	1
154000	1
154289	1
154290	1
154291	1
154292	1
154293	1
154407	1
154467	1
154471	1
154479	1
154480	1
154482	1
154485	1
154488	1
154489	1
154493	1
154679	1
154702	1
154761	1
154764	1
154765	1
154766	1
154990	1
155013	1
155022	1
155132	1
155287	1
155289	1
155290	1
155291	1
155293	1
155294	1
155295	1
155296	1
155299	1
155300	1
155302	1
155545	1
155636	1
155640	1
155755	1
155756	1
155904	1
156128	1
156133	1
156149	1
156270	1
156271	1
156587	1
156996	1
157082	1
157083	1
157086	1
157090	1
157092	1
157099	1
157259	1
157409	1
157443	1
157517	1
157595	1
157622	1
157652	1
157659	1
157670	1
157677	1
157702	1
157786	1
157791	1
157794	1
157796	1
157914	1
157934	1
158093	1
158095	1
158098	1
158105	1
158120	1
158122	1
158129	1
158136	1
158147	1
158149	1
158152	1
158156	1
158163	1
158165	1
158166	1
158170	1
158325	1
158383	1
158385	1
158507	1
158541	1
158550	1
158552	1
158555	1
158558	1
158559	1
158573	1
158595	1
158596	1
158603	1
158698	1
158720	1
158927	1
159014	1
159025	1
159026	1
159027	1
159030	1
159033	1
159037	1
159041	1
159045	1
159048	1
159053	1
159055	1
159071	1
159298	1
159372	1
159421	1
159422	1
159424	1
159428	1
159429	1
159430	1
159432	1
159571	1
159591	1
159689	1
159691	1
159697	1
159709	1
159753	1
159960	1
159961	1
159976	1
160064	1
160069	1
160070	1
160371	1
160376	1
160378	1
160402	1
160510	1
160521	1
160525	1
160526	1
160527	1
160529	1
160530	1
160531	1
160532	1
160533	1
160534	1
160538	1
160539	1
160540	1
160545	1
160547	1
160577	1
160581	1
160586	1
160593	1
160619	1
160690	1
160839	1
161031	1
161069	1
161106	1
161111	1
161112	1
161114	1
161118	1
161126	1
161229	1
161230	1
161261	1
161262	1
161264	1
161269	1
161272	1
161395	1
161527	1
161753	1
161756	1
161864	1
161865	1
161866	1
161867	1
161868	1
161869	1
161870	1
161873	1
161874	1
161951	1
162018	1
162025	1
162053	1
162305	1
162306	1
162307	1
162317	1
162386	1
162639	1
162644	1
162646	1
162669	1
162677	1
162678	1
162690	1
162694	1
162704	1
162715	1
162730	1
162734	1
162759	1
162772	1
162783	1
162812	1
162836	1
162876	1
162878	1
162883	1
162890	1
162895	1
162898	1
162923	1
162936	1
162940	1
163034	1
163309	1
163310	1
163324	1
163516	1
163685	1
163694	1
163927	1
164242	1
164243	1
164262	1
164263	1
164275	1
164434	1
164435	1
164436	1
164669	1
164936	1
165200	1
165201	1
165298	1
165299	1
165318	1
165330	1
165341	1
165345	1
165353	1
165484	1
165487	1
165498	1
165499	1
165504	1
165603	1
165605	1
165608	1
165617	1
165619	1
165623	1
165633	1
165635	1
165637	1
165640	1
165645	1
165650	1
165651	1
165658	1
165660	1
165662	1
165667	1
165669	1
165670	1
165700	1
165701	1
165702	1
165705	1
165707	1
165710	1
165711	1
165712	1
165716	1
165719	1
165720	1
165782	1
165788	1
166115	1
166116	1
166117	1
166594	1
166610	1
166619	1
166796	1
166797	1
166802	1
166805	1
166816	1
166818	1
166822	1
166933	1
167333	1
167337	1
167339	1
167341	1
167342	1
167343	1
167379	1
167385	1
167386	1
167390	1
167399	1
167400	1
167407	1
167417	1
167418	1
167421	1
167423	1
167424	1
167428	1
167429	1
167431	1
167434	1
167435	1
167436	1
167438	1
167439	1
167441	1
167472	1
167473	1
167570	1
167572	1
167573	1
167584	1
167585	1
167587	1
167593	1
167626	1
167684	1
167756	1
167760	1
167762	1
167764	1
167892	1
167897	1
167908	1
167917	1
167919	1
167920	1
167921	1
167922	1
167981	1
167983	1
167985	1
167987	1
167989	1
167990	1
167999	1
168002	1
168011	1
168012	1
168115	1
168120	2
168121	1
168123	1
168161	1
168165	1
168180	1
168340	1
168488	1
168489	1
168491	1
168493	1
168494	1
168495	1
168497	1
168499	1
168500	1
168503	1
168507	1
168535	1
168559	1
168561	1
168562	1
168564	1
168566	1
168567	1
168568	1
168570	1
168572	1
168575	1
168825	1
168831	1
168834	1
168836	1
169053	1
169068	1
169074	1
169179	1
169180	1
169217	1
169218	1
169262	1
169268	1
169284	1
169607	1
169771	1
169774	1
169784	1
169980	1
169987	1
169989	1
170349	1
170351	1
170437	1
170465	1
170584	1
170708	1
170715	1
170727	1
170919	1
170920	1
170921	1
170923	1
170924	1
170926	1
170927	1
171009	1
171010	1
171204	1
171206	1
171212	1
171213	1
171214	1
171216	1
171218	1
171221	1
171249	1
171251	1
171296	1
171763	1
171780	1
171822	1
171880	1
171881	1
171883	1
171884	1
171886	1
171890	1
171896	1
171900	1
171901	1
171908	1
171909	1
171910	1
171929	1
171931	1
171932	1
171933	1
171935	1
171938	1
171939	1
171943	1
171944	1
171959	1
171969	1
171973	1
172013	1
172095	1
172097	1
172263	1
172264	1
172266	1
172643	1
172644	1
172645	1
172646	1
172790	1
172792	1
172793	1
172794	1
172795	1
172796	1
172797	1
172945	1
172946	1
172949	1
172951	1
172960	1
172961	1
172962	1
172966	1
172968	1
172972	1
172974	1
172976	1
172978	1
172989	1
173034	1
173275	1
173276	1
173277	1
173278	1
173279	1
173280	1
173281	1
173370	1
173371	1
173386	1
173423	1
173437	1
173462	1
173468	1
173495	1
173497	1
173545	1
173669	1
173670	1
173701	1
173847	1
173850	1
173852	1
173874	1
173909	1
173912	1
173977	1
174164	1
174168	1
174170	1
174171	1
174182	1
174187	1
174190	1
174192	1
174218	1
174249	1
174534	1
174551	1
174557	1
174648	1
174650	1
174652	1
174654	1
174962	1
175026	1
175042	1
175046	1
175048	1
175050	1
175057	1
175065	1
175067	1
175068	1
175069	1
175070	1
175090	1
175091	1
175096	1
175097	1
175101	1
175103	1
175105	1
175228	1
175518	1
175694	1
175698	1
175724	1
175735	1
175741	1
175755	1
175757	1
176125	1
176126	1
176127	1
176129	1
176132	1
176134	1
176135	1
176136	1
176242	1
176246	1
176248	1
176252	1
176255	1
176265	1
176269	1
176532	1
176602	1
176604	1
176607	1
176616	1
176857	1
176859	1
176861	1
176864	1
176866	1
176868	1
177028	1
177062	1
177078	1
177082	1
177115	1
178107	1
178175	1
178187	1
178760	1
178762	1
178765	1
178804	1
178808	1
179041	1
179049	1
179091	1
179119	1
179182	1
179183	1
179184	1
179210	1
179348	1
179350	1
179351	1
179352	1
179353	1
179354	1
179355	1
179356	1
179395	1
179660	1
179661	1
179723	1
179731	1
179740	1
179741	1
179760	1
179761	1
179762	1
179764	1
179843	1
179859	1
179860	1
179861	1
179994	1
179996	1
179998	1
180010	1
180062	1
180065	1
180066	1
180067	1
180068	1
180069	1
180071	1
180073	1
180074	1
180123	1
180152	1
180217	1
180498	1
180499	1
180554	1
180558	1
180562	1
180580	1
180581	1
180675	1
180757	1
180763	1
180955	1
180981	1
180990	1
181002	1
181804	1
182070	1
182071	1
182084	1
182105	1
182176	1
182178	1
182296	1
182298	1
182300	1
182302	1
182305	1
182306	1
182307	1
182309	1
182310	1
182312	1
182315	1
182316	1
182317	1
182318	1
182319	1
182320	1
182321	1
182322	1
182323	1
182324	1
182325	1
182329	1
182331	1
182415	1
182771	1
183029	1
183030	1
183032	1
183056	1
183063	1
183220	1
183267	1
183268	1
183298	1
183482	1
183589	1
183674	1
183675	1
183676	1
183789	1
183794	1
183803	1
183804	1
183809	1
183827	1
183836	1
183838	1
183848	1
183851	1
183858	1
183944	1
184083	1
184084	1
184137	1
184140	1
184478	1
184485	1
184572	1
184576	1
184584	1
184783	1
184787	1
184789	1
184791	1
184793	1
184795	1
184801	1
184803	1
184983	1
184985	1
184991	1
184996	1
185001	1
185002	1
185191	1
185202	1
185238	1
185485	1
185488	1
185493	1
185494	1
185500	1
185505	1
185511	1
185518	1
185520	1
185530	1
185540	1
185542	1
185543	1
185544	1
185548	1
185556	1
185557	1
185559	1
185560	1
185562	1
185563	1
185702	1
185703	1
185705	1
185713	1
185766	1
185774	1
185805	1
185975	1
186022	1
186039	1
186043	1
186058	1
186175	1
186426	1
186522	1
186523	1
186697	1
186944	1
186945	1
186951	1
186954	1
186955	1
186957	1
186963	1
186965	1
186969	1
186970	1
186972	1
187182	1
187269	1
187284	1
187286	1
187367	1
187371	1
187399	1
187461	1
187475	1
187481	1
187500	1
188299	1
188300	1
188305	1
188307	1
188317	1
188325	1
188331	1
188518	1
189211	1
189220	1
189224	1
189242	1
189247	1
189254	1
189431	1
189559	1
189576	1
189785	1
189786	1
189791	1
189793	1
189796	1
189803	1
189976	1
190005	1
190007	1
190008	1
190009	1
190223	1
190232	1
190243	1
190245	1
190246	1
190249	1
190260	1
190330	1
190515	1
190524	1
190543	1
190760	1
190802	1
190803	1
190807	1
190884	1
191082	1
191188	1
191246	1
191304	1
191306	1
191309	1
191310	1
191311	1
191453	1
191662	1
191669	1
191674	1
191680	1
191701	1
191702	1
191878	1
191881	1
191885	1
191891	1
191917	1
191919	1
191923	2
191942	1
192012	1
192045	1
192259	1
192261	1
192263	1
192264	1
192271	1
192275	1
192294	1
192300	1
192314	1
192324	1
192326	1
192626	1
192627	1
192827	1
192831	1
192972	1
192999	1
193045	1
193047	1
193049	1
193079	1
193300	1
193303	1
193308	1
193309	1
193310	1
193326	1
193335	1
193468	1
193474	1
193483	1
193494	1
193503	1
193515	1
193516	1
193518	1
193519	1
193523	1
193528	1
193531	1
194200	1
194251	1
194264	1
194267	1
194269	1
194275	1
194324	1
194500	1
194501	1
194504	1
194505	1
194506	1
194507	1
194508	1
194510	1
194511	1
194512	1
194513	1
194519	1
194560	1
194561	1
194562	1
194564	1
194707	1
194712	1
194713	1
194715	1
194716	1
194891	1
195136	1
195526	1
195802	1
195849	1
196139	1
196513	1
196573	1
196574	1
196577	1
196578	1
196581	1
196582	1
196585	1
196626	1
196632	1
196665	1
196689	1
196703	1
196898	1
196900	1
196901	1
196905	1
197077	1
197085	1
197086	1
197088	1
197095	1
197096	1
197097	1
197121	1
197122	1
197125	1
197126	1
197127	1
197128	1
197130	1
197326	1
197604	1
197613	1
197753	1
197756	1
197793	1
197795	1
197796	1
197799	1
197803	1
197809	1
197812	1
197922	1
197924	1
197925	1
197931	1
198035	1
198039	1
198264	1
198265	1
198266	1
198286	1
198423	1
198424	1
198428	1
198551	1
198563	1
198697	1
198699	1
198761	1
198766	1
198811	1
198816	1
198817	1
198823	1
198824	1
198825	1
198829	1
198836	1
198841	1
198854	1
198858	1
198869	1
198886	1
198888	1
198901	1
198914	1
199156	1
199163	1
199173	1
199175	1
199222	1
199223	1
199225	1
199392	1
199469	1
199544	1
199607	1
199627	1
199644	1
199671	1
199945	1
199986	1
199992	1
199998	1
199999	1
200000	1
200056	1
200276	1
200320	1
200328	1
200487	1
200488	1
200489	1
200492	1
200525	1
200541	1
200544	1
200641	1
200642	1
200811	1
200947	1
200993	1
201010	1
201012	1
201017	1
201266	1
201506	1
201510	1
201514	1
201515	1
201516	1
202155	1
202204	1
202377	1
202634	1
202635	1
202687	1
202778	1
202969	1
202970	1
202978	1
202980	1
202985	1
202986	1
202990	1
202991	1
202997	1
202998	1
203000	1
203002	1
203005	1
203008	1
203009	1
203015	1
203017	1
203018	1
203092	1
203094	1
203098	1
203100	1
203101	1
203102	1
203103	1
203270	1
203570	1
203579	1
203587	1
203638	1
203643	1
203687	1
203717	1
203766	1
203833	1
203835	1
204131	2
204133	1
204134	2
204135	1
204136	1
204141	1
204144	1
204149	1
204151	1
204211	1
204215	1
204219	1
204340	1
204362	1
204584	1
204585	1
204586	1
204588	1
204593	1
204979	1
205042	1
205059	1
205073	1
205360	1
205375	1
205396	1
205464	1
205465	1
205521	1
205524	1
205527	1
205531	1
205532	1
205536	1
205537	1
205567	1
205568	1
205571	1
205582	1
205589	1
205689	1
205695	1
206227	1
206235	1
206247	1
206307	1
206309	1
206310	1
206448	1
206548	1
207296	1
207523	1
207834	1
207838	1
207839	1
207932	1
208267	1
208273	1
208282	1
208695	1
208737	1
208738	1
208739	1
208742	1
208748	1
208755	1
208758	1
208863	1
208873	1
208904	1
208936	1
209333	1
209404	1
209631	1
209793	1
209816	1
210077	1
210133	1
210135	1
210143	1
210225	1
210328	1
210332	1
210334	1
210344	1
210347	1
210348	1
210349	1
210355	1
210357	1
210361	1
210362	1
210363	1
210367	1
210368	1
210369	1
210370	1
210372	1
210373	1
210376	1
210377	1
210380	1
210381	1
210382	1
210383	1
210386	1
210387	1
210416	1
210441	1
210620	1
210728	1
210729	1
210730	1
210852	1
210859	1
210861	1
210862	1
210943	1
211003	1
211005	1
211597	1
211926	1
211935	1
211937	1
211939	1
211954	1
211972	1
211974	1
212052	1
212053	1
212065	1
212079	1
212096	1
212141	1
212234	1
212237	1
212238	1
212256	1
212297	1
212301	1
212310	1
212401	1
212650	1
212651	1
212655	1
212656	1
212657	1
212698	1
212706	1
212708	1
212710	1
212711	1
212734	1
212746	1
212753	1
212756	1
212816	1
212834	1
212836	1
212840	1
212859	1
212879	1
212889	1
212908	1
212925	1
212962	1
212964	1
212973	1
213007	1
213009	1
213010	1
213055	1
213178	1
213255	1
213266	1
213405	1
213406	1
213591	1
213829	1
214053	1
214525	1
214526	1
214529	1
214676	1
214685	1
214697	1
215066	1
215068	1
215070	1
215071	1
215228	1
215256	1
215262	1
215448	1
215539	1
215544	1
215546	1
215548	1
215550	1
215555	1
215693	1
215702	1
215708	1
215771	1
216017	1
216037	1
216165	1
216479	1
216481	1
216487	1
216492	1
216493	1
216499	1
216500	1
216503	1
216510	1
216516	1
216522	1
216532	1
216538	1
216539	1
216541	1
216768	1
216927	1
216989	1
216990	1
216992	1
216993	1
216994	1
217073	1
217170	1
217214	1
217471	1
217474	1
217619	1
217757	1
218100	1
218448	1
218618	1
218779	1
218851	1
218853	1
219064	1
219860	1
219868	1
219869	1
219872	1
219892	1
219895	1
219897	1
219900	1
219902	1
219904	1
220113	1
220438	1
220462	1
220483	1
220640	1
220689	1
220690	1
221038	1
221166	1
221251	1
221253	1
221254	1
221255	1
221256	1
221257	1
221258	1
221260	1
221755	1
221757	1
221758	1
221759	1
221775	1
222084	1
222085	1
222504	1
222567	1
222649	1
222877	1
222885	1
222980	1
222986	1
222990	1
223087	1
223093	1
223100	1
223102	1
223107	1
223125	1
223129	1
223169	1
223173	1
223176	1
223224	1
223244	1
223562	1
223656	1
223661	1
223667	1
223751	1
223753	1
223757	1
223759	1
223760	1
223762	1
223813	1
223870	1
223878	1
223891	1
224084	1
224146	1
224149	1
224186	1
224274	1
224355	1
224735	1
224736	1
224737	1
224740	1
225041	1
225114	1
225117	1
225203	1
225334	1
225553	1
225557	1
225681	1
225828	1
225833	1
226012	1
226051	1
226091	1
226099	1
226100	1
226101	1
226102	1
226103	1
226104	1
226106	1
226113	1
226115	1
226208	1
226284	1
226581	1
226677	1
226895	1
227086	1
227241	1
227242	1
227243	1
227244	1
227256	1
227308	1
227494	1
227498	1
227722	1
227894	1
227895	1
227897	1
227899	1
227901	1
227902	1
227903	1
227909	1
227910	1
227914	1
227916	1
228042	1
228060	1
228163	1
228179	1
228181	1
228183	1
228244	1
228246	1
228262	1
228265	1
228392	1
228393	1
228395	1
228411	1
228478	1
228517	1
228518	1
228522	1
228538	1
228586	1
228625	1
228628	1
228641	1
228647	1
228658	1
228659	1
228704	1
228709	1
228806	1
228837	1
228855	1
228871	1
228874	1
228876	1
228974	1
229048	1
229049	1
229427	1
229438	1
229473	1
229542	1
229543	1
229630	1
229694	1
230031	1
230032	1
230060	1
230577	1
230597	1
230663	1
230702	1
230837	1
231030	1
231032	1
231078	1
231080	1
231106	1
231182	1
231185	1
231188	1
231192	1
231484	1
231486	1
231488	1
231512	1
231636	1
231641	1
231643	1
231644	1
231645	1
231648	1
231651	1
231652	1
231655	1
231656	1
231658	1
231659	1
231660	1
231661	1
231663	1
231665	1
231668	1
231669	1
231678	1
231679	1
231681	1
231682	1
231751	1
231755	1
232092	1
232733	1
232787	1
232788	1
232789	1
232817	1
233184	1
233186	1
233204	1
233257	1
233715	1
233737	1
233772	1
233892	1
233893	1
234053	1
234367	1
234389	1
234454	1
234725	1
235715	1
235734	1
235797	1
235825	1
235837	1
235900	1
235913	1
235914	1
236150	1
236733	1
236787	1
236972	1
236973	1
236974	1
236975	1
236976	1
237455	1
237567	1
237571	1
237574	1
237575	1
237596	1
237845	1
237862	1
237863	1
237871	1
237881	1
237885	1
237893	1
237933	1
237939	1
237942	1
237949	1
237951	1
237959	1
237963	1
238273	1
238941	1
238943	1
238945	1
238946	1
238948	1
238954	1
238956	1
239086	1
239556	1
239637	1
239650	1
239653	1
239670	1
239675	1
239676	1
239678	1
239685	1
239695	1
239711	1
239718	1
239761	1
240005	1
240043	1
240045	1
240055	1
240080	1
240184	1
240448	1
240449	1
240450	1
240451	1
241598	1
241616	1
241756	1
241767	1
241838	1
241839	1
241841	1
241844	1
241857	1
241935	1
242038	1
242124	1
242199	1
242209	1
242290	1
242839	1
243020	1
243268	1
244023	1
244035	1
244036	1
244039	1
244311	1
244509	1
244763	1
245167	1
245469	1
245822	1
246121	1
246360	1
246703	1
246709	1
246827	1
247887	1
247892	1
247900	1
247904	1
247974	1
248302	1
248355	1
248361	1
248520	1
248822	1
248827	1
248836	1
248837	1
248839	1
248844	1
248846	1
248847	1
248848	1
248856	1
248860	1
249100	1
249220	1
249350	1
249543	1
251593	1
251605	1
251764	1
252110	1
252528	1
252529	1
252530	1
252537	1
252730	1
252738	1
252775	1
252776	1
252847	1
252855	1
252870	1
252972	1
252994	1
252999	1
253001	1
253017	1
253034	1
253038	1
253046	1
253057	1
253066	1
253081	1
253082	1
253090	1
253186	1
253187	1
253189	1
253198	1
253199	1
253200	1
253202	1
253212	1
253216	1
253218	1
253224	1
253603	1
253605	1
253606	1
253608	1
253609	1
253610	1
253611	1
253612	1
253613	1
253615	1
253616	1
253617	1
253618	1
253749	1
253767	1
253784	1
253798	1
254022	1
254027	1
254029	1
254109	1
254777	1
254780	1
254904	1
254911	1
254918	1
254922	1
254923	1
254927	1
254980	1
255348	1
255352	1
255578	1
255580	1
255582	1
255872	1
255881	1
255883	1
255891	1
255894	1
255983	1
256348	1
256349	1
256362	1
256364	1
256494	1
256639	1
257006	1
257354	1
257357	1
257359	1
257360	1
257361	1
257425	1
257426	1
257458	1
257623	1
257763	1
257776	1
258140	1
258158	1
258162	1
258165	1
258178	1
258187	1
258192	1
258195	1
258196	1
258211	1
258219	1
258236	1
258320	1
258323	1
258455	1
258457	1
258461	1
258762	1
258993	1
259029	1
259378	1
259420	1
259834	1
259893	1
260093	1
260119	1
260142	1
260143	1
260201	1
260499	1
260603	1
260672	1
260675	1
260700	1
260718	1
261219	1
261403	1
261406	1
261410	1
261412	1
261419	1
261420	1
261421	1
261422	1
261423	1
261425	1
261426	1
261427	1
261429	1
261434	1
261437	1
261447	1
261448	1
261449	1
261450	1
261451	1
261786	1
261914	1
261998	1
262112	1
262211	1
262217	1
262218	1
262219	1
262280	1
262459	1
262729	1
262757	1
262758	1
262921	1
262953	1
263218	1
263258	1
263294	1
263335	1
263836	1
263963	1
263974	1
263995	1
264161	1
264402	1
264409	1
264418	1
264427	1
264428	1
264431	1
264432	1
264434	1
264540	1
264541	1
264811	1
264812	1
264813	1
264924	1
264929	1
264931	1
264939	1
264940	1
264947	1
264972	1
264979	1
264981	1
264982	1
265135	1
265245	1
265247	1
265389	1
265391	1
265496	1
265497	1
265525	1
265545	1
265552	1
265675	1
265678	1
265700	1
265705	1
265708	1
265763	1
265764	1
265783	1
265785	1
265822	1
266086	1
266089	1
266091	1
266284	1
266420	1
266536	1
266767	1
266768	1
267232	1
267237	1
267246	1
267247	1
267252	1
267264	1
267265	1
267271	1
267548	1
267555	1
267557	1
267559	1
267567	1
267619	1
267621	1
267982	1
268010	1
268088	1
268097	1
268104	1
268274	1
268493	1
268494	1
268567	1
268570	1
268573	1
268844	1
268873	1
268878	1
268881	1
268885	1
268902	1
268915	1
268918	1
268919	1
268933	1
269115	1
269174	1
269377	1
269605	1
269609	1
269719	1
269721	1
270100	1
270102	1
270105	1
270183	1
270411	1
270643	1
270951	1
270954	1
270956	1
270957	1
270958	1
270970	1
270988	1
271221	1
271243	1
271398	1
271402	1
271408	1
271538	1
271748	1
271749	1
271750	1
271794	1
272088	1
272090	1
272140	1
272675	1
272769	1
272846	1
272856	1
272862	1
272863	1
273621	1
273649	1
276775	1
277990	1
278073	1
278654	1
278950	1
279663	1
279669	1
279687	1
279761	1
280454	1
280455	1
280641	1
280699	1
280810	1
280839	1
280848	1
280849	1
280850	1
280854	1
281014	1
281077	1
281079	1
281085	1
281129	1
281131	1
281910	1
282178	1
282337	1
282595	1
282596	1
282597	1
282600	1
282603	1
282608	1
282612	1
282616	1
282618	1
282620	1
282629	1
282631	1
282636	1
282647	1
282717	1
282718	1
282772	1
282776	1
283121	1
283125	1
283133	1
283157	1
283339	1
283479	1
283746	1
283873	1
284362	1
284589	1
285590	1
285592	1
285846	1
285951	1
286045	1
286050	1
286086	1
286087	1
286491	1
286684	1
286838	1
286874	1
286882	1
286935	1
286952	1
286986	1
287011	1
287721	1
287979	1
288675	1
288818	1
288820	1
288821	1
288822	1
288824	1
288826	1
288829	1
288832	1
289064	1
289639	1
289701	1
289740	1
289741	1
289753	1
289766	1
289799	1
289807	1
289842	1
290220	1
290258	1
290260	1
290272	1
290277	1
290278	1
290685	1
290838	1
290839	1
290842	1
290843	1
290844	1
290852	1
290911	1
290952	1
291031	1
291206	1
291221	1
291223	1
291310	1
291312	1
291316	1
291318	1
291326	1
291501	1
292385	1
292393	1
292538	1
292543	1
292582	1
292647	1
292669	1
292678	1
292681	1
292683	1
292693	1
292695	1
292697	1
292706	1
292710	1
292712	1
292731	1
292746	1
292759	1
292773	1
292781	1
292783	1
292814	1
292815	1
292911	1
292912	1
293060	1
293558	1
293727	1
293749	1
293753	1
293754	1
293806	1
293998	1
294031	1
294032	1
294037	1
294041	1
294042	1
294043	1
294044	1
294048	1
294049	1
294051	1
294056	1
294059	1
294061	1
294063	1
294064	1
294066	1
294068	1
294069	1
294073	1
294074	1
294078	1
294079	1
294081	1
294083	1
294085	1
294090	1
294092	1
294094	1
294097	1
294098	1
294107	1
294111	1
294294	1
294377	1
294397	1
294733	1
294739	1
294965	1
295326	1
295327	1
296031	1
296032	1
296034	1
296035	1
296036	1
296037	1
296041	1
296042	1
296050	1
296587	1
296648	1
296650	1
298292	1
298518	1
298520	1
298527	1
298643	1
298662	1
298664	1
298665	1
298668	1
298670	1
299110	1
299116	1
299268	1
299269	1
299270	1
299272	1
299427	1
299599	1
299601	1
299607	1
300125	1
300207	1
300208	1
300218	1
300354	1
300536	1
300830	1
300841	1
300888	1
300998	1
301005	1
301346	1
301693	1
301699	1
301862	1
301880	1
301889	1
301899	1
302006	1
302007	1
302008	1
302114	1
302120	1
302141	1
302551	1
303403	1
304130	1
304142	1
304153	1
304161	1
304170	1
304445	1
304863	1
305658	1
306069	1
306286	1
306412	1
306912	1
306925	1
306927	1
306928	1
306929	1
306931	1
307165	1
307274	1
307584	1
307974	1
307976	1
308174	1
308214	1
308317	1
308401	1
308434	1
308435	1
308437	1
308558	1
308559	1
308686	1
308687	1
308688	1
308872	1
309270	1
309300	1
309307	1
309312	1
309329	1
309349	1
309354	1
309355	1
309358	1
309362	1
309363	1
309429	1
309525	1
309526	1
309527	1
309528	1
309529	1
309530	1
309532	1
309533	1
309535	1
309737	1
309823	1
309978	1
310254	1
310423	1
310424	1
310425	1
310672	1
310796	1
311213	1
311405	1
311912	1
311941	1
311953	1
312036	1
312356	1
312358	1
312531	1
312586	1
312614	1
312783	1
312789	1
312811	1
312850	1
312915	1
312920	1
312924	1
312929	1
312931	1
312933	1
312940	1
313081	1
313097	1
313104	1
313107	1
313220	1
313552	1
313683	1
313893	1
313899	1
313900	1
313903	1
313920	1
313931	1
314115	1
314390	1
314391	1
314393	1
315274	1
315332	1
315334	1
315336	1
315340	1
315341	1
315348	1
315350	1
315440	1
315915	1
316468	1
316473	1
316474	1
316475	1
316483	1
316484	1
316486	1
316487	1
316489	1
316492	1
316493	1
316496	1
316508	1
316732	1
316814	1
316844	1
316893	1
316966	1
317035	1
317036	1
317038	1
317043	1
317100	1
317635	1
317637	1
317639	1
317640	1
317641	1
317644	1
317645	1
317646	1
317647	1
317814	1
317815	1
317818	1
317820	1
317824	1
317826	1
317827	1
317829	1
317832	1
317978	1
318024	1
318041	1
318043	1
318044	1
318046	1
318049	1
318051	1
318054	1
318057	1
318061	1
318062	1
318063	1
318067	1
318068	1
318071	1
318917	1
319607	1
319621	1
319738	1
319739	1
319741	1
319924	1
319925	1
319926	1
319927	1
319928	1
319929	1
320146	1
320322	1
320368	1
320627	1
320632	1
321415	1
321418	1
321545	1
321550	1
321570	1
321593	1
321597	1
321598	1
321600	1
321604	1
321607	1
322100	1
323096	1
323100	1
323115	1
323663	1
323665	1
323693	1
323707	1
323895	1
323898	1
323921	1
323922	1
323961	1
323963	1
323964	1
323965	1
323968	1
323969	1
323970	1
323971	1
323973	1
323975	1
324586	1
324593	1
324598	1
324754	1
324755	1
324798	1
324804	1
324808	1
325095	1
325096	1
325278	1
325515	1
325518	1
325533	1
325534	1
325536	1
325539	1
325542	1
325544	1
325546	1
325641	1
325645	1
325716	1
325761	1
325984	1
326026	1
326068	1
326070	1
326261	1
326271	1
326275	1
326768	1
326812	1
326823	1
326827	1
326831	1
326832	1
326833	1
326835	1
326839	1
326843	1
326921	1
326937	1
326968	1
327100	1
327148	1
327218	1
327326	1
327332	1
327895	1
328098	1
328198	1
328281	1
328401	1
328402	1
328666	1
329081	1
329082	1
329084	1
329088	1
329090	1
329091	1
329150	1
329225	1
329231	1
329239	1
329675	1
329760	1
329763	1
329765	1
329770	1
329772	1
329774	1
329777	1
329778	1
329779	1
329788	1
329798	1
329803	1
329816	1
329875	1
329890	1
330157	1
330163	1
330167	1
330176	1
330177	1
330208	1
330209	1
330211	1
330485	1
330490	1
330547	1
330548	1
330556	1
330558	1
330559	1
330568	1
330570	1
330571	1
330573	1
330574	1
330575	1
330579	1
330583	1
330584	1
330585	1
330647	1
330692	1
330867	1
331162	1
331181	1
331189	1
331203	1
331219	1
331231	1
331256	1
332109	1
332213	1
332336	1
332337	1
332338	1
332429	1
332435	1
332629	1
332630	1
332636	1
333115	1
333555	1
333668	1
333970	1
334460	1
334474	1
334475	1
334483	1
334596	1
334597	1
334703	1
335152	1
335155	1
335203	1
335806	1
335807	1
335940	1
336055	1
336211	1
336383	1
336665	1
336848	1
336856	1
336858	1
337183	1
337188	1
337206	1
337259	1
337260	1
337345	1
337360	1
337364	1
337368	1
337380	1
337390	1
337399	1
337400	1
337410	1
337465	1
338184	1
338489	1
338490	1
338494	1
338498	1
338504	1
338505	1
338518	1
338519	1
338531	1
338532	1
338571	1
338574	1
338578	1
338881	1
339046	1
339075	1
339076	1
339111	1
339115	1
339208	1
339271	1
339321	1
339493	1
339505	1
339780	1
339784	1
339880	1
339888	1
340433	1
340438	1
340444	1
340634	1
340636	1
340638	1
340641	1
341147	1
341692	1
341931	1
341933	1
341934	1
341989	1
341990	1
341996	1
342001	1
342015	1
342060	1
342061	1
342062	1
342063	1
342064	1
342065	1
342582	1
343465	1
343494	1
343974	1
343977	1
344078	1
344079	1
344080	1
344083	1
344084	1
344085	1
344086	1
344093	1
344096	1
344110	1
344448	1
344769	1
344825	1
344826	1
344832	1
344853	1
344860	1
344871	1
345092	1
345093	1
345095	1
345096	1
345097	1
345098	1
345099	1
345100	1
345127	1
345131	1
345143	1
345145	1
345147	1
345149	1
345215	1
345217	1
345232	1
345237	1
345239	1
345311	1
345534	1
345537	1
345800	1
345916	1
346293	1
346312	1
346429	1
346431	1
346951	1
346959	1
346974	1
346985	1
346994	1
347003	1
347188	1
347880	1
347883	1
347887	1
347889	1
347890	1
347893	1
347934	1
348265	1
348281	1
348285	1
348460	1
348465	1
348475	1
348509	1
348515	1
348516	1
348535	1
349097	1
349244	1
349245	1
349246	1
349346	1
349347	1
349353	1
349366	1
349445	1
349476	1
349479	1
349509	1
349748	1
349956	1
349989	1
350024	1
350025	1
350026	1
350027	1
350427	1
350433	1
350578	1
350585	1
350892	1
351344	1
351450	1
351593	1
352070	1
352217	1
352370	1
352371	1
353927	1
353929	1
353931	1
353963	1
353977	1
354022	1
354051	1
354484	1
354496	1
354498	1
354507	1
354508	1
354522	1
354523	1
354527	1
354528	1
354529	1
354530	1
354531	1
354624	1
354628	1
355332	1
355589	1
355634	1
355900	1
355903	1
356490	1
356590	1
357223	1
357460	1
357469	1
357845	1
357846	1
357849	1
357850	1
357851	1
357852	1
357853	1
357854	1
357855	1
357856	1
357857	1
357858	1
357860	1
357897	1
357929	1
357931	1
357932	1
357959	1
357967	1
358661	1
358662	1
358669	1
358674	1
358676	1
358748	1
358750	1
358751	1
359411	1
359505	1
359507	1
359509	1
359514	1
359516	1
359519	1
359522	1
359525	1
359814	1
359818	1
359822	1
359823	1
359831	1
359836	1
359838	1
359840	1
359846	1
359856	1
359857	1
359859	1
359865	1
359867	1
359883	1
359888	1
359892	1
359894	1
360304	1
360839	1
360843	1
360851	1
360853	1
360856	1
360857	1
360858	1
360859	1
360861	1
360866	1
361422	1
361423	1
361442	1
361561	1
361614	1
361618	1
361918	1
361940	1
362230	1
362235	1
362341	1
362342	1
362345	1
362347	1
362351	1
362352	1
362354	1
362357	1
362359	1
362362	1
362363	1
362364	1
362366	1
362373	1
362374	1
362387	1
362630	1
362646	1
362713	1
362732	1
362788	1
362796	1
362895	1
363211	1
363212	1
363216	1
363217	1
363218	1
363219	1
363513	1
363515	1
363523	1
363597	1
363599	1
363749	1
363816	1
364024	1
364664	1
364698	1
365556	1
365587	1
365729	1
365730	1
365733	1
365734	1
365735	1
365750	1
365751	1
365762	1
365764	1
365769	1
366450	1
366470	1
366476	1
366481	1
366488	1
366594	1
366642	1
366669	1
366670	1
366915	1
366919	1
367322	1
367337	1
367341	1
367350	1
367354	1
367357	1
367483	1
367782	1
368332	1
368336	1
368345	1
368355	1
368395	1
368664	1
368665	1
368674	1
368676	1
368681	1
368691	1
368926	1
368931	1
368987	1
368994	1
369002	1
369009	1
369024	1
369028	1
369039	1
369042	1
369043	1
369044	1
369350	1
369397	1
369422	1
369424	1
369786	1
370638	1
370647	1
370656	1
370663	1
370671	1
370905	1
371026	1
371028	1
371329	1
371337	1
371341	1
371359	1
371361	1
371364	1
371375	1
371376	1
371382	1
371384	1
371387	1
371388	1
371392	1
371681	1
371727	1
371859	1
373122	1
373558	1
373805	1
374031	1
374047	1
374092	1
374093	1
374095	1
374097	1
374099	1
374685	1
374708	1
374711	1
374712	1
374723	1
374729	1
374741	1
374745	1
374845	1
374952	1
374954	1
374957	1
374960	1
374961	1
374962	1
374964	1
374966	1
374967	1
374968	1
374970	1
374971	1
374976	1
375005	1
375264	1
375272	1
375369	1
375370	1
375374	1
375375	1
375376	1
375377	1
375378	1
375379	1
375382	1
375454	1
375857	1
375903	1
375931	1
375994	1
376115	1
376129	1
376136	1
376140	1
376207	1
376213	1
376246	1
376254	1
376444	1
376710	1
376870	1
376874	1
377125	1
377126	1
377232	1
377280	1
377454	1
378224	1
378228	1
378239	1
378248	1
378318	1
378327	1
378412	1
378437	1
378904	1
378933	1
379323	1
380067	1
380486	1
380491	1
381226	1
381410	1
381415	1
381595	1
381652	1
381720	1
381721	1
381722	1
381726	1
381729	1
381730	1
381732	1
381733	1
381736	1
381761	1
381974	1
381977	1
381981	1
381990	1
381997	1
382006	1
382017	1
382033	1
382038	1
382052	1
382112	1
382113	1
382117	1
382144	1
382161	1
382166	1
382170	1
382522	1
383379	1
383665	1
383670	1
384650	1
384654	1
384659	1
384660	1
385014	1
385388	1
386070	1
386150	1
386151	1
386154	1
386173	1
386182	1
386184	1
386201	1
386243	1
386245	1
386280	1
386441	1
386442	1
386443	1
386639	1
387127	1
387129	1
387276	1
387290	1
387291	1
387294	1
387589	1
387591	1
387594	1
387600	1
387602	1
387603	1
387606	1
387623	1
387744	1
387745	1
387746	1
387928	1
387930	1
388137	1
388472	1
388567	1
388572	1
388579	1
388675	1
388684	1
388691	1
388717	1
388721	1
388724	1
388727	1
388729	1
389109	1
389174	1
389179	1
389498	1
389499	1
389627	1
390140	1
390493	1
390494	1
390497	1
390498	1
390499	1
390500	1
390501	1
390502	1
390503	1
390504	1
391057	1
391058	1
391730	1
391966	1
391969	1
392646	1
392684	1
392738	1
392739	1
392741	1
392896	1
393162	1
393533	1
393623	1
394301	1
394303	1
394304	1
394307	1
395280	1
395340	1
396313	1
396367	1
396369	1
396393	1
396491	1
396658	1
396733	1
396743	1
396809	1
396994	1
397098	1
397188	1
397272	1
397273	1
397370	1
397392	1
397648	1
397666	1
397680	1
397682	1
398295	1
398306	1
398446	1
398447	1
398449	1
398634	1
398741	1
399643	1
399655	1
399715	1
399722	1
400237	1
400493	1
400538	1
400887	1
401002	1
401011	1
401069	1
401898	1
402034	1
402150	1
402153	1
402154	1
402155	1
402156	1
402160	1
402163	1
402164	1
402165	1
402705	1
402998	1
403098	1
403101	1
403542	1
403827	1
403832	1
404570	1
404689	1
404691	1
405043	1
405337	1
405629	1
405631	1
405632	1
405633	1
405634	1
405728	1
405732	1
405737	1
405848	1
405945	1
406422	1
406718	1
407265	1
407842	1
407938	1
408127	1
408128	1
408129	1
408131	1
408132	1
408133	1
408158	1
408194	1
408980	1
409511	1
409512	1
409515	1
409517	1
409518	1
409519	1
409520	1
409521	1
409522	1
409886	1
409887	1
409888	1
409889	1
409890	1
411098	1
411214	1
411215	1
411227	1
411665	1
411996	1
412662	1
412675	1
412743	1
413035	1
413235	1
413289	1
413293	1
413484	1
413731	1
413747	1
413830	1
413951	1
413952	1
413958	1
414033	1
414193	1
414602	1
414607	1
414624	1
414630	1
414665	1
414717	1
414718	1
415154	1
415155	1
415160	1
415413	1
415506	1
415762	1
416032	1
416047	1
416091	1
416114	1
416131	1
416196	1
416285	1
416286	1
416289	1
416296	1
416297	1
416303	1
416373	1
416611	1
416612	1
416640	1
416841	1
416983	1
417314	1
417390	1
418041	1
418163	1
418180	1
418257	1
418267	1
418268	1
418402	1
418983	1
419113	1
419115	1
419117	1
419119	1
419120	1
419122	1
419123	1
419124	1
419125	1
419289	1
419290	1
419403	1
419410	1
420835	1
421232	1
421244	1
421246	1
421251	1
421253	1
421255	1
421870	1
421875	1
423297	1
423499	1
423500	1
424406	1
424407	1
424412	1
424416	1
424418	1
424424	1
424425	1
424426	1
424577	1
424903	1
424905	1
424906	1
424909	1
424910	1
424914	1
424982	1
425106	1
425821	1
425823	1
425828	1
425836	1
425837	1
425908	1
425909	1
425948	1
426031	1
426329	1
426352	1
426457	1
426459	1
426461	1
426462	1
426664	1
426898	1
426910	1
426933	1
426939	1
426947	1
427660	1
427767	1
427793	1
427824	1
427841	1
427913	1
428214	1
428243	1
428255	1
428257	1
428275	1
428561	1
428562	1
428563	1
428677	1
429508	1
429560	1
429696	1
429709	1
430093	1
430754	1
431188	1
431294	1
431301	1
432243	1
432629	1
432642	1
432645	1
432648	1
432674	1
432994	1
432999	1
433859	1
433866	1
433880	1
433885	1
433935	1
434059	1
434060	1
434234	1
434235	1
434236	1
434240	1
434245	1
434366	1
434367	1
434368	1
434370	1
434373	1
434375	1
434377	1
434379	1
434380	1
434381	1
434389	1
434394	1
434723	1
434735	1
435377	1
435380	1
435756	1
435766	1
435775	1
435776	1
435790	1
435794	1
435946	1
436086	1
436124	1
436809	1
437248	1
437254	1
437255	1
437265	1
437275	1
437277	1
437279	1
437280	1
437288	1
437305	1
437579	1
437623	1
437626	1
438425	1
439688	1
439689	1
439901	1
440380	1
440931	1
440949	1
441023	1
441175	1
441196	1
441205	1
441892	1
442462	1
442463	1
442491	1
442738	1
442831	1
443222	1
443373	1
443869	1
443873	1
444111	1
444606	1
445235	1
445678	1
445759	1
445761	1
446036	1
446113	1
446122	1
446123	1
446124	1
446125	1
446126	1
446128	1
446136	1
446146	1
446147	1
446155	1
446348	1
446849	1
446899	1
446902	1
447010	1
447117	1
447127	1
447313	1
447317	1
447319	1
447484	1
447618	1
447669	1
447670	1
447671	1
447675	1
447676	1
448037	1
448041	1
448267	1
448386	1
449116	1
449865	1
449867	1
449893	1
449980	1
450026	1
450028	1
450031	1
450042	1
450283	1
450285	1
450287	1
450879	1
450881	1
450882	1
450940	1
450946	1
451002	1
451003	1
451005	1
451006	1
451008	1
451009	1
451013	1
451014	1
451016	1
451070	1
451078	1
451080	1
451084	1
451700	1
451702	1
451750	1
451786	1
451788	1
451881	1
452457	1
452458	1
452568	1
452569	1
452763	1
452765	1
452773	1
452790	1
452797	1
452800	1
452959	1
452962	1
452963	1
452966	1
452971	1
452972	1
452973	1
453070	1
453076	1
453077	1
453078	1
453083	1
453087	1
453088	1
453089	1
453234	1
453901	1
453958	1
454001	1
454322	1
454461	1
454469	1
454537	1
455045	1
455101	1
455292	1
455371	1
455430	1
456515	1
456516	1
456885	1
456994	1
457135	1
457183	1
457253	1
457735	1
457767	1
457768	1
457770	1
457775	1
457778	1
457792	1
457821	1
457880	1
457904	1
457911	1
458340	1
458692	1
458696	1
459157	1
459165	1
459172	1
459176	1
459177	1
459178	1
459226	1
459581	1
459584	1
459585	1
459588	1
459589	1
459591	1
459592	1
459594	1
459596	1
459597	1
459599	1
459633	1
460609	1
460656	1
460663	1
460770	1
460773	1
460774	1
460776	1
460778	1
460780	1
460781	1
460784	1
460785	1
460786	1
460787	1
460789	1
460808	1
460809	1
460985	1
460996	1
461143	1
461210	1
461266	1
461633	1
462332	1
462407	1
462417	1
462474	1
462872	1
463179	1
463582	1
463585	1
463587	1
463589	1
463594	1
463673	1
463674	1
463868	1
463880	1
463890	1
464258	1
464968	1
464970	1
466057	1
466059	1
466072	1
466205	1
466223	1
466243	1
467197	1
467198	1
467253	1
467323	1
467324	1
467326	1
467327	1
467328	1
467334	1
467335	1
468142	1
468846	1
468848	1
468851	1
468856	1
468858	1
468866	1
468933	1
468936	1
469442	1
469460	1
469726	1
469730	1
469732	1
469733	1
469745	1
470280	1
470283	1
470286	1
470517	1
470520	1
470525	1
470526	1
470566	1
470571	1
470706	1
470718	1
471709	1
471941	1
471946	1
471947	1
471948	1
472368	1
472369	1
473049	1
473050	1
473980	1
473991	1
473995	1
473997	1
474000	1
474001	1
474354	1
475396	1
475751	1
475885	1
476039	1
476139	1
476207	1
476449	1
476450	1
476454	1
476459	1
477864	1
477955	1
478036	1
478038	1
478039	1
478290	1
478332	1
478363	1
478366	1
478372	1
478373	1
478668	1
478911	1
478944	1
478946	1
478950	1
479407	1
479408	1
479660	1
479676	1
479794	1
480371	1
480374	1
480375	1
480377	1
480381	1
480420	1
480614	1
480678	1
480897	1
480906	1
480913	1
481254	1
481549	1
481551	1
481984	1
481985	1
482283	1
482298	1
482409	1
482428	1
482429	1
482600	1
482602	1
482604	1
482607	1
482609	1
482610	1
482611	1
482967	1
482968	1
483143	1
483145	1
483693	1
483713	1
483869	1
483871	1
483874	1
483875	1
483877	1
484906	1
485208	1
485365	1
485946	1
486065	1
486118	1
486424	1
486431	1
486446	1
486493	1
486661	1
486663	1
486666	1
486670	1
486677	1
486688	1
486689	1
486690	1
486693	1
486813	1
486853	1
486854	1
486855	1
487038	1
487117	1
487139	1
487142	1
487143	1
487159	1
487403	1
487764	1
487770	1
487773	1
487927	1
487998	1
488015	1
488176	1
488216	1
488919	1
488922	1
488972	1
489059	1
489316	1
489322	1
489379	1
489397	1
489428	1
489505	1
489506	1
489507	1
489508	1
489510	1
489512	1
489514	1
489515	1
489516	1
489517	1
489520	1
489521	1
489522	1
489524	1
489526	1
489527	1
489529	1
489531	1
489532	1
489533	1
489534	1
489535	1
489863	1
489865	1
490730	1
490838	1
490842	1
490843	1
491196	1
491287	1
491814	1
491817	1
491995	1
492479	1
492483	1
492770	1
493175	1
493391	1
495256	1
495260	1
495751	1
495764	1
495765	1
496568	1
496572	1
496607	1
496632	1
496663	1
496664	1
496669	1
496670	1
496671	1
496672	1
496673	1
496674	1
496675	1
496686	1
496688	1
496689	1
496690	1
496692	1
496697	1
496698	1
496700	1
496701	1
496702	1
496703	1
497077	1
497292	1
497687	1
497759	1
497767	1
498180	1
499986	1
499988	1
499989	1
499991	1
499992	1
499994	1
500182	1
500244	1
500268	1
501393	1
502132	1
502135	1
502151	1
502515	1
502541	1
502542	1
502767	1
503360	1
504320	1
504559	1
505693	1
506485	1
507410	1
507437	1
508915	1
509014	1
509701	1
510712	1
510735	1
510738	1
510833	1
511724	1
512016	1
512270	1
512611	1
512623	1
512692	1
512756	1
513145	1
513151	1
513152	1
515455	1
515482	1
515483	1
515487	1
516013	1
516017	1
516042	1
516044	1
516067	1
516069	1
516070	1
516072	1
516079	1
516465	1
516545	1
516546	1
516548	1
516549	1
516550	1
516553	1
516554	1
516948	1
517221	1
518624	1
518704	1
519236	1
519246	1
519253	1
519258	1
519315	1
519533	1
519565	1
520510	1
520761	1
520843	1
521743	1
522327	1
523331	1
523333	1
523338	1
523875	1
524874	1
524983	1
525237	1
525528	1
526193	1
526194	1
527214	1
528268	1
528293	1
529577	1
529591	1
531291	1
532141	1
536147	1
536148	1
536149	1
536150	1
536151	1
536152	1
536153	1
536162	1
536163	1
536165	1
536166	1
536395	1
536625	1
536626	1
536627	1
536629	1
536985	1
536986	1
536996	1
536997	1
537117	1
537123	1
537132	1
537134	1
537139	1
537144	1
537172	1
537173	1
537175	1
537181	1
537184	1
537185	1
537194	1
538471	1
538574	1
538576	1
538577	1
538578	1
538579	1
539025	1
539045	1
539088	1
539102	1
539103	1
539178	1
539895	1
540248	1
540250	1
542673	1
542676	1
542714	1
542715	1
542717	1
542718	1
542719	1
542723	1
542725	1
542727	1
542733	1
542734	1
542737	1
542746	1
542750	1
542752	1
542753	1
542761	1
543392	1
543980	1
543981	1
544491	1
544492	1
544656	1
544658	1
544668	1
544729	1
544730	1
544825	1
544988	1
545644	1
545665	1
545880	1
545882	1
545886	1
545888	1
547433	1
547455	1
547592	1
548140	1
548147	1
548148	1
548150	1
548154	1
548677	1
548678	1
548856	1
549149	1
549619	1
549686	1
550456	1
550457	1
550460	1
551137	1
552666	1
552830	1
552834	1
552835	1
552837	1
552838	1
552843	1
552857	1
553048	1
553054	1
553057	1
553064	1
553657	1
554055	1
554065	1
554066	1
554072	1
554380	1
555418	1
555431	1
555432	1
555433	1
555479	1
555706	1
556037	1
556500	1
556514	1
557028	1
557061	1
557558	1
557744	1
557876	1
558121	1
558123	1
558138	1
559336	1
560554	1
561112	1
561125	1
561126	1
561127	1
561128	1
561130	1
561305	1
561567	1
562952	1
564016	1
565441	1
566045	1
568080	1
568210	1
568970	1
568985	1
569774	1
569833	1
570847	1
571348	1
571357	1
571362	1
571374	1
571639	1
572096	1
572113	1
572115	1
572118	1
572119	1
572123	1
572124	1
572127	1
572131	1
572132	1
572133	1
572236	1
573510	1
573514	1
573517	1
573530	1
573726	1
574478	1
574479	1
574480	1
574483	1
574484	1
574486	1
574487	1
574488	1
574491	1
574493	1
574494	1
574495	1
574496	1
574497	1
574498	1
574500	1
574566	1
574894	1
574898	1
575199	1
575411	1
576365	1
576374	1
576390	1
577428	1
577510	1
577513	1
577514	1
577515	1
577683	1
578554	1
580341	1
580365	1
580366	1
580465	1
580468	1
580998	1
581001	1
582372	1
582381	1
582711	1
584531	1
584733	1
584734	1
584735	1
584740	1
584743	1
584745	1
584749	1
584759	1
584762	1
584763	1
584765	1
584768	1
584769	1
585816	1
585818	1
585821	1
586110	1
586111	1
586112	1
586119	1
586382	1
586388	1
586512	1
586722	1
587397	1
587398	1
587401	1
587402	1
587403	1
587406	1
587499	1
587501	1
587503	1
587504	1
587506	1
587507	1
587508	1
587509	1
587510	1
587511	1
587512	1
587513	1
587514	1
587515	1
587516	1
587517	1
587518	1
587519	1
587520	1
587521	1
587524	1
587525	1
587579	1
587661	1
587664	1
587669	1
587670	1
587671	1
587672	1
587673	1
587675	1
587677	1
587679	1
587864	1
587866	1
587870	1
588383	1
588385	1
588386	1
588387	1
588388	1
588389	1
588390	1
588392	1
588393	1
588394	1
588395	1
588396	1
588397	1
588398	1
588399	1
588598	1
588669	1
588911	1
588964	1
589142	1
589143	1
589376	1
589468	1
589470	1
589471	1
589472	1
589473	1
589475	1
589476	1
589477	1
589495	1
589497	1
589498	1
589500	1
589503	1
589504	1
589505	1
589997	1
589999	1
590000	1
590004	1
590039	1
590727	1
591090	1
591100	1
591208	1
591210	1
591211	1
591212	1
591214	1
591215	1
591219	1
591221	1
591225	1
591226	1
591231	1
591236	1
591794	1
591955	1
591961	1
593753	1
593754	1
593755	1
594556	1
595263	1
595329	1
595332	1
595334	1
595335	1
595337	1
595339	1
595340	1
595342	1
595343	1
595344	1
595347	1
595349	1
595350	1
595351	1
595352	1
595353	1
595571	1
596363	1
596822	1
597284	1
597303	1
597311	1
597312	1
597313	1
597314	1
597315	1
597418	1
598561	1
604165	1
604297	1
608512	1
608807	1
608809	1
608811	1
608812	1
610223	1
610232	1
610235	1
610331	1
616954	1
616968	1
616972	1
616996	1
619227	1
622458	1
622461	1
622462	1
622465	1
622466	1
622467	1
626332	1
626364	1
626671	1
626695	1
627590	1
634078	1
634106	1
634377	1
637379	1
637479	1
637485	1
637488	1
637490	1
637904	1
638626	1
638627	1
640487	1
640501	1
640591	1
640611	1
640636	1
640772	1
640773	1
640775	1
640776	1
641179	1
641286	1
642337	1
642461	1
642525	1
642896	1
642897	1
642899	1
642903	1
643629	1
643838	1
644182	1
644197	1
644748	1
644807	1
645222	1
645710	1
647221	1
647264	1
648045	1
648046	1
648813	1
648846	1
648848	1
648850	1
648851	1
648858	1
648859	1
648860	1
648862	1
648865	1
648866	1
648869	1
648870	1
648879	1
649009	1
649195	1
649199	1
649269	1
649270	1
649271	1
649487	1
649496	1
649504	1
649672	1
649679	1
649768	1
650144	1
651549	1
651555	1
651631	1
652132	1
653049	1
653098	1
653727	1
654613	1
654617	1
654620	1
654631	1
654633	1
654634	1
654645	1
654646	1
654837	1
655181	1
655494	1
656325	1
656647	1
656650	1
656688	1
656694	1
656699	1
656700	1
656924	1
657399	1
657405	1
658096	1
658098	1
658104	1
658106	1
658122	1
658545	1
659592	1
659875	1
660624	1
661340	1
661342	1
661343	1
661344	1
661345	1
661346	1
661349	1
661350	1
661351	1
661356	1
661359	1
661360	1
661363	1
661366	1
661978	1
662772	1
662900	1
662901	1
662902	1
662905	1
662906	1
662907	1
662908	1
662909	1
662910	1
662911	1
662915	1
662916	1
662917	1
662918	1
662919	1
662921	1
662922	1
662923	1
662924	1
662925	1
662926	1
662927	1
662928	1
662930	1
662931	1
662932	1
662933	1
662940	1
663348	1
663977	1
663980	1
664001	1
664009	1
664011	1
664029	1
664031	1
664034	1
664052	1
664053	1
664068	1
664069	1
664072	1
664368	1
664754	1
665325	1
665342	1
665351	1
665378	1
665382	1
665389	1
665470	1
665492	1
665494	1
665497	1
665498	1
665499	1
665507	1
665508	1
665519	1
665525	1
665527	1
665528	1
665533	1
665534	1
665536	1
665537	1
665539	1
665544	1
665586	1
665685	1
665979	1
665991	1
665996	1
666005	1
666006	1
666011	1
666013	1
666132	1
666133	1
666370	1
666735	1
667228	1
667246	1
667249	1
667250	1
667252	1
667262	1
667264	1
667269	1
667282	1
667283	1
667287	1
667294	1
667297	1
668558	1
669122	1
669127	1
669130	1
669134	1
669139	1
669305	1
669657	1
669708	1
669720	1
669730	1
669746	1
669753	1
669754	1
669775	1
669838	1
669839	1
669840	1
669876	1
669877	1
669878	1
669879	1
669880	1
669881	1
669896	1
670095	1
670325	1
670328	1
671091	1
671262	1
671525	1
672162	1
672195	1
672196	1
672822	1
672974	1
673035	1
673185	1
673200	1
673448	1
673449	1
673919	1
674061	1
674062	1
674064	1
674193	1
674195	1
674467	1
674856	1
675501	1
675577	1
675674	1
676073	1
679627	1
679631	1
679632	1
680379	1
681286	1
681501	1
681502	1
681596	1
681629	1
682313	1
682621	1
683194	1
683362	1
683755	1
684020	1
684740	1
684741	1
684742	1
684743	1
684744	1
684760	1
685054	1
685055	1
685060	1
685943	1
687582	1
687591	1
687608	1
687651	1
687670	1
687675	1
687679	1
687993	1
688040	1
688078	1
688281	1
688286	1
688333	1
688336	1
688348	1
690244	1
690308	1
690309	1
690310	1
690312	1
690313	1
690314	1
690316	1
690317	1
690318	1
690320	1
690321	1
690323	1
690325	1
690326	1
690327	1
690329	1
690335	1
690337	1
690338	1
690339	1
690342	1
690450	1
690488	1
690490	1
690494	1
690499	1
690504	1
690505	1
690509	1
690515	1
690556	1
690718	1
690795	1
690825	1
691185	1
691208	1
691214	1
691223	1
691224	1
691227	1
691229	1
691230	1
691232	1
691233	1
691235	1
691236	1
691237	1
691239	1
691240	1
691241	1
691243	1
691244	1
692012	1
692119	1
692121	1
692123	1
692125	1
692128	1
692130	1
692147	1
692148	1
693372	1
693376	1
693558	1
693559	1
693564	1
693567	1
693571	1
693860	1
693862	1
693863	1
694027	1
694029	1
694355	1
694356	1
694358	1
694362	1
694369	1
694375	1
694380	1
694413	1
694480	1
694578	1
696524	1
697036	1
697065	1
698352	1
698354	1
698476	1
698666	1
698813	1
698833	1
699964	1
699967	1
700922	1
700924	1
700990	1
701338	1
701532	1
701553	1
702219	1
703176	1
703387	1
703397	1
703614	1
705301	1
705303	1
707309	1
707310	1
707311	1
707766	1
708432	1
708627	1
709039	1
709060	1
709982	1
710636	1
710638	1
710640	1
711536	1
713886	1
713924	1
714108	1
714439	1
714442	1
714451	1
714454	1
714457	1
714459	1
714463	1
714465	1
714466	1
714469	1
714471	1
714472	1
714473	1
714474	1
714477	1
714486	1
714487	1
714492	1
714493	1
714495	2
714500	1
714503	1
714504	1
714505	1
714510	1
714511	1
714512	1
714513	1
714514	1
714517	1
714518	1
714519	1
714646	1
714647	1
714648	1
714890	1
715485	1
716922	1
717233	1
717594	1
717648	1
717899	1
720867	1
720869	1
720871	1
722799	1
723415	1
725107	1
725108	1
741061	1
743497	1
743498	1
743500	1
743502	1
743504	1
743505	1
743506	1
743508	1
743509	1
743510	1
743511	1
743513	1
743523	1
743734	1
743978	1
744024	1
744030	1
744034	1
744050	1
744061	1
744099	1
744126	1
744128	1
744259	1
744260	1
744468	1
745662	1
745664	1
746016	1
747378	1
748687	1
748690	1
748691	1
748693	1
748694	1
748696	1
748699	1
748700	1
748702	1
748703	1
748705	1
748706	1
748709	1
748710	1
748712	1
748713	1
748718	1
749924	1
749925	1
751589	1
751591	1
751629	1
751630	1
751642	1
751662	1
751690	1
751694	1
751695	1
751712	1
751716	1
751718	1
751720	1
751723	1
751732	1
751736	1
751784	1
751787	1
752253	1
752527	1
753682	1
753684	1
754096	1
754097	1
754098	1
754099	1
754101	1
754102	1
754104	1
754105	1
754787	1
755258	1
756011	1
760567	1
761856	1
761857	1
761858	1
761861	1
762807	1
763061	1
763953	1
763959	1
763963	1
763965	1
763973	1
763974	1
763984	1
764104	1
764105	1
764120	1
764339	1
764601	1
764602	1
764924	1
764935	1
765270	1
765745	1
765816	1
765958	1
765959	1
766930	1
767543	1
767544	1
767553	1
767561	1
767564	1
767567	1
767568	1
768177	1
795688	1
795972	1
795974	1
795992	1
796002	1
796003	1
796701	1
796727	1
796746	1
796831	1
796839	1
796858	1
796860	1
796862	1
796866	1
797708	1
798113	1
798269	1
798271	1
798273	1
798276	1
798289	1
798294	1
798302	1
798304	1
798316	1
798321	1
798322	1
798323	1
798336	1
798338	1
798343	1
798344	1
798536	1
814928	1
856881	1
856882	1
856883	1
856884	1
856885	1
856890	1
856892	1
856893	1
856895	1
856898	1
856976	1
856977	1
856981	1
856984	1
856989	1
856997	1
857043	1
857210	1
857214	1
857215	1
857217	1
857755	1
857756	1
858346	1
858887	1
858900	1
858910	1
858915	1
858932	1
858952	1
858958	1
859222	1
859224	1
859262	1
859264	1
859317	1
859319	1
859427	1
859507	1
859523	1
859524	1
859525	1
859535	1
859542	1
860309	1
860646	1
860740	1
860741	1
860750	1
860753	1
860760	1
860765	1
861273	1
861404	1
861409	1
861410	1
862845	1
862910	1
862984	1
862985	1
862986	1
862988	1
862990	1
862994	1
862998	1
863002	1
863006	1
863007	1
863009	1
863012	1
863016	1
863024	1
863042	1
863050	1
863852	1
863858	1
863859	1
865863	1
865864	1
866555	1
867466	1
867476	1
867480	1
867494	1
867500	1
867501	1
867502	1
870953	1
871265	1
871744	1
871745	1
871748	1
871749	1
871750	1
871751	1
871752	1
871754	1
871758	1
871764	1
871918	1
872014	1
872337	1
872380	1
872479	1
872495	1
872800	1
872850	1
872852	1
872913	1
873086	1
873089	1
873090	1
873091	1
873092	1
873093	1
873451	1
875672	1
875673	1
879918	1
879925	1
880141	1
880757	1
881599	1
882115	1
883000	1
883001	1
883002	1
883011	1
883013	1
883014	1
883015	1
883134	1
883138	1
883142	1
883148	1
883761	1
883788	1
884032	1
884046	1
884089	1
884146	1
884148	1
885028	1
885520	1
885948	1
885951	1
886263	1
886264	1
886265	1
886359	1
887860	1
888266	1
888272	1
889078	1
889459	1
889485	1
891976	1
903998	1
904034	1
904455	1
904691	1
906689	1
906698	1
907228	1
907956	1
907957	1
908985	1
909199	1
909202	1
909278	1
909499	1
910426	1
912971	1
915270	1
915274	1
915442	1
915449	1
915453	1
925377	1
926021	1
926279	1
927782	1
927783	1
927809	1
928054	1
928059	1
928062	1
928065	1
928658	1
929405	1
929406	1
929407	1
929412	1
929489	1
930814	1
931088	1
931133	1
931182	1
932103	1
932731	1
933138	1
933380	1
933404	1
934066	1
934068	1
934069	1
934700	1
935621	1
935695	1
937822	1
939149	1
939154	1
940129	1
940354	1
941464	1
941476	1
941565	1
941567	1
941568	1
941570	1
941573	1
941574	1
941575	1
941577	1
941581	1
941697	1
941844	1
942061	1
942085	1
942185	1
942186	1
942187	1
943087	1
943091	1
943093	1
943094	1
943095	1
943097	1
943101	1
943329	1
943332	1
943333	1
943339	1
943435	1
944281	1
944283	1
944284	1
944285	1
944287	1
945028	1
945030	1
945158	1
945165	1
945170	1
945177	1
945837	1
945839	1
946017	1
946018	1
946641	1
947907	1
947918	1
947974	1
948041	1
948046	1
948052	1
948492	1
948715	1
948718	1
948959	1
948960	1
971287	1
971290	1
977929	1
979727	1
980002	1
980003	1
980005	1
980006	1
980007	1
980009	1
980010	1
980011	1
980015	1
980017	1
980018	1
980020	1
980021	1
980023	1
980024	1
980025	1
980026	1
980027	1
980028	1
980117	1
980662	1
981065	1
981085	1
983191	1
983195	1
983196	1
983205	1
983245	2
983599	1
983981	1
984302	1
984478	1
986859	1
986860	1
986861	1
986862	1
986866	1
989269	1
989334	1
991123	1
992666	1
992768	1
992840	1
993091	1
993092	1
993107	1
994668	1
995753	1
995770	1
995772	1
995786	1
995787	1
995792	1
995793	1
995796	1
995797	1
995800	1
995810	1
995811	1
996148	1
996393	1
996406	1
996943	1
997066	1
997707	1
997735	1
999555	1
1000413	1
1000418	1
1000428	1
1001070	1
1001094	1
1001110	1
1001111	1
1001116	1
1002523	1
1002525	1
1003022	1
1003062	1
1003075	1
1003089	1
1003145	1
1003621	1
1004391	1
1006121	1
1006137	1
1006184	1
1007873	1
1008379	1
1008897	1
1008898	1
1008903	1
1008904	1
1008906	1
1008907	1
1008909	1
1008924	1
1008927	1
1008928	1
1008929	1
1008930	1
1008932	1
1008934	1
1008935	1
1008942	1
1008951	1
1008982	1
1008983	1
1008984	1
1009339	1
1009467	1
1009475	1
1009479	1
1009480	1
1009482	1
1009483	1
1009486	1
1009498	1
1009508	1
1010622	1
1010628	1
1010633	1
1017257	1
1026947	1
1026949	1
1026954	1
1027102	1
1027791	1
1028355	1
1030150	1
1030197	1
1030206	1
1030363	1
1030390	1
1030488	1
1030656	1
1032745	1
1032928	1
1032936	1
1032937	1
1032964	1
1032966	1
1032970	1
1032972	1
1033851	1
1034604	1
1034831	1
1035805	1
1035808	1
1035809	1
1035810	1
1035811	1
1035921	1
1036027	1
1036029	1
1036588	1
1037020	1
1037046	1
1037060	1
1037061	1
1037063	1
1037461	1
1037462	1
1037464	1
1037467	1
1037470	1
1037471	1
1037473	1
1037474	1
1037476	1
1037477	1
1037478	1
1037479	1
1040642	1
1040644	1
1040645	1
1040842	1
1041103	1
1041197	1
1041201	1
1041203	1
1041215	1
1041216	1
1041223	1
1041226	1
1041230	1
1041241	1
1041245	1
1041249	1
1041251	1
1041259	1
1041262	1
1041263	1
1041266	1
1041268	1
1041270	1
1041277	1
1041515	1
1041516	1
1041932	1
1042412	1
1042414	1
1042416	1
1042667	1
1043333	1
1043351	1
1043419	1
1043421	1
1043433	1
1043438	1
1043439	1
1043453	1
1043460	1
1043461	1
1043504	1
1043513	1
1043515	1
1043521	1
1043524	1
1043698	1
1043700	1
1043704	1
1043706	1
1043716	1
1044906	1
1044910	1
1044913	1
1044918	1
1044921	1
1044923	1
1045037	1
1045115	1
1045138	1
1045147	1
1045160	1
1045174	1
1045181	1
1045189	1
1045195	1
1045197	1
1045216	1
1045224	1
1045226	1
1045233	1
1045248	1
1045265	1
1045282	1
1045284	1
1045296	1
1045333	1
1045338	1
1045339	1
1045344	1
1045356	1
1045496	1
1045548	1
1045549	1
1046253	1
1046255	1
1046257	1
1046259	1
1046260	1
1046261	1
1046262	1
1046264	1
1046265	1
1046405	1
1046409	1
1046420	1
1046423	1
1046480	1
1046566	1
1048768	1
1048799	1
1048809	1
1048901	1
1049370	1
1049775	1
1049788	1
1049808	1
1049916	1
1049919	1
1050191	2
1050841	1
1051291	1
1051312	1
1052166	1
1052173	1
1052178	1
1052904	1
1053105	1
1053111	1
1053125	1
1053327	1
1053328	1
1053335	1
1053340	1
1053365	1
1053376	1
1053381	1
1053403	1
1053410	1
1053618	1
1053788	1
1053966	1
1054082	1
1054083	1
1054457	1
1055014	1
1055021	1
1055022	1
1055557	1
1055743	1
1056460	1
1056462	1
1056468	1
1056469	1
1056473	1
1056476	1
1056488	1
1056843	1
1056880	1
1056921	1
1056926	1
1056933	1
1056941	1
1056944	1
1056956	1
1056962	1
1056963	1
1056965	1
1065496	1
1068520	1
1068521	1
1068553	1
1068670	1
1069580	1
1070438	1
1070709	1
1070855	1
1071044	1
1071187	1
1071199	1
1071398	1
1071399	1
1072385	1
1072386	1
1072387	1
1072615	1
1073919	1
1076141	1
1076197	1
1076199	1
1076577	1
1076820	1
1077397	1
1077399	1
1077958	1
1077959	1
1078588	1
1078589	1
1078776	1
1079077	1
1079125	1
1080004	1
1080091	1
1080094	1
1080101	1
1080326	1
1080332	1
1080334	1
1081051	1
1081545	1
1081546	1
1081573	1
1082390	1
1082498	1
1082500	1
1082503	1
1082504	1
1082643	1
1085088	1
1085342	1
1085434	1
1085519	1
1087055	1
1087073	1
1088818	1
1088823	1
1088831	1
1088834	1
1088836	1
1088838	1
1088841	1
1088842	1
1089399	1
1089404	1
1089623	1
1089802	1
1089943	1
1089944	1
1089946	1
1089947	1
1089948	1
1089958	1
1089959	1
1089970	1
1089976	1
1089980	1
1089990	1
1089991	1
1090009	1
1090025	1
1090036	1
1091135	1
1092577	1
1093622	1
1093623	1
1093659	1
1093665	1
1093671	1
1094874	1
1097178	1
1097187	1
1097193	1
1097620	1
1097622	1
1097642	1
1108001	1
1108176	1
1111103	1
1111104	1
1111685	1
1112053	1
1112097	1
1112105	1
1112724	1
1112727	1
1112768	1
1115359	1
1115369	1
1115371	1
1115383	1
1115533	1
1117032	1
1117039	1
1118407	1
1118417	1
1118427	1
1118771	1
1119055	1
1120099	1
1125162	1
1125365	1
1125374	1
1125850	1
1125927	1
1125932	1
1125981	1
1126022	1
1126413	1
1126415	1
1127172	1
1127247	1
1127251	1
1127366	1
1127379	1
1127564	1
1127633	1
1127660	1
1128105	1
1128165	1
1128166	1
1128769	1
1129362	1
1129457	1
1129466	1
1129485	1
1129724	1
1129971	1
1130020	1
1130759	1
1130978	1
1131399	1
1131401	1
1131870	1
1132458	1
1132527	1
1132532	1
1132552	1
1132635	1
1132989	1
1133296	1
1133298	1
1133299	1
1133302	1
1133303	1
1133968	1
1134458	1
1134479	1
1134487	1
1134705	1
1136150	1
1137046	1
1137516	1
1137519	1
1137531	1
1137538	1
1137569	1
1137813	1
1137814	1
1137863	1
1137890	1
1137891	1
1137911	1
1138126	1
1138133	1
1138135	1
1138138	1
1138141	1
1138352	1
1138368	1
1138419	1
1141591	1
1142941	1
1142948	1
1142992	1
1143211	1
1143218	1
1143220	1
1143222	1
1143231	1
1143234	1
1143241	1
1143243	1
1143245	1
1144424	1
1144436	1
1144448	1
1144452	1
1144454	1
1144458	1
1144461	1
1144464	1
1146880	1
1146996	1
1147752	1
1148074	1
1150289	1
1150899	1
1155080	1
1155220	1
1155259	1
1155345	1
1155789	1
1157646	1
1158022	1
1158023	1
1158074	1
1158081	1
1158208	1
1159551	1
1160296	1
1160297	1
1160299	1
1160597	1
1161137	1
1161150	1
1161165	1
1161166	1
1161167	1
1161186	1
1161996	1
1162975	1
1164941	1
1165086	1
1165872	1
1165888	1
1165891	1
1167136	1
1167167	1
1167620	1
1168069	1
1168070	1
1168071	1
1168213	1
1170222	1
1170223	1
1170328	1
1170341	1
1170342	1
1170574	1
1170580	1
1170639	1
1170640	1
1170855	1
1171781	1
1172173	1
1172576	1
1172579	1
1172588	1
1173001	1
1174927	1
1174930	1
1174967	1
1174970	1
1176375	1
1176413	1
1176442	1
1177002	1
1177005	1
1177123	1
1177209	1
1177745	1
1177932	1
1177933	1
1179221	1
1181297	1
1181298	1
1182954	1
1183060	1
1184158	1
1184610	1
1184750	1
1184762	1
1185349	1
1185385	1
1185390	1
1185392	1
1185394	1
1185422	1
1185431	1
1186116	1
1186147	1
1186152	1
1186154	1
1186155	1
1186172	1
1186967	1
1188008	1
1188276	1
1189062	1
1189605	1
1189608	1
1189609	1
1190427	1
1190699	1
1190700	1
1191331	1
1191332	1
1191334	1
1191335	1
1191342	1
1191343	1
1191345	1
1191365	1
1191454	1
1195127	1
1195737	1
1195740	1
1196270	1
1196377	1
1196459	1
1196463	1
1196464	1
1196470	1
1196474	1
1196477	1
1196480	1
1196485	1
1196490	1
1196493	1
1196494	1
1196495	1
1196499	1
1196504	1
1196636	1
1197307	1
1197308	1
1197397	1
1197756	1
1197757	1
1197916	1
1197926	1
1197927	1
1197930	1
1198337	1
1198658	1
1200272	1
1200277	1
1200765	1
1200768	1
1200842	1
1201177	1
1202429	1
1202501	1
1202798	1
1202800	1
1202981	1
1202985	1
1202986	1
1202987	1
1204437	1
1204770	1
1204778	1
1205704	1
1205707	1
1205715	1
1205734	1
1205763	1
1205770	1
1205801	2
1206573	1
1208065	1
1208400	1
1208407	1
1209444	1
1209445	1
1209449	1
1209450	1
1209451	1
1209452	1
1209455	1
1209456	1
1209457	1
1209458	1
1209459	1
1209460	1
1209461	1
1209464	1
1209465	1
1209467	1
1209468	1
1209471	1
1209472	1
1209474	1
1209475	1
1209476	1
1209477	1
1209478	1
1209479	1
1209480	1
1209484	1
1209490	1
1211612	1
1211623	1
1214565	1
1214907	1
1217174	1
1217205	1
1217240	1
1217313	1
1217867	1
1217868	1
1218737	1
1218742	1
1218747	1
1218918	1
1219515	1
1220049	1
1220052	1
1220079	1
1220501	1
1220503	1
1220707	1
1220708	1
1221638	1
1224218	1
1225077	1
1225685	1
1226037	1
1226053	1
1226057	1
1226069	1
1226071	1
1226072	1
1226079	1
1226096	1
1226099	1
1226103	1
1226106	1
1226112	1
1226225	1
1226761	1
1227626	1
1227758	1
1227975	1
1227988	1
1230170	1
1231846	1
1233743	1
1233953	1
1234190	1
1234203	1
1234228	1
1234383	1
1234497	1
1234501	1
1234621	1
1234821	1
1235664	1
1235665	1
1235666	1
1236424	1
1236435	1
1237534	1
1237535	1
1237723	1
1238142	1
1238147	1
1238153	1
1239137	1
1239141	1
1239142	1
1239736	1
1239886	1
1241138	1
1241825	1
1243769	1
1243775	1
1244696	1
1244996	1
1245227	1
1245228	1
1245235	1
1245236	1
1245243	1
1245246	1
1245247	1
1245248	1
1245250	1
1245256	1
1245260	1
1245262	1
1245295	1
1245316	1
1245322	1
1245324	1
1245541	1
1245586	1
1245680	1
1245681	1
1245682	1
1245684	1
1245685	1
1245801	1
1245804	1
1247859	1
1248441	1
1248442	1
1248446	1
1248448	1
1248455	1
1248458	1
1248461	1
1248967	1
1249011	1
1249515	1
1249726	1
1249727	1
1249729	1
1249730	1
1258705	1
1260292	1
1260345	1
1262099	1
1262102	1
1262115	1
1262116	1
1262161	1
1262544	1
1263484	1
1263486	1
1263488	1
1263489	1
1264566	1
1265924	1
1265925	1
1265927	1
1265928	1
1266308	1
1266313	1
1266318	1
1266557	1
1267209	1
1267433	1
1267443	1
1268648	1
1269190	1
1269200	1
1271601	1
1271606	1
1271610	1
1271632	1
1272966	1
1272982	1
1272988	1
1272991	1
1273554	1
1273555	1
1273557	1
1274368	1
1276543	1
1276776	1
1276802	1
1276815	1
1276866	1
1277752	1
1277771	1
1277773	1
1277774	1
1277776	1
1277777	1
1277824	1
1277934	1
1277942	1
1278906	1
1279188	1
1280228	1
1280243	1
1280383	1
1280384	1
1280388	1
1281337	1
1281360	1
1281367	1
1281372	1
1281373	1
1281374	1
1281378	1
1281379	1
1281382	1
1281385	1
1281410	1
1281416	1
1281577	1
1281861	1
1282669	1
1286525	1
1286644	1
1286646	1
1286870	1
1287611	1
1287620	1
1287646	1
1287971	1
1287972	1
1287973	1
1288439	1
1289414	1
1289450	1
1290953	1
1291450	1
1291456	1
1291635	1
1294000	1
1296274	1
1296280	1
1297873	1
1300199	1
1300208	1
1301400	1
1302936	1
1303698	1
1303700	1
1303703	1
1303704	1
1303705	1
1304680	1
1305013	1
1306156	1
1306438	1
1306909	1
1306921	1
1308043	1
1309618	1
1310066	1
1310099	1
1312015	1
1312016	1
1312017	1
1312018	1
1312019	1
1312020	1
1312023	1
1312024	1
1312036	1
1312037	1
1312523	1
1312777	1
1313104	1
1315756	1
1315792	1
1317885	1
1318717	1
1318718	1
1321669	1
1322073	1
1323965	1
1324461	1
1324860	1
1325468	1
1325471	1
1325981	1
1325994	1
1329980	1
1329983	1
1330298	1
1330300	1
1330309	1
1330311	1
1330314	1
1330323	1
1331743	1
1333497	1
1333885	1
1333888	1
1333928	1
1334537	1
1335017	1
1336656	1
1338535	1
1339356	1
1341363	1
1341698	1
1341699	1
1341708	1
1341709	1
1341721	1
1342342	1
1345077	1
1345223	1
1345225	1
1348122	1
1348125	1
1348126	1
1348127	1
1348128	1
1348680	1
1348741	1
1348752	1
1350402	1
1351828	1
1352232	1
1352233	1
1352234	1
1353438	1
1353443	1
1353446	1
1353464	1
1353839	1
1354197	1
1354200	1
1354201	1
1354202	1
1354203	1
1354204	1
1354239	1
1355408	1
1357590	1
1357738	1
1357739	1
1358727	1
1358781	1
1358782	1
1358783	1
1358788	1
1358789	1
1358790	1
1358792	1
1358797	1
1358851	1
1365881	1
1366160	1
1366939	1
1366957	1
1367312	1
1368223	1
1368226	1
1370055	1
1370056	1
1370057	1
1370058	1
1370059	1
1370061	1
1370069	1
1370097	1
1380596	1
1381010	1
1381998	1
1382008	1
1382063	1
1382415	1
1383556	1
1384122	1
1384180	1
1387318	1
1387641	1
1389228	1
1390594	1
1392095	1
1392585	1
1392590	1
1392609	1
1392673	1
1392717	1
1393007	1
1393008	1
1393200	1
1393206	1
1393931	1
1397840	1
1398096	1
1398195	1
1398196	1
1398537	1
1398552	1
1398675	1
1398764	1
1399662	1
1399668	1
1399671	1
1399684	1
1399689	1
1399693	1
1399704	1
1399705	1
1399712	1
1399713	1
1399722	1
1399730	1
1399744	1
1399750	1
1399752	1
1399755	1
1399756	1
1399757	1
1399758	1
1400615	1
1400624	1
1400636	1
1400639	1
1400654	1
1400658	1
1400661	1
1400663	1
1400668	1
1400671	1
1400673	1
1400687	1
1400689	1
1400691	1
1402425	1
1402432	1
1403386	1
1403536	1
1403802	1
1406249	1
1406279	1
1406284	1
1406371	1
1407655	1
1407748	1
1407756	1
1407759	1
1407760	1
1407762	1
1408201	1
1408263	1
1408783	1
1411623	1
1413687	1
1413699	1
1413702	1
1413812	1
1414754	1
1416941	1
1417620	1
1418012	1
1418016	1
1419534	1
1419549	1
1423388	1
1423681	1
1424547	1
1424640	1
1424676	1
1424690	1
1424752	1
1425328	1
1425329	1
1425330	1
1428766	1
1428772	1
1429983	2
1430397	1
1430408	1
1431197	1
1431838	1
1432737	1
1433308	1
1433400	1
1435282	1
1435584	1
1435588	1
1435590	1
1436140	1
1436148	1
1439377	1
1439902	1
1439905	1
1439916	1
1439918	1
1439931	1
1439934	1
1440068	1
1440069	1
1440564	1
1441050	1
1441374	1
1441980	1
1441983	1
1441989	1
1442337	1
1442338	1
1442340	1
1442629	1
1442712	1
1442724	1
1442760	1
1442761	1
1442762	1
1442766	1
1442772	1
1442774	1
1442781	1
1442783	1
1442784	1
1442804	1
1442805	1
1444320	1
1446905	1
1448043	1
1448044	1
1450208	1
1450210	1
1450212	1
1451047	1
1454018	1
1454363	1
1454364	1
1454366	1
1454367	1
1454370	1
1454371	1
1454539	1
1454548	1
1457467	1
1457503	1
1458423	1
1458866	1
1461542	1
1461544	1
1461608	1
1461639	1
1461640	1
1462506	1
1463642	1
1465380	1
1465622	1
1465651	1
1465736	1
1470411	1
1470412	1
1470413	1
1470414	1
1470415	1
1470417	1
1470421	1
1470422	1
1470427	1
1470429	1
1470437	1
1470854	1
1471837	1
1472306	1
1472648	1
1472690	1
1472730	1
1475415	1
1476991	1
1476995	1
1477590	1
1478181	1
1478599	1
1478600	1
1479339	1
1479707	1
1480154	1
1481379	1
1482880	1
1482885	1
1482896	1
1484106	1
1485642	1
1486050	1
1486051	1
1486052	1
1486054	1
1486055	1
1486345	1
1487565	1
1489473	1
1489476	1
1489483	1
1489665	1
1489755	1
1489815	1
1489956	1
1489963	1
1491822	1
1491823	1
1491824	1
1492263	1
1492673	1
1492708	1
1493660	1
1495044	1
1495201	1
1495518	1
1495610	1
1497109	1
1497439	1
1497510	1
1497784	1
1497993	1
1498187	1
1498489	1
1499132	1
1499134	1
1499135	1
1499136	1
1499141	1
1499526	1
1499529	1
1499532	1
1499537	1
1499538	1
1499945	1
1500038	1
1500039	1
1501231	1
1501458	1
1501461	1
1501466	1
1501477	1
1501482	1
1503305	1
1503306	1
1503369	1
1503374	1
1504425	1
1504635	1
1504638	1
1504640	1
1504646	1
1504647	1
1504648	1
1504649	1
1504651	1
1504652	1
1504653	1
1504656	1
1504659	1
1505188	1
1505641	1
1505646	1
1505647	1
1505710	1
1505919	1
1505921	1
1506205	1
1506269	1
1507410	1
1507420	1
1508136	1
1508161	1
1508565	1
1510057	1
1510605	1
1511924	1
1514006	1
1514007	1
1514008	1
1514014	1
1514018	1
1514020	1
1514031	1
1514053	1
1514057	1
1514137	1
1514140	1
1515097	1
1517517	1
1517518	1
1517519	1
1518434	1
1519436	1
1519565	1
1519595	1
1519597	1
1520033	1
1520945	1
1521119	1
1521120	1
1521122	1
1521127	1
1522114	1
1522117	1
1522119	1
1522187	1
1522199	1
1522369	1
1522775	1
1523572	1
1523603	1
1523604	1
1523607	1
1523614	1
1523616	1
1523625	1
1523626	1
1523938	1
1523939	1
1524124	1
1524265	1
1524266	1
1525817	1
1526640	1
1527800	1
1527830	1
1527831	1
1529525	1
1530311	1
1530314	1
1530320	1
1530334	1
1531355	1
1531357	1
1531501	1
1531991	1
1532343	1
1532388	1
1532449	1
1532452	1
1533111	1
1533221	1
1533308	1
1534600	1
1534660	1
1534760	1
1534972	1
1535311	1
1536645	1
1536788	1
1537102	1
1537673	1
1537852	1
1538057	1
1539464	1
1540396	1
1540407	1
1540408	1
1541215	1
1541216	1
1541217	1
1541219	1
1541220	1
1541221	1
1541222	1
1541226	1
1541227	1
1541229	1
1541231	1
1541233	1
1541237	1
1541695	1
1541697	1
1541698	1
1541699	1
1542364	1
1542495	1
1542496	1
1542497	1
1543992	1
1544808	1
1545468	1
1545697	1
1545860	1
1547482	1
1547847	1
1547872	1
1548292	1
1548298	1
1549776	1
1549778	1
1549782	1
1550224	1
1550601	1
1550622	1
1552222	1
1552228	1
1552698	1
1552703	1
1552891	1
1553917	1
1553918	1
1553919	1
1553920	1
1559823	1
1560081	1
1561780	1
1562175	1
1562316	1
1562320	1
1562601	1
1562891	1
1563190	1
1564034	1
1564042	1
1564044	1
1564046	1
1564205	1
1565112	1
1565408	1
1566870	1
1567104	1
1567550	1
1568982	1
1569451	1
1569453	1
1569454	1
1569713	1
1570123	1
1571642	1
1571923	1
1571924	1
1572684	1
1573160	1
1574110	1
1574136	1
1574224	1
1574441	1
1576615	1
1576616	1
1577077	1
1577577	1
1577587	1
1577648	1
1577725	1
1577778	1
1579233	1
1579394	1
1580009	1
1580013	1
1580173	1
1581416	1
1581417	1
1582014	1
1582538	1
1582841	1
1582844	1
1585251	1
1586302	1
1586306	1
1586311	1
1586319	1
1591304	1
1592040	1
1592061	1
1592219	1
1592803	1
1593301	1
1603294	1
1603450	1
1603687	1
1603689	1
1603693	1
1603695	1
1603698	1
1603704	1
1603707	1
1603708	1
1603709	1
1603710	1
1603713	1
1603716	1
1603718	1
1603722	1
1603725	1
1603727	1
1603732	1
1603812	1
1603823	1
1603829	1
1603831	1
1603832	1
1603835	1
1603842	1
1603843	1
1603844	1
1603848	1
1604141	1
1604314	1
1605257	1
1605858	1
1606511	1
1608033	1
1608368	1
1608371	1
1608375	1
1608376	1
1608485	1
1608486	1
1608489	1
1608491	1
1608492	1
1608497	1
1609287	1
1609849	1
1609859	1
1609862	1
1611029	1
1611267	1
1611546	1
1611547	1
1611548	1
1611549	1
1612632	1
1615733	1
1615899	1
1616082	1
1616255	1
1616261	1
1616262	1
1616263	1
1616264	1
1616291	1
1616296	1
1616297	1
1616298	1
1616300	1
1616303	1
1616307	1
1616311	1
1616313	1
1616317	1
1616320	1
1616321	1
1616323	1
1616325	1
1616328	1
1616332	1
1616334	1
1616336	1
1616340	1
1616342	1
1616346	1
1616350	1
1616352	1
1616356	1
1616357	1
1616479	1
1616486	1
1616489	1
1617347	1
1617353	1
1617354	1
1617357	1
1617358	1
1617934	1
1618031	1
1618033	1
1618065	1
1618143	1
1618144	1
1618145	1
1619352	1
1619366	1
1619493	1
1619497	1
1619609	1
1620016	1
1620028	1
1620044	1
1620053	1
1620155	1
1620205	1
1620947	1
1621226	1
1621227	1
1621233	1
1621248	1
1621251	1
1622064	1
1623353	1
1623361	1
1623363	1
1623366	1
1623368	1
1623376	1
1627839	1
1628087	1
1629762	1
1630190	1
1630365	1
1630683	1
1631189	1
1631202	1
1632116	1
1632119	1
1633990	1
1633997	1
1633998	1
1635301	1
1636236	1
1637976	1
1637977	1
1638138	1
1639643	1
1640672	1
1640932	1
1641071	1
1641267	1
1641279	1
1641281	1
1641289	1
1641295	1
1641298	1
1641302	1
1641311	1
1641957	1
1642049	1
1642051	1
1642853	1
1642854	1
1642855	1
1642857	1
1642859	1
1642861	1
1642862	1
1642864	1
1642865	1
1642867	1
1642868	1
1642869	1
1642870	1
1642871	1
1642872	1
1642874	1
1643492	1
1645775	1
1648219	1
1648221	1
1650713	1
1650721	1
1652689	1
1653186	1
1653321	1
1653389	1
1653392	1
1653467	1
1653801	1
1655239	1
1655241	1
1661389	1
1661584	1
1662495	1
1663035	1
1663125	1
1664066	1
1667030	1
1670841	1
1670882	1
1671078	1
1671114	1
1671320	1
1671323	1
1671339	1
1672020	1
1673703	1
1674046	1
1675672	1
1676232	1
1676233	1
1676237	1
1676239	1
1676246	1
1676248	1
1676250	1
1676253	1
1676596	1
1678074	1
1678084	1
1679254	1
1679258	1
1679269	1
1679275	1
1679281	1
1679282	1
1679285	1
1679287	1
1679288	1
1679311	1
1679318	1
1679327	1
1679331	1
1679334	1
1679342	1
1679348	1
1679352	1
1679355	1
1679365	1
1679378	1
1679386	1
1679389	1
1679393	1
1679399	2
1679435	1
1679436	1
1679515	1
1680231	1
1682302	1
1683987	1
1683993	1
1684017	1
1684024	1
1684031	1
1684049	1
1684060	1
1684752	1
1685546	1
1685547	1
1685548	1
1685549	1
1685551	1
1685553	1
1685555	1
1685578	1
1685799	1
1685984	1
1685987	1
1686258	1
1686260	1
1691893	1
1691895	1
1691898	1
1692140	1
1692141	1
1697080	1
1697098	1
1699510	1
1699511	1
1699809	1
1700957	1
1700958	1
1700993	1
1701016	1
1701025	1
1701049	1
1701062	1
1701871	1
1701873	1
1701878	1
1701880	1
1702134	1
1704206	1
1704221	1
1704639	1
1705841	1
1705973	1
1706219	1
1707751	1
1708248	1
1711133	1
1711173	1
1711211	1
1711277	1
1711365	1
1711585	1
1712205	1
1713640	1
1715365	1
1715390	1
1715696	1
1715879	1
1715882	1
1715883	1
1715887	1
1715889	1
1715890	1
1715891	1
1715892	1
1715893	1
1715894	1
1715896	1
1715898	1
1715899	1
1715900	1
1715998	1
1715999	1
1716000	1
1716001	1
1716002	1
1716003	1
1716004	1
1716005	1
1716006	1
1716007	1
1716008	1
1716009	1
1716010	1
1716011	1
1716012	1
1716013	1
1716014	1
1716015	1
1716016	1
1716017	1
1716018	1
1716019	1
1716020	1
1716021	1
1716022	1
1716023	1
1716024	1
1716025	1
1716026	1
1716027	1
1716028	1
1716029	1
1716030	1
1716031	1
1716032	1
1716033	1
1716034	1
1716035	1
1716036	1
1716037	1
1716038	1
1716039	1
1718237	1
1718245	1
1720319	1
1720445	1
1720446	1
1720486	1
1729104	1
1729107	1
1729109	1
1729111	1
1729362	1
1729363	1
1729365	1
1729367	1
1729591	1
1729592	1
1729594	1
1732545	1
1732547	1
1732548	1
1732550	1
1732551	1
1732552	1
1732554	1
1735015	1
1735385	1
1736113	1
1736635	1
1736641	1
1736646	1
1736650	1
1736677	1
1736744	1
1736746	1
1737103	1
1737104	1
1737301	1
1737302	1
1737573	1
1737613	1
1737639	1
1739658	1
1740620	1
1740896	1
1744888	1
1745963	1
1747705	1
1748861	1
1749380	1
1749390	1
1750592	1
1752150	1
1752749	1
1752756	1
1752760	1
1752765	1
1752766	1
1754108	1
1754109	1
1754146	1
1754147	1
1754164	1
1754207	1
1755021	1
1755022	1
1755023	1
1755024	1
1755027	1
1755028	1
1755029	1
1755046	1
1755048	1
1755060	1
1755061	1
1755062	1
1755063	1
1755064	1
1755145	1
1755456	1
1755648	1
1755846	1
1755850	1
1756979	1
1763976	1
1763977	1
1764286	1
1764330	1
1764367	1
1765309	1
1765313	1
1766721	1
1767139	1
1767999	1
1768000	1
1768213	1
1768215	1
1768849	1
1769919	1
1769920	1
1769926	1
1769928	1
1770153	1
1770154	1
1770155	1
1770157	1
1770158	1
1770159	1
1770160	1
1770161	1
1770163	1
1770165	1
1775738	1
1775740	1
1775858	1
1777870	1
1778369	1
1778373	1
1778543	1
1779277	1
1779278	1
1779279	1
1779280	1
1779284	1
1779285	1
1779287	1
1779711	1
1780282	1
1781601	1
1783558	1
1785620	1
1785687	1
1789007	1
1789066	1
1789788	1
1792298	1
1792663	1
1792731	1
1792739	1
1792748	1
1792749	1
1792755	1
1792758	1
1792761	1
1792766	1
1792768	1
1792771	1
1792773	1
1792781	1
1792784	1
1792787	1
1792789	1
1793945	1
1793978	1
1795068	1
1795517	1
1795528	1
1795539	1
1798021	1
1798766	1
1798769	1
1798775	1
1798790	1
1798793	1
1799556	1
1799574	1
1799599	1
1799609	1
1799636	1
1799701	1
1803730	1
1803867	1
1803871	1
1805963	1
1806195	1
1806641	1
1806642	1
1807819	1
1807820	1
1807821	1
1807835	1
1807836	1
1807840	1
1809639	1
1809642	1
1809698	1
1810415	1
1812841	1
1812844	1
1813010	1
1813458	1
1813488	1
1813497	1
1813504	1
1813505	1
1813521	1
1813533	1
1813931	1
1814005	1
1815893	1
1817789	1
1819373	1
1819533	1
1819538	1
1819540	1
1819547	1
1820310	1
1821062	1
1821576	1
1821617	1
1822399	1
1822400	1
1822401	1
1822402	1
1824557	1
1825607	1
1825957	1
1825963	1
1826188	1
1826635	1
1826781	1
1826782	1
1826784	1
1826785	1
1826791	1
1826792	1
1826794	1
1826795	1
1826797	1
1826799	1
1826800	1
1826802	1
1826803	1
1826804	1
1826807	1
1826808	1
1826809	1
1826811	1
1826812	1
1826813	1
1826814	1
1826815	1
1826816	1
1827168	1
1827312	1
1828479	1
1828746	1
1828751	1
1830165	1
1830227	1
1835031	1
1837062	1
1839802	1
1840585	1
1840587	1
1840588	1
1840589	1
1840594	1
1840596	1
1841493	1
1842555	1
1842907	1
1842910	1
1842917	1
1842918	1
1842919	1
1842920	1
1842921	1
1842923	1
1842927	1
1842930	1
1842931	1
1843188	1
1843297	1
1844069	1
1844070	1
1844071	1
1844621	1
1846137	1
1846138	1
1847751	1
1848211	1
1848406	1
1848539	1
1850527	1
1850528	1
1851244	1
1851346	1
1851369	1
1851445	1
1851761	1
1852768	1
1852778	1
1852784	1
1852973	1
1853086	1
1853099	1
1853235	1
1853882	1
1855359	1
1856765	1
1856766	1
1856776	1
1856777	1
1856778	1
1856779	1
1856781	1
1856782	1
1856783	1
1856784	1
1856785	1
1856786	1
1856787	1
1856789	1
1856790	1
1856792	1
1857114	1
1857123	1
1857135	1
1857143	1
1857144	1
1857146	1
1857150	1
1857151	1
1857156	1
1857654	1
1858743	1
1859058	1
1859060	1
1859061	1
1861770	1
1861789	1
1861790	1
1862636	1
1862640	1
1862659	1
1863013	1
1866962	1
1867283	1
1867291	1
1867302	1
1867303	1
1867777	1
1867932	1
1868278	1
1868792	1
1871462	1
1871911	1
1872694	1
1873501	1
1873511	1
1873521	1
1874231	1
1874238	1
1874273	1
1874639	1
1878968	1
1879227	1
1879233	1
1879258	1
1881092	1
1881117	1
1882389	1
1882473	1
1882480	1
1882728	1
1883385	1
1883388	1
1884664	1
1884665	1
1884666	1
1886611	1
1887436	1
1888364	1
1888382	1
1888384	1
1889602	1
1889603	1
1889606	1
1889607	1
1891300	1
1891309	1
1891461	1
1891964	1
1891965	1
1892225	1
1892573	1
1892709	1
1895586	1
1895588	1
1895641	1
1895974	1
1895980	1
1895983	1
1896769	1
1896963	1
1897053	1
1897473	1
1898257	1
1898430	1
1898432	1
1898433	1
1898434	1
1898640	1
1898808	1
1898823	1
1898829	1
1898853	1
1898862	1
1898873	1
1898876	1
1898877	1
1898882	1
1898884	1
1898922	1
1898940	1
1899098	1
1899210	1
1899306	1
1899307	1
1899343	1
1899344	1
1902265	1
1902268	1
1902425	1
1902457	1
1902458	1
1902460	1
1902462	1
1902468	1
1902473	1
1902486	1
1902783	1
1902834	1
1903210	1
1903215	1
1903417	1
1903578	1
1903712	1
1903715	1
1904285	1
1904287	1
1904701	1
1904792	1
1905246	1
1905575	1
1905857	1
1906384	1
1906385	1
1906386	1
1907485	1
1907491	1
1908554	1
1908566	1
1908568	1
1908571	1
1908573	1
1908577	1
1908578	1
1908581	1
1908582	1
1908586	1
1908588	1
1908589	1
1908592	1
1908594	1
1908752	1
1908765	1
1908774	1
1908775	1
1911539	1
1911668	1
1911670	1
1914264	1
1914267	1
1914268	1
1914269	1
1914271	1
1914353	1
1914886	1
1915067	1
1915233	1
1916029	1
1916034	1
1916041	1
1917029	1
1917047	1
1917049	1
1917943	1
1917944	1
1917945	1
1917946	1
1917947	1
1917949	1
1917952	1
1917953	1
1920187	1
1920719	1
1921141	1
1921730	1
1921744	1
1922339	1
1928487	1
1928728	1
1929216	1
1929854	1
1929855	1
1929856	1
1929857	1
1929859	1
1929860	1
1929884	1
1930050	1
1932008	1
1932074	1
1933033	1
1934111	1
1935457	1
1938265	1
1938269	1
1938279	1
1938282	1
1938956	1
1938959	1
1938967	1
1939643	1
1940804	1
1940807	1
1941371	1
1941373	1
1941374	1
1941375	1
1941377	1
1941378	1
1941381	1
1941382	1
1941383	1
1941384	1
1941387	1
1941388	1
1941389	1
1941391	1
1941396	1
1943541	1
1943543	1
1943556	1
1954645	1
1955439	1
1955528	1
1959750	1
1960957	1
1961193	1
1961200	1
1961204	1
1961205	1
1961227	1
1965126	1
1965127	1
1965129	1
1965130	1
1965131	1
1966430	1
1967285	1
1967286	1
1967468	1
1968112	1
1968119	1
1968120	1
1968205	1
1969477	1
1969798	1
1969799	1
1969800	1
1970106	1
1970665	1
1970668	1
1970670	1
1971366	1
1971616	1
1971661	1
1971712	1
1971718	1
1971723	1
1973153	1
1973159	1
1974217	1
1974348	1
1974360	1
1977212	1
1977234	1
1978917	1
1979421	1
1979422	1
1979622	1
1979662	1
1980154	1
1980155	1
1980159	1
1980291	1
1981227	1
1981229	1
1981893	1
1981900	1
1981909	1
1981914	1
1982072	1
1983733	1
1985640	1
1985980	1
1986161	1
1986162	1
1986163	1
1986451	1
1986521	1
1986522	1
1993611	1
1993800	1
1993845	1
2002970	1
2003509	1
2003510	1
2003511	1
2003512	1
2003513	1
2003514	1
2003515	1
2003516	1
2003517	1
2003518	1
2003519	1
2003520	1
2003742	1
2004430	1
2004559	1
2004578	1
2004579	1
2004884	1
2004890	1
2004975	1
2005478	1
2005479	1
2005480	1
2005751	1
2006105	1
2006944	1
2006970	1
2006976	1
2006979	1
2006982	1
2007163	1
2007176	1
2007178	1
2007182	1
2007206	1
2007208	1
2007213	1
2007274	1
2008508	1
2008511	1
2008514	1
2008527	1
2008595	1
2008659	1
2008680	1
2010879	1
2010880	1
2010881	1
2010882	1
2010883	1
2010884	1
2010892	1
2010893	1
2010894	1
2010895	1
2010896	1
2010897	1
2010902	1
2010903	1
2010904	1
2010906	1
2010907	1
2011089	1
2014383	1
2014384	1
2014390	1
2014391	1
2014393	1
2014394	1
2014398	1
2014404	1
2014405	1
2014406	1
2014407	1
2014408	1
2015193	1
2015378	1
2016256	1
2016423	1
2016532	1
2016658	1
2017767	1
2017768	1
2017769	1
2017770	1
2017771	1
2017772	1
2017773	1
2017774	1
2017775	1
2017959	1
2018057	1
2018058	1
2018573	1
2018575	1
2018706	1
2018708	1
2019967	1
2019968	1
2021135	1
2021136	1
2021137	1
2021205	1
2021215	1
2021216	1
2021217	1
2021218	1
2021927	1
2021928	1
2022354	1
2022365	1
2022366	1
2023136	1
2023749	1
2023766	1
2023767	1
2023964	1
2023981	1
2023987	1
2024530	1
2024531	1
2024535	1
2024916	1
2025557	1
2025843	1
2026605	1
2027461	1
2027494	1
2028288	1
2028290	1
2029070	1
2029076	1
2029077	1
2029078	1
2029165	1
2029437	1
2029529	1
2029530	1
2029531	1
2029554	1
2029555	1
2029556	1
2029557	1
2029565	1
2029625	1
2029647	1
2029653	1
2029654	1
2029655	1
2029656	1
2029900	1
2029998	1
2030015	1
2033002	1
2033023	1
2033730	1
2033733	1
2033737	1
2033739	1
2033741	1
2033742	1
2033743	1
2033745	1
2033746	1
2033753	1
2033758	1
2033794	1
2033798	1
2034260	1
2034676	1
2034696	1
2034905	1
2035401	1
2035532	1
2035848	1
2036759	1
2037948	1
2038180	1
2038181	1
2038526	1
2038704	1
2038705	1
2038769	1
2038770	1
2039006	1
2039307	1
2039585	1
2039882	1
2040456	1
2040574	1
2041112	1
2041113	1
2041114	1
2041116	1
2041117	1
2041119	1
2041120	1
2041121	1
2041122	1
2041123	1
2041126	1
2041127	1
2041130	1
2041131	1
2041132	1
2041133	1
2041134	1
2041135	1
2041137	1
2041602	1
2041848	1
2041849	1
2042393	1
2042419	1
2042668	1
2042888	1
2043564	1
2044319	1
2044320	1
2044327	1
2044477	1
2044838	1
2045230	1
2045231	1
2047775	1
2048265	1
2049519	1
2049520	1
2051892	1
2051922	1
2052345	1
2052489	1
2052490	1
2053062	1
2053718	1
2053897	1
2054445	1
2054446	1
2054448	1
2054453	1
2054533	1
2054556	1
2054570	1
2054579	1
2054580	1
2054583	1
2055979	1
2056022	1
2056026	1
2056232	1
2056411	1
2056412	1
2056413	1
2056418	1
2056444	1
2056445	1
2056446	1
2056447	1
2056448	1
2056449	1
2056450	1
2056451	1
2056452	1
2056509	1
2057215	1
2057673	1
2057680	1
2057701	1
2057968	1
2057969	1
2057970	1
2057971	1
2057972	1
2058278	1
2058280	1
2058583	1
2058653	1
2058670	1
2058724	1
2058781	1
2058782	1
2058783	1
2058785	1
2059433	1
2059500	1
2060074	1
2060075	1
2060756	1
2060757	1
2060930	1
2061027	1
2061028	1
2065886	1
2066556	1
2066563	1
2067799	1
2067800	2
2067801	1
2067802	1
2067803	1
2069296	1
2071426	1
2071455	1
2071495	1
2071524	1
2071890	1
2071910	1
2072606	1
2072778	1
2072995	1
2072996	1
2072997	1
2078704	1
2078759	1
2079031	1
2079440	1
2079768	1
2080251	1
2081491	1
2081767	1
2081768	1
2081770	1
2081774	1
2082043	1
2082849	1
2082850	1
2082851	1
2082853	1
2086496	1
2093820	1
2093993	1
2099396	1
2099405	1
2099417	1
2099428	1
2099437	1
2099523	1
2099537	1
2099541	1
2100050	1
2107771	1
2107772	1
2107773	1
2107774	1
2108135	1
2108136	1
2109268	1
2109368	1
2126034	1
2126358	1
2126564	1
2126574	1
2133758	1
2133964	1
2136380	1
2136396	1
2136410	1
2136440	1
2136455	1
2136456	1
2136684	1
2137014	1
2137398	1
2137411	1
2137421	1
2137817	1
2137820	1
2138330	1
2138331	1
2138333	1
2138336	1
2138605	1
2152738	1
2152740	1
2152742	1
2152743	1
2152747	1
2152776	1
2152832	1
2153306	1
2171546	1
2171973	1
2172029	1
2172426	1
2173063	1
2173064	1
2173066	1
2173067	1
2173068	1
2173070	1
2173071	1
2173072	1
2173159	1
2174814	1
2175818	1
2175823	1
2182689	1
2182691	1
2182699	1
2182707	1
2182713	1
2182714	1
2182725	1
2182728	1
2182741	1
2182743	1
2184280	1
2184288	1
2184446	1
2184477	1
2184480	1
2184481	1
2184484	1
2184523	1
2184935	1
2184936	1
2184982	1
2201366	1
2202518	1
2202561	1
2203444	1
2211363	1
2211417	1
2211419	1
2212986	1
2213114	1
2219149	1
2219189	1
2231306	1
2231307	2
2231308	1
2231309	1
2231311	1
2232085	1
2233994	1
2249442	1
2259078	1
2259080	1
2259081	1
2259159	1
2259405	1
2259616	1
2259726	1
2259843	1
2259845	1
2259846	1
2259847	1
2259848	1
2259849	1
2259850	1
2263206	1
2263209	1
2263212	1
2263218	1
2263220	1
2263221	1
2267401	1
2267673	1
2267778	1
2267876	1
2267877	1
2267878	1
2282112	1
2283222	1
2290803	1
2290804	1
2290811	1
2290814	1
2291087	1
2291095	1
2291097	1
2291099	1
2291100	1
2291104	1
2291111	1
2291112	1
2291115	1
2291116	1
2291119	1
2291122	1
2291123	1
2291130	1
2291132	1
2291135	1
2291136	1
2291139	1
2291143	1
2291145	1
2291152	1
2291154	1
2291161	1
2291162	1
2291173	1
2291174	1
2291175	1
2291176	1
2291178	1
2291721	1
2291728	1
2292104	1
2292105	1
2292707	1
2292708	1
2293665	1
2293672	1
2293684	1
2294054	1
2294062	1
2294064	1
2294070	1
2294073	1
2294079	1
2303458	1
2303644	1
2304166	1
2304229	1
2304412	1
2304587	1
2305121	1
2305210	1
2305212	1
2305213	1
2305477	1
2305497	1
2305849	1
2306205	1
2306208	1
2306214	1
2306217	1
2306220	1
2306223	1
2306254	1
2306266	1
2306269	1
2306360	1
2306678	1
2306682	1
2306683	1
2306685	1
2306686	1
2306687	1
2306688	1
2306709	1
2306710	1
2307013	1
2315346	1
2315733	1
2315734	1
2315736	1
2315738	1
2315742	1
2315743	1
2315787	1
2315981	1
2316892	1
2316920	1
2320126	1
2320802	1
2320807	1
2320810	1
2321405	1
2321407	1
2321409	1
2321412	1
2338892	1
2338894	1
2338904	1
2338905	1
2338906	1
2338909	1
2338912	1
2338916	1
2341012	1
2358304	1
2358312	1
2358313	1
2358314	1
2358316	1
2358320	1
2358322	1
2358323	1
2358324	1
2358325	1
2358327	1
2364088	1
2382317	1
2419559	1
2448053	1
2448448	1
2448454	1
2448746	1
2448748	1
2448749	1
2448751	1
2448752	1
2448754	1
2448756	1
2448757	1
2448764	1
2448766	1
2461305	1
2461340	1
2479193	1
2479460	1
2479786	1
2479787	1
2483070	1
2483072	1
2483075	1
2483083	1
2483088	1
2483090	1
2483093	1
2483094	1
2483095	1
2483098	1
2483100	1
2483102	1
2483103	1
2483105	1
2483109	1
2483298	1
2483892	1
2483893	1
2485825	1
2485912	1
2486373	1
2486838	1
2486839	1
2486982	1
2487458	1
2487575	1
2487576	1
2487577	1
2487948	1
2487966	1
2487996	1
2487997	1
2488043	1
2488055	1
2489228	1
2489263	1
2489288	1
2490295	1
2490641	1
2491090	1
2491091	1
2491092	1
2491093	1
2491094	1
2491095	1
2491097	1
2491098	1
2491099	1
2491101	1
2491139	1
2491184	1
2491194	1
2491195	1
2491196	1
2491198	1
2491199	1
2491200	1
2491215	1
2491230	1
2491231	1
2491232	1
2491234	1
2491235	1
2491240	1
2491246	1
2492890	1
2493990	1
2494235	1
2494279	1
2494280	1
2494282	1
2494283	1
2494284	1
2494285	1
2494286	1
2494287	1
2494288	1
2494289	1
2494291	1
2494292	1
2494293	1
2494294	1
2494295	1
2494302	1
2495447	1
2495490	1
2495568	1
2496803	1
2497344	1
2497539	1
2497809	1
2498161	1
2498162	1
2498163	1
2498596	1
2499693	1
2499985	1
2500812	1
2501417	1
2501766	1
2501767	1
2501768	1
2501769	1
2501770	1
2503005	1
2503017	1
2506143	1
2506144	1
2506145	1
2506146	1
2506487	1
2507418	1
2507849	1
2507852	1
2508515	1
2508689	1
2508690	1
2508692	1
2508703	1
2508839	1
2509022	1
2509258	1
2509259	1
2509260	1
2509265	1
2510777	1
2510791	2
2510903	1
2510918	1
2511006	1
2511165	1
2511895	1
2511941	1
2512265	1
2516287	1
2516474	1
2516505	1
2517251	1
2517252	1
2518009	1
2518012	1
2518014	1
2518015	1
2518016	1
2518017	1
2518020	1
2518351	1
2518362	1
2518615	1
2518623	1
2518633	1
2518634	1
2518635	1
2518636	1
2518637	1
2527819	1
2528289	1
2528811	1
2528922	1
2528930	1
2528931	1
2528937	1
2528942	1
2528943	1
2528944	1
2528945	1
2528947	1
2528948	1
2528950	1
2528951	1
2528953	1
2528954	1
2528955	1
2529014	1
2529468	1
2544921	1
2544923	1
2544925	1
2544929	1
2544932	1
2544934	1
2544936	1
2545923	1
2545962	1
2545979	1
2545980	1
2545981	1
2545990	1
2546159	1
2546562	1
2546563	1
2546564	1
2546637	1
2546638	1
2546639	1
2546640	1
2546641	1
2546642	1
2546643	1
2546644	1
2547368	1
2547412	1
2547422	1
2547446	1
2547459	1
2547673	1
2547674	1
2547915	1
2548468	1
2548469	1
2550875	1
2557522	1
2558930	1
2559471	1
2559483	1
2559486	1
2559487	1
2559492	1
2559493	1
2559494	1
2559495	1
2559496	1
2559504	1
2559692	1
2563115	1
2563118	1
2563121	1
2563732	1
2564002	1
2566086	1
2567862	1
2567863	1
2567908	1
2568490	1
2571015	1
2571312	1
2572395	1
2572401	1
2573088	1
2575270	1
2575400	1
2575401	1
2575547	1
2575577	1
2575587	1
2575588	1
2575589	1
2575812	1
2575814	1
2575868	1
2575889	1
2575953	1
2575954	1
2576058	1
2576276	1
2576611	1
2576623	1
2576626	1
2576875	1
2576876	1
2576877	1
2579145	1
2582808	1
2582857	1
2583285	1
2583323	1
2583372	1
2583426	1
2583430	1
2584542	1
2584543	1
2584544	1
2586935	1
2586950	1
2587348	1
2587350	1
2588148	1
2588548	1
2589404	1
2590034	1
2590075	1
2590076	1
2590719	1
2590898	1
2591602	1
2591603	1
2591604	1
2592077	1
2592824	1
2593073	1
2593287	1
2593288	1
2593291	1
2593378	1
2593397	1
2593430	1
2593442	1
2594493	1
2594499	1
2594715	1
2594718	1
2594721	1
2594727	1
2594735	1
2594745	1
2594760	1
2594871	1
2594872	1
2594873	1
2594874	1
2594875	1
2595066	1
2596664	1
2596667	1
2596705	1
2596706	1
2596707	1
2596708	1
2596928	1
2596929	1
2597005	1
2597139	1
2598619	1
2598627	1
2598634	1
2598637	1
2598666	1
2599109	1
2599111	1
2599121	1
2600302	1
2601855	1
2602971	1
2603716	1
2604358	1
2604359	1
2604395	1
2604425	1
2604687	1
2604950	1
2605327	1
2605328	1
2605637	1
2606425	1
2606427	1
2606430	1
2606559	1
2606805	1
2606807	1
2606808	1
2606809	1
2607983	1
2607986	1
2608611	1
2608652	1
2608709	1
2609018	1
2613913	1
2614457	1
2650045	1
2650407	1
2650408	1
2650457	1
2650462	1
2650741	1
2650782	1
2650783	1
2650784	1
2650785	1
2650786	1
2650787	1
2651881	1
2651896	1
2651908	1
2651910	1
2651911	1
2652141	1
2652152	1
2652311	1
2652453	1
2652454	1
2652455	1
2652466	1
2652467	1
2652468	1
2652469	1
2652470	1
2652471	1
2652473	1
2652474	1
2652475	1
2652476	1
2652477	1
2652478	1
2652479	1
2652482	1
2652483	1
2652484	1
2652485	1
2652487	1
2652488	1
2652489	1
2652492	1
2652493	1
2652494	1
2652495	1
2652496	1
2652498	1
2652500	1
2652503	1
2652504	1
2652505	1
2652506	1
2652507	1
2652508	1
2652509	1
2652510	1
2652511	1
2652512	1
2652514	1
2652515	1
2652519	1
2652521	1
2652522	1
2652524	1
2652525	1
2652526	1
2652528	1
2652529	1
2652530	1
2652531	1
2652532	1
2652534	1
2652535	1
2652537	1
2652539	1
2652540	1
2652541	1
2652542	1
2652543	1
2652545	1
2652548	1
2652549	1
2652550	1
2652551	1
2652552	1
2652553	1
2652554	1
2652555	1
2652557	1
2652558	1
2652559	1
2652560	1
2652561	1
2652562	1
2652564	1
2652565	1
2652567	1
2652568	1
2652569	1
2652570	1
2652572	1
2652573	1
2652574	1
2652577	1
2652578	1
2652579	1
2652581	1
2652583	1
2652584	1
2652586	1
2652589	1
2652590	1
2652592	1
2652595	1
2652597	1
2652598	1
2652599	1
2652601	1
2652602	1
2652603	1
2652605	1
2652608	1
2652609	1
2652610	1
2652611	1
2652613	1
2652614	1
2652616	1
2652618	1
2652619	1
2652620	1
2652621	1
2652622	1
2652623	1
2652625	1
2652626	1
2652628	1
2652629	1
2652630	1
2652632	1
2652634	1
2652635	1
2652637	1
2652638	1
2652639	1
2652640	1
2652641	1
2652644	1
2652645	1
2652646	1
2652647	1
2652648	1
2652649	1
2652650	1
2652651	1
2652653	1
2652654	1
2652655	1
2652656	1
2652657	1
2652659	1
2652660	1
2652670	1
2652673	1
2652676	1
2652677	1
2652679	1
2652683	1
2652691	1
2652754	1
2652781	1
2653284	1
2653500	1
2654222	1
2654223	1
2654224	1
2654225	1
2654226	1
2654653	1
2654667	1
2654668	1
2660570	1
2662338	1
2662885	1
2663187	1
2663197	1
2663478	1
2663479	1
2663480	1
2664457	1
2664490	1
2664491	1
2666090	1
2666210	1
2666235	1
2666335	1
2666336	1
2666434	1
2666435	1
2675546	1
2675829	1
2675830	1
2675831	1
2675832	1
2675833	1
2675834	1
2675835	1
2675836	1
2675837	1
2675838	1
2675839	1
2675840	1
2675841	1
2675844	1
2675919	1
2675942	1
2675945	1
2676863	1
2678244	1
2678729	1
2681215	1
2681627	1
2682942	1
2684111	1
2684247	1
2684248	1
2684249	1
2684250	1
2684251	1
2684252	1
2684253	1
2684254	1
2684400	1
2684401	1
2684904	1
2686033	1
2686093	1
2689076	2
2689579	1
2689580	1
2689584	1
2690220	1
2690399	1
2690835	1
2695402	1
2695833	1
2696680	1
2699261	1
2699269	1
2699272	1
2699524	1
2703948	1
2704055	1
2704660	1
2704661	1
2704665	1
2705373	1
2705726	1
2705727	1
2706157	1
2706224	1
2706247	1
2706354	1
2706573	1
2706574	1
2707368	1
2708201	1
2708205	1
2708212	1
2708215	1
2708216	1
2708219	1
2708221	1
2708226	1
2708235	1
2708237	1
2708604	1
2708816	1
2708851	1
2709153	1
2709155	1
2709848	1
2709852	1
2710671	1
2710877	1
2711274	1
2712022	1
2712023	1
2712065	1
2712842	1
2712858	1
2712968	1
2713338	1
2713430	1
2714098	1
2714099	1
2714100	1
2714101	1
2714104	1
2714159	1
2714546	1
2714856	1
2715092	1
2715293	1
2715407	1
2715869	1
2715871	1
2715958	1
2716537	1
2717313	1
2717818	1
2717819	1
2717847	1
2717849	1
2718939	1
2719321	1
2720251	1
2720715	1
2720781	1
2722879	1
2723573	1
2723574	1
2723575	1
2723576	1
2723577	1
2723578	1
2723579	1
2723580	1
2724134	1
2724434	1
2724777	1
2724779	1
2724780	1
2724781	1
2724782	1
2724783	1
2724784	1
2724785	1
2724787	1
2724788	1
2724789	1
2724790	1
2724792	1
2724793	1
2724955	1
2725380	1
2725675	1
2725876	1
2726091	1
2726136	1
2726138	1
2726370	1
2726413	1
2726726	1
2727856	1
2727858	1
2729099	1
2729209	1
2730856	1
2730875	1
2730876	1
2730877	1
2730879	1
2731702	1
2731703	1
2731706	1
2731867	1
2732299	1
2732320	1
2732723	1
2733476	1
2734166	1
2735985	1
2735986	1
2735990	1
2736999	1
2737000	1
2738443	1
2739290	1
2739505	1
2739820	1
2739821	1
2739895	1
2739897	1
2739898	1
2739899	1
2739900	1
2739901	1
2739902	1
2739903	1
2739904	1
2739905	1
2739907	1
2739908	1
2739909	1
2739911	1
2739912	1
2739913	1
2739914	1
2739915	1
2739916	1
2739919	1
2740320	1
2740666	1
2740715	1
2740838	1
2741211	1
2741401	1
2741545	1
2741634	1
2741994	1
2741995	1
2742969	1
2742980	1
2742981	1
2742986	1
2743091	1
2743666	1
2743669	1
2743688	1
2744233	1
2744234	1
2744335	1
2744336	1
2744337	1
2745143	1
2745203	1
2745281	1
2746698	1
2747421	1
2747423	1
2747424	1
2747783	1
2747786	1
2747787	1
2747793	1
2749462	1
2749464	1
2749487	1
2749911	1
2749919	1
2749921	1
2750599	1
2750839	1
2752317	1
2752318	1
2752319	1
2752320	1
2752321	1
2752322	1
2752323	1
2752324	1
2752325	1
2752326	1
2752327	1
2752329	1
2753270	1
2753323	1
2753870	1
2753871	1
2753872	1
2753873	1
2753876	1
2753877	1
2753878	1
2753879	1
2753881	1
2753882	1
2753884	1
2754055	1
2754729	1
2755596	1
2758142	1
2758143	1
2759058	1
2759220	1
2759425	1
2759587	1
2759698	1
2760073	1
2760827	1
2761760	1
2761761	1
2761762	1
2761763	1
2761820	1
2761835	1
2762052	1
2762161	1
2762378	1
2762383	1
2762469	1
2762674	1
2762683	1
2762684	1
2762685	1
2762686	1
2762688	1
2762690	1
2762691	1
2762697	1
2762698	1
2762699	1
2762710	1
2762727	1
2762998	1
2762999	1
2763000	1
2763002	1
2763205	1
2763207	1
2763208	1
2763209	1
2763210	1
2763211	1
2763213	1
2763215	1
2763216	1
2763217	1
2763342	1
2763562	1
2763563	1
2763564	1
2764331	1
2764332	1
2764333	1
2764601	1
2764612	1
2764613	1
2764616	1
2764617	1
2764620	1
2764623	1
2764633	1
2764635	1
2764639	1
2764642	1
2764655	1
2764672	1
2764675	1
2764677	1
2764680	1
2764681	1
2764686	1
2764690	1
2768116	1
2768323	1
2768324	1
2768789	1
2768790	1
2768791	1
2768799	1
2768802	1
2768810	1
2768815	1
2768819	1
2768835	1
2769552	1
2770580	1
2770807	1
2770808	1
2770812	1
2770815	1
2770822	1
2770823	1
2770825	1
2770826	1
2770827	1
2770828	1
2770829	1
2770830	1
2770831	1
2770832	1
2770833	1
2770835	1
2770836	1
2770837	1
2770838	1
2770839	1
2771004	1
2771259	1
2771260	1
2771261	1
2771262	1
2771263	1
2771264	1
2771265	1
2771266	1
2771267	1
2771268	1
2771269	1
2771270	1
2771271	1
2771272	1
2771584	1
2771939	1
2773310	1
2773786	1
2773787	1
2774153	1
2774609	1
2774627	1
2775048	1
2775422	1
2775423	1
2776144	1
2777021	1
2777184	1
2777457	1
2777458	1
2777459	1
2777731	1
2778344	1
2778425	1
2778426	1
2778427	1
2778913	1
2779698	1
2779804	1
2779940	1
2779941	1
2781105	1
2781649	1
2782251	1
2782346	1
2782747	1
2783451	1
2783672	1
2783717	1
2783860	1
2783863	1
2783864	1
2784197	1
2784207	1
2784210	1
2784213	1
2784220	1
2784224	1
2784240	1
2784254	1
2784267	1
2784270	1
2784275	1
2785155	1
2785203	1
2785204	1
2785205	1
2785301	1
2785316	1
2785317	1
2785319	1
2785320	1
2785437	1
2785548	1
2785596	1
2785973	1
2785974	1
2786967	1
2789018	1
2789311	1
2789716	1
2789741	1
2790325	1
2792290	1
2792291	1
2792734	1
2792736	1
2792840	1
2792849	1
2792850	1
2793139	1
2793230	1
2793231	1
2793232	1
2793233	1
2794245	1
2794930	1
2794931	1
2795219	1
2795278	1
2795722	1
2796462	1
2798502	1
2798769	1
2798874	1
2799473	1
2799750	1
2799864	1
2799954	1
2800123	1
2800577	1
2800607	1
2800772	1
2800787	1
2801065	1
2801067	1
2801085	1
2801088	1
2801089	1
2801129	1
2801951	1
2802308	1
2802631	1
2802699	1
2802700	1
2802701	1
2802702	1
2802703	1
2802704	1
2802705	1
2802706	1
2802707	1
2802708	1
2802709	1
2802710	1
2802711	1
2802712	1
2802713	1
2802714	1
2802715	1
2802716	1
2802717	1
2803363	1
2803377	1
2803541	1
2803551	1
2803581	1
2803818	1
2803922	1
2803973	1
2803976	1
2803980	1
2804075	1
2804887	1
2804893	1
2804998	1
2804999	1
2805000	1
2805001	1
2805002	1
2805003	1
2805004	1
2805005	1
2805006	1
2805007	1
2805008	1
2805359	1
2805417	1
2805421	1
2805422	1
2805423	1
2805424	1
2805425	1
2805809	1
2806530	1
2806625	1
2806810	1
2806813	1
2806829	2
2806871	1
2807117	1
2807156	1
2807218	1
2810017	1
2810186	1
2810187	1
2810384	1
2810546	1
2810547	1
2810548	1
2810549	1
2810618	1
2811441	1
2812725	1
2812889	1
2814610	1
2814611	1
2814612	1
2814613	1
2814614	1
2814615	1
2814616	1
2814617	1
2815227	1
2816322	1
2816892	1
2816894	1
2816899	1
2817249	1
2817250	1
2817251	1
2817252	1
2817436	1
2817525	1
2817533	1
2817587	1
2817680	1
2818324	1
2818401	1
2818402	1
2818403	1
2818482	1
2818484	1
2818485	1
2819571	1
2820035	1
2820667	1
2820668	1
2820669	1
2820670	1
2820671	1
2820919	1
2821792	1
2821793	1
2821797	1
2822274	1
2822275	1
2822276	1
2822277	1
2822524	1
2822548	1
2822940	1
2822968	1
2823421	1
2824815	1
2824816	1
2824821	1
2824936	1
2825901	1
2825902	1
2826952	1
2827250	1
2827266	1
2827384	1
2828828	1
2828831	1
2828832	1
2828837	1
2828840	1
2828841	1
2828842	1
2828844	1
2828845	1
2828846	1
2829159	1
2829915	1
2830725	1
2830726	1
2830825	1
2830873	1
2830874	1
2831018	1
2831156	1
2831160	1
2831168	1
2831472	1
2831536	1
2831648	1
2833873	1
2833874	1
2833875	1
2834324	1
2834325	1
2834326	1
2834327	1
2834331	1
2834332	1
2834524	1
2834869	1
2835296	1
2835856	1
2835873	1
2835875	1
2835878	1
2835882	1
2835933	1
2835937	1
2835938	1
2836186	1
2836190	1
2836192	1
2836193	1
2836194	1
2836214	1
2836215	1
2836439	1
2836828	1
2836953	1
2837496	1
2838169	1
2839635	1
2839636	1
2839955	1
2839963	1
2839964	1
2840061	1
2841358	1
2841359	1
2841757	1
2844878	1
2847120	1
2847172	1
2848329	1
2848458	1
2849020	2
2849586	1
2851935	1
2851938	1
2851940	1
2851941	1
2851943	1
2851944	1
2851945	1
2851948	1
2851949	1
2854258	1
2854737	1
2855384	1
2855397	1
2855406	1
2855411	1
2855412	1
2855460	1
2856447	1
2856452	1
2857368	1
2857520	1
2857521	1
2859069	1
2859219	1
2859220	1
2859576	1
2859577	1
2859578	1
2859579	1
2859580	1
2859581	1
2859582	1
2859583	1
2859584	1
2859585	1
2859586	1
2859587	1
2859588	1
2859589	1
2859590	1
2859591	1
2859592	1
2859593	1
2859594	1
2859677	1
2859862	1
2860380	1
2860837	1
2861180	1
2861339	1
2861340	1
2861341	1
2861342	1
2861343	1
2862181	1
2862192	1
2862211	1
2864041	1
2865624	1
2865628	1
2865926	1
2866081	1
2866291	1
2866292	1
2866709	1
2866710	1
2866711	1
2866911	1
2867347	1
2867398	1
2867532	1
2870464	1
2870639	1
2870829	1
2871440	1
2871442	1
2871443	1
2871446	1
2871480	1
2871681	1
2871784	1
2871785	1
2871786	1
2871787	1
2871788	1
2871789	1
2871790	1
2872187	1
2872307	1
2872360	1
2873315	1
2873415	1
2873416	1
2873417	1
2873418	1
2873419	1
2873420	1
2873421	1
2873422	1
2873425	1
2873436	1
2873517	1
2873518	1
2873720	1
2873721	1
2873722	1
2873782	1
2873938	1
2873987	1
2873988	1
2873989	1
2874103	1
2874743	1
2874744	1
2875320	1
2875544	1
2875780	1
2875816	1
2875946	1
2875971	1
2876153	1
2876154	1
2876816	1
2876817	1
2876856	1
2876857	1
2877167	1
2877168	1
2877169	1
2877173	1
2877934	1
2878101	1
2878119	1
2878160	1
2878181	1
2878544	1
2878549	1
2879105	1
2880154	1
2880155	1
2880245	1
2880676	1
2880969	1
2881376	1
2881474	1
2883515	1
2883579	1
2883986	1
2883987	1
2884236	1
2884841	1
2884842	1
2884843	1
2884844	1
2884845	1
2884846	1
2884847	1
2884848	1
2884936	1
2885236	1
2885623	1
2886332	1
2886508	1
2887183	1
2888446	1
2888447	1
2888449	1
2890411	1
2891243	1
2892309	1
2892398	1
2892998	1
2893106	1
2893253	1
2893430	1
2893849	1
2893994	1
2894057	1
2894491	1
2894893	1
2896526	1
2896795	1
2897339	1
2897635	1
2898755	1
2898757	1
2898758	1
2898759	1
2898760	1
2898761	1
2898762	1
2898763	1
2898947	1
2899111	1
2899112	1
2899530	1
2902004	1
2902606	1
2902607	1
2902608	1
2902609	1
2902610	1
2903554	1
2904614	1
2904615	1
2904616	1
2904618	1
2905422	1
2905423	1
2905424	1
2905425	1
2905717	1
2906000	1
2906516	1
2906541	1
2906878	1
2907121	1
2907141	1
2907235	1
2907386	1
2907390	1
2908020	1
2908705	1
2908915	1
2909257	1
2909617	1
2910305	1
2911119	1
2911227	1
2911580	1
2911714	1
2911880	1
2912034	1
2913439	1
2913440	1
2913491	1
2914000	1
2914709	1
2915188	1
2915633	1
2915641	1
2915642	1
2915643	1
2915645	1
2915786	1
2915791	1
2915795	1
2915796	1
2915953	1
2915957	1
2915960	1
2915974	1
2915983	1
2915986	1
2915987	1
2916009	1
2916011	1
2916015	1
2916021	1
2916023	1
2916457	1
2916644	1
2916729	1
2917548	1
2917549	1
2917563	1
2917564	1
2917565	1
2917566	1
2917567	1
2917568	1
2917569	1
2917570	1
2917571	1
2917572	1
2917573	1
2917574	1
2917575	1
2917576	1
2917577	1
2917578	1
2917579	1
2917580	1
2917581	1
2917582	1
2917719	1
2918407	1
2918680	1
2918683	1
2918688	1
2918693	1
2918696	1
2918697	1
2918698	1
2918702	1
2918705	1
2918706	1
2918710	1
2918732	1
2919320	1
2919424	1
2919427	1
2919428	1
2919429	1
2919556	1
2919619	1
2919620	1
2919622	1
2919623	1
2919624	1
2919630	1
2919631	1
2919637	1
2919638	1
2919639	1
2919640	1
2919641	1
2919642	1
2919949	1
2920504	1
2920505	1
2920868	1
2920904	1
2921086	1
2922281	1
2922417	1
2922752	1
2922754	1
2922913	1
2922941	1
2922942	1
2924066	1
2925018	1
2925019	1
2925184	1
2925269	1
2925815	1
2926336	1
2926339	1
2926788	1
2927083	1
2927890	1
2927891	1
2928425	1
2928439	1
2928670	1
2928710	1
2928711	1
2928713	1
2928714	1
2928716	1
2930052	1
2930222	1
2930418	1
2930419	1
2930424	1
2930495	1
2930498	1
2931372	1
2931373	1
2931374	1
2931375	1
2931376	1
2931377	1
2931378	1
2931379	1
2931669	1
2932051	1
2932053	1
2932129	1
2932481	1
2932482	1
2932483	1
2932484	1
2932485	1
2932491	1
2932768	1
2932769	1
2932770	1
2932771	1
2933195	1
2933196	1
2933198	1
2933199	1
2933200	1
2933201	1
2933202	1
2933203	1
2933204	1
2933205	1
2933812	1
2934155	1
2935096	1
2936324	1
2936570	1
2937280	1
2937323	1
2937756	1
2938337	1
2938347	1
2938349	1
2939309	1
2939619	1
2939656	1
2939659	1
2939662	1
2939673	1
2940253	1
2940259	1
2940311	1
2941023	1
2942962	1
2943344	1
2943444	1
2943534	1
2943600	1
2944658	1
2944662	1
2944664	1
2944735	1
2944764	1
2945007	1
2945636	1
2945637	1
2945638	1
2945639	1
2945640	1
2945641	1
2945644	1
2945646	1
2945647	1
2945648	1
2945650	1
2945652	1
2945653	1
2945654	1
2945657	1
2945658	1
2945660	1
2945661	1
2945664	1
2945669	1
2945670	1
2945671	1
2945672	1
2945675	1
2945686	1
2946714	1
2948742	1
2949269	1
2949407	1
2949666	1
2949714	1
2950142	1
2950367	1
2950368	1
2950380	1
2951918	1
2952119	1
2952120	1
2952121	1
2952122	1
2952125	1
2952126	1
2952127	1
2952646	1
2952647	1
2952648	1
2952649	1
2952650	1
2952651	1
2952661	1
2952662	1
2952663	1
2952666	1
2952667	1
2952668	1
2952669	1
2952670	1
2952671	1
2952674	1
2952676	1
2953163	1
2953164	1
2953165	1
2953166	1
2953167	1
2953169	1
2953173	1
2953175	1
2953176	1
2953179	1
2953182	1
2953578	1
2953948	1
2954124	1
2954133	1
2955197	1
2955198	1
2955199	1
2959381	1
2959383	1
2959384	1
2959385	1
2959427	1
2959665	1
2961933	1
2962110	1
2962111	1
2963763	1
2963764	1
2963765	1
2963766	1
2963767	1
2963768	1
2963769	1
2963770	1
2963771	1
2963772	1
2963774	1
2963775	1
2963776	1
2963777	1
2963778	1
2963779	1
2963780	1
2963781	1
2963782	1
2963783	1
2963784	1
2963785	1
2963786	1
2963787	1
2963789	1
2963791	1
2963792	1
2963793	1
2965323	1
2965324	1
2966543	1
2966544	1
2966563	1
2967303	1
2967310	1
2967311	1
2967312	1
2967313	1
2967314	1
2967316	1
2967317	1
2967318	1
2967319	1
2967320	1
2967321	1
2967322	1
2967323	1
2967324	1
2967340	1
2968088	1
2968229	1
2968738	1
2968780	1
2968952	1
2968953	1
2969152	1
2969155	1
2969156	1
2969159	1
2969391	1
2969582	1
2969583	1
2970449	1
2972752	1
2972753	1
2973732	1
2973733	1
2973988	1
2973991	1
2973992	1
2973993	1
2973994	1
2973995	1
2973996	1
2973997	1
2973998	1
2973999	1
2974000	1
2974001	1
2974002	1
2974003	1
2974004	1
2974005	1
2974006	1
2974007	1
2974057	1
2974058	1
2974059	1
2974060	1
2974061	1
2974069	1
2974286	1
2974483	1
2974484	1
2974550	1
2974615	1
2975457	1
2975459	1
2975462	1
2975463	1
2975464	1
2975465	1
2975466	1
2975467	1
2975468	1
2975469	1
2975470	1
2975471	1
2976102	1
2976224	1
2976225	1
2976242	1
2976244	1
2976245	1
2976246	1
2976247	1
2976256	1
2976402	1
2976879	1
2976881	1
2976882	1
2977355	1
2977356	1
2977607	1
2977608	1
2977930	1
2978058	1
2978286	1
2979711	1
2979851	1
2979853	1
2980205	1
2980206	1
2980405	1
2980470	1
2980633	1
2980749	1
2981182	1
2981233	1
2981239	1
2981240	1
2981241	1
2981372	1
2981376	1
2981400	1
2981423	1
2981431	1
2981558	1
2981559	1
2982174	1
2982181	1
2982182	1
2982183	1
2982184	1
2982281	1
2982282	1
2982759	1
2982993	1
2983343	1
2983402	1
2983773	1
2983778	1
2983818	1
2984243	1
2984244	1
2984246	1
2984247	1
2984253	1
2984468	1
2984471	1
2984984	1
2984985	1
2984991	1
2984992	1
2984993	1
2984994	1
2985481	1
2986129	1
2986131	1
2986132	1
2986133	1
2986448	1
2986450	1
2986451	1
2986452	1
2986453	1
2986454	1
2986456	1
2986521	1
2986623	1
2987624	1
2990783	1
2991492	1
2991586	1
2991587	1
2991877	1
2992064	1
2992182	1
2992294	1
2992295	1
2992296	1
2992298	1
2992612	1
2992654	1
2992860	1
2992861	1
2993124	1
2993429	1
2993537	1
2993538	1
2993539	1
2993613	1
2993895	1
2993896	1
2993949	1
2993950	1
2994360	1
2994578	1
2994637	1
2994638	1
2994697	1
2994847	1
2994948	1
2994949	1
2995247	1
2995248	1
2995338	1
2995342	1
2995343	1
2995350	1
2995469	1
2995470	1
2996044	1
2996511	1
2996536	1
2996547	1
2996715	1
2997898	1
2998085	1
2998809	1
2998964	1
2999071	1
3002497	1
3002538	1
3002539	1
3002699	1
3002700	1
3002701	1
3002702	1
3002910	1
3003209	1
3003557	1
3004043	1
3004057	1
3013917	1
3013920	1
3013936	1
3013937	1
3013938	1
3013939	1
3013940	1
3013941	1
3013942	1
3013945	1
3013947	1
3013948	1
3014247	1
3014869	1
3014870	1
3014993	1
3015603	1
3015604	1
3015786	1
3018389	1
3018408	1
3018801	1
3018802	1
3018803	1
3019043	1
3019293	1
3019297	1
3019301	1
3019303	1
3019304	1
3019305	1
3019309	1
3019315	1
3019641	1
3019642	1
3019644	1
3019665	1
3019666	1
3019667	1
3019668	1
3019850	1
3019852	1
3019853	1
3019858	1
3020270	1
3020271	1
3020272	1
3020928	1
3020961	1
3024257	1
3024258	1
3024259	1
3024260	1
3024791	1
3024796	1
3024799	1
3024805	1
3024831	1
3024860	1
3024958	1
3024959	1
3024960	1
3025131	1
3025132	1
3025157	1
3025176	1
3025286	1
3025959	1
3026110	1
3026407	1
3026411	1
3026412	1
3026878	1
3027164	1
3027165	1
3027166	1
3027246	1
3027247	1
3027960	1
3028188	1
3028551	1
3028607	1
3029021	1
3029022	1
3029072	1
3030046	1
3030636	1
3030641	1
3031286	1
3031288	1
3031466	1
3032019	1
3032020	1
3032021	1
3033833	1
3033941	1
3034656	1
3034657	1
3034671	1
3034672	1
3034931	1
3036243	1
3036690	1
3036691	1
3036754	1
3036755	1
3036756	1
3036757	1
3036759	1
3036760	1
3037135	1
3037206	1
3037207	1
3037208	1
3037209	1
3037212	1
3037213	1
3037214	1
3037215	1
3037216	1
3037217	1
3037218	1
3037219	1
3037220	1
3037221	1
3037223	1
3037224	1
3037225	1
3037226	1
3037228	1
3037229	1
3037230	1
3037231	1
3037232	1
3037233	1
3037234	1
3037235	1
3037236	1
3037238	1
3037239	1
3037240	1
3037241	1
3037242	1
3038291	1
3038299	1
3038790	1
3039008	1
3039009	1
3040088	1
3040089	1
3040768	1
3041055	1
3041209	1
3041656	1
3041676	1
3041677	1
3041678	1
3041819	1
3041824	1
3041825	1
3041826	1
3041830	1
3041915	1
3042452	1
3042453	1
3042454	1
3042829	1
3043289	1
3043451	1
3043452	1
3043453	1
3043455	1
3043474	1
3043768	1
3043769	1
3044383	1
3044619	1
3045929	1
3045930	1
3047111	1
3047500	1
3047879	1
3049248	1
3049250	1
3049252	1
3049639	1
3049958	1
3050117	1
3050396	1
3050858	1
3051034	1
3051553	1
3051554	1
3051555	1
3051556	1
3051557	1
3051558	1
3051559	1
3051560	1
3051561	1
3051562	1
3051563	1
3051564	1
3051566	1
3051567	1
3051568	1
3051569	1
3051570	1
3051571	1
3051572	1
3051573	1
3051574	1
3051575	1
3051576	1
3051577	1
3051578	1
3051579	1
3051580	1
3051581	1
3051582	1
3051583	1
3051584	1
3051585	1
3051586	1
3051587	1
3051588	1
3051589	1
3051590	1
3051591	1
3051592	1
3051593	1
3051594	1
3051595	1
3051596	1
3053917	1
3054220	1
3054370	1
3054372	1
3054486	1
3054898	1
3055941	1
3055979	1
3055980	1
3056407	1
3056408	1
3056592	1
3056593	1
3056920	1
3057657	1
3058091	1
3058092	1
3058894	1
3059069	1
3059074	1
3059647	1
3060854	1
3061239	1
3062116	1
3062348	1
3062349	1
3062350	1
3062351	1
3062352	1
3063155	1
3063524	1
3063525	1
3063526	1
3063876	1
3064095	1
3064835	1
3064863	1
3065487	1
3073090	1
3073537	1
3073538	1
3073539	1
3073540	1
3073541	1
3073542	1
3073543	1
3073856	1
3073857	1
3074321	1
3074324	1
3074325	1
3074326	1
3074327	1
3074738	1
3074754	1
3075770	1
3075771	1
3075772	1
3075773	1
3075835	1
3076337	1
3076540	1
3077617	1
3078261	1
3078780	1
3078781	1
3078783	1
3078784	1
3078785	1
3078786	1
3078787	1
3078788	1
3079011	1
3079012	1
3079772	1
3079819	1
3079884	1
3079890	1
3079891	1
3080003	1
3080245	1
3080981	1
3080982	1
3081611	1
3082010	1
3082025	1
3082027	1
3082028	1
3082029	1
3082030	1
3082032	1
3082033	1
3082034	1
3082035	1
3082036	1
3082037	1
3082048	1
3082050	1
3082403	1
3082772	1
3082791	1
3083243	1
3083244	1
3084951	1
3085985	1
3086689	1
3087189	1
3088132	1
3089646	1
3089657	1
3089690	1
3090200	1
3090533	1
3091535	1
3091543	1
3091545	1
3091547	1
3091549	1
3091635	1
3091636	1
3091642	1
3091706	1
3091937	1
3091939	1
3091941	1
3092261	1
3092756	1
3092757	1
3095559	1
3095560	1
3097545	1
3101723	1
3102647	1
3102655	1
3103161	1
3103162	1
3104704	1
3105834	1
3106003	1
3106216	1
3107734	1
3107735	1
3107736	1
3107737	1
3107738	1
3107739	1
3107740	1
3107741	1
3107742	1
3107743	1
3107744	1
3107745	1
3107746	1
3107784	1
3107789	1
3108479	1
3108480	1
3108492	1
3108495	1
3108496	1
3108749	1
3109060	1
3109545	1
3109546	1
3109613	1
3109963	1
3110971	1
3110972	1
3111310	1
3111470	1
3112158	1
3112179	1
3112401	1
3112402	1
3112624	1
3113355	1
3113364	1
3114545	1
3114546	1
3115592	1
3115593	1
3116939	1
3118202	1
3118957	1
3120011	1
3120775	1
3121384	1
3121448	1
3121451	1
3121453	1
3121454	1
3121455	1
3121456	1
3121458	1
3121459	1
3121460	1
3121463	1
3121464	1
3121465	1
3121473	1
3121474	1
3121475	1
3127784	1
3127785	1
3127786	1
3128859	1
3132731	1
3132732	1
3133199	1
3133200	1
3134732	1
3134733	1
3134734	1
3134736	1
3134978	1
3137155	1
3143427	1
3143517	1
3151635	1
3155939	1
3158765	1
3349806	1
