NC_000925	2787
NC_000926	55529
NC_000927	31312
NC_000932	3702
NC_001319	56867
NC_001320	39947
NC_001568	4177
NC_001603	3039
NC_001631	3350
NC_001666	4577
NC_001675	2762
NC_001713	1514140
NC_001799	383379
NC_001840	2771
NC_001865	3077
NC_001879	4097
NC_002186	41882
NC_002202	3562
NC_002652	3037
NC_002693	85636
NC_002694	34305
NC_002762	4565
NC_003119	3880
NC_003386	3240
NC_004115	96477
NC_004543	48387
NC_004561	33113
NC_004677	88728
NC_004766	13818
NC_004799	280699
NC_004823	5802
NC_004993	212734
NC_005086	13333
NC_005353	3055
NC_005878	193079
NC_005973	2998809
NC_006050	34301
NC_006084	717233
NC_006137	285951
NC_006290	4054
NC_006861	37429
NC_007144	3659
NC_007288	2903
NC_007407	4465
NC_007499	308872
NC_007500	4096
NC_007578	4236
NC_007602	4098
NC_007758	333668
NC_007898	4081
NC_007932	2788
NC_007942	3847
NC_007943	147425
NC_007944	3635
NC_007957	29760
NC_007977	4232
NC_008096	4113
NC_008097	55564
NC_008099	51324
NC_008100	145475
NC_008101	3088
NC_008114	160070
NC_008115	71271
NC_008116	102822
NC_008117	35869
NC_008155	39946
NC_008235	43335
NC_008289	70448
NC_008325	4039
NC_008326	3415
NC_008334	2711
NC_008335	4403
NC_008336	41776
NC_008359	248361
NC_008372	55999
NC_008407	126431
NC_008408	227086
NC_008454	4031
NC_008456	224735
NC_008457	398741
NC_008535	13443
NC_008588	2850
NC_008589	35128
NC_008590	112509
NC_008591	63632
NC_008602	4558
NC_008641	3634
NC_008788	77108
NC_008796	334596
NC_008822	3144
NC_008829	13825
NC_009143	3694
NC_009259	3885
NC_009265	434059
NC_009266	72657
NC_009267	74718
NC_009268	78191
NC_009269	50458
NC_009270	3719
NC_009271	78192
NC_009272	171822
NC_009273	59292
NC_009274	226051
NC_009275	65948
NC_009573	3034
NC_009598	13006
NC_009599	153571
NC_009600	145286
NC_009601	145284
NC_009618	54799
NC_009681	34116
NC_009765	35886
NC_009766	4129
NC_009808	4121
NC_009949	437280
NC_009950	4522
NC_009962	4428
NC_009963	476139
NC_010093	263995
NC_010109	4472
NC_010323	3649
NC_010358	3940
NC_010359	280810
NC_010360	482428
NC_010361	3942
NC_010362	482429
NC_010433	3983
NC_010442	28494
NC_010548	3369
NC_010601	4230
NC_010654	3377
NC_010772	2829
NC_010776	180217
NC_011031	55995
NC_011032	15368
NC_011152	3332
NC_011153	3339
NC_011154	71632
NC_011155	3342
NC_011156	3343
NC_011158	151562
NC_011159	71643
NC_011163	3827
NC_011600	109269
NC_011713	4606
NC_011828	3900
NC_011930	3324
NC_011942	33153
NC_011954	173280
NC_012052	38588
NC_012097	41880
NC_012099	36894
NC_012101	141716
NC_012224	180498
NC_012575	296587
NC_012615	93213
NC_012818	204586
NC_012898	44056
NC_012903	44058
NC_012927	58923
NC_012978	3074
NC_013086	88036
NC_013088	257763
NC_013273	4505
NC_013359	222885
NC_013498	2880
NC_013553	35935
NC_013703	2898
NC_013707	4146
NC_013823	4733
NC_013843	157791
NC_013991	42345
NC_014056	141207
NC_014057	3888
NC_014062	38684
NC_014063	3860
NC_014267	160619
NC_014287	59809
NC_014340	505693
NC_014345	348535
NC_014346	51328
NC_014348	104588
NC_014569	28960
NC_014570	71139
NC_014573	326026
NC_014575	3322
NC_014582	163694
NC_014589	64686
NC_014592	531291
NC_014674	60419
NC_014675	49763
NC_014676	3641
NC_014697	3760
NC_014699	3258
NC_014807	4312
NC_014808	637379
NC_014874	112168
NC_015083	337360
NC_015084	574566
NC_015113	40888
NC_015139	51351
NC_015204	34273
NC_015206	101020
NC_015308	3981
NC_015359	554065
NC_015401	158383
NC_015402	3143427
NC_015403	1519565
NC_015543	98722
NC_015604	129566
NC_015605	4431
NC_015608	497767
NC_015621	176616
NC_015623	158385
NC_015645	104533
NC_015803	548148
NC_015804	40916
NC_015817	38705
NC_015818	46379
NC_015820	145980
NC_015821	4043
NC_015826	886359
NC_015830	280850
NC_015831	591214
NC_015891	29656
NC_015892	86722
NC_015894	161126
NC_015899	161112
NC_015983	412675
NC_015990	38727
NC_015996	3767
NC_016058	71402
NC_016063	50179
NC_016064	71408
NC_016065	50187
NC_016068	118713
NC_016069	93926
NC_016430	82096
NC_016433	4182
NC_016468	472368
NC_016471	48534
NC_016668	29730
NC_016670	34276
NC_016677	196901
NC_016690	34277
NC_016692	76056
NC_016699	524874
NC_016703	33657
NC_016708	56065
NC_016711	34275
NC_016712	29729
NC_016718	110453
NC_016727	42043
NC_016728	39899
NC_016729	39875
NC_016730	37657
NC_016731	1436140
NC_016732	3046
NC_016733	3159
NC_016734	3708
NC_016735	49266
NC_016736	3988
NC_016753	4460
NC_016921	519533
NC_016927	40149
NC_017006	996148
NC_017602	51953
NC_017609	78828
NC_017754	73025
NC_017835	4529
NC_017894	34282
NC_018051	3917
NC_018109	47637
NC_018110	47635
NC_018111	47634
NC_018112	47636
NC_018113	3636
NC_018114	154679
NC_018117	4076
NC_018523	88149
NC_018541	100364
NC_018552	4072
NC_018565	414717
NC_018569	1208065
NC_018766	157670
NC_018767	538574
NC_019601	101007
NC_019602	101015
NC_019616	13750
NC_019628	304445
NC_019648	145835
NC_019649	98750
NC_019650	4608
NC_019651	4521
NC_020014	72520
NC_020018	304863
NC_020019	4442
NC_020092	41568
NC_020098	41396
NC_020146	3262
NC_020147	1267209
NC_020152	3512
NC_020259	13813
NC_020316	85864
NC_020317	85865
NC_020318	3406
NC_020319	3396
NC_020320	146995
NC_020321	120273
NC_020341	4591
NC_020361	56901
NC_020362	1276543
NC_020363	188518
NC_020364	131289
NC_020365	244023
NC_020366	292647
NC_020367	101696
NC_020371	2081491
NC_020372	405043
NC_020431	226208
NC_020438	33097
NC_020460	3040
NC_020607	395280
NC_020795	2769
NC_021075	48942
NC_021091	3914
NC_021101	23250
NC_021102	106773
NC_021109	330485
NC_021110	147282
NC_021111	161395
NC_021121	1265925
NC_021189	1262161
NC_021372	38686
NC_021423	4058
NC_021425	13715
NC_021426	4407
NC_021429	112603
NC_021430	112615
NC_021431	162386
NC_021432	160538
NC_021433	1324860
NC_021437	28977
NC_021438	3381
NC_021439	88730
NC_021440	3352
NC_021441	99815
NC_021449	13748
NC_021455	1308043
NC_021456	3329
NC_021618	1260292
NC_021636	44015
NC_021637	33658
NC_021645	45689
NC_021646	96944
NC_021647	48924
NC_021648	82538
NC_021649	45690
NC_021650	713886
NC_021760	4568
NC_021762	4572
NC_021936	29650
NC_022133	37682
NC_022135	4573
NC_022136	13824
NC_022137	388472
NC_022259	43926
NC_022260	43925
NC_022261	2511165
NC_022262	120807
NC_022263	145522
NC_022264	182317
NC_022378	36592
NC_022379	87679
NC_022380	87669
NC_022381	582381
NC_022382	1171781
NC_022383	87670
NC_022384	87684
NC_022385	87672
NC_022386	87681
NC_022387	87688
NC_022388	34320
NC_022389	582372
NC_022390	183836
NC_022391	34319
NC_022392	183838
NC_022393	1282669
NC_022394	452569
NC_022395	87674
NC_022396	87663
NC_022397	99019
NC_022398	34316
NC_022399	106642
NC_022400	87685
NC_022401	183858
NC_022402	166933
NC_022403	183851
NC_022404	34315
NC_022405	183827
NC_022406	34314
NC_022407	183803
NC_022408	87660
NC_022409	34328
NC_022410	34330
NC_022411	34308
NC_022412	87657
NC_022413	34307
NC_022414	88056
NC_022417	13894
NC_022431	528293
NC_022432	48545
NC_022451	175694
NC_022457	13601
NC_022459	319925
NC_022460	1339356
NC_022461	147918
NC_022462	319928
NC_022463	194713
NC_022667	211597
NC_022715	1049916
NC_022810	137943
NC_022811	133939
NC_022812	133946
NC_022813	230597
NC_022814	228393
NC_022850	4555
NC_022859	86093
NC_022868	3848
NC_022926	228183
NC_022927	4664
NC_022928	136219
NC_022958	29695
NC_023084	385388
NC_023085	91146
NC_023086	49684
NC_023090	3873
NC_023092	63359
NC_023102	38596
NC_023107	73288
NC_023108	73291
NC_023109	73285
NC_023110	73283
NC_023111	73293
NC_023112	4233
NC_023113	382522
NC_023114	73297
NC_023115	86091
NC_023119	60851
NC_023120	36012
NC_023121	54798
NC_023130	1143245
NC_023131	4179
NC_023132	223125
NC_023133	35688
NC_023213	47600
NC_023214	47622
NC_023215	34274
NC_023216	34280
NC_023217	47602
NC_023218	34278
NC_023234	86726
NC_023235	86730
NC_023236	44759
NC_023237	54732
NC_023238	3403
NC_023239	86770
NC_023240	3411
NC_023241	86752
NC_023242	86737
NC_023245	38687
NC_023247	152093
NC_023256	377280
NC_023259	28971
NC_023260	253189
NC_023261	73178
NC_023293	31271
NC_023356	120072
NC_023357	39848
NC_023358	490730
NC_023359	39855
NC_023360	129946
NC_023367	50452
NC_023449	93677
NC_023463	192264
NC_023464	223107
NC_023465	46066
NC_023533	159298
NC_023544	396994
NC_023775	3075
NC_023785	172968
NC_023790	103349
NC_023792	124943
NC_023798	102107
NC_023800	91528
NC_023801	167385
NC_023805	1030197
NC_023833	287011
NC_023835	3076
NC_023934	591208
NC_023935	280854
NC_023956	329890
NC_023959	744259
NC_024019	142615
NC_024021	884032
NC_024022	487038
NC_024023	466205
NC_024024	39584
NC_024027	44926
NC_024034	97024
NC_024035	361561
NC_024036	3899
NC_024038	49827
NC_024050	182771
NC_024060	1125932
NC_024061	22978
NC_024062	123495
NC_024063	597284
NC_024064	597311
NC_024065	1186155
NC_024066	715485
NC_024067	1186172
NC_024079	210441
NC_024080	33640
NC_024081	33642
NC_024082	2856
NC_024083	1115533
NC_024084	163516
NC_024085	59812
NC_024106	1243775
NC_024154	299110
NC_024157	3284
NC_024158	397682
NC_024165	38716
NC_024166	361940
NC_024167	3175
NC_024168	43943
NC_024169	184485
NC_024170	55577
NC_024171	4543
NC_024175	4538
NC_024176	1010633
NC_024258	64939
NC_024261	4079
NC_024262	416032
NC_024286	124929
NC_024291	37420
NC_024292	396313
NC_024421	53046
NC_024469	3726
NC_024541	542719
NC_024542	105594
NC_024543	166117
NC_024544	256348
NC_024545	114512
NC_024560	55185
NC_024608	4532
NC_024635	337410
NC_024643	338574
NC_024659	1454364
NC_024660	542733
NC_024661	153490
NC_024662	1523625
NC_024663	452972
NC_024665	130081
NC_024668	4582
NC_024669	941476
NC_024681	75712
NC_024712	387591
NC_024713	548140
NC_024714	862985
NC_024715	146652
NC_024716	146655
NC_024717	111431
NC_024718	145987
NC_024719	862994
NC_024720	863009
NC_024721	548150
NC_024722	863024
NC_024723	591225
NC_024724	145989
NC_024725	1235664
NC_024728	108544
NC_024731	3061239
NC_024732	103032
NC_024734	295326
NC_024735	73824
NC_024736	152089
NC_024747	75702
NC_024764	4570
NC_024811	41875
NC_024813	4679
NC_024814	4571
NC_024815	4487
NC_024816	58530
NC_024817	156133
NC_024827	1505646
NC_024828	88271
NC_024829	259378
NC_024830	4486
NC_024831	4483
NC_024832	130458
NC_024845	223102
NC_024928	1458866
NC_024929	159033
NC_024936	995793
NC_024945	50176
NC_025228	65970
NC_025229	66008
NC_025230	58215
NC_025231	158136
NC_025232	65975
NC_025233	1056921
NC_025234	1547847
NC_025235	29678
NC_025236	221757
NC_025237	42072
NC_025238	38729
NC_025288	60698
NC_025305	101708
NC_025306	198697
NC_025310	156587
NC_025311	216768
NC_025312	1403802
NC_025313	1527800
NC_025314	1577725
NC_025333	59097
NC_025339	4432
NC_025524	1853882
NC_025525	3171
NC_025526	191674
NC_025527	37433
NC_025528	3083
NC_025529	173497
NC_025530	160064
NC_025531	33092
NC_025532	3102
NC_025533	312850
NC_025534	480381
NC_025535	1065496
NC_025536	155904
NC_025537	34148
NC_025538	160069
NC_025539	41300
NC_025540	249350
NC_025541	3087189
NC_025542	163310
NC_025543	106203
NC_025544	163309
NC_025545	38881
NC_025546	91190
NC_025547	1418016
NC_025548	381761
NC_025549	97105
NC_025554	57655
NC_025593	200642
NC_025641	362387
NC_025642	87754
NC_025651	271221
NC_025652	204340
NC_025653	192300
NC_025655	144545
NC_025656	63479
NC_025657	351450
NC_025658	141598
NC_025659	459585
NC_025660	1564205
NC_025661	459588
NC_025662	451881
NC_025663	459594
NC_025664	459589
NC_025668	140003
NC_025743	97014
NC_025744	361918
NC_025745	97044
NC_025772	229049
NC_025787	126429
NC_025906	337368
NC_025907	337380
NC_025909	185702
NC_025910	669134
NC_025955	69994
NC_026036	13365
NC_026037	171009
NC_026040	42329
NC_026041	34343
NC_026065	904691
NC_026076	40716
NC_026103	1264566
NC_026134	138025
NC_026197	1454370
NC_026202	692148
NC_026203	989334
NC_026212	1592803
NC_026220	4615
NC_026291	54469
NC_026295	85954
NC_026296	13469
NC_026297	48929
NC_026298	257623
NC_026299	55184
NC_026300	491814
NC_026301	3382
NC_026302	3348
NC_026444	145710
NC_026445	82286
NC_026446	352370
NC_026447	44586
NC_026448	556037
NC_026449	449980
NC_026450	34341
NC_026462	1278906
NC_026541	125431
NC_026546	242290
NC_026551	362342
NC_026562	3483
NC_026565	146543
NC_026567	362364
NC_026568	142389
NC_026570	126903
NC_026574	362373
NC_026577	478946
NC_026677	321550
NC_026678	20340
NC_026679	191923
NC_026680	198914
NC_026681	3870
NC_026682	109171
NC_026683	102697
NC_026684	35938
NC_026685	58860
NC_026690	3625
NC_026691	3627
NC_026694	126905
NC_026703	4120
NC_026722	77065
NC_026726	362363
NC_026772	53042
NC_026773	1390594
NC_026775	1498489
NC_026776	53104
NC_026777	125444
NC_026778	51239
NC_026779	53069
NC_026785	59062
NC_026786	108411
NC_026787	4692
NC_026790	103483
NC_026795	3130
NC_026796	325645
NC_026835	34284
NC_026839	105884
NC_026847	337345
NC_026851	1032745
NC_026876	142759
NC_026877	4083
NC_026878	315350
NC_026879	62890
NC_026880	62891
NC_026881	4082
NC_026882	4084
NC_026892	97170
NC_026906	362345
NC_026907	167439
NC_026909	106335
NC_026913	1495044
NC_026957	207296
NC_026958	426031
NC_026959	49005
NC_026960	1542495
NC_026961	1542496
NC_026962	104003
NC_026963	1542497
NC_026964	519253
NC_026965	464968
NC_026966	281085
NC_026967	75727
NC_026968	93670
NC_026969	47446
NC_026970	38736
NC_026971	47454
NC_026972	47456
NC_026979	61564
NC_026980	3759
NC_026981	97306
NC_026982	97307
NC_026986	316492
NC_026991	1643492
NC_026999	103991
NC_027065	337364
NC_027073	313081
NC_027074	457904
NC_027075	154493
NC_027076	313097
NC_027077	1234501
NC_027078	313104
NC_027079	313107
NC_027080	1276802
NC_027090	325984
NC_027093	107758
NC_027099	362347
NC_027110	981085
NC_027113	41561
NC_027146	1243769
NC_027147	1478599
NC_027148	3855
NC_027149	1276776
NC_027150	3859
NC_027151	3862
NC_027152	3864
NC_027153	66814
NC_027154	70964
NC_027155	3908
NC_027158	86979
NC_027159	229473
NC_027161	62330
NC_027177	1545468
NC_027184	196898
NC_027185	82479
NC_027224	179119
NC_027225	206448
NC_027226	46105
NC_027227	442463
NC_027235	56998
NC_027250	418180
NC_027259	39367
NC_027262	65409
NC_027266	1534760
NC_027269	38273
NC_027272	42196
NC_027276	101629
NC_027282	82481
NC_027286	161229
NC_027287	1664066
NC_027288	103340
NC_027415	261914
NC_027423	3371
NC_027425	113636
NC_027434	947974
NC_027441	50768
NC_027442	308434
NC_027450	376870
NC_027451	40952
NC_027456	44588
NC_027460	65489
NC_027461	40148
NC_027462	4528
NC_027463	4535
NC_027464	37671
NC_027465	286491
NC_027466	66000
NC_027467	29661
NC_027468	4498
NC_027469	320632
NC_027470	447010
NC_027471	29665
NC_027472	1617934
NC_027473	4509
NC_027474	38691
NC_027475	2592077
NC_027476	4517
NC_027477	888272
NC_027478	1497109
NC_027479	796701
NC_027480	38702
NC_027481	96050
NC_027482	669775
NC_027483	399655
NC_027484	269377
NC_027485	1120099
NC_027486	391969
NC_027487	376136
NC_027490	35710
NC_027491	1653321
NC_027511	707766
NC_027512	115877
NC_027513	133430
NC_027514	179210
NC_027581	25625
NC_027589	77931
NC_027607	98373
NC_027618	171969
NC_027650	49786
NC_027659	548678
NC_027668	151230
NC_027669	151231
NC_027674	82318
NC_027675	82331
NC_027676	4537
NC_027677	3922
NC_027679	1577587
NC_027681	199225
NC_027685	46397
NC_027691	335152
NC_027693	81985
NC_027721	37319
NC_027728	137221
NC_027732	93608
NC_027738	82490
NC_027739	82502
NC_027743	112604
NC_027744	119951
NC_027746	1534972
NC_027824	435756
NC_027829	1266557
NC_027834	46367
NC_027835	1582844
NC_027837	91144
NC_027838	374711
NC_027939	354529
NC_027941	54803
NC_027951	486853
NC_027952	486854
NC_027954	78380
NC_027955	353963
NC_027959	1522199
NC_027960	350585
NC_028000	231663
NC_028005	293558
NC_028006	157702
NC_028007	4073
NC_028009	266091
NC_028012	3972
NC_028023	66636
NC_028026	1089946
NC_028027	92921
NC_028029	273649
NC_028032	3486
NC_028051	73194
NC_028052	28968
NC_028053	59866
NC_028066	796727
NC_028067	212708
NC_028069	4109
NC_028070	4112
NC_028073	325536
NC_028074	1720319
NC_028075	4556
NC_028080	552857
NC_028147	1552222
NC_028148	48524
NC_028149	53134
NC_028155	329084
NC_028170	72664
NC_028171	1235665
NC_028185	100569
NC_028190	746016
NC_028209	1736746
NC_028272	3707
NC_028328	29662
NC_028349	80755
NC_028350	75706
NC_028409	183804
NC_028410	360304
NC_028415	161756
NC_028421	71626
NC_028422	78707
NC_028429	195526
NC_028430	154293
NC_028439	52838
NC_028444	1747705
NC_028502	2872
NC_028503	74381
NC_028504	80863
NC_028517	264402
NC_028519	197809
NC_028520	101992
NC_028523	261426
NC_028524	112607
NC_028525	78740
NC_028531	88731
NC_028533	1750592
NC_028542	306069
NC_028543	120732
NC_028549	161865
NC_028552	62752
NC_028579	797708
NC_028580	158507
NC_028581	993091
NC_028582	993092
NC_028583	436124
NC_028587	52965
NC_028588	1522114
NC_028589	210368
NC_028590	1522119
NC_028591	197130
NC_028594	3330
NC_028614	1756979
NC_028617	51240
NC_028618	182415
NC_028631	464970
NC_028632	88456
NC_028633	76571
NC_028703	44685
NC_028704	106132
NC_028705	84614
NC_028719	90397
NC_028720	183675
NC_028721	62337
NC_028726	98039
NC_028727	347893
NC_028728	347889
NC_028729	136215
NC_028732	486065
NC_028733	190760
NC_028734	3383
NC_028738	37425
NC_029040	111617
NC_029134	127542
NC_029211	49455
NC_029212	482602
NC_029214	1112727
NC_029221	128810
NC_029227	198824
NC_029232	519246
NC_029235	301899
NC_029236	448041
NC_029241	682621
NC_029243	210372
NC_029332	1672020
NC_029334	38785
NC_029335	97979
NC_029336	412662
NC_029337	90675
NC_029338	43782
NC_029339	1006121
NC_029347	157595
NC_029358	1329980
NC_029363	798536
NC_029364	164262
NC_029365	164263
NC_029370	39329
NC_029371	934068
NC_029374	67778
NC_029378	98038
NC_029379	537134
NC_029390	481984
NC_029391	55605
NC_029392	48101
NC_029393	85712
NC_029394	110318
NC_029398	120259
NC_029401	58934
NC_029406	20997
NC_029411	42046
NC_029412	110886
NC_029413	110835
NC_029414	110875
NC_029415	433880
NC_029416	65991
NC_029417	121785
NC_029418	257006
NC_029420	173701
NC_029427	155132
NC_029428	253616
NC_029429	106141
NC_029430	723415
NC_029431	929407
NC_029432	461633
NC_029433	74825
NC_029434	3469
NC_029454	3605
NC_029456	94219
NC_029459	228709
NC_029460	157409
NC_029465	200489
NC_029469	2849586
NC_029470	40922
NC_029483	862845
NC_029484	182084
NC_029485	261423
NC_029490	478950
NC_029576	1134705
NC_029644	2782
NC_029669	889459
NC_029670	3099
NC_029671	31300
NC_029672	31302
NC_029673	162317
NC_029674	50037
NC_029675	50041
NC_029676	117505
NC_029694	28966
NC_029700	1653186
NC_029704	176248
NC_029705	169179
NC_029711	112611
NC_029712	112612
NC_029713	1286644
NC_029719	192314
NC_029732	4540
NC_029734	28979
NC_029735	52688
NC_029741	67809
NC_029742	552666
NC_029743	74820
NC_029746	362354
NC_029749	323898
NC_029750	17515
NC_029764	327218
NC_029770	173423
NC_029807	3190
NC_029808	1812841
NC_029813	552843
NC_029814	55320
NC_029815	258219
NC_029817	141795
NC_029818	141790
NC_029819	141755
NC_029820	141782
NC_029821	141798
NC_029822	193335
NC_029823	141787
NC_029824	53175
NC_029825	180010
NC_029827	158098
NC_029828	119829
NC_029829	246709
NC_029830	163685
NC_029833	362352
NC_029847	88733
NC_029850	4047
NC_029856	74089
NC_029857	48970
NC_029858	37200
NC_029859	35171
NC_029860	2510777
NC_029861	60925
NC_029874	105268
NC_029881	167341
NC_029882	1820310
NC_029883	1812844
NC_029884	330583
NC_029885	1821062
NC_029889	48032
NC_029891	675501
NC_029892	48732
NC_029893	167333
NC_029894	1789007
NC_029895	38594
NC_029896	1245324
NC_029897	59382
NC_029937	489059
NC_029941	253612
NC_029942	253613
NC_029943	63351
NC_029944	589472
NC_029945	589473
NC_029947	93293
NC_029948	4714
NC_029949	480377
NC_029950	132959
NC_029951	402034
NC_029952	462332
NC_029953	4722
NC_029954	93318
NC_029955	1090025
NC_029956	93304
NC_029957	115506
NC_029958	4718
NC_029959	402705
NC_029960	115494
NC_029961	292710
NC_029962	94318
NC_029963	93280
NC_029964	115464
NC_029965	1441983
NC_029966	115457
NC_029967	54446
NC_029968	674193
NC_029969	131261
NC_029970	202377
NC_029971	131256
NC_029972	145668
NC_029973	292681
NC_029974	48220
NC_029999	28964
NC_030044	362374
NC_030045	1158081
NC_030053	49390
NC_030056	1830227
NC_030061	168831
NC_030062	258140
NC_030063	211974
NC_030064	45005
NC_030065	41220
NC_030066	240449
NC_030067	240448
NC_030068	240450
NC_030069	240451
NC_030166	49314
NC_030167	362362
NC_030168	362366
NC_030169	36881
NC_030171	362351
NC_030173	73282
NC_030177	362359
NC_030178	362357
NC_030180	1842555
NC_030185	362341
NC_030193	362788
NC_030194	237571
NC_030195	280641
NC_030198	13805
NC_030207	4111
NC_030212	270988
NC_030220	542676
NC_030260	60118
NC_030275	73275
NC_030282	258455
NC_030298	63629
NC_030299	326968
NC_030300	4580
NC_030301	15945
NC_030312	63409
NC_030313	130991
NC_030314	1416941
NC_030315	104537
NC_030319	374099
NC_030329	1177209
NC_030331	168559
NC_030338	1852973
NC_030343	948960
NC_030346	347883
NC_030347	97980
NC_030348	45251
NC_030349	302551
NC_030350	45249
NC_030351	1547872
NC_030355	3180
NC_030356	43946
NC_030357	33101
NC_030358	3125
NC_030359	102167
NC_030371	1662495
NC_030372	28980
NC_030377	4576
NC_030450	3710
NC_030482	83908
NC_030484	141186
NC_030486	29674
NC_030487	80369
NC_030488	91515
NC_030489	59788
NC_030490	158166
NC_030491	158120
NC_030492	158122
NC_030493	33109
NC_030494	2057701
NC_030495	173847
NC_030496	158170
NC_030497	158152
NC_030498	79857
NC_030499	158129
NC_030500	38726
NC_030501	158093
NC_030502	79842
NC_030503	167339
NC_030504	3414
NC_030515	473980
NC_030516	557876
NC_030517	1856792
NC_030526	1577648
NC_030527	991123
NC_030532	3941
NC_030534	82149
NC_030539	210386
NC_030540	60011
NC_030543	80379
NC_030544	1272966
NC_030545	1856776
NC_030546	82151
NC_030547	688040
NC_030548	1856777
NC_030549	1856778
NC_030550	1856779
NC_030551	1856781
NC_030552	1856782
NC_030553	1856783
NC_030554	1856784
NC_030555	1856785
NC_030556	1856786
NC_030557	1856787
NC_030558	692119
NC_030559	1856789
NC_030560	692121
NC_030561	1186116
NC_030562	597303
NC_030563	212234
NC_030564	692123
NC_030565	692125
NC_030566	597312
NC_030567	1186147
NC_030568	1272982
NC_030569	597313
NC_030570	597314
NC_030571	163927
NC_030572	1186152
NC_030573	597315
NC_030574	1186154
NC_030575	22987
NC_030576	212237
NC_030577	1856790
NC_030578	692128
NC_030579	1272988
NC_030580	692130
NC_030581	1258705
NC_030582	992768
NC_030583	1272991
NC_030596	4533
NC_030598	44682
NC_030599	151439
NC_030601	1862640
NC_030609	170926
NC_030611	1056926
NC_030612	1867303
NC_030613	1564034
NC_030614	313893
NC_030615	300125
NC_030616	1198658
NC_030617	173852
NC_030618	1056944
NC_030619	1056843
NC_030620	435776
NC_030621	330548
NC_030622	330556
NC_030623	220438
NC_030624	744468
NC_030625	1867302
NC_030629	121088
NC_030630	93694
NC_030631	3355
NC_030702	354530
NC_030703	666370
NC_030704	210729
NC_030705	1518434
NC_030706	1158208
NC_030707	1574441
NC_030708	1097193
NC_030709	707309
NC_030710	1499532
NC_030711	1874639
NC_030712	29712
NC_030713	707310
NC_030719	337400
NC_030720	337390
NC_030721	337399
NC_030722	280455
NC_030755	48386
NC_030757	608512
NC_030761	85363
NC_030767	1552703
NC_030770	28502
NC_030772	50225
NC_030773	53719
NC_030775	1078588
NC_030777	50346
NC_030783	4222
NC_030784	413747
NC_030785	259893
NC_030786	55363
NC_030787	227308
NC_030789	35925
NC_031144	31502
NC_031145	28023
NC_031146	31481
NC_031147	2822
NC_031148	260499
NC_031149	448386
NC_031150	327100
NC_031153	1454371
NC_031155	137888
NC_031159	35883
NC_031161	1896963
NC_031163	106564
NC_031167	31436
NC_031168	173468
NC_031169	38368
NC_031170	42024
NC_031171	202687
NC_031172	212746
NC_031173	139980
NC_031174	218448
NC_031175	28024
NC_031176	35151
NC_031177	135206
NC_031178	1196377
NC_031179	31452
NC_031186	64480
NC_031187	1735015
NC_031189	3435
NC_031190	1898257
NC_031191	460789
NC_031193	73191
NC_031194	73188
NC_031195	158595
NC_031196	122187
NC_031197	122254
NC_031198	59873
NC_031199	73198
NC_031200	163034
NC_031201	253081
NC_031202	59882
NC_031203	253082
NC_031204	122198
NC_031205	122197
NC_031206	158603
NC_031207	185542
NC_031211	1896769
NC_031299	1859060
NC_031333	4530
NC_031343	4424
NC_031344	138560
NC_031345	74695
NC_031354	28978
NC_031356	103481
NC_031367	1847751
NC_031368	1004391
NC_031370	1902425
NC_031371	1902783
NC_031373	224355
NC_031376	16924
NC_031383	103351
NC_031385	883788
NC_031386	328401
NC_031395	170727
NC_031396	90037
NC_031398	1903715
NC_031399	401898
NC_031400	265783
NC_031401	5858
NC_031410	85438
NC_031413	123604
NC_031414	122810
NC_031420	50864
NC_031421	662772
NC_031422	239685
NC_031423	226115
NC_031425	210620
NC_031427	38723
NC_031428	170927
NC_031433	1667030
NC_031434	1081573
NC_031435	1238142
NC_031436	39353
NC_031437	476207
NC_031441	223093
NC_031444	223129
NC_031505	4426
NC_031510	55992
NC_031650	83444
NC_031651	286952
NC_031654	1884666
NC_031655	1077399
NC_031656	268567
NC_031657	268570
NC_031658	260093
NC_031659	268573
NC_031660	1653389
NC_031661	406718
NC_031662	1653392
NC_031663	1077397
NC_031664	1884664
NC_031665	940129
NC_031666	259029
NC_031667	1884665
NC_031668	1495610
NC_031805	1857654
NC_031815	1220052
NC_031816	1220049
NC_031822	226895
NC_031825	946017
NC_031826	349246
NC_031829	4682
NC_031833	192012
NC_031834	387127
NC_031849	78479
NC_031852	121481
NC_031853	183030
NC_031854	554072
NC_031855	13451
NC_031856	80754
NC_031874	1914264
NC_031875	1170328
NC_031876	1914271
NC_031877	263218
NC_031878	266536
NC_031879	263258
NC_031880	1630365
NC_031881	1277824
NC_031882	263294
NC_031883	113474
NC_031884	1673703
NC_031885	263335
NC_031886	40003
NC_031887	1160597
NC_031888	1170341
NC_031889	113480
NC_031890	1170342
NC_031892	1897053
NC_031894	697036
NC_031898	652132
NC_031899	168575
NC_031963	5849
NC_031964	85471
NC_032008	3654
NC_032031	137683
NC_032033	66012
NC_032034	314391
NC_032038	74654
NC_032040	122250
NC_032041	1204437
NC_032042	76317
NC_032043	589376
NC_032045	246121
NC_032053	39510
NC_032054	38859
NC_032056	1262544
NC_032057	333970
NC_032060	77057
NC_032066	3878
NC_032078	486855
NC_032083	142400
NC_032109	1034604
NC_032284	101717
NC_032288	74099
NC_032296	237963
NC_032351	80753
NC_032364	264540
NC_032366	308688
NC_032367	162306
NC_032368	1536645
NC_032378	305658
NC_032379	121770
NC_032383	90396
NC_032396	158720
NC_032399	158698
NC_032401	40722
NC_032684	159030
NC_032685	76959
NC_032686	159045
NC_032687	76967
NC_032688	159055
NC_032689	68550
NC_032691	220690
NC_032696	39511
NC_032697	939149
NC_032698	59045
NC_032699	1821576
NC_032700	39524
NC_032701	50240
NC_032702	1603450
NC_032703	39542
NC_032704	232733
NC_032705	39553
NC_032706	39527
NC_032707	39545
NC_032708	939154
NC_032709	51447
NC_032710	1247859
NC_032711	101622
NC_032712	55960
NC_032713	382144
NC_032714	334597
NC_032717	266767
NC_032718	1297873
NC_032719	198265
NC_032720	1043716
NC_032721	198266
NC_032724	4091
NC_033333	34285
NC_033337	82282
NC_033341	215071
NC_033343	49565
NC_033344	1680231
NC_033345	269605
NC_033346	266284
NC_033350	28974
NC_033354	403101
NC_033355	120290
NC_033357	158596
NC_033358	122256
NC_033359	122196
NC_033363	1929854
NC_033364	76576
NC_033365	1929855
NC_033366	368681
NC_033367	76577
NC_033368	308559
NC_033369	1348680
NC_033370	252775
NC_033371	1929856
NC_033372	1929857
NC_033373	252776
NC_033374	368931
NC_033375	1929859
NC_033376	101774
NC_033377	1929860
NC_033387	1615899
NC_033394	34286
NC_033395	34287
NC_033396	34290
NC_033397	34281
NC_033398	47631
NC_033399	47623
NC_033400	34283
NC_033401	47621
NC_033409	1754207
NC_033411	119992
NC_033412	1112724
NC_033498	1517517
NC_033499	1517519
NC_033500	1517518
NC_033501	233737
NC_033502	1932074
NC_033503	88033
NC_033511	220640
NC_033512	374961
NC_033513	83858
NC_033514	221256
NC_033515	374964
NC_033516	221257
NC_033517	221254
NC_033518	221260
NC_033519	374968
NC_033520	231488
NC_033524	165701
NC_033525	107817
NC_033526	165702
NC_033527	165700
NC_033534	332336
NC_033535	289753
NC_033862	121787
NC_033863	1382008
NC_033864	1260345
NC_033871	442738
NC_033874	355589
NC_033876	765816
NC_033877	2510791
NC_033878	180062
NC_033879	1859058
NC_033880	1859061
NC_033881	168165
NC_033892	91218
NC_033893	91213
NC_033894	243020
NC_033895	1661584
NC_033896	83800
NC_033897	859523
NC_033898	89496
NC_033899	519315
NC_033908	101653
NC_033910	3993
NC_033913	13331
NC_033970	477955
NC_033975	2914000
NC_033978	216990
NC_033979	66387
NC_033980	38689
NC_034228	212711
NC_034229	47080
NC_034285	78168
NC_034286	2069296
NC_034287	1920187
NC_034290	37334
NC_034295	1892573
NC_034299	457768
NC_034308	99300
NC_034309	357460
NC_034310	332337
NC_034311	332338
NC_034312	255881
NC_034315	117167
NC_034320	53750
NC_034321	53749
NC_034322	502541
NC_034323	53748
NC_034324	308558
NC_034325	1970106
NC_034326	53753
NC_034327	53751
NC_034328	502542
NC_034331	1971616
NC_034346	168561
NC_034347	101014
NC_034357	537175
NC_034358	3724
NC_034359	369043
NC_034360	264428
NC_034361	2259846
NC_034362	13288
NC_034363	153348
NC_034364	28532
NC_034365	59689
NC_034366	81970
NC_034367	228871
NC_034368	108546
NC_034369	152096
NC_034370	85378
NC_034371	1637976
NC_034379	81972
NC_034634	241767
NC_034636	1133968
NC_034639	32224
NC_034640	170919
NC_034641	1430397
NC_034643	656325
NC_034644	49563
NC_034645	48119
NC_034648	1209471
NC_034652	512611
NC_034654	3105
NC_034655	3107
NC_034660	48809
NC_034662	1977234
NC_034671	85571
NC_034677	1980291
NC_034678	1648221
NC_034680	28909
NC_034683	35608
NC_034684	375272
NC_034685	13098
NC_034686	330167
NC_034687	86725
NC_034688	49450
NC_034689	124778
NC_034690	2708
NC_034691	1548298
NC_034692	13216
NC_034693	233893
NC_034694	660624
NC_034695	925377
NC_034696	3755
NC_034697	130385
NC_034698	170351
NC_034699	114516
NC_034700	85223
NC_034701	145745
NC_034702	13569
NC_034703	124794
NC_034705	1571924
NC_034706	1571923
NC_034707	89493
NC_034708	1928487
NC_034709	141643
NC_034710	44573
NC_034711	231080
NC_034712	231078
NC_034713	173495
NC_034714	2202518
NC_034716	119954
NC_034742	126911
NC_034743	111851
NC_034744	57649
NC_034747	1306438
NC_034758	65491
NC_034759	29689
NC_034760	52545
NC_034761	29690
NC_034762	4534
NC_034763	83309
NC_034764	83308
NC_034765	83307
NC_034766	463890
NC_034774	53896
NC_034776	74908
NC_034777	4686
NC_034787	1070855
NC_034788	329082
NC_034791	1983733
NC_034792	4208
NC_034793	179091
NC_034801	1882728
NC_034802	62335
NC_034803	73154
NC_034806	58047
NC_034810	1716031
NC_034811	1716020
NC_034812	1716019
NC_034813	1716023
NC_034814	1716029
NC_034815	1716030
NC_034816	1716024
NC_034817	1716037
NC_034818	1716028
NC_034819	1716038
NC_034820	1716032
NC_034821	1716039
NC_034822	1716022
NC_034823	1716035
NC_034824	1716025
NC_034825	1716036
NC_034826	1716034
NC_034827	1716026
NC_034828	1716033
NC_034829	1716021
NC_034830	1716027
NC_034831	1716018
NC_034832	1716017
NC_034840	82315
NC_034847	587499
NC_034848	381974
NC_034849	382033
NC_034850	1716006
NC_034851	457735
NC_034852	1715998
NC_034853	1716002
NC_034854	587509
NC_034855	2707368
NC_034856	1716004
NC_034857	587507
NC_034858	382017
NC_034859	587518
NC_034860	587524
NC_034861	587504
NC_034862	1716016
NC_034863	587517
NC_034864	72967
NC_034865	2841757
NC_034866	381981
NC_034867	1716014
NC_034868	1715999
NC_034869	1161137
NC_034870	381990
NC_034871	587510
NC_034872	1716003
NC_034873	587516
NC_034874	1716011
NC_034875	1716013
NC_034876	1716000
NC_034877	72947
NC_034878	587514
NC_034879	1716008
NC_034880	587506
NC_034881	1716009
NC_034882	587501
NC_034883	587508
NC_034884	382006
NC_034885	587519
NC_034886	587503
NC_034887	587525
NC_034888	381997
NC_034889	382052
NC_034890	382038
NC_034891	1716010
NC_034892	587521
NC_034893	1716012
NC_034894	587513
NC_034895	587512
NC_034896	587511
NC_034897	1716005
NC_034898	381977
NC_034899	1716007
NC_034900	587520
NC_034901	1716015
NC_034902	1716001
NC_034903	587515
NC_034908	50507
NC_034909	470525
NC_034910	176861
NC_034913	64478
NC_034914	165200
NC_034915	165710
NC_034925	610235
NC_034926	460784
NC_034931	50117
NC_034932	66201
NC_034934	859264
NC_034935	60130
NC_034936	349476
NC_034940	13383
NC_034941	28982
NC_034942	50181
NC_034943	187461
NC_034949	63459
NC_034950	3559
NC_034951	47970
NC_034952	1418012
NC_034985	205042
NC_034986	714439
NC_034987	1191454
NC_034988	1055557
NC_034989	1914267
NC_034990	1914268
NC_034991	1914269
NC_034992	76910
NC_034996	983245
NC_034998	55513
NC_035000	126362
NC_035006	262757
NC_035009	796746
NC_035010	330559
NC_035011	167342
NC_035012	1035921
NC_035013	330585
NC_035014	798343
NC_035015	330573
NC_035016	106636
NC_035017	435775
NC_035018	330558
NC_035019	2003520
NC_035020	798294
NC_035021	798344
NC_035022	2003515
NC_035023	2003513
NC_035024	798271
NC_035025	798321
NC_035026	798269
NC_035027	79849
NC_035028	2003512
NC_035029	1564046
NC_035030	2003509
NC_035031	798338
NC_035032	79855
NC_035033	2003517
NC_035034	167337
NC_035035	79832
NC_035036	2003516
NC_035037	798322
NC_035038	2003510
NC_035039	2003519
NC_035040	79835
NC_035041	106635
NC_035042	2003514
NC_035043	330575
NC_035044	798336
NC_035045	2003518
NC_035046	798273
NC_035047	798289
NC_035048	330157
NC_035049	673200
NC_035050	2003511
NC_035051	798316
NC_035053	54724
NC_035054	165499
NC_035055	1978917
NC_035056	1050841
NC_035066	25629
NC_035067	97169
NC_035068	58039
NC_035069	3349
NC_035140	339208
NC_035143	39350
NC_035154	142614
NC_035156	1188008
NC_035224	4547
NC_035225	1850527
NC_035226	1850528
NC_035228	1641311
NC_035229	220689
NC_035231	340433
NC_035233	395340
NC_035234	455045
NC_035235	171929
NC_035236	128608
NC_035237	3494
NC_035238	151069
NC_035239	29780
NC_035240	22663
NC_035241	2005751
NC_035257	2007176
NC_035258	2006979
NC_035259	1413812
NC_035260	1550622
NC_035261	2006982
NC_035262	228265
NC_035263	76906
NC_035264	324755
NC_035265	100879
NC_035266	103713
NC_035267	2506487
NC_035268	324754
NC_035269	131038
NC_035270	945028
NC_035271	35163
NC_035272	2608611
NC_035273	2006970
NC_035274	159753
NC_035275	173545
NC_035276	2007182
NC_035278	2006944
NC_035279	2007163
NC_035285	196632
NC_035287	2007274
NC_035288	2007208
NC_035289	110477
NC_035290	2007213
NC_035291	2006976
NC_035292	675577
NC_035293	228262
NC_035294	2007206
NC_035295	210852
NC_035296	717899
NC_035297	2007178
NC_035298	945030
NC_035299	860646
NC_035303	2982281
NC_035320	53061
NC_035321	169180
NC_035322	154290
NC_035323	179350
NC_035324	181002
NC_035325	142612
NC_035326	172645
NC_035327	142613
NC_035328	161867
NC_035329	172646
NC_035330	363749
NC_035331	154289
NC_035332	179356
NC_035333	1354201
NC_035334	467197
NC_035335	467198
NC_035336	154291
NC_035337	161868
NC_035338	161870
NC_035339	469460
NC_035340	179353
NC_035341	1354204
NC_035342	117953
NC_035343	179354
NC_035344	1354197
NC_035346	196665
NC_035347	138055
NC_035348	138062
NC_035350	31354
NC_035353	360839
NC_035354	434389
NC_035355	138094
NC_035356	138111
NC_035357	2010879
NC_035358	368674
NC_035359	101772
NC_035360	104522
NC_035361	368676
NC_035362	2010880
NC_035363	2010881
NC_035364	2010882
NC_035365	104597
NC_035366	2010883
NC_035367	85225
NC_035368	1715887
NC_035369	2010884
NC_035370	368926
NC_035371	360851
NC_035372	1715890
NC_035373	1715891
NC_035374	360853
NC_035375	360856
NC_035376	2010892
NC_035377	1715894
NC_035378	2010893
NC_035379	2010895
NC_035380	360857
NC_035381	368691
NC_035382	360858
NC_035383	360859
NC_035384	649679
NC_035385	2010896
NC_035386	2010897
NC_035387	1068520
NC_035388	1049788
NC_035389	2010902
NC_035390	1715899
NC_035391	1715900
NC_035392	2010903
NC_035393	1053365
NC_035394	2010904
NC_035395	360861
NC_035396	2010906
NC_035397	2010907
NC_035398	360866
NC_035413	91224
NC_035414	159976
NC_035415	4371
NC_035416	173386
NC_035417	4362
NC_035418	168123
NC_035492	167343
NC_035499	69721
NC_035500	101012
NC_035501	101013
NC_035502	4049
NC_035505	1155789
NC_035506	34199
NC_035511	264418
NC_035512	2017959
NC_035513	358669
NC_035514	369024
NC_035515	98020
NC_035516	1465651
NC_035517	2017767
NC_035518	2017768
NC_035519	2017769
NC_035520	65968
NC_035521	1400639
NC_035522	40583
NC_035523	2017770
NC_035524	2017771
NC_035525	2017772
NC_035526	59279
NC_035527	57053
NC_035528	2875320
NC_035529	221758
NC_035530	798323
NC_035531	2017773
NC_035532	2017774
NC_035533	2017775
NC_035534	221755
NC_035535	57205
NC_035536	182318
NC_035537	2018057
NC_035538	1603832
NC_035539	197088
NC_035540	2018058
NC_035541	182319
NC_035542	182320
NC_035543	941577
NC_035544	194716
NC_035545	59677
NC_035546	182321
NC_035548	193516
NC_035551	68554
NC_035566	320146
NC_035569	172644
NC_035570	4689
NC_035573	2786
NC_035574	536625
NC_035580	176242
NC_035581	176246
NC_035582	50148
NC_035583	176252
NC_035584	176255
NC_035588	82312
NC_035589	79002
NC_035590	85370
NC_035591	82317
NC_035592	89789
NC_035617	39026
NC_035623	459176
NC_035624	94286
NC_035625	106552
NC_035632	4421
NC_035633	4412
NC_035637	101617
NC_035639	197085
NC_035640	182325
NC_035641	182296
NC_035642	197096
NC_035643	182316
NC_035644	2021137
NC_035645	107826
NC_035646	182305
NC_035647	941567
NC_035648	2021136
NC_035649	941568
NC_035650	941581
NC_035651	542752
NC_035652	674061
NC_035653	2021135
NC_035654	1938279
NC_035657	86749
NC_035661	1898640
NC_035662	859262
NC_035671	106570
NC_035672	106571
NC_035678	182329
NC_035680	299116
NC_035681	202155
NC_035686	197095
NC_035687	197097
NC_035688	536627
NC_035689	182307
NC_035690	182309
NC_035691	182322
NC_035692	182302
NC_035693	182315
NC_035694	197086
NC_035695	155545
NC_035696	184083
NC_035697	59679
NC_035698	184084
NC_035699	182306
NC_035700	182312
NC_035701	129297
NC_035702	55373
NC_035703	210373
NC_035704	194715
NC_035705	107821
NC_035706	107827
NC_035707	125053
NC_035708	335940
NC_035709	182331
NC_035710	125047
NC_035711	55371
NC_035712	167985
NC_035718	40707
NC_035719	50765
NC_035720	233186
NC_035721	173977
NC_035723	574487
NC_035724	45834
NC_035727	252529
NC_035729	201515
NC_035732	1262102
NC_035738	2023749
NC_035739	253749
NC_035742	28526
NC_035743	2019967
NC_035744	75722
NC_035745	431188
NC_035750	154761
NC_035751	106893
NC_035753	183674
NC_035760	1795068
NC_035761	434394
NC_035762	434381
NC_035763	434380
NC_035764	434379
NC_035765	434377
NC_035766	1899344
NC_035767	1582538
NC_035768	434375
NC_035769	434373
NC_035770	1899343
NC_035771	1902834
NC_035772	368665
NC_035773	434370
NC_035774	368664
NC_035775	360843
NC_035776	434368
NC_035777	434367
NC_035778	434366
NC_035802	337465
NC_035807	180990
NC_035808	148576
NC_035823	83791
NC_035829	331189
NC_035830	2025843
NC_035831	1499537
NC_035832	1306921
NC_035833	225553
NC_035834	342001
NC_035835	1132527
NC_035836	65703
NC_035837	265675
NC_035838	78457
NC_035839	672195
NC_035840	1329983
NC_035841	872479
NC_035842	2023766
NC_035843	1565408
NC_035844	104666
NC_035845	65729
NC_035846	65730
NC_035847	208742
NC_035848	1030390
NC_035849	1392673
NC_035850	86694
NC_035851	2023767
NC_035852	1392717
NC_035854	346293
NC_035855	86699
NC_035856	147939
NC_035857	65731
NC_035858	173909
NC_035859	3277
NC_035860	3281
NC_035861	173912
NC_035862	208758
NC_035863	1132989
NC_035864	872913
NC_035865	32120
NC_035872	39288
NC_035873	39325
NC_035875	4212
NC_035876	2029165
NC_035878	506485
NC_035880	434060
NC_035882	13429
NC_035884	91242
NC_035891	378224
NC_035892	1351828
NC_035894	1045224
NC_035895	125261
NC_035896	232788
NC_035941	161261
NC_035947	268873
NC_035948	469442
NC_035949	164243
NC_035950	137228
NC_035952	49451
NC_035953	332435
NC_035955	171883
NC_035956	215555
NC_035957	99010
NC_035959	1739658
NC_035960	91214
NC_035961	3747
NC_035965	91216
NC_035966	91217
NC_035967	16719
NC_035968	59052
NC_035969	272862
NC_035970	261434
NC_035971	2033002
NC_035972	81729
NC_035973	80338
NC_035974	1567104
NC_035975	260675
NC_035988	82311
NC_035989	78998
NC_035990	84056
NC_035995	261425
NC_035996	470286
NC_035997	2033023
NC_035998	2016532
NC_035999	1035810
NC_036000	51459
NC_036001	121073
NC_036002	128609
NC_036003	684742
NC_036009	756011
NC_036010	216510
NC_036014	29655
NC_036017	496568
NC_036019	2039006
NC_036021	1671323
NC_036036	76453
NC_036037	432999
NC_036040	77070
NC_036052	16922
NC_036061	1397840
NC_036069	51004
NC_036071	2041126
NC_036072	2041127
NC_036073	210362
NC_036074	2041130
NC_036075	2041131
NC_036076	2041132
NC_036077	2041133
NC_036078	113203
NC_036079	673919
NC_036080	1441989
NC_036081	2041134
NC_036082	2041135
NC_036083	2041137
NC_036084	54173
NC_036085	268274
NC_036086	2041112
NC_036087	2041113
NC_036088	2041114
NC_036089	2041116
NC_036090	2041117
NC_036091	2041119
NC_036092	2041120
NC_036093	2041121
NC_036094	2041122
NC_036095	105189
NC_036096	2041123
NC_036097	76578
NC_036098	16430
NC_036099	151065
NC_036100	1245227
NC_036101	1205707
NC_036102	200492
NC_036105	884146
NC_036109	1915067
NC_036110	763953
NC_036111	358661
NC_036112	348281
NC_036113	318917
NC_036114	158147
NC_036115	1671114
NC_036116	158165
NC_036117	1478600
NC_036118	2057680
NC_036119	1565112
NC_036120	1056933
NC_036121	2041602
NC_036122	1671078
NC_036123	416047
NC_036124	1718245
NC_036125	997066
NC_036126	1755048
NC_036127	1755046
NC_036128	338578
NC_036129	1262099
NC_036130	1485642
NC_036133	23207
NC_036134	2041848
NC_036135	1592219
NC_036136	555432
NC_036137	3117
NC_036140	555431
NC_036141	1348122
NC_036142	2041849
NC_036143	943101
NC_036151	47091
NC_036152	266420
NC_036153	158541
NC_036154	112799
NC_036221	82271
NC_036222	1049775
NC_036223	82279
NC_036236	46147
NC_036260	280454
NC_036300	86990
NC_036304	1705841
NC_036306	227909
NC_036307	227910
NC_036311	1735385
NC_036336	226012
NC_036341	58228
NC_036342	141752
NC_036350	2051922
NC_036355	117954
NC_036356	4006
NC_036357	3038299
NC_036358	219064
NC_036359	215066
NC_036367	126418
NC_036368	147045
NC_036370	1861770
NC_036371	694578
NC_036372	78812
NC_036373	1312023
NC_036384	154765
NC_036394	105667
NC_036395	2053062
NC_036412	3645
NC_036413	1492673
NC_036414	405728
NC_036416	4330
NC_036423	32239
NC_036424	308174
NC_036485	261450
NC_036487	714519
NC_036489	251593
NC_036490	2056418
NC_036494	2056444
NC_036495	2056445
NC_036496	2056446
NC_036497	2056447
NC_036498	2056448
NC_036499	2056449
NC_036500	2056450
NC_036501	2056451
NC_036502	2056452
NC_036503	3013920
NC_036504	149405
NC_036505	3661
NC_036506	3662
NC_036509	754097
NC_036510	545888
NC_036658	72648
NC_036660	167573
NC_036661	48532
NC_036662	1861790
NC_036663	1861789
NC_036664	396658
NC_036668	91197
NC_036670	548677
NC_036677	1939643
NC_036681	58286
NC_036682	1985980
NC_036683	38708
NC_036684	91508
NC_036685	1704221
NC_036686	366476
NC_036687	42053
NC_036688	1465622
NC_036689	29679
NC_036690	158105
NC_036691	1755061
NC_036692	1245316
NC_036693	29684
NC_036694	161069
NC_036695	29687
NC_036696	399643
NC_036697	1986162
NC_036698	1986163
NC_036699	65988
NC_036700	47452
NC_036701	500244
NC_036702	158156
NC_036703	500268
NC_036704	158163
NC_036705	177115
NC_036706	649768
NC_036707	110909
NC_036708	221759
NC_036709	110913
NC_036710	160593
NC_036711	211937
NC_036712	158095
NC_036713	211939
NC_036714	270102
NC_036715	1986161
NC_036716	866555
NC_036718	75699
NC_036723	88034
NC_036733	337188
NC_036734	2004884
NC_036735	138044
NC_036736	205073
NC_036742	2060075
NC_036743	2060074
NC_036744	1971661
NC_036751	109058
NC_036752	3516
NC_036753	109063
NC_036754	253216
NC_036755	109470
NC_036756	253218
NC_036757	109069
NC_036758	109072
NC_036759	350427
NC_036761	375005
NC_036762	161753
NC_036764	103352
NC_036804	156996
NC_036805	554066
NC_036806	554055
NC_036807	3673
NC_036808	3668
NC_036809	117957
NC_036810	4214
NC_036811	62751
NC_036812	157677
NC_036813	179660
NC_036814	387606
NC_036815	146640
NC_036816	146659
NC_036817	2067800
NC_036818	2067801
NC_036819	863006
NC_036820	387600
NC_036821	2067802
NC_036822	1531501
NC_036823	2067799
NC_036824	519258
NC_036825	591236
NC_036826	2067803
NC_036827	309978
NC_036828	51020
NC_036829	66656
NC_036830	4443
NC_036831	2045230
NC_036832	2045231
NC_036833	717594
NC_036834	459177
NC_036835	245822
NC_036836	1071398
NC_036837	1071399
NC_036929	167760
NC_036930	103489
NC_036932	1642857
NC_036934	77588
NC_036935	649195
NC_036936	1967285
NC_036937	127563
NC_036939	329088
NC_036940	452568
NC_036941	2029655
NC_036942	1684752
NC_036943	1970665
NC_036958	53081
NC_036960	112844
NC_036961	1544808
NC_036962	50461
NC_036963	357223
NC_036964	352371
NC_036965	41550
NC_036966	688286
NC_036967	92907
NC_036968	1000418
NC_036969	29788
NC_036970	254777
NC_036971	53159
NC_036972	53161
NC_036973	93036
NC_036974	29659
NC_036975	89684
NC_036976	137665
NC_036977	286986
NC_036978	246360
NC_036979	2057968
NC_036980	2057972
NC_036981	2057969
NC_036982	55183
NC_036983	126540
NC_036984	2057970
NC_036985	495751
NC_036986	2057971
NC_036987	34270
NC_036989	1303698
NC_036990	1002523
NC_036991	45318
NC_036992	252847
NC_036996	89191
NC_037000	86741
NC_037001	86742
NC_037002	86744
NC_037003	1185392
NC_037004	2732320
NC_037005	114509
NC_037007	44745
NC_037021	1736113
NC_037022	2080251
NC_037023	162053
NC_037024	666006
NC_037025	665494
NC_037026	665498
NC_037027	665499
NC_037028	2081768
NC_037029	2835873
NC_037030	665519
NC_037031	2038769
NC_037032	2038770
NC_037033	665525
NC_037034	2081770
NC_037035	2081774
NC_037036	2081767
NC_037037	1408263
NC_037038	1532388
NC_037039	192972
NC_037040	1352232
NC_037077	35708
NC_037078	192259
NC_037079	700924
NC_037080	700922
NC_037081	326261
NC_037082	1504635
NC_037083	192261
NC_037084	169987
NC_037087	4563
NC_037145	13674
NC_037151	157914
NC_037152	264981
NC_037157	110894
NC_037158	160581
NC_037159	196905
NC_037160	37687
NC_037161	1245685
NC_037162	345916
NC_037163	1227975
NC_037164	348265
NC_037165	294294
NC_037166	59281
NC_037167	191680
NC_037168	29682
NC_037169	751720
NC_037170	146037
NC_037171	490838
NC_037176	43168
NC_037179	1348125
NC_037184	86148
NC_037190	76098
NC_037191	1027102
NC_037192	4270
NC_037194	640772
NC_037199	166816
NC_037209	859524
NC_037211	47965
NC_037212	446036
NC_037213	279669
NC_037214	152094
NC_037215	1352233
NC_037216	152091
NC_037217	1352234
NC_037223	179741
NC_037226	2029557
NC_037227	2029656
NC_037228	2029556
NC_037229	2029555
NC_037230	353929
NC_037231	2029554
NC_037232	353931
NC_037240	88845
NC_037242	197122
NC_037243	64134
NC_037245	89484
NC_037247	29719
NC_037250	179994
NC_037251	124947
NC_037358	3818
NC_037361	906689
NC_037362	587579
NC_037363	1979421
NC_037364	189431
NC_037365	1979422
NC_037366	1191365
NC_037367	717648
NC_037388	344871
NC_037389	2100050
NC_037392	148910
NC_037400	252972
NC_037401	1752765
NC_037407	123601
NC_037409	91201
NC_037410	210376
NC_037411	179731
NC_037412	124846
NC_037413	351344
NC_037414	1085088
NC_037415	113624
NC_037416	3691
NC_037417	492479
NC_037418	295327
NC_037419	179740
NC_037420	2107771
NC_037421	242124
NC_037422	75708
NC_037423	2107772
NC_037424	426352
NC_037425	2107773
NC_037426	688348
NC_037427	1244996
NC_037428	891976
NC_037429	2107774
NC_037430	2773310
NC_037432	743510
NC_037433	2109268
NC_037438	309532
NC_037439	459596
NC_037440	1462506
NC_037442	201012
NC_037443	325641
NC_037446	38873
NC_037447	128017
NC_037448	99658
NC_037450	1973153
NC_037455	2099405
NC_037456	2099417
NC_037457	1676596
NC_037458	2099428
NC_037459	2099437
NC_037460	353977
NC_037461	3013917
NC_037462	140035
NC_037465	3218
NC_037471	371727
NC_037472	450940
NC_037473	1233953
NC_037475	78190
NC_037477	1813010
NC_037478	2052490
NC_037479	215448
NC_037480	575411
NC_037482	328402
NC_037483	41486
NC_037484	69404
NC_037485	222567
NC_037489	2049519
NC_037490	1053105
NC_037491	128588
NC_037492	577514
NC_037494	45325
NC_037495	29766
NC_037506	2138605
NC_037507	1480154
NC_037510	207839
NC_037514	159960
NC_037517	84044
NC_037518	408194
NC_037519	545886
NC_037605	1408201
NC_037690	197924
NC_037693	188317
NC_037694	66699
NC_037696	2768810
NC_037699	84058
NC_037700	257359
NC_037705	516549
NC_037706	1974217
NC_037711	48109
NC_037714	3832
NC_037716	55575
NC_037717	357959
NC_037718	2043564
NC_037719	4414
NC_037726	63345
NC_037748	107604
NC_037753	28529
NC_037758	1737302
NC_037759	261447
NC_037760	208936
NC_037761	162678
NC_037762	183789
NC_037763	3850
NC_037764	653049
NC_037765	653098
NC_037766	1954645
NC_037767	228518
NC_037768	162677
NC_037772	62886
NC_037784	190245
NC_037830	198035
NC_037831	33128
NC_037832	22694
NC_037838	3730
NC_037840	1737301
NC_037841	31455
NC_037843	2173159
NC_037844	38861
NC_037845	54802
NC_037849	1501231
NC_037850	983195
NC_037852	1533308
NC_037879	45171
NC_037880	40702
NC_037881	4396
NC_037882	182070
NC_037883	1008903
NC_037884	1009483
NC_037885	208873
NC_037893	29588
NC_037898	93611
NC_037899	336383
NC_037900	153728
NC_037901	153727
NC_037902	335807
NC_037903	35933
NC_037904	376444
NC_037905	63349
NC_037906	335806
NC_037907	382113
NC_037908	63347
NC_037911	43178
NC_037912	89647
NC_037913	35885
NC_037918	427913
NC_037919	271408
NC_037920	55410
NC_037921	271402
NC_037922	2184484
NC_037923	271398
NC_037940	13413
NC_037945	577683
NC_037946	91120
NC_037948	4392
NC_037950	79612
NC_037951	224736
NC_037952	134526
NC_037953	486689
NC_037954	2137014
NC_037955	179998
NC_037956	109558
NC_037957	109559
NC_037958	2211419
NC_037959	462407
NC_037960	1783558
NC_037979	1828746
NC_037980	553048
NC_037981	2202561
NC_037982	374095
NC_037983	553054
NC_037984	1882473
NC_037985	308435
NC_037991	321598
NC_037994	44683
NC_037995	1003089
NC_037996	3005
NC_037997	1234821
NC_037998	1514137
NC_037999	451786
NC_038000	1630683
NC_038001	186043
NC_038002	2749911
NC_038003	265545
NC_038004	1706219
NC_038005	259834
NC_038006	1158022
NC_038007	1003022
NC_038008	1158023
NC_038009	451788
NC_038051	2510791
NC_038057	252110
NC_038062	4138
NC_038071	264931
NC_038072	264940
NC_038073	358751
NC_038074	264947
NC_038076	154292
NC_038077	142611
NC_038078	1269200
NC_038079	858932
NC_038080	37427
NC_038088	2689076
NC_038092	2267876
NC_038093	2267877
NC_038094	226101
NC_038095	215070
NC_038096	226106
NC_038097	226099
NC_038098	226102
NC_038099	450882
NC_038100	172978
NC_038102	197613
NC_038103	168834
NC_038118	159424
NC_038119	196577
NC_038120	196578
NC_038121	237862
NC_038122	237863
NC_038123	237871
NC_038124	196582
NC_038125	196689
NC_038126	3685
NC_038127	231192
NC_038128	196585
NC_038129	231188
NC_038131	2267878
NC_038144	231751
NC_038150	204585
NC_038153	2213114
NC_038161	83859
NC_038165	38868
NC_038170	374966
NC_038181	182298
NC_038187	215708
NC_038188	2025557
NC_038193	59082
NC_038194	175518
NC_038200	520510
NC_038203	460778
NC_038209	2060930
NC_038215	1522369
NC_038216	1489483
NC_038222	126820
NC_038229	3663
NC_038231	698476
NC_039092	2608709
NC_039127	139401
NC_039128	143389
NC_039129	139403
NC_039130	78607
NC_039133	34193
NC_039139	2572395
NC_039140	1184158
NC_039141	2777
NC_039142	338881
NC_039143	172976
NC_039144	486813
NC_039145	172989
NC_039155	56992
NC_039156	392896
NC_039159	37660
NC_039160	79078
NC_039161	79081
NC_039162	859535
NC_039178	194712
NC_039180	397273
NC_039346	1117039
NC_039347	2108135
NC_039348	1271601
NC_039349	1271610
NC_039350	2108136
NC_039352	186954
NC_039371	47742
NC_039374	416286
NC_039375	227895
NC_039376	227899
NC_039377	148947
NC_039378	148566
NC_039379	97309
NC_039381	186955
NC_039382	711536
NC_039383	1798769
NC_039384	2291087
NC_039385	262729
NC_039391	50123
NC_039392	2022354
NC_039393	2022365
NC_039395	375264
NC_039412	1879227
NC_039413	2304587
NC_039414	1097642
NC_039415	1879258
NC_039416	1097620
NC_039417	1670882
NC_039418	1642859
NC_039424	44976
NC_039425	459172
NC_039426	397392
NC_039428	1266318
NC_039429	58330
NC_039433	46969
NC_039434	310672
NC_039435	296032
NC_039436	82319
NC_039448	1424547
NC_039449	547455
NC_039450	1056880
NC_039451	1484106
NC_039452	714493
NC_039454	2038704
NC_039456	174170
NC_039457	113208
NC_039458	304161
NC_039459	313900
NC_039460	313903
NC_039461	151521
NC_039462	158149
NC_039463	547433
NC_039464	313899
NC_039465	387290
NC_039520	381415
NC_039521	2320802
NC_039522	2320807
NC_039523	177082
NC_039524	221038
NC_039525	453070
NC_039526	2320810
NC_039527	2894057
NC_039528	170437
NC_039542	2011089
NC_039554	665996
NC_039555	13493
NC_039556	268844
NC_039557	2042888
NC_039562	329090
NC_039563	329091
NC_039564	49011
NC_039565	329081
NC_039566	2303644
NC_039567	103968
NC_039568	2304166
NC_039569	34289
NC_039570	34291
NC_039572	225203
NC_039573	374097
NC_039574	374093
NC_039575	2304229
NC_039577	231641
NC_039578	1857146
NC_039579	748691
NC_039580	640775
NC_039581	97173
NC_039582	425948
NC_039583	3327
NC_039584	162305
NC_039585	3346
NC_039586	71652
NC_039587	71648
NC_039590	56917
NC_039592	67918
NC_039595	347188
NC_039597	87676
NC_039598	488919
NC_039599	666133
NC_039600	329777
NC_039601	488922
NC_039602	404689
NC_039603	666132
NC_039604	329803
NC_039605	329779
NC_039606	115666
NC_039607	329772
NC_039608	205524
NC_039609	329765
NC_039610	329798
NC_039611	329760
NC_039613	252738
NC_039614	196513
NC_039615	71644
NC_039616	139307
NC_039619	2184936
NC_039620	590039
NC_039621	92927
NC_039622	41782
NC_039623	640776
NC_039624	106572
NC_039625	248848
NC_039626	674062
NC_039627	146539
NC_039628	2184935
NC_039634	1304680
NC_039635	1503374
NC_039636	51255
NC_039637	2306360
NC_039638	486690
NC_039644	224740
NC_039645	147926
NC_039647	637485
NC_039650	3570
NC_039651	112879
NC_039653	210377
NC_039654	39358
NC_039661	166818
NC_039668	398306
NC_039672	167570
NC_039673	49664
NC_039674	101609
NC_039675	85282
NC_039676	448267
NC_039677	63353
NC_039678	2079031
NC_039679	48537
NC_039680	96939
NC_039681	345149
NC_039682	754098
NC_039683	390140
NC_039684	2983818
NC_039690	748702
NC_039691	167584
NC_039692	40320
NC_039693	165788
NC_039694	113210
NC_039695	241756
NC_039703	264939
NC_039704	75067
NC_039707	55571
NC_039708	35874
NC_039718	128653
NC_039719	48517
NC_039720	111108
NC_039724	414607
NC_039725	103484
NC_039726	63051
NC_039727	1184750
NC_039728	63056
NC_039729	63060
NC_039730	228586
NC_039731	194264
NC_039732	1603294
NC_039733	63062
NC_039734	63057
NC_039735	151430
NC_039737	1928728
NC_039740	2316892
NC_039742	1841493
NC_039743	349366
NC_039744	432648
NC_039748	516548
NC_039749	167379
NC_039750	263836
NC_039752	99437
NC_039753	2137820
NC_039754	51707
NC_039755	51714
NC_039756	54415
NC_039759	112407
NC_039760	54711
NC_039761	1279188
NC_039762	1204778
NC_039763	1472306
NC_039766	2364088
NC_039774	2448053
NC_039776	580341
NC_039781	608811
NC_039782	1239141
NC_039783	3605
NC_039784	246827
NC_039785	153476
NC_039786	754104
NC_039787	754105
NC_039788	1046264
NC_039789	228411
NC_039790	2448766
NC_039791	754102
NC_039792	754101
NC_039793	103355
NC_039794	1051312
NC_039795	754099
NC_039796	345147
NC_039797	1749390
NC_039798	1046261
NC_039799	2448764
NC_039800	754096
NC_039801	1046257
NC_039802	1046255
NC_039803	345145
NC_039804	1755456
NC_039805	103353
NC_039806	1239137
NC_039807	394301
NC_039808	374971
NC_039809	71623
NC_039812	1088818
NC_039815	482283
NC_039816	176866
NC_039817	2479193
NC_039821	2479787
NC_039825	54855
NC_039834	55570
NC_039835	55572
NC_039836	29710
NC_039837	55576
NC_039838	55578
NC_039844	748687
NC_039845	748699
NC_039846	231665
NC_039850	2072995
NC_039851	1640672
NC_039852	329150
NC_039853	2072996
NC_039854	2072997
NC_039855	167593
NC_039856	55580
NC_039920	205396
NC_039924	137435
NC_039925	241841
NC_039927	102908
NC_039928	86638
NC_039930	3517
NC_039932	2051892
NC_039933	13258
NC_039934	12990
NC_039935	12991
NC_039936	176857
NC_039937	2306214
NC_039938	139404
NC_039939	176864
NC_039941	1185390
NC_039943	593754
NC_039952	1906384
NC_039953	1906385
NC_039954	264409
NC_039955	283746
NC_039956	1822399
NC_039957	1822400
NC_039958	664052
NC_039959	1822401
NC_039960	1822402
NC_039961	664053
NC_039967	461210
NC_039968	135494
NC_039969	215771
NC_039970	1403386
NC_039971	459226
NC_039972	2486373
NC_039973	165716
NC_039974	2038705
NC_039975	122812
NC_039976	1035811
NC_039977	2485825
NC_039978	231755
NC_039983	2486838
NC_039984	2486839
NC_039985	66646
NC_039989	74647
NC_039991	109066
NC_039992	216994
NC_039993	223244
NC_039994	78630
NC_039995	216989
NC_039996	38787
NC_039997	176859
NC_039998	80751
NC_039999	2035532
NC_040000	754787
NC_040001	176868
NC_040002	862990
NC_040009	459165
NC_040106	1779285
NC_040110	99064
NC_040111	79824
NC_040112	106892
NC_040113	497687
NC_040116	124780
NC_040121	1986522
NC_040122	357851
NC_040125	151332
NC_040126	415155
NC_040127	1092577
NC_040128	977929
NC_040129	798276
NC_040130	330570
NC_040131	883134
NC_040133	209793
NC_040134	52557
NC_040135	52552
NC_040141	292912
NC_040143	3567
NC_040144	124782
NC_040152	1789788
NC_040153	38269
NC_040156	2483892
NC_040158	2483893
NC_040160	72643
NC_040164	112568
NC_040167	296031
NC_040170	106556
NC_040171	451078
NC_040172	1803730
NC_040173	2305849
NC_040174	451084
NC_040175	474354
NC_040176	1604141
NC_040177	493391
NC_040178	4102
NC_040202	414665
NC_040203	414630
NC_040204	13821
NC_040205	32172
NC_040206	414602
NC_040207	164275
NC_040208	170584
NC_040209	412743
NC_040210	170708
NC_040211	414624
NC_040212	375903
NC_040213	40646
NC_040214	377232
NC_040215	451070
NC_040216	40966
NC_040217	38648
NC_040218	38541
NC_040219	57323
NC_040220	32090
NC_040221	126675
NC_040222	35875
NC_040223	1126415
NC_040226	2044838
NC_040291	1321669
NC_040294	2040456
NC_040295	2506144
NC_040296	1446905
NC_040297	2506145
NC_040298	2506146
NC_040299	1431838
NC_040300	2506143
NC_040849	3711
NC_040851	97750
NC_040852	97749
NC_040857	187269
NC_040862	227903
NC_040864	1370057
NC_040866	118781
NC_040867	2501770
NC_040868	1393206
NC_040869	2501769
NC_040870	2501768
NC_040871	550460
NC_040872	2501767
NC_040873	2501766
NC_040874	688333
NC_040920	1478181
NC_040923	62333
NC_040924	187475
NC_040925	2029565
NC_040926	81964
NC_040927	59777
NC_040928	3690
NC_040929	3696
NC_040932	46107
NC_040933	16481
NC_040934	54820
NC_040935	3999
NC_040936	39387
NC_040937	79615
NC_040938	63102
NC_040939	4373
NC_040941	3528
NC_040942	427824
NC_040943	189791
NC_040944	138902
NC_040945	437579
NC_040946	1904701
NC_040947	2518633
NC_040948	2518634
NC_040949	124817
NC_040950	2518615
NC_040951	2518635
NC_040952	2518623
NC_040953	2040574
NC_040954	86739
NC_040958	45187
NC_040959	638627
NC_040960	117265
NC_040961	180558
NC_040962	447670
NC_040963	447669
NC_040964	29746
NC_040965	365556
NC_040966	2029437
NC_040972	48666
NC_040978	459592
NC_040979	459584
NC_040980	2517251
NC_040981	459591
NC_040982	2517252
NC_040983	35924
NC_040984	48391
NC_040988	873093
NC_040992	36777
NC_040994	3252
NC_040995	2501417
NC_040996	253212
NC_040997	74648
NC_040999	37723
NC_041000	85337
NC_041067	3334
NC_041074	172643
NC_041080	1642853
NC_041081	699964
NC_041087	4045
NC_041088	3677
NC_041091	342060
NC_041092	587670
NC_041098	189559
NC_041099	189576
NC_041102	720867
NC_041103	1173001
NC_041104	1700993
NC_041108	71649
NC_041110	112863
NC_041113	63744
NC_041117	223753
NC_041119	149022
NC_041122	1481379
NC_041125	153558
NC_041126	1609849
NC_041127	85887
NC_041128	86865
NC_041129	212706
NC_041130	362732
NC_041131	363218
NC_041132	153521
NC_041133	167990
NC_041134	167987
NC_041135	167989
NC_041136	168115
NC_041137	167983
NC_041138	153554
NC_041139	85889
NC_041146	283157
NC_041149	153762
NC_041150	2152832
NC_041159	434245
NC_041161	411227
NC_041163	96568
NC_041164	568080
NC_041166	1137891
NC_041167	3712
NC_041171	168120
NC_041173	28849
NC_041174	317100
NC_041175	1911539
NC_041178	13044
NC_041179	78719
NC_041180	428214
NC_041181	210728
NC_041182	214676
NC_041183	492483
NC_041184	2042393
NC_041185	28472
NC_041186	322100
NC_041187	210730
NC_041188	858887
NC_041189	669720
NC_041190	2315981
NC_041191	64595
NC_041199	176126
NC_041200	887860
NC_041201	330163
NC_041203	129202
NC_041204	35882
NC_041205	129206
NC_041206	1393931
NC_041207	129207
NC_041208	2518009
NC_041209	714646
NC_041210	667250
NC_041213	161873
NC_041235	3535
NC_041238	264924
NC_041239	76025
NC_041240	325515
NC_041241	221166
NC_041245	45172
NC_041249	66025
NC_041252	28929
NC_041253	85622
NC_041254	445235
NC_041255	2518636
NC_041256	2518637
NC_041258	714108
NC_041259	860309
NC_041260	2004975
NC_041261	2054445
NC_041262	2152776
NC_041263	764924
NC_041264	766930
NC_041265	1091135
NC_041266	146096
NC_041267	240055
NC_041268	696524
NC_041269	313220
NC_041270	426457
NC_041271	150983
NC_041272	363212
NC_041273	194564
NC_041274	46150
NC_041275	85172
NC_041276	122299
NC_041277	122303
NC_041278	63091
NC_041279	114151
NC_041280	107607
NC_041281	49618
NC_041293	3589
NC_041294	46112
NC_041295	107587
NC_041296	3530
NC_041297	3538
NC_041298	3592
NC_041299	3583
NC_041300	3533
NC_041301	169262
NC_041305	227902
NC_041306	203094
NC_041309	78826
NC_041413	1399668
NC_041414	1227758
NC_041415	363211
NC_041416	117583
NC_041417	46142
NC_041418	169268
NC_041419	47082
NC_041420	185001
NC_041421	185002
NC_041424	2315787
NC_041428	1132552
NC_041431	4066
NC_041432	3735
NC_041433	77060
NC_041434	35872
NC_041435	85868
NC_041436	28525
NC_041437	28930
NC_041438	190243
NC_041439	126635
NC_041440	141467
NC_041441	82439
NC_041442	1603844
NC_041446	1715883
NC_041447	2528289
NC_041449	32201
NC_041451	1907485
NC_041452	158550
NC_041453	12949
NC_041454	158559
NC_041455	158573
NC_041456	1541216
NC_041457	158558
NC_041458	261786
NC_041459	323707
NC_041460	82528
NC_041461	309349
NC_041462	2035848
NC_041463	56029
NC_041464	425836
NC_041465	536149
NC_041466	147273
NC_041467	182324
NC_041468	182323
NC_041469	182310
NC_041470	941575
NC_041471	941570
NC_041472	941573
NC_041473	182300
NC_041474	1882389
NC_041475	944281
NC_041476	640773
NC_041477	1111104
NC_041478	1055743
NC_041479	1686258
NC_041480	1118417
NC_041481	1118407
NC_041482	435380
NC_041483	435377
NC_041484	2483298
NC_041485	210370
NC_041487	51002
NC_041488	41786
NC_041491	2545980
NC_041492	2545981
NC_041495	2212986
NC_041496	29808
NC_041497	1245586
NC_041498	99806
NC_041499	88032
NC_041500	156271
NC_041501	2545979
NC_041502	46220
NC_041503	89481
NC_041504	1982072
NC_041505	156270
NC_041507	2518351
NC_041508	665536
NC_041509	2545962
NC_041510	197077
NC_041511	536147
NC_041512	536148
NC_041513	1189605
NC_041514	1276866
NC_041515	536150
NC_041516	1003621
NC_041517	536152
NC_041518	536153
NC_041519	468866
NC_041520	536162
NC_041521	536163
NC_041522	536165
NC_041523	292815
NC_041525	64022
NC_041526	387928
NC_041527	64045
NC_041528	218851
NC_041529	46965
NC_041530	93606
NC_041531	78478
NC_041532	3449
NC_041533	64029
NC_041534	37494
NC_041535	168836
NC_041536	93211
NC_041537	3444
NC_041538	235900
NC_041539	39106
NC_041540	171900
NC_041541	432642
NC_041542	171908
NC_041543	64047
NC_041544	476039
NC_041550	66672
NC_041551	103871
NC_041552	50514
NC_041553	278654
NC_041554	160839
NC_041556	137159
NC_041557	2546637
NC_041558	798302
NC_041559	2546638
NC_041560	2546639
NC_041561	1980155
NC_041562	1393008
NC_041563	883138
NC_041564	2546640
NC_041565	1056488
NC_041566	2546641
NC_041567	1433400
NC_041568	1980154
NC_041569	798304
NC_041570	2546642
NC_041571	2546643
NC_041572	2546644
NC_041573	1980159
NC_041574	154000
NC_041575	307165
NC_041579	226103
NC_041580	76119
NC_041581	191878
NC_041582	369422
NC_041583	316486
NC_041584	316474
NC_041585	316468
NC_041586	2082853
NC_041587	317814
NC_041588	856881
NC_041589	317815
NC_041590	561125
NC_041591	317818
NC_041592	315332
NC_041593	315334
NC_041594	73574
NC_041595	856884
NC_041596	205531
NC_041597	205532
NC_041598	172263
NC_041599	856892
NC_041600	2082851
NC_041601	160510
NC_041602	4108
NC_041603	317820
NC_041604	200525
NC_041605	1050191
NC_041606	172792
NC_041607	172797
NC_041608	1128165
NC_041609	610331
NC_041610	317826
NC_041611	856976
NC_041612	317824
NC_041613	172793
NC_041614	198039
NC_041615	73573
NC_041616	172794
NC_041617	856981
NC_041618	710640
NC_041619	445678
NC_041620	317829
NC_041621	710638
NC_041622	4115
NC_041623	317832
NC_041624	856984
NC_041625	172790
NC_041626	50273
NC_041627	62893
NC_041628	52705
NC_041629	172796
NC_041630	42755
NC_041631	257458
NC_041634	315348
NC_041636	2547422
NC_041637	1867291
NC_041640	1715365
NC_041641	186426
NC_041642	2547368
NC_041643	1715390
NC_041644	137170
NC_041645	493175
NC_041646	137178
NC_041648	287721
NC_041649	34190
NC_041670	516550
NC_041671	203015
NC_041672	2547459
NC_041727	153875
NC_042144	66014
NC_042145	106888
NC_042146	74614
NC_042148	363216
NC_042149	77561
NC_042153	285590
NC_042154	743498
NC_042155	858900
NC_042156	2490641
NC_042157	743505
NC_042158	743511
NC_042159	743513
NC_042160	1938265
NC_042161	1938269
NC_042162	714457
NC_042164	235734
NC_042166	240045
NC_042167	258162
NC_042170	209631
NC_042171	111861
NC_042174	2564002
NC_042175	3316
NC_042176	307274
NC_042177	3317
NC_042178	300888
NC_042181	152631
NC_042182	915274
NC_042187	1043351
NC_042188	262758
NC_042189	121788
NC_042190	183944
NC_042192	106567
NC_042193	142860
NC_042194	74651
NC_042197	141753
NC_042201	180069
NC_042204	112883
NC_042211	1387318
NC_042220	39279
NC_042221	48401
NC_042222	46959
NC_042223	176135
NC_042224	120620
NC_042225	2568490
NC_042227	100521
NC_042228	182176
NC_042232	576365
NC_042235	714442
NC_042236	416091
NC_042237	1629762
NC_042238	751591
NC_042239	183298
NC_042241	163324
NC_042242	99507
NC_042244	2507418
NC_042245	2563732
NC_042246	945170
NC_042250	332213
NC_042251	3192
NC_042252	168120
NC_042253	64034
NC_042254	450287
NC_042255	63410
NC_042257	1026954
NC_042262	1296280
NC_042265	424909
NC_042269	1471837
NC_042270	126360
NC_042271	166594
NC_042272	84810
NC_042273	85216
NC_042275	2491098
NC_042276	2491099
NC_042277	41398
NC_042278	167908
NC_042279	126564
NC_042280	2563121
NC_042281	1382063
NC_042282	1085342
NC_042283	2491090
NC_042284	2491091
NC_042369	141191
NC_042371	49683
NC_042372	1489473
NC_042373	1296274
NC_042374	1489476
NC_042375	2491246
NC_042376	2563118
NC_042377	93977
NC_042381	50196
NC_042382	50191
NC_042383	43197
NC_042384	2491092
NC_042385	2491093
NC_042386	2491094
NC_042387	2491095
NC_042388	2491101
NC_042390	41241
NC_042392	191701
NC_042394	77912
NC_042398	63788
NC_042399	83802
NC_042400	2567863
NC_042403	1053335
NC_042404	2571015
NC_042405	1126022
NC_042408	99438
NC_042410	45372
NC_042415	70937
NC_042418	37395
NC_042424	490843
NC_042425	1028355
NC_042426	992666
NC_042427	1081051
NC_042428	549149
NC_042443	355900
NC_042444	113205
NC_042446	126361
NC_042447	126363
NC_042448	126403
NC_042449	38872
NC_042450	56040
NC_042451	56032
NC_042452	126421
NC_042453	126426
NC_042454	46072
NC_042455	126541
NC_042456	126542
NC_042457	126543
NC_042458	126547
NC_042459	126548
NC_042460	126553
NC_042461	323693
NC_042462	424906
NC_042463	424914
NC_042464	96521
NC_042465	126558
NC_042466	126561
NC_042467	126566
NC_042468	126368
NC_042479	1903712
NC_042480	700990
NC_042483	1764286
NC_042484	464258
NC_042485	1606511
NC_042486	1461544
NC_042487	1411623
NC_042488	1461542
NC_042489	1883388
NC_042505	3197
NC_042597	3775
NC_042605	1611546
NC_042606	1448044
NC_042607	128741
NC_042608	1448043
NC_042609	1611549
NC_042610	1611548
NC_042611	41604
NC_042612	1611547
NC_042668	1115383
NC_042671	323096
NC_042672	323895
NC_042673	52139
NC_042674	2545990
NC_042675	90346
NC_042680	211003
NC_042681	3522
NC_042686	665586
NC_042688	714503
NC_042692	77009
NC_042693	587870
NC_042696	128681
NC_042700	429560
NC_042701	487927
NC_042702	388691
NC_042703	211935
NC_042704	391966
NC_042705	480614
NC_042706	125241
NC_042707	2703948
NC_042708	497292
NC_042709	375857
NC_042710	366488
NC_042711	376115
NC_042713	190543
NC_042714	142738
NC_042715	321593
NC_042716	564016
NC_042718	413952
NC_042719	190524
NC_042720	593753
NC_042724	4217
NC_042725	99046
NC_042726	138327
NC_042727	2495447
NC_042735	65978
NC_042739	137004
NC_042740	4378
NC_042743	13573
NC_042744	13419
NC_042745	300218
NC_042746	16906
NC_042747	4726
NC_042748	688281
NC_042751	1564044
NC_042760	1165872
NC_042763	650144
NC_042766	168491
NC_042767	2567862
NC_042775	97167
NC_042776	342582
NC_042777	745662
NC_042778	90345
NC_042782	389174
NC_042783	1539464
NC_042784	2491097
NC_042785	126416
NC_042786	1125365
NC_042787	463594
NC_042788	42064
NC_042789	132711
NC_042790	171959
NC_042793	231643
NC_042794	121064
NC_042796	28511
NC_042798	381410
NC_042819	98588
NC_042821	130512
NC_042825	2576058
NC_042826	165353
NC_042827	207932
NC_042830	751716
NC_042831	2528937
NC_042832	2528930
NC_042833	2528931
NC_042834	751642
NC_042835	751736
NC_042836	1137531
NC_042837	2528922
NC_042838	160545
NC_042839	66004
NC_042840	883148
NC_042841	56147
NC_042842	66812
NC_042843	66818
NC_042844	2576623
NC_042845	66815
NC_042846	66816
NC_042847	47085
NC_042848	47084
NC_042849	70957
NC_042850	70962
NC_042851	70950
NC_042852	70938
NC_042853	70952
NC_042854	70968
NC_042855	70959
NC_042856	66807
NC_042857	78534
NC_042858	293749
NC_042859	751589
NC_042860	751723
NC_042861	2576611
NC_042862	1697080
NC_042863	1844069
NC_042864	1245681
NC_042865	1914353
NC_042866	1697098
NC_042867	751732
NC_042868	1245684
NC_042869	1844070
NC_042870	1245682
NC_042871	1844071
NC_042872	1245680
NC_042874	160690
NC_042884	241857
NC_042885	1686260
NC_042886	136217
NC_042887	41844
NC_042889	1692140
NC_042890	2576876
NC_042891	13129
NC_042892	2576877
NC_042893	141187
NC_042894	162025
NC_042895	22666
NC_042896	2291130
NC_042897	2576875
NC_042898	141189
NC_042899	122808
NC_042901	2582857
NC_042903	2358325
NC_042906	2583285
NC_042912	2583372
NC_042913	588669
NC_042914	2358323
NC_042915	2358324
NC_042916	2358313
NC_042917	2358314
NC_042918	353927
NC_042919	2358320
NC_042920	2358327
NC_042921	76306
NC_042923	423499
NC_042924	423500
NC_042925	40796
NC_042926	242209
NC_042927	369350
NC_042928	61222
NC_042929	40788
NC_042931	2358316
NC_042932	2358312
NC_042933	545665
NC_042934	2358322
NC_042935	89639
NC_042936	89640
NC_042937	2029529
NC_042938	2575953
NC_042939	2029530
NC_042940	2575954
NC_042941	89660
NC_042942	2029531
NC_042944	1196480
NC_042948	437626
NC_042949	437623
NC_042950	885948
NC_042954	1501482
NC_042955	1501477
NC_042956	437255
NC_043774	55496
NC_043775	437305
NC_043776	2576626
NC_043777	414193
NC_043778	1186967
NC_043779	2575589
NC_043780	460663
NC_043781	1068553
NC_043782	203687
NC_043783	642337
NC_043784	2575588
NC_043785	2575587
NC_043786	1133303
NC_043787	362796
NC_043788	215262
NC_043789	258993
NC_043791	340634
NC_043792	2559492
NC_043793	2559493
NC_043794	2559494
NC_043795	1561780
NC_043796	228647
NC_043797	1053376
NC_043798	2559495
NC_043799	40015
NC_043800	2042419
NC_043801	66689
NC_043802	1087073
NC_043803	178107
NC_043804	376213
NC_043805	216165
NC_043806	260119
NC_043807	597418
NC_043808	43153
NC_043809	672974
NC_043810	40009
NC_043811	2559496
NC_043813	1341363
NC_043814	133504
NC_043815	330177
NC_043816	298527
NC_043817	231182
NC_043818	1249011
NC_043819	298518
NC_043820	237885
NC_043821	159432
NC_043822	298520
NC_043823	340636
NC_043824	378248
NC_043825	159421
NC_043826	196581
NC_043827	231636
NC_043828	1857150
NC_043829	659592
NC_043835	466072
NC_043837	4601
NC_043838	4586
NC_043839	4515
NC_043840	4597
NC_043841	4588
NC_043842	13427
NC_043844	223751
NC_043848	98583
NC_043856	88732
NC_043857	168161
NC_043858	103485
NC_043860	498180
NC_043861	165782
NC_043862	155636
NC_043863	2590898
NC_043866	2588148
NC_043867	1267433
NC_043868	1197927
NC_043869	1197930
NC_043870	437248
NC_043871	1197926
NC_043873	204149
NC_043874	56036
NC_043876	79000
NC_043877	223087
NC_043878	439901
NC_043880	1289414
NC_043881	190515
NC_043882	244311
NC_043884	312356
NC_043885	2590034
NC_043886	312358
NC_043890	1034831
NC_043891	591210
NC_043892	411665
NC_043893	1197757
NC_043894	863050
NC_043896	124850
NC_043901	36596
NC_043902	106563
NC_043905	1053618
NC_043912	325278
NC_043913	369397
NC_043919	289766
NC_043921	378228
NC_043922	130426
NC_043923	93780
NC_043924	2171973
NC_043925	300536
NC_043926	232787
NC_043927	2341012
NC_043929	3111310
NC_043931	2593287
NC_043932	1569451
NC_043933	862988
NC_043934	146645
NC_043935	2593291
NC_043936	1676232
NC_043937	146649
NC_043938	146650
NC_043939	146654
NC_043940	1676237
NC_043941	1676246
NC_043942	1676233
NC_043943	2593288
NC_043944	1676239
NC_043945	146646
NC_043946	1676253
NC_043947	1676250
NC_043951	324808
NC_043952	45211
NC_043953	44589
NC_043954	44684
NC_044073	2172029
NC_044076	454001
NC_044079	204588
NC_044080	264541
NC_044082	294733
NC_044084	459581
NC_044085	1799574
NC_044094	74645
NC_044098	374845
NC_044100	247892
NC_044102	336055
NC_044105	1603716
NC_044106	1679311
NC_044108	15000
NC_044113	499991
NC_044114	466223
NC_044115	926279
NC_044116	132452
NC_044117	862910
NC_044118	129218
NC_044119	63789
NC_044123	136465
NC_044126	128735
NC_044147	4497
NC_044148	1892225
NC_044155	2008595
NC_044156	637479
NC_044157	146534
NC_044158	146529
NC_044159	83522
NC_044160	223562
NC_044161	146532
NC_044163	366594
NC_044164	398447
NC_044165	146535
NC_044166	283873
NC_044167	83523
NC_044168	40828
NC_044169	4500
NC_044170	4499
NC_044171	38783
NC_044172	398446
NC_044173	146530
NC_044174	37663
NC_044175	311213
NC_044182	1899210
NC_044183	418402
NC_044185	1744888
NC_044407	236787
NC_044408	35684
NC_044411	113213
NC_044412	165650
NC_044416	146505
NC_044417	53204
NC_044418	654617
NC_044419	2511006
NC_044421	123599
NC_044422	501393
NC_044423	2595066
NC_044462	1550601
NC_044463	2305497
NC_044464	2133758
NC_044465	1487565
NC_044467	210143
NC_044468	93759
NC_044470	48873
NC_044471	258461
NC_044473	29740
NC_044474	166619
NC_044475	289639
NC_044477	1898808
NC_044478	193515
NC_044479	193518
NC_044481	446113
NC_044482	1128769
NC_044486	77586
NC_044487	1552698
NC_044488	2067800
NC_044491	2600302
NC_044626	59353
NC_044627	397648
NC_044628	1768213
NC_044629	152095
NC_044630	2249442
NC_044631	1461640
NC_044632	744034
NC_044633	337206
NC_044634	203643
NC_044636	152092
NC_044637	49668
NC_044644	231484
NC_044645	1567550
NC_044666	4681
NC_044667	43545
NC_044668	1685549
NC_044671	265785
NC_044680	425823
NC_044681	641179
NC_044682	373558
NC_044683	389499
NC_044684	449867
NC_044685	253784
NC_044686	262953
NC_044687	1435282
NC_044688	328198
NC_044689	80365
NC_044690	309363
NC_044691	1037063
NC_044692	2604687
NC_044693	176129
NC_044694	137457
NC_044701	42229
NC_044704	2604950
NC_044709	4683
NC_044718	253017
NC_044726	238948
NC_044727	254922
NC_044728	2596707
NC_044729	2596706
NC_044730	947918
NC_044731	254923
NC_044732	137894
NC_044733	378318
NC_044734	378327
NC_044735	2596705
NC_044736	238946
NC_044737	2596708
NC_044738	254911
NC_044739	238943
NC_044746	199627
NC_044747	252870
NC_044756	491817
NC_044758	2567908
NC_044761	210943
NC_044767	2606559
NC_044772	173278
NC_044773	33152
NC_044774	648859
NC_044775	94328
NC_044779	2294062
NC_044780	2607986
NC_044785	2858
NC_044794	253767
NC_044795	58656
NC_044797	193468
NC_044798	37824
NC_044799	86842
NC_044800	989269
NC_044801	230031
NC_044802	77620
NC_044803	193474
NC_044804	346431
NC_044805	346429
NC_044806	123676
NC_044807	604165
NC_044808	39326
NC_044809	860740
NC_044810	60119
NC_044811	16905
NC_044812	16902
NC_044813	164436
NC_044814	60121
NC_044815	16903
NC_044816	234389
NC_044817	367354
NC_044818	28501
NC_044819	228625
NC_044820	4283
NC_044821	60120
NC_044822	4282
NC_044823	164435
NC_044824	164434
NC_044825	367350
NC_044826	161874
NC_044827	60116
NC_044828	16925
NC_044829	52833
NC_044830	193483
NC_044831	193494
NC_044832	86875
NC_044833	108595
NC_044834	123682
NC_044835	23101
NC_044836	152292
NC_044837	230032
NC_044838	228042
NC_044839	228060
NC_044840	16897
NC_044841	152286
NC_044842	860753
NC_044843	1623353
NC_044844	55377
NC_044845	185766
NC_044846	16911
NC_044847	228628
NC_044852	659875
NC_044862	2038526
NC_044864	2047775
NC_044889	589470
NC_044890	402160
NC_044891	253611
NC_044892	253608
NC_044893	120598
NC_044894	56899
NC_044895	2594721
NC_044897	589471
NC_044900	52714
NC_044965	140661
NC_044968	44964
NC_045041	374708
NC_045043	180068
NC_045045	370638
NC_045046	180562
NC_045047	180073
NC_045048	180074
NC_045049	626364
NC_045050	180067
NC_045051	59180
NC_045052	19953
NC_045053	86867
NC_045054	105883
NC_045055	179859
NC_045056	77623
NC_045059	2509265
NC_045061	4202
NC_045062	432674
NC_045063	486693
NC_045064	486661
NC_045070	858915
NC_045071	2479786
NC_045072	54801
NC_045077	228395
NC_045079	1089943
NC_045080	1089944
NC_045081	2021205
NC_045082	2544925
NC_045083	1408783
NC_045084	2545923
NC_045085	1903578
NC_045086	1799609
NC_045087	586722
NC_045088	70770
NC_045093	669130
NC_045096	1691898
NC_045098	1073919
NC_045099	55383
NC_045100	59982
NC_045104	53908
NC_045105	2650787
NC_045106	499992
NC_045107	227894
NC_045108	2138330
NC_045109	2650741
NC_045111	59970
NC_045112	2508515
NC_045113	1341709
NC_045114	2650784
NC_045115	2650783
NC_045116	2650782
NC_045117	2650785
NC_045118	2650786
NC_045119	29642
NC_045121	318071
NC_045125	258320
NC_045126	1608486
NC_045182	491196
NC_045183	996943
NC_045184	99506
NC_045193	2589404
NC_045211	13708
NC_045219	134525
NC_045230	2491139
NC_045233	2664490
NC_045234	2664491
NC_045235	1679365
NC_045241	136221
NC_045242	136218
NC_045244	186039
NC_045251	2654222
NC_045252	545644
NC_045253	2291132
NC_045254	344093
NC_045255	155291
NC_045256	128639
NC_045257	2654224
NC_045258	155293
NC_045259	155294
NC_045260	1603732
NC_045261	2654225
NC_045262	155295
NC_045263	1715696
NC_045264	155296
NC_045265	2654226
NC_045266	2654223
NC_045267	29744
NC_045268	128701
NC_045271	1828751
NC_045272	218618
NC_045273	1280383
NC_045274	185493
NC_045275	110867
NC_045276	54456
NC_045277	99812
NC_045278	53103
NC_045279	53109
NC_045280	38862
NC_045281	231512
NC_045284	197121
NC_045286	72351
NC_045287	78632
NC_045288	126981
NC_045289	126986
NC_045290	101193
NC_045291	126984
NC_045292	13452
NC_045294	123564
NC_045295	191917
NC_045296	191891
NC_045297	509014
NC_045298	20342
NC_045299	162940
NC_045300	203098
NC_045301	266086
NC_045302	126914
NC_045303	397272
NC_045304	192999
NC_045307	2599121
NC_045308	106550
NC_045309	2675841
NC_045310	2675844
NC_045311	141003
NC_045312	52522
NC_045313	52521
NC_045314	32219
NC_045315	35968
NC_045316	52524
NC_045317	52529
NC_045318	1143211
NC_045319	1768849
NC_045320	52536
NC_045321	141002
NC_045322	32231
NC_045323	1898940
NC_045324	133198
NC_045325	36614
NC_045326	2675837
NC_045327	2675839
NC_045328	2675838
NC_045329	2675840
NC_045330	36624
NC_045331	140999
NC_045332	2675834
NC_045333	2675835
NC_045334	398295
NC_045335	193303
NC_045336	23211
NC_045337	36622
NC_045338	2675831
NC_045339	690323
NC_045340	690309
NC_045341	690318
NC_045342	1603823
NC_045343	2980405
NC_045344	661343
NC_045345	1581416
NC_045346	589999
NC_045347	1581417
NC_045348	2024535
NC_045349	590000
NC_045350	2675829
NC_045351	2675836
NC_045352	661344
NC_045353	2675832
NC_045354	2675833
NC_045355	661349
NC_045356	690313
NC_045357	690320
NC_045358	1248458
NC_045359	2675830
NC_045380	446899
NC_045384	39529
NC_045385	106464
NC_045386	106463
NC_045388	72187
NC_045389	106549
NC_045390	106567
NC_045391	36594
NC_045392	36604
NC_045393	106557
NC_045394	42754
NC_045395	56993
NC_045396	1393200
NC_045398	86642
NC_045399	1072387
NC_045400	53038
NC_045402	591961
NC_045403	2676863
NC_045405	542673
NC_045406	2678729
NC_045409	2654653
NC_045410	106547
NC_045411	193308
NC_045412	661356
NC_045413	2109368
NC_045414	1826815
NC_045415	36610
NC_045416	664754
NC_045417	1826816
NC_045418	2906878
NC_045419	193300
NC_045420	36618
NC_045421	2305213
NC_045422	661346
NC_045423	193503
NC_045424	3095559
NC_045513	138043
NC_045514	138033
NC_045516	24964
NC_045518	34188
NC_045519	1035808
NC_045520	931182
NC_045527	1895586
NC_045534	2494235
NC_045839	1825957
NC_045840	2704055
NC_045842	466243
NC_045843	283479
NC_045844	1491824
NC_045845	743500
NC_045850	1848406
NC_045851	1525817
NC_045854	1354200
NC_045855	1577577
NC_045856	1354203
NC_045859	1085434
NC_045860	1461639
NC_045861	108543
NC_045862	1470429
NC_045863	71610
NC_045865	1202501
NC_045867	13387
NC_045868	206227
NC_045869	140635
NC_045871	37730
NC_045873	229543
NC_045878	231669
NC_045879	168002
NC_045880	191702
NC_045884	123605
NC_045885	267555
NC_045887	124768
NC_045890	2708604
NC_045891	1477590
NC_045893	1454018
NC_045894	279687
NC_045895	279663
NC_045896	327332
NC_045898	179723
NC_045907	145669
NC_045908	387930
NC_045909	387291
NC_045910	387294
NC_045911	105339
NC_045912	105302
NC_045913	105306
NC_045914	177078
NC_045915	291310
NC_045919	1009479
NC_045920	286874
NC_045925	349097
NC_045926	217073
NC_045941	338490
NC_045942	2705373
NC_045945	906698
NC_045946	37565
NC_045947	39860
NC_045948	3728
NC_046005	309737
NC_046013	1562316
NC_046015	2609018
NC_046017	180981
NC_046018	62097
NC_046019	119260
NC_046022	2681627
NC_046030	105305
NC_046038	374729
NC_046040	413731
NC_046041	172966
NC_046042	172972
NC_046043	172949
NC_046054	86738
NC_046056	70128
NC_046057	82928
NC_046059	165651
NC_046061	2699524
NC_046062	153525
NC_046063	153528
NC_046064	153542
NC_046065	2706573
NC_046385	1045248
NC_046388	38942
NC_046389	714517
NC_046390	2594871
NC_046391	2594872
NC_046392	2594875
NC_046393	2594873
NC_046394	2594874
NC_046396	49801
NC_046397	65043
NC_046409	41386
NC_046413	1878968
NC_046414	2714159
NC_046415	170924
NC_046427	91226
NC_046428	91225
NC_046429	2762697
NC_046430	85252
NC_046431	210135
NC_046432	91219
NC_046433	91209
NC_046434	139932
NC_046435	1370056
NC_046436	2527819
NC_046447	1403536
NC_046448	374962
NC_046449	374960
NC_046450	374967
NC_046451	49675
NC_046452	83861
NC_046453	203103
NC_046454	221253
NC_046455	374954
NC_046456	374957
NC_046457	221255
NC_046458	49666
NC_046459	221258
NC_046460	1045496
NC_046461	49670
NC_046463	1603698
NC_046464	82336
NC_046472	152090
NC_046473	152088
NC_046477	165720
NC_046482	2695833
NC_046483	99446
NC_046486	40007
NC_046487	47968
NC_046488	2099523
NC_046489	796860
NC_046490	217170
NC_046492	2709848
NC_046493	1641298
NC_046495	187399
NC_046498	81762
NC_046503	2709852
NC_046506	137697
NC_046507	165201
NC_046512	77555
NC_046513	77563
NC_046514	502135
NC_046515	2710671
NC_046516	89039
NC_046517	1333497
NC_046520	532141
NC_046568	2712858
NC_046571	1027791
NC_046572	139927
NC_046574	376207
NC_046575	400493
NC_046576	707311
NC_046579	245167
NC_046582	105379
NC_046583	2231306
NC_046585	75096
NC_046587	387589
NC_046599	1112105
NC_046601	1569713
NC_046602	136209
NC_046685	136216
NC_046687	112819
NC_046692	1127564
NC_046693	76276
NC_046695	137226
NC_046696	4491
NC_046697	4485
NC_046698	77602
NC_046699	2547915
NC_046700	4013
NC_046702	78372
NC_046729	1137516
NC_046730	1137538
NC_046731	41982
NC_046732	1137519
NC_046737	48117
NC_046738	1291456
NC_046739	393623
NC_046742	552838
NC_046744	2099537
NC_046745	2099541
NC_046746	1226112
NC_046747	2714546
NC_046751	159591
NC_046752	152838
NC_046755	2714856
NC_046758	210369
NC_046760	13547
NC_046761	426459
NC_046766	158555
NC_046770	166115
NC_046771	690494
NC_046772	2715293
NC_046773	44947
NC_046774	52451
NC_046776	253618
NC_046777	1826813
NC_046781	516069
NC_046782	237951
NC_046783	100515
NC_046784	872800
NC_046785	2291104
NC_046786	289741
NC_046787	176602
NC_046788	290911
NC_046789	72917
NC_046791	648866
NC_046793	42337
NC_046796	13363
NC_046798	915453
NC_046799	915449
NC_046800	419403
NC_046801	1200765
NC_046802	1127247
NC_046803	419410
NC_046804	459599
NC_046805	1200768
NC_046806	78836
NC_046807	78837
NC_046808	111597
NC_046809	669896
NC_046810	431294
NC_046811	1294000
NC_046812	309526
NC_046813	1715879
NC_046814	48526
NC_046815	459597
NC_046816	2598666
NC_046817	1035805
NC_046818	413035
NC_046819	762807
NC_046820	59324
NC_046821	1499526
NC_046822	2715958
NC_046824	74652
NC_046827	13423
NC_046828	51277
NC_046829	71251
NC_046830	41648
NC_046834	2716537
NC_046835	1441374
NC_046836	556514
NC_046837	255348
NC_046838	49212
NC_046841	329875
NC_046842	340444
NC_046844	68535
NC_046845	97736
NC_046846	152355
NC_046847	2575400
NC_046848	212710
NC_046852	326831
NC_046853	1348741
NC_046854	326839
NC_046855	210344
NC_046857	386184
NC_046858	386182
NC_046859	383665
NC_046860	198836
NC_046861	386150
NC_046862	229694
NC_046863	386243
NC_046864	1054457
NC_046865	463179
NC_046866	654837
NC_046867	1144424
NC_046868	1144436
NC_046869	386639
NC_046870	387129
NC_046871	2806871
NC_046872	703387
NC_046873	386173
NC_046874	386154
NC_046875	685060
NC_046876	386201
NC_046879	52462
NC_046882	1144464
NC_046883	1144448
NC_046884	1144454
NC_046885	2613913
NC_046891	1981893
NC_046892	282178
NC_046893	51286
NC_046895	1129362
NC_046896	2053718
NC_046897	1803867
NC_046936	63358
NC_046937	63360
NC_046938	4400
NC_046939	3541
NC_046941	152363
NC_046945	2487577
NC_046947	152138
NC_047059	3897
NC_047060	191923
NC_047061	20340
NC_047175	4068
NC_047176	180581
NC_047177	312783
NC_047178	33125
NC_047180	1968119
NC_047181	1968120
NC_047182	241935
NC_047183	1566870
NC_047190	2717313
NC_047191	253046
NC_047192	1785620
NC_047193	2717818
NC_047194	2717819
NC_047197	1312024
NC_047200	139926
NC_047201	426939
NC_047202	415413
NC_047203	683362
NC_047204	426898
NC_047205	2320126
NC_047206	2717847
NC_047208	2182691
NC_047211	616954
NC_047213	512756
NC_047214	2718939
NC_047215	161272
NC_047223	486493
NC_047226	244509
NC_047228	114194
NC_047229	649009
NC_047230	167386
NC_047232	2544936
NC_047233	2544934
NC_047234	174218
NC_047235	258323
NC_047236	873451
NC_047237	406422
NC_047244	4060
NC_047245	126910
NC_047246	52570
NC_047247	49511
NC_047248	110723
NC_047249	219868
NC_047250	1220707
NC_047251	339493
NC_047252	980009
NC_047253	980005
NC_047254	51271
NC_047255	980024
NC_047256	980027
NC_047257	980025
NC_047258	980010
NC_047259	980011
NC_047260	2652311
NC_047261	980023
NC_047262	980028
NC_047263	51266
NC_047264	980007
NC_047265	980018
NC_047266	980021
NC_047267	980002
NC_047268	980003
NC_047269	293806
NC_047270	980006
NC_047271	159691
NC_047272	159689
NC_047273	980017
NC_047274	980015
NC_047275	980026
NC_047276	51274
NC_047277	980020
NC_047278	51267
NC_047280	161114
NC_047281	66093
NC_047282	66096
NC_047283	346985
NC_047284	396491
NC_047287	473995
NC_047288	3020272
NC_047291	53205
NC_047292	37494
NC_047293	1127172
NC_047294	104301
NC_047295	74635
NC_047296	134799
NC_047297	363217
NC_047298	153537
NC_047300	1593301
NC_047301	2723580
NC_047302	43522
NC_047308	301880
NC_047309	118510
NC_047310	48131
NC_047311	28958
NC_047312	162639
NC_047313	32256
NC_047314	241839
NC_047315	199163
NC_047316	46664
NC_047317	162694
NC_047318	247900
NC_047319	191919
NC_047320	162690
NC_047321	54894
NC_047322	327148
NC_047323	20679
NC_047324	2082043
NC_047325	301889
NC_047326	1237535
NC_047327	162646
NC_047328	162898
NC_047329	162644
NC_047330	205059
NC_047331	2723573
NC_047332	162730
NC_047333	2806813
NC_047334	32252
NC_047335	162878
NC_047336	162812
NC_047337	130453
NC_047338	450042
NC_047339	2723578
NC_047340	1125162
NC_047341	225114
NC_047342	149693
NC_047343	74613
NC_047344	1641295
NC_047345	162734
NC_047346	508915
NC_047347	1911670
NC_047348	1536788
NC_047349	149639
NC_047350	162890
NC_047351	162923
NC_047352	256639
NC_047353	539102
NC_047354	1679269
NC_047355	1358851
NC_047356	32244
NC_047357	2723574
NC_047358	1911668
NC_047359	162883
NC_047360	1234621
NC_047361	162704
NC_047362	323100
NC_047363	948959
NC_047364	468142
NC_047365	43366
NC_047366	346951
NC_047367	162876
NC_047368	72433
NC_047369	66094
NC_047370	670325
NC_047371	140937
NC_047372	140951
NC_047373	1608033
NC_047374	162772
NC_047375	49825
NC_047376	1268648
NC_047377	2723577
NC_047378	1465380
NC_047379	162936
NC_047380	191881
NC_047381	2184280
NC_047382	206309
NC_047383	191942
NC_047384	56060
NC_047385	162836
NC_047386	1387641
NC_047387	321570
NC_047388	162715
NC_047389	458340
NC_047390	2723576
NC_047391	2723575
NC_047392	53827
NC_047393	104316
NC_047394	162783
NC_047395	149681
NC_047396	162669
NC_047397	143050
NC_047398	3089646
NC_047399	114317
NC_047400	948715
NC_047401	2723579
NC_047402	3816
NC_047406	261420
NC_047407	463673
NC_047408	2711274
NC_047409	86768
NC_047412	57577
NC_047413	536166
NC_047414	82927
NC_047415	2725380
NC_047416	265497
NC_047417	86771
NC_047418	2725675
NC_047420	105383
NC_047428	642897
NC_047429	59680
NC_047430	764120
NC_047431	2079440
NC_047432	2726370
NC_047433	1189609
NC_047434	152008
NC_047436	253798
NC_047437	16752
NC_047438	1495201
NC_047439	117978
NC_047440	764105
NC_047441	764104
NC_047442	88123
NC_047443	105885
NC_047446	76036
NC_047447	110284
NC_047448	110283
NC_047450	200056
NC_047451	267271
NC_047452	272140
NC_047453	108053
NC_047454	317637
NC_047458	272863
NC_047460	99072
NC_047461	133254
NC_047463	2726726
NC_047468	155022
NC_047469	263974
NC_047470	339321
NC_047471	63476
NC_047472	272846
NC_047473	685943
NC_047474	293060
NC_047475	34256
NC_047476	141317
NC_047477	296036
NC_047478	930814
NC_047481	354624
NC_047482	903998
NC_047483	193523
NC_047484	389109
NC_047485	389179
NC_047486	41390
NC_047594	138017
NC_048450	41570
NC_048451	49681
NC_048452	50207
NC_048453	86754
NC_048457	37231
NC_048458	1189608
NC_048459	331203
NC_048460	114511
NC_048461	125259
NC_048462	125263
NC_048463	161118
NC_048464	2719321
NC_048474	64942
NC_048478	4189
NC_048479	436809
NC_048480	767544
NC_048481	2720715
NC_048482	767553
NC_048483	767561
NC_048484	767564
NC_048485	767567
NC_048486	767543
NC_048488	97702
NC_048489	61307
NC_048492	100532
NC_048493	50454
NC_048498	63053
NC_048503	126554
NC_048504	329231
NC_048505	136224
NC_048508	2727856
NC_048509	74709
NC_048510	50193
NC_048511	590727
NC_048512	2684401
NC_048513	2727858
NC_048514	300354
NC_048515	304153
NC_048518	3638
NC_048519	55455
NC_048520	127127
NC_048522	4477
NC_048523	1325468
NC_048524	1501466
NC_048527	241616
NC_048528	1642855
NC_048880	2740838
NC_048886	1170223
NC_048889	208863
NC_048890	210382
NC_048891	217619
NC_048952	210363
NC_048953	35974
NC_048954	155299
NC_048955	141750
NC_048958	2735986
NC_048959	2735990
NC_048960	2735985
NC_048961	16049
NC_048966	455371
NC_048970	28475
NC_048971	78384
NC_048972	487139
NC_048973	78374
NC_048975	482968
NC_048978	344096
NC_048981	366470
NC_048982	300208
NC_048983	1220708
NC_048985	227914
NC_048986	227916
NC_048992	101471
NC_048993	152188
NC_048994	210347
NC_048995	64109
NC_048996	201010
NC_048997	54454
NC_048998	98587
NC_048999	557028
NC_049000	211926
NC_049001	3234
NC_049002	41834
NC_049005	1170580
NC_049006	311405
NC_049007	616996
NC_049008	499988
NC_049009	1661389
NC_049010	236974
NC_049013	2686093
NC_049014	481254
NC_049015	191246
NC_049016	1678084
NC_049017	4707
NC_049018	79001
NC_049019	59027
NC_049020	59099
NC_049021	1355408
NC_049022	49657
NC_049023	1045147
NC_049024	299601
NC_049025	59029
NC_049026	49460
NC_049027	2729209
NC_049037	478290
NC_049038	478332
NC_049039	309358
NC_049043	107308
NC_049044	450026
NC_049045	1237534
NC_049046	1353446
NC_049047	2739820
NC_049048	705301
NC_049049	1353464
NC_049050	2739821
NC_049051	2448746
NC_049052	496671
NC_049053	2448748
NC_049054	496672
NC_049055	1553917
NC_049056	99510
NC_049057	496674
NC_049058	2448757
NC_049060	298668
NC_049061	298670
NC_049062	496702
NC_049069	99400
NC_049070	52999
NC_049071	294397
NC_049072	140001
NC_049073	99398
NC_049074	90272
NC_049075	2779698
NC_049076	167897
NC_049078	86994
NC_049080	1071187
NC_049081	2741211
NC_049082	100170
NC_049083	108278
NC_049084	1071199
NC_049085	483143
NC_049086	83951
NC_049090	178765
NC_049093	1334537
NC_049094	1341721
NC_049099	138318
NC_049100	70757
NC_049101	743502
NC_049102	165633
NC_049103	105307
NC_049104	105308
NC_049105	166822
NC_049106	165662
NC_049107	2741634
NC_049108	995770
NC_049109	51607
NC_049110	271749
NC_049111	210380
NC_049112	999555
NC_049113	106568
NC_049114	2741545
NC_049126	1779279
NC_049127	47963
NC_049129	145756
NC_049130	1799599
NC_049131	298664
NC_049132	3128859
NC_049133	364024
NC_049137	655494
NC_049138	1313104
NC_049139	1312016
NC_049140	467326
NC_049141	1072386
NC_049142	1312015
NC_049143	2604358
NC_049144	1202985
NC_049145	1217313
NC_049146	2604359
NC_049147	467327
NC_049148	1428772
NC_049149	1312017
NC_049153	85679
NC_049154	4589
NC_049155	284589
NC_049156	193531
NC_049157	179843
NC_049158	125022
NC_049159	129744
NC_049160	1043438
NC_049161	2745203
NC_049162	134796
NC_049163	168562
NC_049164	168564
NC_049165	171213
NC_049166	2745143
NC_049167	134798
NC_049168	37099
NC_049569	2742969
NC_049570	2742980
NC_049571	2742981
NC_049572	637488
NC_049574	169068
NC_049575	457778
NC_049576	1366939
NC_049577	457767
NC_049578	359814
NC_049579	537117
NC_049580	571357
NC_049581	457770
NC_049582	1799556
NC_049583	586512
NC_049584	347880
NC_049585	359818
NC_049586	126270
NC_049587	202778
NC_049588	580998
NC_049589	359865
NC_049590	1248441
NC_049591	571374
NC_049592	1579394
NC_049593	115938
NC_049594	486118
NC_049595	264427
NC_049596	359822
NC_049597	115924
NC_049598	115925
NC_049599	72658
NC_049600	115930
NC_049601	264432
NC_049602	278950
NC_049603	82356
NC_049604	300841
NC_049605	416611
NC_049606	416612
NC_049607	50463
NC_049608	71322
NC_049609	457792
NC_049610	558123
NC_049611	71338
NC_049612	97993
NC_049613	97989
NC_049614	220483
NC_049615	228876
NC_049616	1819373
NC_049617	82288
NC_049618	1400615
NC_049619	311912
NC_049620	558138
NC_049621	202635
NC_049622	358662
NC_049623	87302
NC_049624	980117
NC_049625	983599
NC_049626	763965
NC_049627	311941
NC_049628	282596
NC_049629	95413
NC_049630	763963
NC_049631	89411
NC_049632	359840
NC_049633	161951
NC_049634	98002
NC_049635	1370069
NC_049636	347890
NC_049637	536395
NC_049638	1137569
NC_049639	167684
NC_049640	81980
NC_049641	71350
NC_049642	359846
NC_049643	302141
NC_049644	664009
NC_049645	664011
NC_049646	300830
NC_049647	302120
NC_049648	97864
NC_049649	1398675
NC_049650	153321
NC_049651	302114
NC_049652	1862636
NC_049653	1533111
NC_049654	2982282
NC_049655	190884
NC_049656	359856
NC_049657	224274
NC_049658	169074
NC_049659	153659
NC_049660	153338
NC_049661	282600
NC_049662	345534
NC_049663	153358
NC_049664	537172
NC_049665	691208
NC_049666	544825
NC_049667	1520945
NC_049668	359859
NC_049669	1400624
NC_049670	478944
NC_049671	313683
NC_049672	391730
NC_049673	581001
NC_049674	691214
NC_049675	126278
NC_049676	359867
NC_049677	1533221
NC_049678	85228
NC_049679	1400636
NC_049680	106785
NC_049681	369028
NC_049682	107243
NC_049683	98021
NC_049684	2498596
NC_049685	664029
NC_049686	664034
NC_049687	71234
NC_049863	2054446
NC_049867	35926
NC_049869	100506
NC_049870	100505
NC_049872	85439
NC_049874	49556
NC_049875	2754055
NC_049876	103490
NC_049877	213178
NC_049879	50801
NC_049883	63058
NC_049884	665685
NC_049885	159372
NC_049886	50309
NC_049887	50314
NC_049888	50323
NC_049889	52501
NC_049891	51350
NC_049897	2777731
NC_049898	648862
NC_050006	208748
NC_050007	208755
NC_050008	97234
NC_050009	41975
NC_050035	136220
NC_050036	136213
NC_050037	136223
NC_050038	251764
NC_050039	136207
NC_050040	136222
NC_050043	1080004
NC_050046	2039307
NC_050047	52976
NC_050048	479794
NC_050051	74656
NC_050052	2706224
NC_050053	268933
NC_050054	1046566
NC_050055	103745
NC_050059	106566
NC_050061	2066556
NC_050062	384659
NC_050063	240005
NC_050064	3335
NC_050065	1141591
NC_050158	565441
NC_050159	171763
NC_050161	1862659
NC_050162	479676
NC_050163	184783
NC_050165	518704
NC_050169	418041
NC_050170	512623
NC_050171	325546
NC_050204	1050191
NC_050205	875672
NC_050206	2650462
NC_050207	80418
NC_050208	136614
NC_050209	682313
NC_050210	875673
NC_050211	215544
NC_050212	1043333
NC_050243	110763
NC_050244	690499
NC_050245	175050
NC_050246	175090
NC_050247	2021927
NC_050248	2021928
NC_050249	1037060
NC_050250	67938
NC_050251	478038
NC_050253	56994
NC_050254	74301
NC_050260	3915
NC_050268	82313
NC_050269	82327
NC_050270	385014
NC_050277	288818
NC_050285	2986133
NC_050292	203717
NC_050296	714495
NC_050300	1763976
NC_050306	354528
NC_050307	50767
NC_050330	62927
NC_050331	1967468
NC_050332	2759220
NC_050333	459178
NC_050345	136111
NC_050346	1132458
NC_050347	1755846
NC_050348	2126358
NC_050349	344085
NC_050350	2759587
NC_050351	1000413
NC_050352	1678074
NC_050353	2759425
NC_050354	1454363
NC_050355	363816
NC_050356	120728
NC_050357	165719
NC_050358	54804
NC_050360	155287
NC_050361	155290
NC_050362	344083
NC_050363	155300
NC_050364	344084
NC_050365	136122
NC_050366	1679282
NC_050367	344080
NC_050368	943095
NC_050369	1679436
NC_050370	344110
NC_050371	82930
NC_050372	3029022
NC_050373	2759698
NC_050384	1009475
NC_050388	542725
NC_050389	648848
NC_050394	179049
NC_050395	146533
NC_050396	264979
NC_050402	368345
NC_050403	2762469
NC_050404	52709
NC_050405	388684
NC_050406	388675
NC_050407	368355
NC_050408	330867
NC_050409	368395
NC_050410	545880
NC_050411	795688
NC_050412	1620044
NC_050413	2071910
NC_050414	888266
NC_050415	42048
NC_050416	29672
NC_050417	640611
NC_050645	153531
NC_050646	153530
NC_050648	227256
NC_050650	155640
NC_050652	212401
NC_050654	50754
NC_050655	50769
NC_050656	50802
NC_050657	50804
NC_050658	134587
NC_050659	166610
NC_050660	149062
NC_050663	380491
NC_050666	291318
NC_050667	71035
NC_050668	1779280
NC_050669	1779278
NC_050670	99155
NC_050671	291221
NC_050672	392739
NC_050673	369786
NC_050674	57650
NC_050678	644748
NC_050684	125041
NC_050687	141728
NC_050689	215068
NC_050690	159697
NC_050739	63659
NC_050741	1190427
NC_050744	1579233
NC_050745	338498
NC_050746	225828
NC_050747	280848
NC_050748	871758
NC_050749	871764
NC_050750	871751
NC_050751	573726
NC_050752	29671
NC_050753	1873511
NC_050754	1182954
NC_050755	387594
NC_050756	338505
NC_050757	2737000
NC_050758	2736999
NC_050759	871754
NC_050760	1915233
NC_050761	2059500
NC_050762	338489
NC_050763	280849
NC_050764	871752
NC_050765	338494
NC_050766	318044
NC_050767	338519
NC_050768	495764
NC_050769	338518
NC_050770	871744
NC_050771	1929884
NC_050772	871748
NC_050773	1873501
NC_050774	318041
NC_050775	1763977
NC_050776	231030
NC_050777	512692
NC_050778	1419534
NC_050779	105183
NC_050780	58168
NC_050781	318049
NC_050782	323115
NC_050783	1030363
NC_050784	253187
NC_050785	537123
NC_050786	253198
NC_050787	253202
NC_050788	253200
NC_050789	663977
NC_050790	359831
NC_050791	368994
NC_050792	763959
NC_050793	97998
NC_050794	359838
NC_050795	763973
NC_050796	359857
NC_050797	264431
NC_050798	369009
NC_050799	253199
NC_050800	664031
NC_050801	763984
NC_050802	359883
NC_050803	369039
NC_050804	369042
NC_050805	359888
NC_050806	253186
NC_050807	375369
NC_050808	2182743
NC_050809	375370
NC_050810	375374
NC_050811	744024
NC_050812	375375
NC_050813	359836
NC_050814	375376
NC_050815	375377
NC_050816	375378
NC_050817	264434
NC_050818	375379
NC_050819	369044
NC_050820	491287
NC_050821	594556
NC_050822	375382
NC_050823	359892
NC_050824	744030
NC_050825	664068
NC_050826	537194
NC_050827	234454
NC_050828	358676
NC_050829	355332
NC_050830	160534
NC_050831	3510
NC_050832	2291122
NC_050833	58944
NC_050834	713924
NC_050847	142181
NC_050848	1044918
NC_050849	745664
NC_050853	54806
NC_050857	29683
NC_050858	141721
NC_050859	861273
NC_050860	90235
NC_050861	747378
NC_050865	2771939
NC_050866	120015
NC_050867	309530
NC_050868	1541233
NC_050869	1541226
NC_050870	53071
NC_050871	53094
NC_050872	944284
NC_050873	2291099
NC_050877	248836
NC_050878	248846
NC_050881	242839
NC_050895	268902
NC_050896	587675
NC_050897	1520033
NC_050898	268918
NC_050899	2263212
NC_050900	38869
NC_050901	180675
NC_050902	268885
NC_050903	342062
NC_050917	171296
NC_050919	1920719
NC_050920	441205
NC_050922	339271
NC_050923	2773786
NC_050924	425106
NC_050925	1603842
NC_050926	82207
NC_050927	463880
NC_050928	174650
NC_050929	424424
NC_050931	210861
NC_050934	1732552
NC_050935	637904
NC_050936	1570123
NC_050937	184572
NC_050939	171251
NC_050940	200641
NC_050941	486677
NC_050943	516070
NC_050944	2774153
NC_050945	1504638
NC_050946	105373
NC_050948	237881
NC_050949	354508
NC_050951	3824
NC_050952	255891
NC_050953	86643
NC_050954	2652540
NC_050955	577428
NC_050956	2292707
NC_050957	2652455
NC_050958	2652586
NC_050959	3758
NC_050962	981065
NC_050963	167434
NC_050965	51269
NC_050966	2774609
NC_050967	2774627
NC_050970	2771272
NC_050971	99292
NC_050972	58333
NC_050974	590004
NC_050975	147027
NC_050977	2739505
NC_050980	85854
NC_050981	61299
NC_050984	1155080
NC_050985	22294
NC_050986	3420
NC_050990	112613
NC_050991	413484
NC_050996	248860
NC_050998	40711
NC_050999	40000
NC_051000	130508
NC_051002	1133302
NC_051003	209816
NC_051455	122310
NC_051457	290685
NC_051493	205695
NC_051498	184140
NC_051500	171880
NC_051501	41633
NC_051502	283121
NC_051503	701338
NC_051504	1486345
NC_051507	113250
NC_051508	235913
NC_051509	348465
NC_051510	1234190
NC_051511	445761
NC_051512	2776144
NC_051520	57009
NC_051521	57203
NC_051523	291312
NC_051524	223878
NC_051531	2653500
NC_051532	309429
NC_051533	2777457
NC_051535	387745
NC_051540	153459
NC_051541	228806
NC_051542	1603687
NC_051543	267264
NC_051544	39347
NC_051546	141545
NC_051550	117261
NC_051553	2777184
NC_051554	2777021
NC_051556	265496
NC_051557	2686033
NC_051559	479408
NC_051560	1603695
NC_051561	204593
NC_051845	5851
NC_051864	70131
NC_051870	1366160
NC_051871	487117
NC_051872	228855
NC_051873	487142
NC_051874	487143
NC_051876	1653467
NC_051877	1930050
NC_051878	1056460
NC_051879	165707
NC_051880	165711
NC_051881	64481
NC_051883	2690220
NC_051885	47101
NC_051887	165712
NC_051888	165705
NC_051890	54703
NC_051893	29761
NC_051894	2762727
NC_051895	1679287
NC_051896	1358781
NC_051897	126737
NC_051898	2762684
NC_051899	2762685
NC_051900	1358782
NC_051901	1679288
NC_051902	1358783
NC_051903	1345223
NC_051904	1619366
NC_051905	2762686
NC_051906	1345225
NC_051907	1358790
NC_051908	1312777
NC_051909	1358792
NC_051910	128618
NC_051911	1118771
NC_051912	2762688
NC_051913	128693
NC_051914	3076337
NC_051915	2762698
NC_051916	2762699
NC_051917	1358789
NC_051918	1129466
NC_051919	43206
NC_051920	381722
NC_051921	381721
NC_051922	159709
NC_051923	381720
NC_051924	2913491
NC_051925	122535
NC_051926	396809
NC_051946	2606425
NC_051947	1826795
NC_051949	50236
NC_051950	1499132
NC_051951	1608371
NC_051952	227244
NC_051954	162759
NC_051955	171881
NC_051956	169053
NC_051957	4023
NC_051958	171216
NC_051959	4025
NC_051960	4024
NC_051961	171218
NC_051964	665470
NC_051966	694369
NC_051969	1508161
NC_051970	180123
NC_051971	212256
NC_051972	170921
NC_051973	996393
NC_051974	2027461
NC_051976	2764331
NC_051977	519565
NC_051978	2764332
NC_051979	223813
NC_051980	2764333
NC_051982	1048768
NC_051986	80774
NC_051987	61241
NC_051988	61243
NC_051991	265245
NC_051992	714505
NC_051997	1679342
NC_051999	2708816
NC_052000	2763563
NC_052001	2763564
NC_052002	1679348
NC_052003	212297
NC_052004	1504425
NC_052005	1317885
NC_052006	544656
NC_052007	2763562
NC_052008	13337
NC_052009	301862
NC_052014	2173064
NC_052696	204211
NC_052697	1218737
NC_052700	43711
NC_052702	299270
NC_052703	41007
NC_052706	70945
NC_052707	114260
NC_052718	237574
NC_052719	43166
NC_052723	98946
NC_052724	231486
NC_052727	1354202
NC_052728	334483
NC_052729	109355
NC_052730	872014
NC_052735	203000
NC_052736	203008
NC_052737	1442781
NC_052738	202978
NC_052739	1700958
NC_052740	907957
NC_052741	72645
NC_052744	2768323
NC_052745	216479
NC_052746	212925
NC_052747	526193
NC_052748	886264
NC_052752	296050
NC_052768	66652
NC_052769	90549
NC_052770	490842
NC_052786	85373
NC_052787	1220503
NC_052788	525528
NC_052789	82324
NC_052790	82328
NC_052791	82329
NC_052792	82330
NC_052830	354523
NC_052833	158552
NC_052844	2768835
NC_052846	137893
NC_052847	238273
NC_052848	13055
NC_052849	46385
NC_052850	50761
NC_052853	210357
NC_052854	323665
NC_052855	69462
NC_052856	1040644
NC_052857	690718
NC_052858	1767139
NC_052859	1040645
NC_052860	1853235
NC_052861	223762
NC_052862	199223
NC_052863	1043453
NC_052864	186957
NC_052866	2769552
NC_052867	219892
NC_052868	2762161
NC_052869	192831
NC_052870	413235
NC_052871	184478
NC_052872	192827
NC_052874	363515
NC_052875	345800
NC_052877	1165891
NC_052878	36599
NC_052882	57928
NC_052883	587679
NC_052884	217474
NC_052909	2770580
NC_052910	157659
NC_052911	1571642
NC_052912	690795
NC_052917	1358797
NC_052918	1196477
NC_052919	316493
NC_052920	132261
NC_052921	2058670
NC_052922	210332
NC_052923	1234497
NC_052924	1559823
NC_053251	207834
NC_053258	2684904
NC_053260	1202986
NC_053261	661978
NC_053262	467328
NC_053263	1202987
NC_053264	574894
NC_053265	1312018
NC_053266	1312019
NC_053267	1312020
NC_053268	160532
NC_053275	186697
NC_053276	699967
NC_053277	110451
NC_053278	127571
NC_053279	2770828
NC_053280	2770808
NC_053281	2770829
NC_053282	2770830
NC_053283	2770831
NC_053284	2770832
NC_053285	2770833
NC_053286	99452
NC_053287	2770835
NC_053288	2770836
NC_053289	2770837
NC_053290	2770838
NC_053291	2770822
NC_053292	2770823
NC_053293	99448
NC_053294	2770825
NC_053295	2770826
NC_053296	2770807
NC_053297	2770827
NC_053298	2770839
NC_053299	1048901
NC_053300	684020
NC_053302	697065
NC_053303	197922
NC_053304	159422
NC_053305	340638
NC_053306	1052166
NC_053307	2771271
NC_053308	340641
NC_053309	197925
NC_053310	159429
NC_053311	380067
NC_053312	231185
NC_053313	197931
NC_053314	237893
NC_053315	343977
NC_053316	343974
NC_053317	159430
NC_053322	147812
NC_053323	39993
NC_053324	3956
NC_053325	596822
NC_053326	164936
NC_053327	260142
NC_053328	507410
NC_053329	507437
NC_053330	2771259
NC_053331	2259843
NC_053332	2771260
NC_053333	2771261
NC_053334	2771262
NC_053335	2771263
NC_053336	2259845
NC_053337	2771264
NC_053338	2259847
NC_053339	2259848
NC_053340	2259849
NC_053341	2771265
NC_053342	2259850
NC_053343	2571312
NC_053344	2771266
NC_053345	2771267
NC_053346	2771268
NC_053347	2771269
NC_053348	2771270
NC_053349	2764686
NC_053352	63422
NC_053353	183220
NC_053354	1898876
NC_053355	1170222
NC_053356	214526
NC_053365	14027
NC_053369	483871
NC_053370	483869
NC_053371	70973
NC_053372	1208400
NC_053373	1208407
NC_053374	476459
NC_053375	424418
NC_053376	342063
NC_053377	587677
NC_053378	2263206
NC_053379	476454
NC_053380	2777458
NC_053381	1150289
NC_053382	2777459
NC_053384	253605
NC_053385	46961
NC_053386	622458
NC_053387	415762
NC_053388	186951
NC_053524	1522775
NC_053525	264972
NC_053526	1177933
NC_053527	589468
NC_053528	589475
NC_053529	253610
NC_053530	402150
NC_053531	253606
NC_053532	153729
NC_053535	1615733
NC_053537	555433
NC_053539	1132635
NC_053540	2487576
NC_053541	542727
NC_053542	23013
NC_053544	53083
NC_053545	722799
NC_053549	1413702
NC_053550	396743
NC_053551	1088836
NC_053552	752253
NC_053553	160530
NC_053554	40689
NC_053555	470571
NC_053562	3830
NC_053563	227901
NC_053564	109808
NC_053565	424905
NC_053567	2004578
NC_053570	1277776
NC_053571	1679389
NC_053572	2709
NC_053573	2709
NC_053574	2778913
NC_053576	272090
NC_053577	272088
NC_053578	1648219
NC_053579	166116
NC_053580	370663
NC_053581	1044923
NC_053582	175042
NC_053583	370656
NC_053584	486446
NC_053585	159014
NC_053586	2726138
NC_053587	2726136
NC_053588	184991
NC_053589	175048
NC_053590	175069
NC_053591	1271606
NC_053592	175046
NC_053593	2763000
NC_053594	175097
NC_053595	175065
NC_053596	175057
NC_053597	1430408
NC_053598	2762999
NC_053599	2763002
NC_053600	175070
NC_053601	175101
NC_053602	175068
NC_053603	175096
NC_053604	170923
NC_053605	170920
NC_053606	690488
NC_053607	184996
NC_053608	2762998
NC_053609	2742986
NC_053610	191082
NC_053611	111616
NC_053612	83795
NC_053613	523338
NC_053614	2806530
NC_053615	2847172
NC_053616	75689
NC_053618	904034
NC_053619	362713
NC_053620	201510
NC_053621	265525
NC_053622	542761
NC_053626	268494
NC_053627	183267
NC_053639	217471
NC_053640	334460
NC_053641	2806829
NC_053643	85855
NC_053647	591955
NC_053654	1008907
NC_053656	336856
NC_053687	100525
NC_053688	1881092
NC_053689	1813458
NC_053690	159041
NC_053691	39388
NC_053693	140662
NC_053694	2854737
NC_053696	1045296
NC_053697	159428
NC_053698	176265
NC_053699	151071
NC_053700	185191
NC_053701	43575
NC_053702	3631
NC_053703	97319
NC_053704	210133
NC_053705	414033
NC_053706	39271
NC_053707	2849020
NC_053708	587669
NC_053713	2557522
NC_053719	2731703
NC_053720	2731702
NC_053721	2304412
NC_053722	1479339
NC_053723	1205715
NC_053724	2731706
NC_053725	416131
NC_053726	324586
NC_053727	196703
NC_053731	118431
NC_053733	76966
NC_053735	106558
NC_053736	213255
NC_053737	86758
NC_053741	161262
NC_053746	2781105
NC_053748	871745
NC_053754	571362
NC_053762	1234228
NC_053764	118357
NC_053765	32229
NC_053766	1506269
NC_053767	516546
NC_053768	366450
NC_053769	2781649
NC_053771	1017257
NC_053773	60426
NC_053774	60418
NC_053775	1752150
NC_053776	1056476
NC_053777	2292708
NC_053778	1056473
NC_053779	1500038
NC_053780	419289
NC_053781	2650408
NC_053782	373122
NC_053783	34254
NC_053784	203835
NC_053785	108868
NC_053787	3565
NC_053788	690450
NC_053791	321415
NC_053792	374723
NC_053793	64093
NC_053818	1177002
NC_053820	1886611
NC_053823	291326
NC_053824	298665
NC_053827	1030150
NC_053828	694358
NC_053829	171884
NC_053830	153343
NC_053832	100580
NC_053833	665979
NC_053834	66385
NC_053835	1045344
NC_053836	182105
NC_053837	100541
NC_053838	309312
NC_053839	65557
NC_053840	683755
NC_053841	3097545
NC_053842	292393
NC_053844	34182
NC_053845	2599109
NC_053848	50878
NC_053849	3743
NC_053850	221251
NC_053851	82755
NC_053856	1608489
NC_053860	86755
NC_053861	13612
NC_053862	573530
NC_053863	2779941
NC_053864	123598
NC_053865	1679275
NC_053866	71605
NC_053868	196139
NC_053872	2783672
NC_053873	38722
NC_053879	1817789
NC_053888	948046
NC_053890	248355
NC_053891	100158
NC_053892	681286
NC_053893	587866
NC_053894	2783717
NC_053895	309270
NC_053896	147913
NC_053897	153522
NC_053899	168121
NC_053902	377125
NC_053907	219895
NC_053909	2783860
NC_053910	1530311
NC_053911	1530314
NC_053912	217757
NC_053913	1530320
NC_053914	325761
NC_053915	319927
NC_053916	690244
NC_053922	110874
NC_053924	1799636
NC_053928	2803818
NC_053931	648870
NC_053932	177062
NC_053933	714510
NC_053934	3882
NC_053938	386280
NC_053940	2803581
NC_053944	239761
NC_053947	35945
NC_053948	91073
NC_053949	131161
NC_053950	264161
NC_053951	63787
NC_053952	91113
NC_053953	91115
NC_053954	91155
NC_053955	595263
NC_054150	764935
NC_054151	266089
NC_054152	2358304
NC_054154	240043
NC_054155	416285
NC_054156	2784197
NC_054161	50192
NC_054162	66654
NC_054163	210349
NC_054164	82404
NC_054165	1679331
NC_054166	2785317
NC_054167	1898877
NC_054168	2303458
NC_054169	2785316
NC_054170	190249
NC_054171	1603843
NC_054172	64582
NC_054174	331256
NC_054175	405732
NC_054176	157652
NC_054177	1541221
NC_054178	190009
NC_054181	161866
NC_054182	1220501
NC_054183	1345077
NC_054184	516554
NC_054185	347003
NC_054186	2785320
NC_054188	86766
NC_054192	3111
NC_054193	2785437
NC_054194	199175
NC_054196	39321
NC_054197	96049
NC_054198	2785973
NC_054200	167981
NC_054203	103480
NC_054204	21020
NC_054205	359525
NC_054211	983981
NC_054212	52150
NC_054213	2896795
NC_054217	1056956
NC_054218	262211
NC_054219	357850
NC_054220	47651
NC_054221	114324
NC_054222	1053410
NC_054224	4123
NC_054233	108881
NC_054234	231032
NC_054238	1055022
NC_054239	54428
NC_054240	2291115
NC_054241	290952
NC_054247	709039
NC_054249	2016256
NC_054252	2789311
NC_054253	151431
NC_054254	151433
NC_054256	53861
NC_054265	180065
NC_054266	1045333
NC_054276	190802
NC_054280	416983
NC_054281	13649
NC_054282	236975
NC_054283	1839802
NC_054284	63414
NC_054286	1085519
NC_054287	2790325
NC_054293	1049808
NC_054294	568210
NC_054295	101652
NC_054296	165504
NC_054297	2666434
NC_054300	1249727
NC_054301	388567
NC_054302	187371
NC_054305	2789741
NC_054306	179860
NC_054307	241844
NC_054308	328098
NC_054309	236976
NC_054310	35936
NC_054328	2792291
NC_054329	3442
NC_054330	261451
NC_054331	261448
NC_054333	1188276
NC_054335	2793139
NC_054336	714477
NC_054337	1501458
NC_054338	2789716
NC_054339	344825
NC_054340	344853
NC_054341	2786967
NC_054342	269719
NC_054343	45185
NC_054344	226284
NC_054345	24776
NC_054346	1399730
NC_054347	1868792
NC_054349	643838
NC_054350	638626
NC_054352	157796
NC_054353	2761820
NC_054355	1603689
NC_054357	173276
NC_054358	1032936
NC_054359	148628
NC_054360	496675
NC_054364	1889603
NC_054365	147930
NC_056081	1078589
NC_056082	349956
NC_056083	2730875
NC_056084	2730876
NC_056085	555706
NC_056086	2730856
NC_056087	2730879
NC_056088	1891461
NC_056089	2730877
NC_056090	2593442
NC_056093	114617
NC_056094	2839963
NC_056096	3054486
NC_056103	38822
NC_056104	1127660
NC_056107	504320
NC_056108	187367
NC_056109	272675
NC_056110	1691893
NC_056112	237939
NC_056113	2794245
NC_056129	68875
NC_056133	344826
NC_056134	344832
NC_056135	418267
NC_056136	67240
NC_056137	66097
NC_056139	70606
NC_056141	54211
NC_056142	79772
NC_056145	126643
NC_056149	542753
NC_056150	147003
NC_056151	1323965
NC_056163	447127
NC_056164	355903
NC_056165	1921744
NC_056166	292582
NC_056169	1205734
NC_056172	148544
NC_056173	34213
NC_056174	585816
NC_056175	198816
NC_056176	198817
NC_056177	585818
NC_056178	381595
NC_056179	82213
NC_056180	928059
NC_056181	198823
NC_056182	198825
NC_056183	198829
NC_056184	244039
NC_056187	76460
NC_056188	48234
NC_056190	192263
NC_056191	489520
NC_056192	230577
NC_056197	38195
NC_056198	1082503
NC_056199	488972
NC_056200	53211
NC_056201	1702134
NC_056202	134795
NC_056203	873086
NC_056204	66205
NC_056205	66207
NC_056206	66208
NC_056207	66209
NC_056208	57651
NC_056209	66210
NC_056210	1008897
NC_056211	2499985
NC_056212	291206
NC_056213	290838
NC_056214	47966
NC_056215	134797
NC_056216	171212
NC_056217	66211
NC_056218	168566
NC_056219	379323
NC_056220	1008898
NC_056221	168567
NC_056222	873090
NC_056223	168568
NC_056224	66214
NC_056225	349748
NC_056226	1779284
NC_056227	66215
NC_056228	75745
NC_056229	290839
NC_056230	886263
NC_056231	2291095
NC_056232	934069
NC_056233	57653
NC_056241	885028
NC_056242	126436
NC_056244	310424
NC_056245	205689
NC_056247	2771584
NC_056250	2795219
NC_056251	77061
NC_056252	285592
NC_056253	75711
NC_056254	2794930
NC_056255	2794931
NC_056256	2259726
NC_056260	167921
NC_056266	552830
NC_056267	366642
NC_056268	218100
NC_056276	1785687
NC_056278	228658
NC_056280	286045
NC_056284	1392609
NC_056286	709060
NC_056288	169771
NC_056289	714648
NC_056292	50172
NC_056294	317635
NC_056295	210328
NC_056298	473997
NC_056300	89636
NC_056301	72945
NC_056311	2753871
NC_056312	2753879
NC_056313	2753881
NC_056314	2753882
NC_056315	2753884
NC_056316	2753877
NC_056317	2753872
NC_056318	2753878
NC_056319	2306254
NC_056320	2753873
NC_056321	2753876
NC_056322	2753870
NC_056328	2544932
NC_056329	175755
NC_056335	2037948
NC_056337	752527
NC_056338	1938959
NC_056339	1620947
NC_056340	2749921
NC_056345	1046253
NC_056346	1046262
NC_056347	1306156
NC_056348	882115
NC_056352	102211
NC_056353	196574
NC_056357	50785
NC_056361	931088
NC_056362	1642861
NC_056363	105599
NC_056372	2724134
NC_056375	1370058
NC_056376	167572
NC_056380	1400687
NC_056381	666735
NC_056382	345237
NC_056383	3905
NC_056387	1008934
NC_056390	1045160
NC_056393	516067
NC_056770	85856
NC_056787	303403
NC_056790	880757
NC_056791	1003145
NC_056794	138539
NC_056798	616968
NC_056802	359507
NC_056803	1392095
NC_056804	176132
NC_056805	176134
NC_056809	1053111
NC_056810	1312037
NC_056811	943094
NC_056812	2606805
NC_056813	2606807
NC_056814	344078
NC_056815	344079
NC_056816	2291135
NC_056817	2606808
NC_056818	349245
NC_056819	419115
NC_056820	419117
NC_056821	349244
NC_056822	419119
NC_056823	419120
NC_056824	419123
NC_056825	419124
NC_056826	574486
NC_056827	320368
NC_056828	574488
NC_056829	865864
NC_056830	574491
NC_056831	574493
NC_056832	574494
NC_056833	320322
NC_056834	574500
NC_056885	106546
NC_056886	451750
NC_056887	66169
NC_056888	450879
NC_056889	58029
NC_056890	89483
NC_056891	2795278
NC_056892	147460
NC_056893	147277
NC_056894	83906
NC_056895	495260
NC_056900	185544
NC_056901	4297
NC_056902	2033745
NC_056904	387602
NC_056905	1867932
NC_056910	88167
NC_056912	53090
NC_056913	573510
NC_056914	1535311
NC_056915	662940
NC_056916	1521119
NC_056917	460776
NC_056918	576390
NC_056924	186965
NC_056925	863007
NC_056926	1429983
NC_056927	4511
NC_056929	59492
NC_056930	59495
NC_056931	75113
NC_056932	1603829
NC_056933	2743669
NC_056934	2761761
NC_056935	421244
NC_056936	421251
NC_056937	1813504
NC_056938	2761762
NC_056939	421246
NC_056940	616972
NC_056941	1521120
NC_056942	190223
NC_056943	75072
NC_056944	2761760
NC_056945	1521122
NC_056946	421253
NC_056947	1813505
NC_056948	45164
NC_056949	2547412
NC_056951	1711277
NC_056952	487998
NC_056953	419125
NC_056954	1310066
NC_056964	189220
NC_056965	59502
NC_056966	2798502
NC_056967	248837
NC_056968	2801065
NC_056969	174557
NC_056970	690825
NC_056971	174534
NC_056973	43879
NC_056974	3064095
NC_056975	483874
NC_056976	118693
NC_056977	4089
NC_056978	200320
NC_056979	4090
NC_056980	118710
NC_056981	76336
NC_056982	338571
NC_056983	344860
NC_056984	85476
NC_056985	4513
NC_056986	447675
NC_056987	69405
NC_056989	1054083
NC_056992	50808
NC_056993	13525
NC_056994	587661
NC_056995	185774
NC_056996	248847
NC_056999	2801951
NC_057000	52835
NC_057001	254927
NC_057002	658545
NC_057003	29747
NC_057049	571348
NC_057050	1603848
NC_057051	316732
NC_057058	255352
NC_057059	4309
NC_057060	1089404
NC_057061	1798790
NC_057062	495256
NC_057063	478036
NC_057065	64700
NC_057066	4673
NC_057067	64477
NC_057069	192326
NC_057075	470706
NC_057076	292385
NC_057077	82382
NC_057081	27967
NC_057082	460770
NC_057086	510735
NC_057087	3498
NC_057088	37690
NC_057090	386443
NC_057091	52822
NC_057094	1892709
NC_057096	1048809
NC_057098	108051
NC_057105	2803976
NC_057106	761861
NC_057107	2803980
NC_057108	520761
NC_057115	587401
NC_057118	1006137
NC_057128	357854
NC_057129	357860
NC_057130	52491
NC_057131	357849
NC_057132	357846
NC_057133	357853
NC_057134	496664
NC_057135	357857
NC_057136	1202429
NC_057137	357856
NC_057138	265822
NC_057139	357845
NC_057140	357858
NC_057141	357855
NC_057144	75085
NC_057145	206307
NC_057148	2294054
NC_057149	2803973
NC_057150	1603727
NC_057151	2033746
NC_057152	185557
NC_057153	504559
NC_057154	185543
NC_057155	2033743
NC_057156	1562320
NC_057157	2033730
NC_057158	2033742
NC_057159	1009482
NC_057160	1009480
NC_057161	2033733
NC_057162	185560
NC_057163	237933
NC_057164	82257
NC_057165	43073
NC_057166	103354
NC_057170	83000
NC_057171	2804998
NC_057172	2732723
NC_057173	2804999
NC_057174	2805000
NC_057175	2805001
NC_057176	2805002
NC_057177	2805003
NC_057178	2805004
NC_057179	2805005
NC_057180	2805006
NC_057181	2805007
NC_057182	2805008
NC_057183	1549776
NC_057184	2306220
NC_057185	2804893
NC_057186	282776
NC_057187	64575
NC_057188	1271632
NC_057189	2805417
NC_057190	434735
NC_057191	151258
NC_057196	204144
NC_057202	146996
NC_057203	147002
NC_057205	927783
NC_057206	130285
NC_057208	1045233
NC_057215	185485
NC_057216	2792290
NC_057217	1532343
NC_057220	1618031
NC_057222	1206573
NC_057226	1399722
NC_057227	2583426
NC_057228	496697
NC_057229	1076141
NC_057231	1740620
NC_057233	210361
NC_057234	450881
NC_057235	361442
NC_057236	237596
NC_057237	1522117
NC_057238	168488
NC_057240	173874
NC_057245	45839
NC_057246	528268
NC_057248	2559504
NC_057253	55444
NC_057254	573517
NC_057255	1052904
NC_057257	374970
NC_057258	313552
NC_057262	543392
NC_057263	84942
NC_057264	681629
NC_057265	133441
NC_057266	124781
NC_057267	1489963
NC_057269	440380
NC_057270	162307
NC_057271	2810017
NC_057275	858910
NC_057276	53833
NC_057277	2461305
NC_057278	185703
NC_057279	3926
NC_057283	662933
NC_057284	587671
NC_057286	1623361
NC_057287	1955528
NC_057288	1219515
NC_057289	2291161
NC_057290	384650
NC_057291	2762383
NC_057292	171944
NC_057293	681501
NC_057296	1136150
NC_057297	86721
NC_057298	86762
NC_057299	85871
NC_057307	1231846
NC_057308	3490
NC_057309	566045
NC_057310	145231
NC_057311	244035
NC_057313	425837
NC_057314	97166
NC_057315	1055014
NC_057432	755258
NC_057434	32248
NC_057435	83819
NC_057439	197125
NC_057440	463589
NC_057441	691185
NC_057443	1457503
NC_057444	271794
NC_057445	185705
NC_057446	2810186
NC_057447	1888364
NC_057448	2810187
NC_057449	1993611
NC_057450	49817
NC_057451	556500
NC_057452	2044327
NC_057453	53885
NC_057454	471941
NC_057455	53893
NC_057456	62119
NC_057457	3891
NC_057458	49834
NC_057459	114995
NC_057460	200947
NC_057461	73310
NC_057462	73298
NC_057463	2810618
NC_057464	130296
NC_057465	106626
NC_057466	39984
NC_057481	2291152
NC_057482	47471
NC_057486	316487
NC_057488	212096
NC_057494	55483
NC_057495	1969800
NC_057496	157934
NC_057498	1685987
NC_057499	2773787
NC_057502	653727
NC_057503	99808
NC_057504	174652
NC_057506	1616486
NC_057507	454322
NC_057508	1699510
NC_057509	39296
NC_057521	428255
NC_057523	2812889
NC_057526	169218
NC_057529	291223
NC_057533	1616479
NC_057535	1382415
NC_057536	1905857
NC_057554	146467
NC_057555	51492
NC_057560	3656
NC_057562	210225
NC_057563	307976
NC_057564	419122
NC_057565	126639
NC_057566	288675
NC_057567	4419
NC_057568	247974
NC_057571	192627
NC_057572	70754
NC_057573	70761
NC_057574	74897
NC_057575	74900
NC_057576	1234383
NC_057577	82225
NC_057578	51450
NC_057579	669876
NC_057580	70766
NC_057581	669879
NC_057582	1781601
NC_057583	138334
NC_057584	105310
NC_057585	165640
NC_057586	1331743
NC_057587	709982
NC_057588	2015193
NC_057592	161269
NC_057593	114476
NC_057594	115525
NC_057595	561305
NC_057596	363513
NC_057597	115715
NC_057598	132429
NC_057599	347934
NC_057600	1813497
NC_057601	2291175
NC_057602	157786
NC_057603	115466
NC_057605	943087
NC_057607	1470427
NC_057610	390502
NC_057615	136225
NC_057616	160526
NC_057618	2740715
NC_057619	460780
NC_057620	1813488
NC_057621	446849
NC_057622	186970
NC_057623	586111
NC_057624	2814614
NC_057625	2814615
NC_057626	2814610
NC_057627	2814616
NC_057628	2814612
NC_057629	2814617
NC_057630	2814611
NC_057631	2814613
NC_057633	2815227
NC_057637	184983
NC_057639	359505
NC_057640	48105
NC_057641	948041
NC_057644	2798769
NC_057645	444606
NC_057647	354507
NC_057655	70943
NC_057656	78529
NC_057657	70966
NC_057658	66819
NC_057659	70975
NC_057660	66811
NC_057661	70936
NC_057663	591100
NC_057677	225334
NC_057678	443373
NC_057679	4142
NC_057680	54229
NC_057681	2726091
NC_057682	85268
NC_057683	76397
NC_057953	1792663
NC_057955	4326
NC_057956	147911
NC_057957	147912
NC_057958	2056232
NC_057961	871918
NC_057962	4545
NC_057967	153527
NC_057974	1190700
NC_057975	2816322
NC_057978	190246
NC_057982	2804887
NC_057983	43536
NC_057984	3054898
NC_057985	254027
NC_057986	2816899
NC_057987	934700
NC_057988	714511
NC_057989	236973
NC_057990	178762
NC_057991	860750
NC_057993	189211
NC_057994	167917
NC_057995	1276815
NC_057996	2778426
NC_057997	2778427
NC_057998	224084
NC_057999	885951
NC_058000	2778425
NC_058001	2768116
NC_058006	316893
NC_058010	1205801
NC_058012	2219189
NC_058013	2203444
NC_058018	296042
NC_058199	1843188
NC_058203	318062
NC_058204	252999
NC_058205	253038
NC_058206	53125
NC_058207	315274
NC_058208	451014
NC_058209	53107
NC_058210	53098
NC_058211	296650
NC_058212	451016
NC_058214	93770
NC_058215	253034
NC_058216	319621
NC_058217	871749
NC_058218	743497
NC_058219	88840
NC_058220	743509
NC_058221	165658
NC_058222	363523
NC_058224	99038
NC_058225	130281
NC_058226	2810384
NC_058227	261427
NC_058231	1205770
NC_058233	174249
NC_058237	1670841
NC_058238	2830725
NC_058239	1198337
NC_058240	2830726
NC_058241	2834524
NC_058245	144149
NC_058246	516545
NC_058247	673035
NC_058248	1732551
NC_058249	2831536
NC_058252	2834332
NC_058253	2830874
NC_058254	2830873
NC_058256	370647
NC_058257	2834326
NC_058258	2834331
NC_058259	2834327
NC_058260	2834324
NC_058261	690509
NC_058262	2834325
NC_058263	1044913
NC_058266	81733
NC_058267	2800577
NC_058268	81865
NC_058269	3407
NC_058270	1172173
NC_058271	86747
NC_058272	86748
NC_058273	714451
NC_058274	169774
NC_058276	2834869
NC_058277	153471
NC_058278	266768
NC_058279	3693
NC_058280	539895
NC_058287	239695
NC_058288	239711
NC_058289	239718
NC_058294	49672
NC_058295	1768215
NC_058296	34186
NC_058297	1633990
NC_058298	1126413
NC_058299	4694
NC_058300	254980
NC_058302	196900
NC_058304	1805963
NC_058305	3813
NC_058307	1432737
NC_058308	3057657
NC_058311	2056509
NC_058314	233772
NC_058315	180580
NC_058316	2614457
NC_058317	210355
NC_058318	16907
NC_058319	46789
NC_058321	536986
NC_058322	2588548
NC_058323	536997
NC_058324	2835937
NC_058325	167920
NC_058326	1368223
NC_058327	751784
NC_058328	662900
NC_058329	457135
NC_058330	1368226
NC_058331	1737573
NC_058332	41381
NC_058333	694355
NC_058334	2835933
NC_058335	664368
NC_058336	2835938
NC_058517	262112
NC_058525	145947
NC_058526	2039585
NC_058527	560554
NC_058528	1291450
NC_058529	2802631
NC_058530	137223
NC_058531	1097178
NC_058532	608807
NC_058533	536985
NC_058534	703614
NC_058535	55190
NC_058536	53863
NC_058537	450028
NC_058538	2696680
NC_058539	106130
NC_058540	2779804
NC_058541	37310
NC_058542	37413
NC_058543	1968112
NC_058544	29583
NC_058545	49762
NC_058546	522327
NC_058547	245469
NC_058548	279761
NC_058549	13606
NC_058550	86753
NC_058551	2872307
NC_058552	1263484
NC_058553	261429
NC_058554	261419
NC_058555	858346
NC_058556	2855384
NC_058557	49731
NC_058558	34195
NC_058559	261412
NC_058560	100526
NC_058561	1263486
NC_058562	557558
NC_058563	45371
NC_058564	1263488
NC_058565	261421
NC_058566	261422
NC_058567	2259080
NC_058568	2259081
NC_058569	261403
NC_058570	2872360
NC_058571	1235666
NC_058572	2829159
NC_058573	161264
NC_058574	1196495
NC_058575	662921
NC_058576	35871
NC_058577	669840
NC_058578	486666
NC_058579	1433308
NC_058581	252528
NC_058582	260672
NC_058583	37645
NC_058590	439689
NC_058591	204584
NC_058592	587664
NC_058593	99817
NC_058595	109864
NC_058601	29664
NC_058605	2873315
NC_058613	75952
NC_058614	381730
NC_058615	283125
NC_058616	4300
NC_058617	66386
NC_058618	179355
NC_058619	146502
NC_058620	1679378
NC_058621	1181297
NC_058622	214525
NC_058623	187286
NC_058624	1008906
NC_058625	1573160
NC_058626	2873782
NC_058627	137220
NC_058628	474000
NC_058629	2873938
NC_058630	496572
NC_058631	359519
NC_058632	56939
NC_058633	169980
NC_058634	341989
NC_058642	2512265
NC_058645	415160
NC_058646	147924
NC_058647	432629
NC_058648	13529
NC_058649	210416
NC_058650	309527
NC_058651	2873517
NC_058652	2782747
NC_058653	172962
NC_058655	1574224
NC_058656	172960
NC_058657	206548
NC_058658	356490
NC_058659	2783451
NC_058660	172961
NC_058661	1638138
NC_058662	1183060
NC_058663	172945
NC_058664	172946
NC_058665	2873518
NC_058666	31471
NC_058667	2779
NC_058668	172974
NC_058669	172951
NC_058670	31472
NC_058687	1499134
NC_058688	29737
NC_058689	1440069
NC_058690	1679399
NC_058691	62615
NC_058692	226113
NC_058693	2866711
NC_058698	1053340
NC_058699	2293672
NC_058700	1008927
NC_058701	267567
NC_058702	267982
NC_058703	2843
NC_058704	41457
NC_058705	371681
NC_058706	325533
NC_058707	325534
NC_058708	2049520
NC_058709	2830825
NC_058710	2821792
NC_058711	2871784
NC_058712	2871785
NC_058713	460774
NC_058714	325539
NC_058715	1053125
NC_058716	1043460
NC_058717	136126
NC_058718	943097
NC_058719	2821793
NC_058720	1679399
NC_058721	325542
NC_058722	1043461
NC_058723	2871786
NC_058724	2746698
NC_058725	2871787
NC_058726	2871788
NC_058727	128687
NC_058728	2871789
NC_058729	325544
NC_058730	460787
NC_058731	2871790
NC_058732	2875971
NC_058735	1348128
NC_058736	276775
NC_058737	31363
NC_058739	366669
NC_058740	366670
NC_058742	71407
NC_058743	1089802
NC_058744	445759
NC_058745	86021
NC_058746	299427
NC_058747	81418
NC_058748	365587
NC_058749	145781
NC_058750	145780
NC_058751	64905
NC_058752	118374
NC_058753	52152
NC_058754	354531
NC_058755	261998
NC_058756	199222
NC_058757	1830165
NC_058758	2876856
NC_058759	2876857
NC_058760	231658
NC_058761	382166
NC_058762	2818324
NC_058768	441892
NC_058769	98221
NC_058770	2889
NC_058771	98220
NC_058772	88159
NC_058773	2876817
NC_058774	2867347
NC_058775	257425
NC_058776	2872187
NC_058777	340438
NC_058778	1603713
NC_058779	50994
NC_058780	44447
NC_058781	186175
NC_058782	44446
NC_058783	37318
NC_058784	183589
NC_058785	237455
NC_058786	2023136
NC_058787	408158
NC_058788	125207
NC_058794	319741
NC_058795	669838
NC_058796	73277
NC_058797	140109
NC_058798	73312
NC_058799	586382
NC_058801	253001
NC_058802	674467
NC_058803	538576
NC_058804	101010
NC_058805	538577
NC_058806	64941
NC_058807	60188
NC_058808	175105
NC_058809	2873722
NC_058810	2762674
NC_058811	1523614
NC_058812	656700
NC_058813	656699
NC_058814	2873720
NC_058815	1130759
NC_058816	656694
NC_058817	49036
NC_058818	2058278
NC_058819	2058280
NC_058820	2873721
NC_058821	2877934
NC_058822	3020928
NC_058823	714492
NC_058824	2211417
NC_058825	2859862
NC_058826	194891
NC_058827	317035
NC_058828	460781
NC_058829	1981914
NC_058830	619227
NC_058831	2775422
NC_058832	2878101
NC_058833	78825
NC_058834	53093
NC_058835	1685984
NC_058836	2805421
NC_058837	1618144
NC_058838	2805422
NC_058839	2803363
NC_058840	2138336
NC_058841	2805425
NC_058842	2805424
NC_058843	2805423
NC_058844	1417620
NC_058845	559336
NC_058847	2754729
NC_058848	471948
NC_058849	2487575
NC_058850	402155
NC_058851	2263209
NC_058852	587672
NC_058853	542723
NC_058854	2857521
NC_058855	544668
NC_058858	227897
NC_058859	364664
NC_058860	50142
NC_058861	1069580
NC_058862	2785203
NC_058863	1248967
NC_058864	2785204
NC_058865	2785205
NC_058866	529577
NC_058867	2596929
NC_058868	70887
NC_058869	350433
NC_058870	665508
NC_058871	3143517
NC_058872	1679258
NC_058873	173670
NC_058874	16901
NC_058875	376140
NC_058876	49265
NC_058877	83372
NC_058878	291031
NC_058879	544492
NC_058880	452973
NC_058881	479407
NC_058882	2182725
NC_058883	170715
NC_058884	553064
NC_058885	231648
NC_058887	693372
NC_058889	167473
NC_058890	361614
NC_058891	361618
NC_058892	137693
NC_058896	2741994
NC_058897	273621
NC_058900	86765
NC_058901	86764
NC_058902	86759
NC_058903	86756
NC_058905	1280243
NC_058910	516465
NC_058911	376129
NC_058912	100810
NC_058913	65993
NC_058914	523875
NC_058915	51276
NC_058916	2804075
NC_058918	400237
NC_058919	52830
NC_058920	1277777
NC_058924	1840594
NC_058925	214685
NC_058926	4639
NC_058927	228181
NC_058928	1230170
NC_058929	574498
NC_058930	94325
NC_058931	574497
NC_058932	52706
NC_058933	648046
NC_058934	574496
NC_058935	2546564
NC_058936	574495
NC_058937	349353
NC_058938	2879105
NC_058939	591794
NC_058940	228179
NC_058941	865863
NC_058942	2546563
NC_058943	482409
NC_058944	2546562
NC_058945	2563115
NC_058946	574484
NC_058947	482298
NC_058948	574483
NC_058949	627590
NC_058950	1765309
NC_058951	574478
NC_058952	648045
NC_058953	192045
NC_058954	133197
NC_058955	574480
NC_058956	213591
NC_058957	574479
NC_058958	1765313
NC_058959	1068670
NC_058960	176125
NC_058962	2880676
NC_058983	489532
NC_058984	2182728
NC_058985	1413687
NC_058986	1413699
NC_058987	185713
NC_058988	1501461
NC_058989	38846
NC_058993	2880245
NC_058994	78999
NC_058995	2306269
NC_058996	1056469
NC_058997	86735
NC_058998	651555
NC_058999	416196
NC_059000	43861
NC_059001	1367312
NC_059002	194251
NC_059003	1008932
NC_059004	1357590
NC_059005	2871446
NC_059006	212238
NC_059007	2867532
NC_059008	3557
NC_059009	1505710
NC_059010	19767
NC_059011	35923
NC_059012	3555
NC_059013	1775858
NC_059014	45494
NC_059015	350892
NC_059016	343494
NC_059017	19768
NC_059018	2848329
NC_059019	444111
NC_059020	65139
NC_059021	13345
NC_059022	2783863
NC_059023	928658
NC_059024	2783864
NC_059025	2576276
NC_059026	983205
NC_059027	140651
NC_059029	580468
NC_059030	137681
NC_059031	1134479
NC_059032	1134487
NC_059033	105748
NC_059039	349989
NC_059040	2884848
NC_059041	183809
NC_059042	1711133
NC_059043	1711173
NC_059044	2884841
NC_059045	1711211
NC_059046	1226037
NC_059047	2884842
NC_059048	2884843
NC_059049	1711365
NC_059050	648813
NC_059051	2660570
NC_059052	183848
NC_059053	795992
NC_059054	2884844
NC_059055	1711585
NC_059056	2884845
NC_059057	2884846
NC_059058	1955439
NC_059059	2884847
NC_059061	1115371
NC_059062	118074
NC_059101	144562
NC_059569	152471
NC_059684	995753
NC_059685	679627
NC_059686	2762052
NC_059687	146439
NC_059688	634078
NC_059689	402163
NC_059690	402156
NC_059691	2817436
NC_059692	66380
NC_059695	1715882
NC_059696	1499529
NC_059697	128655
NC_059698	202985
NC_059699	212079
NC_059701	2817680
NC_059703	374092
NC_059715	50506
NC_059718	2763342
NC_059719	447676
NC_059720	367337
NC_059722	156128
NC_059723	378239
NC_059726	433866
NC_059727	688078
NC_059728	2793231
NC_059729	2575270
NC_059730	48734
NC_059731	314390
NC_059732	649487
NC_059733	2793230
NC_059734	58089
NC_059735	2793232
NC_059736	1312036
NC_059737	2093820
NC_059738	208273
NC_059739	2793233
NC_059740	208267
NC_059741	270105
NC_059742	751662
NC_059743	2818403
NC_059744	1899098
NC_059745	2818402
NC_059746	2818401
NC_059747	2491184
NC_059748	357929
NC_059750	1537673
NC_059751	318043
NC_059752	387603
NC_059754	13579
NC_059760	253066
NC_059761	153559
NC_059766	79760
NC_059767	446348
NC_059768	1041103
NC_059769	268104
NC_059786	2801067
NC_059787	1009339
NC_059788	53106
NC_059789	153543
NC_059790	2819571
NC_059798	1318717
NC_059799	1318718
NC_059800	488216
NC_059802	71365
NC_059803	85681
NC_059806	443222
NC_059807	52824
NC_059812	2800787
NC_059813	2023964
NC_059814	396367
NC_059815	2005478
NC_059818	2495568
NC_059819	2752317
NC_059820	2752318
NC_059821	2752319
NC_059822	79838
NC_059823	91512
NC_059824	79841
NC_059825	1393007
NC_059826	1564042
NC_059827	2752320
NC_059828	2752321
NC_059829	1755060
NC_059830	2752322
NC_059831	2752323
NC_059832	2752324
NC_059833	2752325
NC_059834	330584
NC_059835	330568
NC_059836	2529014
NC_059837	2752326
NC_059838	2152738
NC_059839	2152740
NC_059840	2152742
NC_059841	2752327
NC_059842	2152743
NC_059843	2752329
NC_059844	2152747
NC_059849	586110
NC_059857	995772
NC_059863	710636
NC_059865	58040
NC_059867	146642
NC_059874	1824557
NC_059875	442491
NC_059876	382117
NC_059880	1238147
NC_059882	2820668
NC_059883	50997
NC_059884	2684111
NC_059885	2762710
NC_059886	50998
NC_059887	2820671
NC_059888	1692141
NC_059889	2820670
NC_059890	2820667
NC_059891	1322073
NC_059892	2820669
NC_059898	1127366
NC_059901	110753
NC_059902	2792840
NC_059904	321597
NC_059905	321600
NC_059906	54240
NC_059909	316496
NC_059912	213405
NC_059914	293753
NC_059915	293754
NC_059917	2821797
NC_059918	944285
NC_059929	671091
NC_059930	265552
NC_059942	63779
NC_059943	1752749
NC_059944	2822274
NC_059945	2822275
NC_059946	2822276
NC_059947	2822277
NC_059948	253057
NC_059949	127142
NC_059950	2822548
NC_059952	467323
NC_059953	714471
NC_059954	37678
NC_059955	145782
NC_059956	568970
NC_059957	2057215
NC_059958	382112
NC_059959	568985
NC_059960	545882
NC_059961	29663
NC_059962	388729
NC_059963	389627
NC_059964	336211
NC_059965	1793978
NC_059966	337259
NC_059967	38680
NC_059968	200276
NC_059969	640591
NC_059970	388717
NC_059971	388727
NC_059972	1440564
NC_059973	388724
NC_059974	293727
NC_059975	1176442
NC_059976	2822524
NC_059977	375994
NC_059978	58937
NC_059979	368336
NC_059980	665539
NC_059981	36899
NC_059982	368332
NC_059983	1550224
NC_059984	417390
NC_060289	2029900
NC_060291	2597005
NC_060294	688336
NC_060295	2789018
NC_060297	211954
NC_060298	1211612
NC_060299	388721
NC_060303	1204770
NC_060305	1165888
NC_060310	1486052
NC_060312	86864
NC_060313	483693
NC_060314	516072
NC_060324	82094
NC_060326	2824821
NC_060331	440931
NC_060332	690312
NC_060333	2824816
NC_060334	2824815
NC_060335	690325
NC_060336	690327
NC_060337	690321
NC_060338	690316
NC_060339	2282112
NC_060342	194508
NC_060347	2824936
NC_060348	3213
NC_060349	175698
NC_060351	371026
NC_060352	97308
NC_060354	2825901
NC_060355	672162
NC_060356	2825902
NC_060360	637490
NC_060362	1627839
NC_060363	223760
NC_060366	1055021
NC_060367	2826952
NC_060369	2717849
NC_060370	2182714
NC_060371	50764
NC_060372	199607
NC_060376	2796462
NC_060377	2827250
NC_060378	167423
NC_060379	2029647
NC_060380	2231307
NC_060381	1266308
NC_060382	2802308
NC_060384	231106
NC_060385	946018
NC_060388	137891
NC_060389	2770812
NC_060390	589495
NC_060391	2827266
NC_060392	589497
NC_060393	2093993
NC_060394	589498
NC_060395	589500
NC_060396	589503
NC_060397	121774
NC_060398	589504
NC_060399	1986451
NC_060400	589505
NC_060401	332109
NC_060402	89656
NC_060403	3884
NC_060404	1541215
NC_060407	338532
NC_060408	53588
NC_060410	159048
NC_060411	58425
NC_060413	167407
NC_060414	2800772
NC_060416	572124
NC_060417	362646
NC_060426	48103
NC_060427	198841
NC_060436	2828845
NC_060437	2828831
NC_060438	2828832
NC_060439	1143220
NC_060440	36608
NC_060441	1125981
NC_060442	2071890
NC_060443	2828828
NC_060444	143397
NC_060445	2828841
NC_060446	690338
NC_060447	2071426
NC_060448	2828846
NC_060449	2828842
NC_060450	2828840
NC_060451	2828837
NC_060452	1143218
NC_060453	690314
NC_060454	1248455
NC_060455	690335
NC_060456	690308
NC_060457	690310
NC_060458	690329
NC_060459	690317
NC_060460	1224218
NC_060462	1009498
NC_060463	2267401
NC_060469	122816
NC_060470	215693
NC_060471	112523
NC_060472	100514
NC_060474	174190
NC_060475	227243
NC_060476	1214907
NC_060477	71324
NC_060478	359823
NC_060479	883001
NC_060480	883000
NC_060481	2864041
NC_060489	3621
NC_060490	551137
NC_060492	89479
NC_060493	524983
NC_060495	232789
NC_060496	152891
NC_060497	256349
NC_060498	1902268
NC_060499	203638
NC_060501	3704
NC_060507	318063
NC_060513	57926
NC_060514	642461
NC_060515	160527
NC_060516	160525
NC_060517	160540
NC_060518	38177
NC_060519	160539
NC_060521	197796
NC_060522	296035
NC_060523	231659
NC_060524	230837
NC_060525	179762
NC_060526	78735
NC_060527	179764
NC_060528	1902265
NC_060529	179760
NC_060530	177028
NC_060531	173371
NC_060532	3063876
NC_060533	173370
NC_060534	1985640
NC_060536	714469
NC_060542	2907390
NC_060545	167764
NC_060547	2898755
NC_060548	82334
NC_060549	859525
NC_060550	82316
NC_060551	859542
NC_060552	553057
NC_060558	2896526
NC_060559	1623376
NC_060560	1043521
NC_060562	2715869
NC_060571	2593397
NC_060572	1286646
NC_060573	1476991
NC_060574	2259616
NC_060575	2315736
NC_060576	1097187
NC_060577	2662338
NC_060578	2315738
NC_060579	2315742
NC_060580	2910305
NC_060581	2315733
NC_060582	2315734
NC_060583	2315743
NC_060585	2881376
NC_060587	2904616
NC_060598	2184480
NC_060599	2184481
NC_060600	230060
NC_060605	1442784
NC_060607	174648
NC_060608	132459
NC_060609	29625
NC_060613	1497439
NC_060614	1330311
NC_060615	75094
NC_060616	190232
NC_060617	176136
NC_060618	411215
NC_060629	142721
NC_060633	1527830
NC_060634	468846
NC_060636	183268
NC_060644	208695
NC_060645	123417
NC_060646	75079
NC_060649	371028
NC_060650	53076
NC_060651	119264
NC_060653	344448
NC_060654	171221
NC_060656	1333928
NC_060657	260143
NC_060661	139772
NC_060662	708432
NC_060663	2906516
NC_060664	2906000
NC_060668	1752756
NC_060669	2908020
NC_060670	120713
NC_060672	419113
NC_060674	202997
NC_060675	1442766
NC_060676	1442772
NC_060677	203005
NC_060678	1442774
NC_060679	203009
NC_060680	487764
NC_060681	203017
NC_060682	1442783
NC_060683	203018
NC_060684	194561
NC_060685	1392590
NC_060687	195136
NC_060688	216538
NC_060689	626671
NC_060696	227242
NC_060698	1616352
NC_060699	648851
NC_060700	306286
NC_060701	1185431
NC_060702	2884236
NC_060703	2878544
NC_060704	128207
NC_060705	2875780
NC_060706	648860
NC_060707	1200277
NC_060714	1679393
NC_060715	51089
NC_060716	389498
NC_060724	86757
NC_060725	1200842
NC_060727	348285
NC_060728	121766
NC_060729	59172
NC_060731	1531991
NC_060732	75703
NC_060733	714473
NC_060734	265705
NC_060749	496690
NC_060750	2666235
NC_060751	584745
NC_060752	584763
NC_060753	948492
NC_060754	584762
NC_060755	2583323
NC_060756	2597139
NC_060757	584734
NC_060763	199644
NC_060764	110731
NC_060765	110733
NC_060775	268493
NC_060776	657399
NC_060777	452971
NC_060778	460809
NC_060779	2914709
NC_060780	2099396
NC_060782	1037478
NC_060785	1043515
NC_060791	941697
NC_060792	1603722
NC_060793	1580173
NC_060799	47141
NC_060800	367341
NC_060801	421875
NC_060805	329225
NC_060810	185975
NC_060811	47096
NC_060812	516079
NC_060813	2489263
NC_060826	256494
NC_060827	43199
NC_060828	43200
NC_060829	329675
NC_060830	451702
NC_060831	64118
NC_060832	2913439
NC_060833	2782346
NC_060834	1195740
NC_060835	1195737
NC_060836	2913440
NC_060837	13393
NC_060840	1133296
NC_060841	312531
NC_060845	433935
NC_060846	432994
NC_060847	1798021
NC_060853	1143222
NC_060854	690326
NC_060855	690337
NC_060856	2828844
NC_060857	426664
NC_060858	186022
NC_060859	33649
NC_060861	1938282
NC_060862	2880154
NC_060863	580365
NC_060864	558121
NC_060865	580366
NC_060866	1439934
NC_060875	1792298
NC_060876	13011
NC_060982	174164
NC_060983	387276
NC_060984	46980
NC_060985	407842
NC_060986	168011
NC_060987	168012
NC_060991	228517
NC_060994	2712842
NC_060996	55442
NC_060997	319739
NC_060998	2035401
NC_060999	2498161
NC_061000	2498162
NC_061001	1046420
NC_061002	1046409
NC_061003	2675546
NC_061004	2498163
NC_061005	2865628
NC_061006	1530334
NC_061007	516017
NC_061008	48932
NC_061009	2915188
NC_061010	658098
NC_061011	2764635
NC_061012	2915643
NC_061013	2915633
NC_061014	2915645
NC_061015	2915641
NC_061016	1045339
NC_061017	658104
NC_061018	658106
NC_061019	858952
NC_061020	1045338
NC_061021	2054448
NC_061022	658096
NC_061023	2856452
NC_061025	160371
NC_061026	2915642
NC_061028	324804
NC_061038	1806195
NC_061039	167390
NC_061040	1676248
NC_061041	1399684
NC_061042	108594
NC_061043	496689
NC_061046	908985
NC_061047	1881117
NC_061048	515483
NC_061049	3003
NC_061050	1497993
NC_061051	147928
NC_061055	59297
NC_061056	61141
NC_061171	2875816
NC_061173	28514
NC_061174	3765
NC_061175	3795
NC_061176	137689
NC_061178	403832
NC_061179	72385
NC_061183	1799701
NC_061184	2591603
NC_061185	2591604
NC_061186	443869
NC_061187	663348
NC_061188	2916729
NC_061189	1080101
NC_061190	2591602
NC_061191	570847
NC_061192	443873
NC_061194	2173066
NC_061197	361423
NC_061198	767568
NC_061199	669839
NC_061200	1407756
NC_061201	1534660
NC_061202	1407759
NC_061203	1407760
NC_061208	2291116
NC_061213	205582
NC_061214	2875946
NC_061215	1200272
NC_061218	3806
NC_061219	215256
NC_061221	62340
NC_061222	55464
NC_061223	62342
NC_061224	2884936
NC_061227	264982
NC_061229	342065
NC_061230	424425
NC_061249	86773
NC_061251	544729
NC_061252	140872
NC_061253	100296
NC_061254	234725
NC_061255	2666210
NC_061256	1650713
NC_061257	1650721
NC_061258	2917548
NC_061263	136998
NC_061264	74650
NC_061265	57935
NC_061266	74646
NC_061267	119236
NC_061268	127554
NC_061269	74631
NC_061270	74653
NC_061271	74632
NC_061272	74628
NC_061285	63678
NC_061286	203570
NC_061287	97872
NC_061288	225681
NC_061289	97860
NC_061290	59289
NC_061291	81991
NC_061292	84533
NC_061294	237845
NC_061299	198286
NC_061300	418163
NC_061301	357897
NC_061302	421870
NC_061303	1249729
NC_061304	584531
NC_061305	388572
NC_061306	1274368
NC_061307	223656
NC_061308	223661
NC_061309	511724
NC_061310	223667
NC_061311	932103
NC_061312	1234203
NC_061313	75427
NC_061314	388579
NC_061315	133196
NC_061316	293998
NC_061317	114207
NC_061319	39552
NC_061320	4702
NC_061321	50874
NC_061322	2849020
NC_061332	2919619
NC_061333	2184982
NC_061334	2593430
NC_061335	2919631
NC_061336	2919620
NC_061337	2919630
NC_061338	2715407
NC_061339	2594718
NC_061340	2496803
NC_061341	2594727
NC_061342	2594745
NC_061343	2885236
NC_061344	2886332
NC_061345	2919637
NC_061346	2919622
NC_061347	2919638
NC_061348	2516505
NC_061349	2919623
NC_061350	1858743
NC_061351	2875544
NC_061352	1407762
NC_061353	2919639
NC_061354	2919640
NC_061355	2919624
NC_061356	2919641
NC_061357	2919642
NC_061358	2795722
NC_061360	2902004
NC_061361	1127379
NC_061364	482600
NC_061365	2922941
NC_061366	482604
NC_061367	497759
NC_061368	2922913
NC_061369	2922942
NC_061373	2174814
NC_061374	186972
NC_061375	701532
NC_061378	150409
NC_061379	1168070
NC_061388	267265
NC_061392	1053381
NC_061393	258236
NC_061394	1986521
NC_061396	479660
NC_061397	2919320
NC_061398	1111685
NC_061403	1238153
NC_061404	61143
NC_061405	413951
NC_061406	172013
NC_061409	578554
NC_061410	1691895
NC_061415	694375
NC_061416	1046405
NC_061417	1642868
NC_061542	397188
NC_061543	881599
NC_061544	128660
NC_061545	128661
NC_061546	128668
NC_061547	1365881
NC_061548	2908705
NC_061549	3750
NC_061550	89497
NC_061551	2890411
NC_061552	1310099
NC_061553	1960957
NC_061554	82025
NC_061555	226100
NC_061557	1943541
NC_061558	1943543
NC_061559	1943556
NC_061561	642903
NC_061572	117955
NC_061573	2587348
NC_061574	167762
NC_061575	2004430
NC_061576	2231307
NC_061577	167431
NC_061578	2005479
NC_061579	2943600
NC_061580	2547446
NC_061581	103487
NC_061582	2920904
NC_061583	167435
NC_061584	1967286
NC_061585	2231311
NC_061586	167418
NC_061587	2294079
NC_061588	2005480
NC_061589	2838169
NC_061590	167438
NC_061591	103482
NC_061592	167441
NC_061593	167421
NC_061594	1077959
NC_061595	1008930
NC_061596	205465
NC_061597	123485
NC_061598	2855460
NC_061599	147920
NC_061600	1889602
NC_061601	2920868
NC_061602	147933
NC_061603	147919
NC_061605	449865
NC_061607	248839
NC_061608	1384122
NC_061609	2920504
NC_061610	2837496
NC_061611	57648
NC_061612	458696
NC_061613	1077958
NC_061614	167424
NC_061615	167436
NC_061617	284362
NC_061618	203101
NC_061619	203102
NC_061620	82471
NC_061621	2817525
NC_061622	203092
NC_061623	386442
NC_061624	203100
NC_061625	386441
NC_061646	71403
NC_061647	193045
NC_061648	2706157
NC_061649	193049
NC_061650	193047
NC_061651	341990
NC_061657	452458
NC_061660	233715
NC_061661	2924066
NC_061663	426329
NC_061667	994668
NC_061668	2921086
NC_061669	2925269
NC_061670	2908915
NC_061671	2003742
NC_061672	1737104
NC_061673	1737103
NC_061674	2021217
NC_061675	2316920
NC_061676	2021215
NC_061677	2021216
NC_061678	2021218
NC_061684	2689076
NC_061686	2681215
NC_061688	159071
NC_061689	393533
NC_061690	49614
NC_061691	1523626
NC_061693	1049370
NC_061694	909199
NC_061695	1002525
NC_061696	175067
NC_061697	449893
NC_061699	2919556
NC_061700	2919429
NC_061701	2919949
NC_061702	2919424
NC_061703	2919427
NC_061704	2919428
NC_061706	354628
NC_061708	110762
NC_061709	690515
NC_061710	345093
NC_061711	345143
NC_061712	178808
NC_061713	345131
NC_061714	416114
NC_061715	926021
NC_061716	1300208
NC_061717	178804
NC_061718	1300199
NC_061719	332429
NC_061720	1236435
NC_061721	165298
NC_061722	1236424
NC_061723	165299
NC_061724	149359
NC_061725	149353
NC_061726	345092
NC_061727	1148074
NC_061728	153474
NC_061729	345097
NC_061730	1046259
NC_061731	1147752
NC_061732	1046265
NC_061733	153477
NC_061734	1239142
NC_061735	884148
NC_061736	1046260
NC_061740	587864
NC_061742	159037
NC_061744	317644
NC_061745	927782
NC_061746	317645
NC_061747	317646
NC_061748	49553
NC_061749	67476
NC_061751	2291162
NC_061752	2918732
NC_061755	345095
NC_061756	173437
NC_061757	2029078
NC_061758	569774
NC_061759	1795539
NC_061760	993107
NC_061761	126435
NC_061763	2695402
NC_061765	381726
NC_061767	1045037
NC_061768	93837
NC_061769	1981900
NC_061904	2907141
NC_061905	651631
NC_061906	367322
NC_061907	396369
NC_061909	44592
NC_061911	316475
NC_061912	2907121
NC_061916	2682942
NC_061917	141004
NC_061927	1277771
NC_061928	112565
NC_061929	112578
NC_061930	109060
NC_061933	2911580
NC_061934	356590
NC_061935	106573
NC_061936	317639
NC_061937	1523939
NC_061938	81864
NC_061939	741061
NC_061940	1037462
NC_061941	2911880
NC_061942	1037477
NC_061943	1037474
NC_061944	1037470
NC_061945	2596928
NC_061946	1037461
NC_061947	1037479
NC_061948	1679355
NC_061953	943091
NC_061954	1128166
NC_061955	1037471
NC_061956	1037464
NC_061957	2859591
NC_061958	1630190
NC_061959	53902
NC_061960	160376
NC_061961	160378
NC_061962	388137
NC_061964	2764690
NC_061967	252537
NC_061976	326068
NC_061977	1350402
NC_061982	267237
NC_061983	2836953
NC_061984	267246
NC_061985	267247
NC_061986	1826188
NC_061987	648850
NC_062040	537181
NC_062041	2497539
NC_062042	2182713
NC_062043	457821
NC_062044	1898853
NC_062045	354527
NC_062046	2907235
NC_062048	1562601
NC_062049	53117
NC_062050	2883579
NC_062051	74859
NC_062052	1621251
NC_062053	1043700
NC_062054	2927890
NC_062055	1043698
NC_062056	1078776
NC_062057	2927891
NC_062058	1553919
NC_062073	122815
NC_062074	122814
NC_062075	152766
NC_062076	591215
NC_062078	376710
NC_062079	62889
NC_062080	230663
NC_062081	588598
NC_062082	229542
NC_062083	99809
NC_062084	165637
NC_062085	1093623
NC_062086	2893106
NC_062091	67830
NC_062092	97698
NC_062093	2575577
NC_062094	698352
NC_062095	499994
NC_062096	1353438
NC_062097	2916644
NC_062098	1353443
NC_062126	2871480
NC_062127	2291119
NC_062128	1940804
NC_062129	1465736
NC_062130	1080332
NC_062132	154702
NC_062133	1981909
NC_062134	1699809
NC_062135	50200
NC_062136	50212
NC_062137	29596
NC_062141	171886
NC_062142	915270
NC_062144	198699
NC_062145	179761
NC_062146	693567
NC_062147	693564
NC_062148	112807
NC_062149	693571
NC_062150	693558
NC_062151	561567
NC_062152	2899112
NC_062153	2899111
NC_062154	693559
NC_062155	1729104
NC_062156	207523
NC_062167	2885623
NC_062168	2690399
NC_062169	2922281
NC_062299	3752
NC_062300	2792
NC_062301	2801
NC_062304	2928716
NC_062305	2306709
NC_062306	345215
NC_062307	1620155
NC_062308	344769
NC_062309	1399689
NC_062310	378933
NC_062311	1037061
NC_062312	1399662
NC_062313	2306688
NC_062314	2306687
NC_062315	2306686
NC_062316	2928714
NC_062317	1679352
NC_062318	1463642
NC_062319	2928713
NC_062320	2928711
NC_062321	1679334
NC_062322	1399713
NC_062323	1399712
NC_062324	2306685
NC_062328	292814
NC_062329	2926788
NC_062330	106205
NC_062332	36606
NC_062333	1143241
NC_062334	470517
NC_062335	2654668
NC_062336	2873988
NC_062337	294377
NC_062338	193310
NC_062339	2873989
NC_062340	691235
NC_062341	1826799
NC_062342	691240
NC_062343	193309
NC_062344	36600
NC_062345	510738
NC_062346	36593
NC_062347	298643
NC_062348	141206
NC_062349	106553
NC_062350	106562
NC_062351	126618
NC_062353	1176375
NC_062357	354051
NC_062358	71616
NC_062359	299599
NC_062363	317978
NC_062364	325716
NC_062365	489428
NC_062366	424412
NC_062367	318024
NC_062368	327895
NC_062369	1631202
NC_062370	423297
NC_062371	2904614
NC_062372	460985
NC_062377	195849
NC_062378	82423
NC_062379	101928
NC_062380	1935457
NC_062381	139907
NC_062382	468933
NC_062383	362230
NC_062384	35155
NC_062385	753684
NC_062386	753682
NC_062387	427767
NC_062388	35153
NC_062389	468936
NC_062390	708627
NC_062391	362235
NC_062392	31347
NC_062393	446136
NC_062394	38265
NC_062404	510833
NC_062405	285846
NC_062406	1476995
NC_062407	2927083
NC_062408	43207
NC_062410	2739290
NC_062411	2590076
NC_062412	2928710
NC_062413	13329
NC_062414	714495
NC_062415	133206
NC_062416	60087
NC_062417	70741
NC_062418	236733
NC_062419	1380596
NC_062420	329763
NC_062421	2801088
NC_062422	2802707
NC_062423	2802708
NC_062424	45835
NC_062425	2802709
NC_062426	744099
NC_062427	329788
NC_062428	205568
NC_062429	1398764
NC_062430	2829915
NC_062432	36597
NC_062433	269174
NC_062439	2839955
NC_062441	2931376
NC_062442	2931373
NC_062443	2931375
NC_062444	2894491
NC_062445	2931372
NC_062446	2931377
NC_062447	462474
NC_062448	2931378
NC_062449	904455
NC_062450	2931374
NC_062451	212301
NC_062452	512016
NC_062453	253609
NC_062454	402164
NC_062455	589476
NC_062456	2931379
NC_062457	435946
NC_062458	859317
NC_062459	2785319
NC_062461	714504
NC_062462	1608491
NC_062463	105678
NC_062465	2054556
NC_062467	744128
NC_062468	2598637
NC_062469	115652
NC_062470	205589
NC_062471	2802715
NC_062472	1807840
NC_062473	2802716
NC_062474	1442340
NC_062475	2802717
NC_062476	115671
NC_062477	2802713
NC_062478	2598634
NC_062479	2801129
NC_062480	1807835
NC_062481	1807836
NC_062482	2802714
NC_062483	795974
NC_062484	744126
NC_062485	743523
NC_062486	115668
NC_062487	401002
NC_062488	2802710
NC_062489	1442337
NC_062490	1821617
NC_062491	2802711
NC_062492	393162
NC_062493	2802712
NC_062494	1442338
NC_062495	2802703
NC_062496	2802705
NC_062497	329770
NC_062498	2802704
NC_062499	2802706
NC_062500	329774
NC_062501	329778
NC_062502	856977
NC_062503	2598627
NC_062504	856885
NC_062505	265391
NC_062506	315336
NC_062507	744061
NC_062508	205536
NC_062509	205537
NC_062510	795972
NC_062511	856893
NC_062512	421232
NC_062513	2802702
NC_062514	2802700
NC_062515	1807819
NC_062516	265389
NC_062517	2801085
NC_062580	82320
NC_062584	39296
NC_062585	65559
NC_062586	87088
NC_062593	64940
NC_062594	34205
NC_062595	35876
NC_062597	146538
NC_062598	1082500
NC_062599	224146
NC_062600	1603707
NC_062601	2930052
NC_062602	204215
NC_062607	1049919
NC_062609	1010622
NC_062618	2079768
NC_062619	2785155
NC_062635	73751
NC_062639	1043706
NC_062640	1044906
NC_062641	215550
NC_062642	2932771
NC_062643	86763
NC_062644	86761
NC_062645	1185394
NC_062646	1507420
NC_062647	86719
NC_062648	2932768
NC_062649	2932770
NC_062650	2932769
NC_062651	128258
NC_062652	86760
NC_062653	86767
NC_062654	86769
NC_062655	85872
NC_062656	215548
NC_062657	1133298
NC_062666	105757
NC_062667	157517
NC_062669	1527831
NC_062690	1505188
NC_062691	54882
NC_062692	2931669
NC_062693	109975
NC_062699	1398552
NC_062701	1089399
NC_062702	749924
NC_062703	349479
NC_062704	749925
NC_062706	1470415
NC_062707	309533
NC_062708	2925815
NC_062713	947907
NC_062714	1826803
NC_062717	73572
NC_062718	608812
NC_062719	2708237
NC_062720	2932491
NC_062721	265764
NC_062722	2291123
NC_062723	265763
NC_062731	58043
NC_062793	1052178
NC_062794	931133
NC_062795	249543
NC_062796	1225685
NC_062797	691223
NC_062798	194707
NC_062799	1143234
NC_062800	691224
NC_062802	1366957
NC_062803	168825
NC_062804	2516474
NC_062805	1137046
NC_062806	271750
NC_062807	271748
NC_062808	198761
NC_062809	401011
NC_062810	1157646
NC_062811	304170
NC_062812	2874743
NC_062813	167585
NC_062814	2874744
NC_062820	1128105
NC_062823	216493
NC_062824	1325994
NC_062825	2056022
NC_062826	216487
NC_062827	318061
NC_062828	212310
NC_062829	212879
NC_062830	212889
NC_062831	212964
NC_062835	538578
NC_062836	538579
NC_062837	101011
NC_062841	743504
NC_062858	2918710
NC_062862	879925
NC_062863	205521
NC_062864	1879233
NC_062865	2802699
NC_062866	744050
NC_062867	205527
NC_062868	1097622
NC_062869	2801089
NC_062870	561126
NC_062871	2802701
NC_062872	2598619
NC_062873	1807820
NC_062874	1807821
NC_062881	165645
NC_062882	193519
NC_062884	64232
NC_062885	317036
NC_062888	3597
NC_062889	1045216
NC_062890	146662
NC_062891	85861
NC_062892	111575
NC_062893	86723
NC_062894	86727
NC_062895	2933203
NC_062896	111569
NC_062897	111568
NC_062898	111566
NC_062899	111573
NC_062900	85857
NC_062901	111572
NC_062902	111574
NC_062903	111567
NC_062904	211005
NC_062905	2933199
NC_062906	2933202
NC_062907	2933195
NC_062908	2933205
NC_062909	2933198
NC_062910	480420
NC_062911	2933201
NC_062912	2933200
NC_062913	86732
NC_062914	86751
NC_062915	2933204
NC_062916	86743
NC_062917	1010628
NC_062918	215546
NC_062919	152192
NC_062920	86734
NC_062921	85867
NC_062922	85860
NC_062923	152185
NC_062924	2933196
NC_062925	86736
NC_062926	54733
NC_062927	86731
NC_062928	86729
NC_062929	86779
NC_062930	3412
NC_062931	85866
NC_062932	85863
NC_062933	3410
NC_062934	349509
NC_062935	86728
NC_062936	49502
NC_062937	86724
NC_062938	216503
NC_062939	116762
NC_062940	87892
NC_062941	215539
NC_062942	86772
NC_062946	492770
NC_062947	666013
NC_062948	2835875
NC_062949	408128
NC_062950	2835856
NC_062951	665507
NC_062952	2835878
NC_062953	665527
NC_062954	399722
NC_062955	665533
NC_062956	666011
NC_062957	2835882
NC_062958	29707
NC_062959	665492
NC_062961	1700957
NC_062962	2876816
NC_063083	661342
NC_063084	2485912
NC_063085	2604425
NC_063087	327326
NC_063088	1150899
NC_063090	871750
NC_063092	694413
NC_063094	184576
NC_063108	201017
NC_063109	145711
NC_063110	258457
NC_063113	1874273
NC_063116	2936570
NC_063129	1510605
NC_063131	1041515
NC_063132	1041516
NC_063133	2768324
NC_063134	39435
NC_063135	1873521
NC_063148	2937280
NC_063266	108542
NC_063267	82388
NC_063301	180152
NC_063302	644807
NC_063303	698354
NC_063304	3085985
NC_063305	44951
NC_063306	2861339
NC_063307	2861341
NC_063308	2725876
NC_063309	44970
NC_063310	44971
NC_063311	2861342
NC_063312	44972
NC_063313	2861343
NC_063314	2861340
NC_063315	872495
NC_063316	2291178
NC_063317	2861180
NC_063319	308317
NC_063320	2886508
NC_063321	119172
NC_063322	324598
NC_063323	2175823
NC_063324	1043433
NC_063325	2175818
NC_063326	1043439
NC_063327	1052173
NC_063328	880141
NC_063329	714454
NC_063330	213406
NC_063331	451080
NC_063453	2944764
NC_063459	167400
NC_063461	397680
NC_063462	255578
NC_063463	381736
NC_063464	43194
NC_063465	255582
NC_063466	381733
NC_063467	43192
NC_063468	381732
NC_063469	50217
NC_063470	194560
NC_063471	1245295
NC_063474	32240
NC_063476	120622
NC_063477	2836439
NC_063478	1277752
NC_063479	457880
NC_063480	47052
NC_063481	2873416
NC_063482	2873417
NC_063483	2873418
NC_063484	2873419
NC_063485	2873420
NC_063486	2873421
NC_063487	2873422
NC_063488	90195
NC_063489	90199
NC_063490	2873425
NC_063491	668558
NC_063504	591231
NC_063505	455292
NC_063506	2878181
NC_063507	2878160
NC_063508	1548292
NC_063509	1237723
NC_063511	234053
NC_063512	1406249
NC_063513	2878119
NC_063514	2870464
NC_063519	140873
NC_063520	270183
NC_063521	2651896
NC_063528	470566
NC_063529	174168
NC_063547	2887183
NC_063548	1562175
NC_063549	540248
NC_063550	859427
NC_063551	345239
NC_063552	345232
NC_063553	61236
NC_063554	225833
NC_063555	317647
NC_063556	1306909
NC_063557	928062
NC_063558	475396
NC_063559	231656
NC_063560	4690
NC_063563	317641
NC_063565	110735
NC_063569	691237
NC_063570	241838
NC_063571	1586302
NC_063572	1848211
NC_063573	32127
NC_063574	1008951
NC_063575	197128
NC_063576	2893994
NC_063577	714486
NC_063578	76974
NC_063579	168497
NC_063580	1604314
NC_063587	256364
NC_063590	1303700
NC_063591	308686
NC_063593	2942962
NC_063594	2173067
NC_063595	2764601
NC_063615	2916457
NC_063623	32189
NC_063624	2495490
NC_063626	247904
NC_063627	228641
NC_063628	203002
NC_063629	1674046
NC_063630	300998
NC_063631	1497510
NC_063632	173462
NC_063633	328281
NC_063634	485946
NC_063635	194500
NC_063636	725107
NC_063637	725108
NC_063638	2938337
NC_063639	194501
NC_063640	194506
NC_063641	194507
NC_063642	194511
NC_063643	194512
NC_063645	378437
NC_063646	138856
NC_063647	124941
NC_063651	194504
NC_063652	194505
NC_063653	194510
NC_063654	2938349
NC_063655	194513
NC_063656	2938347
NC_063657	2267673
NC_063658	170349
NC_063659	2306205
NC_063661	202980
NC_063662	2930424
NC_063665	137761
NC_063670	1160296
NC_063671	124772
NC_063672	37656
NC_063675	2912034
NC_063677	312586
NC_063678	467335
NC_063679	438425
NC_063680	1088831
NC_063681	442462
NC_063682	2939309
NC_063683	2807156
NC_063684	222980
NC_063685	557061
NC_063687	1164941
NC_063688	1844621
NC_063696	2048265
NC_063697	698833
NC_063700	2892998
NC_063701	943093
NC_063702	862986
NC_063708	156149
NC_063713	74823
NC_063729	453958
NC_063730	210348
NC_063732	2529468
NC_063733	2939662
NC_063734	518624
NC_063735	2939656
NC_063736	1134458
NC_063737	108210
NC_063738	1392585
NC_063739	28490
NC_063740	942061
NC_063741	2940311
NC_063742	1241138
NC_063743	94282
NC_063744	649672
NC_063746	239086
NC_063747	197127
NC_063748	2871440
NC_063749	2871442
NC_063750	2941023
NC_063782	38817
NC_063783	1663125
NC_063784	1856766
NC_063785	1856765
NC_063786	1439918
NC_063788	36775
NC_063819	452763
NC_063820	452765
NC_063821	714465
NC_063822	452797
NC_063823	452773
NC_063824	452800
NC_063825	29636
NC_063827	2933812
NC_063828	1442762
NC_063829	703397
NC_063831	13306
NC_063832	690556
NC_063833	1428766
NC_063834	1568982
NC_063835	2708851
NC_063836	281079
NC_063837	367357
NC_063838	239650
NC_063839	943332
NC_063840	239670
NC_063842	2448749
NC_063843	496673
NC_063844	2448752
NC_063845	496670
NC_063850	1202800
NC_063900	2943344
NC_063901	1424752
NC_063902	1499135
NC_063903	49945
NC_063904	1499141
NC_063905	324798
NC_063907	2943534
NC_063910	71595
NC_063911	424416
NC_063912	640636
NC_063913	2758142
NC_063915	1701871
NC_063916	1037020
NC_063917	1701873
NC_063918	995796
NC_063919	2943444
NC_063920	1701880
NC_063921	1273554
NC_063922	995810
NC_063924	212655
NC_063926	280839
NC_063927	425828
NC_063928	429696
NC_063929	538471
NC_063948	2596667
NC_063949	2596664
NC_063950	202991
NC_063952	160531
NC_063953	1196459
NC_063954	1196463
NC_063955	1196485
NC_063957	63068
NC_063958	1357738
NC_063959	1357739
NC_063960	220462
NC_063961	183794
NC_063965	227498
NC_063972	512270
NC_064013	323922
NC_064014	2945686
NC_064015	323961
NC_064016	73716
NC_064050	392684
NC_064051	2263221
NC_064052	587673
NC_064053	342064
NC_064054	2263220
NC_064055	115717
NC_064057	2945007
NC_064066	1891300
NC_064067	2945671
NC_064068	1541220
NC_064069	2945669
NC_064070	2945670
NC_064071	2497344
NC_064072	2761835
NC_064073	149376
NC_064074	2945652
NC_064075	2945653
NC_064076	2945654
NC_064077	323975
NC_064078	2945636
NC_064079	2945657
NC_064080	2945658
NC_064081	323970
NC_064082	2945637
NC_064083	2945638
NC_064084	2945639
NC_064085	2945640
NC_064086	2945660
NC_064087	2945661
NC_064088	323963
NC_064089	2945641
NC_064090	2945644
NC_064091	2945664
NC_064092	2945646
NC_064093	2945647
NC_064094	323973
NC_064095	2945648
NC_064096	323964
NC_064097	323965
NC_064098	323968
NC_064099	323969
NC_064100	2945650
NC_064101	456994
NC_064102	323971
NC_064103	1898922
NC_064104	2867398
NC_064105	140657
NC_064106	497077
NC_064107	2740320
NC_064108	1642870
NC_064114	763061
NC_064115	1795517
NC_064116	78780
NC_064117	2946714
NC_064118	117406
NC_064119	361422
NC_064120	216992
NC_064121	253224
NC_064122	216993
NC_064123	74902
NC_064125	339780
NC_064126	167922
NC_064127	199544
NC_064128	260603
NC_064129	2831648
NC_064135	135197
NC_064136	1008983
NC_064137	1603710
NC_064138	349445
NC_064139	1008984
NC_064140	200544
NC_064141	1008982
NC_064142	1521127
NC_064143	2949407
NC_064144	872337
NC_064145	136296
NC_064146	192626
NC_064147	82245
NC_064148	152423
NC_064210	2935096
NC_064309	2004559
NC_064310	179184
NC_064311	179182
NC_064312	179183
NC_064313	933404
NC_064314	179041
NC_064315	1115359
NC_064316	58031
NC_064317	2949269
NC_064318	2004579
NC_064319	405848
NC_064322	2949714
NC_064334	3617
NC_064335	2608652
NC_064336	130137
NC_064337	127572
NC_064343	146993
NC_064344	146994
NC_064345	167892
NC_064346	3485
NC_064347	2689579
NC_064348	239676
NC_064349	165484
NC_064350	2743091
NC_064351	2689580
NC_064352	496663
NC_064353	3151635
NC_064354	2950367
NC_064355	236972
NC_064356	1495518
NC_064357	2950380
NC_064358	2072606
NC_064359	439688
NC_064360	79608
NC_064361	671262
NC_064362	2816892
NC_064363	308687
NC_064364	105886
NC_064365	1227988
NC_064366	180066
NC_064367	1168069
NC_064373	486670
NC_064374	108357
NC_064375	2870829
NC_064388	374685
NC_064389	2291097
NC_064393	1993845
NC_064394	233204
NC_064406	261449
NC_064407	2822968
NC_064501	2928439
NC_064509	2952119
NC_064510	2518012
NC_064511	1108176
NC_064512	2857520
NC_064513	2518014
NC_064514	2952120
NC_064515	2952121
NC_064516	2952122
NC_064517	2518015
NC_064518	2518016
NC_064519	2044320
NC_064520	2518017
NC_064521	2952125
NC_064522	2952126
NC_064523	2729099
NC_064524	2952127
NC_064525	2044319
NC_064526	387746
NC_064528	536151
NC_064686	214053
NC_064687	1537852
NC_064728	117662
NC_064730	127578
NC_064732	1436148
NC_064734	409520
NC_064735	1184762
NC_064736	1748861
NC_064737	1303705
NC_064738	1399671
NC_064739	647264
NC_064740	1303704
NC_064741	226091
NC_064742	1312523
NC_064743	1399693
NC_064744	1586306
NC_064745	194267
NC_064746	1475415
NC_064747	194269
NC_064748	471947
NC_064749	2306682
NC_064750	2306683
NC_064751	2807117
NC_064932	2573088
NC_064934	1399704
NC_064935	1399705
NC_064936	1586311
NC_064937	2792736
NC_064938	1399744
NC_064939	1399750
NC_064940	681502
NC_064941	194275
NC_064942	1399752
NC_064943	2792734
NC_064944	1399755
NC_064945	1399756
NC_064946	1399757
NC_064947	1470437
NC_064948	3501
NC_064949	1853086
NC_064950	1399758
NC_064951	1435584
NC_064952	1435588
NC_064953	540250
NC_064954	2306710
NC_064955	1435590
NC_064956	1853099
NC_064957	1303703
NC_064958	473050
NC_064959	2841358
NC_064960	2841359
NC_064961	690504
NC_064962	2952651
NC_064964	714512
NC_064965	714514
NC_064966	714513
NC_064967	1249515
NC_064968	2952661
NC_064969	471946
NC_064970	2952663
NC_064971	3089690
NC_064972	2952676
NC_064973	2952671
NC_064974	2952670
NC_064975	2952668
NC_064976	2952667
NC_064977	2952666
NC_064978	2952669
NC_064979	2952674
NC_064980	2952662
NC_064985	106478
NC_064988	290852
NC_064989	1642874
NC_064990	1407655
NC_064991	380486
NC_064992	199392
NC_064995	2768819
NC_064996	640501
NC_064997	307584
NC_064998	46032
NC_064999	210387
NC_065000	116758
NC_065001	333555
NC_065002	264812
NC_065003	591090
NC_065004	2994949
NC_065005	2865926
NC_065006	316489
NC_065007	264813
NC_065008	1161167
NC_065009	909202
NC_065010	224186
NC_065013	29722
NC_065014	2489288
NC_065015	1663035
NC_065017	2952650
NC_065022	610232
NC_065023	47064
NC_065031	103966
NC_065032	50182
NC_065033	644197
NC_065034	483145
NC_065035	720871
NC_065037	196573
NC_065038	169607
NC_065040	1472648
NC_065041	1767999
NC_065042	314115
NC_065043	871265
NC_065044	223757
NC_065045	1768000
NC_065046	223759
NC_065047	870953
NC_065048	2953578
NC_065049	470280
NC_065050	1851369
NC_065051	1778543
NC_065052	2952647
NC_065053	2952648
NC_065054	2952649
NC_065056	3105834
NC_065057	56851
NC_065058	1815893
NC_065059	323663
NC_065062	172266
NC_065063	121718
NC_065064	66669
NC_065098	1586319
NC_065099	1603709
NC_065100	1609859
NC_065101	119261
NC_065102	1679285
NC_065103	1155220
NC_065104	470718
NC_065105	562952
NC_065106	1755850
NC_065107	2950142
NC_065108	1440068
NC_065109	397098
NC_065110	1608497
NC_065114	124776
NC_065115	2959427
NC_065116	1652689
NC_065117	124775
NC_065118	432243
NC_065119	121383
NC_065122	1608368
NC_065123	153547
NC_065124	2959384
NC_065125	2959381
NC_065126	153556
NC_065127	2959383
NC_065128	107837
NC_065129	1129724
NC_065130	2959385
NC_065131	13700
NC_065132	1605858
NC_065136	50133
NC_065137	1515097
NC_065140	2817249
NC_065141	46348
NC_065142	2817250
NC_065143	2817251
NC_065144	2817252
NC_065145	2755596
NC_065146	1932008
NC_065148	34294
NC_065149	184137
NC_065151	664072
NC_065152	663980
NC_065153	763974
NC_065154	2283222
NC_065155	397370
NC_065156	2930419
NC_065157	2855412
NC_065159	765959
NC_065162	1174930
NC_065163	1908752
NC_065164	1904285
NC_065165	294107
NC_065166	1904287
NC_065167	294074
NC_065168	49883
NC_065169	1842919
NC_065170	294090
NC_065171	561112
NC_065172	1908566
NC_065173	294037
NC_065174	2014383
NC_065175	294041
NC_065176	106488
NC_065177	622462
NC_065178	294048
NC_065179	294049
NC_065180	1908571
NC_065181	49880
NC_065182	588394
NC_065183	2937323
NC_065184	588393
NC_065185	294063
NC_065186	49535
NC_065187	294078
NC_065188	405633
NC_065189	1908594
NC_065190	49541
NC_065191	49879
NC_065192	294111
NC_065193	2002970
NC_065194	294069
NC_065195	2961933
NC_065196	1908775
NC_065198	460808
NC_065199	37647
NC_065200	3674
NC_065201	154480
NC_065203	185238
NC_065204	626332
NC_065205	357469
NC_065206	1301400
NC_065207	2042668
NC_065208	669753
NC_065209	669754
NC_065210	215228
NC_065211	2952646
NC_065240	57919
NC_065241	225117
NC_065242	2448454
NC_065243	436086
NC_065244	1813533
NC_065245	172095
NC_065246	53852
NC_065248	748706
NC_065249	1857151
NC_065250	748690
NC_065251	1857114
NC_065257	1168213
NC_065258	1489956
NC_065261	1009508
NC_065264	2763207
NC_065265	1907491
NC_065266	748694
NC_065267	1857123
NC_065268	231644
NC_065269	748696
NC_065270	231645
NC_065271	211972
NC_065272	2763205
NC_065273	1848539
NC_065274	2763208
NC_065275	1125374
NC_065276	174171
NC_065277	1857135
NC_065278	1111103
NC_065279	2763209
NC_065280	231652
NC_065281	748700
NC_065282	3454
NC_065283	2763210
NC_065284	2763211
NC_065285	748709
NC_065286	231651
NC_065287	2763213
NC_065288	748712
NC_065289	748713
NC_065290	1324461
NC_065291	2763215
NC_065292	2763216
NC_065293	743734
NC_065294	2763217
NC_065295	231668
NC_065296	1857156
NC_065303	286935
NC_065306	146540
NC_065316	254029
NC_065317	375454
NC_065318	658122
NC_065319	44451
NC_065320	90936
NC_065321	478668
NC_065322	94617
NC_065323	1603708
NC_065324	212656
NC_065329	2939619
NC_065330	292911
NC_065331	148574
NC_065332	148578
NC_065333	2937756
NC_065334	35122
NC_065336	454469
NC_065344	2963763
NC_065345	1904792
NC_065346	2963764
NC_065347	1639643
NC_065348	2038181
NC_065349	427793
NC_065350	2038180
NC_065351	1618033
NC_065352	1263489
NC_065353	100534
NC_065354	100535
NC_065355	2963783
NC_065356	1218742
NC_065357	573514
NC_065358	2259078
NC_065359	34185
NC_065360	714466
NC_065361	405737
NC_065369	2759058
NC_065370	2892398
NC_065377	118223
NC_065379	2940259
NC_065380	2816894
NC_065381	73575
NC_065383	22303
NC_065384	458692
NC_065385	417314
NC_065386	370671
NC_065387	175103
NC_065388	515482
NC_065389	2126034
NC_065390	1265928
NC_065391	542734
NC_065393	1938956
NC_065394	199173
NC_065396	76951
NC_065397	159025
NC_065398	159026
NC_065399	159027
NC_065400	54453
NC_065458	71631
NC_065459	164242
NC_065465	175091
NC_065468	214697
NC_065470	84944
NC_065471	427660
NC_065472	28542
NC_065473	28545
NC_065476	2966543
NC_065477	118363
NC_065478	402165
NC_065479	253603
NC_065480	2966544
NC_065481	171010
NC_065482	2448754
NC_065483	496669
NC_065484	2448756
NC_065485	416289
NC_065486	714459
NC_065487	2812725
NC_065488	643629
NC_065500	2897339
NC_065501	239653
NC_065502	148579
NC_065503	1094874
NC_065504	408129
NC_065505	648865
NC_065600	302006
NC_065601	3391
NC_065602	173275
NC_065603	173281
NC_065604	36014
NC_065605	191304
NC_065606	288832
NC_065607	224737
NC_065608	302008
NC_065609	191306
NC_065610	3389
NC_065611	288820
NC_065612	302007
NC_065613	50295
NC_065614	173277
NC_065615	288826
NC_065616	42328
NC_065617	257426
NC_065618	191309
NC_065619	34344
NC_065620	698666
NC_065621	173279
NC_065622	191310
NC_065623	289842
NC_065624	191311
NC_065625	288829
NC_065626	288821
NC_065627	288822
NC_065628	45077
NC_065629	288824
NC_065630	39583
NC_065631	3390
NC_065632	66172
NC_065651	210367
NC_065652	661359
NC_065653	2865624
NC_065654	2654667
NC_065655	661360
NC_065665	53923
NC_065666	548856
NC_065667	341933
NC_065670	1961193
NC_065671	2967324
NC_065672	1826781
NC_065692	1888384
NC_065694	587397
NC_065695	41888
NC_065696	589477
NC_065697	2859590
NC_065698	1043513
NC_065699	1037476
NC_065700	2859587
NC_065701	2859589
NC_065702	2859588
NC_065703	2859586
NC_065704	2859579
NC_065705	2859580
NC_065706	593755
NC_065707	205464
NC_065708	2859577
NC_065709	2859583
NC_065710	1172588
NC_065711	1008909
NC_065712	1442712
NC_065713	2859585
NC_065714	2859584
NC_065715	2859578
NC_065716	1037467
NC_065717	1172576
NC_065718	1037473
NC_065719	123465
NC_065720	2859582
NC_065721	2859592
NC_065722	2859593
NC_065723	2859576
NC_065724	2859581
NC_065725	123405
NC_065726	85242
NC_065727	2859594
NC_065728	39394
NC_065729	858958
NC_065730	391058
NC_065733	572115
NC_065734	190008
NC_065735	227241
NC_065736	46963
NC_065737	1899306
NC_065738	1898430
NC_065739	1899307
NC_065740	1632119
NC_065741	1898432
NC_065742	1898433
NC_065743	1898434
NC_065744	2968088
NC_065751	552835
NC_065752	341934
NC_065753	341931
NC_065754	64884
NC_065755	171249
NC_065756	481549
NC_065757	237575
NC_065763	213266
NC_065764	50748
NC_065767	339784
NC_065773	49121
NC_065777	105311
NC_065778	1287973
NC_065779	1287971
NC_065780	743506
NC_065781	105303
NC_065782	1933033
NC_065784	125587
NC_065785	467334
NC_065789	198264
NC_065790	1032928
NC_065791	1523616
NC_065792	1269190
NC_065793	1245228
NC_065794	1245236
NC_065795	1245247
NC_065796	1245250
NC_065797	1846137
NC_065798	1245262
NC_065808	248822
NC_065832	1117032
NC_065833	50499
NC_065834	2059433
NC_065835	91125
NC_065838	12940
NC_065839	180554
NC_065840	1161150
NC_065841	105907
NC_065842	59166
NC_065853	1053327
NC_065854	1454539
NC_065855	1519436
NC_065856	1454548
NC_065857	124760
NC_065858	124765
NC_065859	124761
NC_065861	1288439
NC_065862	1470422
NC_065863	1603725
NC_065864	255872
NC_065865	520843
NC_065866	588964
NC_065867	74649
NC_065868	543981
NC_065869	2954124
NC_065871	1582841
NC_065981	38644
NC_065983	1809639
NC_065984	1809642
NC_065985	2461340
NC_065990	424903
NC_065991	43208
NC_065992	268088
NC_065993	1940807
NC_065994	2026605
NC_065999	2969391
NC_066000	1616334
NC_066001	282717
NC_066002	140997
NC_066003	179395
NC_066004	141628
NC_066005	40962
NC_066006	119949
NC_066007	452790
NC_066008	157622
NC_066009	571639
NC_066010	53836
NC_066011	4020
NC_066012	1053403
NC_066013	45385
NC_066014	99035
NC_066015	43364
NC_066016	2590075
NC_066017	4265
NC_066018	28503
NC_066019	41228
NC_066020	41644
NC_066021	57912
NC_066022	194200
NC_066023	127999
NC_066024	72332
NC_066025	72341
NC_066026	369424
NC_066027	213829
NC_066028	41496
NC_066029	128002
NC_066030	224149
NC_066031	119182
NC_066032	267548
NC_066033	39338
NC_066034	49988
NC_066035	33127
NC_066036	55670
NC_066037	39324
NC_066042	129756
NC_066043	310254
NC_066044	2004890
NC_066045	129751
NC_066047	171931
NC_066049	48972
NC_066050	74091
NC_066053	85232
NC_066060	2939659
NC_066061	2974002
NC_066062	2974001
NC_066063	2974003
NC_066064	2974004
NC_066065	2974005
NC_066066	2974007
NC_066067	2974006
NC_066068	2848458
NC_066069	2587350
NC_066070	152892
NC_066071	1168071
NC_066074	2018708
NC_066075	355634
NC_066076	2018706
NC_066077	197753
NC_066083	20676
NC_066090	2878549
NC_066091	2930418
NC_066092	2974058
NC_066093	2006105
NC_066094	2974060
NC_066095	2974057
NC_066096	2575889
NC_066097	2899530
NC_066098	2594715
NC_066099	2594735
NC_066100	2974059
NC_066101	2974061
NC_066102	2973998
NC_066103	2054453
NC_066104	2922754
NC_066105	2922752
NC_066106	2706574
NC_066107	2973988
NC_066108	2973991
NC_066109	2182689
NC_066110	2973994
NC_066111	2182707
NC_066112	2182699
NC_066113	2973996
NC_066114	2973992
NC_066115	38904
NC_066116	54431
NC_066117	2290811
NC_066118	2973993
NC_066119	1655239
NC_066120	1852778
NC_066121	404570
NC_066122	2973995
NC_066123	2880155
NC_066124	2770815
NC_066125	2973999
NC_066126	2973997
NC_066127	2974000
NC_066128	1549778
NC_066129	101596
NC_066130	690339
NC_066131	269115
NC_066132	2974483
NC_066133	1679318
NC_066134	589997
NC_066135	2024531
NC_066136	2024530
NC_066137	2974484
NC_066138	2905423
NC_066139	2905422
NC_066140	2905424
NC_066141	2905717
NC_066142	2905425
NC_066143	455430
NC_066144	103762
NC_066145	687608
NC_066146	687582
NC_066147	687651
NC_066148	687591
NC_066149	339111
NC_066150	38197
NC_066153	2974550
NC_066155	119173
NC_066156	2558930
NC_066178	2859677
NC_066179	2974615
NC_066180	2962111
NC_066181	2962110
NC_066182	167587
NC_066183	203270
NC_066184	2974286
NC_066185	2833874
NC_066186	2750599
NC_066187	258158
NC_066188	1882480
NC_066189	258165
NC_066190	2833875
NC_066191	116719
NC_066192	258187
NC_066193	1813931
NC_066194	258192
NC_066195	258195
NC_066196	2833873
NC_066219	2785548
NC_066227	2036759
NC_066228	194324
NC_066229	66392
NC_066237	2966563
NC_066401	384660
NC_066403	2171546
NC_066405	53067
NC_066408	2855397
NC_066409	262280
NC_066411	983196
NC_066412	1642871
NC_066413	1008929
NC_066414	1642865
NC_066415	1170640
NC_066416	1891964
NC_066417	456515
NC_066418	97321
NC_066419	2133964
NC_066420	140311
NC_066421	129217
NC_066422	1642869
NC_066423	1642867
NC_066424	1891965
NC_066425	157794
NC_066426	569833
NC_066429	2975468
NC_066430	2503005
NC_066431	130389
NC_066432	450283
NC_066433	405337
NC_066434	935695
NC_066435	13217
NC_066436	130414
NC_066437	450285
NC_066438	130418
NC_066439	1181298
NC_066442	189796
NC_066443	262218
NC_066445	167999
NC_066446	37489
NC_066447	119595
NC_066450	97729
NC_066452	387623
NC_066457	3016
NC_066458	74092
NC_066459	127450
NC_066470	171938
NC_066471	2976256
NC_066474	665991
NC_066475	309329
NC_066476	744260
NC_066477	100577
NC_066481	402998
NC_066482	1617357
NC_066483	1617358
NC_066484	339115
NC_066485	2976879
NC_066491	1835031
NC_066492	228538
NC_066493	657405
NC_066496	1265924
NC_066497	587402
NC_066498	2305121
NC_066499	587403
NC_066500	1082643
NC_066501	2799864
NC_066502	222504
NC_066503	139929
NC_066504	139930
NC_066508	58167
NC_066643	49857
NC_066644	235715
NC_066645	350578
NC_066646	1056462
NC_066647	1803871
NC_066648	1336656
NC_066650	29711
NC_066651	77547
NC_066652	93210
NC_066653	1226761
NC_066656	291316
NC_066658	542714
NC_066665	2968953
NC_066666	2968952
NC_066667	125586
NC_066668	374745
NC_066669	580465
NC_066670	137680
NC_066671	374741
NC_066672	943435
NC_066673	1197307
NC_066674	1172579
NC_066675	2977608
NC_066689	496698
NC_066690	2963789
NC_066691	474001
NC_066692	460996
NC_066693	2963787
NC_066694	2963786
NC_066695	2764672
NC_066696	2928670
NC_066697	2963785
NC_066698	2963784
NC_066699	63038
NC_066700	2583430
NC_066701	2650407
NC_066702	419290
NC_066703	475885
NC_066717	387744
NC_066718	748693
NC_066719	1170855
NC_066723	1941389
NC_066724	75961
NC_066725	1400691
NC_066726	1400654
NC_066727	2967312
NC_066728	1400658
NC_066729	75946
NC_066730	2768789
NC_066731	75945
NC_066732	883013
NC_066733	2768790
NC_066734	1941371
NC_066735	2259159
NC_066736	527214
NC_066737	2768791
NC_066738	687670
NC_066739	883014
NC_066740	687679
NC_066741	1941373
NC_066742	1941374
NC_066743	1941375
NC_066744	883015
NC_066745	75953
NC_066746	1400661
NC_066747	1941378
NC_066748	1552228
NC_066749	1635301
NC_066750	2052489
NC_066751	1941381
NC_066752	43195
NC_066753	1941382
NC_066754	1941383
NC_066755	75949
NC_066756	75948
NC_066757	2768802
NC_066758	75943
NC_066759	1941387
NC_066760	75950
NC_066761	75956
NC_066762	1941388
NC_066763	2977607
NC_066764	1400663
NC_066765	75947
NC_066766	1442804
NC_066767	1400671
NC_066768	1400673
NC_066769	1400668
NC_066770	1442805
NC_066771	687675
NC_066772	2967313
NC_066773	2967321
NC_066774	2967314
NC_066775	509701
NC_066776	2967303
NC_066777	2967316
NC_066778	883011
NC_066779	2805359
NC_066780	2967317
NC_066781	1941377
NC_066782	2967318
NC_066783	2768799
NC_066784	2967319
NC_066785	1400689
NC_066786	1941384
NC_066787	2967320
NC_066788	268010
NC_066789	2967322
NC_066790	2967323
NC_066791	1941391
NC_066792	75951
NC_066793	1941396
NC_066794	43204
NC_066795	2954133
NC_066797	2925018
NC_066798	251605
NC_066799	39526
NC_066801	259420
NC_066804	346959
NC_066807	1056941
NC_066809	544730
NC_066811	212836
NC_066812	2650045
NC_066813	886265
NC_066815	76040
NC_066816	2743666
NC_066817	2978286
NC_066818	240184
NC_066819	574898
NC_066820	1891309
NC_066823	2904618
NC_066896	1333888
NC_066897	3580
NC_066898	41522
NC_066958	2500812
NC_066959	329239
NC_066960	49577
NC_066961	2172426
NC_066964	644182
NC_066966	28508
NC_066967	992840
NC_066970	76313
NC_066971	118375
NC_066973	2232085
NC_066975	267252
NC_066976	215702
NC_066977	2979851
NC_066995	525237
NC_066996	73279
NC_066997	2338916
NC_066998	2306217
NC_066999	1191332
NC_067000	1191335
NC_067001	78270
NC_067002	143584
NC_067003	2810547
NC_067004	80776
NC_067005	1191331
NC_067006	61246
NC_067007	2291111
NC_067008	2507849
NC_067009	1191334
NC_067010	143585
NC_067011	2291112
NC_067012	2548469
NC_067013	2548468
NC_067014	2810549
NC_067015	2507852
NC_067016	2338906
NC_067017	61244
NC_067018	61245
NC_067019	61247
NC_067020	78265
NC_067021	78267
NC_067022	61242
NC_067023	78266
NC_067024	2810546
NC_067025	2810548
NC_067026	80775
NC_067027	2338905
NC_067030	2974069
NC_067031	2980205
NC_067032	499986
NC_067033	863016
NC_067034	138325
NC_067035	429508
NC_067040	46901
NC_067041	270643
NC_067043	281077
NC_067044	15957
NC_067045	289064
NC_067046	29668
NC_067047	15371
NC_067048	15304
NC_067053	2880969
NC_067062	2980749
NC_067063	470520
NC_067064	110664
NC_067079	152367
NC_067080	2980633
NC_067081	536626
NC_067082	319929
NC_067085	2321407
NC_067086	2321412
NC_067087	536629
NC_067088	147931
NC_067089	147927
NC_067090	147929
NC_067091	147932
NC_067092	1889607
NC_067219	484906
NC_067370	113446
NC_067397	262217
NC_067499	2290804
NC_067502	2528811
NC_067503	1370055
NC_067504	13403
NC_067505	2044477
NC_067506	1370061
NC_067507	91227
NC_067508	139928
NC_067509	2800123
NC_067511	2981233
NC_067512	149637
NC_067513	54988
NC_067514	149628
NC_067515	53904
NC_067516	149665
NC_067517	48123
NC_067518	588911
NC_067519	53888
NC_067520	212698
NC_067521	2981239
NC_067522	248520
NC_067523	450031
NC_067524	115004
NC_067525	557744
NC_067526	1196270
NC_067527	500182
NC_067528	115002
NC_067529	1645775
NC_067530	2981240
NC_067531	1089623
NC_067532	2983343
NC_067533	1457467
NC_067534	252530
NC_067535	2981241
NC_067536	62116
NC_067537	54890
NC_067538	701553
NC_067539	1620053
NC_067540	167626
NC_067541	77317
NC_067542	1993800
NC_067543	33129
NC_067544	168535
NC_067547	2836828
NC_067548	859222
NC_067549	2930222
NC_067550	642899
NC_067551	49560
NC_067552	943333
NC_067555	2922417
NC_067556	371341
NC_067558	371376
NC_067559	489379
NC_067560	371387
NC_067561	1514057
NC_067562	1514018
NC_067563	1514014
NC_067564	371382
NC_067565	371364
NC_067566	92053
NC_067567	371375
NC_067568	371384
NC_067570	4170
NC_067572	1338535
NC_067573	16915
NC_067581	197756
NC_067582	1764367
NC_067583	1146996
NC_067584	1470412
NC_067585	139018
NC_067586	1470413
NC_067587	2491194
NC_067588	2831018
NC_067589	2307013
NC_067590	142253
NC_067591	3043474
NC_067592	586388
NC_067593	171973
NC_067595	91248
NC_067596	2982182
NC_067597	2982181
NC_067598	2982174
NC_067599	272769
NC_067600	2982184
NC_067601	2982183
NC_067603	146149
NC_067604	2898947
NC_067605	299607
NC_067609	674064
NC_067610	2511941
NC_067611	289701
NC_067612	945177
NC_067613	2915791
NC_067614	269721
NC_067615	1617353
NC_067616	1486054
NC_067617	1486050
NC_067630	2518362
NC_067631	326921
NC_067633	591219
NC_067634	2920505
NC_067635	1540407
NC_067636	292731
NC_067637	1540408
NC_067640	526194
NC_067642	662902
NC_067643	2494282
NC_067644	986859
NC_067645	2494283
NC_067646	204131
NC_067647	2494284
NC_067648	2494279
NC_067649	2494285
NC_067650	1504640
NC_067651	662905
NC_067652	662906
NC_067653	2955199
NC_067654	980662
NC_067655	2494280
NC_067656	986860
NC_067657	986861
NC_067658	662909
NC_067659	662911
NC_067660	2593378
NC_067661	986862
NC_067662	2494286
NC_067663	662915
NC_067664	2494287
NC_067665	662916
NC_067666	2494288
NC_067667	662917
NC_067668	662918
NC_067669	2494289
NC_067670	2955197
NC_067671	662919
NC_067672	1504647
NC_067673	1504648
NC_067674	1504649
NC_067675	204134
NC_067676	204134
NC_067677	662923
NC_067678	662924
NC_067679	662926
NC_067680	204135
NC_067681	662927
NC_067682	2494292
NC_067683	662928
NC_067684	1504659
NC_067685	2494293
NC_067686	204136
NC_067687	2494294
NC_067688	2494295
NC_067689	986866
NC_067690	662930
NC_067691	662932
NC_067692	662931
NC_067693	425909
NC_067694	680379
NC_067695	550456
NC_067696	662908
NC_067697	1504651
NC_067698	2494291
NC_067699	662925
NC_067700	2744336
NC_067701	662910
NC_067702	1504656
NC_067703	2744337
NC_067704	2744335
NC_067705	1504646
NC_067706	2955198
NC_067707	662922
NC_067708	1504653
NC_067709	1504652
NC_067711	2976402
NC_067713	2518020
NC_067714	3331
NC_067715	55062
NC_067730	324593
NC_067734	218779
NC_067735	428275
NC_067736	49211
NC_067737	268919
NC_067738	424426
NC_067739	476449
NC_067740	476450
NC_067741	2983402
NC_067742	516553
NC_067743	1611029
NC_067753	160529
NC_067754	160533
NC_067755	432645
NC_067756	189976
NC_067758	187182
NC_067759	256362
NC_067760	1814005
NC_067762	171214
NC_067764	1840588
NC_067765	282718
NC_067766	158927
NC_067767	77895
NC_067768	587406
NC_067769	70929
NC_067770	258178
NC_067771	1026947
NC_067772	258196
NC_067773	121720
NC_067774	1054082
NC_067775	258211
NC_067776	1451047
NC_067777	932731
NC_067778	204131
NC_067779	662907
NC_067780	705303
NC_067781	550457
NC_067782	425908
NC_067783	204133
NC_067784	2741401
NC_067785	694362
NC_067786	1514006
NC_067787	405945
NC_067810	2911227
NC_067811	2291136
NC_067812	152390
NC_067826	480678
NC_067827	34172
NC_067828	1089947
NC_067829	292678
NC_067830	446125
NC_067831	292781
NC_067832	115441
NC_067833	292693
NC_067834	2219149
NC_067835	145686
NC_067836	147188
NC_067837	115475
NC_067838	348515
NC_067839	1966430
NC_067840	2559471
NC_067841	1510057
NC_067842	349347
NC_067843	184791
NC_067844	480375
NC_067845	252730
NC_067846	3527
NC_067848	97227
NC_067852	341996
NC_067854	73284
NC_067857	210334
NC_067867	1470854
NC_067868	2904615
NC_067869	1679327
NC_067870	2575814
NC_067871	2839635
NC_067872	2984471
NC_067873	124773
NC_067874	1202798
NC_067875	889078
NC_067882	1043704
NC_067885	2984468
NC_067938	212065
NC_067939	2034676
NC_067940	1131870
NC_067941	2058724
NC_067942	189803
NC_067946	2306223
NC_067947	662901
NC_067948	1160297
NC_067950	2499693
NC_067951	374047
NC_067952	49249
NC_067953	1003075
NC_067954	1003062
NC_067955	1335017
NC_067956	2593073
NC_067957	1398096
NC_067958	2984991
NC_067959	945158
NC_067960	99298
NC_067961	2984992
NC_067962	2984993
NC_067963	2984994
NC_067964	491995
NC_067965	2984984
NC_067966	2984985
NC_067968	61509
NC_067975	59170
NC_067976	460785
NC_067977	34296
NC_067978	942185
NC_067979	383670
NC_067980	73305
NC_067981	161864
NC_067982	180499
NC_067983	1190699
NC_067984	2029076
NC_067985	2986131
NC_067986	1076820
NC_067987	1855359
NC_067988	2986132
NC_067989	2029077
NC_067990	152299
NC_067991	359411
NC_067993	1048799
NC_067995	409519
NC_067996	1450208
NC_067997	1161165
NC_067998	1851244
NC_067999	2008514
NC_068000	2008511
NC_068001	2764681
NC_068002	473049
NC_068003	1450212
NC_068004	309823
NC_068005	1160299
NC_068006	2061028
NC_068008	2986448
NC_068009	2986450
NC_068010	2986451
NC_068011	2575401
NC_068012	2986452
NC_068013	2986453
NC_068014	2986454
NC_068015	2855411
NC_068016	2291145
NC_068021	270951
NC_068022	68869
NC_068023	270954
NC_068024	188300
NC_068025	270956
NC_068026	270957
NC_068027	270958
NC_068028	3349806
NC_068029	4157
NC_068030	2065886
NC_068031	188299
NC_068032	1906386
NC_068033	270970
NC_068034	4162
NC_068035	4155
NC_068036	4156
NC_068037	69919
NC_068038	2761763
NC_068039	4158
NC_068040	4159
NC_068041	910426
NC_068042	4161
NC_068043	188307
NC_068044	2986456
NC_068045	49039
NC_068046	4164
NC_068047	43171
NC_068048	223169
NC_068049	39414
NC_068050	99384
NC_068051	165330
NC_068052	168495
NC_068053	2528942
NC_068054	2528944
NC_068055	2528947
NC_068056	2528950
NC_068057	2528953
NC_068058	2528954
NC_068060	2934155
NC_068066	59290
NC_068067	257361
NC_068068	257360
NC_068070	338531
NC_068071	2986623
NC_068074	2663187
NC_068075	1245541
NC_068089	74636
NC_068090	117260
NC_068094	673185
NC_068106	1499538
NC_068107	286684
NC_068108	160577
NC_068109	751629
NC_068110	1704206
NC_068111	110881
NC_068112	160547
NC_068113	160586
NC_068114	433885
NC_068115	110892
NC_068116	314393
NC_068117	649496
NC_068118	946641
NC_068119	798113
NC_068120	751690
NC_068121	751694
NC_068122	751695
NC_068123	110901
NC_068124	523331
NC_068125	523333
NC_068126	751712
NC_068127	59911
NC_068128	751718
NC_068129	134527
NC_068130	121897
NC_068131	174192
NC_068132	261410
NC_068133	768177
NC_068134	316483
NC_068135	2987624
NC_068136	264811
NC_068137	316473
NC_068138	214529
NC_068142	2799750
NC_068143	2963765
NC_068144	1843297
NC_068145	2136684
NC_068146	2963768
NC_068147	1671320
NC_068148	2136455
NC_068149	137813
NC_068150	2963777
NC_068151	2586950
NC_068152	1898884
NC_068153	2712065
NC_068154	2963771
NC_068155	2963766
NC_068156	2747786
NC_068157	2963791
NC_068158	119938
NC_068159	2963767
NC_068160	2963792
NC_068161	2963770
NC_068162	2963776
NC_068163	2747783
NC_068164	2963782
NC_068165	2963781
NC_068166	2963778
NC_068167	2963769
NC_068168	2963780
NC_068169	119869
NC_068170	2747793
NC_068171	2807218
NC_068172	2293665
NC_068173	137812
NC_068174	2494302
NC_068175	2963774
NC_068176	2963775
NC_068177	1898882
NC_068178	2866911
NC_068179	2963772
NC_068180	2586935
NC_068181	2963779
NC_068182	137790
NC_068183	2712023
NC_068184	2712022
NC_068185	2817533
NC_068186	2747787
NC_068187	2136440
NC_068188	2293684
NC_068189	2136410
NC_068190	2136456
NC_068224	1582014
NC_068227	87530
NC_068228	1137890
NC_068229	1895974
NC_068230	2599111
NC_068233	2760827
NC_068234	477864
NC_068242	223100
NC_068243	2028290
NC_068253	172264
NC_068256	81818
NC_068257	1616489
NC_068258	516042
NC_068261	29725
NC_068262	2715871
NC_068263	2547674
NC_068264	2547673
NC_068265	1580013
NC_068266	1129485
NC_068267	1580009
NC_068269	36902
NC_068273	648858
NC_068458	2739902
NC_068459	2739914
NC_068460	2739913
NC_068461	2891243
NC_068462	316814
NC_068463	1281372
NC_068464	2739907
NC_068465	1281360
NC_068466	2739900
NC_068467	216492
NC_068468	1281410
NC_068469	213010
NC_068470	1281385
NC_068471	1281374
NC_068472	334703
NC_068473	1281382
NC_068474	2739901
NC_068475	213007
NC_068476	1281373
NC_068477	2739916
NC_068478	213055
NC_068479	213009
NC_068480	212840
NC_068481	212908
NC_068482	1281337
NC_068483	2739919
NC_068484	1138352
NC_068485	352217
NC_068486	209333
NC_068487	212962
NC_068488	1129971
NC_068489	2739903
NC_068490	2739915
NC_068491	2739895
NC_068492	2739898
NC_068493	2740666
NC_068494	1138368
NC_068495	1281378
NC_068499	125008
NC_068500	1603693
NC_068501	1358788
NC_068502	2575868
NC_068503	684740
NC_068504	610223
NC_068505	2606809
NC_068506	106677
NC_068507	3610
NC_068508	2126564
NC_068509	186944
NC_068510	186945
NC_068511	2126574
NC_068512	1798766
NC_068524	691227
NC_068525	1825963
NC_068526	1826785
NC_068527	391057
NC_068528	2992298
NC_068529	1826812
NC_068530	2992294
NC_068531	1826814
NC_068532	2992295
NC_068533	2992296
NC_068534	1826782
NC_068535	1826794
NC_068536	1826791
NC_068537	1609862
NC_068538	2980206
NC_068542	363599
NC_068543	435790
NC_068544	86020
NC_068579	1500039
NC_068580	2839964
NC_068581	1056468
NC_068582	55409
NC_068583	121775
NC_068584	363597
NC_068585	435794
NC_068586	337260
NC_068599	691244
NC_068604	1679435
NC_068605	36595
NC_068622	52028
NC_068623	225041
NC_068624	40531
NC_068625	2753323
NC_068627	495765
NC_068628	201506
NC_068629	326271
NC_068630	313931
NC_068632	2876154
NC_068633	1325471
NC_068634	2876153
NC_068635	1585251
NC_068636	1082504
NC_068637	1704639
NC_068638	70980
NC_068639	70971
NC_068640	75627
NC_068641	70972
NC_068642	70947
NC_068643	70941
NC_068644	75626
NC_068645	36901
NC_068646	70951
NC_068647	70955
NC_068648	70948
NC_068649	78530
NC_068650	66817
NC_068651	70944
NC_068652	70940
NC_068653	1142948
NC_068654	2917719
NC_068656	1552891
NC_068657	1679515
NC_068660	2993124
NC_068661	364698
NC_068662	2489228
NC_068664	91064
NC_068699	133204
NC_068700	1170639
NC_068701	983191
NC_068702	552834
NC_068703	122122
NC_068704	151440
NC_068705	552837
NC_068706	32242
NC_068711	69266
NC_068712	1493660
NC_068713	472369
NC_068715	180763
NC_068716	2745281
NC_068717	120627
NC_068718	120628
NC_068719	120631
NC_068720	1030206
NC_068721	186522
NC_068722	1826809
NC_068723	691232
NC_068724	1826802
NC_068733	312789
NC_068737	2866081
NC_068748	1519595
NC_068749	257776
NC_068750	98504
NC_068751	1752766
NC_068753	2881474
NC_068754	2082850
NC_068755	53213
NC_068756	185563
NC_068758	889485
NC_068759	40686
NC_068762	167472
NC_068765	2976244
NC_068766	202990
NC_068767	332630
NC_068768	333115
NC_068769	332629
NC_068770	1209490
NC_068771	2976245
NC_068772	2976242
NC_068773	116726
NC_068774	54464
NC_068780	147914
NC_068781	147923
NC_068784	114264
NC_068785	941565
NC_068787	166796
NC_068788	2993537
NC_068789	166802
NC_068790	1491823
NC_068791	166805
NC_068792	2993538
NC_068793	2993539
NC_068794	743508
NC_068795	2056026
NC_068796	165667
NC_068798	4298
NC_068799	2969583
NC_068800	2969582
NC_068801	201266
NC_068805	187284
NC_068806	62339
NC_068816	318054
NC_068818	2926339
NC_068824	241598
NC_068825	165669
NC_068826	165660
NC_068827	165617
NC_068828	1491822
NC_068829	165608
NC_068830	165603
NC_068831	166797
NC_068832	2975469
NC_068835	1903417
NC_068836	315440
NC_068837	1008942
NC_068838	2994578
NC_068839	1037046
NC_068840	2977930
NC_068850	300207
NC_068854	397666
NC_068855	287979
NC_068858	1608376
NC_068859	2994637
NC_068860	2994638
NC_068861	202986
NC_068862	596363
NC_068863	1887436
NC_068870	46787
NC_068871	2995247
NC_068872	457183
NC_068873	45179
NC_068874	76155
NC_068875	249100
NC_068876	467324
NC_068877	517221
NC_068879	2995248
NC_068891	315915
NC_068893	1205801
NC_068894	367782
NC_068895	137889
NC_068899	2995342
NC_068900	2995343
NC_068906	89634
NC_068908	1348126
NC_069020	185530
NC_069021	2996044
NC_069022	53208
NC_069023	2839636
NC_069024	2575812
NC_069025	684760
NC_069042	233184
NC_069043	47281
NC_069045	2930498
NC_069046	2699261
NC_069047	2699269
NC_069048	2699272
NC_069049	463868
NC_069062	50001
NC_069063	49997
NC_069064	55387
NC_069065	544658
NC_069066	3772
NC_069067	63090
NC_069068	1286525
NC_069069	1262116
NC_069179	2897635
NC_069180	85246
NC_069181	2792850
NC_069182	2792849
NC_069183	1239736
NC_069184	1281379
NC_069185	316844
NC_069195	49480
NC_069196	448037
NC_069197	2995469
NC_069200	1245235
NC_069209	212657
NC_069210	2996536
NC_069211	167417
NC_069212	857043
NC_069214	47654
NC_069215	1729109
NC_069216	591221
NC_069217	591226
NC_069218	2733476
NC_069219	2996547
NC_069220	2996511
NC_069224	228974
NC_069225	85358
NC_069227	674856
NC_069228	2993949
NC_069229	2993950
NC_069230	189254
NC_069292	228163
NC_069294	482967
NC_069295	180071
NC_069298	403098
NC_069299	478039
NC_069300	198766
NC_069301	1402425
NC_069303	84230
NC_069304	487403
NC_069305	576374
NC_069309	2967310
NC_069310	2967340
NC_069316	29654
NC_069317	1825607
NC_069318	2918688
NC_069319	2918702
NC_069320	2918683
NC_069321	56743
NC_069322	2918693
NC_069323	2022366
NC_069324	1981229
NC_069325	38494
NC_069326	264929
NC_069327	382170
NC_069328	358750
NC_069329	2918680
NC_069330	2918696
NC_069331	2918697
NC_069332	2918705
NC_069333	187481
NC_069334	382161
NC_069335	2918698
NC_069336	358748
NC_069337	2918706
NC_069338	2866292
NC_069339	1248442
NC_069340	693863
NC_069341	693862
NC_069342	155755
NC_069343	1248448
NC_069344	1965126
NC_069345	693860
NC_069346	2866291
NC_069347	2866710
NC_069348	1965127
NC_069349	368987
NC_069350	664069
NC_069351	2866709
NC_069352	694027
NC_069353	1248446
NC_069354	1965129
NC_069355	1965130
NC_069356	1965131
NC_069357	664001
NC_069358	414718
NC_069359	537139
NC_069360	359894
NC_069556	35625
NC_069557	1903210
NC_069560	945165
NC_069561	365769
NC_069562	2058653
NC_069563	1167167
NC_069564	365762
NC_069565	1167136
NC_069566	2860380
NC_069567	1381998
NC_069568	365750
NC_069569	365751
NC_069570	206235
NC_069571	365764
NC_069574	2893253
NC_069576	316484
NC_069581	1040642
NC_069582	55318
NC_069583	1281416
NC_069592	77069
NC_069593	2306678
NC_069595	2898760
NC_069596	2898758
NC_069597	856890
NC_069598	2898757
NC_069599	2898761
NC_069600	315340
NC_069601	315341
NC_069602	205571
NC_069603	561127
NC_069604	2898759
NC_069605	310796
NC_069606	2898762
NC_069607	2898763
NC_069609	515487
NC_069610	216927
NC_069611	1244696
NC_069613	2016423
NC_069614	43864
NC_069615	289740
NC_069616	2382317
NC_069617	1592061
NC_069618	481551
NC_069619	289807
NC_069620	1592040
NC_069621	1679254
NC_069627	354022
NC_069634	2994360
NC_069635	101595
NC_069636	13221
NC_069638	309300
NC_069639	3003557
NC_069647	1482885
NC_069648	65951
NC_069649	65952
NC_069650	53065
NC_069807	77896
NC_069812	2963793
NC_069817	1197308
NC_069818	39976
NC_069819	1755648
NC_069820	1846138
NC_069821	1245243
NC_069822	1245246
NC_069823	1245248
NC_069824	2862192
NC_069825	1245256
NC_069826	1245260
NC_069827	2019968
NC_069828	48773
NC_069829	2575547
NC_069830	1492708
NC_069832	345127
NC_069833	201514
NC_069834	221775
NC_069835	441175
NC_069836	317640
NC_069839	87519
NC_069840	59974
NC_069841	2945672
NC_069842	82095
NC_069843	137939
NC_069844	2970449
NC_069845	167428
NC_069848	487159
NC_069849	2893430
NC_069850	1857143
NC_069851	3453
NC_069852	748718
NC_069854	3158765
NC_069855	1701049
NC_069856	1701016
NC_069857	645222
NC_069858	1701025
NC_069859	2182741
NC_069860	1080091
NC_069861	3004057
NC_069868	53063
NC_069869	451003
NC_069870	53091
NC_069871	53092
NC_069872	450946
NC_069873	53095
NC_069874	53096
NC_069875	451005
NC_069876	53097
NC_069877	53099
NC_069878	675674
NC_069879	451008
NC_069880	53100
NC_069881	2566086
NC_069882	451006
NC_069883	53102
NC_069884	451009
NC_069885	2999071
NC_069886	53105
NC_069887	1641957
NC_069888	53108
NC_069889	299272
NC_069890	53110
NC_069891	1883385
NC_069892	53111
NC_069893	451013
NC_069894	53112
NC_069895	53113
NC_069896	909499
NC_069897	78827
NC_069898	53115
NC_069899	53116
NC_069900	53118
NC_069901	53119
NC_069902	1971712
NC_069903	53120
NC_069904	299269
NC_069905	299268
NC_069906	53122
NC_069907	53123
NC_069908	1217868
NC_069909	232817
NC_069910	53132
NC_069911	53126
NC_069912	2932129
NC_069913	3004043
NC_069914	1708248
NC_069915	1196494
NC_069916	1196474
NC_069917	1196504
NC_069921	28540
NC_069922	1503305
NC_069923	168493
NC_069924	69056
NC_069925	168494
NC_069926	1902460
NC_069927	168500
NC_069928	2029625
NC_069929	2508839
NC_069930	168507
NC_069931	168499
NC_069932	1503306
NC_069933	168503
NC_069934	168489
NC_069935	1902457
NC_069936	2056413
NC_069937	1902468
NC_069938	2056411
NC_069939	2056412
NC_069940	1902462
NC_069941	2820035
NC_069942	1902486
NC_069943	1902458
NC_069944	1902473
NC_069945	228704
NC_069946	929405
NC_069947	929406
NC_069948	400538
NC_069949	1603831
NC_069950	1705973
NC_069951	50501
NC_069954	3003209
NC_069955	1217867
NC_069956	53068
NC_069957	53070
NC_069958	296648
NC_069959	53074
NC_069960	53075
NC_069961	1226225
NC_069962	53077
NC_069963	253090
NC_069964	53078
NC_069965	53079
NC_069966	53082
NC_069967	53084
NC_069968	53085
NC_069969	2857368
NC_069970	53086
NC_069971	451002
NC_069972	53087
NC_069973	53088
NC_069974	53089
NC_069975	62345
NC_069982	282772
NC_070018	61147
NC_070020	3013936
NC_070021	2684247
NC_070022	2684248
NC_070023	2684249
NC_070024	3013937
NC_070025	3013938
NC_070026	3013939
NC_070027	2684250
NC_070028	2291173
NC_070029	3013940
NC_070030	2684251
NC_070031	3013941
NC_070032	3013942
NC_070033	2684252
NC_070034	2306266
NC_070035	2684254
NC_070036	3013945
NC_070037	203766
NC_070038	1330323
NC_070039	1302936
NC_070040	1305013
NC_070041	2054583
NC_070042	3013947
NC_070043	2684253
NC_070044	2800607
NC_070045	3013948
NC_070046	210383
NC_070047	2967311
NC_070051	47083
NC_070056	928054
NC_070057	2994948
NC_070058	1277774
NC_070061	377126
NC_070062	13571
NC_070064	186963
NC_070065	1798775
NC_070067	238941
NC_070069	154764
NC_070070	572131
NC_070081	489322
NC_070082	101743
NC_070083	76356
NC_070084	3014869
NC_070085	1749380
NC_070086	3014870
NC_070087	941574
NC_070088	161031
NC_070095	2982759
NC_070096	3014993
NC_070097	2892309
NC_070098	137669
NC_070099	1202981
NC_070100	1072385
NC_070102	336665
NC_070104	32140
NC_070105	260201
NC_070107	2992182
NC_070112	2991492
NC_070117	3015604
NC_070118	928065
NC_070119	100496
NC_070120	203833
NC_070121	1315756
NC_070122	2652754
NC_070123	3015603
NC_070124	1045189
NC_070125	100494
NC_070126	100528
NC_070127	2652781
NC_070128	191662
NC_070129	235914
NC_070130	59067
NC_070131	796839
NC_070132	927809
NC_070133	39519
NC_070134	39534
NC_070135	996406
NC_070139	3054220
NC_070140	66092
NC_070141	53883
NC_070142	1917047
NC_070143	1424640
NC_070144	884089
NC_070145	1563190
NC_070146	2305477
NC_070147	1917049
NC_070148	88360
NC_070169	260718
NC_070170	296037
NC_070171	296034
NC_070172	319607
NC_070173	2968738
NC_070175	155289
NC_070190	1045548
NC_070192	1165086
NC_070193	41803
NC_070194	186058
NC_070196	669122
NC_070197	2806625
NC_070198	1810415
NC_070199	1227626
NC_070200	1903215
NC_070201	487770
NC_070202	2976246
NC_070203	205375
NC_070204	1287620
NC_070205	2976247
NC_070206	669139
NC_070207	2055979
NC_070217	47619
NC_070218	453234
NC_070219	2027494
NC_070220	1636236
NC_070221	174962
NC_070222	301699
NC_070223	301693
NC_070224	169284
NC_070225	553657
NC_070226	1603835
NC_070227	1045138
NC_070228	1080334
NC_070229	1922339
NC_070230	714500
NC_070233	32202
NC_070234	1370097
NC_070235	235837
NC_070236	1179221
NC_070237	174182
NC_070238	229048
NC_070239	191188
NC_070243	1442724
NC_070244	93697
NC_070245	2874103
NC_070248	2764623
NC_070249	198858
NC_070250	216017
NC_070251	1185349
NC_070252	394304
NC_070274	761858
NC_070275	1112097
NC_070276	761856
NC_070277	761857
NC_070283	105380
NC_070284	105382
NC_070285	97782
NC_070286	1576615
NC_070287	1576616
NC_070288	105381
NC_070298	41548
NC_070299	2137817
NC_070300	1132532
NC_070301	714463
NC_070302	174654
NC_070304	1683987
NC_070305	3018801
NC_070306	1979622
NC_070307	3018802
NC_070308	234367
NC_070309	199986
NC_070310	1683993
NC_070311	1974348
NC_070312	198551
NC_070313	199992
NC_070314	3018803
NC_070315	198423
NC_070316	198424
NC_070317	199998
NC_070318	199999
NC_070319	200000
NC_070320	1977212
NC_070321	172097
NC_070322	1979662
NC_070323	1684017
NC_070324	1684024
NC_070325	198563
NC_070326	1684031
NC_070327	212816
NC_070328	48226
NC_070329	1974360
NC_070330	198428
NC_070331	1684049
NC_070332	2592824
NC_070333	48225
NC_070334	1684060
NC_070335	48236
NC_070336	88843
NC_070337	669881
NC_070338	45004
NC_070339	197604
NC_070340	76374
NC_070341	496686
NC_070342	386070
NC_070343	496688
NC_070344	681596
NC_070345	1042412
NC_070346	496703
NC_070347	1042414
NC_070348	1042416
NC_070349	2980470
NC_070353	2925184
NC_070354	4632
NC_070355	168180
NC_070356	1543992
NC_070357	94329
NC_070358	4634
NC_070364	304130
NC_070388	1605257
NC_070389	76277
NC_070391	267621
NC_070392	1035809
NC_070393	326070
NC_070394	4052
NC_070395	2544929
NC_070396	309307
NC_070398	40937
NC_070399	1553918
NC_070400	2806829
NC_070401	408980
NC_070402	2976882
NC_070403	2976881
NC_070406	138912
NC_070408	309355
NC_070410	1425329
NC_070411	1916041
NC_070412	1425330
NC_070413	2948742
NC_070414	1916034
NC_070415	157092
NC_070416	157090
NC_070417	1425328
NC_070418	157083
NC_070419	109606
NC_070420	157086
NC_070421	929412
NC_070422	50498
NC_070423	157099
NC_070424	190807
NC_070425	2071524
NC_070426	3019666
NC_070427	3019665
NC_070428	3019668
NC_070429	2663197
NC_070430	656688
NC_070431	656650
NC_070432	1032966
NC_070433	3019667
NC_070435	1973159
NC_070438	1143243
NC_070439	1616261
NC_070440	1616262
NC_070441	2784210
NC_070442	1616263
NC_070443	1729362
NC_070444	489506
NC_070445	1616264
NC_070446	489507
NC_070447	2784213
NC_070448	1792731
NC_070449	1191342
NC_070450	29769
NC_070451	2784220
NC_070452	1729363
NC_070453	1792739
NC_070454	489508
NC_070455	1191343
NC_070456	2784207
NC_070457	1792748
NC_070458	1792749
NC_070459	489510
NC_070460	3019850
NC_070461	1616291
NC_070462	2784224
NC_070463	159961
NC_070464	489512
NC_070465	489514
NC_070466	1729365
NC_070467	1616296
NC_070468	1616297
NC_070469	1792758
NC_070470	1616298
NC_070471	2338912
NC_070472	1616300
NC_070473	1191345
NC_070474	489515
NC_070475	1792761
NC_070476	1616303
NC_070477	489516
NC_070478	489517
NC_070479	1616307
NC_070480	2784240
NC_070481	1616311
NC_070482	1616313
NC_070483	489505
NC_070484	1729367
NC_070485	2666090
NC_070486	1529525
NC_070487	1792768
NC_070488	1616317
NC_070489	489522
NC_070490	1616320
NC_070491	3019852
NC_070492	489521
NC_070493	1616321
NC_070494	1792771
NC_070495	2338909
NC_070496	2784254
NC_070497	1616323
NC_070498	1792773
NC_070499	1616325
NC_070500	3019853
NC_070501	1616328
NC_070502	489524
NC_070503	489526
NC_070504	1616332
NC_070505	489527
NC_070506	1616336
NC_070507	1792781
NC_070508	1616340
NC_070509	2338904
NC_070510	1616342
NC_070511	2784267
NC_070512	1792784
NC_070513	1616346
NC_070514	489529
NC_070515	2784270
NC_070516	1616350
NC_070517	1792787
NC_070518	489531
NC_070519	489533
NC_070520	1792789
NC_070521	2784275
NC_070522	2267778
NC_070523	1616255
NC_070524	489534
NC_070525	1616356
NC_070526	489535
NC_070527	1616357
NC_070528	3019858
NC_071161	87525
NC_071162	87534
NC_071163	87524
NC_071164	371361
NC_071165	371392
NC_071166	371329
NC_071167	200487
NC_071168	371388
NC_071169	1514020
NC_071170	371359
NC_071171	1514007
NC_071172	1514008
NC_071173	1514031
NC_071174	371337
NC_071175	2976225
NC_071176	2976224
NC_071177	1514053
NC_071178	555418
NC_071179	99502
NC_071180	1079077
NC_071181	104318
NC_071183	416841
NC_071194	1591304
NC_071195	2338892
NC_071196	82931
NC_071197	3020270
NC_071198	64136
NC_071199	182071
NC_071200	350026
NC_071201	350024
NC_071202	2338894
NC_071203	96569
NC_071205	1603812
NC_071206	350025
NC_071207	51000
NC_071208	937822
NC_071209	3020271
NC_071211	1653801
NC_071212	278073
NC_071213	1699511
NC_071214	63094
NC_071221	362895
NC_071222	40721
NC_071223	2734166
NC_071224	330490
NC_071225	796858
NC_071226	428243
NC_071227	75421
NC_071228	428257
NC_071231	2488055
NC_071233	254780
NC_071248	126438
NC_071249	178760
NC_071250	1133299
NC_071254	141627
NC_071357	861410
NC_071358	586119
NC_071359	861409
NC_071360	861404
NC_071361	586112
NC_071362	192271
NC_071363	879918
NC_071364	308401
NC_071746	226104
NC_071750	424577
NC_071758	1088841
NC_071759	2911714
NC_071770	127120
NC_071771	252994
NC_071772	1777870
NC_071773	1752760
NC_071775	335155
NC_071776	257357
NC_071777	161869
NC_071778	179348
NC_071779	318046
NC_071780	318051
NC_071782	2996715
NC_071783	339076
NC_071785	2992612
NC_071786	2965324
NC_071789	357852
NC_071790	943329
NC_071791	239637
NC_071792	49575
NC_071793	54728
NC_071794	2448751
NC_071795	3024257
NC_071796	584733
NC_071797	1729591
NC_071798	3024258
NC_071799	584735
NC_071800	2817587
NC_071801	63028
NC_071802	3024260
NC_071803	584740
NC_071804	99526
NC_071805	1729592
NC_071806	584759
NC_071807	3024259
NC_071808	1729594
NC_071809	2979853
NC_071810	63029
NC_071811	496692
NC_071812	239675
NC_071813	460609
NC_071814	584769
NC_071815	2950368
NC_071816	489397
NC_071817	649504
NC_071818	1623368
NC_071827	162895
NC_071828	2511895
NC_071829	93745
NC_071834	488015
NC_071835	2497809
NC_071836	3024860
NC_071837	159571
NC_071838	451700
NC_071839	3024831
NC_071840	64130
NC_071841	64132
NC_071842	2965323
NC_071843	154990
NC_071844	3024958
NC_071845	1874231
NC_071846	572113
NC_071847	672822
NC_071848	3024959
NC_071849	2052345
NC_071850	3024960
NC_071851	2263218
NC_071852	487773
NC_071854	69719
NC_071855	40715
NC_071859	167756
NC_071860	96764
NC_071861	66845
NC_071862	1685799
NC_071863	2743688
NC_071864	298292
NC_071865	161230
NC_071867	374952
NC_071868	945837
NC_071870	2993429
NC_071874	109224
NC_071886	449116
NC_071890	345096
NC_071891	345100
NC_071892	1051291
NC_071895	3025286
NC_071898	665382
NC_071909	2978058
NC_071921	78463
NC_071922	2601855
NC_071923	41962
NC_071924	2983778
NC_071925	669127
NC_071926	2291100
NC_071927	223870
NC_071929	48053
NC_071930	1642049
NC_071933	171910
NC_071934	2983773
NC_071937	1470414
NC_071945	1354239
NC_071948	3025959
NC_071949	486688
NC_071950	1603718
NC_071957	3025176
NC_071958	2605328
NC_071959	2605327
NC_071960	857755
NC_071961	231655
NC_071969	2607983
NC_071973	373805
NC_072054	2917549
NC_072057	1499136
NC_072060	2993895
NC_072061	2993896
NC_072065	460656
NC_072067	2985481
NC_072068	1736744
NC_072069	424910
NC_072070	179861
NC_072074	702219
NC_072075	595332
NC_072076	125697
NC_072077	1754164
NC_072078	595334
NC_072079	595335
NC_072080	595337
NC_072081	883002
NC_072082	3002699
NC_072083	595339
NC_072084	3002700
NC_072085	3002701
NC_072086	1754146
NC_072087	595340
NC_072088	3002702
NC_072089	595342
NC_072090	595343
NC_072091	598561
NC_072092	595344
NC_072093	2741995
NC_072094	1754147
NC_072095	595347
NC_072096	595349
NC_072097	595350
NC_072098	595351
NC_072099	2779940
NC_072100	595352
NC_072101	595353
NC_072102	1209484
NC_072103	2486982
NC_072106	330211
NC_072107	330209
NC_072108	330208
NC_072109	2785974
NC_072110	2023981
NC_072111	233892
NC_072112	1383556
NC_072113	2798874
NC_072114	2023987
NC_072116	3026878
NC_072123	2764642
NC_072126	202969
NC_072127	202970
NC_072128	116725
NC_072129	332636
NC_072130	3026411
NC_072131	3026412
NC_072134	2986129
NC_072142	1609287
NC_072143	2572401
NC_072144	154467
NC_072145	349346
NC_072146	290277
NC_072147	1280388
NC_072165	228837
NC_072167	304142
NC_072171	342015
NC_072174	319926
NC_072176	983245
NC_072179	1916029
NC_072180	157082
NC_072182	200993
NC_072183	1577778
NC_072184	2975465
NC_072185	1577077
NC_072186	2902607
NC_072187	2975471
NC_072188	1030656
NC_072189	2975463
NC_072190	2902608
NC_072191	2975467
NC_072192	2902610
NC_072193	1852784
NC_072194	2902606
NC_072195	2902609
NC_072196	2975457
NC_072197	2290814
NC_072198	2975464
NC_072199	2975466
NC_072200	2292104
NC_072201	2975470
NC_072202	1353839
NC_072203	2975462
NC_072212	102772
NC_072216	454461
NC_072236	1389228
NC_072247	502151
NC_072253	281910
NC_072254	3028188
NC_072256	1486055
NC_072257	225557
NC_072259	199156
NC_072261	321604
NC_072262	1280228
NC_072263	291501
NC_072267	587398
NC_072268	148919
NC_072269	859507
NC_072270	223224
NC_072271	426461
NC_072272	426462
NC_072274	90702
NC_072275	1082498
NC_072276	1981227
NC_072280	345099
NC_072281	3505
NC_072282	2490295
NC_072291	164669
NC_072297	76434
NC_072298	318068
NC_072300	857214
NC_072301	199671
NC_072302	2984246
NC_072303	336858
NC_072304	336848
NC_072305	857215
NC_072306	765958
NC_072307	857217
NC_072308	2984253
NC_072309	2984247
NC_072310	2984243
NC_072311	2984244
NC_072312	1030488
NC_072313	1545860
NC_072314	321418
NC_072315	408133
NC_072316	665528
NC_072317	408132
NC_072318	665544
NC_072319	665534
NC_072320	407938
NC_072321	665537
NC_072322	666005
NC_072323	665497
NC_072324	408131
NC_072325	408127
NC_072328	161106
NC_072329	319924
NC_072338	1523603
NC_072340	669708
NC_072342	471709
NC_072345	366481
NC_072347	119176
NC_072505	386151
NC_072506	486424
NC_072507	2888449
NC_072508	2888446
NC_072509	1144452
NC_072510	1144461
NC_072511	486431
NC_072512	386245
NC_072513	2888447
NC_072514	459633
NC_072515	685055
NC_072516	3670
NC_072517	1045181
NC_072518	50543
NC_072524	152679
NC_072525	154766
NC_072527	1523572
NC_072528	634377
NC_072529	28516
NC_072530	326937
NC_072531	2998964
NC_072532	548147
NC_072533	3030641
NC_072534	3030636
NC_072537	185202
NC_072552	237942
NC_072553	863012
NC_072555	1439905
NC_072556	447671
NC_072558	226677
NC_072560	331219
NC_072561	1142941
NC_072562	1158074
NC_072563	796831
NC_072564	2992860
NC_072565	2992861
NC_072566	49692
NC_072567	381652
NC_072570	2291176
NC_072572	58992
NC_072573	1201177
NC_072574	49752
NC_072575	1406371
NC_072576	148520
NC_072577	58964
NC_072578	1130978
NC_072579	1053788
NC_072580	58968
NC_072581	915442
NC_072582	152754
NC_072583	152759
NC_072584	2993613
NC_072585	122950
NC_072586	182178
NC_072587	51387
NC_072588	85340
NC_072589	1381010
NC_072590	2803922
NC_072591	1218918
NC_072592	263963
NC_072593	3031286
NC_072594	160402
NC_072608	452962
NC_072610	105480
NC_072616	1866962
NC_072617	105608
NC_072618	1524265
NC_072621	85437
NC_072622	3015786
NC_072623	176127
NC_072624	1769926
NC_072625	1769928
NC_072626	2259405
NC_072627	3031466
NC_072628	57917
NC_072629	1769919
NC_072630	29208
NC_072631	2594760
NC_072632	160521
NC_072636	1221638
NC_072641	2294070
NC_072642	71987
NC_072643	3032021
NC_072644	3032019
NC_072645	3032020
NC_072659	1277942
NC_072660	1277934
NC_072661	152746
NC_072662	58979
NC_072663	354522
NC_072665	2731867
NC_072669	118778
NC_072670	1045282
NC_072671	425821
NC_072673	307974
NC_072676	434240
NC_072693	46945
NC_072696	33114
NC_072702	2977356
NC_072707	179351
NC_072708	161111
NC_072724	210381
NC_072725	56634
NC_072727	398449
NC_072728	1505641
NC_072729	2854258
NC_072898	1045226
NC_072900	1837062
NC_072901	2704665
NC_072902	2650457
NC_072903	3031288
NC_072904	2704660
NC_072905	2704661
NC_072908	2903554
NC_072909	3033833
NC_072910	309529
NC_072911	401069
NC_072912	32225
NC_072913	120385
NC_072914	190005
NC_072915	141009
NC_072916	1043504
NC_072917	190007
NC_072918	32235
NC_072919	1961200
NC_072920	32237
NC_072921	133203
NC_072922	32245
NC_072923	1286870
NC_072924	138667
NC_072928	238945
NC_072929	238956
NC_072930	238954
NC_072931	667282
NC_072935	3033941
NC_072937	1046480
NC_072938	212834
NC_072939	216481
NC_072941	345217
NC_072944	3019043
NC_072945	175724
NC_072946	1642854
NC_072947	1642862
NC_072948	1642864
NC_072949	1358727
NC_072950	1642872
NC_072951	73300
NC_072959	145671
NC_072960	169989
NC_072967	2559483
NC_072968	292759
NC_072969	1631189
NC_072971	312811
NC_072972	152359
NC_072976	2992064
NC_072979	883761
NC_072987	2936324
NC_072999	34173
NC_073000	124764
NC_073004	4366
NC_073005	223891
NC_073006	430754
NC_073007	452457
NC_073010	1769920
NC_073014	1118427
NC_073015	1130020
NC_073016	46421
NC_073021	122319
NC_073097	202634
NC_073098	2918407
NC_073099	83937
NC_073100	720869
NC_073102	1119055
NC_073103	1348127
NC_073104	2959665
NC_073106	1503369
NC_073108	2851948
NC_073110	140962
NC_073112	1280384
NC_073113	258762
NC_073114	54223
NC_073116	2778344
NC_073117	694480
NC_073118	294965
NC_073119	161527
NC_073120	79767
NC_073121	1045265
NC_073122	3027246
NC_073123	3027247
NC_073126	3028607
NC_073149	347887
NC_073153	74140
NC_073154	252855
NC_073505	189247
NC_073520	1737613
NC_073535	122832
NC_073536	1196464
NC_073537	1196499
NC_073539	1044910
NC_073541	390498
NC_073542	390503
NC_073547	909278
NC_073549	1266313
NC_073560	2018573
NC_073561	2652141
NC_073562	2018575
NC_073563	2419559
NC_073564	1792766
NC_073565	2664457
NC_073566	3027960
NC_073570	2584542
NC_073571	267557
NC_073572	437275
NC_073573	437254
NC_073574	267559
NC_073575	1458423
NC_073576	437265
NC_073577	1423681
NC_073578	703176
NC_073579	437277
NC_073580	437279
NC_073581	437288
NC_073582	489316
NC_073583	180757
NC_073584	108878
NC_077252	212859
NC_077253	212973
NC_077254	2739912
NC_077255	2739899
NC_077256	2739908
NC_077257	2739905
NC_077258	2739909
NC_077259	1281367
NC_077260	398634
NC_077261	2739911
NC_077262	2739897
NC_077263	2739904
NC_077266	2651910
NC_077267	2651911
NC_077268	2651881
NC_077269	86640
NC_077270	2652659
NC_077271	2652469
NC_077272	2652453
NC_077273	796003
NC_077274	2652608
NC_077275	1619497
NC_077276	2652508
NC_077277	2652651
NC_077278	2652641
NC_077279	2652619
NC_077280	2652679
NC_077281	2652519
NC_077282	2652623
NC_077283	2652557
NC_077284	2652644
NC_077285	2652647
NC_077286	2652655
NC_077287	2652656
NC_077288	2652498
NC_077289	2652628
NC_077290	2652654
NC_077291	2652471
NC_077292	2652483
NC_077293	2652549
NC_077294	2652505
NC_077295	2652526
NC_077296	2652577
NC_077297	2652495
NC_077298	2652530
NC_077299	2652496
NC_077300	2652592
NC_077301	2652454
NC_077302	2652622
NC_077303	2652574
NC_077304	2652583
NC_077305	2652509
NC_077306	2652550
NC_077307	2652598
NC_077308	2652568
NC_077309	2528948
NC_077310	2528951
NC_077311	1793945
NC_077312	2652611
NC_077313	2652534
NC_077314	2652539
NC_077315	2652567
NC_077316	2652634
NC_077317	2652555
NC_077318	2652559
NC_077319	2652691
NC_077320	2652618
NC_077321	2652562
NC_077322	2528945
NC_077323	2652638
NC_077324	2652531
NC_077325	2652569
NC_077326	2652570
NC_077327	2652525
NC_077328	2652528
NC_077329	2652677
NC_077330	2652603
NC_077331	2652610
NC_077332	2652475
NC_077333	572236
NC_077334	2652609
NC_077335	2652494
NC_077336	2652630
NC_077337	2652632
NC_077338	2652584
NC_077339	2652552
NC_077340	2652543
NC_077341	2652613
NC_077342	2652548
NC_077343	2652554
NC_077344	1214565
NC_077345	2652524
NC_077346	2932483
NC_077347	2652599
NC_077348	2652640
NC_077349	2652558
NC_077350	2652639
NC_077351	2652542
NC_077352	2652589
NC_077353	2652597
NC_077354	2652484
NC_077355	2652473
NC_077356	2652581
NC_077357	2652578
NC_077358	2652506
NC_077359	2652573
NC_077360	2652507
NC_077361	2652621
NC_077362	2652492
NC_077363	2652602
NC_077364	2652503
NC_077365	1806641
NC_077366	2652590
NC_077367	2652650
NC_077368	2652479
NC_077369	2652512
NC_077370	2652515
NC_077371	2652511
NC_077372	2651908
NC_077373	2652565
NC_077374	2652532
NC_077375	2652637
NC_077376	2652646
NC_077377	2652625
NC_077378	2652487
NC_077379	2652648
NC_077380	2652545
NC_077381	2724787
NC_077382	2652561
NC_077383	2652601
NC_077384	2652614
NC_077385	2652670
NC_077386	2652500
NC_077387	2652514
NC_077388	1806642
NC_077389	2652541
NC_077390	2652595
NC_077391	2652521
NC_077392	2652504
NC_077393	2652645
NC_077394	2652673
NC_077395	2315346
NC_077396	255894
NC_077397	2652529
NC_077398	2652537
NC_077399	2652605
NC_077400	2652485
NC_077401	2652468
NC_077402	378412
NC_077403	2652626
NC_077404	139037
NC_077405	2652510
NC_077406	2652564
NC_077407	2652466
NC_077408	796002
NC_077409	2652467
NC_077410	2932484
NC_077411	2652635
NC_077412	2652478
NC_077413	2652553
NC_077414	2652535
NC_077415	2528955
NC_077416	2652649
NC_077417	2652551
NC_077418	2652579
NC_077419	2652660
NC_077420	2652620
NC_077421	2652616
NC_077422	2724785
NC_077423	2724788
NC_077424	2652477
NC_077425	2652560
NC_077426	2652657
NC_077427	2652629
NC_077428	2652653
NC_077429	2932485
NC_077430	2724783
NC_077431	301346
NC_077432	2818482
NC_077433	2818484
NC_077434	2818485
NC_077435	651549
NC_077436	2652493
NC_077437	2724777
NC_077438	2724790
NC_077439	2932481
NC_077440	2932482
NC_077441	2724782
NC_077442	2528943
NC_077443	2724781
NC_077444	2724789
NC_077445	2724792
NC_077446	2724779
NC_077447	2724780
NC_077448	2652489
NC_077449	2724793
NC_077450	2724784
NC_077451	2652488
NC_077452	2652470
NC_077453	2652522
NC_077454	2652482
NC_077455	2652474
NC_077456	2652476
NC_077457	2652572
NC_077461	29204
NC_077467	2969155
NC_077468	2584543
NC_077469	2969156
NC_077470	255883
NC_077471	2584544
NC_077472	2053897
NC_077473	2969159
NC_077474	2969152
NC_077480	470283
NC_077481	453077
NC_077482	453078
NC_077483	453083
NC_077484	453087
NC_077485	1852768
NC_077486	453089
NC_077487	453088
NC_077488	453076
NC_077489	447319
NC_077490	286882
NC_077491	123498
NC_077492	244763
NC_077493	200488
NC_077494	1729111
NC_077495	1045197
NC_077496	1729107
NC_077497	403542
NC_077498	2764680
NC_077499	411996
NC_077500	2764677
NC_077501	1309618
NC_077502	1080094
NC_077503	2764675
NC_077504	153365
NC_077505	153339
NC_077506	153317
NC_077507	200328
NC_077508	153318
NC_077509	537144
NC_077510	153319
NC_077511	1330314
NC_077512	1245804
NC_077513	2764655
NC_077514	1245801
NC_077515	3038790
NC_077516	1330309
NC_077517	1330300
NC_077520	62344
NC_077521	246703
NC_077522	384654
NC_077523	165341
NC_077524	714890
NC_077525	73274
NC_077527	1330298
NC_077528	390504
NC_077529	390501
NC_077530	390500
NC_077531	390499
NC_077532	2764620
NC_077533	390497
NC_077534	47643
NC_077535	403827
NC_077536	390494
NC_077537	20484
NC_077538	390493
NC_077539	2749487
NC_077540	158325
NC_077541	2764617
NC_077542	3039008
NC_077543	144137
NC_077544	2764616
NC_077545	3039009
NC_077546	2764613
NC_077547	2764612
NC_077548	2749464
NC_077549	144064
NC_077550	2749462
NC_077551	20402
NC_077552	912971
NC_077557	3018408
NC_077558	313920
NC_077561	321607
NC_077564	394303
NC_077565	64699
NC_077566	394307
NC_077567	64475
NC_077568	374976
NC_077569	502767
NC_077571	421255
NC_077573	2992654
NC_077574	64032
NC_077575	765270
NC_077577	128733
NC_077578	1498187
NC_077579	122218
NC_077580	1505647
NC_077584	1196470
NC_077585	2306208
NC_077586	233257
NC_077590	1872694
NC_077591	434723
NC_077593	133202
NC_077597	463674
NC_077614	884046
NC_077615	321545
NC_077617	428561
NC_077618	428562
NC_077619	359509
NC_077620	359514
NC_077621	359516
NC_077622	359522
NC_077623	428563
NC_077624	948052
NC_077628	188305
NC_077629	608809
NC_077630	3041055
NC_077631	2749919
NC_077632	1938967
NC_077634	542717
NC_077636	45837
NC_077643	48820
NC_077644	1032964
NC_077645	1217174
NC_077646	656647
NC_077649	1189062
NC_077652	105301
NC_077653	165605
NC_077654	2835296
NC_077655	165619
NC_077656	91198
NC_077657	165635
NC_077658	88847
NC_077659	515455
NC_077660	502132
NC_077661	3041209
NC_077664	55188
NC_079569	1177123
NC_079572	2762683
NC_079573	3029072
NC_079574	2762690
NC_079575	1032972
NC_079577	764339
NC_079578	2582808
NC_079579	199945
NC_079582	3036691
NC_079583	460786
NC_079584	3036690
NC_079585	604297
NC_079586	1439902
NC_079589	2605637
NC_079590	3036759
NC_079591	69385
NC_079592	52837
NC_079593	3036757
NC_079594	141482
NC_079595	187500
NC_079596	2785596
NC_079597	2072778
NC_079598	1628087
NC_079599	485208
NC_079600	1921141
NC_079601	141497
NC_079602	141489
NC_079603	120811
NC_079604	3036754
NC_079605	424982
NC_079606	126758
NC_079607	453901
NC_079608	28505
NC_079609	3036755
NC_079610	1341698
NC_079611	3036760
NC_079612	144544
NC_079613	3036756
NC_079614	1220079
NC_079615	582711
NC_079616	413289
NC_079618	339888
NC_079619	339880
NC_079620	2994847
NC_079626	1196493
NC_079627	1715889
NC_079628	3041676
NC_079629	1715892
NC_079630	3041677
NC_079631	1715893
NC_079632	2010894
NC_079633	1715896
NC_079634	3041678
NC_079635	1715898
NC_079636	1068521
NC_079641	2666335
NC_079642	2509022
NC_079643	2666336
NC_079644	2008659
NC_079645	3041656
NC_079646	2008680
NC_079647	1917029
NC_079652	66393
NC_079653	99024
NC_079654	463582
NC_079655	463585
NC_079656	463587
NC_079657	466057
NC_079659	2909617
NC_079661	222877
NC_079665	3054372
NC_079666	2321409
NC_079688	2024916
NC_079695	204141
NC_079701	3054370
NC_079702	3043289
NC_079705	943339
NC_079706	370905
NC_079707	145673
NC_079708	145675
NC_079709	480371
NC_079710	2544921
NC_079711	292683
NC_079712	2544923
NC_079713	115450
NC_079714	2559692
NC_079715	1233743
NC_079716	292746
NC_079717	184795
NC_079718	416373
NC_079719	348460
NC_079720	154471
NC_079721	77339
NC_079722	1089948
NC_079723	2860837
NC_079724	674195
NC_079725	154479
NC_079726	348509
NC_079727	115473
NC_079728	290260
NC_079729	1089976
NC_079730	1089980
NC_079731	1089990
NC_079732	115496
NC_079733	131286
NC_079734	115498
NC_079735	446122
NC_079736	446123
NC_079737	446124
NC_079738	4720
NC_079739	446126
NC_079740	446128
NC_079741	93307
NC_079742	154488
NC_079743	154489
NC_079744	184801
NC_079745	131296
NC_079746	115515
NC_079747	469726
NC_079748	446155
NC_079749	115516
NC_079750	469730
NC_079751	54447
NC_079752	469732
NC_079753	469733
NC_079754	348516
NC_079755	447618
NC_079756	2831168
NC_079757	2873436
NC_079758	1505919
NC_079759	1056962
NC_079760	115529
NC_079761	1056963
NC_079762	1056965
NC_079763	145714
NC_079764	184793
NC_079765	2799473
NC_079766	131249
NC_079767	290258
NC_079768	290272
NC_079769	131259
NC_079770	145677
NC_079771	290278
NC_079772	1225077
NC_079773	292695
NC_079774	348475
NC_079775	3028551
NC_079776	480897
NC_079777	352070
NC_079778	131265
NC_079779	1089958
NC_079780	292706
NC_079781	154482
NC_079782	292773
NC_079783	456885
NC_079784	131271
NC_079785	145693
NC_079786	131274
NC_079787	1505921
NC_079788	131276
NC_079789	1089959
NC_079790	93283
NC_079791	1089970
NC_079792	480374
NC_079793	940354
NC_079794	1089991
NC_079795	115491
NC_079796	2448448
NC_079797	131288
NC_079798	292669
NC_079799	184789
NC_079800	184787
NC_079801	145697
NC_079802	115504
NC_079803	154485
NC_079804	2559486
NC_079805	2559487
NC_079806	292697
NC_079807	115513
NC_079808	115514
NC_079809	292783
NC_079810	145709
NC_079811	1090036
NC_079812	184803
NC_079813	131300
NC_079814	480906
NC_079815	3042829
NC_079816	115527
NC_079817	292712
NC_079818	1431197
NC_079820	1041932
NC_079821	2211363
NC_079822	1868278
NC_079823	1770158
NC_079824	376246
NC_079825	200541
NC_079826	198854
NC_079828	1621233
NC_079829	539025
NC_079830	1621227
NC_079831	595571
NC_079832	539045
NC_079833	198869
NC_079834	539088
NC_079835	198886
NC_079836	539103
NC_079837	198901
NC_079838	1621248
NC_079839	100149
NC_079840	539178
NC_079841	3025157
NC_079843	202204
NC_079845	1046423
NC_079847	72185
NC_079848	3472
NC_079849	236150
NC_079854	175026
NC_079867	577513
NC_079868	649271
NC_079869	2722879
NC_079870	3044383
NC_079871	577515
NC_079872	74630
NC_079915	1008935
NC_079916	478911
NC_079918	862998
NC_079924	32246
NC_079925	1616082
NC_079926	119234
NC_079927	74637
NC_079928	649269
NC_079929	1642051
NC_079930	1036029
NC_079931	649270
NC_079932	74644
NC_079933	1608492
NC_079934	971287
NC_079935	452959
NC_079952	229630
NC_079953	237567
NC_079954	109792
NC_079955	2137421
NC_079957	748703
NC_079958	641286
NC_079959	577510
NC_079960	283339
NC_079961	267232
NC_079962	396733
NC_079963	1826635
NC_079964	1036027
NC_079965	1040842
NC_080204	374712
NC_080210	1080326
NC_080211	2926336
NC_080228	452966
NC_080230	935621
NC_080233	542737
NC_080234	1685553
NC_080235	141318
NC_080236	1685548
NC_080237	3040088
NC_080238	1685551
NC_080239	1685555
NC_080240	1685547
NC_080241	714472
NC_080242	1685546
NC_080243	3040089
NC_080244	3038291
NC_080245	402154
NC_080246	253617
NC_080247	402153
NC_080248	1177932
NC_080249	253615
NC_080251	2508689
NC_080252	2508690
NC_080253	929489
NC_080254	2508692
NC_080264	3040768
NC_080272	1541229
NC_080273	1898862
NC_080274	544491
NC_080275	1044921
NC_080277	1971718
NC_080278	2750839
NC_080279	1522187
NC_080280	2762691
NC_080281	1032937
NC_080282	1971723
NC_080284	669877
NC_080285	669878
NC_080286	669880
NC_080287	165670
NC_080288	2483102
NC_080289	2483109
NC_080290	2483070
NC_080291	2973732
NC_080292	2973733
NC_080293	2483072
NC_080294	2483075
NC_080295	2483083
NC_080296	2483090
NC_080297	2483093
NC_080298	2483094
NC_080299	2483095
NC_080300	2483098
NC_080301	2483100
NC_080302	2483103
NC_080303	2483105
NC_080304	106456
NC_080305	100696
NC_080306	2483088
NC_080307	547592
NC_080308	325095
NC_080309	1472730
NC_080310	325096
NC_080311	1851761
NC_080313	1342342
NC_080315	2799954
NC_080329	29598
NC_080330	1176413
NC_080331	52818
NC_080332	441023
NC_080341	1143231
NC_080342	667249
NC_080343	971290
NC_080344	411214
NC_080345	3049248
NC_080346	2054570
NC_080347	3049252
NC_080348	179352
NC_080349	521743
NC_080350	147635
NC_080351	119585
NC_080352	38788
NC_080353	50469
NC_080354	3043768
NC_080356	3049958
NC_080365	56918
NC_080366	71401
NC_080367	40340
NC_080368	70144
NC_080369	97984
NC_080370	3050117
NC_080371	261437
NC_080372	1523938
NC_080373	12948
NC_080376	3043769
NC_080497	2054533
NC_080498	1914886
NC_080499	2652152
NC_080500	486663
NC_080501	396393
NC_080502	229438
NC_080503	184985
NC_080504	2940253
NC_080505	229427
NC_080506	265247
NC_080507	318067
NC_080508	3051034
NC_080510	2479460
NC_080515	135518
NC_080516	175228
NC_080517	78511
NC_080520	1798793
NC_080522	46996
NC_080523	171896
NC_080524	171901
NC_080525	171909
NC_080526	171890
NC_080531	2744234
NC_080532	271243
NC_080535	1414754
NC_080536	685054
NC_080537	1144458
NC_080538	502515
NC_080592	1867283
NC_080867	178187
NC_080870	3045929
NC_080871	3041915
NC_080872	363219
NC_080873	1898829
NC_080874	692147
NC_080875	489863
NC_080876	489865
NC_080877	208737
NC_080878	208738
NC_080879	872380
NC_080880	86686
NC_080881	65957
NC_080882	208739
NC_080883	65704
NC_080884	542715
NC_080888	173669
NC_080889	3055979
NC_080890	3055980
NC_080891	1197916
NC_080893	2579145
NC_080896	191669
NC_080897	3026110
NC_080898	248827
NC_080900	128602
NC_080901	121077
NC_080902	3056407
NC_080903	3056408
NC_080904	128702
NC_080912	676073
NC_080914	216541
NC_080915	216539
NC_080916	326843
NC_080917	1197397
NC_080918	216532
NC_080919	326835
NC_080920	326833
NC_080921	326832
NC_080922	216522
NC_080923	326827
NC_080924	326823
NC_080925	216516
NC_080926	1043524
NC_080927	1682302
NC_080928	399715
NC_080929	326812
NC_080930	3056593
NC_080931	3056592
NC_080932	207838
NC_080933	265678
NC_080934	872850
NC_080935	872852
NC_080966	670328
NC_080971	51498
NC_080979	1618143
NC_080980	1618145
NC_080984	231661
NC_080986	3056920
NC_080988	3014247
NC_080989	335203
NC_080990	2590719
NC_080991	2510903
NC_080992	2510918
NC_080993	1090009
NC_080994	206310
NC_080995	671525
NC_081004	125116
NC_081007	171206
NC_081008	873091
NC_081009	392738
NC_081010	168572
NC_081012	1241825
NC_081013	155013
NC_081014	859319
NC_081017	3058091
NC_081018	3058092
NC_081019	108412
NC_081020	2945675
NC_081044	100530
NC_081047	3050396
NC_081049	38789
NC_081050	1934111
NC_081051	2944658
NC_081052	572096
NC_081053	218853
NC_081054	1857144
NC_081055	748705
NC_081056	2803377
NC_081057	231660
NC_081058	2662885
NC_081059	2944662
NC_081060	2944664
NC_081061	37490
NC_081062	2949666
NC_081063	452963
NC_081064	72190
NC_081065	72180
NC_081066	684744
NC_081108	457775
NC_081109	50459
NC_081110	228874
NC_081111	945839
NC_081112	282603
NC_081113	743978
NC_081114	282595
NC_081115	282597
NC_081116	208904
NC_081117	95392
NC_081118	311953
NC_081119	2764633
NC_081120	2764639
NC_081121	155756
NC_081122	1492263
NC_081123	537132
NC_081124	369002
NC_081125	345537
NC_081126	1205763
NC_081127	537184
NC_081128	358674
NC_081129	1619609
NC_081130	1511924
NC_081131	203579
NC_081132	203587
NC_081133	537185
NC_081460	1267443
NC_081461	1008904
NC_081462	1009467
NC_081463	57008
NC_081464	3047111
NC_081465	2925019
NC_081466	1779711
NC_081467	33126
NC_081469	1159551
NC_081470	1218747
NC_081471	244036
NC_081472	59115
NC_081473	1547482
NC_081474	64027
NC_081475	64035
NC_081476	64039
NC_081477	204219
NC_081478	3047879
NC_081481	3047500
NC_081482	1348752
NC_081484	404691
NC_081486	499989
NC_081487	2747421
NC_081488	2747424
NC_081489	2747423
NC_081490	3042452
NC_081491	1115369
NC_081492	242199
NC_081493	3042453
NC_081494	3042454
NC_081495	441196
NC_081496	516948
NC_081497	669730
NC_081500	41689
NC_081501	1398537
NC_081502	2753270
NC_081503	2487948
NC_081504	2487966
NC_081505	1641071
NC_081506	2487997
NC_081507	2823421
NC_081508	2488043
NC_081510	170465
NC_081512	1795528
NC_081513	1174927
NC_081514	294092
NC_081515	72644
NC_081516	1908554
NC_081592	673448
NC_081593	673449
NC_081594	1524266
NC_081595	1545697
NC_081596	105603
NC_081597	2546159
NC_081598	1867777
NC_081599	31429
NC_081600	31411
NC_081601	3024791
NC_081604	3051553
NC_081605	3051594
NC_081606	446902
NC_081607	3051595
NC_081608	2602971
NC_081609	1908765
NC_081610	106477
NC_081611	294031
NC_081612	1618065
NC_081613	3051554
NC_081614	3051555
NC_081615	294032
NC_081616	3051596
NC_081617	588399
NC_081618	482611
NC_081619	1620205
NC_081620	3051556
NC_081621	405629
NC_081622	588398
NC_081623	2136380
NC_081624	2014384
NC_081625	863858
NC_081626	294042
NC_081627	2708201
NC_081628	294043
NC_081629	294044
NC_081630	3051557
NC_081631	3051558
NC_081632	3051559
NC_081633	3051560
NC_081634	588397
NC_081635	49533
NC_081636	482607
NC_081637	3051561
NC_081638	3051562
NC_081639	3051563
NC_081640	622461
NC_081641	1908568
NC_081642	588396
NC_081643	2708205
NC_081644	3051564
NC_081645	482609
NC_081646	294051
NC_081647	1842907
NC_081648	220113
NC_081649	588395
NC_081650	1908573
NC_081651	1842910
NC_081652	49889
NC_081653	294056
NC_081654	49890
NC_081655	3051566
NC_081656	3051567
NC_081657	2708212
NC_081658	3155939
NC_081659	294059
NC_081660	106481
NC_081661	3051568
NC_081662	2708215
NC_081663	2708216
NC_081664	3051569
NC_081665	2709153
NC_081666	2014390
NC_081667	622465
NC_081668	294061
NC_081669	3051570
NC_081670	2708219
NC_081671	3051571
NC_081672	294064
NC_081673	588392
NC_081674	294066
NC_081675	2708221
NC_081676	1908577
NC_081677	1908578
NC_081678	2014391
NC_081679	294068
NC_081680	2014393
NC_081681	1842917
NC_081682	1842918
NC_081683	1908581
NC_081684	2014394
NC_081685	1908582
NC_081686	588390
NC_081687	3051572
NC_081688	3051573
NC_081689	622466
NC_081690	588389
NC_081691	1842920
NC_081692	3051574
NC_081693	1842921
NC_081694	3051575
NC_081695	294073
NC_081696	2708226
NC_081697	1842923
NC_081698	3051576
NC_081699	588388
NC_081700	3051577
NC_081701	1908586
NC_081702	2014398
NC_081703	405631
NC_081704	294097
NC_081705	1093659
NC_081706	588387
NC_081707	1842927
NC_081708	482610
NC_081709	405632
NC_081710	3051578
NC_081711	1908588
NC_081712	3051579
NC_081713	588386
NC_081714	294079
NC_081715	2136396
NC_081716	588385
NC_081717	129734
NC_081718	294081
NC_081719	3051580
NC_081720	3051581
NC_081721	3051582
NC_081722	3051583
NC_081723	3051584
NC_081724	3051585
NC_081725	3051586
NC_081726	3051587
NC_081727	622467
NC_081728	1908592
NC_081729	588383
NC_081730	106485
NC_081731	1842930
NC_081732	3051588
NC_081733	2086496
NC_081734	405634
NC_081735	294083
NC_081736	3051589
NC_081737	2014404
NC_081738	2014405
NC_081739	2014406
NC_081740	294085
NC_081741	1842931
NC_081742	294098
NC_081743	863859
NC_081744	3051590
NC_081745	2014407
NC_081746	2014408
NC_081747	3051591
NC_081748	2709155
NC_081749	3051592
NC_081750	294094
NC_081751	3051593
NC_081752	1093665
NC_081753	1093671
NC_081754	1908774
NC_081863	130446
NC_081864	354484
NC_081865	282647
NC_081866	1764330
NC_081867	1226053
NC_081868	1226057
NC_081869	76957
NC_081870	1226069
NC_081871	1226071
NC_081872	2981372
NC_081873	1226072
NC_081874	3002538
NC_081875	282608
NC_081876	1125850
NC_081877	2981376
NC_081878	354496
NC_081879	1226079
NC_081880	354498
NC_081881	68548
NC_081882	1619493
NC_081883	282616
NC_081884	3002497
NC_081885	68552
NC_081886	282612
NC_081887	2981400
NC_081888	483713
NC_081889	1226096
NC_081890	282629
NC_081891	282631
NC_081892	1226099
NC_081893	282636
NC_081894	2981423
NC_081895	1226103
NC_081896	2820919
NC_081897	2981431
NC_081898	3002539
NC_081899	2492890
NC_081900	1226106
NC_081901	282620
NC_081902	282618
NC_081903	1740896
NC_081904	49881
NC_081905	2708235
NC_081906	100679
NC_081907	1045195
NC_081908	376254
NC_081909	575199
NC_081911	669305
NC_081912	3044619
NC_081914	684743
NC_081915	684741
NC_081916	1161186
NC_081917	591211
NC_081918	862984
NC_081919	179661
NC_081920	1197756
NC_081921	1569453
NC_081922	591212
NC_081923	145982
NC_081924	1569454
NC_081925	87236
NC_081926	319738
NC_081929	3058894
NC_081930	995786
NC_081931	995797
NC_081932	1701878
NC_081935	176607
NC_081936	176604
NC_081937	183032
NC_081938	1532449
NC_081939	176532
NC_081940	183029
NC_081941	171780
NC_081942	496607
NC_081943	375931
NC_081944	41659
NC_081945	183056
NC_081946	1542364
NC_081947	496632
NC_081948	1532452
NC_081949	2782251
NC_081950	316966
NC_081960	38857
NC_081961	1617354
NC_081962	400887
NC_081971	133573
NC_081972	76160
NC_081973	79731
NC_081976	3053917
NC_081982	1620028
NC_081983	1370059
NC_081984	416640
NC_081985	139933
NC_081986	139936
NC_081987	3059074
NC_081988	3059069
NC_081989	16723
NC_081993	2775423
NC_081994	748710
NC_081995	1161996
NC_081996	1970670
NC_081997	1970668
NC_081998	2493990
NC_081999	3062349
NC_082000	3062351
NC_082001	43077
NC_082002	3062352
NC_082003	3062350
NC_082004	3062348
NC_082005	2859069
NC_082006	2859219
NC_082007	312614
NC_082008	1441980
NC_082009	2859220
NC_082010	312924
NC_082011	2862181
NC_082012	1526640
NC_082013	1217240
NC_082014	312940
NC_082015	312915
NC_082016	188331
NC_082017	188325
NC_082018	312933
NC_082019	312931
NC_082020	162018
NC_082021	2806810
NC_082022	312929
NC_082023	907228
NC_082024	312920
NC_082025	178175
NC_082026	2870639
NC_082027	1679386
NC_082028	2994697
NC_082029	3019641
NC_082030	3019642
NC_082031	165345
NC_082032	3019644
NC_082033	1205704
NC_082037	35137
NC_082040	468851
NC_082041	468848
NC_082042	468856
NC_082043	331162
NC_082044	468858
NC_082045	339046
NC_082046	212052
NC_082047	228478
NC_082048	212053
NC_082049	75580
NC_082050	91246
NC_082051	128738
NC_082052	52299
NC_082053	3953
NC_082054	2508703
NC_082055	2883515
NC_082056	455101
NC_082057	72166
NC_082059	3063155
NC_082060	255983
NC_082061	814928
NC_082067	2058785
NC_082068	519236
NC_082069	424406
NC_082070	329816
NC_082071	424407
NC_082072	442831
NC_082073	105231
NC_082074	184584
NC_082075	181804
NC_082076	2058781
NC_082077	2058782
NC_082078	2058783
NC_082096	146542
NC_082098	548154
NC_082099	418257
NC_082100	796862
NC_082101	640487
NC_082102	2058583
NC_082104	35922
NC_082105	413958
NC_082106	1736650
NC_082107	74693
NC_082109	1871911
NC_082110	167429
NC_082115	1499945
NC_082429	440949
NC_082574	99037
NC_082575	3073537
NC_082576	3073538
NC_082577	554380
NC_082579	289799
NC_082580	204151
NC_082581	124693
NC_082582	3073539
NC_082583	3073540
NC_082584	3073541
NC_082585	3073542
NC_082586	3073543
NC_082587	2968229
NC_082588	2744233
NC_082589	2015378
NC_082822	447117
NC_082823	447484
NC_082826	2873415
NC_082845	2871681
NC_082854	197326
NC_082855	3101723
NC_082856	137763
NC_082857	53212
NC_082858	42017
NC_082904	462872
NC_082906	175757
NC_082907	175735
NC_082913	3020961
NC_082914	339075
NC_082915	53059
NC_082916	331181
NC_082919	2981182
NC_082920	1971366
NC_082922	137186
NC_082923	222649
NC_082924	698813
NC_082925	3073856
NC_082926	56908
NC_082927	3073857
NC_082928	2060757
NC_082929	2060756
NC_082943	1898823
NC_082963	2917579
NC_082965	3074321
NC_082966	1623366
NC_082967	979727
NC_082968	1623363
NC_082969	984478
NC_082971	56038
NC_082974	114280
NC_082975	3074754
NC_082976	1840585
NC_082977	2939673
NC_082978	1454366
NC_082979	2915795
NC_082980	2915786
NC_082981	542750
NC_083081	1608375
NC_083082	2029998
NC_083083	2029654
NC_083084	714518
NC_083085	205360
NC_083086	1531355
NC_083087	1531357
NC_083088	2066563
NC_083089	193528
NC_083090	1185385
NC_083091	381226
NC_083119	1333885
NC_083120	457253
NC_083127	103488
NC_083128	2173068
NC_083129	58708
NC_083131	78262
NC_083133	65561
NC_083135	426947
NC_083136	3075770
NC_083137	3075771
NC_083138	3075772
NC_083139	3075773
NC_083141	3075835
NC_083142	1863013
NC_083143	2720781
NC_083144	2291728
NC_083145	254904
NC_083146	254918
NC_083192	2714098
NC_083193	2714099
NC_083194	2714100
NC_083195	584768
NC_083196	2831472
NC_083197	584743
NC_083198	496700
NC_083199	941844
NC_083200	239678
NC_083201	2663480
NC_083202	2663478
NC_083203	2666435
NC_083204	2714101
NC_083205	584749
NC_083206	2714104
NC_083207	165487
NC_083208	165498
NC_083209	2663479
NC_083210	496701
NC_083211	3076540
NC_083214	247887
NC_083215	1789066
NC_083216	1574110
NC_083217	346994
NC_083218	948718
NC_083219	555479
NC_083220	105674
NC_083221	1655241
NC_083391	2836190
NC_083905	232092
NC_083906	49377
NC_083907	49369
NC_083908	413830
NC_083909	2836192
NC_083910	3077617
NC_083911	2836193
NC_083912	2184288
NC_083913	626695
NC_083914	149687
NC_083915	1641279
NC_083916	1641281
NC_083917	1641289
NC_083918	1641302
NC_083919	1621226
NC_083920	1479707
NC_083921	483877
NC_083924	308214
NC_083925	2762378
NC_083926	1041201
NC_083927	1041203
NC_083928	1001070
NC_083929	1041197
NC_083930	867466
NC_083931	1041215
NC_083932	1041216
NC_083933	1041223
NC_083934	1041226
NC_083935	867480
NC_083936	1574136
NC_083937	1001110
NC_083938	1041230
NC_083939	1001111
NC_083940	1129457
NC_083941	1041241
NC_083942	1001116
NC_083943	867494
NC_083944	1041245
NC_083945	2078759
NC_083946	169217
NC_083947	1041251
NC_083948	867500
NC_083949	154407
NC_083950	1041259
NC_083951	1041262
NC_083952	867501
NC_083953	867502
NC_083954	1041268
NC_083955	760567
NC_083956	1041270
NC_083957	1041263
NC_083958	1041266
NC_083959	1041277
NC_083960	867476
NC_083961	1112768
NC_083964	41653
NC_083977	1608485
NC_083980	205567
NC_083981	4628
NC_083982	341692
NC_083984	2771004
NC_083985	1398195
NC_083986	185500
NC_083987	185505
NC_083988	58296
NC_083989	2033737
NC_083990	185511
NC_083991	1043421
NC_083992	3019297
NC_083993	2805809
NC_083994	1508565
NC_083995	265700
NC_083996	32177
NC_083997	426910
NC_084004	3078784
NC_084005	1006184
NC_084006	3078785
NC_084007	3078786
NC_084008	3078787
NC_084009	58304
NC_084010	3078788
NC_084011	185540
NC_084012	185520
NC_084013	2033739
NC_084014	185518
NC_084015	2855406
NC_084016	185562
NC_084017	2606430
NC_084018	2715092
NC_084019	2033741
NC_084020	2606427
NC_084021	2033798
NC_084022	3050858
NC_084023	58305
NC_084024	1497784
NC_084025	3019301
NC_084026	3019309
NC_084027	2033758
NC_084028	185488
NC_084029	3078783
NC_084030	2033753
NC_084031	2033794
NC_084032	3019304
NC_084033	185556
NC_084034	185559
NC_084035	185548
NC_084036	53201
NC_084037	3019293
NC_084038	3019315
NC_084039	3019305
NC_084040	1398196
NC_084041	2082849
NC_084042	3019303
NC_084044	933138
NC_084045	342061
NC_084046	2758143
NC_084047	2785301
NC_084048	268915
NC_084049	392646
NC_084050	268878
NC_084051	268881
NC_084054	1619352
NC_084055	74344
NC_084056	50144
NC_084057	286087
NC_084058	286086
NC_084059	2705726
NC_084060	3078780
NC_084061	3078781
NC_084062	2705727
NC_084063	29818
NC_084065	345098
NC_084066	1897473
NC_084067	171939
NC_084068	171943
NC_084069	171935
NC_084070	171932
NC_084071	171933
NC_084072	3080003
NC_084099	228244
NC_084100	1137911
NC_084102	189242
NC_084103	248302
NC_084107	1603704
NC_084108	249220
NC_084109	3079819
NC_084111	94108
NC_084112	856997
NC_084116	454537
NC_084117	282337
NC_084118	3080982
NC_084119	1108001
NC_084120	1112053
NC_084123	366915
NC_084130	1851346
NC_084131	1155259
NC_084132	40784
NC_084133	669657
NC_084134	80777
NC_084135	1070709
NC_084136	66662
NC_084137	309535
NC_084138	1470411
NC_084139	1541217
NC_084140	941464
NC_084141	309525
NC_084142	1541219
NC_084143	309528
NC_084144	2491195
NC_084145	2877173
NC_084146	1541222
NC_084147	1470417
NC_084148	2491196
NC_084149	2877167
NC_084150	1541227
NC_084151	2877168
NC_084152	2877169
NC_084153	2491198
NC_084154	1541231
NC_084155	1470421
NC_084156	2491199
NC_084157	1541237
NC_084158	679631
NC_084159	2491200
NC_084160	679632
NC_084161	1508136
NC_084164	89194
NC_084165	2684400
NC_084166	3081611
NC_084167	984302
NC_084168	1766721
NC_084174	3080981
NC_084175	536996
NC_084176	2516287
NC_084177	1827312
NC_084179	863002
NC_084180	84615
NC_084181	85330
NC_084182	2991877
NC_084187	58378
NC_084188	122300
NC_084189	1908589
NC_084190	1127251
NC_084191	2894893
NC_084196	58481
NC_084199	48523
NC_084200	168340
NC_084201	222084
NC_084202	222085
NC_084203	1423388
NC_084206	204979
NC_084208	101920
NC_084211	366919
NC_084212	60117
NC_084215	2932053
NC_084216	475751
NC_084217	152284
NC_084218	123680
NC_084219	1632116
NC_084220	3083244
NC_084221	152288
NC_084222	3083243
NC_084223	860741
NC_084224	96933
NC_084225	60124
NC_084226	860760
NC_084227	716922
NC_084228	152626
NC_084229	860765
NC_084231	1174967
NC_084232	1174970
NC_084233	3055941
NC_084234	165623
NC_084235	105309
NC_084236	48874
NC_084237	88844
NC_084238	113214
NC_084240	447317
NC_084246	3084951
NC_084247	1249726
NC_084248	151735
NC_084249	194519
NC_084250	151733
NC_084252	189786
NC_084253	262219
NC_084254	189785
NC_084255	64432
NC_084256	204362
NC_084257	192275
NC_084258	192294
NC_084259	326275
NC_084260	192324
NC_084261	240080
NC_084262	3080245
NC_084269	1745963
NC_084281	544988
NC_084282	1507410
NC_084283	59339
NC_084284	3049250
NC_084288	119263
NC_084290	173034
NC_084293	3082772
NC_084316	239556
NC_084317	346312
NC_084318	362630
NC_084319	1874238
NC_084320	1898873
NC_084325	3088132
NC_084329	1888382
NC_084330	90454
NC_084331	2153306
NC_084332	2951918
NC_084333	127421
NC_084335	649199
NC_084336	2822940
NC_084337	1809698
NC_084350	2915987
NC_084351	4560
NC_084366	209404
NC_084367	262459
NC_084371	334475
NC_084373	49581
NC_084374	71123
NC_084375	257354
NC_084377	2977355
NC_084378	1921730
NC_084379	3065487
NC_084380	2909257
NC_084381	219872
NC_084382	334474
NC_084383	2915953
NC_084384	1249730
NC_084386	2915957
NC_084387	2915960
NC_084388	2916021
NC_084389	2915974
NC_084390	2916009
NC_084391	2916011
NC_084392	219902
NC_084393	2916023
NC_084394	2916015
NC_084395	219904
NC_084396	2915983
NC_084397	2915986
NC_084398	306929
NC_084399	306928
NC_084400	96455
NC_084401	516044
NC_084402	1033851
NC_084403	2930495
NC_084404	1553920
NC_084405	4205
NC_084406	13485
NC_084407	165318
NC_084410	1177745
NC_084411	3092261
NC_084412	1290953
NC_084413	3082403
NC_084414	1929216
NC_084415	350027
NC_084416	54451
NC_084417	63355
NC_084418	1088823
NC_084419	53045
NC_084420	1088834
NC_084427	216499
NC_084428	212753
NC_084429	2291174
NC_084430	944283
NC_084431	270100
NC_084432	46346
NC_084433	1439931
NC_084434	3092757
NC_084435	212756
NC_084436	39385
NC_084437	2803541
NC_084438	944287
NC_084439	216500
NC_084440	3092756
NC_084444	2991587
NC_084445	2991586
NC_084453	409518
NC_084454	1161166
NC_084455	147917
NC_084456	147915
NC_084458	76149
NC_084791	190330
NC_084871	2995470
NC_084969	4355
NC_085143	3073090
NC_085144	1675672
NC_085145	345311
NC_085146	407265
NC_085147	2883987
NC_085148	306927
NC_085149	2883986
NC_085150	306925
NC_085151	306931
NC_085156	2706247
NC_085157	125400
NC_085158	426933
NC_085159	125487
NC_085160	2706354
NC_085162	101569
NC_085163	186969
NC_085164	365733
NC_085165	365734
NC_085168	13361
NC_085169	49570
NC_085181	2997898
NC_085189	1009486
NC_085190	155302
NC_085191	1679281
NC_085192	317038
NC_085193	317043
NC_085194	344086
NC_085195	189224
NC_085196	409886
NC_085197	409887
NC_085198	409888
NC_085199	409889
NC_085200	3102647
NC_085201	409890
NC_085202	100527
NC_085203	261406
NC_085204	312036
NC_085205	3102655
NC_085210	281014
NC_085214	1131399
NC_085215	1612632
NC_085216	693376
NC_085217	310423
NC_085218	126432
NC_085219	485365
NC_085220	1045549
NC_085221	228522
NC_085222	2724955
NC_085223	2652676
NC_085224	2652683
NC_085231	3078261
NC_085233	139937
NC_085234	112507
NC_085235	1196636
NC_085236	206247
NC_085237	1341708
NC_085243	2995338
NC_085245	197126
NC_085246	2871443
NC_085247	3103161
NC_085248	3103162
NC_085249	1523604
NC_085251	84923
NC_085262	672196
NC_085264	227494
NC_085268	2487996
NC_085269	91077
NC_085270	1671339
NC_085278	374031
NC_085279	41894
NC_085281	3104704
NC_085283	298662
NC_085288	77603
NC_085293	105404
NC_085294	31333
NC_085295	461266
NC_085296	1281577
NC_085297	116065
NC_085298	74475
NC_085299	309354
NC_085300	62298
NC_085301	169784
NC_085302	670095
NC_085303	105407
NC_085304	6395
NC_085305	64927
NC_085306	2724434
NC_085307	549686
NC_085308	243268
NC_085309	309362
NC_085310	66621
NC_085311	461143
NC_085312	217214
NC_085322	751787
NC_085341	44982
NC_085342	323921
NC_085343	338504
NC_085347	3106003
NC_085350	190260
NC_085351	103993
NC_085352	1489665
NC_085353	23110
NC_085355	572119
NC_085356	572127
NC_085357	2953175
NC_085358	2856447
NC_085359	572132
NC_085364	190803
NC_085365	3106216
NC_085366	473991
NC_085367	82091
NC_085368	28510
NC_085416	1315792
NC_085417	196626
NC_085418	60423
NC_085419	434235
NC_085423	272856
NC_085426	3107746
NC_085427	193326
NC_085428	1138135
NC_085429	997707
NC_085430	694356
NC_085431	3107734
NC_085432	2953166
NC_085433	3107744
NC_085434	2953176
NC_085435	3107742
NC_085436	3107743
NC_085437	694380
NC_085438	1138133
NC_085439	3107737
NC_085440	2953163
NC_085441	3107736
NC_085442	3107740
NC_085443	1081545
NC_085444	3107739
NC_085445	3107738
NC_085446	2953167
NC_085447	2953173
NC_085448	3079772
NC_085449	3107784
NC_085450	3107745
NC_085451	572123
NC_085452	2953169
NC_085453	1138126
NC_085454	3107735
NC_085458	2029653
NC_085463	45322
NC_085474	1137814
NC_085475	1137813
NC_085476	645710
NC_085477	310425
NC_085480	3107789
NC_085481	49724
NC_085483	694029
NC_085496	2321405
NC_085497	36602
NC_085498	106554
NC_085499	1184610
NC_085504	46030
NC_085505	1211623
NC_085506	1685578
NC_085507	53173
NC_085508	3107741
NC_085509	2840061
NC_085510	572118
NC_085511	1138141
NC_085512	2953164
NC_085513	2953165
NC_085514	1138138
NC_085515	997735
NC_085516	1081546
NC_085517	2953179
NC_085518	572133
NC_085519	2953182
NC_085521	106565
NC_085522	106559
NC_085523	106555
NC_085533	1045284
NC_085534	480913
NC_085544	254109
NC_085545	157443
NC_085559	3086689
NC_085564	133895
NC_085567	859224
NC_085568	2995350
NC_085570	2712968
NC_085571	3108480
NC_085572	1826792
NC_085573	470526
NC_085574	3091549
NC_085575	3091547
NC_085576	186523
NC_085577	3090533
NC_085578	1008924
NC_085579	3090200
NC_085580	2760073
NC_085581	343465
NC_085582	1217205
NC_085583	1770155
NC_085584	1775738
NC_085585	691236
NC_085586	3108496
NC_085587	3108492
NC_085588	3095560
NC_085589	3108479
NC_085590	1851445
NC_085591	3108495
NC_085592	1486051
NC_085593	1281861
NC_085594	2016658
NC_085595	125421
NC_085597	200811
NC_085598	1905575
NC_085600	1277773
NC_085602	3108749
NC_085603	683194
NC_085604	212141
NC_085607	1506205
NC_085608	222986
NC_085609	230702
NC_085610	222990
NC_085611	100698
NC_085612	261219
NC_085613	106434
NC_085615	1792755
NC_085617	3109060
NC_085622	691230
NC_085623	691229
NC_085624	3109545
NC_085625	1770163
NC_085626	1770157
NC_085627	3109546
NC_085628	1770159
NC_085629	661363
NC_085631	1826797
NC_085632	690342
NC_085633	1826800
NC_085634	1826804
NC_085635	691239
NC_085636	3091941
NC_085637	2034696
NC_085638	1826811
NC_085639	1770154
NC_085640	510712
NC_085641	416296
NC_085642	416297
NC_085643	416303
NC_085644	661350
NC_085645	1572684
NC_085646	1775740
NC_085647	1000428
NC_085648	3091545
NC_085649	2873987
NC_085650	2720251
NC_085651	141006
NC_085652	765745
NC_085653	691233
NC_085654	691241
NC_085655	3091535
NC_085656	3091937
NC_085657	1770153
NC_085658	32249
NC_085659	1770160
NC_085660	1770161
NC_085661	2604395
NC_085662	3091543
NC_085663	1826807
NC_085664	1826808
NC_085665	656924
NC_085666	2831160
NC_085667	691243
NC_085668	1770165
NC_085669	1828479
NC_085670	3091939
NC_085671	1826784
NC_085672	59983
NC_085679	1713640
NC_085680	3109963
NC_085681	306412
NC_085682	1289450
NC_085683	665342
NC_085684	91092
NC_085685	665351
NC_085686	32212
NC_085687	202998
NC_085688	1239886
NC_085689	91127
NC_085690	91129
NC_085691	91135
NC_085692	665378
NC_085693	91141
NC_085694	3785
NC_085695	2726413
NC_085696	665389
NC_085697	1534600
NC_085698	467253
NC_085703	1041249
NC_085704	142301
NC_085705	634106
NC_085706	3079011
NC_085707	3079012
NC_085708	123163
NC_085709	1959750
NC_085710	20401
NC_085711	119830
NC_085712	1419549
NC_085713	3074324
NC_085714	3074325
NC_085715	3074326
NC_085716	3074327
NC_085717	433859
NC_085718	409512
NC_085719	409522
NC_085720	409515
NC_085721	2008527
NC_085722	141007
NC_085723	1450210
NC_085724	23225
NC_085725	2008508
NC_085726	409511
NC_085727	409517
NC_085728	216037
NC_085729	409521
NC_085730	3074738
NC_085731	3079884
NC_085732	1538057
NC_085733	248844
NC_085734	339505
NC_085735	456516
NC_085736	41502
NC_085739	2201366
NC_085740	2292105
NC_085741	3034657
NC_085742	3034671
NC_085743	3034672
NC_085744	3034656
NC_085749	549619
NC_085752	48106
NC_085753	228659
NC_085754	50308
NC_085755	46415
NC_085757	70001
NC_085758	3109613
NC_085759	79606
NC_085761	667287
NC_085762	371859
NC_085763	121071
NC_085764	1780282
NC_085765	460773
NC_085766	3110971
NC_085767	2039882
NC_085768	3110972
NC_085769	2844878
NC_085770	357931
NC_085771	357932
NC_085774	292538
NC_085775	58956
NC_085776	995787
NC_085777	995800
NC_085778	585821
NC_085779	292543
NC_085780	1273557
NC_085781	3111470
NC_085782	1871462
NC_085783	1273555
NC_085784	714474
NC_085786	73304
NC_085788	1439377
NC_085791	1442760
NC_085792	1442761
NC_085793	2184523
NC_085794	655181
NC_085796	1162975
NC_085797	97746
NC_085798	1540396
NC_085799	110722
NC_085800	1969798
NC_085801	857210
NC_085802	110740
NC_085803	1969799
NC_085804	2827384
NC_085805	4646
NC_085806	2981558
NC_085807	2981559
NC_085808	97751
NC_085809	97739
NC_085810	94390
NC_085814	277990
NC_085815	318057
NC_085816	1196490
NC_085817	2836194
NC_085818	80288
NC_085819	80294
NC_085820	80321
NC_085823	3112158
NC_086485	157259
NC_086486	38860
NC_086487	49992
NC_086488	543980
NC_086489	294739
NC_086503	3025131
NC_086504	3025132
NC_086505	2291154
NC_086515	70003
NC_086516	237949
NC_086517	83154
NC_086520	260700
NC_086521	856898
NC_086522	3112401
NC_086523	856883
NC_086524	3112402
NC_086525	856882
NC_086526	856895
NC_086529	3026407
NC_086530	2917566
NC_086531	2917578
NC_086532	2917573
NC_086540	3027164
NC_086541	3027166
NC_086542	3027165
NC_086544	2998085
NC_086545	561130
NC_086546	172795
NC_086547	561128
NC_086548	317827
NC_086549	856989
NC_086550	199469
NC_086552	3112624
NC_086553	764602
NC_086554	764601
NC_086555	1087055
NC_086558	2291143
NC_086559	2305210
NC_086560	661366
NC_086561	1248461
NC_086562	661340
NC_086563	2305212
NC_086564	661345
NC_086565	661351
NC_086566	665325
NC_086573	430093
NC_086576	283133
NC_086577	296041
NC_086578	210077
NC_086579	3113364
NC_086580	995792
NC_086581	198811
NC_086582	1720446
NC_086583	1720445
NC_086584	2173063
NC_086585	2173072
NC_086586	3064835
NC_086587	2968780
NC_086588	3002910
NC_086590	1053966
NC_086598	1641267
NC_086601	1045356
NC_086625	174187
NC_086626	175741
NC_086627	125394
NC_086628	72402
NC_086629	378904
NC_086645	149379
NC_086646	198888
NC_086647	3037135
NC_086650	183063
NC_086651	483875
NC_086652	76830
NC_086653	185805
NC_086656	2028288
NC_086657	290220
NC_086658	3113355
NC_086659	2061027
NC_086660	2953948
NC_086661	2990783
NC_086662	117666
NC_086663	1071044
NC_086665	265135
NC_086667	434234
NC_086668	434236
NC_086669	1170574
NC_086670	446147
NC_086671	446146
NC_086672	1125927
NC_086677	122537
NC_086678	58662
NC_086679	50194
NC_086680	255580
NC_086681	50204
NC_086682	50206
NC_086683	50210
NC_086684	3060854
NC_086692	61589
NC_086693	237959
NC_086694	179996
NC_086695	61590
NC_086696	1127633
NC_086697	1444320
NC_086698	1617347
NC_086699	2137411
NC_086700	907956
NC_086701	469745
NC_086702	1424676
NC_086703	1905246
NC_086704	78697
NC_086705	1424690
NC_086706	248856
NC_086707	1001094
NC_086708	692012
NC_086709	1036588
NC_086710	271538
NC_086711	301005
NC_086712	1384180
NC_086713	648869
NC_086714	219869
NC_086715	1489815
NC_086716	331231
NC_086727	376874
NC_086728	226581
NC_086729	413293
NC_086730	3115592
NC_086731	3115593
NC_086734	427841
NC_086735	435766
NC_086736	863852
NC_086737	173850
NC_086738	208282
NC_086739	29694
NC_086740	48735
NC_086741	281131
NC_086742	281129
NC_086743	1461608
NC_086744	2503017
NC_086746	77334
NC_086747	3045930
NC_086748	1889606
NC_086752	113534
NC_086753	113531
NC_086754	119574
NC_086755	269609
NC_086756	2291721
NC_086757	381729
NC_086758	43188
NC_086759	50213
NC_086772	1524124
NC_086774	2291139
NC_086775	50277
NC_086776	4436
NC_086777	420835
NC_086780	418268
NC_086793	4238
NC_086794	2775048
NC_086797	83797
NC_086798	176269
NC_086799	2893849
NC_086808	3082791
NC_086813	584765
NC_086814	2847120
NC_086815	3018389
NC_086834	330579
NC_086835	1755022
NC_086836	1611267
NC_086837	2078704
NC_086838	1620016
NC_086839	330547
NC_086840	1755027
NC_086841	3118202
NC_086842	1079125
NC_086843	1755029
NC_086849	537173
NC_086850	3116939
NC_086853	1712205
NC_086855	1720486
NC_086856	2030015
NC_086857	1482880
NC_086858	2831156
NC_086859	167399
NC_086860	1482896
NC_086861	227722
NC_086862	1045174
NC_086863	2738443
NC_086864	1519597
NC_086866	1341699
NC_086867	330647
NC_086868	45843
NC_086871	3049639
NC_086872	53583
NC_086873	73281
NC_086874	73276
NC_086875	73272
NC_086876	73299
NC_086880	942186
NC_086881	942187
NC_086882	337183
NC_086883	3118957
NC_086884	1968205
NC_086885	1167620
NC_086886	3082010
NC_086889	1736646
NC_086890	411098
NC_086891	1736677
NC_086892	1736635
NC_086893	1736641
NC_086894	3112179
NC_086895	1523607
NC_086896	1032970
NC_086898	3120011
NC_086899	79376
NC_086901	180955
NC_086902	50993
NC_086903	1138419
NC_086904	328666
NC_086905	2509258
NC_086906	2509259
NC_086907	2836215
NC_086908	2836214
NC_086909	2034260
NC_086910	183676
NC_086911	2034905
NC_086912	2509260
NC_086913	1737639
NC_086914	2689584
NC_086915	1640932
NC_086925	2917563
NC_086926	2917576
NC_086927	2917570
NC_086928	2917582
NC_086929	2917564
NC_086930	2917567
NC_086931	2917581
NC_086932	1142992
NC_086933	2917568
NC_086934	2917571
NC_086935	2917575
NC_086936	2917577
NC_086937	2917569
NC_086938	2917574
NC_086939	2917572
NC_086940	2917565
NC_086941	2917580
NC_086942	2713338
NC_086943	174551
NC_086944	466059
NC_086953	1917946
NC_086954	159053
NC_086956	2184446
NC_086957	1076197
NC_086958	1076199
NC_086962	3120775
NC_086968	3121384
NC_086969	478373
NC_086971	57932
NC_086972	3121459
NC_086973	3121456
NC_086974	1732554
NC_086975	1429983
NC_086976	3121453
NC_086978	3121454
NC_086979	3121451
NC_086980	667228
NC_086981	3121455
NC_086982	210862
NC_086983	654634
NC_086984	3121458
NC_086985	3121460
NC_086986	1732548
NC_086987	667297
NC_086988	1541695
NC_086989	1778369
NC_086990	714647
NC_086991	57939
NC_086992	714487
NC_086993	3121448
NC_086994	667262
NC_086995	210859
NC_086996	516013
NC_086997	667294
NC_086998	667264
NC_086999	654613
NC_087000	3091636
NC_087001	1819533
NC_087002	667246
NC_087003	1819540
NC_087004	1819547
NC_087005	57942
NC_087006	654631
NC_087007	3091635
NC_087008	1819538
NC_087009	667252
NC_087010	1732545
NC_087011	654633
NC_087012	1961204
NC_087013	1732547
NC_087014	654620
NC_087015	1732550
NC_087016	1778373
NC_087017	667269
NC_087018	1562891
NC_087019	3121463
NC_087020	3121465
NC_087021	3091642
NC_087022	1472690
NC_087023	57947
NC_087024	478372
NC_087025	478366
NC_087026	3121464
NC_087027	478363
NC_087028	457911
NC_087029	1541699
NC_087030	687993
NC_087031	1541698
NC_087032	1541697
NC_087033	57940
NC_087034	3121475
NC_087035	1076577
NC_087036	667283
NC_087037	57933
NC_087038	654646
NC_087039	3121473
NC_087040	1042667
NC_087041	57925
NC_087042	3089657
NC_087043	3121474
NC_087044	1961205
NC_087045	2713430
NC_087046	1008379
NC_087047	1053328
NC_087048	1633998
NC_087061	79200
NC_087583	50205
NC_087586	3029021
NC_087587	4026
NC_087588	2972752
NC_087589	1779287
NC_087590	1895641
NC_087591	934066
NC_087592	168570
NC_087593	171204
NC_087594	873092
NC_087595	2972753
NC_087596	290842
NC_087597	392741
NC_087598	873089
NC_087599	1287646
NC_087600	66206
NC_087601	290843
NC_087602	290844
NC_087603	1779277
NC_087604	1895588
NC_087605	2603716
NC_087606	191453
NC_087607	1701062
NC_087608	1291635
NC_087609	1137863
NC_087610	115624
NC_087611	1155345
NC_087612	330176
NC_087613	46121
NC_087614	1895980
NC_087615	254022
NC_087616	270411
NC_087617	1045115
NC_087618	1895983
NC_087619	228246
NC_087620	2653284
NC_087621	325518
NC_087625	1195127
NC_087626	648879
NC_087627	235797
NC_087630	3036243
NC_087631	2862211
NC_087632	3024805
NC_087633	3037238
NC_087634	2491240
NC_087635	1718237
NC_087636	883142
NC_087637	2851935
NC_087638	3037239
NC_087639	2851949
NC_087640	2851938
NC_087641	330571
NC_087642	2851940
NC_087643	2851943
NC_087644	3037240
NC_087645	3037241
NC_087646	2851944
NC_087647	2851945
NC_087648	330574
NC_087649	3037242
NC_087650	3037206
NC_087651	1755024
NC_087652	3037207
NC_087653	1755023
NC_087654	3037208
NC_087655	1755021
NC_087656	3037209
NC_087657	1755028
NC_087658	3037212
NC_087659	2491215
NC_087660	3037213
NC_087661	3037214
NC_087662	3037215
NC_087663	3037216
NC_087664	3037217
NC_087665	796866
NC_087666	3037218
NC_087667	1070438
NC_087668	3024799
NC_087669	106889
NC_087670	3037220
NC_087671	2057673
NC_087672	3037221
NC_087673	3037223
NC_087674	1622064
NC_087675	2491230
NC_087676	3037224
NC_087677	2491231
NC_087678	106890
NC_087679	3037225
NC_087680	3037226
NC_087681	42079
NC_087682	3037228
NC_087683	3037229
NC_087684	3037230
NC_087685	2491232
NC_087686	3037231
NC_087687	1755063
NC_087688	3037232
NC_087689	3037233
NC_087690	3037234
NC_087691	2491234
NC_087692	1755064
NC_087693	3037235
NC_087694	106891
NC_087695	3037236
NC_087696	2491235
NC_087697	1755062
NC_087698	2851941
NC_087699	3024796
NC_087700	3037219
NC_087701	2233994
NC_087702	357967
NC_087703	52492
NC_087704	669746
NC_087706	1917943
NC_087707	1917944
NC_087708	99509
NC_087709	3079890
NC_087710	1917945
NC_087711	1917947
NC_087712	1917949
NC_087713	1917952
NC_087714	1917953
NC_087715	642896
NC_087716	3079891
NC_087717	120010
NC_087718	365729
NC_087719	365730
NC_087720	365735
NC_087721	55479
NC_087723	2986521
NC_087726	152371
NC_087746	212650
NC_087747	542718
NC_087748	1840589
NC_087749	212651
NC_087750	1454367
NC_087751	2915796
NC_087752	542746
NC_087753	1441050
NC_087754	1093622
NC_087755	418983
NC_087757	242038
NC_087760	942085
NC_087761	326768
NC_087763	2944735
NC_087764	1840596
NC_087765	648846
NC_087766	2811441
NC_087767	1407748
NC_087768	1840587
NC_087769	1082390
NC_087773	265708
NC_087777	1007873
NC_087782	346974
NC_087786	2173071
NC_087797	3114545
NC_087798	338184
NC_087800	286050
NC_087801	1961227
NC_087811	219860
NC_087812	219897
NC_087813	219900
NC_087814	1813521
NC_087821	341147
NC_087822	49539
NC_087843	3127785
NC_087844	3127786
NC_087846	286838
NC_087847	79245
NC_087848	2071495
NC_087849	59993
NC_087851	2594493
NC_087855	3127784
NC_087858	183482
NC_087860	1088838
NC_087867	120130
NC_087870	428677
NC_087872	857756
NC_087883	2911119
NC_087884	108407
NC_087885	126646
NC_087886	447313
NC_087887	13260
NC_087888	69412
NC_087889	1072615
NC_087909	2710877
NC_087910	2906541
NC_087911	1402432
NC_087912	885520
NC_087913	3082027
NC_087914	1209445
NC_087915	3082048
NC_087916	1209449
NC_087917	3082028
NC_087918	1209450
NC_087919	1209451
NC_087920	3082029
NC_087921	3082030
NC_087922	3082032
NC_087923	1209452
NC_087924	1209455
NC_087925	1209456
NC_087926	1209457
NC_087927	1209458
NC_087928	1209459
NC_087929	1442629
NC_087930	1209460
NC_087931	1209461
NC_087932	3082025
NC_087933	481985
NC_087934	3082033
NC_087935	1209464
NC_087936	49045
NC_087937	1209465
NC_087938	415506
NC_087939	595329
NC_087940	1209467
NC_087941	1209468
NC_087942	3082034
NC_087943	2836186
NC_087944	3082035
NC_087945	3030046
NC_087946	1209472
NC_087947	1754108
NC_087948	3082036
NC_087949	3082037
NC_087950	1209474
NC_087951	1754109
NC_087952	3082050
NC_087953	1209475
NC_087954	59423
NC_087955	1209476
NC_087956	1209477
NC_087957	1209478
NC_087958	1209479
NC_087959	1209480
NC_087960	330692
NC_087961	320627
NC_087962	1755145
NC_087963	112356
NC_087964	1209444
NC_087965	415154
NC_087966	59425
NC_087967	268097
NC_087968	2928425
NC_087969	152196
NC_087970	91263
NC_087971	3133199
NC_087972	3133200
NC_087973	1177005
NC_087974	2184477
NC_087975	1265927
NC_087976	2979711
NC_087977	1287611
NC_087978	308437
NC_087979	933380
NC_087980	1131401
NC_088033	377454
NC_088034	2290803
NC_088035	201516
NC_088036	167919
NC_088038	231682
NC_088039	231681
NC_088040	231678
NC_088041	3261
NC_088042	3043455
NC_088043	690490
NC_088044	3043453
NC_088045	690505
NC_088046	3043452
NC_088047	1637977
NC_088048	3043451
NC_088049	2975459
NC_088053	113538
NC_088054	231679
NC_088055	1008928
NC_088060	459157
NC_088063	3059647
NC_088064	1406284
NC_088067	2982993
NC_088068	54434
NC_088069	367483
NC_088070	1549782
NC_088071	3134978
NC_088072	54427
NC_088074	351593
NC_088075	194562
NC_088076	189793
NC_088090	185494
NC_088091	58297
NC_088092	146503
NC_088093	1043419
NC_088097	195802
NC_088431	3062116
NC_088432	1245322
NC_088433	3063525
NC_088434	3063526
NC_088435	751630
NC_088436	3063524
NC_088438	1827168
NC_088439	431301
NC_088441	654645
NC_088442	1707751
NC_088443	316508
NC_088459	1489755
NC_088461	2675919
NC_088462	197793
NC_088463	197795
NC_088464	223176
NC_088465	2294064
NC_088466	197799
NC_088467	223173
NC_088468	197803
NC_088469	503360
NC_088470	2550875
NC_088471	2675942
NC_088472	2675945
NC_088473	589142
NC_088474	1439916
NC_088475	589143
NC_088476	197812
NC_088477	513145
NC_088478	513151
NC_088479	101994
NC_088480	513152
NC_088481	113209
NC_088483	2071455
NC_088486	2231309
NC_088487	2231308
NC_088496	1406279
NC_088498	119235
NC_088509	140994
NC_088510	32221
NC_088511	3091706
NC_088512	140996
NC_088513	32243
NC_088514	48231
NC_088523	235825
NC_088524	306912
NC_088530	488176
NC_088531	191885
NC_088533	106560
NC_088534	54477
NC_088536	1185422
NC_088537	2932051
NC_088538	2487458
NC_088539	2907386
NC_088540	2137398
NC_088541	2029070
NC_088545	2976102
NC_088547	51268
NC_088553	1088842
NC_088555	863042
NC_088558	41622
NC_088559	642525
NC_088562	995811
NC_088564	3132731
NC_088565	3132732
NC_088566	3034931
NC_088567	74787
NC_088573	2678244
NC_088574	1287972
NC_088719	1560081
NC_088720	3041824
NC_088721	3041819
NC_088722	3041826
NC_088723	3041830
NC_088724	3041825
NC_088725	1969477
NC_088726	2690835
NC_088728	1026949
NC_088729	3134732
NC_088730	2054580
NC_088731	3134733
NC_088732	3134734
NC_088733	3134736
NC_088734	2138331
NC_088735	529591
NC_088736	2054579
NC_088737	2294073
NC_088738	2138333
NC_088739	1146880
NC_088740	3114546
NC_088741	2803551
NC_088747	1262115
NC_088748	262921
NC_088749	1633997
NC_088750	2173070
NC_088751	1325981
NC_088752	3064863
NC_088754	2594499
NC_088755	228392
NC_088757	462417
NC_088760	149361
NC_088761	2732299
NC_088762	3137155
NC_088765	37229
NC_088768	2768815
NC_088770	429709
NC_088771	267619
NC_140640	3821
NW_004675960	1537102
NW_012192828	5857
NW_014013626	145388
NW_017385168	647221
NW_017962150	5854
NW_019223693	5861
NW_021629666	77519
NW_021703914	94643
NW_023618544	54757
