0	KJ588907	58047
0	KJ588908	58047
0	KJ588909	58047
0	KJ588910	58047
0	KJ588911	58047
0	KJ588912	50189
0	KJ588913	50189
0	KJ588914	147460
0	KJ588915	147460
0	KJ588916	147460
0	KJ588917	120259
0	KJ588918	120259
0	KJ588919	120259
0	KJ588920	120259
0	KJ588921	120259
0	KJ588922	120259
0	KJ588927	89482
0	KJ588928	147277
0	KJ588929	147277
0	KJ588930	147277
0	KJ588931	147277
0	KJ588932	147277
0	KJ588933	147277
0	KJ588934	147277
0	KJ588935	147277
0	KJ588936	147277
0	KJ588937	147277
1	KJ588923	156149
1	KJ588924	156149
1	KJ588925	156149
1	KJ588926	89482
1	MK211152	89482
1	MK211153	2490639
2	EF660583	147277
3	EF660568	147275
3	EF660573	147273
3	EF660577	147275
3	EF660579	156272
3	EF660582	450882
3	MK116527	88032
3	MK116528	99806
3	MK116529	88032
3	MK116530	88032
3	MK123469	88032
3	MK123470	46220
3	MK123471	99806
3	MK123472	85957
3	MK123473	99806
3	MK168608	99806
3	MK168609	99806
3	MK168610	88032
3	MK168611	88032
3	MK168612	88032
3	MK168613	88032
3	MK168614	88032
3	MK168615	88032
3	MK168616	99806
3	MK168617	99806
3	MK168782	99806
3	MK168783	99806
3	MK168784	99806
3	MK168785	99806
3	MK211154	25629
3	MK211155	25629
4	EF660572	450883
5	EF660589	120259
6	EF660595	50189
7	KC425752	1413724
7	KC425752	1413724
8	HM116954	214231
9	OP303333	271540
10	LC420890	271540
10	LC420895	271540
10	OP303319	271540
10	OP303320	271540
10	OP303321	271540
10	OP303322	271540
10	OP303323	271540
10	OP303324	271540
10	OP303325	271540
10	OP303326	271540
10	OP303327	271540
10	OP303328	271540
10	OP303329	271540
10	OP303330	271540
10	OP303331	271540
10	OP303332	271540
10	OP303334	271540
11	GU139567	69008
11	GU139568	746016
11	GU139569	746016
11	GU139570	171237
11	GU139571	746017
11	LC420860	58039
11	LC420865	58039
11	LC420870	1927803
11	LC420875	1927803
11	LC420880	69008
11	LC420885	69008
11	LC420940	58039
11	LC420945	58039
11	LC420950	58039
11	LC420959	1927803
11	LC420964	1927803
11	LC420969	1927803
12	FJ948466	646305
12	FJ948467	633661
12	FJ948468	646304
12	FJ948469	646304
12	FJ948470	487036
12	FJ948471	646306
12	GU197868	61308
12	LC420640	993107
12	LC420650	993107
12	LC420660	993107
12	LC420670	993107
12	LC420680	993107
12	LC420690	2304447
12	LC420700	2304447
12	LC420710	2304447
12	LC420720	2304447
12	LC420730	2304447
12	LC420740	2304448
12	LC420750	2304448
12	LC420760	2304448
12	LC420770	2304448
12	LC420780	2304448
12	LC420790	2304448
12	LC420795	2304448
12	LC420800	758917
12	LC420810	758917
12	LC420820	758917
12	LC420830	758917
12	LC420840	758917
12	LC420850	758917
12	LC420855	758917
12	LC420900	1719643
12	LC420905	1719643
12	LC420910	224740
12	LC420920	224740
12	LC420974	69008
12	LC420979	1719643
12	LC420984	1719643
12	LC420989	1719643
12	LC420994	1719643
12	LC421006	993107
12	LC421016	993107
12	LC421019	993107
12	LC421022	993107
12	LC421028	993107
12	LC421035	758917
12	LC421038	2304447
12	LC421041	2304447
12	LC421044	2304447
12	LC421047	2304447
12	LC421050	2304448
12	LC421053	2304447
12	LC421056	2304447
12	LC421059	758917
12	LC421062	758917
12	LC421065	993107
12	LC421068	993107
12	LC421071	993107
12	LC421080	993107
12	LC421087	993107
12	LC421093	993107
12	LC421099	993107
12	LC421106	993107
12	LC421112	993107
12	LC421118	993107
12	LC421131	993107
12	LC421145	758917
12	LC421148	758917
12	LC421151	758917
12	LC421154	758917
12	LC421165	2304447
12	LC421168	758917
12	LC421171	758917
12	LC421174	2304447
12	LC421181	758917
12	LC421186	2304448
12	LC421189	2304448
12	LC421192	2304448
12	LC421195	2304448
12	LC421198	2304448
12	LC421203	758917
12	LC421210	758917
12	LC421215	758917
12	LC421218	758917
12	MT137794	177241
12	MT137795	177241
12	MT137796	177241
12	MT137797	177241
12	MT137798	177241
12	MT137799	177241
12	MT137800	177241
12	MT137801	177241
12	MT137802	177241
12	MT137803	177241
12	MT137804	884044
12	MT137805	884044
12	MT137806	884044
12	MT137807	884044
12	MT137808	884044
12	MT137809	884044
12	MT137810	884044
12	MT137811	884044
12	MT137812	884044
12	MT137813	884044
12	MT137814	884044
12	MT137815	884044
12	MT137816	884044
12	MT137817	884044
12	MT137818	884044
12	MT137819	884044
12	MT137820	884044
12	MT137821	884044
12	MT137822	884044
12	MT137823	884044
12	MT137824	2714967
12	MT137825	2714967
12	MT137826	2714967
12	MT137827	2714967
12	MT137828	2714967
12	MT137829	2714967
12	MT137830	2714967
12	MT137831	2714967
12	MT137832	2714967
12	MT137833	2714967
12	MT137834	2714967
12	MT137835	2714967
12	MT137836	2714967
12	MT137837	2714967
12	MT137838	2714967
12	MT137839	2714967
12	MT137840	2714967
12	MT137841	2714967
12	MT137842	2714967
12	MT137843	2714967
12	MT137844	2714967
12	MT137845	2714967
12	MT137846	2714976
12	MT137847	2714976
12	MT137848	2714976
12	MT137849	2714976
12	MT137850	2714976
12	MT137851	884044
12	MT137852	2714976
12	MT137853	2714976
12	MT137854	884044
12	MT137855	2714976
12	MT137856	2714976
12	MT137857	884044
12	MT137858	2714976
12	MT137859	884044
12	MT137860	2714976
12	MT137861	884044
12	MT137862	2714976
12	MT137863	2714976
12	MT137864	2714975
12	MT137865	2714976
12	MT137866	884044
12	MT137867	884044
12	MT137868	2714975
12	MT137869	884044
12	MT137870	2714976
12	MT137871	2714976
12	MT137872	884044
12	MT137873	2714976
12	MT137874	2714976
12	MT137875	2714975
13	GU197869	61308
13	GU197870	61308
14	LC420930	103973
14	LC420935	103973
15	JN600627	492769
16	HM116955	329098
16	MH280028	13383
16	MH280029	13383
16	MH280030	13383
16	MH280031	13383
16	MH280032	13383
16	MH280033	13383
16	MH280034	13383
16	MH280035	13383
16	MH280036	13383
16	MH280037	13383
16	MH280038	13383
16	MH280039	13383
16	MH280040	13383
16	MH280041	13383
16	MH280042	13383
16	MH280043	13383
16	MH280044	13383
16	MH280045	13383
16	MH280046	13383
16	MH280047	13383
16	MH280048	13383
16	MH280049	13383
16	MH280050	13383
16	MH280051	13383
16	MH280052	13383
16	MH280053	13383
16	MH280054	13383
16	MH280055	13383
16	MH280056	13383
16	MH280057	13383
16	MH280058	13383
16	MH280059	13383
16	MH280060	13383
16	MH280061	13383
16	MH280062	13383
16	MH280063	13383
16	MH280064	13383
17	EF660569	89478
18	LC421000	993107
18	LC421074	993107
18	LC421138	993107
19	KX130176	3302
19	KX130177	3302
19	KX130179	3302
19	KX130187	179193
19	KX130195	179198
19	KX130204	3301
19	KX130213	179202
19	KX130214	179202
19	KX130217	251412
19	KX130218	251412
19	KX130225	179205
19	KX130226	179205
19	KX130260	179217
19	KX130273	179223
19	KX130291	179231
20	KX130206	466905
20	KX130208	179201
20	KX130223	179204
20	KX130229	58034
20	KX130230	179207
21	KJ588938	89479
21	KJ588939	25625
21	PX580590	25625
21	PX580591	25625
21	PX580592	25625
21	PX580593	25625
21	PX580594	25625
21	PX580595	25625
22	EF660578	449201
23	EF660581	58029
23	MK116531	58029
24	JF829710	28978
24	KT001114	28978
24	KT001115	28978
24	KT001116	28978
25	LC421090	993107
26	JF829711	28978
27	DQ926721	414531
27	DQ926722	179188
27	DQ926723	179188
27	DQ926724	414532
27	DQ926725	414532
27	DQ926732	203822
27	DQ926748	182487
27	DQ926749	182487
28	DQ926734	171017
28	DQ926736	171017
28	DQ926746	115877
29	DQ926718	414530
29	DQ926728	58033
29	DQ926729	58033
29	DQ926730	58033
30	JF829707	99812
30	JF829708	99812
31	LC421013	993107
32	LC421109	993107
33	LC421125	993107
34	KX130268	179220
35	EU331134	344354
36	KJ400946	161115
37	KJ400933	161110
38	JF893850	1048564
38	JF893851	1048565
38	JF893855	1048568
38	JF893856	1050060
38	JF893858	1048569
38	JF893859	1048570
38	JF893877	1048589
38	KC847550	1465769
38	KC847555	1465776
38	KC847561	1465785
38	KC847565	1465792
38	KC847569	1465805
38	KC847570	1465797
38	KC847575	1465803
39	JF893861	1048572
40	FJ009832	592577
41	JF893854	1048567
41	KC847551	1465771
41	KC847554	1465774
41	KC847568	1465796
41	KC847571	1465798
41	KC847572	1465799
41	KC847582	1465773
42	PV541734	3416980
43	KY427307	89411
44	KY427308	98002
45	KY427316	93890
46	JX475156	243997
46	JX475157	243997
46	JX475158	243997
47	GQ465541	665732
48	KX786509	1202418
49	KR134120	346392
49	KR134121	346392
50	JX475162	41964
50	JX475163	41964
51	JX475151	280645
51	JX475152	280645
51	JX475153	280645
52	JX475154	280662
52	JX475155	280662
53	JX475146	169373
54	JX475149	468249
54	JX475150	468249
54	JX475166	147940
54	JX475167	147940
55	JX475164	78464
55	JX475165	78464
56	JX475159	78467
56	JX475160	78467
57	AJ242148	93283
57	AJ242149	93283
58	FJ842645	635019
59	KX786540	1202394
60	FJ842643	635018
61	DQ866899	174201
61	DQ866901	267612
62	KU145704	69109
62	KU145725	69109
62	KU145726	69109
62	KU145729	69109
62	KU145730	69109
62	KU145731	1834043
62	KU145771	1834043
62	KU145773	69109
63	MF987642	2126459
64	HM116974	453084
65	DQ632601	28511
65	DQ632602	28511
65	DQ632604	28511
65	EF529522	28511
65	EF529523	28511
65	EF529524	28511
65	EF529525	28511
65	EF529526	28511
65	EF529527	28511
65	EF529528	28511
65	EF529529	28511
65	EF529531	28511
65	EF529532	28511
65	EF529533	28511
65	EF529534	28511
65	EF529535	28511
65	EF529536	28511
65	EF529537	28511
65	EF529538	28511
65	EF529540	28511
65	EF529541	28511
65	EF529542	28511
66	AB762291	55184
67	AJ242152	93235
67	AJ242153	93235
68	MW399241	1592184
68	MW399242	1592175
68	MW399243	1592175
68	MW399244	1592176
68	MW399245	1592176
68	MW399246	1592176
68	MW399247	1592177
68	MW399248	1592177
68	MW399249	1592177
68	MW399250	2916428
68	MW399251	2916428
68	MW399252	2916428
68	MW399253	2916428
68	MW399254	2916428
68	MW399255	2916428
68	MW399256	72655
68	MW399257	72655
68	MW399258	72655
68	MW399259	72655
68	MW399260	72655
68	MW399261	72655
68	MW399262	72655
68	MW399263	72655
68	MW399264	72655
68	MW399265	72655
68	MW399266	72655
68	MW399267	72655
68	MW399268	1592184
68	MW399269	72655
68	MW399270	2916429
68	MW399271	2916429
68	MW399272	2916429
68	MW399273	2916429
68	MW399274	1592178
68	MW399275	1592178
68	MW399276	1592179
68	MW399277	1592179
68	MW399278	1592179
68	MW399279	1592179
68	MW399280	1592179
68	MW399281	1592180
68	MW399282	1592180
68	MW399283	1592180
68	MW399284	1592180
68	MW399285	1592180
68	MW399286	1592180
68	MW399287	1592180
68	MW399288	1592180
68	MW399289	1592181
68	MW399290	1592181
68	MW399291	1592181
68	MW399292	1592181
68	MW399293	1592182
68	MW399294	1592182
68	MW399295	1592182
68	MW399296	1592182
68	MW399297	1592182
68	MW399298	1592183
68	MW399299	1592183
68	MW399300	1592183
68	MW399301	1592183
68	MW399302	1592183
68	MW399303	1592183
68	MW399304	1592183
68	MW399305	1592184
68	MW399306	1592184
68	MW399307	1592184
68	MW399308	1592184
68	MW399309	1592184
68	MW399310	1592184
68	MW399311	1592184
68	MW399312	1592184
68	MW399313	1592184
68	MW399314	1592184
68	MW399315	488789
68	MW399316	488789
68	MW399317	488789
68	MW399318	1592185
68	MW399319	1592185
68	MW399320	1592185
68	MW399321	1592185
68	MW399322	1592185
68	MW399323	1592185
68	MW399324	1592185
68	MW399325	1592185
68	MW399326	1592185
68	MW399327	1592185
68	MW399328	1592185
68	MW399329	1592185
68	MW399330	1592185
68	MW399331	1592185
68	MW399332	1592185
68	MW399333	1592186
68	MW399334	1592186
68	MW399335	1592186
68	MW399336	1592186
68	MW399337	1592186
68	MW399338	1592186
68	MW399339	1592186
68	MW399340	1592186
68	MW399341	1592186
68	MW399342	1592187
68	MW399343	1592187
68	MW399344	1592187
68	MW399345	1592188
68	MW399346	1592188
68	MW399347	1592188
68	MW399348	1592188
68	MW399349	1592188
68	MW399350	1315771
68	MW399351	1315771
68	MW399352	85348
68	MW399353	85348
68	MW399354	85348
68	MW399355	85348
68	MW399356	85348
68	MW399357	85348
68	MW399358	85348
68	MW399359	85348
68	MW399360	1592189
68	MW399361	1592189
68	MW399362	488790
68	MW399363	488790
68	MW399364	488790
68	MW399365	470286
68	MW399366	470286
68	MW399367	470286
68	MW399368	1592190
68	MW399369	1592190
68	MW399370	1592190
68	MW399371	1592190
68	MW399372	1592190
68	MW399373	78386
68	MW399374	78386
68	MW399375	78386
68	MW399376	49740
68	MW399377	49740
68	MW399378	49740
68	MW399379	220906
68	MW399380	220906
68	MW399381	220906
68	MW399382	220906
68	MW399383	220906
68	MW399384	220906
68	MW399385	2916032
68	MW399386	2916033
68	MW399387	470286
68	MW399388	2916033
68	MW399389	1592191
68	MW399390	1592191
68	MW399391	1592191
68	MW399392	1592191
69	DQ339094	50236
70	AF427503	174968
71	AH013855	267573
71	AH013864	267585
71	AY560276	267573
71	AY560286	267581
71	AY560288	267583
71	AY560290	267585
71	KC528889	267573
71	KC528890	267573
71	KC528891	267585
71	KC528892	1434955
71	KC528893	1434955
71	KC528894	267593
71	KC528895	267581
71	KC528896	267594
71	KC528897	267583
72	AH013854	267572
72	AH013856	267574
72	AH013859	267578
72	AH013866	267587
72	AH013871	267592
72	AH013872	267592
72	AY560278	267574
72	AY560306	267597
72	KC528961	267592
72	KC528963	267592
72	KC528966	267574
72	KC528967	267574
72	KC528968	267574
72	KC528969	267574
72	KC528974	1434958
72	KC528976	267578
72	KC528977	267578
72	KC528978	267595
72	KC528979	1428919
72	KC528980	1428919
72	KC528981	1428846
72	MT924135	1485688
72	PZ502252	267592
73	AH013880	267600
73	AY560313	267603
73	KC528902	1032451
73	KC528903	267603
73	KC528904	1428891
74	AH013882	267604
74	AY560315	267604
75	FJ009847	592583
76	MN257700	69109
77	AH013881	267601
77	AY560280	267575
77	EF371706	267582
77	EF371707	267582
77	EF371708	267582
77	EF371709	267582
77	EF371710	267582
77	EF371711	267582
77	EF371712	267582
77	EF371713	267582
77	EF371714	267582
77	EF371715	267582
77	EF371716	267582
77	EF371717	267582
77	EF371718	267582
77	EF371719	267582
77	EF371720	267582
77	EF371721	267582
77	EF371722	267582
77	EF371723	267582
77	EF371724	267601
77	EF371725	267601
77	EF371726	267601
77	EF371727	267601
77	EF371728	267601
77	EF371729	267601
77	EF371730	267601
77	EF371731	267601
77	EF371732	267601
77	EF371733	267601
77	EF371734	267601
77	EF371736	267601
77	EF371737	267601
77	EF371738	424890
77	EF371739	424890
77	EF371740	424890
77	EF371742	424890
77	EF371743	424890
77	EF371744	424890
77	EF371745	424890
77	EF371746	424890
77	EF371747	424890
77	EF371748	424890
77	EF371749	424890
77	EF371750	267582
77	EF371751	267582
77	EF371752	267582
77	EF371753	267582
77	EF371754	267582
77	EF371755	267601
77	EF371756	267601
77	EF371757	267601
77	EF371758	267601
77	EF371759	267601
77	EF371760	267601
77	EF371761	267601
77	EF371762	267601
77	EF371763	424890
77	EF371764	424890
77	EF371765	424890
77	EF371766	424890
77	EF371767	424890
77	EF371768	424890
77	EF371769	424890
77	EF371770	424890
77	EF371771	424890
77	EF371772	424890
77	EF371773	424890
77	EF371774	424890
77	EF371775	424890
77	EF371776	424890
77	EF371777	424890
77	EF371778	424890
77	EF371779	424890
77	EF371780	424890
77	EF371781	424890
77	EF371782	424890
77	EF371783	424890
77	EF371784	424890
77	EF371785	424890
77	EF371786	424890
77	EF371788	424890
77	EF371789	424890
77	EF371791	424890
77	EF371792	424890
77	EF371793	424890
77	EF371794	424890
77	EF371795	424890
77	EF371796	424890
77	EF371797	424890
77	KC528951	267575
77	KC528954	267582
77	KC528955	267582
78	AH013857	267576
78	KC528999	1428844
78	KC529003	267576
78	KC529004	267576
78	KC529005	1434954
78	KC529009	1428858
79	AH013867	267588
80	GU256863	142765
81	KU682374	1966370
82	MN257688	2600443
82	MN257689	2600555
82	MN257705	2600556
83	KM435237	279677
84	PQ859381	89585
84	PQ859385	89585
84	PQ859386	89585
84	PQ859387	89585
84	PQ859388	89585
84	PQ859390	89585
84	PQ859391	89585
84	PQ859393	89585
84	PQ859397	89585
84	PQ859398	89585
84	PQ859399	89585
84	PQ859401	89585
84	PQ859409	89585
84	PQ859413	89585
84	PQ859414	89585
84	PQ859415	89585
84	PQ859416	89585
84	PQ859418	89585
84	PQ859421	3391657
84	PQ859422	3391657
84	PQ859424	3391657
84	PQ859425	3391660
84	PQ859428	3391657
84	PQ859431	89585
84	PQ859432	3391659
84	PQ859433	89585
85	PQ859404	161103
85	PQ859405	161103
85	PQ859406	161103
85	PQ859426	3025629
85	PQ859427	3025629
85	PQ859429	3391657
85	PQ859430	3391658
86	AH013865	1968426
86	KC528878	1428862
86	KC528879	1428862
86	KC528880	1428862
86	KC528881	1428862
86	KC528882	1428878
86	KC528883	1428878
86	KC528884	1428878
86	KC528885	1968426
86	KC528886	1968426
86	KC528887	1968426
86	MN879545	2692307
86	MN879546	1968426
86	MN879547	1968426
87	AH013877	267598
87	AH013878	267598
87	AH013883	267605
87	KC528993	267598
88	AF513662	162943
89	MF987621	2126464
90	AH013879	267599
90	KC528931	1428866
90	KC528932	1428866
90	KC528933	1428866
90	KC528934	1428866
90	KC528935	1428856
90	KC528936	1428872
90	KC528937	1434957
90	KC528938	267599
90	KC528939	267599
90	KC528940	1434961
90	KC528942	1428901
90	MH260277	1329283
90	PZ502329	1428866
90	PZ502330	267599
91	HQ615092	535967
92	AH013853	47519
92	AY560268	136204
92	AY560269	267568
92	EU812826	545659
92	EU812827	545659
92	EU812828	545660
92	EU812829	545660
92	EU812830	267568
92	EU812831	267568
92	EU812832	136204
92	EU812833	136204
92	EU812834	545661
92	EU812835	545661
92	KC528909	649341
92	KC528910	649341
92	KC528912	649342
92	KC528914	1428837
92	KC528915	1434952
92	KC528916	1428828
92	KC528917	1428842
92	KC528918	649343
92	KC528921	649340
92	KC528922	1428831
92	KC528925	649343
92	MH710765	47519
92	MN824767	2676193
92	MN824768	2676193
93	AH013869	267591
93	AH013870	267591
93	AY560271	267570
93	AY560272	267570
93	KC528817	267570
93	KC528818	267570
93	KC528819	267570
93	KC528820	1428877
93	KC528822	1428847
93	KC528823	1428847
93	KC528824	1428867
93	KC528854	1428887
93	KC528855	1434959
93	KC528859	1428853
93	KC528860	1428936
93	KC528861	1428851
93	KC528862	1428851
93	KC528868	1428869
94	AJ812612	292085
94	AJ812642	174528
95	KF993466	596802
95	KF993467	596802
95	KF993468	596802
95	KF993469	596802
96	DQ866914	174203
97	MN257760	1833801
97	MN257800	1833801
98	PV900356	282603
98	PV900357	282603
99	AF513667	162661
100	HQ615094	480466
101	KY860933	3893
101	PV990273	174648
101	PV990274	174648
101	PV990275	3893
101	PV990276	3893
101	PV990278	3031840
101	PV990279	3893
101	PV990280	3893
101	PV990281	3893
101	PV990283	174648
101	PV990284	3893
101	PV990286	174648
101	PV990287	3893
101	PV990290	3893
102	LC472999	795118
103	MN543622	1534587
104	AJ242126	93302
105	AJ242140	93291
106	KM488629	874444
107	MK976749	2562691
108	ON791542	2953140
109	DQ826447	45325
110	HM116981	183265
111	KR870335	1821934
111	KR870337	1821924
112	OK644076	2887343
113	AJ812587	292116
114	EF635464	326352
114	EF660543	453397
115	KU682371	1966370
116	MN257714	2600462
116	MN264664	2601739
117	OR593301	117707
117	OR593302	117707
117	OR593305	117707
118	OR593303	117707
119	PV990277	3031840
120	PV990282	3031840
120	PV990285	3064024
121	AJ812586	292093
122	AJ812602	292073
122	AJ812605	292121
122	AJ812607	292068
122	AJ812611	292113
122	AJ812620	292115
122	AJ812621	292099
122	AJ812632	292096
122	AJ812640	292088
122	AJ812641	292083
123	AJ812608	292102
123	AJ812609	292054
123	AJ812610	292072
124	KF993478	1443351
124	KF993479	1443351
124	KF993480	1443352
124	KF993481	1443352
124	KF993482	1443352
124	KF993483	1443352
124	KF993484	1443352
124	KF993485	1443352
124	KF993486	105271
124	KF993487	105271
124	KF993488	105271
124	KF993489	105271
124	KF993490	105271
124	KF993491	105271
124	KF993492	105271
124	KF993493	105271
124	KF993494	105271
124	KF993495	105271
124	KF993496	105271
124	KF993497	105271
124	KF993498	105271
124	KF993499	105271
124	KF993501	105271
124	KF993502	105271
124	KF993503	105271
124	KF993504	105271
124	KF993505	105271
124	KF993506	105271
124	KF993507	105271
124	KF993508	105271
124	KF993509	105271
124	KF993510	105271
124	KF993511	105271
124	KF993512	105271
124	KF993513	105271
124	KF993516	596797
124	KF993517	596797
124	KF993518	596797
124	KF993519	596797
124	KF993520	596797
124	KF993521	596797
124	KF993522	596797
124	KF993523	596797
124	KF993524	596797
124	KF993525	596797
124	KF993527	1443355
124	KF993534	1443357
124	KF993535	1443357
124	KF993536	596798
124	KF993537	596798
124	KF993538	596798
124	KF993539	596798
124	KF993540	596798
124	KF993541	596798
124	KF993542	596798
124	KF993543	596798
124	KF993545	596800
124	KF993546	596800
124	KF993548	596800
124	KF993550	596800
124	KF993552	596800
124	KF993553	596800
124	KF993554	596800
124	KF993558	1443359
124	KF993559	1443359
124	KF993560	1443361
124	KF993563	467600
124	KF993564	467600
124	KF993565	467600
124	KF993566	467600
124	KF993567	467600
124	KF993568	1443363
124	KF993569	243111
124	KF993570	243111
124	KF993571	243111
124	KF993572	596801
124	KF993573	596801
124	KF993574	596801
124	KF993577	1443365
124	KF993578	1443365
124	KF993579	1443366
124	KF993582	1443368
124	KF993583	1443369
124	KF993584	1443369
124	KF993585	1443369
124	KF993593	1443372
124	KF993594	1443372
124	KF993598	1475016
124	KF993599	1475016
124	KF993600	1475016
124	KF993601	1475016
124	KF993602	1475016
124	KF993603	1475016
124	KF993604	1443374
124	KF993605	1443374
124	KF993606	1443374
124	KF993607	1443374
124	KF993608	1443374
124	KF993609	1443374
124	KF993610	1443374
124	KF993611	1443374
124	KF993612	1443374
124	KF993613	1443374
124	KX073343	105271
124	KX073344	105271
124	KX073347	105271
124	KX073350	105271
124	KX073358	1533154
124	KX073359	1533154
124	KX073361	1533154
124	KX073367	596798
124	KX073368	596798
124	KX073371	596798
124	KX073373	596798
124	KX073374	596798
124	KX073376	596799
124	KX073378	596799
124	KX073379	596799
124	KX073386	596800
124	KX073389	596800
124	KX073390	596800
124	KX073391	596800
124	KX073393	596800
124	KX073395	596800
124	KX073396	596800
124	KX073399	1936283
124	KX073403	1443359
124	KX073409	1936285
124	KX073412	1936285
124	KX073413	596801
124	KX073421	1936287
124	KX073422	1936287
124	KX073423	1936287
124	KX073424	1936287
124	KX073428	1533158
124	KX073429	1533158
124	KX073431	1443368
124	KX073432	1533159
124	KX073433	1533159
124	KX073434	1533159
124	KX073443	1936289
124	KX073456	1443372
125	KR870340	1821918
125	KR870341	1821919
126	KR870343	1821922
127	KU682381	375127
128	MK976764	690762
129	MK976821	2583927
130	MK976872	2583852
131	MN257672	943309
131	MN257801	943309
131	MN257804	943309
131	MN257807	943309
132	OR631857	140963
132	OR631859	140965
133	EF152583	420780
134	GQ888932	690764
135	KF993500	105271
135	KF993526	596797
135	KF993528	1443356
135	KF993529	1443356
135	KF993530	1443356
135	KF993531	1443356
135	KF993532	1443356
135	KF993533	1443356
135	KF993544	596800
135	KF993547	596800
135	KF993549	596800
135	KF993551	596800
135	KF993575	1443364
135	KF993576	1443364
135	KF993580	1443367
135	KF993581	1443368
135	KF993595	1443373
135	KF993596	1443373
135	KF993597	1443373
135	KX073340	1936278
135	KX073341	1936278
135	KX073342	1936278
135	KX073362	1936273
135	KX073363	1936280
135	KX073364	1936280
135	KX073366	1936281
135	KX073394	596800
135	KX073401	1443359
135	KX073425	1443367
135	KX073426	1443367
135	KX073427	1443367
135	KX073430	1443368
135	KX073445	1936276
135	KX073446	1936276
135	KX073447	1936276
135	KX073449	1936276
135	KX073451	1443372
135	KX073452	1443372
135	KX073453	1443372
135	KX073454	1443367
135	KX073455	1443372
136	KR134012	1791930
136	KR134013	1791930
136	KR134014	1791930
136	KR134016	592595
136	KR134017	592596
136	KR134040	1791922
137	KX057849	279218
138	KX073345	105271
138	KX073346	105271
138	KX073352	1936279
138	KX073365	596798
138	KX073369	1936282
138	KX073370	1936282
138	KX073372	596798
138	KX073375	596798
138	KX073385	596798
138	KX073388	596800
138	KX073392	596800
138	KX073397	1936274
138	KX073410	1936285
138	KX073411	1936285
138	KX073414	596801
138	KX073415	596801
138	KX073416	596801
138	KX073417	596801
138	KX073439	1936289
138	KX073440	1936289
138	KX073441	1936289
138	KX073442	1936289
138	KX073444	1936289
138	KX073448	1936277
138	KX073457	596801
139	MK976759	2583865
140	MK976865	2583916
141	ON791517	2953135
141	ON791518	2848918
141	ON791519	2953148
141	ON791521	2529086
141	ON791522	2953152
141	ON791523	108354
141	ON791524	2953149
141	ON791525	2953139
141	ON791526	2953156
141	ON791528	2953146
141	ON791530	2953138
141	ON791531	2848918
141	ON791533	2953147
141	ON791534	2953150
141	ON791535	2953153
141	ON791538	2953151
141	ON791541	2953145
141	ON791543	2953136
142	ON791536	2953137
143	ON791537	2953143
144	ON791539	2953142
145	OR631856	140958
146	OR631860	117662
147	GQ888929	690762
148	HG004847	1341828
149	HM116958	228162
150	KF993473	1443360
151	MH710762	1566593
152	MK976794	2583880
152	MK976796	2583880
153	MN114147	2588153
153	MN257805	1899159
154	ON791520	2848918
155	ON791529	2953141
156	ON791540	2953157
157	ON791544	108354
157	ON791545	108354
158	OR631858	140964
158	PV495751	3342498
159	AJ812590	292109
160	EF670354	468860
161	GQ888927	690760
161	GQ888976	690798
161	GQ889039	690840
162	GQ889022	690827
162	KU682366	1964528
163	KY645501	318060
163	ON791516	1619339
164	MK976835	2583894
165	MK976864	2583916
166	ON791527	2953155
167	AB618105	1190420
168	AF427509	174973
169	AJ812591	292070
170	AJ812600	292069
170	AJ812601	292120
170	AJ812603	292107
170	AJ812604	292062
170	AJ812606	292058
170	AJ812613	292098
170	AJ812614	292112
170	AJ812615	292103
170	AJ812616	292080
170	AJ812617	292079
170	AJ812618	292082
170	AJ812619	292075
170	AJ812622	292090
170	AJ812623	292064
170	AJ812624	292076
170	AJ812625	292087
170	AJ812626	292123
170	AJ812627	292077
170	AJ812628	292110
170	AJ812629	292092
170	AJ812630	292066
170	AJ812631	292125
170	AJ812633	292055
170	AJ812634	292056
170	AJ812636	292074
170	AJ812637	292122
170	AJ812638	292059
170	AJ812639	292065
171	EU816754	396660
172	GQ888928	690761
173	GQ889025	690830
174	KU682365	1964534
175	KU682369	690827
176	MK976817	544472
177	MK976819	544472
178	AH013868	267590
178	KC528866	267590
179	AJ242129	93278
180	AJ812599	292061
181	EF660545	453348
181	EF660546	13083
182	EF670336	468862
183	GQ888969	690792
184	GQ888986	690802
184	MK095530	2662439
185	GQ889024	690829
186	KF993514	1443353
186	KF993515	1443353
186	KF993555	1443358
186	KF993556	1443358
186	KF993557	1443358
186	KF993561	1443362
186	KF993562	1443362
186	KF993586	1443370
186	KF993587	1443370
186	KF993588	1443371
186	KF993589	1443371
186	KF993590	1443371
186	KF993591	1443371
186	KF993592	1443371
186	KX073348	105271
186	KX073349	105271
186	KX073351	1936279
186	KX073353	1936279
186	KX073354	1936279
186	KX073355	1936279
186	KX073356	1936279
186	KX073357	1533154
186	KX073360	1533154
186	KX073377	596799
186	KX073380	596799
186	KX073381	596799
186	KX073382	596799
186	KX073383	596799
186	KX073384	596799
186	KX073387	596800
186	KX073398	1533157
186	KX073400	1936283
186	KX073402	1443359
186	KX073404	1924203
186	KX073405	1924203
186	KX073406	1936284
186	KX073407	1936284
186	KX073408	1936284
186	KX073418	1936286
186	KX073419	1936286
186	KX073420	1936286
186	KX073435	1936288
186	KX073436	1936288
186	KX073437	1936288
186	KX073438	1936288
186	KX073450	1443370
187	KU682368	1964527
188	MK976774	2583871
188	MK976882	2583921
189	MK976811	2583886
190	MK976852	2583906
191	MK976890	2583923
192	MK976896	2583925
193	PV900363	358662
193	PV900364	358662
194	AJ242127	93302
195	AJ242130	93278
196	AJ812635	292060
197	GQ888949	690780
197	GQ888962	690787
198	GQ889013	690819
198	GQ889014	690820
199	HG004852	1341843
200	KF993470	1443360
200	KF993471	1443360
200	KF993472	1443360
200	KF993474	1443360
200	KF993476	1475015
200	KF993477	1475015
201	KP900424	50501
202	KU682372	1964535
203	AF245420	153588
203	AF245424	153589
203	AF245430	74825
204	AF245421	83909
205	AF427502	174964
206	AJ242128	93302
207	AJ812595	292100
208	AJ812596	292117
209	AJ812648	174553
209	GQ888923	375119
209	GQ888924	690758
209	GQ888926	690759
209	GQ888936	375120
209	GQ888941	162884
209	GQ889032	690834
209	GQ889038	690839
209	GQ889042	174553
209	GQ889043	690841
209	MK095507	1533299
209	MK095508	2662436
209	MK095509	2662436
209	MK095510	690834
209	MK095511	2662436
209	MK095512	1533299
209	MK095513	2662436
209	MK095515	2662436
209	MK095516	2662441
209	MK095517	1533299
209	MK095518	2662435
209	MK095519	1533299
209	MK095520	1533299
209	MK095521	1533299
209	MK095522	1533299
209	MK095523	1533299
209	MK095524	2662436
209	MK095525	2662435
209	MK095526	2662436
209	MK095528	2662438
209	MK095529	2662434
209	MK095531	2662444
209	MK095532	2662441
209	MK095533	2662440
209	MK095534	690834
209	MK095535	2662436
209	MK095536	2662436
209	MK095537	2662445
209	MK095538	162884
209	MK095539	2662435
209	MK095540	2183751
209	MK095541	2662436
209	MK095542	2662436
209	MK095543	1384028
209	MK095544	1384028
209	MK976897	174553
209	MT923670	2082039
210	GQ888953	690783
210	GQ888987	690803
210	GQ889000	690810
210	KU682361	1964524
211	GQ888967	544472
211	MK976818	544472
212	GQ889037	690835
212	MK976894	690835
213	KP159331	714442
214	LN831352	1637753
214	LN831354	1637773
214	LN831355	1637761
215	LN831357	1637757
215	LN831358	1637764
215	LN831359	1637764
216	LN831360	1637790
216	LN831361	1637794
216	LN831362	1637794
216	LN831372	1386282
217	LN831363	1386271
218	LN831364	1136872
219	LN831367	1637782
219	LN831371	1637785
219	LN831373	1637786
219	LN831378	163283
219	LN831379	1637788
219	LN831380	1637788
219	LN831381	1637783
220	LN831374	1637793
220	LN831375	1637792
220	LN831376	1637792
221	LN831382	1637787
221	LN831383	1637791
222	LN831384	379234
223	LN831385	1386273
223	LN831386	1637770
223	LN831387	1637754
223	LN831389	1637760
224	LN831388	160521
224	LN831390	1637759
224	LN831391	1637779
225	LN831392	1637763
226	LN831396	1386245
226	LN831398	1637765
226	LN831399	1637765
226	LN831400	1386255
226	LN831401	1637762
227	LN831402	1386259
227	LN831403	1386259
227	LN831404	1386259
227	LN831405	1386259
227	LN831406	1386259
227	LN831407	1637768
228	LN831408	1386246
228	LN831409	1637755
229	LN831410	160019
230	LN831411	1386240
230	LN831412	1637777
230	LN831413	1637766
230	LN831414	1637756
230	LN831415	1637776
230	LN831416	1637772
230	LN831417	1637767
230	LN831418	1637775
231	LN831420	1637798
231	LN831425	1637797
232	LN831421	1386264
232	LN831422	1637796
232	LN831423	1637799
233	LN831426	1637780
234	LN831427	1637801
235	LN831429	796470
236	LN831430	187183
237	LN831431	1637781
238	LN831432	577040
239	LN831433	78782
240	MK976799	544471
240	MK976800	544471
240	MK976801	544471
241	MK976824	2583891
242	MK976847	2583904
243	MK976880	544476
243	MK976881	544476
244	MK976883	2583922
245	AJ812589	292067
246	AJ812598	292053
247	GQ888973	690796
248	GQ888996	3091392
249	KU682363	1964532
250	KX057843	132433
251	LC506602	2661900
251	LC506603	2661900
252	LN812493	102733
253	MK095527	2662442
254	MK976776	690767
254	MK976777	690767
255	MK976780	2583874
256	GQ888959	690785
256	GQ888994	2583898
256	MK976802	690785
256	MK976803	690785
256	MK976805	690785
257	MK976877	2583920
258	MK976891	2583924
259	MK976895	690835
260	MN257658	1236437
261	AF513659	175249
262	AF513663	202118
262	MG949355	202118
262	MG949364	202118
263	AJ812593	292081
263	AJ812594	292095
263	AJ812597	292118
264	AJ812646	292128
264	AJ812650	292129
264	GQ888955	375122
264	GQ888988	292129
264	GQ889031	375134
264	GQ889041	375137
264	MK976845	292129
265	EF136578	430990
266	GQ888957	375124
267	GQ888989	690804
268	GQ889036	375135
269	KP900354	1705927
270	KP900399	1705955
271	KR534440	174187
272	MK976755	2583866
273	MK976775	2583872
274	MK976809	2583885
274	MK976810	2583885
275	MK976859	2583913
275	MK976860	2583913
276	MK976867	2583917
277	AF427510	174976
278	GQ888893	690738
278	GQ888894	174517
278	GQ888898	690741
278	GQ888900	174521
278	GQ888901	690743
279	GQ888915	174535
280	GQ888919	690754
280	MK976752	690754
281	GQ888975	690797
281	MK976761	2583866
281	MK976762	2583866
282	GQ888981	544473
283	KF196332	1385496
283	KF196333	1385496
283	KF196334	1385496
283	KF196335	1385496
283	KF196336	1385496
283	KF196337	1385496
283	KF196338	1385496
283	KF196339	102738
283	KF196340	102738
283	KF196341	102738
283	KF196342	102738
283	KF196343	1385496
283	KF196344	1385496
283	KF196345	1385496
283	KF196346	1385496
283	KF196347	1385496
284	KM051449	355332
284	KM051451	55190
285	KP900347	1705924
286	KP900361	1705931
286	KP900363	1705932
286	KP900368	1705940
286	KP900381	1705945
286	KP900385	1705947
286	KP900393	1705951
286	KP900394	1705952
286	KP900404	1705958
286	KP900407	1705959
286	KP900420	1705968
287	KY306487	162643
288	LN812568	1616355
288	MN543596	1904732
288	MN543597	1904732
288	MN543598	1904732
289	MH710833	13674
290	MK976742	690836
291	MK976746	2583860
291	MK976790	2583879
291	MK976791	2583879
291	MK976792	2583879
291	MK976793	2583879
291	MK976807	2583884
292	MN543599	1616302
292	MN543600	1616302
292	MN543601	1616302
292	MN543609	1534584
292	MN543610	1534584
292	MN543611	1534584
292	MN543612	2653220
292	MN543613	2653220
292	MN543614	2653220
292	MN543617	134793
292	MN543620	134793
292	MN543621	134793
293	AF427506	174977
294	AJ812577	292071
294	AJ812582	292094
295	AJ812578	292106
296	AJ812588	292119
297	AJ812644	292126
298	AJ812647	58882
298	GQ888939	58882
299	EU816743	142854
300	FJ527604	210145
301	GQ888897	174520
302	GQ888920	690755
303	GQ888947	690778
304	GQ888956	375123
304	GQ888995	375128
304	GQ889011	375133
305	HQ615089	205724
306	KF196348	1385508
306	KF196349	1385508
306	KF196350	1385508
306	KF196351	1385507
306	KF196352	1385507
306	KF196353	1385507
307	KP900373	1705937
307	KP900374	1705935
307	KP900388	1705950
308	KR534451	1720433
309	LN812394	83414
310	LN812459	1616240
310	LN812460	1616306
311	MK095514	2662443
312	MK976744	690823
313	MK976825	2583892
314	MK976863	2583915
315	MN257664	2600520
316	MN543608	1534583
317	AF245416	153578
317	AF245417	153582
317	AF245419	153580
318	AJ812572	292091
318	AJ812573	292086
318	AJ812585	292063
319	AJ812575	292089
319	AJ812576	292104
319	AJ812579	292057
319	AJ812581	292105
320	AJ812592	292108
321	AJ812643	174531
321	AJ812645	292127
322	EU816748	548677
323	GQ888895	690739
323	GQ888899	690742
324	GQ888905	690747
325	GQ888908	690749
326	GQ888911	292081
327	GQ888942	690774
328	GQ888972	690795
329	GQ888977	690799
329	KF981796	690799
330	HG004814	1341793
331	KP900364	1705933
331	KP900384	1705946
331	KP900397	1034070
331	KP900401	1008927
331	KP900409	1609882
331	KP900411	453238
332	KP900370	400539
332	KP900371	1705942
332	KP900377	257523
332	KP900380	1008926
332	KP900417	1705966
332	KP900418	112842
333	KT696031	1848216
334	KU682362	1964537
335	LN812429	102726
336	LN812467	102729
337	MN543602	1616305
338	LN812507	1534585
338	MN543603	1534582
338	MN543604	1534582
338	MN543605	1534582
338	MN543606	1534582
338	MN543607	1534582
338	MN543616	1534585
339	MT275651	690737
340	AF245418	153583
340	AF245422	153584
341	AJ242050	93242
342	AJ242051	93242
343	AJ812574	292111
343	AJ812580	292101
344	AJ812583	292124
344	AJ812584	292097
345	GQ888902	690744
345	GQ888904	690746
346	GQ888909	375118
347	GQ888917	690753
347	GQ888963	690788
347	GQ888971	690794
347	GQ889009	690817
347	GQ889027	174550
348	GQ888930	690763
349	GQ888954	174537
349	GQ889023	690828
350	GQ888984	690801
351	GQ889055	690849
352	HG004825	1341832
353	HG004859	325098
354	KF196323	1385504
354	KF196324	1385502
354	KF196325	1385498
354	KF196326	669825
354	KF196327	669825
354	KF196328	669825
354	KF196329	669825
354	KF196330	669825
354	KF196331	669825
354	LC314070	669825
354	LC314073	1385504
354	LC314074	1385504
354	LC314075	1385504
354	LC314076	1385504
354	LC314077	1385504
354	LC314078	1385504
354	LC314079	2029245
354	LC314080	2029245
354	LC314087	1385499
354	LC314088	669825
354	LC314089	669825
355	LN812521	1616332
356	LN812533	1616339
357	LN812553	200387
358	MN543586	134768
358	MN543589	83408
358	MN543590	83408
358	MN543591	83408
359	MN543592	1616233
359	MN543593	1616233
360	MN543594	134794
360	MN543595	134794
361	MN825605	2613457
362	AF427511	174971
362	AF427512	174978
363	AH013860	267579
364	AJ242074	93271
365	AJ242147	93295
366	AJ242150	93267
366	AJ242151	93267
367	DQ311674	93759
367	FJ161701	93759
368	EU816720	396671
369	DQ311675	360610
369	DQ311676	360611
369	FJ527605	360610
370	GQ139677	12953
370	GQ139678	690730
370	GQ139679	137664
370	GQ139680	690736
370	GQ139681	306984
370	GQ139682	690728
370	GQ139683	306984
370	GQ139684	690729
370	GQ139685	690723
370	GQ139688	12953
370	GQ139689	690724
370	GQ139690	690729
370	GQ139691	690723
370	GQ139692	690728
370	GQ139693	306984
370	GQ139694	690728
370	GQ139695	690728
370	GQ139696	690726
370	GQ139697	690730
370	GQ139698	137664
370	GQ139699	690729
370	GQ139700	690726
370	MT275652	690727
370	MT275653	137664
370	MT275654	690728
370	MT275655	690728
371	GQ888940	690772
372	GQ888979	174541
373	HG004839	124789
374	KC790419	239422
374	KC790420	239422
374	KC790421	239422
374	KC790422	239422
374	KC790423	239422
374	KC790424	239422
374	KC790425	239422
374	KC790426	239422
374	KY009257	649649
374	KY009258	649649
374	KY009259	649649
374	KY009260	649649
374	KY009261	649649
374	KY009262	239422
374	KY009263	649649
374	KY009264	649649
374	KY009265	649649
374	KY009266	649649
374	KY009267	649649
374	KY009268	239422
374	KY009269	649649
374	KY009270	239422
374	KY009271	239422
374	KY009272	1955307
374	KY009273	649649
374	KY009274	649649
374	KY009275	239422
374	KY009276	239422
374	KY009277	239422
374	KY009278	428162
374	KY009279	428162
374	KY009280	428162
374	KY009281	428162
374	KY009282	428162
374	KY009283	361399
374	KY009284	361399
374	KY009285	361399
374	KY009286	361399
374	KY009287	361399
374	KY009288	428162
374	KY009289	428162
374	KY009290	361399
374	KY009291	239422
374	KY009292	239422
374	KY009293	239422
374	KY009294	239422
374	KY009295	239422
374	KY009296	239422
374	KY009297	649649
374	KY009298	1955307
374	KY009299	649649
374	KY009300	649649
374	KY009301	649649
374	KY009302	649649
374	KY009303	649649
374	KY009304	239422
374	KY009305	239422
374	KY009306	649649
374	KY009307	649649
374	KY009308	649649
374	KY009309	649649
374	KY009310	649649
374	KY009311	649649
374	KY009312	649649
374	KY009313	649649
374	KY009314	649649
374	KY009315	649649
374	KY009316	649649
374	KY009317	649649
374	KY009318	649649
374	KY009319	649649
374	KY009320	239422
374	KY009321	239422
374	KY009322	239422
374	KY009323	649649
374	KY009324	1955307
374	KY009325	649649
374	KY009326	1955307
374	KY009327	649649
374	KY009332	649649
374	KY009333	649649
374	KY009334	649649
374	KY009335	649649
374	KY009336	239422
374	KY009342	649649
374	KY009343	649649
374	KY009344	649649
374	KY009345	649649
374	KY009346	649649
374	KY009347	239422
374	KY009348	239422
374	KY009349	239422
374	KY009350	649649
374	KY009351	649649
374	KY009352	649649
374	KY009353	649649
374	KY009354	649649
374	KY009355	649649
374	KY009356	649649
374	KY009357	649649
374	KY009358	649649
374	KY009359	649649
374	KY009360	649649
374	KY009361	649649
374	KY009362	239422
374	KY009363	239422
374	KY009364	239422
374	KY009365	239422
374	KY009366	239422
374	KY009367	239422
374	KY009368	1955307
374	KY009369	239422
374	KY009370	239422
374	KY009371	239422
374	KY009372	239422
374	KY009373	239422
374	KY009379	649649
374	KY009380	361399
374	KY009381	361399
374	KY009382	361399
374	KY009383	361399
374	KY009384	361399
374	KY009385	361399
374	KY009386	361399
374	KY009387	361399
374	KY009388	239422
374	KY009389	239422
374	KY009390	239422
374	KY009391	239422
374	KY009392	649649
374	KY009393	649649
374	KY009394	649649
374	KY009395	649649
374	KY009396	649649
374	KY009397	649649
374	KY009398	649649
374	KY009399	239422
374	KY009400	239422
374	KY009401	239422
374	KY009402	239422
374	KY009403	239422
374	KY009404	649649
374	KY009405	649649
374	KY009406	649649
374	KY009407	649649
374	KY009408	649649
374	KY009409	649649
374	KY009410	649649
374	KY009411	239422
374	KY009412	649649
374	KY009413	649649
374	KY009414	1955307
374	KY009415	1955307
374	KY009416	649649
374	KY009417	649649
374	KY009418	649649
374	KY009419	649649
374	KY009420	1955307
374	KY009421	649649
374	KY009422	649649
374	KY009423	649649
374	KY009424	239422
374	KY009425	239422
374	KY009426	239422
374	KY009427	1955307
374	KY009428	649649
374	KY009429	1955307
374	KY009430	239422
374	KY009431	239422
374	KY009432	239422
374	KY009433	239422
374	KY009434	649649
374	KY009435	649649
374	KY009436	649649
374	KY009437	649649
374	KY009438	649649
374	KY009439	649649
374	KY009440	239422
374	KY009441	239422
374	KY009442	239422
374	KY009443	239422
374	KY009444	239422
375	KF196321	102724
376	KF196354	1385505
376	KF196355	1385505
376	KF196356	1385501
376	KF196357	1385501
376	KF196358	1385494
376	KF196359	1385506
376	KF196360	102715
376	KF196361	102715
376	KF196362	669825
376	KF196363	1385499
376	KF196364	1385499
376	KF196365	669825
376	KF196366	1385499
376	KF196367	1385500
376	KF196368	1385503
376	LC314071	2029244
376	LC314072	2029244
377	KJ400864	50518
378	KP900423	1705971
379	KT596447	55316
379	KT596598	55316
379	KT596618	55316
380	LC314081	1385502
380	LC314082	1385502
380	LC314083	1385502
380	LC314084	1385502
380	LC314085	1385502
380	LC314086	1385502
381	LN812342	489504
382	MH426493	1210471
382	MH426494	1210472
382	PP447383	1210471
383	MN543587	134768
383	MN543588	134768
384	AF427500	174962
385	AF513660	175249
386	AJ242075	93271
387	AJ812649	174549
387	GQ889016	174549
388	AY648559	237869
389	GQ888896	690740
390	GQ888935	690766
390	GQ888946	4276
391	GQ888965	690789
392	GQ889004	690814
393	JX463161	343973
393	JX463162	343968
393	JX463163	1341360
394	KF196320	29771
395	KF196322	669824
396	KR534427	228810
396	KR534428	175763
397	KY009328	428196
397	KY009329	428196
397	KY009330	428196
397	KY009331	428196
397	KY009374	428196
397	KY009375	428196
397	KY009376	428196
397	KY009377	428196
397	KY009378	428196
398	LN812444	134787
399	LN812545	1616253
400	MT774613	428209
400	MT774615	2748584
400	MT774622	2748592
400	MT774630	1241197
400	MT774632	2748581
400	MT774638	1241108
400	MT774643	2748598
400	MT774666	1241091
400	MT774668	1241125
400	MT774671	1241040
400	MT774690	1241061
400	MT774695	361409
400	MT774709	239409
401	AJ242105	93297
402	AJ242106	93297
403	AJ242108	93298
404	AJ242111	93298
405	AM159128	358688
405	AM159129	358689
405	AM159131	358691
405	AM159132	358692
405	AM159133	358693
405	AM159134	358694
405	AM159135	358695
405	AM159136	358696
405	AM159137	358697
405	AM159138	358698
405	AM159139	358701
405	AM159140	358702
405	AM159141	358703
405	FJ527601	358697
405	KY968914	93759
406	FJ527600	588205
407	GQ888944	690776
407	KF981793	690776
407	KF981795	690776
408	GQ888982	174542
408	GQ889008	690816
409	HG004824	178802
410	JX463108	1341390
410	JX463110	1341390
410	JX463111	1341390
410	JX463117	1341389
410	JX463122	1341390
410	JX463157	1341397
411	KT596448	55316
411	KT596600	55316
412	KX057901	126820
413	KY091339	239395
413	KY091340	239395
413	KY091341	239395
413	KY091342	239395
413	KY091343	239395
413	KY091344	239395
413	KY091345	239395
413	KY091346	239395
414	MK976763	174534
415	AF427514	174972
415	MN114136	2588162
415	MN257789	2600541
416	AF427508	174975
417	AF427513	174970
418	AJ242109	93298
419	AY695558	306514
419	KF212028	1475082
419	MT439819	306514
420	AY955818	162914
421	EU310255	306518
422	AY695557	306513
422	AY695566	306518
422	AY695567	306518
422	EF491265	306518
422	EU310251	306518
422	EU310261	306518
422	KF212020	1475078
422	MT439777	1475096
423	EU310245	306518
423	EU310249	306518
423	EU310259	306518
423	EU310260	306518
423	EU310262	306518
423	EU310263	306518
423	EU310266	306518
423	EU310267	306518
423	MT439836	306518
424	EU816751	101608
425	GQ889003	690813
426	HQ615088	480456
427	HQ615093	480464
428	KF212077	306508
428	KF212123	1475203
429	KY091348	239403
429	KY091349	239403
429	KY091351	239403
429	KY091352	239403
429	KY091353	239403
429	KY091354	239403
429	KY091355	239403
429	KY091356	239403
429	KY091357	239403
429	KY091358	239403
430	MK976783	2583875
431	MT774621	2748600
432	AF427501	174974
433	AJ242048	93241
434	AJ242049	93241
435	AJ242066	93262
435	AJ242067	93262
436	AJ242077	2448445
437	AJ242095	93317
437	AJ242096	93317
438	AJ242133	93338
438	AJ242135	93338
439	AJ242137	93338
440	AY695543	306503
440	AY695544	306503
440	AY695545	306503
440	EU310250	306518
440	KF212129	1475128
440	MT439827	1475128
441	DQ311673	210143
441	FJ527599	210143
442	EU310248	306518
443	FJ527602	588206
444	FJ527603	358695
445	JX463166	237873
445	JX463167	237874
446	KF212058	1475093
446	KF212061	1475093
446	KF212090	1475113
447	KF212067	1475096
447	KF212088	1475110
448	KF212105	1475123
449	AY695590	306489
449	KF212171	201010
450	KF981794	690812
451	KJ564039	226036
451	KJ564040	226036
451	KJ564041	226036
451	KJ564042	1440446
451	KJ564043	1440446
451	KJ564044	1525733
451	KJ564045	1440446
451	KJ564046	1440446
451	KJ564047	1440446
451	KJ564048	1440446
451	KJ564049	1525734
451	KJ564050	1525734
451	KJ564051	1440446
451	KP015390	1112306
451	KP015391	1112306
451	KP015392	1440443
451	KP015393	1440443
451	KP015394	1440443
451	KP015395	1440443
451	KP015396	1440443
451	KP015397	1440443
451	KP015398	1440443
451	KP015399	1440443
451	KP015400	1440440
451	KP015401	1440440
451	KP015402	1440440
451	KP015403	1440440
451	KP015404	1440440
451	KP015405	1440440
451	KP015406	1440440
451	KP015407	1440440
451	KP015408	1440440
451	KP015409	1440440
451	KP015410	1440440
451	KP015411	1440440
451	KP015412	1440440
451	KP015413	1440440
451	KP015414	1440440
451	KP015415	1440440
451	KP015416	1440440
451	KP015417	1440440
451	KP015418	1440446
451	KP015419	1440446
451	KP015420	1440443
451	KP015421	226036
451	KP015422	1440446
451	KP015423	1440446
451	KP015424	1112306
451	KP015425	1112306
451	KP015426	1112306
451	KP015427	1112306
451	KP015428	226036
451	KP015429	1440440
451	KP015431	1444332
451	KP015432	1444332
451	KP015433	1444332
451	KP015434	1444332
451	KP015435	226036
451	KP015436	1444332
451	KP015437	1444332
451	KP015438	1689948
451	KP015439	226036
451	KP015440	226036
451	KP015441	226036
451	KP015442	226036
451	KP015443	226036
451	KP015444	226036
451	KP015445	1444333
451	KP015446	1444333
451	KP015447	1444333
451	KP015448	1112305
451	KP015449	1440439
451	KP015450	1440439
451	KP015451	1444333
451	KP015452	226036
451	KP015453	1440439
451	KP015454	1440439
451	KP015455	1440439
451	KP015456	1440439
451	KP015457	1440439
451	KP015458	1112306
451	KP015459	1112306
451	KP015460	1112306
451	KP015461	1112306
451	KP015462	1112306
451	KP015463	1112306
451	KP015464	1112306
451	KP015465	1440439
451	KP015466	1112306
451	KP015467	1440439
451	KP015468	1112306
451	KP015469	1440439
451	KP015470	1440439
451	KP015471	1444333
451	KP015472	1444333
451	KP015473	1444333
451	KP015474	1440439
451	KP015475	1444333
451	KP015476	1444333
451	KP015477	1440439
451	KP015478	1444333
451	KP015479	1444333
451	KP015480	1444333
451	KP015481	1444333
451	KP015482	1689948
451	KP015483	1689948
451	KP015484	1689948
451	KP015485	1689948
451	KP015486	1689948
451	KP015487	1689948
451	MF543741	226036
451	MF543742	226036
451	MF543743	226036
452	KM051442	187269
453	KP015430	1440440
454	KY091361	239462
454	KY091362	239462
454	KY091363	239462
454	KY091364	239462
454	KY091365	239462
454	KY091366	239462
454	KY091367	2056506
454	KY091368	649681
454	KY091369	649681
455	KY091370	28494
455	KY091371	28494
456	AF513689	162726
456	KY306540	162726
457	LC090020	13288
457	MH710816	13288
457	PV900407	13288
458	MK976822	2583889
459	MN114134	672960
459	MN114135	2588161
460	MT774700	1241203
461	PV900350	457768
461	PV900351	457768
462	AJ242070	93270
463	AJ242072	93270
464	AJ242073	93271
465	AJ242134	93338
466	AJ242138	93338
467	AJ242143	93293
468	AY695531	306498
468	AY695532	306498
469	AY695533	306499
469	AY695534	306499
469	AY695535	306499
469	KF212045	201008
470	AY695550	306508
471	AY695551	210347
471	KF212147	306523
472	AY695555	306511
473	AY695565	306518
473	EU310256	306518
473	EU310257	306518
473	EU310258	306518
474	DQ087422	338813
475	AY695564	306517
475	EU310264	306518
475	KF212056	306504
475	KF212107	1475124
475	KF212137	306517
475	MT439818	1475124
476	EU310265	306518
476	KF212093	1475114
476	MT439835	306518
477	EU436887	519147
478	EU816710	516740
479	GQ888991	690806
480	HG004881	1341849
481	KC847581	1465806
482	KF212014	1475192
482	KF212015	1475192
482	KF212016	1475192
482	KF212034	1475086
482	KF212049	1475090
482	KF212050	1475090
482	KF212098	1475119
482	KF212100	1085116
482	KF212101	1085116
482	KF212109	1475125
482	KF212110	1475198
482	KF212112	306513
482	KF212113	306513
482	KF212114	306513
482	KF212116	306498
482	KF212134	1475131
482	KF212135	1475131
482	KF212141	1475136
482	KF212149	306523
482	MT439814	1085116
483	KF212071	1475099
484	KR083098	1813016
485	KR364566	1672009
486	KY306486	162642
487	MN257774	549618
487	MN257775	549618
487	MN257816	2600544
487	MN257823	549618
488	PV900042	1413225
489	PV900347	457767
490	AJ242093	93316
490	AJ242094	93316
490	AJ242097	93318
490	AJ242098	93318
490	AJ242100	93319
491	AY695547	306505
492	AY695584	201010
493	GQ888958	2698664
493	GQ888983	174543
494	HQ615145	480441
495	KF212021	1475078
496	AY695524	306492
496	AY695569	306519
496	AY695570	306519
496	KF212018	1475076
496	KF212033	1475085
496	KF212062	1475094
496	KF212065	1475095
496	KF212103	1475122
496	KF212108	1475125
496	KF212111	1475199
497	AY695527	306494
497	KF212024	306494
497	KF212082	1475108
497	KF212083	1475108
497	KF212084	1475108
497	KF212125	1475194
497	KF212132	1475130
497	KF212133	1475131
497	KF212143	306519
498	KF212138	1475133
498	MT439794	306508
499	KF212142	1475137
500	KX786527	2025447
501	LC472996	2562698
502	MF468204	204149
503	MK976773	2583870
503	MK976829	2583893
504	MN257796	569835
504	MN257819	569835
504	MN257837	569835
505	MN825779	2613344
506	MT439792	306508
506	MT439793	306508
507	MT439795	2769396
507	MT439796	2769396
507	MT439797	2769396
508	OQ587919	190803
509	AY695559	306498
509	MT439820	306498
510	AY695585	306528
510	DQ861617	356269
511	EU310253	306518
511	KF212095	1475116
512	EU310254	306518
513	GQ889048	690844
514	HQ615090	535969
515	HQ615099	535966
516	HQ615143	480444
517	JX040539	657406
518	JX463152	1341364
518	JX463153	1341364
518	JX463154	1341364
518	JX463155	1341397
518	JX463156	1341397
519	KF212019	1475077
520	KF212022	306493
520	KF212023	306493
520	MT439758	306493
521	KF212027	1475081
521	KF212054	1312764
521	KF212068	1475097
522	KF212094	1475115
523	KF212097	1475119
524	KF212026	1085113
524	KF212036	306499
524	KF212063	306506
524	KF212131	1475129
524	KF212145	1475104
524	KF212148	306523
524	KF212153	1475117
524	KF212157	306526
525	LC089993	669636
525	LC089994	50459
525	PV900353	50459
525	X98632	50459
526	MH710656	97984
527	MH710818	155132
528	MH711765	64136
529	MK495364	145754
529	MK495365	145754
529	MK496176	145754
529	PV844786	145753
529	PV844787	145753
529	PV844788	145753
529	PV844793	145754
529	PV844794	145754
529	PV844795	145754
529	PV844799	108536
529	PV844800	108536
530	MT439815	1085116
530	MT439816	1085116
530	MT439817	1085116
531	PV844789	446341
531	PV844790	446341
531	PV844792	446341
532	AJ242091	93276
533	AJ242118	93280
534	AJ242119	93281
534	AJ242120	93281
535	AY695589	306529
535	KF212173	1475139
536	GQ888931	690768
536	GQ888993	174545
537	HG004820	1006137
538	HQ615111	927742
538	HQ615139	484171
538	HQ615140	480439
538	HQ615141	81751
538	HQ615142	81753
539	HQ615144	480442
540	JX463101	1341362
540	JX463102	231184
540	JX463143	1341384
540	JX463144	1341384
540	JX463145	1341384
540	JX463146	1341384
540	JX463147	196579
541	JX463107	1341389
541	JX463109	1341389
541	JX463112	1341389
541	JX463113	1341389
541	JX463114	1341389
541	JX463115	1341389
541	JX463116	1341389
541	JX463118	1341389
541	JX463119	1341390
541	JX463120	1341390
541	JX463121	1341390
541	JX463123	1341389
541	JX463124	1341389
541	JX463125	1341389
541	JX463126	1341389
541	JX463128	378237
541	JX463133	1341389
541	JX463134	1341389
541	JX463158	1341367
542	KF212030	1475083
543	KF212064	306506
544	KR534412	1720490
544	KR534429	501576
544	KR534430	501576
545	KY968829	2982281
546	LC089998	3719
546	PV900354	3719
546	PV900355	3719
547	MF543763	1532745
547	MF543764	1532745
547	MF543765	1532745
547	MF543766	1532745
548	AF513700	162929
548	MG949338	162929
548	MG949370	162929
549	MK976898	2583856
550	MN264665	2601740
550	MN264666	2601741
550	MN264667	2601742
550	MN264668	2601743
551	AY695552	210347
551	MT439812	306510
552	MT924154	210369
552	PV901668	210369
553	PV844805	3446136
553	PV844806	3446136
554	AJ242082	93314
555	AJ242125	93289
556	AY552117	357085
556	AY552118	550756
557	AY695528	306495
558	AY695529	306496
558	MT439761	306496
558	MT439762	306496
559	AY695537	306500
559	AY695538	306500
559	AY695539	306500
559	AY695574	306522
559	AY695582	306500
559	KF212053	1475091
559	KF212164	306522
559	MT439785	306522
559	MT439786	306522
559	MT439787	306522
560	AY695546	306504
560	MT439751	2769425
560	MT439764	306499
560	MT439770	306504
560	MT439771	306504
560	MT439772	306504
560	MT439773	306504
560	MT439774	306504
561	AY695572	306521
561	KF212155	1475121
562	DQ813301	3242077
562	EF114671	3242077
562	LC090009	161756
563	DQ861600	356285
564	DQ861601	403497
565	DQ861616	403492
566	EF491264	306507
566	EU310243	201007
566	EU340986	201007
566	EU340987	201007
566	EU340988	201007
566	EU340989	201007
566	EU340990	201007
566	EU340991	201007
567	HQ615068	535962
568	HQ615072	927746
568	HQ615076	927743
569	HQ615101	480455
569	HQ615102	480455
570	HQ615114	480448
571	JQ954569	91146
572	JX463103	231184
572	JX463104	231184
572	JX463105	231184
573	JX463127	378237
573	JX463129	378237
573	JX463131	378237
573	JX463132	378237
573	JX463135	378237
573	JX463136	378237
573	JX463137	378237
573	JX463138	378237
573	JX463139	378237
573	JX463140	378237
573	JX463141	378237
573	JX463142	378237
574	JX463150	1341371
574	JX463151	1341371
575	JX463159	298527
576	JX463168	231183
577	KF212080	1475106
577	KF212120	306515
578	KF212085	1475109
578	KF212086	1475109
578	KF212087	1475109
578	KF212121	1475109
579	KX761284	2027503
580	LC089989	3702
580	MN825229	264523
581	LC089999	50463
582	LC090000	1742274
582	LC090001	93390
583	LC090002	89411
583	PV900368	89411
584	LC090004	171822
584	PV900377	171822
585	LC090018	50499
585	LC090019	50498
585	MH710798	50499
586	LC090021	63678
587	AF513670	175253
587	AF513671	175253
587	AF513675	175255
587	AF513679	208887
587	AF513680	208888
587	KY306511	162683
587	MG949384	162683
588	MN257854	2600496
589	KF923170	310227
589	MT090703	202652
590	MT923032	95392
590	MT923038	171822
590	PV900373	208924
591	MT923037	171822
592	X98630	50454
593	X98636	50464
594	AH013863	267584
595	AY695536	201007
595	EU340981	201007
595	EU340982	201007
595	EU340983	201007
595	EU340984	201007
595	EU340985	201007
595	KF212038	201007
595	KF212039	201007
595	KF212040	201007
595	KF212078	1475103
596	AY695583	306527
597	AY695588	306487
597	KF212174	306487
597	KF212175	306487
598	AY695586	201017
598	AY695587	201017
598	DQ861611	403501
599	EF491263	306496
600	EF541019	81972
600	LC089988	59690
601	EF670323	468857
601	EF670335	468858
602	GQ888943	690775
603	HQ615069	535963
603	HQ615071	927744
603	HQ615073	535961
603	HQ615075	927747
603	HQ615078	927748
603	HQ615080	81782
604	HQ615095	480453
604	HQ615098	535974
605	HQ615096	82017
605	HQ615097	927738
606	HQ615103	480457
607	HQ615104	480454
608	JX630159	1248442
609	JX630162	913019
610	JX630163	537139
611	JX630164	1248448
612	KF196317	40783
613	KF212017	1475075
614	KF212031	1475084
614	KF212032	1475084
614	KF212048	1475089
615	KF212037	306499
616	KF212059	1475093
616	KF212102	1475120
616	KF212126	1475195
616	MT439767	201008
616	MT439807	2769398
616	MT439808	2769398
617	KF212066	1475096
618	KF212072	1475101
618	KF212074	1472161
618	KF212075	1472162
618	KF212130	1472163
618	MT439832	1472163
619	AY695556	306512
619	AY695561	306516
619	AY695562	306516
619	AY695563	306516
619	KF212118	306516
619	KF212119	306516
619	MT439823	306516
619	MT439824	306516
619	MT439828	1475128
620	AY695525	306493
620	AY695526	306493
620	KF212122	1475127
620	MT439752	306493
620	MT439753	306493
620	MT439755	306493
620	MT439756	306493
620	MT439757	306493
621	AY695549	306507
621	AY695553	306509
621	KF212069	306507
621	KF212091	306509
621	KF212115	1475126
621	KF212128	1475128
621	MT439766	201008
621	MT439809	306509
621	MT439810	306509
621	MT439829	1475128
622	KF212035	1475087
622	KF212139	306518
623	AY695573	306522
623	AY695575	306522
623	KF212160	1475079
623	KF212165	306522
623	KF212168	306522
623	KF212169	1475100
623	MT439779	306522
623	MT439780	306522
623	MT439781	306522
623	MT439782	306522
623	MT439783	306522
623	MT439789	306522
624	KF923184	860719
625	KM201465	537156
625	KM201466	537156
625	KM201467	537156
625	KM201468	537156
625	KM201469	537156
625	KM201470	537156
625	KM201471	537156
625	KM201472	537156
625	KM201473	537156
625	KM201474	537156
625	KM201475	537156
625	KM201476	537156
625	KM201477	537156
625	KM201478	537156
625	KM201479	537156
625	KM201480	537156
625	KM201481	537156
625	KM201482	537156
625	LC090012	59292
626	LC090003	282587
627	LC090011	33125
627	MN257710	33125
627	MN257719	33125
627	MN257764	33125
627	MT923106	153365
628	LC090013	153659
629	LC090014	478944
630	LC090007	71232
630	LC090008	330168
630	MH712586	2292116
630	MT923059	1137569
630	MT923111	369009
631	MN257649	2600576
631	MN257650	2600576
631	MN257661	2600576
632	OP599641	180540
632	OP599647	180540
633	AF513678	175258
633	AF513681	175259
633	KY306510	175258
633	KY306512	175260
634	AY102794	197999
635	AY695540	201008
635	KF212044	201008
635	KF212046	201008
635	KF212047	1475088
635	MT439778	1475098
635	MT439811	306509
636	AY695541	306502
636	AY695542	306502
636	KF212124	1475193
637	AY695548	306506
638	AY695554	306510
639	AY695560	306515
639	MT439825	306515
639	MT439826	306515
640	AY695577	306524
641	AY695576	306523
641	AY695578	306525
641	KF212151	1475107
641	KF212152	1475112
641	MT439803	306523
642	AY695579	306526
642	AY695580	306526
643	AY695581	306500
644	DQ246673	233679
645	DQ861612	403496
646	DQ861618	201289
647	EU310247	306518
647	KF212079	1475105
648	GQ889001	690811
649	HQ615074	927745
649	HQ615077	535970
650	HQ615081	535972
650	HQ615082	352820
651	HQ615086	82009
652	HQ615105	480450
653	JX463130	378237
654	JX630161	1248446
654	JX630165	1248450
655	KF212070	1475098
655	KF212136	1475132
656	KF212146	306523
657	KF212158	306526
658	KF212159	1475197
658	MT439804	1475107
658	MT439830	306526
659	KR364539	1504428
660	KY306498	162656
661	LC003517	104256
662	LC144536	133499
662	MT090702	310234
662	MT090704	28532
662	MT090705	28532
662	MT090706	228870
662	MT090709	28532
662	MT090714	2711245
662	MT090716	2711247
662	MT090718	2692301
662	MT090719	2711248
663	MT439788	306522
663	MT439790	306522
664	MT439805	1475107
665	MT439806	2769397
666	MT922958	3702
667	MZ468551	2853715
667	MZ468552	2853715
668	AY695593	201281
668	MZ663837	2864024
668	MZ663838	2864024
668	MZ663844	1807087
668	MZ663845	1807087
668	MZ663846	1807087
668	MZ663848	1807087
668	MZ663851	1807087
668	MZ663853	1807087
668	MZ663858	2863859
668	MZ663909	2864030
668	MZ663911	2864030
668	MZ663946	1672005
668	MZ663948	1672005
668	MZ663951	2863863
668	MZ663952	2863863
668	MZ663953	2863863
668	MZ663954	2863863
668	MZ663955	2863863
668	MZ663956	2863863
668	MZ663957	2863863
669	OP599636	2047770
669	OP599637	2047772
669	OP599638	2984318
669	OP599639	2047771
669	OP599640	2047770
669	OP599642	2047772
669	OP599643	2047773
669	OP599644	2047771
669	OP599645	2047772
669	OP599646	2984318
669	OP599648	2047771
669	OP599649	2047773
669	OP599650	2047772
669	OP599652	2047773
669	OP599653	2047773
670	PV704793	53069
670	PV704794	53069
670	PV704871	53069
670	PV704872	53069
670	PV704873	53069
670	PV704874	53069
671	PV900381	763973
672	PV900397	2259846
673	PV900405	2764686
674	AF427505	174979
675	AH013862	267582
676	EF635441	450835
676	EF635466	16909
676	EF635467	450834
676	EU812810	450835
677	FJ194497	543832
678	GQ892876	679633
679	HQ615079	535965
680	HQ615087	480459
681	HQ615091	927741
682	HQ615117	480433
682	HQ615118	480432
682	HQ615119	535973
682	HQ615120	480431
682	HQ615121	480426
682	HQ615122	480427
682	HQ615123	927727
682	HQ615124	2895949
682	HQ615125	927729
682	HQ615126	927730
682	HQ615127	205704
682	HQ615128	927731
682	HQ615129	205705
682	HQ615130	51429
682	HQ615131	480429
682	HQ615132	927732
683	KF923172	1522783
684	KP675789	43168
685	KP878339	1670848
685	KP878361	425924
685	KP878362	425924
685	MN257639	425924
686	KR083100	1812998
687	KR083299	1465361
688	KR364544	1671993
688	KR364545	1671994
689	KR364550	1671998
690	KR364551	1671999
691	KU947959	2153346
691	OQ878682	1378003
692	KY306485	162641
693	LC089997	37661
694	LC090005	29727
695	LC090006	264416
696	LC434635	318062
696	PV162825	318062
697	MF353609	2231815
697	MF353614	2231827
698	MN114138	2031181
699	MN257662	493964
700	MT090717	860716
701	MW843823	3885
701	MW843827	3885
701	Z48779	3885
702	MZ663839	2864025
702	MZ663840	2864026
702	MZ663892	2863861
702	MZ663893	2863861
702	MZ663894	2863861
702	MZ663895	2863861
702	MZ663896	2863861
702	MZ663897	2863861
702	MZ663898	2863861
702	MZ663928	2863862
702	MZ663934	2863862
703	PP456697	2320782
704	PP456705	3126695
705	PP855037	345811
706	PV704875	78826
706	PV704876	78826
707	PV900387	369009
708	PV900403	2771269
709	AB618104	167578
710	AF513672	175254
710	KY306509	175254
710	MG949368	2185254
711	AF513676	175256
712	AF513683	175260
712	AF513684	175260
713	AY695592	124951
714	DQ154084	233743
715	DQ246666	233670
716	FJ037836	597301
717	GQ396675	669305
717	HG004840	1672629
717	PV661551	1537678
718	HQ615084	82031
719	HQ615108	82047
719	HQ615109	315931
719	HQ615110	65783
720	HQ615115	480446
721	HQ615134	480435
722	HQ615135	480434
722	HQ615136	480436
723	HQ615137	81745
724	HQ645895	928068
725	JQ230334	1201175
725	JQ230335	1201175
725	PP456690	1201175
726	JX463165	378231
727	KF923174	1522779
728	KP878345	212293
729	KP878388	1704631
730	KR083093	1390085
730	KR083094	1390085
730	KR083097	1813015
731	KR364538	1671988
732	KX786517	1202410
732	KX786519	1202408
732	KX786520	1179221
733	KY306542	1971656
734	KY968911	212836
734	LC191846	1914266
734	LC191847	212836
734	LC191849	1914266
735	LC090015	65948
736	LC191844	216479
736	LC191845	216479
736	LC191848	216479
737	MK088055	697684
737	MK088056	697686
737	MK088067	697686
737	OL778874	1108713
737	OL778875	1207265
738	MN114148	2588158
739	MN257669	164485
740	MT376827	1993616
740	MT376884	2730129
740	MT376893	1125902
741	MZ663868	1672004
741	MZ663869	1672004
741	MZ663870	1672004
741	MZ663871	1672004
741	MZ663872	1672004
741	MZ663873	1672004
741	MZ663874	1672004
742	MZ663878	2863860
742	MZ663879	2863860
742	MZ663880	2863860
742	MZ663881	2863860
742	MZ663882	2863860
742	MZ663884	2863860
742	MZ663885	2863860
742	MZ663886	2863860
742	MZ663887	2863860
742	MZ663888	2863860
742	MZ663889	2863860
742	MZ663890	2863860
742	MZ663891	2863860
742	MZ663904	2864029
742	MZ663905	2864029
742	MZ663906	2864029
742	MZ663907	2864029
742	MZ663908	2864029
743	PP456691	3126697
744	PV342486	1130020
745	PV704878	451003
745	PV704879	451003
745	PV704880	451003
745	PV704881	451003
746	PV900393	74718
747	X15915	3728
748	AH013873	267593
748	AH013874	267594
748	AH013875	267594
749	AY552124	280718
749	AY552125	280719
749	DQ154092	346599
750	DQ339093	55479
751	DQ861619	201015
752	HQ615085	535964
753	HQ615112	480449
754	HQ615116	927734
755	HQ615138	81746
756	JX070193	745679
757	JX463164	196580
758	KF871334	1068989
758	KF871335	1108710
758	MK129257	2485211
758	MK129262	2485210
758	OL778851	1108711
758	OL778873	1108711
759	KF923166	860690
760	KF923180	310232
761	KJ189013	1091634
761	KJ189015	1091634
761	KJ189016	1091634
762	KP878343	1704615
762	KP878360	1704625
763	KP878348	1704617
763	KP878352	1704622
763	KP878392	1704634
764	KP878378	1619396
764	KP878393	1619397
765	KP878394	1704635
766	KR364535	155627
767	KR364540	1671989
768	KR364541	1671990
769	KR364549	1671997
769	KR364553	1672001
769	KR364555	1317659
770	KY039614	2028257
771	LC089990	78191
772	LC090022	202634
773	LC625815	1155305
773	LC625816	1155305
774	MF444899	171940
775	MF444900	319623
775	MF444901	171938
775	MF444902	29780
775	MN011936	29780
775	MN011937	29780
775	MN011941	29780
775	MN011942	29780
775	MN011946	2585165
775	MN011950	1920633
775	MN011951	2585145
775	PZ531644	171935
776	MF543734	1532249
776	MF543735	1532249
776	MF543736	1532249
776	MF543737	1532249
776	MF543738	1532249
776	MF543739	1532249
776	MF543740	1532249
777	MK034040	2547433
778	MN257716	1704628
779	MZ663855	1807087
779	MZ663899	201281
779	MZ663903	201281
779	MZ663918	2864028
780	PP456698	3126680
780	PP456703	1125368
780	PP456704	3126695
781	PP855046	345815
782	PZ596747	231030
783	AF427507	174981
784	AF513677	175257
785	AF528492	212671
785	AF528493	212670
786	AJ242064	93259
786	AJ242065	93259
787	DQ339091	365736
787	DQ339092	55328
788	DQ861613	155629
789	DQ861622	356291
789	DQ861626	201279
790	HQ615100	480452
791	HQ615133	480437
791	KC899267	1348291
792	HQ858879	13411
792	KU832375	199168
793	JF893846	541159
793	JF893849	1048563
793	JF893853	112377
793	JF893857	541160
793	JF893862	1048573
793	JF893863	1048574
793	JF893864	1048575
793	JF893865	1048576
793	KC847553	1465779
793	KC847556	1465777
793	KC847559	1465783
793	KC847560	1465784
793	KC847564	1465791
793	KC847566	1465794
793	KC847567	1465795
793	KC847576	1465804
793	KC847577	1465807
793	KC847578	1465770
793	KC847579	1465775
793	KC847583	1465787
793	KC847584	1465780
793	KC847586	1465778
793	KC847587	112377
793	KC847588	112377
793	KC847589	112377
793	KC847590	112377
793	KC847591	112377
793	KC847592	1048575
793	KC847593	1465793
793	KC847594	1465793
793	KC847595	1465793
793	KC847596	1465793
793	KC847597	1465793
794	JX313378	165298
795	KF217174	310235
796	KF217180	860725
796	KF217181	860725
797	KF780481	1501689
798	KF923164	511509
798	KF923183	1522782
798	KF923185	389490
799	KF923171	202653
800	KF923186	190804
801	KP878321	1704599
801	KP878366	912368
801	KP878369	1704626
802	KP878329	323037
803	KP878330	1704604
803	KP878365	323070
804	KR083099	1813017
805	KR364543	1671992
806	KR534420	175735
807	KR534433	328179
807	KR534458	328159
808	KX786507	2025441
809	KX786542	941547
810	KY968862	68299
810	MN889430	68299
811	KY968924	216475
811	KY968947	216475
812	KY968959	4233
812	MN257849	2600574
813	MT090701	310229
814	MZ663842	1807087
814	MZ663875	2650238
814	MZ663876	2650238
814	MZ663916	2864028
815	MZ663852	1807087
815	MZ663856	1807087
815	MZ663857	1807087
816	MZ663859	2863859
816	MZ663860	2863859
816	MZ663861	2863859
816	MZ663863	2863859
816	MZ663864	2863859
816	MZ663865	2863859
816	MZ663866	2863859
816	MZ663867	2863859
816	MZ663912	2864031
816	MZ663913	2864031
816	MZ663914	2864031
816	MZ663915	2864031
816	MZ663922	2863862
816	MZ663923	2863862
816	MZ663924	2863862
816	MZ663925	2863862
816	MZ663926	2863862
816	MZ663927	2863862
816	MZ663929	2863862
816	MZ663930	2863862
816	MZ663931	2863862
816	MZ663932	2863862
816	MZ663933	2863862
816	MZ663935	2863862
816	MZ663936	2863862
816	MZ663937	2863862
816	MZ663938	2863862
816	MZ663939	2863862
816	MZ663940	2863862
816	MZ663947	1672005
817	MN625361	462579
817	MN625362	1851451
817	MN625363	2663007
817	MN625364	2663007
817	MN625365	2663007
817	MN625366	462579
817	MN625367	462579
817	MN625368	2663005
817	MN625369	2663005
817	MN625371	1534677
817	MN625372	2663003
817	MN625373	2663003
817	MN625374	462579
817	MN625375	462579
817	MN625376	462579
817	MN625377	1534677
817	MN625378	2663007
817	MN625379	2663007
817	MN625380	2663003
817	MN625381	2663003
817	MN625382	2663007
817	MN625383	2663005
817	MN625384	2663005
817	MN625385	1534677
817	MN625386	2663005
817	MN625387	2663005
817	MN625388	2663005
817	MN625389	2663005
817	MN625390	462579
817	MN625391	462579
817	MN625392	2663006
817	MN625393	2663006
817	MN625394	2663005
817	MN625395	462579
817	MN625396	2663006
817	MN625397	1851451
817	MN625398	2663004
817	MN625400	462579
817	MN625401	2663005
817	MN625402	2663005
817	MN625403	2663004
817	MN625404	2663004
817	MN625405	462579
817	MN625406	462579
817	MN625407	2663007
817	MN625408	462579
817	MN625409	462579
817	MN625411	2663005
817	MN625412	2663005
817	MN625413	462579
817	MN625414	2663005
817	MN625415	2663005
817	MN625416	2663003
817	MN625417	2663003
817	MN625418	2663004
817	MN625419	1851451
817	MN625420	462579
817	MN625421	2663005
817	MN625422	2663005
817	MN625423	2663004
817	MN625424	1534677
817	MN625425	2663005
817	MN625426	2663005
817	MN625427	2663006
817	MN625429	1534677
817	MN625431	2663003
817	MN625432	2663003
817	MN625433	2663003
817	MN625434	2663004
817	MN625436	2663004
817	MN625437	462579
817	MN625438	2663005
817	MN625439	2663006
817	MN625440	2663006
817	MN625441	2663005
817	MN625442	2663005
817	MN625443	462579
817	MN625444	2663005
817	MN625445	462579
817	MN638854	1534674
817	MN638855	904808
817	MN638858	904808
817	ON124723	2930489
817	ON124724	2930490
817	ON124740	1534677
818	PP855023	3158348
818	PP855058	3158347
819	PP855024	3028816
820	AB618102	167578
820	AB618103	167578
821	AF427499	174966
822	AF513690	162808
823	AF528435	212674
823	AF528436	212674
823	AF528438	212674
823	AF528439	212674
823	AF528440	212674
823	AF528441	212674
823	AF528443	212674
823	AF528444	212674
823	AF528445	212675
823	AF528446	212675
823	AF528451	212676
823	AF528452	212678
823	AF528465	212683
823	AF528467	212685
823	AF528468	212685
823	AF528469	212684
823	AF528470	212684
823	AF528471	212684
823	AF528472	212684
823	AF528473	212684
823	AF528474	212684
823	AF528475	212684
823	AF528476	212684
823	AF528477	212684
823	AF528478	212684
823	AF528479	212684
824	AF528483	212669
825	AF528485	58660
825	DQ451769	58660
825	DQ451770	58660
826	AH013876	267595
827	AJ242101	93285
827	AJ242102	93285
827	AJ242103	93285
828	AY102738	197955
829	AY102730	197947
829	AY102734	197951
829	AY102735	197952
829	AY102740	197957
829	AY102751	197965
829	AY102752	197966
829	AY102757	197971
829	AY102762	197976
829	AY102772	197983
829	AY102776	197986
829	AY102777	197987
829	AY102785	197992
829	AY102786	197993
829	KM921769	1340049
830	AY102732	197949
830	AY102741	197958
830	AY102779	16481
830	AY102780	16481
830	AY102781	16481
830	AY102782	16481
831	AY552135	233704
831	AY552136	3408095
831	DQ154054	346560
831	LN809154	1605169
832	DQ861602	356283
833	DQ861634	403495
834	EF108403	183063
834	KY968852	183063
835	EF635444	142229
835	EF635456	142229
836	EU331121	490663
836	EU331122	490665
836	EU812813	545668
836	EU812814	545669
836	KY397505	58528
836	KY397506	1972656
837	HG004801	1233253
838	HQ615113	82046
839	KF217200	1350053
839	KF217201	1350053
839	KF217202	1350053
840	KF923168	1522776
841	KF923176	310228
842	KF923179	511513
843	KF923181	310234
844	KF217237	72660
844	KF217238	72660
844	KF923187	72660
845	KR534442	1720458
846	KY397499	35935
847	KY968918	212910
847	KY968930	212910
848	LN607550	1548644
848	LN607551	1548645
848	LN607552	1548646
848	LN607556	1548649
848	LN607561	1257061
849	MF871668	2030888
849	MG779430	2030888
850	MF871693	156479
850	MF871694	156479
850	MG779431	156470
851	MF871685	209609
851	MG779425	209609
852	MK034039	171769
852	MK034041	2547438
852	MK034048	171779
852	MK034049	2547435
852	MK034050	2547436
853	MN257655	2600450
854	OP599651	475160
855	PP855025	478038
856	KR083102	345811
856	PP855050	1237853
856	PP855051	1237853
857	PV901254	1333942
857	PV901256	3447758
858	AJ242132	93338
859	AY102739	197956
859	AY102746	197962
859	AY102753	197967
859	AY102756	197970
859	AY102760	197974
859	AY102773	184417
859	AY894502	197952
859	AY894503	197952
859	AY894504	197956
859	AY894505	197956
859	AY894506	197956
859	AY894507	197962
859	AY894508	197962
859	AY894509	197962
859	AY894510	197963
859	AY894511	197963
859	AY894512	197963
859	AY894513	197970
859	AY894514	197970
859	AY894515	197970
859	AY894516	197974
859	AY894517	197974
859	AY894518	184417
859	AY894519	184417
859	AY894520	184417
860	AY102755	197969
860	AY102775	197985
861	AY102767	197980
862	DQ339078	15000
862	DQ339080	262913
862	DQ339081	120010
862	DQ339082	365731
862	DQ339083	15000
862	DQ339084	365733
862	DQ339085	15000
862	DQ339086	365734
862	DQ339088	365729
862	DQ339089	365732
862	DQ339090	365735
863	DQ861628	403494
864	AY552126	280720
864	AY552127	282185
864	AY552128	550762
864	AY552131	280722
864	DQ154091	346597
864	EU661437	550760
864	EU661439	346597
864	EU661440	550763
864	EU661441	550770
865	EU816733	147072
866	EU841157	171780
866	MK034043	2547440
867	GQ888884	174504
868	HG004831	210342
869	HQ858880	191066
870	JF893847	1048561
870	JF893848	1048562
870	KC847557	1465781
870	KC847562	1465789
870	KC847563	1465790
870	KC847580	1465786
870	KC847585	1465800
871	KC899268	4702
872	KF217175	1350048
872	KF217176	1350048
872	KF217177	1350048
873	KF217189	1350051
873	KF217191	202658
873	KF217192	202658
873	KF217193	202658
873	KF217207	1350055
874	KF217195	511514
874	KF217196	511514
874	KF217197	511514
875	KF217222	1350056
875	KF217223	1350056
875	KF217226	97989
875	KF217233	377454
875	KF217234	377454
875	KF217235	377454
875	KF923177	97989
876	KF217228	377452
877	KF217215	202660
877	KF217216	202660
877	KF217240	1350058
877	KF217244	860730
877	KF217245	202662
877	KF217246	202662
877	KF217247	202662
878	KF840817	1484927
879	KJ025069	212925
880	KM051450	2768810
881	KP901192	1745039
881	KP901193	1747110
882	KR534414	175741
882	KR534415	175741
882	KR534416	175741
882	KR534417	175741
883	KR534422	78372
883	KR534423	78372
883	KR534424	1720445
883	KR534444	175740
883	KR534449	1720436
883	KR534454	1720422
884	KX229774	264981
884	KX229775	264981
884	KX229776	264981
884	KX229777	264981
884	KX229778	264981
884	KX229779	264981
884	KX229781	264981
884	KY379332	157914
884	KY379510	157914
884	KY379850	157914
884	KY379898	157914
884	KY379938	157914
884	KY379957	157914
884	KY379958	157914
884	KY380006	264981
884	KY381271	157914
884	KY486199	264981
884	PP855033	157914
884	PP855039	498071
885	KY379512	157914
886	KY379854	157914
887	KY397501	502543
888	LC527432	2713584
888	LC527433	2713584
888	LC527434	2713584
888	LC527437	1249015
888	LC527438	1249015
889	MF871658	180919
889	MG779424	211717
890	KX373637	156477
890	MF871661	2030885
890	MF871670	156471
890	MF871671	156471
890	MF871672	156471
890	MF871673	156471
890	MF871674	156471
890	MF871675	156471
890	MF871683	209608
890	MF871684	209608
890	MF871686	2030891
890	MF871687	2030891
891	MH426473	2320783
891	PP456699	3126693
891	PP456700	3126694
891	PP456701	3126694
891	PP456702	3126694
891	PP456706	3126696
891	PP456707	3126696
892	MH426481	2320792
892	MH426482	2320793
892	MH426483	745675
892	PP447382	745675
893	MK034044	2547441
894	MN257753	2600478
895	MN396793	511508
896	MZ833487	2969164
897	PP855026	326968
897	PP855027	326968
897	PV455976	326968
898	PP855041	345151
899	PP855044	3158343
900	AF528453	58650
901	AJ242046	93239
902	AJ242113	93304
903	AY102729	197946
903	AY102759	197973
903	AY102768	197981
903	EU841168	130301
904	AY102731	197948
904	AY102742	197959
905	AY102733	197950
906	AY102736	197953
906	AY102758	197972
907	AY102743	197960
907	AY102744	197960
908	AY102745	197961
908	AY102763	197977
908	AY102778	197988
908	AY102783	197990
909	AY102748	197964
909	AY102749	197964
909	AY102750	197964
910	AY102761	197975
911	AY102770	197982
911	AY102771	197982
912	AY102787	197994
913	AY102788	49596
914	AY102793	49601
915	AY102795	49636
916	AY695591	43909
917	DQ339079	365730
917	DQ339087	365730
918	DQ826453	192012
918	KP901196	1747119
918	MF440586	192012
919	EU841142	516716
920	EU841161	171782
921	HG004807	1075362
922	HG996867	2819012
923	HQ615083	535968
924	HQ859041	985390
924	HQ859084	985434
924	HQ859200	985538
924	HQ859230	985567
924	HQ859316	985642
924	KU832361	1829959
924	KU832425	1830007
924	KU832476	1830042
924	KU832503	985538
924	KU832514	1830069
924	KU832557	985642
925	HQ858891	985272
925	HQ859279	985609
926	JX313352	1332192
927	JX313353	1332193
927	JX313362	1332200
927	JX313364	1332202
928	JX313357	1332195
929	JX313358	1332197
929	JX313361	1332199
929	JX313370	1332207
929	JX313377	1332190
930	JX313359	1236420
931	JX313365	1332203
932	JX313366	3127371
933	JX313368	1332206
934	JX313374	416108
935	JX313376	1332204
936	JX313379	1332201
937	JX313380	1332204
938	JX313382	1236426
939	KC899269	1348292
939	KC899270	1348292
939	KC899271	1348292
939	KX425835	1348292
940	KF212092	306510
941	KF212096	1475118
942	KF217210	860727
942	KF217211	860727
943	KP901197	1747120
944	KP901198	1747121
944	MN889429	287011
944	PX622467	287011
945	KR083168	280012
945	KR083170	1814964
945	KR083173	1813206
945	KR083178	280014
945	KR083179	280014
945	KR083180	280014
945	KR083187	1813034
945	KR083197	106677
945	KR083198	106677
945	KR083206	1813035
945	KR083211	1814961
945	KR083233	1813037
945	KR083249	1813041
945	KR083253	1813042
945	KR083271	1814966
945	KR083285	55262
945	KR083291	1532833
945	KR083292	1532833
945	KR083306	280014
945	KR150636	55262
946	KU832558	1830095
947	KX761271	2027505
947	MF353616	2027499
948	KY306539	162725
949	KY306652	1911672
949	KY306653	1358857
950	LC089995	228874
951	LN607435	1548594
952	LN607574	1548661
952	LN607576	1205786
953	MF871657	211701
954	MF871659	156463
954	MF871660	156463
954	MF871665	156469
954	MF871676	209606
954	MF871677	209606
954	MF871679	156475
954	MF871680	156475
955	KX373656	156455
955	MG779416	156466
955	MG779422	2070808
955	MG779434	156466
955	MG779435	156466
956	MH229886	180498
956	MH229887	180498
956	MH229888	180498
956	MH229889	180498
956	MH229894	180498
956	MH229895	180498
956	MH229896	180498
956	MH229897	180498
956	MH229898	180498
956	MH229899	180498
956	MH229900	180498
957	MH229892	454931
958	MH229893	316874
959	MK034042	171773
959	MK034051	171781
960	MK034053	171783
961	MK184582	2136525
961	MK184589	266531
961	MK184591	990358
962	MN638859	2664379
962	ON124720	1534673
962	ON124721	1534673
962	ON124722	1534673
962	ON124725	1534673
962	ON124726	1534673
962	ON124727	1534673
962	ON124728	2664379
962	ON124729	2664379
962	ON124730	2664379
962	ON124731	2664379
962	ON124732	2664379
962	ON124733	2664379
962	ON124734	2926111
962	ON124735	2926111
962	ON124736	2926111
962	ON124737	2926111
962	ON124738	2926111
962	ON124739	2926111
963	ON124742	58524
964	PP855017	478036
965	PP855035	478040
966	AB675694	150967
966	AB675695	150975
966	AB675696	150962
966	AB675697	150980
966	AB675698	150959
966	AB675699	1100027
966	AB675702	150961
966	AB675703	150952
966	AB675705	1100029
966	AB675707	1100030
966	AB675708	150988
966	AB675709	1100031
966	AB675711	330712
966	AB675713	399618
966	AB675716	1100033
966	AB675866	1040646
966	AB675869	150954
966	AB675872	1100688
966	AB675873	150956
966	AB675878	150960
966	AB675879	150963
966	AB675880	150964
966	AB675885	150974
966	AB675894	1100693
966	AB675897	150993
966	AB675903	150996
966	AB675909	122317
966	AB675911	151003
967	AF245423	153563
968	AF245429	4002
969	AF528457	58656
969	AF528459	58656
969	AF528460	58656
969	AF528461	58656
969	EF107656	58656
970	AF528458	58656
971	AF528484	212688
971	DQ451758	379621
971	DQ451762	379622
971	DQ451766	212688
971	DQ451767	212688
971	DQ451768	212688
971	DQ451780	379628
971	DQ451788	379629
972	AH013858	267577
973	AY102789	197995
973	AY102791	197997
974	AY552147	85885
975	DQ246689	278666
976	EF108402	185191
976	EF114670	185191
977	EF108405	415161
978	EF670321	468853
979	EF670322	468854
979	EF670337	468862
979	EF670339	468872
980	AY552116	278656
980	EU661434	441510
980	EU661444	550766
980	EU661448	550775
981	EU812811	545666
981	EU812816	462572
981	EU812817	462572
982	EU812815	121557
983	FJ518902	356281
983	FJ518903	356281
984	FN870378	55635
984	MH710745	119172
985	GQ396671	139772
986	HQ858892	985273
986	HQ858893	985274
986	HQ858899	985280
986	HQ858914	985293
986	HQ858918	985296
986	HQ858946	985318
986	HQ858949	985320
986	HQ858958	985326
986	HQ858971	985334
986	HQ858983	985344
986	HQ859010	985363
986	HQ859011	985364
986	HQ859040	985389
986	HQ859051	985399
986	HQ859061	985407
986	HQ859072	985423
986	HQ859087	985435
986	HQ859092	270437
986	HQ859093	270437
986	HQ859113	985459
986	HQ859117	985463
986	HQ859118	985464
986	HQ859119	985465
986	HQ859121	985467
986	HQ859123	985469
986	HQ859125	985470
986	HQ859129	985475
986	HQ859145	985488
986	HQ859147	985490
986	HQ859148	985491
986	HQ859165	985504
986	HQ859175	985514
986	HQ859176	985514
986	HQ859182	985520
986	HQ859189	985527
986	HQ859190	985527
986	HQ859191	985528
986	HQ859198	985535
986	HQ859205	985545
986	HQ859206	985545
986	HQ859218	985554
986	HQ859223	985559
986	HQ859257	985588
986	HQ859266	985597
986	HQ859274	985604
986	HQ859277	985607
986	HQ859288	985619
986	HQ859292	985623
986	HQ859322	985645
986	HQ859330	985652
986	KU832357	985318
986	KU832419	1830001
986	KU832420	1830002
986	KU832454	1830026
986	KU832465	1830033
986	KU832468	1830035
986	KU832472	1830038
986	KU832479	985491
986	KU832488	1830049
986	KU832501	1830058
986	KU832509	1830065
986	KU832525	985602
986	KU832538	1830078
986	KU832539	1830079
986	KU832561	985645
986	PV173803	3401551
986	PV173805	3350520
986	PV173808	985280
987	JX313351	1332191
987	JX313375	289665
988	JX313354	1332194
989	JX313360	1332198
990	JX313371	1332208
991	JX313372	1332210
992	JX313381	1332209
993	KC899272	28486
993	KC899273	28486
993	KC899274	28486
993	KC899275	28486
993	KC899276	28486
993	KC899277	28486
993	KX425836	28486
993	KX425837	28486
993	KX425838	28486
994	KP901190	1123467
995	KR083086	1812996
995	KR083087	1620185
996	KX373658	1962492
997	KX786523	306959
997	KX786524	2025433
997	KX786525	2025439
998	KY306665	1911675
998	MH535217	1911675
999	KY397484	112408
999	KY397496	379268
1000	LN607441	313962
1001	LN607484	441198
1001	LN607485	441199
1002	LN607494	1548612
1003	LN607498	1548616
1004	LN607512	313977
1004	LN607525	313984
1004	LN607526	313975
1004	LN607527	313978
1004	LN607543	1548640
1005	LN607535	1548635
1006	LN607560	1548653
1007	LN607571	1548658
1007	LN607577	1548663
1007	LN607581	1548667
1007	LN607582	1548668
1008	LN607572	1548659
1009	LN607573	1548660
1009	LN607575	1548662
1009	LN607579	1548665
1009	LN607580	1548666
1010	LN607592	313942
1011	LN809140	1605153
1012	MF871656	211699
1013	KX373638	156472
1013	KX373639	156472
1013	KX373640	156472
1013	KX373641	1962495
1013	KX373642	1962495
1013	KX373643	1962495
1013	KX373644	1962495
1013	KX373645	1962496
1013	KX373646	156472
1013	KX373647	156472
1013	KX373648	1962494
1013	KX373649	1962494
1013	KX373650	156478
1013	KX373651	211707
1013	KX373652	1962493
1013	KX373653	211707
1013	KX373655	156472
1013	MF871664	2030886
1013	MF871669	2030889
1013	MF871688	156477
1013	MF871689	156478
1013	MF871690	1962496
1013	MG779427	156472
1013	MG779433	1973082
1014	MG779417	180918
1015	MH710812	238930
1016	MN114139	2588165
1016	MN257663	2600552
1016	MN257739	992811
1016	MN257759	2600562
1016	MN257770	2600565
1016	MN257793	992811
1016	MN257794	2600567
1016	MN257799	992811
1016	MN257815	992811
1016	MN257848	992811
1017	MN257762	2600563
1018	MN889428	103745
1019	MT923460	189797
1019	PV900915	189803
1020	ON033151	182107
1021	OP431359	2747792
1022	PP456687	146150
1023	PP764806	3144442
1023	PP764807	3144442
1023	PP764808	3144442
1024	PZ240460	1548589
1025	AB675865	4376
1025	AB675868	150951
1025	AB675876	150958
1025	AB675887	150981
1025	AB675916	150969
1026	AB675864	150947
1026	AB675871	1100687
1026	AB675899	652666
1026	AB675900	330708
1026	AB675904	150997
1026	AB675907	122315
1027	AB675914	150949
1028	AB675918	1100697
1029	AB675919	1100698
1030	AB675881	150965
1030	AB675920	150999
1031	AF513705	162932
1031	AF513706	162932
1032	AY955808	327147
1033	DQ154088	346594
1034	DQ861608	124953
1034	FJ518897	486173
1034	FJ518898	587579
1035	DQ861609	43891
1035	FJ518905	43891
1036	DQ985626	416625
1036	DQ985627	416625
1036	DQ985630	130523
1036	DQ985631	130523
1036	DQ985636	416629
1037	EF108395	128738
1038	EF108399	175519
1039	EF108401	415159
1040	EF635442	254608
1040	EF635454	254603
1041	EF635448	450839
1041	EF635449	316498
1041	EF635463	450839
1042	EF635460	212268
1042	EF635461	450840
1042	EF635462	450841
1043	EU331106	490662
1043	EU331117	281181
1043	EU331118	490664
1043	EU331119	281182
1043	EU331120	462558
1044	EU352239	493358
1044	EU352240	493359
1045	EU841167	171791
1046	EU841169	516729
1047	FJ696962	176602
1047	KY968894	176602
1047	MF440593	176602
1047	MF440619	176602
1048	FJ697033	619253
1048	FJ697034	619253
1049	FN870380	280017
1049	KR083201	280021
1049	KR083202	280021
1049	KR083214	1566429
1049	OM522109	280021
1049	OM522110	280021
1050	DQ154061	346567
1050	HE860079	280703
1051	HQ142624	72935
1052	JF893852	1048566
1052	JF893866	1048577
1052	JF893867	1048578
1052	JF893876	1048588
1053	JQ730071	1160545
1054	JX313355	416098
1055	JX313356	1332196
1056	JX313363	1236429
1057	KF217230	860713
1057	KF217231	860713
1058	KP901167	1747118
1058	KP901195	1745087
1059	KR083264	1813090
1059	KR083265	1813090
1059	OM522108	1566429
1060	KR083252	1813063
1060	KR083274	280022
1061	KR534435	1720484
1062	KU832343	1829949
1063	HQ858999	985357
1063	HQ859114	985460
1063	HQ859219	985555
1063	HQ859323	985646
1063	KU832382	985357
1063	KU832456	985460
1063	KU832457	985460
1063	KU832522	1830073
1063	KU832562	985646
1064	KY306596	162806
1065	KY306662	162929
1066	KY397487	4230
1067	KY397495	1053381
1068	KY968855	189211
1069	LC089992	169069
1070	LC089996	3708
1070	MN257766	2600564
1071	LN607447	1548596
1072	LN607455	1548571
1073	LN607502	1548618
1074	LN607503	313965
1075	LN607504	196012
1076	LN607532	313976
1077	LN607542	41624
1078	LN607524	175518
1078	LN607534	1548634
1078	LN607594	1548676
1079	MF353612	2231823
1080	MF787312	106675
1081	MF787313	1619437
1081	MF787314	1619437
1081	MF787315	1619437
1082	MF871662	156465
1083	MF188241	2006499
1083	MF188242	2006499
1083	MF871663	156467
1083	MF871666	158937
1083	MF871681	2030890
1083	MF871682	2030890
1083	MG779432	158937
1084	MF871667	2030887
1084	MF871691	156455
1084	MF871692	156455
1085	MF871695	2030893
1085	MF871696	2030893
1086	MF871697	2030894
1086	MF871698	2030895
1086	MG779418	156485
1086	MG779419	2070805
1087	MG648281	745665
1087	MG648282	745665
1087	MG648283	745665
1088	MH142252	2583800
1089	AY552143	1199034
1089	DQ154066	1199034
1089	DQ377521	1611691
1089	EF025094	1611691
1089	MH194065	384974
1090	MH710657	189242
1091	MN257787	2600444
1091	PV900196	2991492
1092	MN625370	2603350
1092	MN625399	465550
1092	MN625410	465550
1092	MN625428	2603350
1092	MN625430	1534675
1092	MN625435	1534675
1092	MN638856	2664380
1092	MN638857	1534675
1092	MN638860	2664381
1092	ON124741	1534675
1093	OQ832760	1007873
1093	PZ629994	1007873
1094	PP447384	3127881
1095	PP855030	345809
1095	PP855031	345809
1096	PV900064	35608
1097	PV900294	254911
1098	PX215779	3458154
1099	AB675915	330714
1100	AF513693	162819
1100	KY306604	162818
1100	MG949339	162818
1100	MG949366	2185241
1101	AF513702	162931
1101	AF513703	162931
1101	AF513704	162931
1101	MG949358	162931
1101	MG949385	162931
1102	AY552141	233735
1102	HE860084	233735
1103	DQ154059	346606
1103	EU661433	280725
1104	DQ154065	346571
1105	AF134859	94283
1105	AF134860	86864
1105	AF134861	94284
1105	AF136237	93935
1105	DQ810274	239434
1105	EF190460	86864
1105	EF190461	94283
1105	EF190462	94284
1106	EF107651	318067
1106	GQ396673	259893
1106	KP690132	4220
1106	KP856179	1619875
1107	EF108393	318066
1107	MF440602	318066
1108	EF136576	430989
1109	EF635446	281171
1109	EF635459	450829
1110	EF635450	281164
1110	EF635458	281174
1110	EF660536	453343
1110	EF660537	281169
1111	EU352214	493338
1111	EU352215	137430
1111	EU352216	493340
1112	AY552121	441510
1112	DQ154095	1605156
1112	EU661435	550754
1112	EU661438	441510
1112	LN809150	1247233
1113	EU841877	156483
1113	EU841878	156483
1113	EU841879	156483
1113	EU841880	156483
1113	EU841886	156483
1113	EU841887	156483
1113	EU841888	156483
1113	EU841889	156483
1113	EU841890	156483
1113	EU841901	156483
1113	EU841902	156483
1113	EU841903	156483
1113	EU841904	156483
1113	EU841905	156483
1113	EU841906	156483
1113	EU841907	156483
1113	EU841908	156483
1114	FJ037801	246373
1115	FJ527607	229543
1116	FJ621494	491161
1117	FJ696961	183052
1118	FJ696975	619237
1118	FJ696976	619237
1118	FJ696979	185171
1118	FJ696986	619258
1118	FJ696987	619258
1118	FJ696997	619261
1118	FJ696998	619261
1118	FJ696999	619261
1119	FJ697067	619242
1119	FJ697068	619242
1119	FJ697069	619247
1120	FJ697072	185172
1120	FJ697073	185172
1121	HG004845	1346561
1122	HQ645897	59072
1123	HQ859338	985659
1123	HQ859339	985659
1124	JX313367	1332205
1125	KC633906	1324447
1126	KF217183	860726
1126	KF217184	860726
1127	KM051436	516546
1128	KP747686	4220
1128	KP751380	4220
1129	KP901180	1745170
1129	KP901181	1747126
1130	KP901182	1745174
1131	KP901191	1745022
1132	KP901194	1136743
1133	HG004838	1341704
1133	KR083054	1812988
1133	KR083055	1226760
1133	KR083056	1812990
1134	KR083057	1603695
1134	KR083058	1603695
1135	KR083060	860322
1136	KR083082	1813020
1136	KR083166	1226768
1136	KR083176	1813077
1136	KR083190	1813051
1136	KR083194	1813052
1136	KR083199	1813054
1136	KR083203	1616486
1136	KR083204	1813080
1136	KR083217	1813058
1136	KR083218	1813058
1136	KR083219	860326
1136	KR083220	860326
1136	KR083221	860326
1136	KR083222	1813083
1136	KR083225	1813060
1136	KR083228	1603822
1136	KR083229	1603822
1136	KR083231	1813061
1136	KR083239	72169
1136	KR083240	1813064
1136	KR083242	72169
1136	KR083243	72169
1136	KR083248	1813062
1136	KR083262	1226768
1136	KR083263	1226768
1136	KR083268	1814963
1136	KR083269	1813091
1136	KR083295	280025
1136	KR083296	280025
1136	KR083298	1813073
1136	KR083314	1813072
1136	KR083316	1577578
1136	KR083318	1037062
1136	KR083320	1630248
1136	KR083321	1630248
1136	KR083322	1577579
1136	KR150632	1630246
1136	KR150637	1813093
1136	KR150639	1819797
1137	KR083084	1226764
1138	KR083101	1812999
1139	KR083103	264981
1140	KR083169	1813049
1140	KR083284	280024
1140	KR083312	1813096
1140	KR083313	1813096
1140	KR083315	1813075
1141	KR083188	1813078
1141	KR083189	1813078
1141	KR083191	1813079
1141	KR083208	1813081
1141	KR083209	1813081
1141	KR083210	280026
1141	KR083224	1813059
1141	KR083241	1814962
1141	KR083254	1813088
1141	KR083266	1630246
1141	KR083267	1630246
1142	KR534438	1720469
1142	KR534447	1848410
1143	KR534441	174187
1144	KU832436	1830014
1144	KU832541	1830081
1145	KX761270	2027494
1146	KX786518	1202411
1147	KY387918	186965
1147	KY387921	2020485
1148	KY387917	278673
1148	KY387919	1533278
1148	KY387920	2020485
1149	KY397492	186956
1149	MT922784	2764656
1149	MT922785	2126599
1149	MT922786	2126606
1150	KY397497	1954291
1151	KY397507	1954296
1151	LN607587	1548672
1151	LN607588	56022
1151	LN607589	1548673
1151	LN607591	1548674
1152	KY397509	1954297
1153	LN607445	313971
1154	LN607446	1548595
1155	LN607448	1548564
1156	LN607449	1548565
1157	LN607453	1548569
1157	LN607454	1548570
1157	LN607457	1548573
1157	LN607458	1548574
1157	LN607460	1548576
1157	LN607461	1548577
1157	LN607462	1548578
1157	LN607465	1548580
1157	LN607469	1548584
1157	LN607473	1548588
1158	LN607488	313970
1159	LN607499	313933
1160	LN607546	313982
1161	LN607549	313964
1162	MG648284	152717
1162	MG648285	152717
1162	MG648286	2320788
1162	MG648287	2320788
1162	MH212238	2507926
1162	MH426475	2320784
1162	MH426476	2320785
1162	MH426477	2320786
1162	MH426479	2320789
1162	MH426488	2320797
1162	MH426489	2320798
1162	PP447378	2320784
1162	PP447379	2320785
1163	MG779415	2070807
1164	MG648288	2320788
1164	MG648302	2320799
1164	MG648303	2320799
1164	MH426480	2320791
1164	MH426484	2320794
1164	MH426485	745676
1164	MH426486	2320795
1164	MH426490	745677
1164	MH426491	745678
1164	MH426492	2320800
1165	JX070194	745682
1165	MH426495	745682
1166	MG949324	2185257
1166	MH535120	2592545
1166	MH535121	2592545
1167	MH535192	2592566
1167	MH535196	2592566
1168	MH710824	2126663
1169	MN114146	2588160
1170	MN825131	139748
1171	MT922787	254412
1171	MT922788	2082036
1171	MT922789	2082036
1172	MT922827	2764684
1173	OL584030	1697109
1173	OL584032	205937
1173	OL584033	928048
1173	OL584037	209093
1173	OL584038	2897142
1173	OL584039	2897149
1174	ON033176	2926119
1175	OP431203	2978230
1175	OP431204	2978230
1175	OP431285	2978251
1175	OP431305	2978153
1176	PV900287	217471
1177	PV900288	591993
1178	PV946708	3435785
1179	PZ623435	1007872
1180	AB675883	122310
1180	KT735317	122310
1180	KT735321	122310
1181	AB981678	1534739
1181	AB981679	1534739
1181	AB981681	1534739
1181	AB981685	1534739
1181	AB981687	1534739
1181	AB981688	1534739
1181	AB981689	1534739
1181	AB981690	1534739
1181	AB981691	1534739
1181	AB981697	1534739
1181	AB981699	1534739
1181	AB981700	1534739
1181	AB981703	1534739
1181	KY417927	146502
1182	AF328824	172232
1182	AF328825	172232
1183	AF328828	106715
1183	KR083089	106715
1184	AF328829	106718
1185	AF513701	162930
1186	AY649407	283787
1186	AY649408	283788
1186	AY649409	283789
1186	AY649410	283790
1186	AY649411	283791
1186	AY649412	283792
1186	AY649413	283793
1186	EU169117	283793
1186	EU886837	283793
1187	AY879153	122529
1188	DQ451757	379111
1189	DQ813305	396370
1190	DQ826452	397370
1191	DQ985632	416627
1191	DQ985641	40003
1191	DQ985642	40003
1191	DQ985643	40003
1191	JQ730136	40003
1192	EF660538	453349
1193	EF670332	478976
1193	EF670333	478976
1193	EF670334	478976
1194	EU352241	457712
1194	LC088731	457712
1194	LC088732	457712
1194	LC088733	457712
1195	AY552119	280714
1195	AY552120	280715
1195	DQ154050	1605151
1195	EU661447	1605158
1195	EU661450	1605149
1196	EU812812	545667
1197	EU841146	516722
1197	KU182742	516721
1197	KU182743	516722
1198	EU841147	55613
1198	EU841149	171765
1198	EU841151	171763
1198	EU841154	516720
1198	KU182730	171761
1198	KU182731	1582457
1198	KU182733	41548
1198	KU182734	1582462
1198	KU182735	516720
1198	KU182736	565441
1198	KU182737	171763
1198	KU182738	171766
1198	KU182741	1582466
1198	KU182744	516723
1199	EU841148	171762
1199	EU841152	171761
1199	KU182732	171762
1200	EU841170	516728
1201	EU841175	13361
1202	FJ037837	597421
1202	FJ037838	597421
1202	FJ037839	597423
1203	FJ037887	597392
1203	FJ037892	357088
1203	FJ037893	357088
1204	DQ246691	357089
1204	FJ037896	397169
1205	FJ518866	587553
1206	FJ518869	587554
1206	FJ518870	587555
1206	FJ518872	587557
1206	FJ518873	201012
1206	FJ518875	587559
1206	FJ518879	587563
1206	FJ518890	587571
1207	FJ518882	587572
1207	FJ518885	587565
1207	FJ518891	587575
1207	KX000301	1839787
1207	KX000303	1839795
1208	FJ518907	520510
1208	KF848281	356287
1209	FJ696977	185171
1209	FJ696980	185174
1209	FJ696981	185174
1209	FJ696984	619243
1209	FJ696985	619243
1210	FJ696982	619240
1210	FJ696983	619240
1210	FJ696988	619255
1210	FJ696990	619255
1210	FJ696991	619255
1210	FJ696992	619251
1210	FJ696993	619251
1210	FJ696994	619251
1210	FJ696995	619251
1210	FJ696996	619251
1211	FJ697055	619252
1212	FJ697060	185173
1212	FJ697061	185173
1212	FJ697062	185173
1212	FJ697063	185173
1212	FJ697064	185173
1212	FJ697065	185173
1212	FJ697066	185173
1212	FJ697070	619246
1212	FJ697071	619246
1213	FR796701	189240
1213	FR796702	189240
1213	FR796703	189240
1213	FR796704	189240
1213	FR796705	189240
1213	FR796706	189240
1213	FR796707	189240
1213	FR796708	189240
1213	FR796709	189240
1213	FR796710	189240
1213	FR796711	189240
1213	FR796712	189240
1213	FR796713	189240
1213	FR796714	189240
1213	FR796715	189240
1213	FR796716	189240
1213	FR796717	189240
1213	FR796718	189240
1213	FR796719	189240
1213	FR796720	189240
1213	FR796721	189240
1213	FR796722	189240
1213	FR796723	189240
1213	FR796724	189240
1213	FR796725	189240
1213	FR796726	189240
1213	FR796727	189240
1213	FR796728	189240
1213	FR796729	189240
1213	FR796730	189240
1213	FR796731	189240
1213	FR796732	189240
1213	FR796733	189240
1213	FR796734	189240
1213	FR796735	189240
1213	FR796736	189240
1213	FR796737	189240
1213	FR796738	189240
1213	FR796739	189240
1213	FR796740	189240
1213	FR796741	189240
1213	FR796742	189240
1213	FR796743	189240
1213	FR796744	189240
1213	FR796745	189240
1213	FR796746	189240
1213	FR796747	189240
1213	FR796748	189240
1213	FR796749	189240
1213	FR796750	189240
1213	FR796751	189240
1213	FR796752	189240
1213	FR796753	189240
1213	FR796754	189240
1213	FR796755	189240
1213	FR796756	189240
1213	FR796757	189240
1213	FR796758	189240
1213	FR796759	189240
1213	FR796760	189240
1213	FR796761	189240
1213	FR796762	189240
1213	FR796763	189240
1213	FR796764	189240
1213	FR796765	189240
1213	FR796766	189240
1213	FR796767	189240
1213	FR796768	189240
1213	FR796769	189240
1213	FR796770	189240
1213	FR796771	189240
1213	FR796772	189240
1213	FR796773	189240
1213	FR796774	189240
1213	FR796775	189240
1213	FR796776	189240
1213	FR796777	189240
1213	FR796778	189240
1213	FR796779	189240
1213	FR796780	189240
1213	FR796781	189240
1213	FR796782	189240
1213	FR796783	189240
1213	FR796784	189240
1213	FR796785	189240
1213	FR796786	189240
1213	FR796787	189240
1213	FR796788	189240
1213	FR796789	189240
1213	FR796790	189240
1213	FR796791	189240
1213	FR796792	189240
1213	FR796793	189240
1213	FR796794	189240
1213	FR796795	189240
1213	FR796796	189240
1213	FR796797	189240
1213	FR796798	189240
1213	FR796799	189240
1213	FR796800	189240
1213	FR796801	189240
1213	FR796802	189240
1213	FR796803	189240
1213	FR796804	189240
1213	FR796805	189240
1213	FR796806	189240
1213	FR796807	189240
1213	FR796808	189240
1213	FR796809	189240
1213	FR796810	189240
1213	FR796811	189240
1213	FR796812	189240
1213	FR796813	189240
1213	FR796814	189240
1213	FR796815	189240
1213	FR796816	189240
1213	FR796817	189240
1213	FR796818	189240
1213	FR796819	189240
1213	FR796820	189240
1213	FR796821	189240
1213	FR796822	189240
1213	FR796823	189240
1213	FR796824	189240
1213	FR796825	189240
1213	FR796826	189240
1213	FR796827	189240
1213	FR796828	189240
1213	FR796829	189240
1213	FR796830	189240
1213	FR796831	189240
1213	FR796832	189240
1213	FR796833	189240
1213	FR796834	189240
1213	FR796835	189240
1213	FR796836	189240
1213	FR796837	189240
1213	FR796838	189240
1213	FR796839	189240
1213	FR796840	189240
1213	FR796841	189240
1213	FR796842	189240
1213	FR796843	189240
1213	FR796844	189240
1213	FR796845	189240
1213	FR796846	189240
1213	FR796847	189240
1213	FR796848	189240
1213	FR796849	189240
1213	FR796850	189240
1213	FR796851	189240
1213	FR796852	189240
1213	FR796853	189240
1213	FR796854	189240
1213	FR796855	189240
1213	FR796856	189240
1213	FR796857	189240
1213	FR796858	189240
1213	FR796859	189240
1213	FR796860	189240
1213	FR796861	189240
1213	FR796862	189240
1213	FR796863	189240
1213	FR796864	189240
1213	FR796865	189240
1213	FR796866	189240
1213	FR796867	189240
1213	FR796868	189240
1213	FR796869	189240
1213	FR796870	189240
1213	FR796871	189240
1213	FR796872	189240
1213	FR796873	189240
1213	FR796874	189240
1213	FR796875	189240
1213	FR796876	189240
1213	FR796877	189240
1213	FR796878	189240
1213	FR796879	189240
1213	FR796880	189240
1213	FR796881	189240
1213	FR796882	189240
1213	FR796883	189240
1213	FR796884	189240
1213	FR796885	189240
1213	FR796886	189240
1213	FR796887	189240
1213	FR796888	189240
1213	FR796889	189240
1213	FR796890	189240
1213	FR796891	189240
1213	FR796892	189240
1213	FR796893	189240
1213	FR796894	189240
1213	FR796895	189240
1213	FR796896	189240
1213	FR796897	189240
1213	FR796898	189240
1213	FR796899	189240
1213	FR796900	189240
1213	FR796901	189240
1213	FR796902	189240
1213	FR796903	189240
1213	FR796904	189240
1213	FR796905	189240
1213	FR796906	189240
1213	FR796907	189240
1213	FR796908	189240
1213	FR796909	189240
1213	FR796910	189240
1213	FR796911	189240
1213	FR796912	189240
1213	FR796913	189240
1213	FR796914	189240
1213	FR796915	189240
1213	FR796916	189240
1213	FR796917	189240
1213	FR796918	189240
1213	FR796919	189240
1213	FR796920	189240
1213	FR796921	189240
1213	LM997598	189240
1213	LM997599	189240
1213	LM997600	189240
1213	LM997601	189240
1213	LM997602	189240
1213	LM997603	189240
1213	LM997604	189240
1213	LM997605	189240
1213	LM997606	189240
1213	LM997607	189240
1213	LM997608	189240
1213	LM997609	189240
1213	LM997610	189240
1213	LM997611	189240
1213	LM997612	189240
1213	LM997613	189240
1213	LM997614	189240
1213	LM997615	189240
1213	LM997616	189240
1213	LM997617	189240
1213	LM997618	189240
1213	LM997619	189240
1213	LM997620	189240
1213	LM997621	189240
1213	LM997622	189240
1213	LM997623	189240
1213	LM997624	189240
1213	LM997625	189240
1213	LM997626	189240
1213	LM997627	189240
1213	LM997628	189240
1213	LM997629	189240
1213	LM997630	189240
1213	LM997631	189240
1213	LM997632	189240
1213	LM997633	189240
1213	LM997634	189240
1213	LM997635	189240
1213	LM997636	189240
1213	LM997637	189240
1213	LM997638	189240
1213	LM997639	189240
1213	LM997640	189240
1213	LM997641	189240
1213	LM997642	189240
1213	LM997643	189240
1213	LM997644	189240
1213	LM997645	189240
1213	LM997646	189240
1213	LM997647	189240
1213	LM997648	189240
1213	LM997649	189240
1213	LM997650	189240
1213	LM997651	189240
1213	LM997652	189240
1213	LM997653	189240
1213	LM997654	189240
1213	LM997655	189240
1213	LM997656	189240
1213	LM997657	189240
1213	LM997658	189240
1213	LM997659	189240
1213	LM997660	189240
1213	LM997661	189240
1213	LM997662	189240
1213	LM997663	189240
1213	LM997664	189240
1213	LM997665	189240
1213	LM997666	189240
1213	LM997667	189240
1213	LM997668	189240
1213	LM997669	189240
1213	LM997670	189240
1213	LM997671	189240
1213	LM997672	189240
1213	LM997673	189240
1213	LM997674	189240
1213	LM997675	189240
1213	LM997676	189240
1213	LM997677	189240
1213	LM997678	189240
1213	LM997679	189240
1213	LM997680	189240
1213	LM997681	189240
1213	LM997682	189240
1213	LM997683	189240
1213	LM997684	189240
1213	LM997685	189240
1213	LM997686	189240
1213	LM997687	189240
1213	LM997688	189240
1213	LM997689	189240
1213	LM997690	189240
1213	LM997691	189240
1213	LM997692	189240
1213	LM997693	189240
1213	LM997694	189240
1213	LM997695	189240
1213	LM997696	189240
1213	LM997697	189240
1213	LM997698	189240
1213	LM997699	189240
1213	LM997700	189240
1213	LM997701	189240
1213	LM997702	189240
1213	LM997703	189240
1213	LM997704	189240
1213	LM997705	189240
1213	LM997706	189240
1213	LM997707	189240
1213	LM997708	189240
1213	LM997709	189240
1213	LM997710	189240
1213	LM997711	189240
1213	LM997712	189240
1213	LM997713	189240
1213	LM997714	189240
1213	LM997715	189240
1213	LM997716	189240
1213	LM997717	189240
1213	LM997718	189240
1213	LM997719	189240
1213	LM997720	189240
1213	LM997721	189240
1213	LM997722	189240
1213	LM997723	189240
1213	LM997724	189240
1213	LM997725	189240
1213	LM997726	189240
1213	LM997727	189240
1213	LM997728	189240
1213	LM997729	189240
1213	LM997730	189240
1213	LM997731	189240
1213	LM997732	189240
1213	LM997733	189240
1213	LM997734	189240
1213	LM997735	189240
1213	LM997736	189240
1213	LM997737	189240
1213	LM997738	189240
1213	LM997739	189240
1213	LM997740	189240
1213	LM997741	189240
1213	LM997742	189240
1213	LM997743	189240
1213	LM997744	189240
1213	LM997745	189240
1213	LM997746	189240
1213	LM997747	189240
1213	LM997748	189240
1213	LM997749	189240
1213	LM997750	189240
1213	LM997751	189240
1213	LM997752	189240
1213	LM997753	189240
1213	LM997754	189240
1213	LM997755	189240
1213	LM997756	189240
1213	LM997757	189240
1213	LM997758	189240
1213	LM997759	189240
1213	LM997760	189240
1213	LM997761	189240
1213	LM997762	189240
1213	LM997763	189240
1213	LM997764	189240
1213	LM997765	189240
1213	LM997766	189240
1213	LM997767	189240
1213	LM997768	189240
1213	LM997769	189240
1213	LM997770	189240
1213	LM997771	189240
1213	LM997772	189240
1213	LM997773	189240
1213	LM997774	189240
1213	LM997775	189240
1213	LM997776	189240
1213	LM997777	189240
1213	LM997778	189240
1213	LM997779	189240
1213	LM997780	189240
1213	LM997781	189240
1213	LM997782	189240
1213	LM997783	189240
1213	LM997784	189240
1213	LM997785	189240
1213	LM997786	189240
1213	LM997787	189240
1213	LM997788	189240
1213	LM997789	189240
1213	LM997790	189240
1213	LM997791	189240
1213	LM997792	189240
1213	LM997793	189240
1213	LM997794	189240
1213	LM997795	189240
1213	LM997796	189240
1213	LM997797	189240
1213	LM997798	189240
1213	LM997799	189240
1213	LM997800	189240
1213	LM997801	189240
1213	LM997802	189240
1213	LM997803	189240
1213	LM997804	189240
1213	LM997805	189240
1213	LM997806	189240
1213	LM997807	189240
1213	LM997808	189240
1213	LM997809	189240
1213	LM997810	189240
1213	LM997811	189240
1213	LM997812	189240
1213	LM997813	189240
1213	LM997814	189240
1213	LM997815	189240
1213	LM997816	189240
1213	LM997817	189240
1213	LM997818	189240
1213	LM997819	189240
1213	LM997820	189240
1213	LM997821	189240
1213	LM997822	189240
1213	LM997823	189240
1213	LM997824	189240
1213	LM997825	189240
1213	LM997826	189240
1213	LM997827	189240
1213	LM997828	189240
1213	LM997829	189240
1213	LM997830	189240
1213	LM997831	189240
1213	LM997832	189240
1213	LM997833	189240
1213	LM997834	189240
1213	LM997835	189240
1213	LM997836	189240
1213	LM997837	189240
1213	LM997838	189240
1213	LM997839	189240
1213	LM997840	189240
1213	LM997841	189240
1213	LM997842	189240
1213	LM997843	189240
1213	LM997844	189240
1213	LM997845	189240
1213	LM997846	189240
1213	LM997847	189240
1213	LM997848	189240
1213	LM997849	189240
1213	LM997850	189240
1213	LM997851	189240
1213	LM997852	189240
1213	LM997853	189240
1213	LM997854	189240
1213	LM997855	189240
1213	LM997856	189240
1213	LM997857	189240
1213	LM997858	189240
1213	LM997859	189240
1213	LM997860	189240
1213	LM997861	189240
1213	LM997862	189240
1213	LM997863	189240
1213	LM997864	189240
1213	LM997865	189240
1213	LM997866	189240
1213	LM997867	189240
1213	LM997868	189240
1213	LM997869	189240
1213	LM997870	189240
1213	LM997871	189240
1213	LM997872	189240
1213	LM997873	189240
1213	LM997874	189240
1213	LM997875	189240
1213	LM997876	189240
1213	LM997877	189240
1213	LM997878	189240
1213	LM997879	189240
1213	LM997880	189240
1213	LM997881	189240
1213	LM997882	189240
1213	LM997883	189240
1213	LM997884	189240
1213	LM997885	189240
1213	LM997886	189240
1213	LM997887	189240
1213	LM997888	189240
1213	LM997889	189240
1213	LM997890	189240
1213	LM997891	189240
1213	LM997892	189240
1213	LM997893	189240
1213	LM997894	189240
1213	LM997895	189240
1213	LM997896	189240
1213	LM997897	189240
1213	LM997898	189240
1213	LM997899	189240
1213	LM997900	189240
1213	LM997901	189240
1213	LM997902	189240
1213	LM997903	189240
1213	LM997904	189240
1213	LM997905	189240
1213	LM997906	189240
1213	LM997907	189240
1213	LM997908	189240
1213	LM997909	189240
1213	LM997910	189240
1213	LM997911	189240
1213	LM997912	189240
1213	LM997913	189240
1213	LM997914	189240
1213	LM997915	189240
1213	LM997916	189240
1213	LM997917	189240
1213	LM997918	189240
1213	LM997919	189240
1213	LM997920	189240
1213	LM997921	189240
1213	LM997922	189240
1213	LM997923	189240
1213	LM997924	189240
1213	LM997925	189240
1213	LM997926	189240
1213	LM997927	189240
1213	LM997928	189240
1213	LM997929	189240
1213	LM997930	189240
1213	LM997931	189240
1213	LM997932	189240
1213	LM997933	189240
1213	LM997934	189240
1213	LM997935	189240
1213	LM997936	189240
1213	LM997937	189240
1213	LM997938	189240
1213	LM997939	189240
1213	LM997940	189240
1213	LM997941	189240
1213	LM997942	189240
1213	LM997943	189240
1213	LM997944	189240
1213	LM997945	189240
1213	LM997946	189240
1213	LM997947	189240
1213	LM997948	189240
1213	LM997949	189240
1213	LM997950	189240
1213	LM997951	189240
1213	LM997952	189240
1213	LM997953	189240
1213	LM997954	189240
1213	LM997955	189240
1213	LM997956	189240
1213	LM997957	189240
1213	LM997958	189240
1213	LM997959	189240
1213	LM997960	189240
1213	LM997961	189240
1213	LM997962	189240
1213	LM997963	189240
1213	LM997964	189240
1213	LM997965	189240
1213	LM997966	189240
1213	LM997967	189240
1213	LM997968	189240
1213	LM997969	189240
1213	LM997970	189240
1213	LM997971	189240
1213	LM997972	189240
1213	LM997973	189240
1213	LM997974	189240
1213	LM997975	189240
1213	LM997976	189240
1213	LM997977	189240
1213	LM997978	189240
1213	LM997979	189240
1213	LM997980	189240
1213	LM997981	189240
1213	LM997982	189240
1213	LM997983	189240
1213	LM997984	189240
1213	LM997985	189240
1213	LM997986	189240
1213	LM997987	189240
1213	LM997988	189240
1213	LM997989	189240
1213	LM997990	189240
1213	LM997991	189240
1213	LM997992	189240
1213	LM997993	189240
1213	LM997994	189240
1213	LM997995	189240
1213	LM997996	189240
1213	LM997997	189240
1213	LM997998	189240
1213	LM997999	189240
1213	LM998000	189240
1213	LM998001	189240
1213	LM998002	189240
1213	LM998003	189240
1213	LM998004	189240
1213	LM998005	189240
1213	LM998006	189240
1213	LM998007	189240
1214	HG004835	1341824
1214	HG004841	59492
1214	HG004863	1346560
1215	HQ615146	44987
1216	HQ859185	985524
1216	KU832497	985524
1217	JQ230331	1201174
1217	PP447372	1210459
1217	PP456694	3126676
1218	KF217219	171228
1219	AF328830	432374
1219	KJ630930	432372
1219	KJ630931	1502678
1219	KJ630932	1502677
1219	KJ630933	1502679
1219	MF787299	1502677
1219	MF787309	1502679
1220	KJ630938	1502682
1220	MF787317	1502682
1220	MF787318	1502682
1221	FJ001670	590688
1221	FJ001673	590690
1221	FJ001689	590703
1221	FJ001696	590706
1221	FJ001698	590708
1221	KJ788227	1619970
1222	KM495212	1482551
1222	KM495213	3024218
1223	KM521838	1009335
1223	MN381998	119938
1223	MN382052	119938
1224	KP901156	287724
1224	KP901157	1747109
1225	KP901162	1747116
1225	KP901163	1745206
1225	KP901202	1747123
1226	KP901169	1745117
1227	KP901172	1745132
1228	KP901199	1745139
1229	KR083061	1813010
1230	KR083157	527216
1230	KR083160	280016
1230	KR083164	1813055
1230	KR083205	1813056
1230	KR083212	1813057
1230	KR083213	1813057
1230	KR083279	280023
1230	KR083280	280023
1230	KR083281	280023
1230	KR083294	1813069
1230	KR083300	1813070
1230	KR083301	1813094
1230	KR083302	1813094
1230	KR150624	1819799
1230	KR150630	1813065
1231	KR083162	1441791
1232	KR083167	1813048
1232	KR083174	3610
1232	KR083175	3610
1232	KR083186	1813050
1232	KR083200	1813054
1232	KR083215	1813058
1232	KR083319	1037062
1232	KR150626	1821543
1232	KR150627	1821543
1233	KR083182	280019
1233	KR083183	280019
1233	KR083184	280019
1234	KR083192	1813079
1234	KR083237	72169
1234	KR083238	72169
1234	KR083256	1813065
1234	KR083257	3144260
1234	KR083258	3144260
1234	KR083259	1813065
1234	KR083260	1813065
1234	KR083303	1813071
1234	KR083304	1813071
1234	KR083305	1813071
1235	KR083282	280023
1236	KR083286	1813093
1236	KR083297	280025
1236	KR150633	1819800
1236	OM522104	280018
1236	OM522105	280018
1236	OM522106	280018
1236	OM522107	280018
1237	KR364563	1640473
1238	KR704951	1660275
1238	KR704952	1660275
1238	KR704953	1660275
1238	KR704954	1660275
1238	KR704955	1660275
1238	KR704956	1660275
1238	KR704957	1660275
1238	KR704958	1660275
1238	KR704959	1660275
1238	KR704960	1660275
1238	KR704961	1660275
1238	KR704962	1660275
1238	KR704963	1660275
1238	KR704964	1660275
1238	KR704965	1660275
1238	KR704966	1660275
1238	KR704967	1660275
1238	KR704968	1660275
1238	KR704969	1660275
1238	KR704970	1660275
1238	KR704971	1660275
1238	KR704972	1660275
1238	KR704973	1660275
1238	KR704974	1660275
1238	KR704975	1660275
1238	KR704976	1660275
1238	KR704977	1660275
1238	KR704978	1660275
1238	KR704979	1660275
1239	KT735319	122310
1240	HQ859144	985487
1240	HQ859240	985574
1240	KU832364	1829962
1240	KU832406	1829992
1241	KX761280	2027501
1242	KY239244	2058743
1243	KY397482	305361
1244	KY397491	1522193
1245	KY397508	578936
1246	KY968882	159666
1246	KY968893	159666
1246	KY968943	159666
1246	KY968944	13449
1247	KY968932	55843
1247	KY968945	55843
1248	LC090017	282304
1248	MN257847	2600573
1249	LC610875	679021
1250	LC610878	118362
1250	LC610879	118362
1251	AJ626908	191528
1251	AJ626910	262921
1251	AJ626911	262921
1251	AJ626912	262922
1251	AJ626913	262922
1251	AJ626914	262922
1251	AJ626915	262922
1251	LC610873	313334
1251	LC610874	313334
1251	LC610880	118340
1251	LC610881	118340
1251	LC610882	118340
1251	LC610883	118340
1251	LC610884	118340
1251	LC610885	118340
1251	LC610886	118340
1251	LC610887	118340
1251	LC610888	2819675
1251	LC610890	75584
1251	LC610891	49463
1251	LC610892	187153
1251	LC610893	49463
1251	LC610895	187153
1251	PV661553	3019836
1251	PV661555	49163
1252	LC847312	231908
1252	LC847313	231908
1252	LC847314	231908
1252	MT160372	180103
1253	LN607444	125690
1253	LN607519	313980
1253	LN607521	1548628
1253	LN607545	313973
1254	LN607451	1548567
1255	LN607472	1548587
1256	LN607486	313967
1257	LN607537	1548637
1257	LN607544	1548642
1258	LN607569	1231696
1259	LN607585	313940
1260	MF787316	2358447
1261	MH710813	50192
1262	MK184580	1277818
1263	MT160388	198766
1264	MT922672	145517
1265	MT922679	1400654
1266	AY879154	310819
1266	MT922725	2764650
1266	MT922726	546208
1267	MT922730	557658
1268	MZ191013	41522
1269	MZ366410	2338900
1270	KR364560	1672005
1270	MZ663836	2864024
1270	MZ663847	1807087
1270	MZ663849	1807087
1270	MZ663910	2864030
1270	MZ663917	2864028
1270	MZ663919	2864028
1270	MZ663921	2864028
1271	MZ663920	2864028
1272	OP431267	2978250
1272	OP431268	2978250
1272	OP431270	2978250
1272	OP431275	2978250
1272	OP431278	2978250
1272	OP431279	2978250
1272	OP431280	2978250
1272	OP431281	2978250
1273	OP431271	2978250
1274	OP431269	2978250
1274	OP431272	2978250
1274	OP431273	2978250
1274	OP431274	2978250
1274	OP431276	2978250
1274	OP431277	2978250
1275	PV661550	180764
1275	PV661554	3132122
1276	PV900057	99024
1277	PV900218	401942
1278	AF528433	212673
1278	AF528462	212672
1278	AF528463	212681
1278	AF528466	212683
1278	AF528482	212693
1279	AF528494	122537
1280	AY102792	197998
1281	AY879152	310816
1282	AY879155	310820
1282	AY879156	310821
1282	AY879157	310821
1282	AY879158	221194
1282	AY879159	310822
1282	AY879160	310823
1282	AY879161	221204
1282	AY879164	221208
1282	AY879165	221208
1282	AY879166	310824
1282	AY879167	310824
1282	AY879168	310824
1282	AY879169	310825
1282	AY879170	310825
1282	AY879173	310826
1282	AY879174	310826
1282	AY879175	310830
1282	AY879176	310831
1282	AY879177	310832
1282	AY879178	310833
1282	AY879179	310828
1282	AY879180	310828
1282	AY879181	310828
1282	AY879182	310829
1282	MT922794	1571142
1282	MT922795	1571142
1283	DQ154055	346561
1283	DQ154056	346562
1284	DQ154057	346563
1284	DQ154058	346564
1285	DQ154076	191075
1286	DQ154086	346592
1287	DQ377522	371649
1287	EF025105	371649
1287	EF025108	371649
1288	AF528489	122540
1288	DQ451755	379649
1288	DQ451776	379114
1288	DQ451794	122540
1288	DQ451795	379120
1289	EF108398	415156
1289	FJ697044	176609
1289	FJ697045	176609
1289	FJ697053	619252
1290	EF108404	183085
1291	EF635481	199286
1291	EF635483	199277
1291	EF660542	199285
1292	EU352249	508685
1292	EU352253	508685
1293	AY552159	280737
1293	DQ154060	346566
1293	EU661436	550759
1293	EU661442	550764
1293	EU661443	550765
1293	EU661445	550767
1294	EU841171	516731
1295	EU841172	516718
1295	EU841176	516719
1296	EU841177	1892802
1297	FJ037840	597422
1298	FJ696963	185195
1299	FJ696966	619229
1300	FJ696967	619249
1300	FJ696968	619250
1300	FJ696969	619250
1300	FJ696970	619232
1300	FJ696971	619232
1301	FJ697000	619241
1301	FJ697001	619241
1301	FJ697002	619241
1301	FJ697018	619245
1301	FJ697019	619245
1301	FJ697020	619245
1301	FJ697021	619245
1301	FJ697022	619257
1301	FJ697023	619257
1301	FJ697024	619257
1301	FJ697025	619257
1301	FJ697026	619257
1301	FJ697027	619262
1301	FJ697028	619262
1301	FJ697030	619230
1301	FJ697031	619235
1301	FJ789805	627153
1301	FJ789806	627153
1302	FJ697039	619236
1302	FJ697041	619236
1302	FJ697042	619236
1303	FJ697046	619263
1303	FJ697047	619263
1303	FJ697048	619259
1303	FJ697049	619259
1303	FJ697050	619259
1303	FJ697051	619234
1303	FJ697052	619234
1303	FJ697054	619252
1304	FJ697056	619233
1304	FJ697057	619233
1304	FJ697058	619256
1304	FJ697059	619256
1305	GQ396674	282542
1306	GQ889012	485366
1307	HG004843	1341792
1308	HM116995	796004
1309	HQ456263	929399
1309	HQ456271	929400
1309	MT922834	261649
1309	MT922839	41653
1309	PV900314	285208
1310	HQ858912	985291
1310	HQ858941	985313
1310	HQ858947	985319
1310	HQ858948	985319
1310	HQ858956	985324
1310	HQ859019	985369
1310	HQ859057	985404
1310	HQ859062	985410
1310	HQ859242	643571
1310	HQ859275	985605
1310	HQ859296	985626
1310	HQ859336	985658
1310	HQ859337	985658
1310	KP737538	1643850
1310	KP737587	985501
1310	KU832341	1829947
1310	KU832347	1829976
1310	KU832355	1829955
1310	KU832408	1829993
1310	KU832412	985404
1310	KU832413	985404
1310	KU832422	1830004
1310	KU832428	1830009
1310	KU832437	1830015
1310	KU832444	1830019
1310	KU832464	985481
1310	KU832480	1830044
1310	KU832494	1830054
1310	KU832500	1830057
1310	KU832529	1830169
1310	KU832530	1830170
1310	KU832531	1830171
1310	KU832556	1830094
1310	KU863007	985291
1310	PV173776	3350520
1310	PV173779	3350520
1310	PV173780	985481
1310	PV173781	3350520
1310	PV173782	3350520
1310	PV173783	3350520
1310	PV173785	3350520
1310	PV173786	3037752
1310	PV173790	3350520
1310	PV173791	3350520
1310	PV173793	1830044
1310	PV173795	3350520
1310	PV173797	3350520
1310	PV173798	3350520
1310	PV173799	3350520
1310	PV173800	3350520
1310	PV434874	1829955
1310	PV434876	1829955
1310	PV434877	3350520
1311	HQ858936	985309
1311	HQ858937	985309
1311	HQ859270	985600
1311	KU832431	1830011
1311	KU832473	1830039
1311	KU832546	1830085
1312	HQ858950	985321
1312	HQ858951	985321
1312	HQ859317	985643
1313	HQ858909	985290
1313	HQ858964	985329
1313	HQ859077	985428
1314	HQ859056	985403
1314	HQ859158	985497
1315	HQ859181	985518
1315	HQ859263	985594
1315	KU832495	985518
1315	PV173806	3401553
1316	HQ858925	985300
1316	HQ858968	985332
1316	HQ859095	985440
1316	HQ859106	985452
1316	HQ859107	985452
1316	HQ859120	985466
1316	HQ859136	985482
1316	HQ859137	985482
1316	HQ859172	985511
1316	HQ859251	985582
1316	HQ859280	985610
1316	HQ859290	985621
1316	HQ859298	985628
1316	HQ859325	985649
1316	KP737563	985440
1316	KU832438	1830016
1316	KU832547	985628
1316	KU832548	1830086
1316	KU832563	985649
1317	HQ859075	985426
1317	HQ859098	985443
1317	HQ859099	985443
1317	HQ859321	985644
1318	JF893868	112387
1318	JF893869	1048580
1318	JF893870	1048582
1318	JF893871	112349
1318	JF893874	1048585
1318	JF893875	1048586
1318	KC847573	1465801
1319	JF893872	1048584
1320	JF893873	112369
1321	JF893882	112351
1322	JF893884	541166
1323	AF328801	172222
1323	AF328802	172222
1323	AF328804	72164
1323	AF328806	172229
1323	AF328808	172229
1323	AF328809	172229
1323	AF328811	172227
1323	AF328812	172228
1323	AF328815	172224
1323	AF328821	106694
1323	KC633884	172229
1323	KC633885	1324434
1323	KC633890	1237775
1323	KC633895	1324442
1323	KC633899	1324453
1323	KC633905	1324438
1323	KC633907	1324435
1323	KC633912	1324437
1324	KC633887	1324452
1324	KC633913	1324459
1324	KC633914	1324433
1325	KC899278	28483
1325	KC899279	28483
1325	KC899280	28483
1325	KC899281	28483
1325	KC899282	28483
1325	KC899283	28483
1325	KC899284	28483
1325	KC899285	28483
1325	KC899286	28483
1325	KC899287	28483
1325	KC899288	28483
1325	KC899289	28483
1325	KC899290	28483
1325	KC899291	28483
1325	KC899292	28483
1325	KC899293	28483
1325	KC899294	28483
1325	KC899295	28483
1325	KC899296	28483
1325	KC899297	28483
1325	KC899298	28483
1325	KC899299	28483
1325	KC899300	28483
1325	KC899301	28483
1325	KC899302	28483
1325	KC899303	28483
1325	KC899304	28483
1325	KC899305	28483
1325	KC899306	28483
1325	KC899307	28483
1325	KC899308	28483
1325	KC899309	28483
1325	KC899310	28483
1325	KC899311	28483
1325	KC899312	28483
1325	KC899313	28483
1325	KC899314	28483
1325	KC899315	28483
1325	KC899316	28483
1325	KC899317	28483
1325	KF873547	28483
1325	KF873548	28483
1325	KF873549	28483
1325	KF873550	28483
1325	KF873551	28483
1325	KF873552	28483
1325	KF873553	28483
1325	KF873554	28483
1325	KF873555	28483
1325	KF873556	28483
1325	KF873557	28483
1325	KF873558	28483
1325	KF873559	28483
1325	KF873560	28483
1325	KF873561	28483
1325	KF873562	28483
1325	KF873563	28483
1325	KF873564	28483
1325	KF873565	28483
1325	KF873566	28483
1325	KF873567	28483
1325	KF873568	28483
1325	KF873569	28483
1325	KF873570	28483
1325	KF873571	28483
1325	KF873572	28483
1325	KF873573	28483
1325	KF873574	28483
1325	KF873575	28483
1325	KX351271	28483
1325	KX351272	28483
1325	KX351273	28483
1325	KX351274	28483
1325	KX351275	28483
1325	KX351276	28483
1325	KX351277	28483
1325	KX351278	28483
1325	KX351279	28483
1325	KX351280	28483
1325	KX351281	28483
1325	KX351282	28483
1325	KX351283	28483
1325	KX351284	28483
1325	KX351285	28483
1325	KX351286	28483
1325	KX351287	28483
1325	KX425644	28483
1325	KX425645	28483
1325	KX425646	28483
1325	KX425647	28483
1325	KX425648	28483
1325	KX425649	28483
1325	KX425650	28483
1325	KX425651	28483
1325	KX425652	28483
1325	KX425653	28483
1325	KX425654	28483
1325	KX425655	28483
1325	KX425656	28483
1325	KX425657	28483
1325	KX425658	28483
1325	KX425659	28483
1325	KX425660	28483
1325	KX425661	28483
1325	KX425662	28483
1325	KX425663	28483
1325	KX425664	28483
1325	KX425665	28483
1325	KX425666	28483
1325	KX425667	28483
1325	KX425668	28483
1325	KX425669	28483
1325	KX425670	28483
1325	KX425671	28483
1325	KX425672	28483
1325	KX425673	28483
1325	KX425674	28483
1325	KX425675	28483
1325	KX425676	28483
1325	KX425677	28483
1325	KX425678	28483
1325	KX425679	28483
1325	KX425680	28483
1325	KX425681	28483
1325	KX425682	28483
1325	KX425683	28483
1325	KX425684	28483
1325	KX425685	28483
1325	KX425686	28483
1325	KX425687	28483
1325	KX425688	28483
1325	KX425689	28483
1325	KX425690	28483
1325	KX425691	28483
1325	KX425692	28483
1325	KX425693	28483
1325	KX425694	28483
1325	KX425695	28483
1325	KX425696	28483
1325	KX425697	28483
1325	KX425698	28483
1325	KX425699	28483
1325	KX425700	28483
1325	KX425701	28483
1325	KX425702	28483
1325	KX425703	28483
1325	KX425704	28483
1325	KX425705	28483
1325	KX425706	28483
1325	KX425707	28483
1325	KX425708	28483
1325	KX425709	28483
1325	KX425710	28483
1325	KX425711	28483
1325	KX425712	28483
1325	KX425713	28483
1325	KX425714	28483
1325	KX425715	28483
1325	KX425716	28483
1325	KX425717	28483
1325	KX425718	28483
1325	KX425719	28483
1325	KX425720	28483
1325	KX425721	28483
1325	KX425722	28483
1325	KX425723	28483
1325	KX425724	28483
1325	KX425725	28483
1325	KX425726	28483
1325	KX425727	28483
1325	KX425728	28483
1325	KX425729	28483
1325	KX425730	28483
1325	KX425731	28483
1325	KX425732	28483
1325	KX425733	28483
1325	KX425734	28483
1325	KX425735	28483
1325	KX425736	28483
1325	KX425737	28483
1325	KX425738	28483
1325	KX425739	28483
1325	KX425740	28483
1325	KX425741	28483
1325	KX425742	28483
1325	KX425743	28483
1325	KX425744	28483
1325	KX425745	28483
1325	KX425746	28483
1325	KX425747	28483
1325	KX425748	28483
1325	KX425749	28483
1325	KX425750	28483
1325	KX425751	28483
1325	KX425752	28483
1325	KX425753	28483
1325	KX425754	28483
1325	KX425755	28483
1325	KX425756	28483
1325	KX425757	28483
1325	KX425758	28483
1325	KX425759	28483
1325	KX425760	28483
1325	KX425761	28483
1325	KX425762	28483
1325	KX425763	28483
1325	KX425764	28483
1325	KX425765	28483
1325	KX425766	28483
1325	KX425767	28483
1325	KX425768	28483
1325	KX425769	28483
1325	KX425770	28483
1325	KX425771	28483
1325	KX425772	28483
1325	KX425773	28483
1325	KX425774	28483
1325	KX425775	28483
1325	KX425776	28483
1325	KX425777	28483
1325	KX425778	28483
1325	KX425779	28483
1325	KX425780	28483
1325	KX425781	28483
1325	KX425782	28483
1325	KX425783	28483
1325	KX425784	28483
1325	KX425785	28483
1325	KX425786	28483
1325	KX425787	28483
1325	KX425788	28483
1325	KX425789	28483
1325	KX425790	28483
1325	KX425791	28483
1325	KX425792	28483
1325	KX425793	28483
1325	KX425794	28483
1325	KX425795	28483
1325	KX425796	28483
1325	KX425797	28483
1325	KX425798	28483
1325	KX425799	28483
1325	KX425800	28483
1325	KX425801	28483
1325	KX425802	28483
1325	KX425803	28483
1325	KX425804	28483
1325	KX425805	28483
1325	KX425806	28483
1325	KX425807	28483
1325	KX425808	28483
1325	KX425809	28483
1325	KX425810	28483
1325	KX425811	28483
1325	KX425812	28483
1325	KX425813	28483
1325	KX425814	28483
1325	KX425815	28483
1325	KX425816	28483
1325	KX425817	28483
1325	KX425818	28483
1325	KX425819	28483
1325	KX425820	28483
1325	KX425821	28483
1325	KX425822	28483
1325	KX425823	28483
1325	KX425824	28483
1325	KX425825	28483
1325	KX425826	28483
1325	KX425827	28483
1325	KX425828	28483
1325	KX425829	28483
1325	KX425830	28483
1325	KX425831	28483
1325	KX425832	28483
1325	KX425833	28483
1325	KX425834	28483
1326	KJ777183	162753
1326	KJ777185	1616043
1326	KJ777188	1616044
1326	KJ777189	1616045
1327	KP856178	223868
1327	PV900075	324798
1327	PV900077	324798
1327	PV900078	324798
1327	PV900127	1027791
1328	KP901145	1744993
1328	KP901146	1744994
1328	KP901147	1744995
1328	KP901151	1745000
1328	KP901155	1745020
1328	KP901174	1747122
1328	KP901175	1745149
1328	KP901176	1747124
1328	KP901177	1747125
1329	KP901159	1745028
1329	KP901168	1747115
1330	KP901166	1745100
1331	KP901186	1745180
1332	KP901188	1744986
1332	KP901201	1747106
1333	KP901189	1745183
1334	KR083081	106704
1335	KR083088	1158817
1336	KR083095	1619561
1337	KR150143	4222
1337	KY397481	4222
1338	KR150159	1727896
1339	KX057897	53923
1340	KX057899	346974
1340	MN114128	126820
1340	MN257788	2600522
1340	MN257790	2600523
1340	MN257795	2600524
1340	MN257850	2600525
1340	MN257855	2600500
1340	MN264654	2601745
1341	KX761263	2027506
1342	KX786515	1202422
1342	KX786516	1202425
1342	MF353622	2231807
1342	MF353623	2231808
1342	MF353632	2231829
1343	KY306580	162783
1344	KY306587	327905
1345	KY387916	904458
1346	KY397479	1954286
1347	KY397493	1721061
1347	KY397500	301880
1348	KY696289	81506
1349	KY968828	50193
1350	KY968883	346951
1350	MN264653	2601732
1350	MZ191034	126820
1351	KY968957	208863
1352	LC656563	1751285
1352	MH710804	453958
1352	MT922728	557642
1353	LN607418	81867
1353	LN607419	81504
1354	KR350162	1676831
1354	MF944355	2058585
1355	MK034054	1898450
1356	MK356195	131149
1356	MK356196	131149
1357	MN114137	2588163
1358	KX057846	1977551
1358	MN257660	2600521
1358	MN264655	1977557
1359	MF468202	204149
1359	MN257765	72402
1359	MN257828	72402
1360	MN852285	2688176
1361	MT922656	99082
1362	MT922662	75635
1363	MZ191015	99037
1364	PP447375	745669
1365	PP447390	1210479
1366	PV485429	861410
1366	PV485430	861410
1366	PV485431	861410
1367	PV900248	463590
1368	PV900278	1548317
1369	PV901253	273621
1369	PZ036642	3687116
1369	PZ036647	3687116
1370	PV901521	409512
1371	PX622882	630299
1372	AF328810	172233
1372	KC633892	1324457
1372	KC633900	1324448
1373	AF328813	172223
1373	KC633904	1324449
1374	AF328817	172225
1374	KC633902	1324439
1374	KC633903	1324454
1375	AF528448	212677
1375	AF528449	212677
1376	AF528487	212689
1376	DQ451778	379117
1377	AF528488	212687
1377	DQ451756	379620
1377	DQ451761	212687
1377	DQ451764	379624
1377	DQ451765	379115
1377	DQ451772	379113
1378	AY137315	217120
1379	AY552129	280721
1379	AY552130	280721
1380	AY552140	346568
1380	DQ154062	346568
1380	DQ154064	346570
1380	EF025104	419397
1381	DQ154093	346601
1381	DQ154094	346601
1382	DQ246670	13425
1383	DQ246671	233677
1384	DQ246681	233710
1384	DQ246683	233712
1384	FJ037876	233710
1385	DQ451771	58660
1385	DQ451773	379625
1385	KM589256	1639343
1385	KM589257	1639344
1385	KM589258	1639343
1385	KM589259	1053362
1385	KM589260	1053362
1385	KM589261	379630
1385	KM589262	1638921
1385	KM589263	379630
1385	KM589264	1053362
1385	KM589265	379630
1385	KM589266	379630
1385	KM589267	1639343
1385	KM589268	1053362
1385	KM589269	1053362
1385	KM589270	1639344
1385	KM589271	1053362
1385	KM589272	1639343
1385	KM589273	1053362
1385	KM589274	1639343
1385	KM589275	379630
1385	KM589276	1639343
1385	KM589277	1053362
1385	KM589278	379630
1385	KM589279	1053362
1386	DQ451809	379639
1387	DQ787418	397185
1388	DQ837371	397274
1389	DQ861633	43907
1390	DQ985628	416626
1390	DQ985629	416626
1390	DQ985635	416629
1390	JQ730135	130523
1391	DQ985624	416624
1391	DQ985625	416624
1391	DQ985639	416631
1391	DQ985640	416631
1391	JQ730134	416624
1392	EF025109	419399
1393	EF107649	51260
1393	KY968840	42337
1393	KY968876	42337
1393	KY968897	42337
1393	KY968935	51260
1393	LC653147	297359
1394	EF107654	415508
1394	EF108397	72917
1394	KY968841	212787
1394	MF440596	72917
1394	MT922707	91246
1395	EF108392	415154
1396	EF108394	318057
1397	EF108400	318063
1397	EU352242	493360
1397	MH712626	2292109
1398	EF114672	90037
1398	MH712636	2292153
1399	EF635482	450844
1399	EF660540	174452
1399	EF660541	453354
1399	EU169118	476448
1399	EU331142	490652
1400	EF635487	199274
1400	EU331139	490649
1400	EU331140	490650
1400	EU331141	490651
1400	EU331143	490653
1401	EF635478	450843
1401	EF660532	453352
1401	EF660533	453350
1401	EF660534	453353
1401	EF660539	453351
1402	EU331099	490655
1402	EU886843	490655
1403	EU331138	490648
1404	EU816741	396661
1405	EU841166	41633
1406	FJ037799	173699
1407	FJ037880	597379
1407	FJ037881	597379
1408	FJ518871	587556
1408	FJ518877	587561
1408	FJ518880	587564
1408	FJ518892	587576
1409	FJ518876	587560
1409	FJ518878	587562
1409	FJ518883	587573
1410	FJ518881	587566
1410	FJ518884	587574
1411	FJ518901	587581
1412	FJ696703	675862
1413	FJ696972	619244
1413	FJ696973	619244
1413	FJ696974	619244
1414	FJ697040	619236
1414	FJ697043	619236
1415	FJ947107	267242
1415	FJ947108	267253
1415	FJ947109	267242
1415	FJ947110	267242
1415	FM164423	74635
1415	FM164424	74635
1415	FM164946	74636
1415	FM164947	74636
1415	FM164948	291166
1415	FM164949	291166
1415	FM164950	291166
1415	KY321081	321565
1415	MT358870	2728881
1415	OP491881	74635
1416	FJ985191	128900
1416	FJ985192	128902
1416	FJ985193	128902
1416	FJ985194	128900
1416	FJ985195	128903
1416	FJ985196	128893
1416	FJ985197	128897
1416	FJ985198	128897
1416	FJ985199	128896
1416	FJ985200	128902
1416	FJ985201	128902
1416	FJ985202	128900
1416	FJ985203	128900
1416	FJ985204	128902
1416	FJ985205	128902
1416	FJ985206	128900
1416	FJ985207	128902
1416	FJ985208	128902
1416	FJ985209	128902
1416	FJ985210	128897
1416	FJ985211	128903
1416	FJ985212	128897
1416	FJ985213	128900
1416	FJ985214	128900
1416	FJ985215	128902
1416	FJ985216	128902
1416	FJ985217	128900
1416	FJ985218	128900
1416	FJ985219	128900
1416	FJ985220	128900
1416	FJ985221	128902
1417	HM116962	795986
1418	HM116996	346986
1419	HQ142622	72941
1420	HQ142623	71039
1421	HQ858981	985342
1421	KU832478	1830043
1422	HQ858928	985301
1422	HQ858940	985312
1422	HQ859003	985358
1422	HQ859004	985358
1422	HQ859007	985361
1422	HQ859014	985366
1422	HQ859039	985388
1422	HQ859089	985437
1422	HQ859102	985447
1422	HQ859111	985457
1422	HQ859151	985494
1422	HQ859183	985521
1422	HQ859273	985603
1422	HQ859289	985620
1422	KU832397	1829982
1422	KU832439	1641076
1422	KU832452	1829960
1422	KU832482	1830045
1422	KU832496	985521
1422	KU832559	1830096
1423	HQ858896	985277
1423	HQ858898	985279
1423	HQ858906	985288
1423	HQ858935	985307
1423	HQ858938	985310
1423	HQ858952	985322
1423	HQ858957	985325
1423	HQ858980	985341
1423	HQ858987	985348
1423	HQ858995	985354
1423	HQ859026	985375
1423	HQ859027	985376
1423	HQ859028	985377
1423	HQ859029	985377
1423	HQ859031	985379
1423	HQ859032	985381
1423	HQ859036	985384
1423	HQ859037	985385
1423	HQ859044	985393
1423	HQ859045	985393
1423	HQ859046	1829991
1423	HQ859059	985406
1423	HQ859065	985415
1423	HQ859066	985416
1423	HQ859067	985417
1423	HQ859070	985420
1423	HQ859076	985427
1423	HQ859081	985431
1423	HQ859085	270436
1423	HQ859086	270436
1423	HQ859090	985438
1423	HQ859097	985442
1423	HQ859101	985446
1423	HQ859105	985450
1423	HQ859108	985453
1423	HQ859110	985456
1423	HQ859112	985458
1423	HQ859122	985468
1423	HQ859138	985483
1423	HQ859140	985485
1423	HQ859141	985485
1423	HQ859142	985485
1423	HQ859146	985490
1423	HQ859160	985499
1423	HQ859171	985510
1423	HQ859179	985517
1423	HQ859184	985523
1423	HQ859187	985526
1423	HQ859188	985526
1423	HQ859197	985534
1423	HQ859201	985539
1423	HQ859209	985548
1423	HQ859210	985549
1423	HQ859217	985553
1423	HQ859220	985558
1423	HQ859225	985561
1423	HQ859226	985562
1423	HQ859243	985576
1423	HQ859252	985583
1423	HQ859254	985585
1423	HQ859261	985592
1423	HQ859265	985596
1423	HQ859271	985601
1423	HQ859272	985602
1423	HQ859294	985625
1423	HQ859301	985631
1423	HQ859309	270448
1423	HQ859310	270448
1423	HQ859324	985648
1423	HQ859340	985660
1423	KF160923	1483562
1423	KU832348	1829951
1423	KU832353	1829954
1423	KU832356	1829956
1423	KU832363	1829961
1423	KU832371	985341
1423	KU832391	1829977
1423	KU832395	1829980
1423	KU832398	1829983
1423	KU832418	985420
1423	KU832423	1830005
1423	KU832434	1830013
1423	KU832449	1830022
1423	KU832451	1830024
1423	KU832458	985466
1423	KU832466	1830034
1423	KU832498	1830055
1423	KU832542	985625
1423	KU832575	1830105
1423	KU863009	985645
1423	PV173809	3350520
1423	PV173810	3350520
1423	PV173811	3350520
1424	HQ859074	985425
1424	HQ859227	985563
1424	KU832383	1829972
1424	KU832384	1829972
1425	HQ858910	270431
1425	HQ858911	270431
1425	HQ858966	985331
1425	HQ859104	985449
1425	HQ859109	985455
1425	HQ859127	985473
1425	HQ859155	985495
1425	HQ859159	985498
1425	HQ859161	985500
1425	HQ859308	709981
1425	HQ859314	985495
1425	KP737520	270431
1425	KP737521	270431
1425	KP737522	270431
1425	KP737523	270431
1425	KP737524	270431
1425	KP737525	270431
1425	KP737526	270431
1425	KP737527	270431
1425	KP737528	270431
1425	KP737529	270431
1425	KP737530	270431
1425	KP737531	270431
1425	KP737532	270431
1425	KP737586	985495
1425	KP737625	1644078
1425	KU832358	985323
1425	KU832360	1829958
1425	KU832441	985441
1425	KU832481	985495
1425	KU832506	1830061
1425	KU832572	985658
1426	HQ858894	985275
1426	HQ858905	985287
1426	HQ859012	985365
1426	HQ859013	476171
1426	HQ859053	985401
1426	HQ859068	985418
1426	HQ859221	985556
1426	HQ859278	985608
1426	HQ859302	985632
1426	HQ859341	985661
1426	KU832332	985275
1426	KU832333	985275
1426	KU832342	1829948
1426	KU832351	985313
1426	KU832390	1833896
1426	KU832402	1829988
1426	KU832417	985418
1426	KU832453	1830025
1426	KU832487	1830048
1426	KU832510	985556
1426	KU832517	1830070
1426	KU832553	1830091
1426	KU832554	1830092
1426	KU832555	1830093
1426	KU832565	1830099
1427	JF893878	112398
1428	JF893881	112347
1428	JF893885	112353
1429	FJ527608	588207
1429	HM116982	183244
1429	JQ609255	596493
1430	KC633886	1324460
1430	KC633893	1324436
1431	KF923165	377451
1432	KJ777207	162777
1433	KM051444	366670
1434	KP737515	13479
1435	HQ859318	270446
1435	HQ859319	270446
1435	KP737579	270439
1435	KP737580	270439
1435	KP737581	270439
1435	KP737582	270439
1435	KP737628	270446
1435	KP737629	270446
1436	KP901143	1747141
1437	KP901144	1747142
1438	KP901164	1747114
1439	KP901154	1745018
1439	KP901173	1745136
1440	KP901153	1745011
1440	KP901187	1747128
1441	KR083053	1812987
1442	KR083063	54780
1443	HQ859207	985546
1443	KU832336	985546
1443	KU832505	985546
1443	KU832545	1830084
1444	HQ858900	985282
1444	KU832354	985315
1444	KU832369	1829965
1444	KU832370	1829965
1444	KU832403	1829989
1444	KU832404	1829989
1445	HQ858907	476169
1445	HQ858908	985289
1445	HQ858913	985292
1445	HQ858930	270761
1445	HQ858953	985323
1445	HQ858954	985323
1445	HQ858955	985323
1445	HQ858965	985331
1445	HQ858967	985331
1445	HQ858982	985343
1445	HQ858992	985353
1445	HQ859005	985359
1445	HQ859069	985419
1445	HQ859096	985441
1445	HQ859156	985641
1445	HQ859166	985505
1445	HQ859186	985525
1445	HQ859258	985589
1445	HQ859276	985606
1445	HQ859287	985618
1445	KP737541	985331
1445	KU832345	270761
1445	KU832414	985404
1445	KU832475	1830041
1445	KU832490	1830051
1445	KU832527	1830075
1445	KU832534	985606
1445	KU832537	985618
1445	KU832544	1830083
1445	KU832552	1830089
1445	PV173801	3401549
1445	PV173804	3401552
1446	KX057902	1977557
1446	MN114129	72401
1447	KY306631	162859
1447	MG949307	2185242
1448	KY397478	1954285
1449	KY397488	152196
1449	KY397489	1436921
1449	KY397511	125667
1450	KY397502	125766
1451	KY397510	1574620
1452	KY417948	53204
1453	KY421909	151877
1454	KY968880	51269
1454	KY968892	51269
1454	KY968965	51269
1455	KY968948	53588
1456	KY968958	51269
1457	LC090016	71234
1458	LC489183	264650
1458	LC489184	264651
1458	LC489185	264649
1459	MF543784	49078
1459	MF543785	49078
1459	MF543786	49078
1459	MF543787	49078
1459	MF543788	49078
1459	MF543789	49078
1459	MF543790	49078
1459	MF543791	49078
1460	MG949318	2185238
1461	MH535127	2592568
1461	MH535128	2592568
1461	MH535129	2592568
1461	MH535130	2592568
1461	MH535185	2592568
1462	MH710772	1898860
1463	MH712641	2292154
1463	PV900306	1522243
1463	PV900312	50225
1464	MN257731	2600418
1464	MN257732	2600419
1464	MN257735	2600420
1464	MN257738	2600421
1465	MN257758	2600491
1466	MN396794	2014795
1467	MT774598	1241113
1467	MT774647	2748597
1467	MT774655	2748602
1467	MT774664	2748599
1467	MT774704	1241017
1468	MT922650	669631
1469	MT923117	226051
1469	MT923162	3730
1469	MT923163	203579
1470	MZ191014	99037
1471	OL584022	573717
1471	OL584023	573717
1471	OL584024	573717
1471	OL584025	573717
1471	OL584026	573717
1471	OL584027	573717
1471	OL584028	573721
1471	OR162604	3055764
1471	OR162605	1534477
1472	ON261402	2936324
1473	OP431194	2136676
1473	OP431195	2136676
1473	OP431196	2136676
1473	OP431212	2978234
1473	OP431241	2978244
1473	OP431334	2978178
1474	OP431214	2978235
1475	OP431219	2978238
1476	OP431246	2136473
1476	OP431247	2136473
1476	OP431248	2136473
1477	OP431256	2978248
1477	OP431257	2978248
1478	OP431303	2978151
1478	OP431304	2978152
1478	OP431306	2978154
1478	OP431307	2978155
1479	OP431363	2978148
1480	OR162606	3055766
1481	OR162607	209086
1482	PP456696	3126678
1483	PP764804	3144441
1483	PP764805	3144441
1484	PV900300	261619
1484	PV900303	261629
1485	PV900307	268104
1486	PV900398	203570
1487	PV900866	194564
1487	PV900870	194564
1488	PZ111911	463324
1489	AB981680	1534740
1489	AB981682	1534740
1489	AB981683	1534740
1489	AB981684	1534740
1489	AB981686	1534740
1489	AB981692	1534740
1489	AB981693	1534740
1489	AB981694	1534740
1489	AB981695	1534740
1489	AB981696	1534740
1489	AB981698	1534740
1489	AB981701	1534740
1489	AB981702	1534740
1489	AB981704	1534741
1489	AB981705	1534741
1489	AB981706	1534741
1489	AB981707	1534742
1489	AB981708	1534742
1489	AB981709	1534742
1490	AF328816	172231
1491	AF328818	172230
1492	AF328819	172226
1493	AF328827	106712
1494	AF328833	106687
1495	AF328834	48245
1495	AF328835	72170
1495	KR083062	54778
1496	AF528491	174463
1496	DQ451796	174463
1497	AJ626905	45902
1498	AJ626909	262921
1499	AY552110	550778
1499	AY552123	280717
1499	AY552133	550757
1499	EU661449	550776
1500	AY552112	280710
1501	AY552122	441510
1501	AY552132	441511
1502	AY552156	278667
1502	MZ468557	278667
1503	AY695595	155640
1503	FJ518900	155640
1503	KP675777	155640
1503	KP675778	155640
1503	KP675779	155640
1503	KP675780	155640
1503	KP675781	155640
1503	KP675782	155640
1503	KP675783	155640
1503	KP675786	155640
1503	KP675787	155640
1503	KP675788	155640
1503	KP675791	155640
1503	KP675792	155640
1503	KP675793	155640
1503	KP675794	155640
1503	KP675795	155640
1504	AY552104	280704
1504	AY552105	280705
1504	AY552144	233738
1504	AY552145	280704
1504	AY552146	280730
1504	AY552149	280731
1504	DQ154069	346576
1504	DQ154072	346579
1504	DQ154075	346582
1504	DQ154082	346588
1504	EF025091	346571
1504	EF025093	419390
1504	EF025097	419392
1504	EF025098	419393
1504	EF025102	419396
1504	EF025103	419396
1505	DQ154077	1085482
1506	DQ451801	379636
1506	DQ451802	379636
1507	DQ451820	122557
1508	DQ451822	379615
1509	AF528495	212691
1509	DQ451823	122547
1510	EF025089	419386
1511	EF107657	415506
1512	EF206702	261444
1513	EU352243	493363
1513	EU352244	174451
1513	EU352245	493364
1514	EU352246	493361
1515	FJ518886	587567
1515	FJ518887	587568
1516	FJ518874	587558
1516	FJ518888	587569
1516	FJ518889	587570
1516	KX000302	1839789
1517	FJ696989	619238
1518	FJ697003	183048
1518	FJ697004	183048
1518	FJ697005	183048
1518	FJ697006	579918
1518	FJ697007	579918
1518	FJ697008	579918
1518	FJ697009	619231
1518	FJ697010	619231
1518	FJ697011	619231
1518	FJ697012	619231
1518	FJ697013	619231
1518	FJ697014	579919
1518	FJ697015	579919
1518	FJ697016	579920
1519	HG004846	1341719
1520	HG004868	1346573
1521	HG004871	1341771
1522	HM116972	463659
1523	HQ142575	669837
1523	HQ142576	330185
1523	HQ142577	72976
1523	HQ142578	996325
1523	HQ142579	996324
1523	HQ142580	471154
1523	HQ142581	471148
1523	HQ142582	330182
1523	HQ142583	471151
1523	HQ142584	330184
1523	HQ142585	691052
1523	HQ142586	199523
1523	HQ142587	996327
1523	HQ142588	511490
1523	HQ142589	691053
1523	HQ142590	3037135
1523	HQ142591	59297
1523	HQ142592	330183
1523	HQ142593	330183
1523	HQ142594	330183
1523	HQ142595	330183
1523	HQ142596	471149
1523	HQ142597	691049
1523	HQ142598	199520
1523	HQ142599	471150
1523	HQ142600	471152
1523	HQ142601	471152
1523	HQ142602	471153
1523	HQ142603	199521
1523	HQ142604	691051
1523	HQ142605	691051
1523	HQ142606	691051
1523	HQ142607	691051
1523	HQ142608	691051
1523	HQ142609	691051
1523	HQ142610	691051
1523	HQ142611	691051
1523	HQ142612	691051
1523	HQ142613	691051
1523	HQ142614	691051
1523	HQ142615	691051
1523	HQ142616	691051
1523	HQ142617	691051
1523	HQ142618	691051
1523	HQ142619	691051
1523	HQ142620	691051
1523	HQ142621	691051
1523	KY968900	59297
1524	HQ858902	985284
1525	HQ858895	985276
1525	HQ858901	985283
1525	HQ858903	985285
1525	HQ858904	985286
1525	HQ858923	985298
1525	HQ858985	985346
1525	HQ859018	985369
1525	HQ859020	985370
1525	HQ859034	985383
1525	HQ859035	985383
1525	HQ859054	985402
1525	HQ859055	985402
1525	HQ859180	985519
1525	HQ859231	985569
1525	HQ859232	985569
1525	HQ859233	985569
1525	HQ859234	985570
1525	HQ859259	985590
1525	KU832374	985346
1525	KU832396	1829981
1525	KU832400	1829985
1525	KU832433	1830012
1525	KU832486	985501
1525	KU832511	1830066
1525	KU832540	1830080
1526	HQ858915	985294
1526	HQ858969	270430
1526	HQ858979	985340
1526	HQ859025	985374
1526	HQ859030	985378
1526	HQ859048	985396
1526	HQ859079	985662
1526	HQ859103	985448
1526	HQ859115	985461
1526	HQ859116	985462
1526	HQ859133	985480
1526	HQ859134	985480
1526	HQ859170	985509
1526	HQ859255	985586
1526	KU832352	1829953
1526	KU832366	1829963
1527	HQ859164	985503
1527	HQ859195	985533
1527	HQ859196	985533
1527	HQ859299	985629
1528	HQ858917	985295
1528	HQ858989	985350
1528	HQ858998	985356
1528	HQ859038	985387
1528	HQ859078	985429
1528	HQ859143	985486
1528	HQ859163	985502
1528	HQ859167	985506
1528	HQ859241	985575
1528	HQ859267	985598
1528	HQ859282	985612
1528	HQ859305	985635
1528	KU832337	985288
1528	KU832519	985575
1529	HQ859208	985547
1529	HQ859264	985595
1529	HQ859315	270762
1530	HQ858934	985306
1530	HQ859281	985611
1530	KU832346	985305
1530	KU832377	1829968
1531	JF893880	378861
1532	JQ230332	1125368
1532	PP456695	152715
1533	JQ730101	1160573
1534	JX313373	1148083
1535	JX987541	209613
1535	JX987542	209613
1536	KC633889	1324446
1536	KC633909	1324451
1536	KC633910	1324451
1536	KC633911	1324443
1537	KJ630934	1502681
1537	KJ630935	1502681
1537	KJ630936	1502681
1537	KP185119	1663722
1537	MF787298	1502677
1537	MF787301	2358446
1537	MF787303	1312767
1537	MF787304	1312767
1537	MF787305	2358445
1538	KP858796	1785666
1539	KR083083	1812995
1540	KR083091	1812997
1541	KR534439	1720467
1542	HQ858962	985328
1542	HQ859047	985395
1542	HQ859128	985474
1542	HQ859203	985543
1542	KU832484	1585248
1543	KY417935	504559
1544	KY417933	53205
1544	KY417940	4300
1544	KY417941	1006183
1545	KY417943	2033746
1546	KY417930	2082850
1546	KY417931	185557
1546	KY417932	185557
1546	KY417946	185560
1546	KY417947	2082850
1547	KY417949	2082847
1547	KY417950	53211
1547	KY417951	53211
1548	KY782466	263295
1549	KY782390	1807072
1549	KY782391	1972879
1549	KY782393	1972881
1549	KY782394	1972883
1549	KY782397	1972886
1549	KY782398	1972887
1549	KY782399	1972887
1549	KY782400	1972890
1549	KY782421	1972905
1549	KY782445	1972921
1549	KY782454	1972927
1549	KY782455	1972927
1549	KY782460	1972929
1549	KY782461	1972929
1549	KY782464	1972930
1549	KY782473	1972878
1549	KY782478	1972908
1549	KY782490	263356
1549	KY782493	1972907
1549	KY782501	1972919
1549	KY782502	1972924
1550	LC003518	203583
1550	LC090010	203583
1551	LN607424	1548555
1552	MF543792	210859
1552	MF543793	210859
1552	MF543799	457914
1552	MF543800	457914
1552	MF543801	457914
1552	MF543802	457914
1552	MF543803	457914
1552	MF543804	457914
1553	MF787296	106658
1553	MF787297	106658
1554	MF787300	1502678
1555	MF787302	2358446
1555	MF787307	2358446
1555	MF787308	2358446
1556	MG648289	2320790
1556	MG648290	1210468
1556	MG648291	1210468
1556	MG648294	1210468
1556	MG648296	1210468
1556	MG648297	1210468
1556	MG648301	2320801
1557	MG648292	1210468
1557	MG648293	1210468
1557	MG648295	1210468
1557	MG648298	1210468
1557	MG648299	1210468
1557	MG648300	1210468
1558	MH685744	2302275
1558	MH685745	152853
1558	MH685746	2283399
1559	KX073170	1980107
1559	MK020562	2421153
1559	MK020568	2420408
1559	MK020569	2420454
1559	MK020651	2420436
1560	MN381983	2606233
1560	MN382037	2606233
1561	MT193829	1553915
1562	MT741856	2751832
1563	MT922809	1233971
1563	ON124743	252537
1564	MW732038	520843
1565	MZ663841	2864019
1565	MZ663900	201281
1565	MZ663901	201281
1565	MZ663902	201281
1565	MZ663944	1672005
1566	OL584029	1697121
1566	OL584031	2897141
1566	OL584034	205937
1566	OL584035	28480
1566	OL584036	209099
1566	OL584040	209099
1567	OP431164	2978221
1568	OP431165	2978257
1568	OP431166	2978257
1568	OP431167	2978257
1568	OP431171	2978258
1568	OP431172	2978258
1568	OP431175	2978224
1568	OP431176	2978224
1568	OP431177	2978224
1568	OP431178	2978224
1568	OP431333	2978177
1569	OP431173	2293692
1569	OP431206	2978232
1569	OP431314	2978159
1570	OP431174	2136675
1570	OP431335	2978179
1571	OP431205	2978232
1572	OP431216	2978236
1572	OP431217	2978236
1572	OP431258	2978263
1572	OP431259	2978263
1572	OP431260	2978263
1572	OP431261	2978263
1572	OP431262	2978263
1572	OP431308	2978156
1572	OP431311	2978157
1572	OP431330	2978174
1572	OP431342	2978183
1573	OP431263	2978249
1573	OP431264	2978249
1574	OP431298	2978255
1575	OP431309	2978156
1575	OP431310	2978156
1576	PP447371	1201174
1577	KY971438	471468
1577	KY992414	471471
1577	KY992415	2070370
1577	KY992418	39639
1577	KY992419	39639
1577	KY992442	1695117
1577	PP595897	39639
1577	PP595902	39639
1577	PP595906	39639
1577	PP595907	39639
1577	PP595908	39639
1577	PP595911	39639
1578	KY992396	644805
1578	KY992397	644805
1578	KY992398	644806
1578	KY992399	644806
1578	KY992400	54853
1578	KY992401	310733
1578	KY992402	54853
1578	KY992403	54853
1578	KY992404	54866
1578	KY992409	253464
1578	KY992410	253464
1578	KY992411	1695123
1578	KY992412	54839
1578	KY992413	1695128
1578	KY992420	54856
1578	KY992421	54855
1578	KY992422	1681213
1578	KY992423	54837
1578	KY992424	54837
1578	KY992425	1695153
1578	KY992426	253462
1578	KY992427	310734
1578	KY992428	310734
1578	KY992429	1695143
1578	KY992430	1695141
1578	KY992431	1695132
1578	KY992432	253461
1578	KY992433	1695120
1578	KY992434	1695129
1578	KY992435	1290245
1578	KY992436	1695124
1578	KY992439	1681201
1578	PP595900	39639
1578	PP595910	39639
1579	PV485347	60188
1579	PV485350	60188
1580	KX931039	53103
1580	PV704882	53103
1580	PV704883	53103
1580	PV704884	53103
1580	PV704885	53103
1580	PV704886	53103
1581	PX622883	261785
1581	PX622884	261808
1582	PZ111908	3692522
1583	PZ626041	2923273
1584	AB742455	1224294
1584	AB742456	1224294
1584	KY952677	4236
1584	KY952678	4236
1584	KY952679	4236
1584	KY952681	4236
1584	MT922753	4236
1585	AB856331	3730
1586	AF528437	212674
1587	AF528490	212690
1587	EF107658	415509
1587	EU352247	493365
1588	AY552109	280708
1589	AY552138	280728
1589	DQ154071	346578
1589	EF025106	419400
1590	AY552148	233734
1591	DQ154049	346556
1591	EF025107	346556
1592	DQ154051	233678
1592	DQ246672	233678
1593	DQ246684	357084
1594	DQ451817	268012
1595	DQ451819	268022
1596	DQ451821	268113
1597	EF025092	419389
1598	EF108396	415155
1598	MH710810	1196498
1598	MW703707	2816892
1599	EF558615	461344
1600	EU352248	508685
1600	EU352250	508685
1600	EU352251	508685
1600	EU352252	508685
1600	EU352254	508685
1600	EU352255	508685
1600	EU352256	508684
1601	EU841173	49581
1601	EU841174	49581
1602	FJ037823	316706
1603	FJ037884	233712
1603	FJ037885	233712
1604	FJ037890	597395
1604	FJ037891	597395
1605	FJ697029	619260
1606	FJ697037	619254
1606	FJ697038	619254
1607	HQ858931	985303
1607	HQ858932	985303
1607	HQ858944	985316
1607	HQ859009	985362
1607	KP737562	1643851
1607	KU832388	985362
1607	KU832426	1643851
1607	KU832526	1830074
1608	HQ858939	985311
1609	HQ858959	985326
1610	HQ858961	985327
1610	HQ858976	985339
1610	HQ858984	985345
1610	HQ858996	985355
1610	HQ858997	985355
1610	HQ859052	985400
1610	HQ859126	985472
1610	HQ859132	985479
1610	HQ859174	985513
1610	HQ859178	985516
1610	HQ859192	985530
1610	HQ859202	985541
1610	HQ859222	985557
1610	HQ859245	985578
1610	HQ859283	985614
1610	KU832339	476169
1610	KU832340	985289
1610	KU832368	985339
1610	KU832373	1829967
1610	KU832381	1829970
1610	KU832386	1829974
1610	KU832407	985400
1610	KU832429	1830010
1610	KU832461	1830029
1610	KU832489	1830050
1610	KU832492	1830053
1610	KU832535	1830076
1610	KU832549	1830087
1610	KU832566	1830100
1610	KU863006	1829947
1611	HQ858886	985268
1611	HQ858888	985269
1611	HQ859021	985371
1611	HQ859022	985372
1611	HQ859023	985372
1611	HQ859058	985536
1611	HQ859060	985409
1611	HQ859082	985432
1611	HQ859248	985581
1611	HQ859250	985581
1611	KU832401	985372
1611	KU832415	1829999
1611	KU832416	1830000
1611	KU832447	270438
1611	KU832462	1830030
1611	KU832576	1830106
1611	PV173807	3350520
1612	HQ859071	985421
1612	HQ859173	985512
1613	HQ858897	985278
1613	HQ859080	985430
1613	KU832334	985278
1613	KU832344	1829950
1613	KU832409	1829994
1613	KU832410	1829995
1613	KU832430	985430
1614	HQ859094	985439
1615	HQ859152	270449
1615	HQ859153	270449
1615	HQ859154	270449
1615	HQ859253	985584
1616	HQ859168	985507
1617	HQ859211	985550
1617	HQ859212	985550
1617	HQ859213	985550
1617	KF160926	985547
1617	KF160928	985550
1617	KF160932	985550
1618	HQ859215	985552
1618	HQ859216	985552
1619	HQ859229	985568
1620	HQ859262	985593
1620	HQ859300	985630
1621	HQ859311	985638
1622	JQ954568	203021
1623	KC633888	1324455
1624	KC633896	1324458
1625	KC633901	1324445
1625	KC633908	1324441
1626	KJ512896	2448053
1626	KY968877	53719
1626	KY968962	53719
1626	MF440607	53719
1627	KJ630937	1502680
1627	MF787319	1502676
1627	MF787320	1502680
1628	KJ777184	162753
1628	KJ777186	1616043
1628	KJ777187	1616043
1628	MG949308	162753
1629	KM521841	1671318
1630	KM521842	1671319
1630	KM521843	1671344
1631	KM521845	1671347
1632	KR083090	73716
1632	KR083092	1813578
1633	KR087553	1801570
1634	HQ858921	985297
1634	HQ858945	985317
1634	HQ858988	985349
1634	HQ859024	985373
1634	HQ859033	985382
1634	HQ859063	985412
1634	HQ859064	985413
1634	HQ859130	985476
1634	HQ859291	985622
1634	HQ859293	985624
1634	KU832376	985349
1634	KU832463	1830031
1634	KU832536	1830077
1635	KY306538	162724
1635	MG949312	162724
1635	MG949377	162724
1636	KY397494	1972650
1637	KY417944	2033733
1638	KY782389	2028292
1638	KY782392	1972880
1638	KY782395	1972937
1638	KY782396	1972937
1638	KY782404	1972895
1638	KY782408	1972896
1638	KY782413	1972900
1638	KY782414	1972900
1638	KY782415	1972901
1638	KY782416	1972901
1638	KY782417	1972925
1638	KY782418	1972903
1638	KY782419	1972903
1638	KY782420	1972904
1638	KY782424	1972909
1638	KY782425	2028291
1638	KY782429	2028293
1638	KY782430	1972913
1638	KY782433	2028294
1638	KY782435	1972915
1638	KY782436	1972941
1638	KY782437	1972941
1638	KY782438	1972916
1638	KY782439	1972939
1638	KY782440	1972917
1638	KY782443	1972920
1638	KY782448	1972922
1638	KY782450	1972925
1638	KY782451	1972925
1638	KY782453	119878
1638	KY782463	1972931
1638	KY782470	1972947
1638	KY782471	1972873
1638	KY782474	1972874
1638	KY782476	1980557
1638	KY782477	1972882
1638	KY782479	1972908
1638	KY782480	1972884
1638	KY782481	1972875
1638	KY782482	1972875
1638	KY782483	1972936
1638	KY782484	1972888
1638	KY782488	2028295
1638	KY782494	1277828
1638	KY782495	1277828
1638	KY782496	454294
1638	KY782497	454294
1638	KY782499	1807090
1638	KY782500	1807090
1638	KY782503	1972924
1638	KY782504	2028296
1638	KY782505	1972942
1638	KY782506	1972942
1639	KY782507	1972934
1639	KY782508	1972935
1640	KY992365	1290242
1640	KY992366	1290242
1640	KY992367	1290242
1640	KY992380	54841
1640	KY992381	256416
1640	KY992382	1695140
1640	KY992383	2070358
1640	KY992384	1695148
1641	LC610877	764530
1642	MF695591	2283199
1643	MF695594	2283201
1643	MK801523	2283201
1643	MK801524	2283201
1643	MK801525	2283201
1644	MF695602	2283206
1645	MF695608	2283209
1645	MF695609	2283209
1645	MF695624	2283214
1645	MF695625	2283214
1645	MF695626	2283214
1645	MK801534	2567925
1646	MF787310	1312768
1646	MF787311	1312768
1647	MG949332	2185258
1647	MG949333	2185258
1647	MG949334	2185258
1648	MH212239	238530
1649	MH426487	2320796
1649	PP447381	3127880
1650	MH685752	176991
1651	MK020475	2420493
1652	MK184565	1277814
1653	MK184568	2488850
1653	MK184570	2364035
1654	MK356162	131148
1654	MK356163	131148
1654	MK356164	131148
1654	MK356165	131148
1655	MN257690	3988
1655	PV138092	3988
1656	MN257721	2600486
1657	MN381979	2606235
1657	MN381981	2293645
1657	MN381985	2586936
1657	MN381988	2586936
1657	MN381989	2586936
1657	MN381990	2606238
1657	MN381995	2606235
1657	MN381997	2606235
1657	MN381999	2293647
1657	MN382002	1603699
1657	MN382003	2606238
1657	MN382004	1603699
1657	MN382008	2293647
1657	MN382009	2293646
1657	MN382013	2586936
1657	MN382014	2586936
1657	MN382016	2586936
1657	MN382019	2606235
1657	MN382029	2606235
1657	MN382030	2606235
1657	MN382031	2606235
1657	MN382033	2586936
1657	MN382038	2586936
1657	MN382039	2586936
1657	MN382040	2293647
1657	MN382042	2586936
1657	MN382043	2586936
1657	MN382044	2606235
1657	MN382046	2293647
1657	MN382048	1603699
1657	MN382049	2606234
1657	MN382053	2293646
1657	MN382054	2293646
1657	MN382057	2606235
1658	MN638989	2901850
1659	MT923507	175042
1660	MZ663941	1672005
1660	MZ663942	1672005
1660	MZ663943	1672005
1660	MZ663945	1672005
1660	MZ663949	1672005
1660	MZ663950	2863863
1660	MZ663958	2863863
1660	MZ663959	2863863
1661	OL415178	2893253
1662	OM976775	246350
1663	OP431202	2978229
1664	OP431220	137813
1664	OP431221	137813
1664	OP431222	137813
1664	OP431223	137813
1665	OP431224	2978239
1666	OP431302	2978150
1667	OP431362	2747793
1668	PP577818	3136925
1669	PQ560502	1442790
1670	PV809965	159034
1671	PV900285	1205778
1672	PZ111902	316645
1673	PZ111909	396370
1674	AB675896	150992
1675	AY552107	280706
1675	DQ154078	346584
1675	DQ154079	85166
1675	EF025101	419387
1676	AY552108	280707
1677	AY552114	278663
1678	AY552139	280729
1679	AY876257	77557
1679	AY876258	77557
1679	AY876259	77557
1679	AY876260	77557
1679	AY876261	77557
1679	AY876262	77557
1679	AY876263	77557
1679	AY876264	77557
1679	AY876265	77561
1679	AY876266	77561
1679	AY876267	77561
1679	AY876268	77561
1679	AY876269	77561
1679	AY876270	77561
1679	AY876271	77561
1679	AY876272	77561
1679	AY876273	77561
1679	AY876274	77561
1679	AY876275	77561
1679	AY876276	320898
1679	AY876277	320898
1679	AY876278	320898
1679	AY876279	320898
1679	AY876280	320898
1679	AY876281	320898
1679	AY876282	320898
1679	AY876283	320898
1679	LC656558	77560
1679	MW938634	77561
1679	MW938635	77561
1679	MW938636	77561
1679	MW938637	2828025
1679	MW938638	2828025
1679	MW938639	77555
1679	MW938640	77555
1679	MW938641	77555
1679	MW938642	77555
1679	MW938643	2828025
1679	MW938644	2828025
1679	MW938645	77561
1679	MW938646	2828025
1680	DQ154096	346605
1681	DQ246679	233690
1681	MZ470006	233690
1682	DQ451815	379641
1683	DQ861624	356283
1684	DQ861630	201021
1685	DQ866891	267613
1686	DQ985620	40000
1686	JQ730089	40000
1687	FJ001702	590711
1688	FJ037867	597280
1689	FJ037894	597396
1690	FJ518868	124945
1691	FJ527609	183266
1692	FJ697035	619239
1692	FJ697036	619239
1693	GQ139307	477024
1694	GQ139311	477164
1695	GU354242	889078
1695	GU354243	124773
1696	HQ645896	208130
1697	HQ858889	985270
1697	HQ858890	985270
1697	HQ858929	985302
1697	HQ858991	985352
1697	HQ859017	985368
1697	HQ859083	985433
1697	HQ859177	985515
1697	HQ859199	985537
1697	HQ859204	985544
1697	HQ859235	985572
1697	HQ859236	985572
1697	HQ859237	985573
1697	HQ859238	985573
1697	HQ859239	985573
1697	HQ859285	985616
1697	HQ859297	985627
1697	HQ859327	985651
1697	HQ859328	985651
1697	HQ859329	985651
1697	HQ859331	985654
1697	HQ859332	985654
1697	HQ859333	985655
1697	HQ859334	985656
1697	HQ859335	985657
1697	KP737517	985268
1697	KU832330	1829944
1697	KU832331	985271
1697	KU832399	1829984
1697	KU832405	1829990
1697	KU832432	985433
1697	KU832483	1830046
1697	KU832485	1830047
1697	KU832515	985536
1697	KU832518	985573
1697	KU832567	985651
1697	KY110801	2035800
1697	KY110802	2035801
1697	KY110806	1830047
1697	KY110807	985515
1697	KY110810	985536
1697	KY110811	985616
1697	KY110814	985654
1698	HQ858973	985336
1699	HQ858990	985351
1700	HQ859006	985360
1700	HQ859224	985560
1700	KU832387	1829975
1700	KU832560	1830097
1701	HQ858924	985299
1701	HQ859050	985398
1701	HQ859149	985492
1701	HQ859307	985637
1701	HQ859313	985640
1702	HQ859091	985438
1703	JF893879	496644
1704	JX313369	2807111
1705	KC633894	1324444
1706	KF923173	511511
1707	KM211717	54844
1707	KM211719	54844
1707	KM211720	54844
1707	KM211722	54844
1707	KM211723	54844
1707	KM211726	54844
1707	KM211727	54844
1707	KM211729	54844
1707	KM211731	54844
1707	KM211732	54844
1707	KM211733	54844
1707	KM211734	54844
1707	KM211737	54844
1707	KM211738	54844
1707	KM211740	54844
1707	KM211742	54844
1707	KM211743	879915
1707	KM211744	879915
1707	KM211745	879915
1707	KM211748	879915
1707	KM211749	879916
1707	KM211750	879916
1707	KM211751	879917
1707	KM211754	879917
1707	KY971373	54844
1707	KY971374	54844
1707	KY971375	54844
1707	KY971376	54844
1707	KY971377	54844
1707	KY971378	879915
1707	MF039090	879916
1708	KM521840	1671326
1708	LC458450	2293650
1708	LC458451	2136520
1708	LC458452	2136520
1708	LC458457	2136522
1708	LC458458	2136522
1708	LC458459	2136522
1708	LC458460	2136522
1708	LC458461	2136521
1708	MN382058	2136520
1708	OP431357	2978267
1709	KM521846	1671321
1710	KM521847	1671327
1710	KT354881	1843295
1711	KM521848	1671323
1712	KP737536	1053346
1712	KP737537	1053346
1712	KP737588	1644074
1712	KP737590	1644074
1712	KP737591	1644074
1712	KP737592	1644075
1712	KP737593	270444
1712	KP737594	270444
1712	KP737595	270444
1712	KP737596	270444
1713	KP737597	1644076
1713	KP737600	1644077
1713	KP737601	1644077
1713	KP737602	1644077
1713	KP737603	1644077
1713	KP737604	1644077
1713	KP737605	1644077
1713	KP737606	1644077
1713	KP737607	1644077
1713	KP737608	1644077
1713	KP737609	1644077
1714	KP737610	49138
1714	KP737611	49138
1714	KP737612	49138
1714	KP737613	49138
1715	KR083078	1812994
1715	KR083079	1226765
1716	KR150154	3565
1716	KY968853	3565
1716	KY968858	277990
1716	KY968886	3565
1716	KY968887	117272
1716	KY968895	3565
1716	KY968907	3565
1716	KY968925	277990
1716	KY968929	28502
1716	KY968931	3565
1716	KY968934	277990
1717	KR150158	215227
1718	KR534446	175738
1718	KR534459	1720412
1719	KT354879	1843294
1719	LC458453	2575258
1719	LC458454	2575258
1719	LC458455	2575258
1719	LC458456	2575258
1719	LC458462	1843294
1719	LC458463	1843294
1719	LC458464	2293657
1719	LC458465	2293657
1719	LC458466	2293657
1719	LC458467	2293657
1720	KT354878	1843293
1720	KT354880	1843296
1721	KX761269	2027511
1722	KY306517	162687
1723	KY306556	1081485
1723	MG949346	2185237
1723	MG949347	2185237
1723	MG949348	2185237
1724	KY417937	1043422
1724	KY417945	2082845
1725	KY486202	2711
1725	MN638942	2604426
1725	MN638943	2604426
1725	MN638944	2604426
1725	MN638945	2604426
1725	MN638946	2604426
1725	MN638947	2604426
1725	MN638948	2604426
1725	MN638949	2604426
1725	MN638950	2604426
1725	MN638951	37690
1725	MN638952	37690
1725	MN638953	37690
1725	MN638954	37690
1725	MN638955	37690
1725	MN638956	37690
1725	MN638957	37690
1725	MN638958	37690
1725	MN638962	2795131
1725	MN638963	2795131
1725	MN638964	2795131
1725	MN638965	2795131
1725	MN638966	2795131
1725	MN638967	2795131
1725	MN638968	37334
1725	MN638969	37334
1725	MN638970	37334
1725	MN638971	37334
1725	MN638972	85571
1725	MN638973	85571
1725	MN638974	85571
1725	MN638975	171251
1725	MN638976	171251
1725	MN638977	171251
1725	MN638978	76966
1725	MN638979	76966
1725	MN638980	76966
1725	MN638981	2709
1725	MN638982	2709
1725	MN638983	2709
1725	MN638984	85571
1725	MN638985	85571
1725	MN638986	85571
1725	MN638987	170989
1725	MN638988	170989
1726	KY968864	107608
1726	KY968865	107608
1726	KY968896	124765
1726	KY968964	124765
1727	KY971395	1695151
1727	KY971396	54846
1727	KY971397	54846
1728	KY971400	54842
1728	KY971403	54849
1728	KY971404	54849
1728	KY971422	1695151
1728	KY971423	54836
1728	KY971424	54836
1728	KY971425	1681214
1728	KY971426	1681219
1728	KY971427	1682103
1728	KY971428	54863
1728	KY971429	54863
1728	KY971430	54863
1728	KY971431	54863
1728	KY971432	54863
1728	KY971433	54852
1728	KY971434	54852
1728	KY971435	1695121
1728	KY971436	1695115
1728	KY971437	1695118
1728	KY971439	325575
1728	KY971440	54848
1728	KY971441	54848
1728	KY971442	1695157
1728	KY971443	1695136
1728	KY992385	54862
1728	KY992386	54862
1729	KY992371	1293618
1729	KY992372	1695147
1729	KY992373	2070357
1730	KY992364	1290246
1730	KY992374	54843
1730	KY992375	1695154
1730	KY992376	54843
1731	KY992387	54862
1731	KY992388	1695156
1731	KY992389	1695152
1731	KY992390	257783
1731	KY992391	257783
1731	KY992392	257783
1731	KY992393	1695145
1731	KY992394	54871
1731	KY992395	54871
1732	KY992405	54866
1732	KY992406	253464
1732	KY992407	253464
1732	KY992408	253464
1732	KY992416	54851
1732	KY992417	1695137
1733	KY992440	253460
1733	KY992441	1681202
1734	LC732119	1155250
1734	LC805914	1155250
1734	LC805915	1155250
1734	LC805916	1155250
1734	LC805917	1155250
1734	LC822536	1155250
1734	LC822537	1155250
1734	LC822538	1155250
1734	LC822539	1155250
1734	LC822540	1155250
1735	MG229893	2485834
1736	MH426474	152711
1737	MH426478	2320787
1738	MH535194	2592566
1738	MH535195	2592566
1739	MH685747	2302274
1739	MH685748	78710
1739	MH685749	157301
1740	MH708155	2291926
1740	MK258163	2492910
1741	MH708160	2291928
1742	MK020514	2421158
1743	MK184574	2488854
1744	MK184608	1277811
1745	MK258158	2492904
1746	MN257654	2600432
1746	MN257761	289745
1747	MN257701	2600502
1747	MN257702	2600503
1747	MN257703	289745
1747	MN257832	289745
1748	MW703706	2816894
1748	MW703708	2727856
1748	MW703709	2816893
1748	MW703710	2789018
1749	MW821140	2975037
1749	MW821141	1188297
1749	MW821142	1188297
1749	MW821143	2975027
1749	MW821144	1593117
1749	MW821145	1593117
1749	MW821146	247104
1749	MW821147	2975039
1749	MW821148	2975040
1749	MW821149	2975028
1749	MW821150	1188298
1749	MW821151	2975041
1749	MW821152	2975042
1749	MW821154	2975043
1749	MW821155	2975030
1749	MW821157	1128820
1749	MW821158	210959
1749	MW821160	1128821
1749	MW821163	2975037
1749	MW821165	1188299
1749	MW821166	1128827
1749	MW821167	1128827
1749	MW821168	1128828
1749	MW821170	2975047
1749	MW821171	2975047
1749	MW821174	1128832
1750	OP431170	2978223
1751	OP431244	2978245
1752	OP431356	2978266
1753	OP431358	2136458
1753	OP431365	2978147
1754	OP431360	983942
1754	OP431361	983942
1755	PP447377	3127879
1756	PP447380	2320787
1757	PQ856154	272853
1758	PQ859434	161104
1758	PQ859435	161104
1759	OM992280	2926233
1759	OM992281	2926233
1759	OM992282	2926233
1759	OM992283	2926231
1759	OM992284	2926231
1759	OM992285	2926231
1759	OM992286	168118
1759	OM992287	168118
1759	OM992288	2926567
1759	OM992289	2926567
1759	OM992290	2926565
1759	OM992291	2926565
1759	PV646513	3015766
1759	PV646514	3015766
1759	PV646515	3015766
1759	PV646516	3015765
1759	PV646517	3015765
1759	PV646518	3015765
1759	PV646519	3423298
1759	PV646520	3423298
1759	PV646521	3423298
1759	PV646522	3423298
1759	PV646523	3423298
1759	PV646524	3423298
1759	PV646525	3423298
1760	PX245743	3459073
1761	PZ111849	109865
1761	PZ111850	109865
1761	PZ111851	109865
1761	PZ111852	109865
1761	PZ111853	109865
1761	PZ111854	109865
1762	AF513656	162657
1763	AF528447	58646
1764	AY552137	233722
1765	AY857971	169223
1766	AY955801	162788
1766	MG949302	162788
1767	AY552113	233736
1767	AY552160	280733
1767	DQ154046	346552
1767	DQ154047	346553
1768	DQ246685	233727
1769	DQ451783	268081
1769	DQ451786	268081
1770	DQ451818	122532
1771	DQ861620	356273
1772	EU352257	508684
1773	FJ037789	597419
1773	FJ037790	597419
1774	FJ037875	597377
1775	FJ037886	597390
1776	GU256776	705378
1777	HF548929	1088101
1777	HF548933	1088105
1777	HF548935	1088107
1778	HG004812	1341829
1779	HG004873	132459
1780	HG004884	1202410
1781	HQ718984	121487
1781	HQ718985	121487
1781	HQ718986	121487
1781	HQ718987	121487
1781	HQ718988	121487
1781	HQ718989	121487
1781	HQ718990	121487
1782	HQ718991	937789
1782	HQ718992	937789
1783	HQ858978	270432
1783	KP737548	270432
1783	KP737549	270432
1783	KP737550	270432
1783	KP737551	270432
1783	KP737552	270432
1783	KP737553	270432
1783	KP737554	270432
1783	KP737555	270432
1784	HQ859295	49144
1784	KP737568	985477
1784	KP737570	985477
1784	KP737571	985477
1784	KP737572	985477
1784	KP737573	985477
1784	KP737574	985477
1784	KP737618	49144
1784	KP737620	49144
1784	KP737621	49144
1784	KP737622	49144
1784	KP737623	49144
1784	KP737624	49144
1784	KP737630	1643849
1784	KP737631	1643849
1785	JF893883	112375
1786	KC633891	1324440
1787	KJ189026	199602
1787	KJ189029	199604
1787	KJ189030	199604
1787	KJ189031	199604
1787	KJ189032	199604
1788	KM211721	54844
1788	KM211739	54844
1788	KM211741	54844
1788	KM211766	879914
1788	KM211777	879914
1788	KM211778	879914
1789	KM435148	192972
1789	KM435171	192972
1789	KM435176	192972
1790	KM521839	1603698
1790	MN381977	2293645
1790	MN381978	1009335
1790	MN381980	2293645
1790	MN381984	1009335
1790	MN382032	1603698
1790	MN382050	1603698
1790	MN382051	1603698
1791	KP675784	155640
1792	KR087509	1801572
1792	KR087510	1027101
1792	KR087511	1801573
1792	KR087512	1801574
1792	KR087513	1801575
1792	KR087517	4270
1792	KR087518	4270
1792	KR087519	1027103
1792	KR087520	1574132
1792	KR087521	1801578
1792	KR087524	1801582
1792	KR087526	1801584
1792	KR087527	1801585
1792	KR087531	1027106
1792	KR087532	1801588
1792	KR087533	1801588
1792	KR087534	1801589
1792	KR087537	1801592
1792	KR087540	1801593
1792	KR087541	1801569
1792	KR087543	1801595
1792	KR087544	1801596
1792	KR087548	1801598
1792	KR087549	1801598
1792	KR087550	1801599
1792	KR087551	1801600
1793	KR087516	1801577
1793	KR087522	397165
1793	KR087528	1027105
1793	KR087547	397166
1794	KR087555	1801602
1794	KR087556	1801603
1795	KR534437	175748
1795	KR534455	1720418
1796	KU682359	174533
1797	KY306488	162644
1798	KY306648	162902
1798	KY306649	162902
1799	KY417928	2082848
1799	KY417929	2082847
1799	KY417936	2082847
1799	KY417938	1603727
1800	KY782401	1972891
1800	KY782402	1972891
1800	KY782403	1972893
1800	KY782405	1972940
1800	KY782406	263216
1800	KY782407	263216
1800	KY782409	1972897
1800	KY782410	1972897
1800	KY782411	1972898
1800	KY782412	1972938
1800	KY782422	1972906
1800	KY782423	1972906
1800	KY782426	1972911
1800	KY782427	1972911
1800	KY782428	1972912
1800	KY782431	1972914
1800	KY782432	1972914
1800	KY782444	1972921
1800	KY782452	1972926
1800	KY782456	1972928
1800	KY782457	1972928
1800	KY782458	263219
1800	KY782459	263219
1800	KY782475	127265
1800	KY782486	1972892
1800	KY782487	1972894
1800	KY782491	1972902
1800	KY782492	1972902
1800	KY782498	1972910
1801	KY782442	1972918
1801	KY782446	1972922
1801	KY782447	1972922
1801	KY782449	1972923
1801	KY782485	1972889
1802	KY968859	338571
1802	KY968863	56196
1802	KY968874	338571
1802	KY968890	29722
1802	KY968891	29722
1803	KY992368	1290242
1804	LC089991	81984
1805	LC610876	75585
1806	MF695603	2283207
1806	MF695627	2283214
1806	MF695629	2283214
1806	MK801521	2567916
1806	MK801537	2567923
1806	MK801538	2567923
1807	MF695622	2283213
1808	MF695623	2283214
1808	MF695628	2283214
1808	MK801535	2567923
1808	MK801536	2567923
1809	MH685742	2302273
1810	MH710776	63470
1811	MH712669	210378
1812	MN114133	1202418
1813	MN381986	2293645
1813	MN381991	1603697
1813	MN381992	2293645
1813	MN381993	1603697
1813	MN381994	1603697
1813	MN381996	2293645
1813	MN382000	1009335
1813	MN382001	2606236
1813	MN382005	1603697
1813	MN382006	1603697
1813	MN382007	1009335
1813	MN382010	2293645
1813	MN382011	2293645
1813	MN382012	2293645
1813	MN382015	1009335
1813	MN382017	1009335
1813	MN382018	2293645
1813	MN382020	1009335
1813	MN382021	1009335
1813	MN382023	2293645
1813	MN382024	2293645
1813	MN382025	2293645
1813	MN382026	2293645
1813	MN382027	2293645
1813	MN382028	2293645
1813	MN382034	1009335
1813	MN382035	1009335
1813	MN382036	2293645
1813	MN382041	1009335
1813	MN382045	1603697
1813	MN382047	2293645
1813	MN382055	2293645
1814	MN852257	2687301
1815	MT726056	2877896
1815	MT726057	2877897
1815	MT726058	2877897
1815	MT726098	2605012
1815	MT726099	2605012
1816	MT922824	50192
1817	OM333839	539205
1818	OP431364	2978149
1819	OP431367	2136672
1820	PP447385	745679
1820	PP447387	745679
1820	PP447388	152726
1821	PV900806	661978
1822	PV901495	393623
1823	PZ111889	396491
1823	PZ111896	396491
1824	PZ502323	1128811
1825	PZ502327	1389498
1826	AF513694	162820
1827	AF528486	212686
1828	AJ242112	93304
1829	AY552103	233731
1830	AY955803	327145
1830	KY306574	327145
1831	AY955819	213787
1832	DQ154042	346548
1832	DQ154044	346550
1832	DQ154087	346593
1832	HE860068	1199006
1832	HE860069	1199049
1832	HE860074	1199008
1832	HE860116	1199044
1833	DQ154043	346549
1833	DQ154045	346551
1833	DQ154048	346554
1833	DQ154063	346569
1833	HE860070	346551
1833	HE860073	1198702
1834	DQ154074	346581
1835	DQ246667	233672
1836	DQ246688	233737
1837	DQ451759	379112
1838	DQ451781	379116
1839	AY730104	309312
1839	AY730105	309313
1839	AY730106	309314
1839	AY730107	309315
1839	AY730108	309316
1839	AY730109	309318
1839	DQ455639	378021
1839	DQ455651	378025
1839	DQ455652	378025
1839	DQ455654	378012
1839	DQ455655	378012
1839	DQ455656	378017
1839	DQ455657	378019
1839	DQ455659	378020
1839	DQ455660	309313
1839	DQ455661	378032
1839	DQ455662	378034
1839	HM746960	672070
1840	DQ787420	397187
1841	DQ861603	356277
1842	DQ861623	124949
1842	DQ861627	43897
1843	DQ861631	201283
1844	DQ889459	402675
1845	EF107650	211151
1845	KF848303	211151
1845	KJ784587	211151
1846	EU169119	476447
1847	FJ037868	597281
1847	FJ037869	597281
1847	FJ037895	597398
1848	FJ037879	597378
1849	DQ861606	124947
1849	FJ462460	582830
1849	FJ462461	582830
1849	FJ462465	582831
1849	FJ462466	582831
1849	FJ462469	582832
1849	FJ462470	582832
1849	FJ462471	124947
1850	FJ518896	587578
1851	DQ861607	403498
1851	FJ462488	67918
1851	FJ462489	582836
1851	FJ518906	67918
1852	FJ518908	587582
1853	HE586019	431021
1854	HE586033	1081587
1855	HG004815	1341709
1856	HG004872	157652
1857	HM116973	795994
1858	HQ645898	51447
1859	HQ718980	167293
1860	HQ858975	985338
1861	HQ858986	985347
1861	HQ859124	985469
1861	HQ859157	985496
1861	HQ859169	985508
1861	KU832460	985469
1862	JX152700	1224778
1862	JX152702	1224778
1863	KC175913	55459
1864	KC633898	1324450
1865	KF993465	183559
1866	KP737533	13510
1866	KP737534	13510
1867	KP737539	185769
1867	KP737540	185769
1868	KP737542	643570
1868	KP737544	643570
1868	KP737545	643570
1868	KP737546	643570
1868	KP737547	643570
1868	KP737556	270435
1868	KP737557	270435
1868	KP737559	270435
1868	KP737560	270435
1868	KP737561	270435
1869	KP737575	1643852
1869	KP737576	1643852
1869	KP737577	1643852
1870	KP737583	270440
1870	KP737584	270440
1870	KP737585	270440
1871	KP737626	1643853
1871	KP737627	1643853
1871	KU832551	1829943
1872	KP967083	1776316
1872	KP967090	592609
1873	KR083080	106704
1874	KR087530	1801587
1875	KR087536	1801591
1876	KR087545	1027107
1877	KT387948	1878959
1877	KT387949	179758
1877	KT387950	179758
1877	KT387951	179758
1877	KT387952	1878959
1877	KT387953	1878959
1877	KT387954	1878959
1877	KT387955	1878959
1877	KT387956	1878959
1877	KT387957	1878959
1877	KT387958	1878959
1877	KT387961	152859
1877	KT387962	1878959
1877	KT387963	1878959
1877	KT387964	1878959
1877	KT387965	1878959
1877	KT387966	1878959
1877	KT387967	1878959
1877	KT387968	1878959
1877	KT387969	152859
1877	KT387970	152859
1877	KT387971	179758
1877	KT387972	179758
1877	KT387973	1878959
1877	KT387974	177025
1877	KT387975	177025
1877	KT387976	177025
1877	KT387977	177025
1877	KT387978	179758
1877	KT387979	177025
1877	KT387980	177025
1877	KT387981	177025
1877	KT387982	177025
1877	KT387983	179758
1877	KT387984	179760
1877	KT387988	207673
1877	KT387989	207673
1877	KT387991	177025
1877	KT387992	177025
1877	KT387993	177025
1877	KT387994	177025
1877	KT387995	177025
1878	KY239239	2058720
1879	KY306605	162818
1879	KY306606	1971679
1879	MG949371	162819
1880	KY417934	2033747
1880	KY417939	2082849
1881	LC010117	1225088
1881	LC010118	1565083
1881	LC010119	1565083
1881	LC010120	1565083
1881	LC010227	1009589
1881	LC010228	1009589
1881	LC010229	1009589
1881	LC010230	1009589
1881	LC010231	1009589
1881	LC010232	1009589
1881	LC010233	1009589
1882	MH048066	77334
1882	MH048067	1120561
1882	MH048069	2116533
1882	MH048070	2116534
1882	MW187769	77334
1882	MW187770	1120561
1882	MW187771	1120561
1882	MW187772	1120561
1882	MW187774	2782549
1882	MW187775	2782550
1883	MH229891	454933
1884	MN381982	119938
1885	MT726060	319933
1885	MT726072	984798
1886	MT726068	2877898
1886	MT726069	2877898
1887	MT726074	984801
1888	MT726084	984813
1889	MT726092	2877907
1889	MT726093	2877907
1890	MT924018	74823
1890	MT924019	74823
1891	MT924069	1045296
1892	MW187773	272846
1893	OR381497	3065580
1893	OR381499	3065581
1894	PV704897	315274
1895	PZ111843	396476
1895	PZ111844	396476
1895	PZ111845	396476
1895	PZ111846	396476
1895	PZ111864	463330
1895	PZ111865	463330
1895	PZ111866	463330
1895	PZ111867	463330
1896	AB378733	58860
1896	AB378735	58860
1896	KY306654	58860
1896	KY306655	58860
1896	MG949357	58860
1897	AF245409	153567
1897	AF245410	105216
1898	AF513686	162687
1899	AY137316	217122
1899	AY137317	217122
1899	AY137318	217122
1900	AY552106	233739
1901	AY552151	233726
1902	AY552152	233673
1903	AY552153	221251
1903	JX987535	233671
1903	JX987536	233671
1903	JX987537	233671
1904	AY552161	278658
1905	AY557230	280456
1906	AY695594	124943
1906	FJ518867	124943
1906	KF848288	124943
1906	KJ784572	124943
1906	KP675796	124943
1907	DQ246677	278661
1908	DQ787413	101569
1909	AY730069	309275
1909	AY730070	309276
1909	AY730072	309278
1909	AY730073	309279
1909	AY730074	309280
1909	AY730075	349050
1909	AY730076	309282
1909	AY730077	309283
1909	AY730079	309285
1909	AY730080	309286
1909	AY730081	309287
1909	AY730082	309288
1909	AY730083	309288
1909	AY730084	309290
1909	AY730085	309291
1909	AY730086	309292
1909	AY730089	309295
1909	AY730094	309301
1909	AY730095	309310
1909	AY730096	309303
1909	AY730097	309304
1909	AY730100	309308
1909	AY730101	309309
1909	DQ455642	378028
1909	DQ455645	378022
1909	DQ455646	378010
1909	EU091603	463858
1909	EU091604	479805
1909	EU091605	479821
1909	EU091606	463879
1910	FJ037888	597393
1910	FJ037889	597393
1911	FJ381768	2743237
1912	FJ462467	124947
1912	GU338247	124947
1912	HQ291780	934060
1913	GU256778	705356
1914	GU256823	705381
1915	GU256824	705346
1916	HE586027	697016
1916	HE586028	697016
1916	HE586029	697016
1916	HE586030	697016
1916	HE586031	697016
1917	HG004781	1341708
1918	HG004806	459629
1919	HQ718993	167272
1919	HQ718994	167272
1919	HQ718995	64020
1919	HQ718996	64020
1920	HQ718997	937797
1920	HQ718998	937797
1921	HQ859015	985367
1921	HQ859303	985633
1921	HQ859304	985634
1922	HQ859042	985391
1922	HQ859043	985391
1922	HQ859268	985599
1922	HQ859269	985599
1922	KU832446	1830021
1922	KU832455	1830027
1922	KU832507	1830063
1923	JQ730036	1160510
1924	JQ730175	1160638
1924	JQ730188	263341
1924	JQ730200	1160660
1924	JQ730216	1160675
1924	KY782469	113480
1924	MT000930	1160651
1925	JQ730189	1160650
1926	JX152713	212699
1926	JX152714	212699
1926	JX152731	1224783
1927	KC633897	1324456
1928	KF196318	1385497
1928	KF196319	1385495
1929	KF923175	1522780
1930	KR083070	1813006
1931	KR083072	1813008
1932	KR083073	1813009
1933	KR083075	106681
1934	KR087529	1801586
1935	KR092931	1027178
1936	KT387987	179757
1936	KT387990	179757
1937	KU832338	1829946
1938	KU832474	1830040
1939	KU832569	1830102
1940	KX786514	1202420
1941	KX786533	1202397
1941	KX786535	1202406
1941	KX786536	1202395
1941	KX786537	1202393
1941	KX786538	553649
1942	KY306514	162685
1943	KY306600	1971676
1944	KY968846	2606502
1944	KY968866	71035
1944	KY968950	71035
1944	KY968961	71035
1945	KY971398	253459
1945	KY971399	253459
1945	KY971405	54858
1945	KY971406	54858
1945	KY971407	1695149
1945	KY971408	54845
1945	KY971409	54845
1945	KY971410	1695119
1945	KY971411	1695135
1945	KY971412	54838
1945	KY971413	256417
1945	KY971414	253463
1945	KY971415	54857
1945	KY971416	54857
1945	KY971417	1695144
1946	LN812563	102739
1947	LT964874	2052952
1948	MF543795	57932
1948	MF543796	57932
1948	MF543797	57932
1948	MF543798	57932
1949	KX786534	1202402
1949	KX786543	1202399
1949	MH308068	1202398
1949	MH329184	1202396
1949	MH329185	1202398
1949	MH329186	1202405
1950	MH685751	177057
1951	MH718404	754134
1951	MH718405	754134
1952	MH718425	2292752
1952	MH718431	2292752
1952	MH718432	2292752
1953	MN257792	2600494
1954	MN883388	61149
1954	MN883390	61149
1955	EF635468	159371
1955	EF635469	450845
1955	EF660531	453355
1955	MT434778	453355
1955	MT434779	159371
1956	MT726061	382339
1956	MT726062	382339
1956	OM970997	382339
1956	OM970998	382339
1957	MT726064	2604978
1957	MT726065	2604978
1957	MT726079	2877902
1957	MT726097	2877909
1958	MT726066	2604979
1959	MT726067	984796
1959	MT726071	2604982
1959	MT726095	2605010
1959	MT726096	2605010
1960	MT726059	241876
1960	MT726070	2877899
1960	MT726075	2605003
1960	MT726077	2877901
1960	MT726080	2877903
1960	MT726087	2877906
1960	MT726088	2877906
1960	MT726091	2605002
1961	MT726073	2877900
1962	MT726076	984805
1962	MT726086	2877905
1962	MT726094	2877908
1963	MT726083	984810
1964	MT726089	984814
1965	MT726090	984816
1966	MT726100	984800
1966	MT726101	984800
1967	MT923492	2764609
1968	OP034980	2966341
1969	OP431366	2136672
1969	OP431368	2136672
1970	PV173802	3401550
1971	PV661556	296875
1972	PZ111868	3050867
1972	PZ111869	3050867
1972	PZ111870	3050867
1973	AB451546	280455
1974	AB985735	1540199
1975	AF513655	162657
1976	AF513692	162818
1977	AY730112	309321
1977	AY730114	309323
1977	AY730115	309324
1977	AY730116	309325
1977	AY730117	309326
1977	AY730118	309327
1977	EF545652	459058
1977	EF545653	100549
1977	EF545664	182125
1978	AY857972	308173
1979	DQ154073	346580
1980	DQ246682	233711
1980	FJ037877	233711
1980	FJ037878	233711
1980	FJ037882	597380
1980	FJ037883	597380
1981	DQ861632	356271
1982	DQ985621	416623
1982	DQ985622	416623
1982	DQ985623	416623
1982	DQ985634	416628
1982	DQ985637	416630
1982	DQ985638	416630
1983	EU490665	524230
1984	FJ037864	233671
1984	FJ037865	233671
1984	JX987533	233671
1985	FJ462473	582825
1985	FJ462474	582825
1985	FJ462475	281395
1985	FJ518893	281395
1986	FJ518899	587580
1987	HE860099	1199029
1988	HM116957	228156
1989	AM234139	183845
1989	HM116969	795992
1989	HM116970	795993
1989	HM116971	338548
1990	HM116983	795998
1991	HM140798	16049
1992	HQ858882	13385
1992	HQ858883	13385
1992	HQ858884	13385
1992	KP737514	13385
1993	HQ858960	985326
1994	HQ859312	985639
1995	JQ230345	1201186
1995	JQ230346	1201190
1995	JQ230349	1201187
1995	JQ230350	1201187
1995	JQ230351	1201188
1995	JQ230352	1201188
1996	JX152681	132466
1997	KJ409998	205707
1998	KJ409994	51440
1998	KJ410003	205701
1999	KJ410006	51459
2000	KP967112	1776328
2001	KR083069	1812993
2002	KR087552	1801571
2003	KR087554	1561781
2004	KR092943	1027054
2005	KR534448	1720441
2006	KY306484	375005
2007	KY782468	1972933
2008	LN515405	495753
2009	MF353610	2231833
2010	MF353625	2231800
2011	MF695601	2283205
2012	MF695616	245504
2012	MF695617	245504
2012	MF695618	245504
2012	MF695619	245504
2013	MF944312	2058574
2013	MF944326	2058578
2014	MG321412	1508047
2015	MH710767	2291156
2016	MK341337	345293
2016	MK341338	2604653
2017	MK801526	2567917
2017	MK801527	2567917
2017	MK801530	2567920
2017	MK801531	2567921
2017	MK801532	2567921
2017	MK801533	2567924
2018	MN332374	140405
2019	MZ663843	1807087
2019	MZ663862	2863859
2019	MZ663877	2863860
2019	MZ663883	2863860
2020	PQ195666	3242848
2021	PV704887	53133
2022	PV704889	53135
2022	PV704896	2932129
2023	AF513661	162659
2024	AF513664	202118
2024	AF513665	202118
2025	AF513666	175251
2026	AJ242114	93305
2027	AY857977	3580
2027	MH478045	271562
2027	MH478049	3580
2027	MH478052	2230518
2027	MH478053	2230518
2027	MH478054	271563
2027	MH478055	2230518
2027	MH478056	230722
2027	MH478057	271562
2027	MK341339	230722
2028	AY955783	327139
2028	KY306642	327139
2029	DQ154068	346575
2030	DQ246674	233681
2031	AY730091	309297
2031	AY730098	309305
2031	DQ455647	378015
2031	DQ455649	378023
2031	DQ455650	378031
2031	DQ455663	378024
2031	DQ455665	378035
2031	MN883374	309300
2032	DQ861629	356275
2033	EF635470	159372
2033	MT434780	159372
2034	AY730132	309336
2034	EU091659	66382
2034	EU091665	459060
2035	EF026604	408953
2035	EU850633	408953
2035	EU850634	571690
2036	EU850655	571688
2036	EU850657	571688
2036	EU850658	571688
2036	EU850659	571688
2036	OP871839	295139
2037	FJ037847	241889
2038	GU256817	705403
2038	GU256819	705357
2038	GU256825	705352
2038	GU256826	705370
2038	GU256827	705387
2038	GU256828	705399
2038	GU256830	705399
2038	GU256831	705362
2038	GU256832	705352
2038	GU256836	705352
2038	GU256837	705403
2038	GU256839	705382
2038	GU256847	705355
2038	GU256849	705382
2038	GU256850	705382
2038	GU256851	705362
2038	GU256853	705399
2038	GU256866	705371
2039	HF560585	1263482
2040	HG004816	1341830
2041	HG004818	1341790
2042	HM116953	795980
2043	HM116984	795999
2044	JQ230348	1201187
2044	JQ230360	1201194
2044	JQ230367	1201197
2044	JQ230372	1201201
2044	JQ230385	1201209
2044	MH212268	2507961
2044	MH212272	1201197
2044	MH212276	1201204
2044	MH212283	1201209
2045	JQ230353	1201188
2045	JQ230358	1201193
2045	JQ230359	1201193
2045	JQ230361	1201195
2045	MH212267	1201188
2046	JQ230368	1201198
2047	JQ730151	2806855
2047	JQ730157	1160620
2047	JQ730166	1160629
2047	JQ730173	1160636
2047	JQ730180	1160643
2047	JQ730191	596821
2047	JQ730202	1160662
2047	JQ730221	1160679
2047	JQ730238	1160695
2048	KC175908	62339
2048	ON684463	180126
2048	ON684472	180126
2048	OQ831659	180126
2049	KP794423	1777498
2049	KP794424	687774
2049	KP794425	687762
2049	KP794426	687724
2050	KP794443	1777512
2050	KP794444	316893
2050	KP794445	316893
2050	KP794446	316893
2050	KP794447	316893
2051	KR083076	345800
2052	KR092933	1027052
2052	OK271412	151855
2053	KR092941	1816316
2053	KR092945	1561734
2053	KR092946	1816313
2053	KR092947	1816313
2053	KR092948	259674
2053	KR092949	259674
2054	KR092950	1027056
2055	KR350163	1827183
2055	MF944334	2058593
2055	MF944353	1827183
2055	MF944358	2058588
2055	MF944361	2058589
2055	MF944362	2058589
2056	KR534443	175743
2057	KU948545	1821733
2058	KX057869	204973
2059	KY306635	162869
2059	KY306636	162869
2059	MG949322	162869
2059	MG949336	162869
2060	KY421910	2057002
2061	KY968827	434245
2061	KY968922	2035706
2061	LC593156	434245
2061	LC593157	434245
2061	LC593159	434245
2061	MK802979	2570609
2061	MK803019	434245
2061	MK803034	2570615
2062	KY971419	54835
2063	KY992369	1255763
2063	KY992370	1255763
2063	KY992377	1695113
2063	KY992378	1695139
2063	KY992379	1695131
2063	KY992437	1695152
2063	KY992438	54841
2064	MF944278	2041831
2064	MF944307	2058571
2065	MG949292	509010
2066	MG949328	162815
2067	MH212269	2507930
2068	MH445997	262452
2069	MH477931	2873754
2070	MH478014	271558
2070	MH478017	271558
2070	MH478018	271558
2070	MH478019	271558
2070	MH478020	271558
2070	MH478022	271558
2070	MH478023	2230523
2070	MH478028	1924163
2070	MH478029	1924163
2070	MH478030	2230536
2070	MH478031	2230536
2070	MH478034	271552
2070	MH478035	271552
2070	MH478036	271552
2070	MH478037	271552
2070	MH478038	271556
2070	MH478039	271556
2070	MH478040	271556
2070	MH478041	2230523
2071	MH478015	271558
2071	MH478016	271558
2071	MH478021	271558
2071	MH478026	2230534
2071	MH478027	2230534
2071	MH478032	2230536
2071	MH478033	2230536
2071	MH478074	271561
2071	MH478075	1516114
2071	MH478076	1516114
2071	MH478077	1516114
2071	MH478078	1516114
2071	MH478079	1516114
2071	MH478080	1516114
2071	MH478081	1516114
2071	MH478082	271569
2072	MH478042	271568
2072	MH478043	1671031
2073	MH478046	2873723
2073	MH478047	2873723
2073	MH478048	2230521
2074	MH478058	1532334
2074	MH478059	1532334
2074	MH478060	1532334
2074	MH478061	1532334
2074	MH478062	1532334
2074	MH478063	1532334
2074	MH478064	271544
2074	MH478065	271544
2074	MH478066	271544
2074	MH478067	271544
2074	MH478068	1532337
2074	MH478069	1532337
2074	MH478070	271547
2074	MH478071	271547
2074	MH478072	271547
2074	MH478073	271547
2075	MH478083	271569
2075	MH478084	271569
2075	MH478085	271569
2075	MH478086	271569
2075	MH537032	1516114
2075	MH537033	1516114
2075	MH537034	1516114
2075	MH537035	1516114
2075	MT923221	271580
2076	KY306531	162720
2076	KY306534	162721
2076	KY306535	162722
2076	MH535089	1954545
2076	MH535091	1954545
2076	MH535092	1971653
2076	MH535097	1954545
2076	MH535104	1712865
2076	MH535111	2592565
2076	MH535112	2592565
2076	MH535113	2592565
2076	MH535114	2592565
2076	MH535138	162721
2076	MH535142	1971653
2076	MH535143	2592565
2076	MH535144	1954545
2076	MH535145	1954545
2076	MH535146	1954545
2076	MH535152	162722
2076	MH535164	1971653
2076	MH535186	2592565
2076	MH535187	1971653
2076	MH535188	2592565
2076	MH535189	2592565
2077	MH712603	556514
2078	MH718401	2292754
2078	MH718402	2292763
2078	MH718403	2292763
2078	MH718407	2292751
2078	MH718409	1027156
2078	MH718411	1027156
2078	MH718412	2292750
2078	MH718415	2292754
2078	MH718416	2292762
2078	MH718417	2292762
2078	MH718418	2292751
2078	MH718419	2292763
2078	MH718420	2292762
2078	MH718421	2292762
2078	MH718423	2292754
2078	MH718426	2292758
2079	MH718429	1561730
2080	MK258159	1170333
2080	OP431355	1170333
2081	MK341342	2604647
2081	MK341343	2604648
2082	MK554642	2315506
2083	MT023957	1288014
2084	MT500586	62824
2084	MT500612	384576
2084	MT500665	2735620
2085	MF944282	2058557
2085	MF944286	2058559
2085	MF944287	2058559
2085	MF944303	2058567
2085	MF944314	2058576
2085	MF944320	2058518
2085	MF944349	2058583
2085	MT500669	2735619
2085	MT500670	2735624
2085	MT500675	2735625
2085	MW760851	2819615
2085	MW760852	2819615
2086	MT726082	2877904
2087	MK802981	240059
2087	MT923310	240045
2088	MT923500	55385
2088	PV900969	184998
2089	MZ063562	2831609
2089	MZ063563	2831609
2089	MZ063564	50148
2089	MZ063565	50148
2089	MZ063566	50148
2089	MZ063567	50148
2089	MZ063568	2831609
2089	MZ063570	50148
2089	MZ063571	50148
2089	MZ063572	50148
2089	MZ063573	50148
2089	MZ063574	50148
2089	MZ063575	50148
2089	MZ063576	50148
2089	MZ063577	50148
2089	MZ063578	50148
2089	MZ063579	50148
2089	MZ063580	50148
2089	MZ063581	50148
2089	MZ063582	50148
2089	MZ063583	50148
2089	MZ063584	50148
2089	MZ063585	50148
2089	MZ063586	50148
2089	MZ063587	50148
2089	MZ063588	50148
2089	MZ063589	50148
2089	MZ063590	50148
2089	MZ063591	50148
2089	MZ063592	50148
2089	MZ063593	50148
2089	MZ063594	50148
2089	MZ063595	50148
2089	MZ063596	50148
2089	MZ063598	50148
2089	MZ063600	50148
2089	MZ063601	50148
2089	MZ063602	50148
2089	MZ063603	50148
2089	MZ063604	50148
2089	MZ063606	50148
2089	MZ063608	50148
2089	MZ063609	50148
2089	MZ063610	50148
2089	MZ063613	50148
2089	MZ063614	2831609
2089	MZ063615	2831609
2089	MZ063616	50148
2089	MZ063617	2831609
2089	MZ063618	2831609
2089	MZ063619	2831609
2089	MZ063620	50148
2089	MZ063621	2831609
2089	MZ063622	50148
2089	MZ063623	2831609
2089	MZ063624	50148
2089	MZ063625	50148
2089	MZ063627	50148
2089	MZ063628	2831609
2089	MZ063629	2831609
2089	MZ063630	50148
2089	MZ063631	50148
2089	MZ063632	2831609
2089	MZ063633	2831609
2089	MZ063634	50148
2089	MZ063635	50148
2090	OM218691	271923
2091	OM886425	2922425
2092	MH710814	228246
2092	MK341344	1137902
2092	MT923280	2588226
2092	PQ278855	3341747
2092	PQ278856	3341749
2093	PV062112	3398051
2094	PV704866	880723
2094	PV704867	880723
2094	PV704868	451006
2094	PV704869	2566086
2094	PV704870	451006
2094	PV938552	2566086
2095	AB175947	245148
2095	AB175948	245148
2095	AB175949	245148
2095	AB175950	245148
2095	AB175951	245148
2095	AB175952	245148
2096	AB593590	234019
2097	AF134862	94282
2098	AF513657	208886
2098	AF513695	162821
2099	AM234142	295139
2099	EU850663	571684
2099	EU850666	571682
2099	EU850667	571683
2099	EU850668	571685
2099	HM116988	571684
2100	AY552150	233693
2101	AY552154	280732
2101	AY552155	278671
2102	AY557225	280451
2102	AY557227	38223
2103	AY730113	309322
2104	AY857968	3572
2105	AY955774	162898
2106	AY955775	162899
2106	KY306646	20342
2106	KY306647	20342
2106	MG949291	20342
2106	MN992833	20342
2107	AY955781	162862
2108	AY955780	327137
2108	AY955782	327138
2108	KY306640	327138
2109	DQ154067	346574
2109	DQ154070	346577
2109	DQ154080	346586
2109	DQ154083	346589
2109	DQ154085	346591
2109	DQ154089	346595
2109	DQ154090	346596
2109	EF025095	419391
2109	EF025096	419391
2109	HE860104	1199032
2110	DQ246675	233682
2111	DQ246686	233733
2112	DQ314165	362343
2113	DQ314167	1545468
2113	DQ314171	304107
2113	DQ314173	362341
2113	DQ314175	362363
2113	DQ314176	362355
2113	DQ314181	362341
2113	DQ314183	362341
2113	DQ314186	362372
2113	DQ314187	362366
2113	DQ314188	362349
2113	DQ314189	362352
2113	DQ314190	126907
2113	DQ314191	362379
2113	DQ314192	362346
2113	DQ314193	362358
2113	DQ314195	362365
2113	DQ314196	362351
2113	DQ314198	362348
2113	DQ314199	362359
2113	DQ314203	304105
2114	DQ861615	403492
2115	EF025099	419394
2115	HE860085	1199020
2116	EF025100	419395
2117	EU330445	39892
2118	EU331100	490657
2118	EU331101	490657
2118	GQ130323	651548
2118	GQ130324	651548
2119	EU338052	507409
2119	EU338053	507399
2119	EU338054	507412
2119	EU338056	459860
2119	JX840492	1357961
2120	EU877151	577044
2121	FJ794678	273533
2122	FN663871	197689
2123	FN663878	197695
2124	FN663879	713162
2125	GU256787	705402
2126	GU256804	705380
2126	GU256805	705400
2126	GU256806	705406
2126	GU256818	705385
2126	GU256833	705363
2126	GU256834	705379
2126	GU256835	705391
2127	GU256811	705401
2127	GU256812	705392
2128	HE586020	157637
2128	HE586021	449200
2128	HE586023	1081592
2128	HE586024	1081592
2128	HE586025	1081592
2128	HE586026	157637
2128	HE586032	449200
2129	HF560567	1263464
2129	HF560570	1263466
2129	HF560572	1263468
2129	HF560575	1263473
2129	MT500663	493993
2130	HG004785	1341756
2131	HG004792	310427
2132	HG004842	1346532
2133	HM010956	1001547
2133	HM010957	1001550
2133	HM010958	310736
2133	HM010961	1001548
2134	HM010962	54865
2134	HM010963	310738
2134	HM010964	310738
2134	HM010965	310738
2134	HM010966	310738
2134	HM010967	310738
2134	HM010969	54865
2134	HM010970	54865
2134	HM010971	54865
2134	HM010972	54865
2134	HM010973	54865
2134	HM010974	54865
2134	HM010975	54865
2134	HM010976	54865
2134	KY971420	54865
2135	HQ859326	985650
2136	JX124482	1221106
2137	JX124483	1221111
2138	KC175914	180123
2139	KC633136	646426
2139	KC633137	1300962
2139	KC633138	646434
2139	KC633139	1300963
2139	KC633140	1300953
2139	KC633141	1300961
2139	KC633142	1300955
2139	KC633143	1300960
2139	KC633144	1300951
2139	KC633145	432665
2139	KC633146	646432
2139	KC633147	1300949
2139	KC633148	1300957
2139	KC633149	1300964
2139	KC633150	646434
2139	KC633151	1300967
2139	KC633152	646431
2139	KC633153	1300965
2139	KC633154	646435
2139	KC633155	646428
2139	KC633156	646434
2139	KC633157	1300954
2139	KC633158	1300956
2139	KC633159	646434
2139	KC633160	1300966
2139	KC633161	1300950
2139	KC633162	1300952
2139	KC633163	646427
2139	KC633164	1300946
2139	KC633165	1300947
2139	KC633166	1300948
2139	KC633167	1300959
2139	KC633168	1300961
2139	KC633169	1300963
2139	KC633170	1300968
2139	KC633171	1300958
2140	KC798436	39519
2140	KC798437	1366408
2140	KC798438	1366414
2140	KC798439	203837
2140	KC798440	203837
2140	KC798441	203837
2140	KC798442	203837
2140	KC798443	1366407
2140	KC798444	1366407
2140	KC798445	1366407
2140	KC798446	1382967
2140	KC798447	1382967
2140	KC798448	1382967
2140	KC798449	39522
2140	KC798450	39522
2140	KC798451	39522
2140	KC798452	1366415
2140	KC798453	1366415
2140	KC798454	1366415
2140	KC798455	1382972
2140	KC798456	1382972
2140	KC798457	1366411
2140	KC798458	1366411
2140	KC798459	39518
2140	KC798460	39518
2141	KC798469	39507
2141	KC798470	1366416
2142	KJ187616	1453373
2142	KX789276	2014560
2142	KX789278	2014562
2142	KX789280	2014561
2142	KX789282	2014559
2142	KX789283	2014557
2142	KX789285	2014555
2142	MF954035	262454
2142	MN295292	2014556
2142	PP002370	2014552
2143	KP737614	270445
2143	KP737615	270445
2144	KP794457	1777510
2145	KR083071	1813007
2145	KR083074	1136837
2146	KR092937	1816320
2146	KR092938	1816320
2146	KR092939	1561735
2146	KR092940	1561735
2147	KR870336	1821923
2147	KR870338	1821926
2147	KR870339	1821928
2148	KT366098	310467
2149	KC779636	192414
2149	KT751426	192414
2149	KT751427	192414
2149	KT751437	1820359
2149	KT751448	1820367
2150	KX057867	162739
2151	KX057896	433926
2152	KY239237	2058752
2152	KY239238	2058751
2153	KY239240	2058744
2153	KY239241	2058748
2154	KY306567	162763
2155	KY306601	1971677
2156	KY930339	54860
2156	KY930342	54860
2157	KY930340	54860
2158	KY930341	54860
2158	KY930344	54854
2158	KY930345	54854
2158	KY930346	54854
2158	KY930347	54854
2158	KY930348	1077149
2158	KY930349	1695127
2158	KY930350	471470
2158	KY930351	54840
2159	KY930343	54860
2160	KY930352	54840
2161	KY968860	330163
2161	KY968861	330163
2161	KY968901	330163
2161	KY968902	330163
2161	KY968933	330163
2161	LC593158	330163
2162	KY971394	54861
2163	KY971401	54842
2163	KY971402	54842
2164	KY992360	54850
2164	KY992361	1695155
2164	KY992362	1695130
2164	KY992363	1695126
2165	MF944288	2058560
2165	MF944294	2058564
2165	MF944295	2058564
2165	MT500673	2725124
2166	MF944293	2058563
2166	MF944306	2058570
2166	MF944308	2058572
2166	MF944351	640487
2166	MF944352	640487
2166	MK413694	2601702
2166	MT500668	2058572
2166	MT500674	1200756
2167	MF944311	518737
2167	MF944321	2058524
2168	MF944389	2058603
2169	MG321408	1761687
2170	MG321414	127142
2171	MG949319	2185258
2172	MH477934	271541
2173	MH477936	325497
2174	MH477941	271594
2174	MH477942	271594
2174	MH477943	271594
2174	MH477944	271594
2174	MT923219	2764621
2175	MH478044	358138
2176	MH478050	2230526
2177	MH478051	2230533
2178	MH478098	2230538
2178	MH478099	2230538
2179	MH535124	2592566
2179	MH535193	2592566
2180	MH708158	2291929
2181	MH718427	2292757
2182	MH718428	2292758
2182	MH718430	2292758
2183	MK184563	1170331
2184	MK801528	2567918
2184	MK801529	2567919
2185	MN257706	2600449
2186	MN257715	2600456
2187	MW079311	258457
2188	MZ054139	2831479
2189	MZ054140	2831480
2189	MZ054141	2831481
2190	MZ054142	2831475
2190	MZ054143	2831475
2190	OM262115	2910182
2190	OM262116	2910182
2191	ON706927	489322
2191	ON706929	489322
2192	OQ780774	2565901
2192	OQ780775	2565898
2193	OQ909077	3043767
2194	PP035962	3110388
2194	PP035965	2217954
2195	PP058387	1652612
2196	PV901619	452773
2196	PV901620	452773
2197	AB175953	245149
2197	AB175954	245149
2197	AB175955	245149
2197	AB175956	245149
2197	AB175957	245149
2197	AB175958	245149
2197	AB175959	245149
2197	AB175960	245149
2197	AB175961	245149
2197	AB175962	245149
2197	AB175963	245149
2197	AB175964	245149
2197	AB175965	245149
2198	AB985733	627214
2199	AF427515	174960
2200	AF513687	162688
2200	KY306513	508986
2201	AY730064	309270
2201	AY730065	309271
2201	AY730066	309272
2201	AY730067	309273
2201	AY730068	309274
2201	EU091577	479792
2201	EU091578	463832
2201	EU091581	463839
2201	EU091585	463847
2201	EU091586	463848
2201	EU091590	463857
2201	EU091592	463864
2201	ON033150	2926118
2202	AY730136	309340
2202	AY730137	309341
2202	AY730138	309430
2202	EU091610	463888
2202	EU091623	462830
2202	EU091627	479809
2203	AY851062	318449
2203	AY851063	318452
2203	AY851069	318455
2203	AY851070	318455
2203	AY851072	318451
2204	AY857973	308174
2205	AY955815	162718
2206	DQ314159	362375
2207	EF060212	411989
2208	AY730131	309335
2208	EF092318	425835
2209	EF670320	468850
2209	EF670351	468849
2210	EU069393	447366
2210	MK020478	2420501
2211	EU091563	463831
2212	EU850645	571693
2213	EU850665	571681
2214	EU850669	571686
2215	GU256799	705369
2216	GU256820	705375
2216	GU256822	136852
2217	GU256854	705360
2217	GU256855	705364
2217	GU256856	705361
2217	GU256857	705354
2217	GU256858	705374
2217	GU256859	705365
2217	GU256860	705374
2217	GU256861	705374
2217	GU256862	705374
2218	HG004826	1341791
2219	HM116950	151053
2220	HM116951	151060
2221	HM116952	795981
2222	HQ859228	985566
2222	PV173794	985566
2223	JQ230340	152736
2223	JQ230355	1201191
2223	JQ230371	1201201
2223	JQ230373	1201202
2223	JQ230375	1201204
2223	JQ230377	1201204
2223	JQ230379	1201204
2223	JQ230386	1201209
2223	MH212277	1201204
2223	MH212278	1201204
2224	JQ230347	1201187
2225	JQ230356	1201192
2225	JQ230357	1201192
2225	JQ230378	1201204
2226	JQ230362	1201195
2226	JQ230363	1201196
2226	JQ230364	1201196
2226	JQ230365	1201196
2226	JQ230366	1201196
2226	JQ230376	1201204
2226	MH212270	2507962
2226	MH212271	1201196
2227	KC798461	1366409
2227	KC798462	1366409
2227	KC798463	1366409
2227	KC798464	1366410
2227	KC798465	1366412
2228	KC798471	39533
2228	KC798476	1366419
2229	KC798473	336845
2229	KC798474	1366418
2230	KC798475	39531
2231	KF993463	105906
2232	KJ716507	1516113
2232	KJ716508	1516113
2232	KJ716509	1516113
2232	KJ716510	1516113
2232	KJ716511	1516113
2232	KJ716512	1516113
2232	KJ716513	1516113
2232	KJ716514	1516113
2232	KJ716515	1516113
2232	KJ716516	1516113
2232	MH477951	271542
2232	MH477952	271542
2232	MH477953	271582
2232	MH477954	271546
2232	MH477955	271546
2232	MH477956	271546
2232	MH477957	271546
2232	MH477958	271546
2232	MH477959	271546
2232	MH477960	271546
2232	MH477961	2230519
2232	MH477962	2230519
2232	MH477963	2230519
2232	MH477964	2230519
2232	MH477965	271582
2232	MH477966	271582
2232	MH477967	271582
2232	MH477968	271582
2232	MH477969	271582
2232	MH477970	271582
2232	MH477971	271582
2232	MH477972	271582
2232	MH477973	271582
2232	MH477974	271582
2232	MH477975	271582
2232	MH477976	271582
2232	MH477977	271582
2232	MH477978	2230525
2232	MH477979	2230525
2232	MH477980	2230525
2232	MH477981	2230525
2232	MH477982	1516113
2232	MH477983	1516113
2232	MH477984	1516113
2232	MH477985	1516113
2232	MH477986	1516113
2232	MH477987	1516113
2232	MH477988	1516113
2232	MH477989	1516113
2232	MH477990	1516113
2232	MH477991	271543
2232	MH477992	271543
2232	MH477993	271543
2232	MH477994	271543
2232	MH477995	271543
2232	MH477996	271543
2232	MH477997	2230524
2232	MH477998	2230524
2232	MH477999	2230524
2232	MH478000	2230524
2232	MH478001	1532336
2232	MH478002	1532336
2232	MH478003	2230527
2232	MH478004	271583
2232	MH478005	271583
2232	MH478006	271582
2232	MH478007	757031
2232	MH478008	757031
2232	MH478009	2230537
2232	MH478010	2230537
2232	MH478011	271556
2232	MH478012	2230529
2232	MH478013	2230529
2232	MW567730	271582
2232	MW567731	271582
2232	MW567732	271582
2232	MW567733	271582
2232	MW567734	271582
2232	MW567735	2230524
2232	MW567736	2230524
2232	MW567737	2230524
2232	MW567738	2230524
2233	KM113798	798030
2234	KP058312	58944
2235	KR083085	106706
2236	KR092942	1816315
2237	KR350167	1462484
2237	MF944315	1462484
2237	MK413692	2601723
2237	MT500667	1462484
2238	KT387959	177029
2238	KT387960	177029
2238	KT387986	177029
2239	KT763384	328069
2240	KT923820	1891906
2240	KT923822	1891903
2240	KT923823	1891906
2240	KT923824	1891906
2241	AM234107	375241
2241	JN091202	1134140
2241	JN091207	1134144
2241	JN091246	1134180
2241	KU898295	1842120
2241	KU898296	1842110
2241	KU898309	1842447
2241	KU898311	1842118
2241	KU898332	1631688
2242	KX761267	2027493
2243	KX786510	1202417
2244	KX786513	2025448
2245	KX786528	1202416
2245	KX786529	2025435
2245	KX786530	2025444
2245	KX786532	2025440
2246	AF513653	162653
2246	KY306493	1971646
2246	MG949317	2185255
2246	MG949374	162653
2247	KY306502	162669
2247	KY306503	162669
2247	MG949340	162669
2248	KY306518	162690
2248	MN114130	3085926
2249	KY306533	508997
2249	MH535090	1401401
2249	MH535126	1401401
2249	MH535198	1954546
2249	MH535199	1954546
2249	MH535200	1954546
2249	MH535201	1954546
2250	AY955792	162735
2250	AY955793	162736
2250	KX057861	162735
2250	KY306550	162734
2250	KY306551	162735
2250	KY306552	1971661
2250	KY306553	1971662
2250	KY306554	162736
2250	KY306555	1971663
2250	MG949290	162734
2250	MG949293	2185236
2250	MG949327	1971661
2250	MG949335	1971661
2250	MG949337	162735
2250	MG949354	162733
2250	MG949356	162733
2250	MN992809	2709851
2250	MN992812	2185236
2250	MN992815	162734
2250	MN992816	162735
2250	MN992818	162735
2250	MN992819	162735
2250	MN992820	162735
2250	MN992821	162735
2250	MN992822	1971662
2250	MN992824	2709855
2250	MN992825	1971663
2250	MN992826	1971663
2251	KY306566	1971664
2251	KY306634	509011
2252	KY968869	45837
2253	KY968919	82257
2254	LN515409	126403
2255	MF944290	431303
2255	MF944291	431303
2256	MF944296	1097200
2256	MF944304	2058568
2256	MF944322	2058520
2256	MT500671	2058568
2256	MT500672	1097200
2257	MF944316	2058577
2257	MT500666	2058577
2257	MT500676	2735626
2258	MF954017	2083114
2259	MF954053	375248
2260	MF954070	2602860
2261	MH212281	58979
2262	MH445998	1465306
2262	MN295303	1465306
2263	MH446013	2217942
2264	MF954040	2083132
2264	MH446017	2083132
2265	MH477932	325516
2266	MH477945	2230530
2266	MH477946	2230532
2266	MH477947	2230532
2267	MH478024	1671031
2267	MH478025	1671031
2268	MH478088	271586
2269	MH478091	271575
2270	MH478093	2230522
2270	MH478094	271577
2270	MH478095	271577
2270	MH478096	271577
2270	MH478097	271577
2271	MH478100	271585
2271	MH478101	271585
2271	MH478102	271585
2271	MH478103	271585
2271	MH478104	271585
2271	MH478105	2230535
2272	MH535139	2592561
2272	MH535160	2592561
2273	MH707248	3850
2274	MH710739	54818
2275	MH710756	2291094
2276	DQ314178	362378
2276	DQ314179	362360
2276	DQ314182	126905
2276	DQ314200	362362
2276	DQ314202	1213748
2276	MH763720	2570243
2277	MK179383	2495975
2277	MK179385	2495975
2277	MK179388	2495975
2277	MK179397	2495975
2277	MT500587	2735628
2277	MT500614	2495975
2278	MK341309	1701049
2278	MK341311	2604640
2278	MK341312	2604638
2278	MK341313	1137808
2278	MK341314	1701016
2278	MK341315	1701016
2278	MK341316	1701016
2278	MK341317	645222
2278	MK341318	645222
2278	MK341319	645222
2278	MK341320	1701023
2278	MK341321	2604642
2278	MK341322	2604642
2278	MK341323	2604643
2278	MK341324	2604644
2278	MK341325	2604644
2278	MK341326	2604644
2278	MK341327	645710
2278	MK341328	645710
2278	MK341330	2604650
2278	MK341331	1137814
2278	MK341332	1137814
2278	MK341333	2604651
2278	MK341334	2604651
2278	MK341335	2604654
2278	MK341336	2604654
2279	MK341358	645218
2279	MK341359	645218
2280	EF060228	411992
2280	KF267898	663358
2280	KJ918494	1552232
2280	MK530524	1873856
2280	MK542016	2315520
2280	MK554638	2528468
2280	MK554640	2315524
2281	AM234091	375222
2281	KM495163	1591342
2281	KM495166	1591342
2281	KM495169	1591342
2281	KM495172	1591343
2281	KM495178	1591343
2281	MF954024	2083118
2281	MF954046	2083135
2281	MH446006	2217950
2281	MH446007	1125907
2281	MH446010	1924182
2281	MH446012	2217931
2281	MN295272	2602833
2281	MN295273	2602819
2281	MN295280	2602841
2281	MN295283	2602842
2281	MN295284	2217939
2281	MN295294	2602849
2281	MN295296	2602850
2281	MN295299	2602852
2281	MN295301	2602853
2281	MN295302	2602854
2281	MN295305	2602815
2281	MN295306	1465307
2281	MN295321	1465308
2281	MN295366	2602887
2281	MT623511	1465307
2281	MT623512	1465307
2282	MN825590	89652
2283	MT153597	1137874
2283	MT153598	39855
2283	MT153599	39855
2283	MT153602	42034
2284	MT500591	175386
2285	MT500616	2735640
2285	MT500617	2735640
2285	MT500618	2735640
2285	MT500620	2735640
2285	MT500649	2735640
2286	MT500585	2735651
2286	MT500604	2735649
2286	MT500608	2735649
2286	MT500627	2735654
2286	MT500633	2735657
2286	MT500636	2735653
2286	MT500638	796486
2286	MT500639	2735662
2286	MT500640	2735665
2286	MT500641	2735650
2286	MT500644	2735659
2286	MT500645	2735656
2286	MT500646	2735613
2286	MT500647	2735649
2286	MT500653	2735658
2286	MT500658	2735658
2287	OK103621	49666
2287	OK103622	49666
2287	OK103623	49666
2287	OK103624	49666
2287	OK103625	49666
2287	OK103626	49666
2287	OK103627	49666
2287	OK103628	49666
2287	OK103629	49666
2287	OK103630	49666
2287	OK103631	49666
2287	OK103632	49666
2287	OK103633	49666
2287	OK103634	49666
2287	OK103635	49666
2287	OK103636	49666
2287	OK103637	49666
2287	OK103638	49666
2287	OK103639	49666
2287	OK103640	49666
2287	OK103641	49666
2287	OK103642	49666
2287	OK103643	49666
2287	OK103644	49666
2287	OK103645	49666
2287	OK103646	49666
2287	OK103647	49666
2287	OK103648	49666
2287	OK103649	49666
2287	OK103650	49666
2287	OK103651	49666
2287	OK103652	49666
2287	OK103653	49666
2287	OK103654	49666
2287	OK103655	49666
2287	OK103656	49666
2287	OK103657	49666
2287	OK103658	49666
2287	OK103659	49666
2287	OK103660	49666
2287	OK103661	49666
2287	OK103662	49666
2287	OK103663	49666
2287	OK103665	49666
2287	OK103666	49666
2287	OK103667	49666
2287	OK103668	49666
2287	OK103669	49666
2288	OM262117	2910182
2288	OM262118	2910182
2288	OM262119	2910182
2288	OM262120	2910182
2288	OM262121	2910182
2288	OM262122	2910182
2288	OM262123	2910182
2288	OM262124	2910182
2288	OM262125	2910182
2288	OM262126	2910182
2288	OM262127	2910182
2288	OM262128	2910182
2288	OM262129	2910182
2288	OM262130	2910182
2288	OM262131	2910182
2288	OM262132	2910182
2288	OM262133	2910182
2288	OM262134	2910182
2288	OM262135	2910182
2288	OM262136	2910182
2288	OM262137	2910182
2288	OM262138	2910182
2288	OM262139	2910182
2288	OM262140	2910182
2288	OM262141	2910182
2288	OM262142	2910182
2288	OM262143	2910182
2288	OM262144	2910182
2288	OM262145	2910182
2288	OM262146	2910182
2288	OM262147	2910182
2288	OM262148	2910182
2288	OM262149	2910182
2288	OM262150	2910182
2288	OM262151	2910182
2288	OM262152	2910182
2288	OM262153	2910182
2288	OM262154	2910182
2288	OM262155	2910182
2288	OM262156	2910182
2288	OM262157	2910182
2288	OM262158	2910182
2288	OM262159	2910182
2288	OM262160	2910182
2288	OM262161	2910182
2288	OM262162	2910182
2288	OM262163	146465
2288	OM262164	146465
2288	OM262165	146465
2288	OM262166	146465
2288	OM262167	146465
2288	OM262168	146465
2288	OM262169	146465
2288	OM262170	146465
2288	OM262171	146465
2288	OM262172	146465
2288	OM262173	146465
2288	OM262174	146465
2288	OM262175	146465
2288	OM262176	146465
2288	OM262177	146465
2288	OM262178	146465
2288	OM262179	146465
2288	OM262180	146465
2288	OM262181	146465
2288	OM262182	146465
2288	OM262183	146465
2288	OM262184	146465
2288	OM262185	146465
2288	OM262186	146465
2288	OM262187	146465
2288	OM262188	146465
2288	OM262189	146465
2288	OM262190	146465
2289	OM886410	2922418
2289	OM886411	2922418
2289	OM886412	2922418
2290	ON706930	489322
2290	ON706931	489322
2290	ON706934	489322
2290	ON706935	489322
2290	ON706936	489322
2290	ON706937	489322
2291	OQ274972	2983995
2292	OR936246	251668
2293	PP035952	2743253
2294	PV704877	299268
2295	PV901453	1353838
2296	AB289482	327332
2296	MZ014678	2977219
2297	AB290885	1759435
2297	AB290886	421262
2297	AB290890	421265
2297	AB290891	421266
2297	MZ014671	2977354
2297	MZ014672	2977354
2297	MZ014677	2977218
2297	OM311713	3023617
2297	OM311714	1250532
2297	OM311715	3023618
2298	AF303702	164818
2299	AF470488	78782
2300	AF513673	208885
2301	AJ620537	260700
2301	AJ620538	238287
2301	AJ620539	238288
2302	AJ620541	3953
2302	KY968843	238298
2303	AJ831780	265238
2303	AJ831781	269082
2303	AJ831783	269082
2303	AJ831784	269082
2303	AJ831785	269082
2303	AJ831787	39884
2303	AJ831788	39884
2303	AJ831791	269081
2303	KM011961	269082
2303	MK088010	663337
2303	MK088015	1309610
2303	MK088016	1309610
2303	MK341308	663344
2303	MT153600	2071542
2303	X86858	39897
2304	AM234067	260130
2304	AM234072	375235
2304	JN091204	3115021
2304	JN091224	1134158
2304	JN091244	1134178
2304	MF954064	2083145
2304	MW023994	2773802
2304	OK644077	260130
2305	AM234080	375274
2305	MK313872	375274
2305	MK313873	2497463
2306	AY552111	280709
2306	AY552142	346587
2306	DQ154081	346587
2307	AY557232	53038
2307	MF543767	53038
2307	MF543768	53038
2307	MF543769	53038
2307	MF543770	53038
2307	MH250185	53038
2307	MH250187	53038
2308	AY730060	106724
2308	AY730061	309268
2308	AY730119	309427
2308	HM746958	947067
2308	OQ617446	3034291
2309	AY730090	309296
2309	AY730092	309299
2309	AY730110	309319
2309	AY730111	309320
2309	DQ455637	378014
2309	DQ455638	378021
2309	DQ455640	378026
2309	DQ455641	378026
2309	DQ455643	378028
2309	DQ455653	378039
2309	DQ455664	309299
2310	AY730133	309337
2310	AY730135	309339
2310	EU091660	463835
2310	EU091670	466930
2310	EU091677	463878
2311	AY851071	318450
2312	AY851078	78753
2313	AY857967	42043
2313	MT153603	42043
2314	AY857970	308170
2315	AY955784	162824
2316	AY955785	327140
2317	AY955811	162665
2318	DQ059390	115015
2318	DQ059392	335138
2318	DQ059393	335139
2318	DQ059395	42037
2318	DQ059400	336176
2318	DQ059401	336173
2318	DQ059403	336174
2318	DQ059407	42038
2318	DQ059408	42038
2318	DQ059409	42038
2318	DQ059410	42038
2318	DQ059411	336177
2318	DQ059412	335146
2318	DQ059413	335147
2318	EF060226	411984
2318	EF060227	411991
2318	KF267889	1390719
2318	KF267891	663352
2318	KF267892	1390718
2318	KF267896	1390725
2318	KF267897	1390717
2318	KF267899	1390722
2318	KJ918487	39862
2318	KJ918493	1552232
2318	MH758563	2302862
2318	MK559499	2528809
2318	MK559501	2315519
2318	MN420835	2315519
2318	MN447218	2609438
2318	MN447219	2315519
2318	MN447220	2315519
2318	MT153604	1291645
2318	MT153605	1291645
2318	MT153607	2715424
2318	MW559753	2503008
2318	OL636335	1291645
2318	OM060346	1781609
2318	OM060349	42038
2318	PX218332	42037
2319	DQ277639	198816
2320	DQ314155	33118
2320	GQ478098	33118
2320	KT366102	33118
2320	KY968849	33118
2320	MG693002	33118
2321	DQ314160	362377
2322	DQ314163	180580
2323	DQ314169	362374
2323	DQ314170	362361
2323	DQ314185	362370
2323	DQ314201	362353
2323	KM514683	1582845
2324	EF060217	411996
2325	EF635451	151051
2325	EF660550	151050
2325	EU352217	151050
2326	EF670353	468859
2327	EU091572	463886
2328	AY730123	309330
2328	AY730125	309331
2328	EU091639	463856
2328	EU091671	479813
2328	LC375796	3494
2328	LC375800	309266
2328	LC375804	309331
2329	EU338007	507436
2330	EU338035	507413
2330	EU338036	507414
2330	EU338058	507397
2330	JX840504	507419
2330	JX840514	507391
2330	JX840522	507389
2330	JX840534	507390
2330	JX840559	507390
2330	JX840569	493957
2330	JX840575	507390
2330	JX840577	507390
2330	JX840585	1357962
2330	JX840586	1357962
2330	JX840588	1357963
2330	JX840593	507414
2330	JX840594	768055
2330	KF794065	1548803
2330	KF794104	1548806
2330	KF794105	1548805
2331	AJ744939	280520
2331	EU347756	508277
2332	AJ744933	279189
2332	AJ744935	279187
2332	AJ744940	279194
2332	AJ744942	279195
2332	AJ744943	279196
2332	AJ744945	279199
2332	AJ744948	279204
2332	AJ744949	279202
2332	AJ744950	279200
2332	EU347740	279199
2332	EU347741	279188
2332	EU347742	279201
2332	EU347752	508338
2332	EU347846	449071
2332	EU347847	449071
2332	EU347849	508252
2332	EU347850	508238
2332	EU347851	508236
2332	EU347853	508255
2332	EU347857	508247
2332	EU347862	508250
2332	EU347867	140930
2333	FJ037835	59673
2334	FJ384024	570846
2334	FJ384025	570847
2335	FJ518894	201014
2336	FJ794631	273581
2336	FJ794635	273570
2336	FJ794645	273588
2337	GQ396672	54804
2338	GU256779	705394
2338	GU256782	705397
2339	GU256789	705383
2339	GU256790	705390
2340	GU256793	705407
2340	GU256794	136852
2340	GU256795	705404
2340	GU256796	705358
2340	GU256797	705393
2340	GU256798	136852
2341	GU256803	705366
2341	GU256807	705398
2341	GU256815	705368
2341	GU256816	705366
2342	GU256808	705396
2342	GU256810	705377
2343	HG004822	1341796
2344	HG004862	648877
2345	HM010959	112565
2345	KY971418	112565
2346	HM010960	112554
2347	HM140800	112540
2348	HQ718981	937794
2349	HQ718982	64015
2349	HQ718983	167301
2350	AF303704	50242
2350	AF303705	164830
2350	AF303706	72650
2350	AF303707	50243
2350	EU266441	485408
2350	EU266442	485408
2350	EU266443	485408
2350	EU266444	485408
2350	EU266445	485408
2350	EU266446	485408
2350	EU266447	485408
2350	EU266448	485408
2350	EU266449	485408
2350	EU266450	485408
2350	JF807643	50243
2350	JF807644	50243
2350	JF807645	50243
2350	JF807646	1088846
2350	JF807647	50242
2350	JF807648	386441
2350	JF807649	485408
2350	JF807650	485408
2350	JF807651	485408
2350	JF807652	485408
2350	JF807653	485408
2350	JF807654	485408
2350	JF807655	386443
2350	JF807656	386443
2350	JF807657	386443
2350	JF807658	386443
2350	JF807659	386443
2350	JF807660	386443
2350	JF807661	386443
2350	JF807662	386443
2350	JF807663	386443
2350	JF807664	386443
2350	JF807665	386443
2350	JF807666	386443
2350	JF807667	386443
2350	JF807668	1049916
2350	JF807669	1049916
2350	JF807670	1049916
2350	JF807671	1049916
2350	JF807672	1049916
2350	JF807673	1049916
2350	JF807674	1049916
2350	JF807675	1049916
2350	JF807676	1049916
2350	JF807677	928252
2350	JF807678	1088849
2350	JF807679	1088849
2350	JF807680	72650
2350	JF807681	72650
2350	KY218779	386443
2351	JQ067161	1132583
2351	JQ067314	1132617
2352	JQ067140	1132268
2352	JQ067145	165770
2352	JQ067160	1132198
2352	JQ067180	1132170
2352	JQ067186	1132176
2352	JQ067187	1132177
2352	JQ067189	1132180
2352	JQ067192	1132187
2352	JQ067195	1132198
2352	JQ067196	1132170
2352	JQ067197	1132191
2352	JQ067201	1132186
2352	JQ067212	1132223
2352	JQ067215	1132238
2352	JQ067216	1132206
2352	JQ067218	1132219
2352	JQ067220	1132246
2352	JQ067225	1132212
2352	JQ067229	1132214
2352	JQ067233	1237660
2352	JQ067242	1132616
2352	JQ067244	1132259
2352	JQ067272	1132597
2352	JQ067276	1132184
2352	JQ067305	3830
2352	JQ067323	165772
2352	JX120582	1237662
2352	KX371691	1132187
2352	KX371757	1977608
2353	JQ230337	93029
2353	JQ230383	1201207
2353	MH212274	2507932
2353	MH212280	1201207
2354	JQ230338	1201180
2354	MH212251	1201180
2354	MH212265	2507928
2355	JQ230374	1201203
2355	JQ230381	152755
2355	MH212279	152755
2356	JX124496	53821
2356	JX124504	53821
2357	FJ384023	570845
2357	KF267894	1390721
2357	KJ918492	1390716
2358	KM659708	206273
2358	KM659709	1598110
2358	KM659710	1598122
2358	KM659711	1598117
2358	KM659712	1237612
2359	KP794448	1129499
2359	KP794449	1129499
2359	KP794450	1129499
2359	KP794451	1129499
2360	KP794454	1487831
2360	KP794455	1487831
2360	KP794456	1487831
2361	KR350143	1827167
2362	KT387985	78735
2363	KT958319	352281
2363	KY858271	352281
2364	KU898304	1842112
2365	KX057842	3821
2366	KX057907	460232
2367	KY306500	162665
2368	KY306505	859842
2369	KY306515	1899099
2370	KY306530	1712865
2370	MH535105	1712865
2370	MH535106	1712865
2371	KY306639	162785
2371	MG949311	162785
2372	KY306664	162942
2373	KY782388	476942
2374	KY782465	477003
2375	KY968847	45837
2376	KJ187615	1453372
2376	KJ187631	262458
2376	MF954034	2083128
2376	MF954038	2083130
2376	MH445977	262457
2376	MH445988	1954204
2377	MF954063	260137
2378	MG906827	72381
2378	MG906829	162694
2379	KY306520	72382
2379	KY306522	72381
2379	KY306524	508987
2379	KY306525	162695
2379	MF987599	72382
2379	MF987602	1971452
2379	MF987603	1971453
2379	MG906824	72382
2379	MG906825	72382
2379	MG906828	2082041
2379	MG906831	162694
2379	MG906834	162694
2379	MG906835	1358841
2379	MG906837	162695
2379	MG906838	2082042
2379	MG906839	2082043
2379	MG906840	2082043
2379	MG906842	2082044
2379	MG906843	2082044
2379	MG906844	1971452
2379	MG906845	1971453
2379	MG906846	2082045
2380	MG949326	2806813
2381	JQ230336	1201178
2381	JX070196	1201177
2381	JX070197	1201179
2381	MH212241	2507948
2381	MH212242	2507949
2381	MH212243	2507949
2381	MH212244	2507950
2381	MH212245	2507951
2381	MH212246	2507952
2381	MH212250	1201179
2381	MH212255	152736
2381	MH212256	152736
2381	MH212257	2507957
2381	MH212258	2507957
2381	MH212259	2507957
2381	MH212260	2507957
2381	MH212261	2507958
2381	MH212264	2507960
2381	MH212266	2507928
2382	MH212275	2507964
2383	MH445976	262451
2383	MH445978	262628
2383	MH445979	262466
2383	MH445980	262467
2383	MH445981	262626
2384	MH477935	1137875
2385	MH477937	271580
2385	MH477938	271580
2385	MH477939	271580
2385	MH477940	271580
2386	MH477948	2230531
2386	MH477949	2230531
2386	MH477950	2230531
2387	MH478092	2230528
2388	MH535150	162722
2388	MH535151	162722
2388	MH535153	162722
2389	MH535125	1911663
2389	MH535163	1911663
2389	MH535171	1911663
2390	MH535178	2592564
2390	MH535179	162722
2390	MH535180	2592564
2390	MH535181	2592564
2390	MH535182	2592564
2390	MH535183	2592564
2391	MH535158	2592561
2391	MH535205	2592567
2391	MH535206	2592567
2391	MH535207	2592567
2391	MH535208	2592567
2391	MH535209	2592567
2392	MK088009	403535
2393	MK088011	655897
2393	MK088012	1937761
2393	MK088013	655897
2393	MK088014	655897
2393	MK088017	403530
2393	MK088018	403530
2393	MK088019	2483121
2393	MK088020	1937775
2393	MK088021	2315490
2393	MK088022	2315490
2393	MK088023	1937775
2393	MK088024	1937775
2394	MK179346	2496055
2395	MK341310	1701066
2396	MK530513	2315508
2396	MK542829	411990
2396	MK554635	2528466
2396	MK554636	2528467
2396	MK554637	1873857
2396	MK554639	2528465
2396	MK554641	2315515
2396	MK554643	39870
2396	MK559498	1552232
2396	MK559500	411992
2396	MK559502	2528810
2396	MN420822	39870
2396	MN420826	411990
2396	MN447215	2609439
2396	MN447216	2609439
2396	MN447217	2609439
2396	MT153606	2715423
2396	MW559754	2072605
2397	MN257653	2600550
2397	MN257686	557062
2397	PV809969	557062
2398	MN257666	2600545
2398	MN257748	2600547
2398	MN257820	2600548
2398	PV810082	1237852
2399	MN295328	2602870
2399	MN295329	2602872
2399	MN295330	2602869
2399	MN295331	2602873
2399	MN295333	2602874
2399	MN295334	2602875
2399	MN295335	2602876
2399	MN295336	2602877
2400	MF954073	2083149
2400	MK286577	2496132
2400	MK313859	2497461
2400	MK313861	2497464
2400	MK313862	2497464
2400	MK313863	2497464
2400	MK313869	1309000
2400	MK313870	2497459
2400	MK313871	2083150
2400	MN295361	2602888
2400	MN295362	2602889
2400	MN295363	2602890
2400	MN295364	2602891
2400	MN295365	2602892
2400	OK644078	2743285
2401	MN396792	622458
2402	MK179376	2496056
2402	MK179380	2496056
2402	MK179381	2496056
2402	MK179382	2496056
2402	MT500592	175385
2402	MT500657	2735621
2403	MT500656	2735622
2404	MT505288	2732816
2405	KC779724	763456
2405	KC779726	763456
2405	MT565570	2795306
2406	MT923481	252986
2407	KC779683	1457461
2407	KC779686	3837
2407	KC779700	1457467
2407	KC779701	232298
2407	KC779702	192415
2407	KC779703	192415
2407	KC779716	1457473
2407	KC779717	1457473
2407	MZ081662	3837
2407	MZ081663	3837
2407	MZ081664	3837
2407	MZ081665	3837
2407	MZ081666	3837
2407	MZ081668	3837
2407	MZ081669	3837
2407	MZ081670	3837
2407	MZ081671	3837
2407	MZ081672	3837
2407	MZ081673	3837
2407	MZ081675	3837
2407	MZ081676	3837
2407	MZ081678	3837
2407	MZ081679	3837
2407	MZ081680	3837
2407	MZ081681	3837
2407	MZ081682	1457467
2407	MZ081683	1457467
2407	MZ081684	1457467
2407	MZ081685	1457467
2407	MZ081686	1457467
2407	MZ081687	1457467
2407	MZ081688	232298
2407	MZ081689	232298
2407	MZ081690	232298
2407	MZ081691	232298
2407	MZ081692	232298
2407	MZ081693	192415
2407	MZ081694	192415
2407	MZ081695	192415
2407	MZ081696	192415
2407	MZ081697	192415
2407	MZ081699	192415
2407	MZ081700	192415
2407	MZ081701	192415
2408	MZ663850	1807087
2408	MZ663854	1807087
2409	OK103664	49666
2410	OK271417	1816324
2411	OK325626	49666
2412	OK644070	2743221
2413	OM218675	178123
2414	OM218684	178131
2415	OP798422	2961634
2415	OP798423	2961634
2415	OP798424	2961634
2415	OP798425	2961634
2415	OP798426	2961634
2415	OP798427	2961634
2415	OP798428	2961634
2415	OP798429	2961634
2415	OP798430	2961634
2415	OP798431	2961634
2415	OP798432	2961634
2415	OP798433	2961634
2415	OP798434	2961634
2415	OP798437	2961634
2415	OP798438	2961634
2415	OP798442	2961634
2415	OP798443	2961634
2415	OP798444	2961634
2415	OP798445	2961634
2415	OP798446	2961634
2415	OP798447	2961634
2415	OP798448	2961634
2415	OP798449	2961634
2415	OP798450	2961634
2415	OP798451	2961634
2415	OP798453	2961634
2415	OP798454	2961634
2415	OP798455	2961634
2415	OP798456	2993944
2415	OP798457	2961634
2415	OP798458	2993945
2415	OP798459	2961634
2415	OP798460	2993946
2415	OP798461	2961636
2415	OP798462	2961636
2415	OP798463	1125885
2415	OP798464	1125885
2415	OP798465	1125885
2415	OP798466	1125885
2415	OP798468	2961634
2415	OP798469	2961634
2415	OP798470	2961634
2415	OP798471	2961634
2415	OP798472	2961634
2415	OP798474	1353465
2415	OP798475	1353465
2415	OP798476	1353465
2415	OP798487	1125885
2415	OP798488	1125885
2415	OP798489	1125885
2415	OP798492	1125885
2415	OP798493	1125885
2415	OP798494	1125885
2415	OP798495	1125885
2415	OP798496	1125885
2415	OP798497	1125885
2415	OP798498	1125885
2415	OP798499	1125885
2415	OP798500	1125885
2415	OP798501	1125885
2415	OP798502	1125885
2415	OP798509	2961638
2415	OP798510	2961638
2415	OP798511	2961638
2415	OP798512	2961638
2415	OP798513	2961638
2415	OP798514	2961638
2415	OP798515	2961638
2415	OP798516	2961638
2415	OP798517	2961638
2415	OP798532	1125885
2415	OP798533	2961634
2415	OP798534	2961634
2415	OP798535	2961634
2415	OP798536	2961634
2415	OP798537	2961634
2415	OP798538	2961634
2415	OP798539	2961634
2415	OP798540	2961634
2415	OP798541	2961634
2415	OP798559	2993947
2415	OP798560	2961634
2415	OP798561	2961634
2415	OP798562	2961634
2415	OP798563	2961634
2415	OP798564	2961634
2415	OP798596	2961634
2415	OP798597	2961634
2415	OP798598	2961634
2415	OP798600	2961634
2415	OP798601	2961634
2415	OP798603	2961634
2415	OP798604	2961634
2415	OP798605	1125885
2415	OP798606	2961634
2415	OP798607	2961634
2415	OP798608	2961634
2415	OP798609	2961634
2415	OP798630	2993948
2415	OP798631	1125885
2415	OP798632	2961634
2415	OP798633	2961634
2415	OP798634	2961634
2415	OP798635	1125885
2415	OP798636	2961634
2415	OP798638	1125885
2415	OP798639	2961634
2415	OP798641	2961634
2415	OP798642	2961634
2415	OP798644	1125885
2415	OP798646	2961638
2415	OP798648	2961638
2415	OP798649	2961638
2415	OP798650	2961638
2415	OP798651	2961638
2415	OP798652	2961638
2415	OP798653	2961638
2415	OP798654	2961638
2415	OP798655	2961638
2415	OP798656	2961638
2415	OP798657	2961638
2415	OP798660	2961638
2415	OP798661	2961638
2415	OP798662	2961638
2415	OP798663	2961638
2415	OP798671	2961638
2415	OP798672	1818878
2415	OP798673	1818878
2415	OP798674	1818878
2415	OP798675	2961634
2415	OP798676	1818878
2415	OP798677	2961638
2415	OP798678	2961638
2415	OP798679	2961638
2415	OP798680	2961638
2415	OP798681	2961638
2415	OP798682	2961638
2415	OP798683	2961638
2415	OP798684	2961638
2415	OP798685	2961638
2415	OP798688	1125885
2415	OP798689	2961638
2416	OQ331227	1200760
2417	OQ376977	3025623
2418	OR814210	992687
2419	OR936239	432379
2419	OR936243	432379
2419	OR936244	432379
2420	PP002380	2217954
2421	AM234092	375221
2421	KJ187605	1231843
2421	KJ187609	1231845
2421	KJ187618	1453375
2421	KJ187627	1168219
2421	KJ187633	1453386
2421	KJ187639	421942
2421	KJ187640	1453391
2421	KJ187648	1186111
2421	KJ187652	260132
2421	PP035928	3114992
2421	PP035929	3110371
2421	PP035931	2083127
2421	PP035933	3110377
2421	PP035934	3110377
2421	PP035939	375221
2421	PP035940	375221
2421	PP035941	3109608
2421	PP035942	3110378
2421	PP035943	3110378
2421	PP035944	3110379
2421	PP035945	2911088
2421	PP035946	2911088
2421	PP035947	3110372
2421	PP035948	421942
2421	PP035950	421942
2421	PP035951	421942
2421	PP035954	3110380
2421	PP035955	3110380
2421	PP035956	3110380
2421	PP035957	3113942
2421	PP035959	3110385
2421	PP035960	3110386
2421	PP035961	3110387
2421	PP035963	3110389
2421	PP035964	3110390
2421	PP035968	1924184
2421	PP035969	3110381
2422	KY968839	176616
2422	MN889431	176616
2422	PV298269	176616
2422	PV298270	176616
2422	PV298271	176616
2423	PV810087	2588167
2424	PV900417	240019
2425	PV900535	282322
2426	PV900575	365470
2427	PV900728	224175
2428	AB675893	122313
2429	AF245432	84142
2430	AF303711	85956
2431	AF513691	162814
2431	KX057884	162814
2431	KX057885	162816
2431	KY306599	162816
2432	AJ620515	238273
2432	AJ620516	260688
2432	AJ620517	260689
2432	AJ620518	238266
2432	AJ620519	260690
2432	AJ620520	260691
2432	AJ620521	260692
2432	AJ620522	238267
2432	AJ620523	3034292
2432	AJ620524	260693
2432	AJ620525	238270
2432	AJ620526	225334
2432	AJ620527	260694
2432	AJ620528	238272
2432	AJ620529	260695
2432	AJ620530	203943
2432	AJ620531	260696
2432	AJ620532	260697
2432	AJ620533	260698
2432	AJ620534	260699
2432	AJ620535	238274
2432	AJ620540	260701
2432	AJ620542	203953
2432	AJ620543	260702
2433	AM234120	375259
2433	MF954058	2083143
2433	OQ729925	2773795
2434	AY530741	272696
2435	AY557226	280453
2436	AY955795	162916
2437	DQ314156	362354
2437	MG693003	362354
2438	DQ314177	362356
2438	DQ314180	362357
2438	DQ314184	362373
2439	DQ414851	352206
2440	EF041509	106036
2441	EF041515	178187
2442	EF079385	428349
2443	EF079431	331165
2444	EF095738	428683
2445	EF649986	468256
2446	EU091576	463887
2447	EU817133	571654
2447	EU817134	571654
2447	EU833161	571661
2447	EU850628	106032
2447	EU850629	106032
2447	HM116985	106044
2448	FJ037825	508984
2449	DQ246676	233686
2449	FJ037870	233686
2450	FJ384020	570844
2450	FJ384021	570844
2451	FJ518895	587577
2452	FJ794619	273556
2452	FJ794642	273575
2452	FJ794668	273565
2453	GU256783	378931
2453	GU256784	705349
2453	GU256785	705350
2453	GU256786	705350
2454	GU256800	705389
2454	GU256802	379301
2454	GU256813	379301
2454	GU256814	705388
2455	GU256829	705384
2455	GU256841	705395
2455	GU256843	705359
2456	GU256838	705406
2456	GU256846	705379
2456	GU256848	705359
2457	GU256840	705359
2457	GU256844	705359
2457	GU256845	705351
2458	GU256842	705390
2459	HF560562	1263460
2460	HF937260	508913
2460	HF937261	508913
2460	HF937262	508913
2460	HF937263	508913
2460	HF937264	508913
2460	HF937265	508913
2460	HF937266	508913
2460	HF937267	508913
2460	HF937268	508913
2460	HF937269	508913
2460	HF937270	508913
2460	HF937271	508913
2460	HF937272	508913
2460	HF937273	508913
2460	HF937278	508913
2461	HG004876	1341716
2462	HM041820	508985
2462	KY306504	859841
2462	KY306507	162681
2462	MG949306	1971651
2462	MG949310	859841
2462	MG949349	859841
2463	HM041821	508985
2463	KY306506	162680
2463	KY306508	508985
2463	MG949315	162681
2464	HM854637	880467
2464	KT923815	880467
2464	KT923816	880467
2464	KT923817	880467
2464	MG023257	2042082
2465	HQ334906	761501
2465	HQ334907	761501
2465	HQ334908	761501
2466	HQ334909	1001903
2466	HQ334910	1001903
2467	HQ334911	403537
2468	HQ334913	1001904
2469	HQ859194	985532
2470	AM234117	375255
2470	JN091221	1134155
2470	JN091238	1134174
2470	JN091247	1134182
2470	KU164819	1631682
2471	JQ230339	184047
2472	JQ230369	1201199
2472	JQ230380	1201205
2473	KF267893	1309616
2473	KJ918496	1309616
2474	KJ187607	262447
2474	PP002378	3109618
2475	AM234086	375224
2475	KJ187611	983396
2475	KJ187622	375220
2475	KJ187623	1453378
2475	KJ187624	1453379
2475	KJ187625	1453380
2475	KJ187628	1453382
2475	MF954032	2083126
2475	MF954039	2083131
2475	MH445994	2217955
2475	MH446004	2217941
2475	MN295274	2602837
2475	MN295297	1465305
2475	MT623510	1465305
2476	KJ777194	162776
2476	KJ777195	162776
2476	KJ777196	162776
2476	KJ777197	162776
2476	KJ777239	162778
2477	KJ777229	509003
2478	KJ777230	509003
2478	KJ777253	1616066
2479	KM051463	96455
2479	LC656560	2899458
2480	KP794427	316889
2480	KP794428	316889
2480	KP794429	1777497
2480	KP794430	316889
2481	KP794431	1777496
2482	KR350146	1827245
2483	FJ381773	155021
2483	KT235565	155021
2483	KT279735	155021
2484	KT338718	1200765
2484	MF944354	2058584
2484	MF944356	2058586
2484	MF944359	1097223
2484	MF944360	1200765
2484	MF944363	2058590
2484	MF944364	2058590
2484	MF944365	2058591
2484	MF944369	2058535
2485	AM234103	375215
2485	AM234104	375217
2485	JN091200	1134138
2485	JN091201	1134139
2485	JN091239	1134175
2485	KU164800	1914883
2485	KU164801	1758839
2485	KU164803	1914883
2485	KU164804	1758840
2485	KU164805	1914883
2485	KU164813	1758845
2485	MF954020	1914883
2485	MF954049	2083136
2485	MN295254	2749606
2486	KU295286	1775392
2487	JQ067240	1132261
2487	JQ067257	165767
2487	JQ067261	1237651
2487	JQ067283	1158257
2487	JQ067291	1127386
2487	JQ067304	1132609
2487	JQ067316	1237651
2487	JX120585	1237669
2487	KX057853	165769
2487	KX057855	1977553
2487	KX057856	3830
2487	KX371721	1127386
2488	KX890450	1963777
2488	KX890451	1963777
2489	KY239242	2058745
2490	KY306494	162650
2491	KY306492	1971645
2491	KY306495	1859071
2491	KY306496	1971647
2491	KY306497	1971650
2491	MF987597	72381
2491	MG949353	2185255
2492	KY306561	162761
2492	KY306562	162761
2492	MF987604	162761
2493	KY306573	162772
2494	KY306641	162862
2495	KY971421	59042
2496	LN515404	126426
2497	MF944309	1498489
2498	MF944323	2058522
2498	MF944324	1200757
2499	MF944342	2058534
2500	MF944366	2058591
2501	MF954015	889028
2502	JN091229	1134163
2502	KU898315	1842109
2502	MF954056	2083141
2502	MW023991	883795
2503	MF954044	2083133
2503	MF954067	2083146
2504	MG869008	38211
2505	MH212240	2507927
2505	MH212247	2507953
2505	MH212248	93029
2505	MH212249	93029
2505	MH212252	2507954
2505	MH212253	2507955
2505	MH212254	2507956
2505	MH269703	2174905
2506	MH445984	262463
2506	MH445985	2217929
2506	MH445986	2217958
2506	MH445987	2217943
2506	MN295276	2602839
2507	MH445996	2217926
2508	MH535140	2592561
2508	MH535157	2592561
2509	MH535141	162721
2509	MH535159	162721
2510	KY306537	1911663
2510	MH535093	1911663
2510	MH535094	1911663
2510	MH535162	1911663
2510	MH535165	1911663
2510	MH535166	1911663
2510	MH535169	1911663
2510	MH535170	1911663
2510	MH535172	1911663
2511	MH710802	688282
2512	MH712632	2292107
2513	MK164464	2487466
2513	MK164465	2487467
2513	MK164529	1185432
2514	HF560564	1263461
2514	MK413693	2601701
2515	MK595449	2545938
2515	MK595450	2545939
2516	MN114141	992653
2517	MN114143	1762922
2517	MN114144	2588167
2517	PV818401	992815
2518	MN240641	379296
2518	MN240642	2736934
2518	MN240643	2736635
2518	MN240646	379296
2518	MN240650	379296
2518	MN240655	379296
2518	MN240669	2735668
2518	MN240670	2735668
2518	MN240671	2735668
2518	MN240680	379296
2518	MN240682	2735668
2518	MT500650	2735668
2519	MN257668	2600546
2519	MN257736	2600509
2519	MN257769	2600511
2519	MN257776	2600512
2519	MN257778	2600566
2519	MN257781	2600514
2519	MN257785	2600515
2519	MN257797	2600516
2519	MN257802	2600517
2519	PV810077	1671342
2519	PV810078	1671342
2519	PV810079	1671342
2519	PV821430	3443849
2519	PV821431	3443851
2520	MN257671	1225665
2521	MN257709	78534
2521	MN257720	78534
2522	MN264662	2601737
2523	AM234082	260139
2523	MN295341	2602879
2523	MN295349	2602882
2523	MN295350	2602885
2523	MN295353	2602884
2523	MN295354	2603218
2524	MT500589	384579
2525	MT923245	669803
2526	MT923838	165637
2527	MW013555	945265
2527	MW013556	945279
2527	MW013557	945279
2527	MW013558	286892
2527	MW013559	286892
2527	MW013560	286892
2527	MW013561	286892
2527	MW013562	286892
2527	MW013563	2772574
2527	MW013564	2772574
2527	MW013565	2772574
2527	MW013566	286892
2527	MW013567	286892
2527	MW013568	286892
2527	MW013569	286892
2527	MW013570	286892
2527	MW013571	286892
2527	MW013572	286892
2527	MW013573	286892
2527	MW013574	286892
2527	MW013575	286892
2527	MW013576	286892
2527	MW013577	286892
2527	MW013578	286892
2527	MW013579	286892
2527	MW013580	286892
2527	MW013581	286892
2527	MW013582	2772574
2527	MW013583	286892
2528	MW776588	2819977
2529	MZ014688	327332
2530	MZ014689	1486042
2531	KX027581	70977
2531	KX027582	70970
2531	KX027583	66817
2531	KX027584	66817
2531	KX027585	70941
2531	KX027586	70941
2531	KX027587	70977
2531	KX027588	70977
2531	KX027589	70970
2531	KX027590	66817
2531	KX027591	66817
2531	KX027592	70941
2531	KY968953	3879
2531	MW440556	70941
2531	MW440557	70977
2531	MW440558	70977
2531	MW440559	70977
2531	MW440560	70977
2531	MW440561	70977
2531	MW440562	70977
2531	MW440563	70977
2531	MW440564	70977
2531	MZ356153	47084
2531	OK036668	47084
2531	OK036669	47084
2531	OK036670	47084
2531	OK036671	47084
2531	OL455025	66817
2531	OL455026	66817
2531	OL455027	66817
2531	OL455028	66817
2531	OL455029	66817
2531	OL455030	66817
2531	OL455031	66817
2531	OL455032	66817
2531	OL455033	66817
2531	ON679663	70962
2531	ON679664	70962
2532	AM234076	260126
2532	MK313874	260126
2532	MK313875	2497458
2532	OK644062	260126
2532	OK644063	260126
2532	PP002367	260126
2533	OM060341	39908
2533	OM060350	1291645
2534	OM060342	1389442
2534	OM060344	2715423
2534	OM060347	2715424
2534	OM060348	2906031
2534	OM060351	1390715
2535	OM060343	512022
2535	OM060345	2906030
2536	OM060352	1390714
2536	OM060353	42041
2536	OM060354	42039
2537	OM218688	2909252
2538	PP035938	1515725
2539	KJ187614	1453371
2539	MF954031	2083124
2539	MH445992	597298
2539	PP035967	1453399
2540	PV810080	1762922
2540	PV818402	2695425
2541	PV900502	1151092
2542	PZ515784	45843
2542	PZ531942	45843
2542	PZ531943	45843
2542	PZ531944	45843
2542	PZ531945	45843
2542	PZ531946	45843
2542	PZ531947	45843
2542	PZ531948	45843
2542	PZ531949	45843
2542	PZ531950	45843
2542	PZ531953	45843
2542	PZ531954	45843
2543	AB675874	1100689
2543	AB675888	1100691
2543	AB675908	151001
2544	AB675882	150966
2544	AB675902	1100694
2545	AF303703	164821
2545	AF303708	82471
2545	AF303709	117928
2545	AF303710	164820
2545	JF807684	164821
2546	AF470487	163272
2546	EU877158	577056
2547	AF513652	175262
2547	KY306570	175262
2547	KY306571	1971666
2547	MG949294	175262
2547	MG949379	175262
2547	MH535213	175262
2548	AF513698	162860
2548	KY306632	162859
2549	AJ347888	171886
2549	AJ347889	171887
2549	AJ347890	171888
2549	AJ347891	171889
2549	AJ347895	171893
2549	AJ347896	171894
2549	AJ347899	171897
2549	AJ347900	171897
2549	AJ347901	171898
2549	AJ347902	171899
2549	AJ347903	171927
2549	AJ347904	171900
2549	AJ347905	171901
2549	AJ347906	171901
2549	AJ347908	171904
2549	AJ347909	171905
2550	AJ347892	46996
2551	AJ347898	171896
2552	AJ492438	200320
2552	AJ492439	4089
2552	MZ227007	2807281
2552	MZ227008	2837005
2553	AJ492423	4096
2553	AJ492424	4087
2553	AJ492425	118701
2553	AJ492426	4086
2553	AJ492427	49451
2553	AJ492428	200315
2553	AJ492429	118704
2553	AJ492444	81866
2553	AJ492452	4088
2554	AJ492459	103475
2554	KP100288	1689662
2555	AM234079	375275
2555	PP002396	1308998
2556	AM234087	375223
2556	KJ187638	375223
2556	MN295300	1186109
2556	PP002375	375223
2557	AM234075	375245
2557	AM234095	375248
2557	AM234096	375247
2557	AM234097	375246
2557	MF954052	2083138
2558	AM234127	375276
2558	PP049792	375276
2559	AM234130	375271
2560	AM234140	73826
2560	EF041510	73737
2560	HM116989	796001
2560	HM116990	164953
2561	AY594660	3827
2562	AY730122	309329
2562	AY730124	309426
2563	AY851064	318453
2563	AY851065	318453
2563	AY851066	318454
2563	AY851067	318454
2563	AY851068	318454
2563	AY851073	157881
2563	AY851074	157881
2563	AY851075	157881
2563	AY851076	157881
2563	AY851077	157881
2564	AY857966	42034
2565	AY955799	327143
2566	AJ492445	57321
2566	AJ492446	200322
2566	AJ492447	4097
2566	AJ492448	4097
2566	AJ492449	57322
2566	AJ492450	4098
2566	AJ492454	4091
2566	AJ492455	4091
2566	DQ277642	357745
2566	DQ277646	82213
2567	DQ414852	175349
2567	MT500599	175349
2568	DQ414905	376030
2569	DQ787421	327144
2570	EF041513	410698
2571	EF060223	39864
2571	EF060224	411978
2571	EF060229	411995
2571	KJ918501	403542
2571	MT923253	1309618
2571	MT923255	2764676
2571	OL662942	1937743
2571	OL662988	1937743
2571	OL662990	1937743
2571	OL662995	1937743
2571	OL663837	1937743
2571	OL663847	1937743
2571	OL663850	1937743
2571	OL663851	1937743
2571	OL664062	1937743
2571	OL664563	1937743
2571	OL664578	1937743
2571	OL665118	1937743
2571	OL665145	1937743
2571	OL681878	1937743
2572	EF670329	331162
2572	EF670330	331162
2572	EF670331	331162
2573	EF670358	468865
2574	EU338051	507405
2574	EU338055	507424
2574	JX840490	507405
2575	EU850632	106039
2576	EU850646	571694
2577	FJ037821	598475
2578	FJ037842	108434
2578	FJ037843	108434
2579	FJ037844	597409
2580	FJ037846	241886
2581	FJ037851	597298
2582	FJ794681	273595
2582	FJ794682	273551
2583	GU256791	705367
2584	GU256865	705348
2585	HF560563	62851
2585	MF695589	62851
2585	MK413691	62851
2586	HG004829	1341788
2586	KX786505	1202414
2587	HQ718999	167250
2587	HQ719000	167250
2588	HQ859306	985636
2589	JF807682	1088847
2589	JF807683	1088848
2590	AM234108	3115017
2590	AM234109	3115015
2590	JN091205	3115015
2590	JN091206	1134143
2590	JN091212	1134148
2590	JN091213	1134148
2590	JN091214	1134148
2590	JN091215	1134148
2590	KU164814	3115009
2590	KU164815	1758842
2590	KU164820	3341738
2590	MW023960	1134148
2590	MW023978	2773796
2591	JQ067210	1132208
2591	JQ067269	1132598
2591	JQ067271	1132254
2591	JQ067315	1237643
2591	JQ067317	1132209
2592	JQ067171	1132589
2592	JQ067266	1132213
2592	JQ067277	1132260
2593	EU338023	507406
2593	EU338025	507416
2593	EU338057	507393
2593	JX840499	507416
2593	JX840501	507430
2593	JX840576	507406
2594	JX862574	992665
2595	JX862656	126553
2596	KF318911	1386271
2596	KF318919	1386271
2597	KF318937	1386281
2597	KF318938	1386271
2598	KF318944	1386282
2598	KF318968	1136872
2599	KF771816	1454350
2599	KF771817	1454350
2599	KF771818	1454351
2599	KF771819	1454352
2599	KU295278	1454350
2599	KU295279	1454351
2600	KJ025067	65409
2601	FJ037852	597300
2601	KJ187606	1453368
2601	KJ187608	1231844
2601	KJ187626	1453381
2601	KJ187629	1453383
2601	KJ187636	1453389
2601	KJ187637	1453390
2601	KJ187641	1453392
2601	KJ187642	1453394
2601	KJ187643	1453395
2601	KJ187644	1453396
2601	KJ187646	1453398
2601	KJ187649	1453400
2601	KJ187650	1453401
2601	KJ187651	1453402
2601	KX789269	2014551
2601	KX789270	2014554
2601	KX789274	1231855
2601	MH446018	2217927
2601	MH446020	2217936
2601	MH446022	2217947
2601	MH446025	2217957
2601	MH446026	2217932
2601	MH446030	2217940
2601	MN295281	1492302
2601	MN295311	2602857
2601	MT623509	1492302
2601	MT623513	2745145
2602	KJ187620	866613
2603	KJ187653	1231860
2603	KJ187654	1231862
2603	PP035936	1231862
2604	KJ777202	1317844
2604	KJ777203	1317844
2604	KJ777231	1616055
2604	KJ777232	1616048
2604	KJ777233	1616048
2604	KJ777249	1616058
2604	KJ777250	1616058
2604	KJ777251	1616066
2604	MH535210	1616055
2605	KJ777276	162880
2605	KJ777277	162881
2605	KJ777278	162881
2605	KJ777279	162881
2605	KJ777280	2807133
2605	KJ777281	2807133
2605	KJ777282	1616064
2605	KJ777283	1616064
2605	KY306638	162880
2605	MG949296	2185243
2605	MG949297	162880
2605	MG949298	162881
2605	MG949313	162880
2605	MG949365	162880
2606	KM025155	679629
2607	KM113801	798036
2608	KP794351	1777529
2608	KP794352	1777556
2608	KP794353	1777564
2609	KP794355	1777542
2609	KP794356	1777554
2610	KR134009	1791931
2610	KR134010	1791931
2610	KR134011	592597
2610	KR134015	1791930
2610	KR134018	592596
2610	KR134019	592598
2610	KR134020	592598
2610	KR134021	592598
2610	KR134022	592598
2610	KR134023	592598
2610	KR134024	592598
2610	KR134025	592598
2610	KR134026	592598
2610	KR134027	592597
2610	KR134028	1791928
2610	KR134029	1791931
2610	KR134030	1791931
2610	KR134031	1791931
2610	KR134032	1791931
2610	KR134033	592599
2610	KR134034	1791926
2610	KR134035	1791931
2610	KR134036	592598
2610	KR134037	1791931
2610	KR134038	1791931
2610	KR134039	1791931
2610	KR134041	1791931
2610	KR134042	1791930
2610	KR134044	1791928
2610	KR134045	1791928
2610	KR134046	1791928
2610	KR134047	1791920
2610	KR134048	1791920
2610	KR134049	1791920
2610	KR134050	1791920
2610	KR134062	592598
2610	KR134063	592598
2610	KR134064	592598
2610	KR134065	592598
2610	KR134066	592598
2610	KR134067	592598
2610	KR134068	592597
2610	KR134069	592597
2610	KR134070	592597
2610	KR134071	592597
2610	KR134072	592597
2610	KR134073	346939
2610	KR134074	346939
2610	KR134075	346939
2610	KR134076	346939
2610	KR134077	346939
2610	KR134078	592598
2610	KR134079	592598
2610	KR134080	592598
2610	KR134081	592598
2610	KR134082	592598
2610	KR134083	592598
2610	KR134084	592598
2610	KR134085	592598
2610	KR134086	592598
2610	KR134087	592598
2610	KR134088	592598
2610	KR134089	1791923
2610	KR134090	1791923
2610	KR134091	1791923
2610	KR134092	1791923
2610	KR134093	1791920
2610	KR134094	1791920
2610	KR134095	592597
2610	KR134096	592597
2610	KR134097	592597
2610	KR134098	592597
2610	KR134099	1791930
2610	KR134100	1791929
2610	KR134101	1791926
2610	KR134102	1791922
2610	KR134103	1791931
2610	KR134104	1791931
2610	KR134105	1791931
2610	KR134106	592596
2610	KR134107	592596
2610	KR134108	592596
2610	KR134109	592596
2610	KR134110	1791927
2610	KR134111	1791927
2610	KR134112	1791929
2610	KR134113	1791929
2610	KR134114	592599
2610	KR134118	592598
2610	KR134119	1791920
2611	KR350144	431298
2611	KR350145	431298
2611	KR350151	1827173
2611	KR350155	1827169
2611	KR350156	1827246
2611	KR350157	1827247
2611	KR350160	1827175
2611	KR350161	1097224
2611	KR350165	1200764
2611	KR350168	1827172
2611	KR350170	1827180
2611	KR350171	1827171
2611	KR350172	1827248
2611	KR350175	1827179
2611	MF944333	1827179
2611	MF944338	2058794
2611	MF944340	2058798
2611	MF944341	2058526
2611	MF944344	2058525
2611	MF944345	2058533
2611	MF944346	2058532
2611	MF944347	2058531
2611	MF944367	2058592
2612	KR350150	1827184
2612	KR350164	1827184
2613	KR350166	1827168
2613	MF944279	1827168
2613	MF944280	1827168
2613	MF944281	1827168
2613	MF944284	2041832
2613	MF944285	2041832
2613	MF944292	2058562
2613	MF944297	1607998
2613	MF944299	2058565
2613	MF944300	2058565
2613	MF944317	2058521
2613	MF944318	2058523
2613	MF944325	431301
2613	MF944327	2058579
2613	MF944328	2058579
2614	KR350174	1827165
2615	KR350178	796484
2615	MF944337	796484
2616	KT338768	1499533
2617	KC779634	1457445
2617	KC779643	1457449
2617	KC779646	3825
2617	KT751419	1820349
2617	KT751421	1820351
2617	KT751431	1820356
2617	KT751440	232301
2617	KT751445	1457448
2617	KT751446	1457448
2617	KT751450	1820370
2617	KT751452	1457449
2617	KT751456	1820373
2617	KT751459	1820378
2617	KT751461	1048255
2618	KT923812	880475
2618	KT923813	880475
2618	KT923814	880466
2618	MG023252	880475
2618	MG023259	880475
2619	KT956864	1820304
2620	KT958318	1239327
2620	KT958326	352282
2620	KY858270	1239327
2621	KU164807	1758843
2621	MW023982	1308993
2622	KU164809	1758837
2622	KU164812	1758838
2622	MN295253	3110697
2622	MN295259	2602830
2623	AM234093	375264
2623	KU898288	1631729
2623	MF954068	1631729
2623	PP038300	3110334
2624	KX057881	198900
2625	KX509827	128608
2626	KY239245	1097233
2627	KY306499	162663
2627	MG949363	162663
2628	KY306526	162698
2628	KY306527	162699
2628	MG906847	162698
2628	MG906848	162699
2629	KY306529	1971653
2629	MH535095	1971653
2629	MH535096	1971653
2629	MH535098	2592556
2629	MH535099	2592556
2629	MH535100	2592556
2629	MH535102	2592556
2629	MH535103	2592556
2629	MH535122	2592556
2630	KY306546	162728
2630	KY306549	162731
2630	MG949316	162728
2631	KY306563	509000
2632	KY306564	1911664
2633	KY306565	1971664
2634	KY306569	1971665
2635	KY306572	162767
2636	KY306582	162795
2637	KY306583	1971673
2637	KY306584	162797
2637	KY306585	162798
2638	KY306589	1971674
2638	KY306590	162801
2638	KY306592	1971674
2638	KY306595	162805
2638	MG949361	1859072
2638	MG949369	162802
2638	MG949383	162801
2638	MH535211	162801
2639	KY306617	162837
2639	KY306619	1971682
2639	KY306621	162839
2639	MF987617	2082046
2639	MF987618	2082047
2639	MF987631	2126467
2640	KY420909	555479
2640	LC771598	555479
2641	KY512487	59338
2642	KM051460	124768
2642	KY968912	46112
2642	KY968920	124768
2642	KY968928	46112
2642	KY968942	124768
2643	LC429602	223431
2643	LC429603	2029336
2644	LC625801	2823994
2645	LC682626	2916651
2646	MF944264	217176
2646	MT500624	2735663
2646	MT500632	217176
2647	MF944274	1200763
2648	MF944343	2058530
2649	MF944372	431291
2649	MF944373	59353
2650	MF944376	2058597
2650	MF944378	2058598
2650	MF944386	2058539
2650	MF944387	2058540
2650	MF944395	2058607
2650	MF944396	2058608
2650	MF944397	2058608
2651	MF944388	2058538
2652	MF954023	2083117
2653	KJ187617	1453374
2653	KJ187632	1453385
2653	KJ187634	1453387
2653	MF954036	2083129
2653	MH446000	2083131
2653	MH446011	2083131
2653	MH446016	2217928
2653	MN295269	1453369
2653	MN295278	2749610
2653	MN295289	2602844
2653	MN295290	2602846
2653	MN295304	2602855
2653	MN295310	2602856
2653	MN295314	2602859
2653	PP002373	3109609
2654	MG229910	74345
2654	MG229911	74345
2654	MG229912	74345
2654	MG229913	74345
2654	MG229914	74345
2654	MG229915	74345
2654	MG229916	74345
2654	MG229917	74345
2654	MG229918	74345
2655	MG868984	764339
2655	MG868985	764339
2655	MG868986	764339
2655	MG868987	764339
2655	MG868988	764339
2655	MG868989	764339
2655	MG868990	764339
2655	MG868992	764340
2655	MG868999	2484201
2655	MG869000	2484201
2655	MG869001	2484201
2655	MG869003	764343
2655	MG869004	764343
2655	MG869005	764343
2655	MG872844	764339
2655	MG872845	764339
2655	MG872846	764339
2655	MG872847	764339
2655	MG872848	764339
2655	MG872849	764339
2655	MG872850	764339
2655	MG872851	764339
2655	MG872852	764343
2655	MG872853	764343
2655	MG872854	764343
2655	MG872855	764343
2655	MG872856	764343
2656	MG868997	2484200
2656	MG868998	2484200
2657	KY306545	1971659
2657	KY306548	162730
2657	KY306650	327150
2657	MG949301	162730
2657	MG949330	1971659
2657	MG949352	1971686
2658	MF954042	2083125
2658	MH445982	2217934
2658	PP002368	1924173
2659	MH445995	262459
2659	MH446015	262459
2660	MH446009	2217946
2661	MH535149	2060074
2662	MK179332	2496053
2662	MT500588	2735646
2662	MT500606	384577
2663	MK313858	2497465
2663	MK313860	2497461
2663	MK313864	2497462
2663	MK313865	2497466
2663	MK313866	2497460
2663	MK313867	2083151
2663	MK313868	2083151
2664	MK341345	645226
2664	MK341346	645226
2664	MK341347	645226
2664	MK341348	1137811
2664	MK341349	2604649
2664	MK341350	645226
2664	MK341351	645226
2665	MK341352	1137813
2665	MK341353	2604652
2665	MK341354	2182682
2665	MK341355	2182682
2665	MK341356	2182682
2665	MK341357	2182682
2666	MN295257	2602828
2666	MN295279	2602840
2666	MN295285	2749611
2666	MN295291	2602847
2666	MN295308	3113942
2667	MN295317	2602861
2668	MN295355	2602802
2668	MN295356	2602894
2668	MN295357	2602895
2669	MT500600	2735667
2670	MT500621	2735641
2670	MT500626	2735642
2670	MT500634	2735644
2670	MT500648	796787
2670	MT500661	2735639
2670	MT500662	2735606
2671	MT500622	2735666
2671	MT500623	2735660
2671	MT500625	2735664
2671	MT500631	2735661
2672	MT500629	2735652
2673	MT500635	796490
2674	MT500642	2735614
2675	MT500654	175388
2676	MT500677	177033
2677	MT500679	2735604
2678	MZ014674	2977355
2678	MZ014675	2977355
2678	MZ014676	2977355
2679	MZ014687	2803551
2680	OM218689	2909258
2681	MZ646047	2863118
2681	OM458870	2913527
2681	OM458875	2913531
2681	OM458876	2913535
2681	OM458877	2913535
2681	ON124025	2930500
2682	OP592163	2983995
2682	OP592167	2983995
2682	OP592169	2983995
2682	OP592173	2983995
2682	OP592174	906801
2682	OP592179	2983995
2682	OQ274973	2983995
2682	OQ274976	2983995
2682	OQ274977	2983995
2682	OQ274979	2983995
2682	OQ274983	2983995
2682	OQ274988	2983995
2683	OP798477	2961637
2683	OP798478	2961637
2683	OP798479	2961637
2683	OP798480	2961637
2683	OP798481	2961637
2683	OP798503	2961637
2683	OP798504	2961637
2684	OQ350865	3022994
2684	OQ350866	3022979
2684	OQ350867	3021913
2684	OQ350868	3021896
2684	OQ350870	3021930
2684	OQ350871	3022992
2684	OQ350874	198870
2684	OQ350875	539166
2684	OQ350879	2069317
2684	OQ350881	379247
2684	OQ350882	3022983
2684	OQ350883	3022990
2684	OQ350885	198894
2684	OQ350888	3021886
2684	OQ350890	539048
2684	OQ350894	3021897
2684	OQ350895	3021958
2684	OQ350901	3021925
2684	OQ350905	3021920
2684	OQ350906	3021881
2684	OQ350909	3021888
2684	OQ350912	539131
2684	OQ350913	3021926
2684	OQ350914	3021899
2684	OQ350917	3021915
2684	OQ350918	131022
2684	OQ350919	3021946
2684	OQ350920	3022993
2684	OQ350921	3021921
2684	OQ350922	3021914
2684	OQ350923	539054
2684	OQ350924	3021923
2684	OQ350925	3021908
2684	OQ350926	3021957
2684	OQ350930	198873
2684	OQ350931	3021943
2684	OQ350932	140924
2684	OQ350941	3021951
2684	OQ350942	539069
2684	OQ350943	3021918
2684	OQ350945	539125
2684	OQ350946	539167
2684	OQ350948	198883
2684	OQ350949	3021917
2684	OQ350951	3021890
2684	OQ350952	3021944
2684	OQ350953	198867
2684	OQ350954	3021901
2684	OQ350955	3021887
2684	OQ350956	3022975
2684	OQ350957	3021916
2684	OQ350961	3022976
2684	OQ350972	3022995
2684	OQ350973	3022996
2684	OQ350974	3021902
2684	OQ350975	3021937
2684	OQ350977	3021900
2684	OQ350979	3021903
2684	OQ350981	3021893
2684	OQ350982	3021938
2684	OQ350986	3021950
2684	OQ350987	3021891
2684	OQ350988	3021956
2684	OQ350989	3021904
2684	OQ350990	3022982
2684	OQ350991	3021953
2684	OQ350992	3021909
2684	OQ350993	3021895
2684	OQ350994	3021942
2684	OQ350995	198856
2684	OQ350996	3021884
2684	OQ350998	3021922
2685	OR680101	1445533
2686	AM234094	375265
2686	PP002392	1231863
2686	PP002393	3113943
2687	PP577824	3136932
2688	PP577835	53928
2689	PQ350376	85181
2690	PQ932035	3394374
2690	PQ932036	3394374
2691	PV900019	165637
2692	PV900020	165637
2693	PV900576	365470
2693	PV900579	224146
2693	PV900592	224146
2693	PV900598	365471
2694	PV900727	397272
2694	PV900731	224187
2695	PV901470	3447761
2695	PV901471	568563
2695	PV901472	137665
2696	AF303714	164837
2696	AF303715	164848
2696	AF303716	164847
2696	AF303717	164845
2696	AF303718	164844
2696	AF303719	164836
2696	AF303720	164842
2696	AF303721	164839
2697	AF303722	164832
2697	AF303723	164841
2697	AF303729	164828
2698	AF303724	164835
2698	AF303725	164834
2698	AF303726	164849
2698	AF303727	164843
2698	AF303728	164829
2699	AF513696	162834
2700	AF513699	162873
2700	KJ777219	162873
2700	KJ777220	162873
2701	AJ492431	118708
2701	AJ492432	118705
2702	AJ492442	200321
2702	AJ492443	118710
2703	AJ492453	200323
2704	AJ492456	195743
2705	AM234070	375213
2706	AM234081	375272
2707	AM234085	375279
2707	AM489410	420627
2707	AM489412	420630
2707	KX789290	420630
2707	PP002397	420630
2708	AM234089	375225
2708	KJ187647	375225
2709	AM234099	375263
2709	AM234100	375262
2709	KJ187655	39980
2709	KJ187656	375263
2709	MH445989	39980
2709	MH446002	375263
2710	AM234105	375216
2710	KU164802	178121
2710	KU164811	1758836
2710	KU898314	1308995
2710	MN295252	2602823
2710	MN295327	2602868
2710	MN295342	2602880
2711	AM234119	375258
2711	AM234121	375250
2711	AM234144	375269
2711	AM234145	375237
2711	AM234146	375238
2711	JN091219	1134152
2711	JN091233	1134167
2711	JN091248	1134469
2711	KU164799	1758847
2711	KU898291	1842126
2711	KU898293	1842124
2711	KU898297	1842126
2711	KU898303	1134167
2711	KU898310	1842104
2711	KU898320	1842099
2711	MF954055	2083140
2711	MH445990	2217925
2711	MN295260	2602831
2711	MW023961	2773787
2711	MW023966	1134158
2711	MW023999	2773805
2711	MW024000	1134471
2712	AM234128	260128
2712	MN295367	98583
2713	AM234131	375233
2713	AM234132	375232
2713	PP049780	375232
2713	PP049781	375233
2714	AM234134	375277
2714	PP049793	375277
2715	AM489411	420629
2715	KX789291	1631728
2716	AY730143	194257
2717	AY857974	308175
2718	AY955794	225349
2718	KY306519	225349
2719	AY955800	20676
2720	DQ414935	376055
2721	EF041512	164932
2722	EF041514	106073
2723	EF095740	428689
2723	EF095741	428680
2724	EF670356	468863
2724	EF670379	331248
2724	EF670380	331248
2724	EF670383	331248
2724	EF670384	331248
2725	AY730129	348855
2725	EU091655	463833
2725	EU091657	479797
2726	EU145372	484848
2727	EU338012	507433
2727	FJ381760	578547
2728	EU338030	507426
2729	EU338034	507403
2729	EU338038	507419
2729	EU338059	507425
2729	FJ381757	578544
2729	FJ381758	578543
2729	JX840506	507403
2729	JX840509	507413
2729	JX840543	507403
2730	FJ037848	241896
2731	FJ381756	578537
2732	FJ384026	269079
2732	FJ384027	269079
2732	FJ384030	39874
2732	FJ384031	39874
2732	FJ384032	39874
2732	FJ384033	153024
2732	FJ384037	39910
2732	FJ384039	39910
2732	FJ384040	39910
2732	FJ384041	39927
2732	FJ384042	39927
2732	FJ384043	39927
2732	FJ384044	39927
2732	FJ384045	39927
2733	FJ794632	273569
2733	FJ794636	690418
2733	FJ794651	243968
2733	FJ794670	273578
2733	FJ794677	273615
2734	FM204689	170354
2734	FM204690	170354
2734	MN257782	170354
2735	HG004800	1672627
2736	HG004819	185709
2737	HQ334912	200593
2738	HQ859246	270450
2739	AM234122	375257
2739	AM234123	1134154
2739	AM234124	375252
2739	JN091217	1134150
2739	JN091218	1134151
2739	JN091222	1134156
2739	JN091237	1134173
2739	JN091242	883795
2739	JN091243	883795
2739	JN091245	1134179
2739	KU898317	1842115
2739	KU898319	1842098
2739	KU898325	1842116
2739	KU898329	1842446
2739	MF954059	883795
2739	MW023976	2773794
2739	PP060575	3110726
2740	JQ067129	1132243
2741	JQ230341	1201181
2742	JQ230342	1201182
2742	JQ230343	1201182
2742	JQ230387	1201210
2743	JQ230370	1201200
2744	JQ230384	1201208
2744	PP456686	1201208
2745	JX152669	212700
2746	JX862606	1296297
2746	JX862607	1296297
2746	KC435854	1296292
2746	KC435880	1345057
2747	JX862629	1296300
2747	JX862647	1302827
2748	JX862631	1296298
2749	JX862657	495755
2749	JX862658	495748
2750	KF318899	1386283
2751	KF548544	1536438
2751	MG460392	154543
2751	MG460393	154543
2752	KF589870	1426847
2752	KF589872	1426847
2753	KJ187613	1231846
2753	KJ187621	1453377
2754	KJ777213	162873
2754	KJ777214	162873
2754	KJ777215	162873
2754	KJ777216	162873
2754	KJ777217	162873
2755	KJ777198	1616049
2755	KJ777205	162777
2755	KJ777206	162777
2755	KJ777208	162777
2755	KJ777209	162777
2755	KJ777210	162777
2755	KJ777221	1616051
2755	KJ777222	1616051
2755	KJ777223	1616051
2755	KJ777224	1616052
2755	KJ777225	1616053
2755	KJ777226	1616053
2755	KJ777236	1616057
2755	KJ777245	162779
2755	KJ777246	162779
2755	KJ777247	162779
2755	KJ777261	1619700
2755	KJ777263	1619702
2755	KJ777264	1619703
2755	KJ777265	1616059
2755	KJ777266	1616060
2755	KJ777267	1616060
2755	KJ777268	1616060
2755	KJ777271	1616062
2755	KJ777272	1616062
2755	KJ777273	1616062
2755	KJ777274	1616062
2755	KY306577	162777
2756	KJ777237	162778
2756	KJ777238	162778
2756	KJ777240	162778
2756	KJ777241	162778
2756	KJ777242	162778
2756	KJ777243	162778
2756	KJ777244	162778
2756	KJ777252	1616066
2756	KJ777254	1616066
2756	KJ777255	1616066
2756	KJ777256	1616066
2756	KJ777257	1616066
2756	KJ777258	1616066
2756	KJ777259	1616066
2756	KJ777260	1616066
2756	KJ777262	1619701
2756	MG949380	1971667
2757	KJ777275	162834
2758	KM113800	798026
2759	KP794354	1777552
2760	KP794388	1777550
2761	KR134115	592599
2761	KR134117	592599
2762	KR350147	1462481
2762	MF944336	1462482
2762	MF944339	2058795
2763	KR350173	1827249
2764	KT366071	1873198
2764	KT366072	1873208
2764	KT366073	1873198
2765	KT751422	1820352
2766	KT958317	1239326
2766	KT958341	122672
2766	KT958343	1756288
2766	KT958356	1239354
2766	KT958362	171327
2766	KY858269	1239326
2766	KY858373	122672
2766	KY858375	1756288
2766	KY858395	171327
2767	KT958345	213365
2767	KT958347	1285116
2767	KT958348	352322
2767	KT958352	352323
2767	KT958355	353215
2767	KY858377	213365
2767	KY858379	1285116
2767	KY858380	352322
2767	KY858384	352323
2767	KY858387	353215
2767	MF787822	353215
2768	KT958365	188994
2768	KY858388	1239354
2769	KU295287	1775393
2770	AM234118	375253
2770	JN091249	1134471
2770	KU898292	1842119
2770	KU898306	1842119
2770	KU898313	375250
2770	KU898330	1842114
2770	MF954050	2083137
2770	MN295255	2602800
2770	MN295256	2749607
2770	MN295262	3447533
2770	MN295326	2083136
2770	MW023959	1134175
2770	MW023962	2773788
2770	MW023965	1308987
2770	MW023970	2773791
2770	MW023971	1308988
2770	MW023972	1134175
2770	MW023981	2773798
2770	MW023986	1134175
2770	MW023987	2773801
2770	MW023990	2773784
2770	MW023995	1134178
2770	MW023998	1134182
2771	KX057873	167663
2772	KX789268	1924174
2772	MF954041	1924174
2773	KX789271	1924179
2773	KX789279	2014552
2774	KX789272	2014556
2774	KX789273	1453402
2775	KX789275	1231855
2776	KY021163	97036
2777	KY218781	470571
2778	KY306489	162646
2778	KY306490	162646
2778	MG949321	162646
2779	KY306541	1358845
2780	KY306543	241839
2780	MG949325	241839
2781	KY306547	1911665
2781	KY306610	1911665
2781	KY306612	1971680
2781	KY306613	1971681
2782	KY306557	1292000
2782	KY306558	1972465
2782	MG949342	2185237
2782	MG949343	2185237
2782	MG949344	1972465
2782	MG949345	2185237
2783	KY306602	1971678
2784	KY306611	121109
2785	KY306630	121106
2786	KY306651	162916
2787	KY782462	1160541
2788	KY968824	4076
2788	KY968854	4076
2788	MG693027	1274348
2788	MG693038	4076
2789	JX862670	126415
2789	LN515402	1539466
2790	LN515408	166594
2791	MF695620	2283212
2791	MF695621	2283212
2792	MF944269	1898965
2793	AM234111	375227
2793	JN091225	1134158
2793	JN091226	1134159
2793	JN091234	1134169
2793	KU898307	1842128
2793	KU898328	1842092
2793	MF954054	1842092
2793	MF954076	2025070
2793	MN295338	2602878
2793	MN295343	2602881
2793	MW023979	2773797
2794	AM234069	375210
2794	AM234073	375209
2794	MF954065	889034
2795	KY306521	162693
2795	KY306523	162694
2795	MF987600	72381
2795	MF987601	162694
2795	MG906830	162694
2795	MG906832	162694
2795	MG906836	508987
2796	KY306622	1971683
2796	MF987611	1954627
2796	MF987627	693477
2796	MF987629	2126466
2796	MF987630	1954632
2796	MF987632	162840
2796	MF987639	1954633
2796	MG906852	1954627
2796	MG906860	162840
2796	MG906863	1954633
2797	MG229894	2487578
2797	MG229895	2487578
2797	MG229896	2487578
2797	MG229897	2487578
2797	MG229898	2487578
2797	MG229899	2487578
2797	MG229900	2487578
2797	MG229901	2487578
2797	MG229902	2487578
2797	MG229903	36000
2797	MG229904	36000
2797	MG229905	36000
2797	MG229906	36000
2797	MG229907	36000
2797	MG229908	36000
2797	MG229909	36000
2798	MG868993	2484199
2798	MG868994	2484199
2798	MG868995	2484199
2799	MG949303	162880
2800	MG949320	2185258
2801	KJ777199	1619697
2801	KJ777200	1619698
2801	KJ777201	1619699
2801	KJ777234	1616056
2801	KJ777235	1616056
2801	MG949381	1971668
2802	MH446001	2217945
2803	MH446028	2217951
2803	MH446029	2217948
2804	MH446032	2217944
2805	MH656421	1534760
2806	MH710752	164261
2807	MH710820	2291125
2808	MK605250	2546292
2809	MN114131	2588156
2809	MN264656	1353442
2809	MN264657	1353442
2810	MN240644	2736636
2810	MN240645	2736636
2810	MN240649	2736934
2810	MN240651	2736635
2810	MN240652	2736635
2810	MN240653	2736635
2810	MN240654	62870
2810	MN240656	2736635
2810	MN240657	2736636
2810	MN240658	2736635
2810	MN240659	2736934
2810	MN240663	2736635
2810	MN240666	2736635
2810	MN240668	62870
2810	MN240677	2736635
2810	MN240679	2736635
2811	MN240660	62870
2811	MN240661	62870
2811	MN240662	2736934
2811	MN240664	62870
2811	MN240665	62870
2811	MN240667	62870
2811	MN240672	2736635
2811	MN240673	2736635
2811	MN240674	2736934
2811	MN240675	2736635
2811	MN240676	2736635
2811	MN240678	62870
2811	MN240681	2736635
2811	MN240683	2736635
2812	MN114127	1237413
2812	MN257656	2600551
2812	MN257670	992663
2812	MN257697	992663
2812	MN257717	992663
2812	MN257737	2600561
2812	MN257745	992663
2812	MN257754	992663
2812	MN257771	992663
2812	MN257798	992663
2812	MN257821	992663
2813	MN295270	1465302
2813	MN295309	883781
2813	MN295313	2602858
2813	MT623514	2602858
2814	MN295307	3113942
2815	AM234141	101975
2815	MN295324	101984
2815	MN295325	101988
2816	MN295345	1465332
2817	MN852283	2688202
2818	MT251448	99438
2818	MT251449	99438
2818	MT251450	99438
2818	MT251451	99438
2818	MT251452	99438
2818	MT251453	99438
2818	MT251454	99438
2818	MT251455	99438
2818	MT251456	99438
2818	MT251457	99438
2818	MT251458	99438
2818	MT251459	99438
2818	MT251460	99438
2818	MT251461	99438
2818	MT251462	99438
2818	MT251463	99438
2818	MT251464	99438
2818	MT251465	99438
2818	MT251466	99438
2818	MT251467	99438
2818	MT251468	99438
2818	MT251469	99438
2818	MT251470	99438
2818	MT251471	99438
2818	MT251472	99438
2818	MT251473	99438
2819	MT500597	2735636
2819	MT500651	2735637
2820	KC779711	1176036
2820	MT565577	1176036
2821	MT726102	2605013
2821	MT726103	2605015
2822	AM234114	375256
2822	KU898301	1631681
2822	KU898318	1842097
2822	MW023964	1631681
2823	JN091203	1134141
2823	MW023983	2773799
2823	MW023985	2316346
2823	MW023996	2773803
2824	KU898316	1842125
2824	KU898321	1842103
2824	MW023989	1842103
2824	PP002390	3149331
2825	MW602126	2840064
2826	MZ014673	327347
2827	MZ014690	1486043
2828	MZ366400	464022
2828	PV900609	240080
2828	PV900610	240080
2828	PV900619	240080
2828	PV900644	240080
2829	OL839315	3043474
2829	OL839319	1541237
2829	OL839320	679632
2829	OL839321	1470419
2830	OM218692	178183
2831	OM218697	2909277
2832	OM886413	2922421
2832	OM886422	2743214
2833	OP537840	1789567
2833	OP680785	2986995
2834	OQ274968	2983995
2835	OQ350880	3021906
2835	OQ350969	3021952
2835	OQ351001	3021948
2836	MH445993	688044
2836	MH446027	688044
2836	PP002374	688044
2837	MF954014	2083113
2837	PP049776	375207
2838	PP060556	3110703
2839	AF470501	160533
2839	AF470503	160528
2839	AF470504	160532
2839	AF470508	187191
2839	AF470510	112609
2839	AF470511	112613
2839	AF470513	160529
2839	AF470516	160529
2839	AF470518	160534
2839	AF470523	187187
2839	AF470524	187187
2839	MH574772	2259616
2839	MK626688	2547731
2839	MK626689	2547732
2839	MN907381	2783855
2839	OP087801	2966635
2839	OQ476073	3029398
2839	PQ809735	160528
2839	PQ809739	160538
2839	PQ809750	160529
2839	PQ809751	160529
2839	PQ809752	160529
2840	PV900432	454461
2841	PV900435	798174
2841	PV900436	798174
2841	PV900439	798174
2842	PV900698	525237
2842	PV900699	525237
2842	PV900720	355937
2843	PV900710	3139248
2843	PV900714	3139248
2843	PV900760	151237
2844	PV900741	240121
2845	PX622561	883788
2846	AB894142	50284
2847	AJ347893	171890
2847	AJ347920	171909
2848	AJ347913	59993
2849	AJ492433	35889
2850	AJ492434	118713
2850	AJ492437	200319
2851	AJ492435	200317
2851	AJ492436	200318
2851	AJ492440	140890
2851	AJ492441	118714
2852	AJ492430	200316
2852	AJ492451	49453
2853	AJ492457	195718
2854	AM234071	178177
2855	AM234084	375214
2855	KX789287	375214
2855	MF954018	375214
2855	MN295265	2602822
2855	MN295267	2321255
2855	PP049777	375214
2856	AM234133	375212
2857	AM234135	334483
2857	AM234136	334487
2857	AM234137	39974
2857	AM234138	178109
2857	MN852286	2688202
2858	AM404344	121782
2858	KP878856	121782
2859	AY557228	280454
2860	AY730126	309428
2860	AY730127	309429
2860	EU091646	463855
2861	DQ277636	198824
2861	DQ277637	34213
2861	DQ277643	198817
2862	DQ414921	376045
2863	EF566982	162806
2863	KY306593	162803
2863	KY306594	661049
2863	MG949362	162805
2863	MG949372	162802
2864	EF670355	468861
2865	EU338010	507440
2866	EU338039	507423
2866	JX840523	507423
2867	AJ744951	155124
2867	EU347722	155124
2867	EU347723	449028
2867	EU347724	508224
2867	EU347725	472498
2867	EU347726	449062
2867	EU347727	508222
2867	EU347728	508219
2867	EU347729	448991
2867	EU347730	449027
2867	EU347731	472485
2867	EU347732	508218
2867	EU347733	449006
2867	EU347734	449048
2867	EU347735	508217
2867	EU347736	448989
2867	EU347747	508342
2867	EU347748	449074
2867	EU347749	508340
2867	EU347750	508340
2867	EU347751	508339
2867	EU347753	508338
2867	EU347754	508337
2867	EU347864	508242
2867	EU347866	508243
2867	EU347870	508248
2867	MN736469	155124
2867	MN736470	155124
2867	MN736471	155124
2867	MN736472	155124
2867	MN736473	155124
2867	MN736474	155124
2867	MN736475	155124
2867	MN736476	155124
2867	MN736477	155124
2867	MN736478	155124
2867	MN736479	155124
2867	MN736480	155124
2867	MN736481	155124
2867	MN736482	155124
2867	MN736483	155124
2867	MN736484	155124
2867	MN736485	155124
2867	MN736486	155124
2867	MN736487	155124
2867	MN736488	155124
2867	MW669320	2814926
2868	EU441204	506636
2868	EU441210	506635
2868	EU877155	577039
2868	KU295252	1775367
2868	KU295253	1775368
2868	KU295257	1775372
2868	KU295261	506635
2868	KU295262	1775375
2868	KU295263	1775376
2868	KU295269	1775381
2868	KU295271	1775383
2868	KU295276	1775387
2868	KU295277	1775388
2869	FJ381764	3956
2870	FJ381775	155022
2871	FJ381777	578552
2872	EU338008	507438
2872	FJ381778	578553
2873	FJ384046	39927
2873	FJ384047	39927
2873	FJ384048	39927
2873	FJ384049	39927
2873	FJ384055	571280
2874	FJ794618	531918
2875	FJ794673	4332
2876	GQ889019	690824
2877	HG004788	1172582
2878	HM854640	880471
2878	HM854641	880471
2878	HM854642	880513
2878	HM854647	880466
2878	HM854648	880462
2878	HM854661	880512
2878	KT923819	880466
2878	KT923825	1891906
2878	KT923826	1891902
2878	MG023251	880464
2878	MG023254	880471
2878	MG023258	880466
2879	HQ615107	480612
2880	HQ719007	167254
2880	HQ719014	167280
2880	HQ719015	937792
2880	HQ719016	937792
2880	HQ719017	937786
2880	HQ719018	937787
2880	HQ719019	937787
2880	HQ719020	937793
2880	HQ719022	937796
2880	HQ719023	937788
2880	HQ719024	64014
2880	HQ719025	64014
2880	HQ719026	937790
2880	HQ719028	167285
2880	HQ719029	167285
2880	HQ719031	167285
2880	HQ719032	167285
2880	HQ719035	167285
2880	HQ719036	167285
2880	HQ719038	167285
2880	HQ719039	167285
2880	HQ719040	167285
2880	HQ719041	167285
2880	HQ719042	167285
2880	HQ719045	167289
2880	HQ719046	167289
2880	HQ719048	167289
2880	HQ719060	167287
2880	HQ719061	167287
2880	HQ719063	167312
2880	HQ719064	167312
2880	HQ719065	167312
2880	HQ719066	167312
2880	HQ719067	64018
2880	HQ719068	64018
2880	HQ719069	64018
2880	HQ719070	64018
2880	HQ719071	64018
2880	HQ719072	64018
2880	HQ719073	64018
2881	AM234098	375244
2881	AM234143	260145
2881	JN091208	3115016
2881	JN091209	1134146
2881	JN091210	3109953
2881	JN091220	1134153
2881	JN091223	1134157
2881	JN091227	1134161
2881	JN091228	1134162
2881	JN091230	1134164
2881	KU164821	3115009
2881	KU898290	1842444
2881	KU898294	1842107
2881	KU898298	1842113
2881	KU898299	1842117
2881	KU898300	1842101
2881	KU898302	1842127
2881	KU898308	1842129
2881	KU898312	1134170
2881	KU898322	1842445
2881	KU898323	1842443
2881	KU898327	1842121
2881	KU898333	1842090
2881	KX789289	375244
2881	MF954028	2083121
2881	MF954060	1842127
2881	MW023967	2773806
2881	MW023974	1631703
2881	MW023977	2773795
2881	MW023984	2773800
2881	MW023988	2773783
2882	AM234125	375261
2882	JN091236	1134172
2882	KU164816	1758841
2883	AM234110	1134181
2883	AM234112	375229
2883	AM234113	1134184
2883	JN091216	1134149
2883	JN091232	1134166
2883	JN091241	1134177
2883	JN091250	1134470
2883	KU898324	1842111
2883	KU898326	1842105
2883	MW023993	1308995
2883	MW023997	2773804
2883	PP035970	3110373
2884	JQ067128	1132197
2884	JQ067184	1132594
2885	JQ067142	1132250
2886	JQ067249	1132218
2887	JQ230333	93018
2888	JQ398732	128265
2889	JX040540	48401
2890	JX070195	1201176
2890	MH212262	2507959
2890	MH212263	2507959
2891	JX070198	58707
2892	JX152671	688064
2892	JX152677	1224784
2893	JX152687	212701
2893	JX152689	1224787
2894	EU338018	507392
2894	EU338019	507407
2894	EU338021	507415
2894	FJ381761	2807183
2894	FJ381762	2807183
2894	JX840500	507392
2894	JX840530	507429
2894	JX840560	507415
2894	JX840579	507415
2895	JX862625	38872
2896	KC779694	1457465
2896	KC779696	1457465
2897	KC779706	2986840
2898	KJ777190	1616046
2898	KJ777191	1616046
2898	KJ777269	1616061
2899	KJ777192	1619696
2899	KJ777193	1616047
2899	KJ777227	1616054
2899	KJ777228	1616054
2899	KJ777270	1616061
2900	KJ777211	162873
2900	KJ777212	162873
2901	KM051457	3442
2902	KM051462	45004
2903	KM113799	798035
2904	KM495117	1591382
2905	KP794323	316901
2905	KP794324	316901
2905	KP794330	1487843
2906	KP794348	1777544
2906	KP794349	1777544
2906	KP794350	1777562
2907	KP794363	398639
2907	KP794364	398639
2907	KP794365	316899
2907	KP794366	1777548
2907	KP794367	1777558
2907	KP794368	1777539
2907	KP794369	1777553
2907	KP794370	1777539
2907	KP794371	1777558
2907	KP794372	1777545
2907	KP794373	1777545
2907	KP794374	1777565
2908	KP794434	1777501
2909	KR350148	1827178
2909	KR350149	1827174
2909	KR350152	1097208
2909	KR350153	1827170
2909	KR350154	1827177
2909	KR350158	1676814
2909	KR350159	1827182
2909	KR350176	1827176
2909	KR350177	1827181
2909	MF944332	1097208
2910	KR350169	1827166
2911	KP100298	540831
2911	KT366079	1873195
2912	KT958327	1239332
2912	KY858279	1239332
2913	KU164798	3115010
2914	KU295281	1735051
2915	KU295282	1433446
2915	MF285471	2019945
2915	MF285472	1735045
2915	MF285475	1735048
2915	MF285477	1735049
2915	MF285480	163266
2915	MF285494	1433446
2915	MF285495	1433447
2915	MF285500	2019947
2915	MF285502	2019948
2916	KU295289	1505678
2916	KU295290	1505694
2917	KX057841	53846
2918	KX509877	3435
2919	KY021161	97036
2919	KY021162	97036
2919	KY021164	97036
2919	KY021165	97036
2919	KY021166	97036
2919	KY021167	97036
2919	KY021168	97036
2919	KY021169	97036
2919	KY021170	97036
2919	KY021171	97036
2919	KY021172	97036
2919	KY021173	97036
2919	KY021174	97036
2919	KY021175	97036
2920	KY306528	49801
2921	KY306575	162804
2921	KY306576	162804
2921	MG949305	162804
2921	MH535212	162804
2922	KY306607	121102
2922	KY306608	121102
2922	KY306609	121103
2922	MH535214	121101
2922	MH535215	121103
2923	KY306616	53900
2923	KY306618	162838
2923	KY306620	1911668
2923	KY306623	162840
2923	KY306624	1971684
2923	KY306625	1954635
2923	MF987607	53900
2923	MF987613	162838
2923	MF987619	1954630
2923	MF987623	2126465
2923	MF987624	1954631
2923	MF987625	2082049
2923	MF987626	2082050
2923	MF987634	693478
2923	MF987635	2082051
2923	MF987638	2126469
2923	MF987644	509024
2923	MF987649	2126471
2923	MG906851	53900
2923	MG906853	162838
2923	MG906857	2082049
2923	MG906858	2082050
2923	MG906859	693477
2923	MG906861	2082051
2924	KY321071	148711
2925	KY406145	1930804
2925	KY406146	1930809
2925	KY406147	1930807
2925	KY406148	1930801
2925	KY406149	1930802
2925	KY406150	1930806
2925	KY406151	1930805
2925	KY406152	1930808
2925	KY406153	1930811
2925	KY406154	1930803
2925	KY406155	1930799
2925	KY468936	1935946
2926	KY968966	47083
2926	MT923626	47083
2926	OK667797	47083
2927	LN515403	126416
2928	HF560579	1263476
2928	MF944283	2058558
2928	MF944289	2058561
2928	MF944298	1097203
2928	MF944301	2058566
2928	MF944302	2058566
2928	MF944305	2058569
2928	MF944310	2058573
2928	MF944319	2058519
2928	MT500605	384580
2928	MT500609	2735623
2929	MF944374	2058595
2930	MF944375	2058596
2930	MF944377	2058596
2931	MF944384	2058543
2931	MF944385	2058545
2931	MF944391	2058605
2931	MF944392	2058605
2932	MF987647	2126470
2933	MG008340	2305414
2933	MG008341	2305414
2934	MG460383	2320129
2935	KF548545	1536439
2935	MG460390	2018360
2936	MG693004	41689
2936	MG693005	41689
2937	MG693012	1387700
2937	MG693017	944497
2937	MG693029	35625
2937	MG693039	434267
2938	MG869002	764342
2938	MG869007	38211
2938	MG869009	38211
2938	MG869010	38211
2938	MG869011	38211
2939	MG949304	1971657
2940	MH446003	260132
2940	PP002376	3109616
2941	MF987598	162653
2941	MH535218	72382
2941	MH535219	72381
2942	MH710658	127129
2943	MH710743	253011
2943	MH710828	253011
2944	MH710831	757445
2945	MH711090	172644
2946	MK164443	2487454
2946	MK164459	2487463
2946	MK165480	2487454
2947	MK164463	2487465
2948	MK164483	516985
2948	MK164522	2487496
2948	ON009193	2137384
2949	MK179315	2496053
2950	MN114132	114981
2951	MN200187	136990
2952	MN200188	136990
2953	MN240647	2735627
2953	MT500593	2735627
2953	MT500660	2735617
2954	JX862623	93977
2954	MN525478	424907
2954	OR540651	424903
2954	OR540652	424903
2954	OR540653	424903
2954	OR540654	424903
2954	OR540655	424903
2954	OR540656	424903
2954	OR544048	93977
2954	OR544115	126555
2954	OR544116	126555
2954	OR544117	126555
2954	OR544118	126555
2954	OR544143	420840
2954	OR544144	420840
2954	OR544145	420840
2954	OR544146	420840
2954	OR544147	420840
2954	OR544148	420840
2954	OR544219	424914
2954	OR544220	424914
2954	OR544221	424914
2954	OR544231	455487
2954	OR544232	455487
2954	OR544233	455487
2954	OR544234	455487
2954	OR552442	2748910
2954	OR552443	2748910
2954	OR552444	2748910
2954	PQ302579	93977
2954	PQ302580	93977
2955	MT251436	99437
2955	MT251437	99437
2955	MT251438	99437
2955	MT251439	99437
2955	MT251440	99437
2955	MT251441	99437
2955	MT251442	99437
2955	MT251443	99437
2955	MT251444	99437
2955	MT251445	99437
2955	MT251446	99437
2955	MT251447	99437
2955	PZ348213	99437
2955	PZ348214	99437
2955	PZ348215	99437
2956	MT500607	2735645
2957	MT500611	2735647
2958	MT500659	2735629
2959	MT500664	2735648
2960	KC779678	232299
2960	KC779679	232299
2960	KC779681	1457460
2960	KC779691	1471002
2960	KC779697	1457466
2960	KC779704	1457469
2960	KC779708	232299
2960	KC779709	232299
2960	MT565578	2795317
2961	JN091235	1134170
2961	MW023968	1134152
2962	MZ014679	327352
2962	MZ014680	327352
2962	MZ014681	327352
2962	MZ014682	327352
2962	MZ014683	2977220
2962	MZ014684	2977221
2962	MZ014685	2977222
2963	MZ513909	70957
2963	MZ513910	70957
2963	MZ513911	70957
2963	MZ513912	70957
2963	MZ513913	70957
2963	MZ513914	70957
2963	MZ513915	70957
2964	OK644053	2887337
2964	OK644054	2887337
2964	OK644056	2887329
2964	OK644057	2887329
2964	OK644058	2887339
2964	OK644059	2887339
2964	OK644060	2887339
2965	OM218678	271782
2966	OM218683	2807276
2967	OM218686	2909257
2968	KP794418	423289
2968	KP794419	1123542
2968	OM886415	446556
2968	OM886416	423289
2968	OM886417	1487785
2968	OM886419	446557
2968	OM886420	1123542
2969	ON677963	2950353
2970	OP431255	2978248
2971	OP798435	2961634
2971	OP798483	1353465
2971	OP798484	1353465
2971	OP798485	1353465
2971	OP798486	1353465
2971	OP798491	2961634
2971	OP798565	2961631
2971	OP798567	2961631
2971	OP798579	2961636
2971	OP798592	2961636
2971	OP798593	1353465
2971	OP798594	2961636
2971	OP798595	2961634
2971	OP798599	2961634
2971	OP798602	1353465
2971	OP798640	1353465
2971	OP798643	2961634
2972	OQ350864	3021892
2972	OQ350877	3021919
2972	OQ350884	3021947
2972	OQ350887	3022987
2972	OQ350892	3022980
2972	OQ350893	1417636
2972	OQ350896	539112
2972	OQ350902	3021907
2972	OQ350903	3021945
2972	OQ350904	539059
2972	OQ350907	3021911
2972	OQ350908	3021936
2972	OQ350934	3021910
2972	OQ350936	3021933
2972	OQ350939	198866
2972	OQ350940	3021949
2972	OQ350958	3022984
2972	OQ350959	3021954
2972	OQ350960	3022986
2972	OQ350962	198855
2972	OQ350967	3021885
2972	OQ350968	3022981
2972	OQ350978	539138
2972	OQ350980	3021935
2972	OQ350983	3022989
2972	OQ350984	539014
2972	OQ350997	3021882
2972	OQ350999	3022985
2972	OQ351000	539042
2972	OQ351003	3021905
2973	OQ350876	3021960
2973	OQ350886	3021934
2973	OQ350889	3021939
2973	OQ350915	3022988
2973	OQ350916	3021961
2974	OQ350900	3021883
2975	OQ351005	539111
2976	LN515407	424906
2976	OR544021	424906
2976	OR544022	424906
2976	OR544023	424906
2976	OR544026	424906
2976	OR544149	455486
2976	OR544150	455486
2976	OR544151	455486
2976	OR544152	455486
2976	OR544153	455486
2976	OR544154	455486
2976	OR544155	455486
2977	OR680100	1445533
2978	OR680110	228487
2979	AM234077	375219
2979	AM234078	375384
2979	OK644049	2083119
2979	OK644050	2083119
2979	OK644051	2083119
2979	OK644052	2083119
2979	OK644055	2887338
2979	OK644061	1924161
2979	OK644064	2887340
2979	OK644065	375219
2979	OK644066	2887341
2979	OK644067	2887342
2979	OK644069	2887342
2979	OK644071	2083120
2979	OK644072	2887330
2979	OK644074	2887330
2979	OK644075	2887343
2979	PP002364	2743218
2979	PP002366	1924161
2979	PP049779	1365876
2980	PP002388	3109612
2981	PP577805	1763478
2981	PP577825	3136926
2981	PP577834	1763478
2982	PV900335	1245801
2982	PV900338	192337
2983	PV900568	798186
2984	PV901128	70957
2984	PV901129	70957
2985	AB451545	280454
2985	AB451547	552471
2986	AF272294	128651
2987	AF470499	199944
2987	AF470505	160536
2987	AF470515	187186
2987	AF470519	187186
2988	AF470526	112603
2989	AJ347907	171902
2989	MK920928	171902
2990	AJ492458	195726
2991	AM234068	375267
2991	KU898331	1842102
2992	AM234088	119951
2992	KJ187635	1453388
2993	AM234101	260135
2993	AM234102	375239
2993	KU898289	1842122
2993	KU898305	1631691
2993	KX789288	260135
2994	AM234129	178133
2994	MF954074	1504485
2994	PP049791	178133
2995	AM234147	375281
2995	AM234148	375280
2995	OM218695	178185
2996	AM234149	119949
2996	JQ740194	119949
2996	KX789286	119949
2997	AY052780	173437
2997	EU700340	533268
2997	EU817408	569774
2997	GQ396668	173437
2998	AY492097	263976
2999	AY492111	263979
3000	AY557229	280455
3001	DQ414889	175357
3002	DQ414904	376029
3003	DQ414908	376033
3004	DQ414909	175380
3005	DQ414910	175367
3006	DQ414944	376064
3006	DQ414945	376065
3006	DQ414946	376066
3006	DQ414947	376068
3006	DQ414948	175372
3006	DQ414949	376069
3006	DQ414950	376070
3006	DQ414951	376071
3006	DQ414952	376072
3006	DQ414953	376073
3006	DQ414954	376074
3006	DQ414955	376075
3006	DQ414956	376076
3006	DQ414957	376077
3006	PQ891803	376064
3006	PQ891804	3393756
3007	DQ414962	175376
3007	DQ414963	376083
3007	DQ414964	376084
3007	DQ414965	376085
3007	DQ414966	376086
3007	DQ414967	376087
3007	DQ414968	376088
3007	DQ414969	376089
3007	DQ414970	376090
3007	DQ414971	376092
3007	DQ414972	376093
3007	DQ414973	376094
3007	MK179295	2496054
3007	MK179297	2496054
3007	MK179298	2496054
3007	MK179317	2496054
3007	MK179336	376094
3007	MK179340	376083
3007	MK179344	376083
3007	MK179347	376090
3007	MK179348	376083
3007	MK179351	376083
3007	MK179356	2496054
3008	EF025090	419388
3009	EF214585	441029
3009	FJ605236	440933
3010	EF670324	468857
3010	EF670325	468857
3010	EF670326	468857
3010	EF670327	468857
3010	EF670328	468856
3011	EU338009	507439
3011	FJ381780	578555
3011	JX840498	578555
3011	JX840536	507439
3011	JX840549	578556
3012	EU338014	507421
3012	EU338015	507421
3012	EU338020	507411
3012	EU338022	312943
3012	JX840524	507421
3012	JX840553	507421
3013	EU338031	507389
3013	EU338032	507390
3013	EU338033	507391
3014	EU338047	507427
3015	EU877145	577048
3016	EU924346	189386
3017	FJ037849	241938
3017	FJ037850	241938
3017	MT726105	241937
3018	FJ037860	289801
3018	FJ037861	289801
3018	JX987539	298314
3018	JX987540	298314
3019	FJ037862	597320
3020	FJ037897	597398
3020	FJ037898	597398
3020	FJ037899	597398
3021	FJ381771	578533
3021	FJ381772	578533
3022	FJ381776	578550
3023	FJ381782	578559
3023	JX840493	507438
3023	JX840496	578549
3023	JX840546	578559
3023	JX840550	578549
3024	FJ384056	42042
3024	FJ384057	42042
3024	FJ384058	42042
3024	KJ918495	42042
3024	LC424042	42042
3025	FJ794646	273590
3026	GQ413942	499991
3026	GQ413943	671148
3027	HG004808	228538
3028	HG004886	1341785
3029	HG964373	1476176
3029	HG964376	1353251
3029	HG964384	1476181
3030	HQ615106	480463
3031	HQ719001	64017
3031	HQ719005	167297
3031	HQ719006	937798
3032	JQ067135	1132263
3032	JQ067144	3829
3032	JQ067292	1237632
3032	JQ067324	165774
3032	JQ067333	165760
3032	JQ067337	1208115
3033	JX152672	450124
3033	JX152676	948959
3033	JX152678	1224784
3033	JX152682	77050
3033	JX152683	77050
3033	JX152685	1224785
3033	JX152686	1224786
3034	JX862573	495757
3035	JX862621	158383
3036	JX862655	129566
3037	KC798477	100510
3038	KC862356	664995
3038	KC862357	664995
3038	KC862358	664995
3038	KC862359	664995
3038	KC862360	664995
3038	KC862361	664995
3038	KC862362	664995
3038	KC862363	664995
3038	KC862364	664995
3038	KC862365	664995
3038	KC862366	664995
3038	KC862367	664995
3038	KC862368	664995
3038	KC862369	664995
3038	KC862370	664995
3038	KC862371	664995
3038	KC862372	1348781
3038	KC862373	1348781
3038	KC862374	1348781
3038	KC862375	1348781
3038	KC862376	1348781
3038	KC862377	664994
3038	KC862378	664994
3038	KC862379	664994
3038	KC862380	664994
3039	KF318894	577038
3040	KF318901	1386258
3040	KF318920	1386249
3041	KF318907	1386276
3042	KF318910	1386256
3042	KF318941	1386257
3042	KF318949	1386239
3042	KF318952	1386279
3043	KF318923	1386264
3043	KF318935	1386265
3043	KF318951	1386265
3044	KF318914	1386262
3044	KF318931	1386247
3044	KF318939	1386244
3044	KF318956	1386247
3044	KF318957	1386247
3045	KM025161	120015
3045	MG869015	120015
3045	OL839314	120015
3046	KM659707	300014
3047	KP794346	1777566
3047	KP794347	1777566
3048	KP794394	1777535
3048	KP794395	1777535
3048	KP794396	1777535
3049	KP794420	1441922
3049	OM886414	2922422
3050	KP794441	1777514
3051	KR134043	1791930
3051	KR134051	592596
3051	KR134052	592596
3051	KR134053	592596
3051	KR134054	592596
3051	KR134055	1791930
3051	KR134056	1791930
3051	KR134057	1791930
3051	KR134058	592598
3051	KR134059	592598
3051	KR134060	592598
3051	KR134061	592598
3051	KR134116	1791930
3052	KT366048	540802
3053	KT366049	540802
3053	KT366080	1689672
3053	KT366081	1873219
3053	KT366099	1873199
3054	KT366051	33115
3054	KT366054	1873197
3055	KT366052	1689671
3055	KT366053	1689671
3055	KT366055	1689671
3056	KT366058	1873216
3056	KT366059	1873218
3056	KT366062	1873204
3057	KT366060	1873203
3058	KT366064	1689670
3058	KT366065	1689670
3059	KT366068	1873209
3060	KT366069	540814
3061	KT366070	1873205
3062	KT366076	1873210
3063	KT366078	540814
3064	KT366082	1873219
3064	KT366083	1873217
3065	KT366084	1873220
3065	KT366085	540831
3065	KT366086	540831
3065	KT366087	540832
3065	KT366090	1873213
3065	KT366091	1873213
3065	KT366092	1873215
3066	KT366088	1873214
3066	KT366089	1873214
3067	KT366095	1873206
3068	KT366101	1873200
3069	KT958316	171302
3069	KT958320	1239328
3069	KT958324	123002
3069	KT958330	1239335
3069	KY858267	171302
3069	KY858272	1239328
3069	KY858282	1239335
3070	KT958358	1239355
3070	KT958367	1239360
3070	KY858390	1239355
3070	KY858399	1239360
3071	KU164810	1465246
3072	KU295280	1433444
3072	MF285491	1433445
3073	KU720155	1891663
3073	KU720156	1891663
3074	KX509868	1934620
3074	KX509873	128671
3075	KY239247	2058749
3075	KY239248	2058747
3076	KY242163	1921741
3077	KY306629	162854
3077	MH535216	162854
3078	KY421011	555479
3079	KY584387	1620207
3079	KY968844	326937
3079	KY968941	2035707
3080	MF353633	2231821
3081	MF543771	469782
3081	MF543772	469782
3081	MF543773	469782
3081	MF543774	469782
3081	MF543775	469782
3081	MF944266	2058513
3081	MF944268	1439912
3081	MG924887	230574
3081	MG924888	329320
3082	MF543807	1534692
3082	MF543808	1534692
3082	MF543809	1534692
3082	MF543810	1534692
3083	MF944265	230571
3083	MF944267	2058512
3083	MG924889	230571
3083	MG924890	231484
3084	MF944275	2058556
3084	MF944276	1200755
3084	MF944277	2058517
3085	MF944335	2058582
3085	MF944381	2058541
3085	MF944382	2058542
3085	MF944383	2058544
3085	MF944394	796488
3086	MF944368	2058796
3086	MF944370	2058800
3087	MF944393	2058606
3088	MF954013	2083112
3088	PP049775	2083112
3089	MF954027	681297
3090	MF954075	98583
3091	MH445999	2217935
3092	MK164453	2487459
3093	MK164466	1185425
3093	MK164491	2487474
3093	MK164507	2487483
3093	ON009199	516985
3093	ON009200	2927015
3094	MK164479	2487472
3094	MK164490	2487473
3095	MK164497	2487477
3096	MK179337	2496054
3096	MK179353	2495973
3096	MK179361	2496054
3097	MK356170	907953
3097	MK356171	907953
3097	MK356172	907953
3097	MK356180	2597251
3097	MK356181	2597251
3097	MK356182	2597251
3097	MK356183	2597251
3098	MK413695	431304
3099	MN114150	2588155
3100	MN240648	2735635
3100	MT500590	2735638
3100	MT500594	2735631
3100	MT500595	2735633
3100	MT500596	2735635
3100	MT500598	796457
3100	MT500655	2735638
3101	MN257646	2600488
3102	EU338028	493959
3102	JX840511	493959
3102	JX840562	493959
3102	MN257659	493959
3103	MN257692	2600506
3104	MN257718	2600559
3104	MN257746	2600411
3104	MN257749	2600412
3105	MN257813	2600445
3106	AM234083	375273
3106	MN295344	3149331
3107	MN295346	375265
3108	MN525465	126540
3108	MN525466	126541
3109	MN525471	990351
3110	MT726063	2604976
3111	MT726104	241883
3112	MT923363	151246
3113	MT923607	1402424
3114	MT923613	49829
3115	MT923622	36902
3116	MZ366380	2844914
3116	PV900563	151230
3117	OL839316	2653221
3118	OL863107	2668598
3119	ON922884	162892
3120	OP643685	1129484
3121	OP798436	77268
3121	OP798507	77268
3121	OP798508	77268
3121	OP798518	77268
3121	OP798519	77268
3121	OP798520	77268
3121	OP798521	77268
3121	OP798522	77268
3121	OP798523	77268
3121	OP798524	77268
3121	OP798525	77268
3121	OP798526	77268
3121	OP798527	77268
3121	OP798528	77268
3121	OP798529	77268
3121	OP798530	77268
3121	OP798531	77268
3121	OP798542	77268
3121	OP798543	77268
3121	OP798544	77268
3121	OP798545	77268
3121	OP798546	77268
3121	OP798547	77268
3121	OP798548	77268
3121	OP798549	77268
3121	OP798550	77268
3121	OP798551	77268
3121	OP798552	77268
3121	OP798553	77268
3121	OP798554	77268
3121	OP798555	77268
3121	OP798556	77268
3121	OP798557	77268
3121	OP798558	77268
3121	OP798568	77268
3121	OP798569	77268
3121	OP798570	77268
3121	OP798571	77268
3121	OP798572	77268
3121	OP798573	77268
3121	OP798576	77268
3121	OP798578	77268
3121	OP798580	77268
3121	OP798581	77268
3121	OP798582	77268
3121	OP798583	77268
3121	OP798584	77268
3121	OP798585	77268
3121	OP798586	77268
3121	OP798588	77268
3121	OP798589	77268
3121	OP798590	77268
3121	OP798591	77268
3121	OP798620	77268
3121	OP798621	77268
3121	OP798622	77268
3121	OP798623	77268
3121	OP798624	77268
3121	OP798626	77268
3121	OP798627	77268
3121	OP798628	77268
3121	OP798647	77268
3121	OP798658	77268
3121	OP798659	77268
3122	OQ350910	1417635
3122	OQ350971	3021894
3123	OQ350911	198884
3123	OQ350928	3021912
3123	OQ350929	3021941
3123	OQ350944	198874
3123	OQ350976	539075
3124	OQ350970	3021889
3125	OR544024	424906
3125	OR544025	424906
3126	OR544031	653727
3126	OR544032	653727
3126	OR544033	653727
3126	OR544034	653727
3126	OR544035	653727
3126	OR544036	653727
3126	OR544037	653727
3127	PP035930	3110376
3128	PP049774	3110493
3129	PP577841	1763426
3130	PP808918	2777733
3131	AB839942	1286644
3131	AB839943	642461
3131	AF470495	112611
3131	AF470496	78740
3131	AF470498	160526
3131	AF470502	160530
3131	AF470509	112612
3131	AF470512	78740
3131	AF470517	112615
3131	AF470520	112612
3131	AF470521	112607
3131	AF470522	112607
3131	KT338675	78740
3131	KT338678	113281
3131	KT338679	1286644
3131	KT338680	1499524
3131	MN263052	2600621
3131	MN418729	2608268
3131	MT940444	112607
3131	MT948050	2768118
3131	MW081547	2778897
3131	PQ809727	112607
3131	PQ809728	112607
3131	PQ809729	112607
3131	PQ809730	934700
3131	PQ809731	934700
3131	PQ809732	112611
3131	PQ809733	112611
3131	PQ809734	112611
3131	PQ809737	160531
3131	PQ809741	112604
3131	PQ809742	112604
3131	PQ809743	78740
3131	PQ809744	78740
3131	PQ809745	78740
3131	PQ809747	112615
3131	PQ809748	112615
3131	PQ809749	112615
3131	PQ809753	112612
3131	PQ809754	112612
3131	PQ809755	112612
3131	PQ809758	112611
3131	PQ809759	112611
3131	PQ809760	112611
3131	PQ809762	162386
3131	PQ809763	162386
3131	PQ809764	112607
3131	PQ809765	934700
3131	PQ809766	112607
3131	PQ809768	112604
3131	PQ809769	112607
3131	PQ809770	934700
3131	PQ809771	112604
3131	PQ809772	112604
3132	PV900476	151258
3132	PV900477	151258
3132	PV900478	151258
3132	PV900488	151258
3133	PV900519	240031
3134	PV900757	151237
3135	PV900985	126911
3135	PV900987	126911
3135	PV900988	126911
3135	PV900994	126911
3136	AF245425	153577
3137	AF245433	153564
3138	AF313034	165312
3139	AF427504	174980
3140	AF470494	187189
3140	AF470497	38177
3140	AF470514	199945
3140	PQ809756	112603
3140	PQ809757	112603
3141	AJ242110	93298
3142	AJ616330	185779
3143	AJ744936	279192
3143	AJ744937	279193
3143	AJ744938	279197
3143	AJ744941	140946
3144	AM234090	375220
3145	AM234115	375254
3145	AM234116	375260
3145	JN091211	1134183
3145	JN091240	1134176
3145	MH445983	375260
3146	AY273768	212066
3147	AY730142	241859
3148	AY730144	241910
3149	AY752478	296613
3150	AY955797	327142
3151	DQ153519	394428
3151	DQ153520	339946
3151	FR832858	994912
3151	FR832859	529856
3152	DQ153521	339902
3152	DQ153523	339911
3152	DQ153524	339911
3152	DQ153526	339938
3152	DQ153527	339882
3152	DQ153529	49374
3152	DQ153530	339942
3152	DQ153532	339928
3152	DQ153535	339934
3152	DQ153536	339931
3152	DQ153537	339894
3152	DQ153542	339917
3152	DQ153543	339887
3152	DQ153544	339887
3152	DQ153545	339881
3152	DQ153546	339921
3152	DQ153547	339921
3152	DQ153548	339921
3152	DQ153549	49388
3152	DQ153551	339889
3152	DQ153552	339889
3152	DQ153553	339889
3152	DQ153554	49375
3152	DQ153555	49378
3152	DQ153557	339924
3152	DQ153562	339912
3152	DQ153563	339896
3152	DQ153566	339879
3152	DQ153567	49379
3152	DQ153570	339891
3152	DQ153588	49369
3152	DQ153591	49389
3152	DQ153618	49371
3152	DQ153625	339925
3152	DQ153633	339925
3152	DQ153634	339917
3152	DQ153636	339912
3153	DQ414871	376006
3154	DQ414875	175384
3154	DQ414876	175364
3154	DQ414877	376007
3155	DQ414922	376046
3155	DQ414924	376047
3155	DQ414925	175365
3155	DQ414926	376048
3156	DQ414928	376050
3157	DQ414984	376101
3157	DQ414985	376102
3157	DQ414986	376103
3157	MK179357	376103
3158	EF079440	428351
3159	EF079441	428350
3160	EF079442	53060
3161	EU338024	507410
3161	EU338026	507428
3161	JX840489	507410
3162	EU338040	507404
3162	JX840517	507404
3162	JX840521	507404
3163	EU347757	508287
3163	EU347760	508317
3164	EU347888	70071
3164	JQ067307	1237654
3164	JQ067321	385140
3164	JX120577	1237649
3164	JX120578	1237650
3165	EU812820	545670
3166	EU877148	577054
3166	EU877150	577054
3166	KU295283	577045
3166	KU295284	577050
3166	KU295285	577054
3167	FJ037845	241868
3167	MT726055	241868
3168	FJ037863	557055
3169	FJ381759	578542
3170	FJ381767	578540
3171	FJ381769	578546
3172	FJ518904	43893
3173	FJ605220	440958
3173	FJ605234	440958
3174	FM204698	499983
3175	HG004796	994668
3176	HG004798	228529
3177	HG004832	1341700
3178	HG004860	1341776
3179	HG004867	1341777
3180	HG004883	1672635
3181	HQ719043	167285
3181	HQ719044	167285
3182	JN634722	1132060
3183	JN634727	1132065
3184	EU347887	508229
3184	JQ067124	508228
3184	JQ067126	1132233
3184	JQ067132	1158911
3184	JQ067133	452906
3184	JQ067134	508229
3184	JQ067147	1132192
3184	JQ067156	1132267
3184	JQ067157	1132588
3184	JQ067162	1132154
3184	JQ067203	1132190
3184	JQ067219	1132611
3184	JQ067224	1132221
3184	JQ067236	1132225
3184	JQ067258	1237642
3184	JQ067265	1132256
3184	JQ067301	1132588
3184	JQ067318	1132207
3184	KX057850	165760
3185	JQ067141	1132188
3185	JQ067300	48249
3185	JQ067306	1132188
3186	JQ067163	1132155
3186	JQ067181	1132173
3186	JQ067214	1132209
3186	JQ067235	1132236
3186	JQ067252	1132255
3186	JQ067262	46447
3186	KX371685	1977577
3187	JQ067173	1132162
3188	JQ067182	1132174
3188	JQ067190	1132183
3188	JQ067241	1132245
3189	JQ067199	1132202
3189	JQ067231	1132251
3190	JQ067255	1132216
3191	JQ067260	1132614
3192	JQ067146	1132263
3192	JQ067208	3829
3192	JQ067287	1193434
3192	JQ067295	1237638
3192	JQ067327	1237665
3192	JQ067328	1237666
3192	JQ067329	1237659
3192	JQ067338	1237663
3192	KX371656	1237632
3192	KX371671	1237638
3193	JQ067230	1237644
3193	JQ067259	1132615
3193	JQ067268	1132605
3193	JQ067275	1132602
3193	JQ067322	1237639
3193	JX120580	1237667
3194	JX862572	167903
3195	JX862575	1296274
3196	JX862624	96521
3196	LN590008	96521
3197	JX862626	126362
3197	LN590009	126362
3197	MN525464	126362
3198	JX862651	764601
3199	JX862659	126554
3200	JX862684	126548
3201	KC779680	1457459
3201	KC779689	99571
3201	KC779690	1457463
3201	KC779712	1457472
3201	KC779713	1457472
3201	KC779714	1457472
3201	KC779715	1457472
3201	KC779718	1471003
3201	KC779719	1471003
3201	KC779722	167618
3202	KF612980	880450
3203	KJ025070	137693
3204	KJ411645	1582171
3205	KM025144	1525811
3206	KM025162	1525816
3206	MG868982	670670
3206	MG868983	670670
3206	MG868991	2484198
3206	MG869012	1525816
3207	KM211724	54844
3207	KM211725	54844
3207	KM211730	54844
3207	KM211746	879915
3207	KM211747	879915
3207	KM211762	54859
3207	KM211763	54859
3207	KM211769	54859
3207	KM211770	54859
3207	KM211775	879914
3208	KM211752	879917
3208	KM211753	879917
3209	KP794325	1777526
3209	KP794326	1777557
3209	KP794327	1777557
3209	KP794328	1777524
3209	KP794329	1777526
3209	KP794332	1777536
3209	KP794333	1777537
3209	KP794334	1777560
3209	KP794335	1777536
3209	KP794336	1777549
3209	KP794337	1777549
3209	KP794338	1777547
3209	KP794339	1777559
3209	KP794340	1487838
3209	KP794341	1487838
3209	KP794342	1487838
3209	KP794343	1487838
3209	KP794344	1777519
3209	KP794345	1777563
3210	KP794331	1777534
3211	KP794411	1777538
3212	KP794412	1777518
3212	KP794413	1777518
3212	KP794414	1777518
3212	KP794415	1777518
3213	KP794416	1619557
3213	KP794417	1619557
3214	KP794437	1777507
3214	KP794438	1777507
3215	KP794439	1777511
3216	KR083067	1812992
3217	KR150145	165604
3218	KT366067	481614
3219	KT956866	206254
3220	KU164797	1186090
3220	KU164818	1186090
3221	KX509871	128668
3222	KY968960	3899
3222	PP417727	3899
3223	LC610889	13508
3223	LC610894	13508
3224	LN515406	323693
3224	MN525488	2813720
3225	DQ414974	376095
3225	DQ414975	62840
3225	DQ414976	376096
3225	DQ414977	376097
3225	DQ414978	175370
3225	MF944271	2058514
3226	MF944390	2058604
3227	MG920556	1288010
3227	MG920557	1288010
3228	MG920558	1288010
3228	MN099442	1288010
3229	HM854646	880469
3229	KF612982	1534761
3229	MH656422	2282716
3229	MH656423	2282716
3230	MH763845	2303543
3231	MK164442	2487453
3231	MK164516	2137397
3231	ON009212	2137397
3232	MK179325	2495976
3232	MK179326	2495976
3232	MK179329	2495976
3232	MK179331	2495976
3233	MK184592	990359
3234	MK854642	410636
3234	MK854643	410636
3234	MK854644	410636
3234	MK854645	410636
3234	MK854646	410636
3234	MK854647	410636
3234	MK854648	410636
3234	MK854649	410636
3234	MK854650	410636
3234	MK854651	410636
3234	MK854652	410636
3234	MK854653	410636
3234	MK854654	410636
3234	MK854655	410636
3234	MK854656	410636
3234	MK854657	410636
3234	MK854658	410636
3234	MK854659	410636
3234	MK854660	410636
3234	MK854661	410636
3234	MK854662	410636
3234	MK854663	410636
3234	MK854664	410636
3234	MK854665	410636
3234	MK854666	410636
3234	MK854667	410636
3234	MK854668	410636
3235	MN257643	2600460
3236	MN257694	2600535
3237	MN525463	990350
3238	MN525473	2813719
3239	MT500613	445634
3240	MT726054	194253
3241	MT923223	3570
3241	MT923224	3570
3241	MT923225	3570
3241	MT923228	2764630
3242	MT923664	1276815
3243	MT923667	1144938
3244	MT923679	185024
3244	PV901189	2171542
3245	MT924084	2764632
3246	MW669274	2814910
3246	MW669275	2814910
3246	MW669276	508330
3246	MW669277	508330
3246	MW669278	508333
3246	MW669279	508333
3246	MW669280	2814905
3246	MW669281	2814905
3246	MW669282	2814909
3246	MW669283	2814909
3246	MW669284	2814909
3246	MW669285	2814909
3246	MW669286	2814907
3246	MW669287	2814907
3246	MW669288	2814907
3246	MW669289	2814906
3246	MW669290	2814906
3246	MW669291	2814906
3246	MW669292	2814906
3246	MW669293	378902
3246	MW669294	378902
3246	MW669295	378902
3246	MW669296	378902
3246	MW669297	378902
3246	MW669298	2814908
3246	MW669299	2814908
3246	MW669300	2814908
3246	MW669301	2814908
3246	MW669302	2814904
3246	MW669303	508332
3246	MW669304	508332
3246	MW669305	508332
3246	MW669306	508332
3247	MW669307	2814922
3247	MW669308	140897
3247	MW669309	2814925
3247	MW669310	2814923
3247	MW669311	2814924
3247	MW669312	2814921
3248	MW892824	1406261
3248	MW892830	2824002
3248	MW892831	2824002
3248	MW892832	2824002
3248	MW892833	2824002
3248	MW892834	2824002
3249	MW899008	145247
3249	MW899011	2827254
3249	MW899012	2827254
3250	MZ171224	4682
3251	OM218676	2550849
3252	OM886418	2922423
3253	KP794421	1777569
3253	OM886423	2732103
3253	OM886424	316669
3254	ON009192	2137382
3255	ON393923	2939631
3256	ON642332	3027965
3257	ON922883	2723575
3258	OP688578	60011
3259	OR347597	1221103
3259	OR347598	1221103
3259	OR347599	1221103
3259	OR347600	1221103
3259	OR347602	1221103
3259	OR347605	1221103
3259	OR347606	1221103
3259	OR347607	1221103
3259	OR347608	1221103
3260	OR347613	1619672
3260	OR347614	1231571
3260	OR347615	1231571
3260	OR347616	1231571
3260	OR347617	1231571
3260	OR347618	1231571
3261	OR544114	126555
3262	OR544222	424914
3262	OR544223	424914
3262	OR544224	424914
3262	OR544225	424914
3263	PP024598	2579301
3264	PP038298	3110332
3265	PP038299	3110333
3266	AY616722	279685
3266	AY616727	279669
3266	OQ629677	279669
3266	OR739412	279685
3266	PP165378	279685
3266	PP165379	279685
3266	PP165380	83801
3266	PP165381	3115187
3266	PP165384	1532381
3266	PP165386	3115187
3266	PP165387	3115187
3266	PP165388	3115187
3266	PP165389	3115188
3266	PP165390	3115188
3266	PP165391	279669
3267	PQ809740	112604
3268	PQ809746	162386
3269	PQ809767	162386
3270	MF944414	62865
3270	MF944415	445668
3270	PV424120	62865
3270	PV424121	62865
3271	PV900564	282331
3272	PV900706	525237
3273	PV900708	525237
3274	AB451548	552472
3274	KX345129	1920718
3274	KX345130	1920719
3274	KX345131	1088818
3274	OP467561	2976102
3275	AB847667	234030
3276	AB985734	440981
3277	AF245412	153573
3277	AF245413	153574
3277	AF245414	153572
3277	AF245428	153569
3278	AF262813	125384
3278	AF262816	125387
3278	KX686533	2026616
3278	KX686534	1164737
3278	KX686535	125387
3279	AF274687	3832
3280	AF274699	131021
3281	AF303730	164824
3281	AF303731	164825
3282	AJ420995	180011
3282	AJ420996	180012
3283	AM234106	375218
3284	AY489212	83154
3284	MZ366399	151232
3284	PV900461	151232
3284	PV900465	151232
3285	AY616709	279656
3285	AY616712	279658
3285	AY616713	279659
3285	AY616715	279660
3285	AY616724	279686
3285	AY616733	279672
3285	AY616734	279673
3285	AY616741	279677
3286	AY616717	279662
3286	AY616731	279688
3287	AY787412	300479
3288	AY857969	39387
3289	AY955816	327148
3290	AY955822	213789
3290	AY955823	327150
3290	AY955824	162911
3291	DQ414873	62841
3292	DQ414874	62842
3293	DQ414881	62844
3293	MT500602	62844
3294	DQ414882	376009
3295	DQ414891	376019
3296	DQ414894	376022
3296	DQ414895	376023
3297	DQ414896	376024
3297	DQ414897	376025
3297	DQ414898	376026
3298	DQ414899	376030
3299	DQ414914	376036
3299	DQ414915	376037
3299	DQ414916	376039
3299	DQ414917	376040
3300	DQ414923	175375
3301	DQ414931	376052
3301	DQ414933	376053
3301	MT703013	2749384
3302	DQ414936	376056
3302	DQ414937	376057
3302	DQ414938	376058
3302	DQ414939	376059
3302	DQ414940	376060
3302	DQ414941	376061
3302	DQ414942	376062
3303	DQ414943	175359
3303	PQ891797	175359
3303	PQ891798	175359
3303	PQ891799	175359
3303	PQ891800	175359
3303	PQ891801	175359
3303	PQ891802	175359
3303	PQ891805	3393756
3303	PQ891806	3393756
3303	PQ891807	3393756
3304	DQ414982	376099
3305	DQ414983	376100
3306	DQ414987	376104
3307	DQ414988	376105
3307	DQ414989	376106
3307	DQ414990	376107
3307	DQ414991	175383
3307	DQ414992	376108
3308	DQ787405	397178
3309	DQ787422	397188
3309	KX509866	397188
3310	EF079375	123152
3310	KT825480	123152
3311	EF079449	428332
3312	EU338013	507437
3312	FJ381765	578548
3313	EU338016	507429
3314	EU338017	507417
3314	JX840508	507417
3315	EU338029	507420
3316	EU338044	507408
3316	EU338045	507408
3316	JX840515	507408
3317	EU347758	508307
3318	EU347829	508254
3318	EU347830	508253
3318	EU347831	508245
3318	EU347833	508249
3319	EU347834	449075
3319	EU347840	508239
3319	EU347841	508246
3319	EU347842	508241
3319	EU347843	508244
3319	EU347844	449091
3320	EU436867	212256
3320	GQ478100	212256
3320	JN634730	212256
3320	KY584372	2069409
3321	EU436868	4035
3321	EU436869	213833
3322	EU441205	141728
3322	MK356158	141728
3322	MK356159	141728
3322	MK356160	141728
3322	MK356161	141728
3322	PX673496	3393697
3322	PX673497	3393697
3322	PX673498	3393697
3322	PX673499	3393697
3322	PX673500	1844062
3322	PX673501	1844062
3322	PX673502	1844062
3322	PX673503	1844062
3322	PX673504	1470454
3322	PX673505	1470454
3322	PX673506	1470454
3322	PZ124122	3393697
3322	PZ124123	3393697
3322	PZ124124	3393697
3322	PZ124125	3393697
3323	EF026605	236232
3323	EU850631	236232
3324	FJ381763	578541
3325	FJ381766	578536
3326	FJ565666	160519
3326	KF318890	160519
3327	GQ888883	174503
3328	HG004791	1341850
3329	EU490673	524246
3329	HM854611	880488
3329	HM854620	880521
3329	HM854621	880477
3329	HM854622	880523
3329	HM854623	880460
3329	HM854625	880472
3329	HM854626	880518
3329	HM854627	880475
3329	HM854628	880460
3329	HM854631	880468
3329	HM854632	880476
3329	HM854633	880520
3329	HM854635	880516
3329	HM854639	78844
3329	HM854649	880468
3329	HM854651	78844
3329	HM854653	880514
3329	HM854654	38225
3329	HM854660	880510
3329	KF612983	880476
3329	KF612984	880476
3329	KF612985	1534763
3329	KF612986	38225
3329	KF612987	1534766
3329	KF612994	1534765
3329	KF612995	1534765
3329	KF612998	78844
3329	KF613000	1534772
3329	KF613001	1534770
3329	KT923831	1891911
3329	KT923832	880474
3329	KT923834	1534761
3329	KT923835	880460
3329	KT923836	880476
3329	KT923838	524246
3329	KT923839	1891912
3329	KT923842	880460
3329	KT923843	1891909
3329	KT923846	1891910
3329	MG008687	1534765
3329	MG008691	880468
3329	MG008694	78844
3329	MG008821	1534770
3329	MG008850	880477
3329	MH094146	2497675
3329	MW628177	2813296
3330	HQ719008	937791
3330	HQ719009	937791
3330	HQ719010	937791
3330	HQ719011	937791
3330	HQ719012	937791
3330	HQ719013	937791
3331	JN634725	1132063
3332	EU347886	508231
3332	EU347889	508230
3332	EU347890	508230
3332	JQ067136	1132239
3332	JQ067137	1132201
3332	JQ067138	508230
3332	JQ067149	1132265
3332	JQ067151	1132181
3332	JQ067155	1132204
3332	JQ067309	1132204
3332	JQ067319	1132265
3332	JQ067320	1132211
3332	JX120581	1237655
3333	JQ067139	165776
3333	JQ067308	165776
3334	JQ067150	1237636
3334	JQ067164	1132156
3334	JQ067302	1237636
3335	JQ067175	1132164
3335	JQ067191	1132185
3335	JQ067193	1132195
3335	JQ067200	1132601
3335	JQ067202	1132199
3335	JQ067207	1132203
3335	JQ067213	1132205
3335	JQ067217	165769
3335	JQ067223	1132222
3335	JQ067227	1132241
3335	JQ067232	1132228
3335	JQ067238	1132262
3335	JQ067243	1132603
3335	JQ067246	1132252
3335	JQ067247	1132237
3335	JQ067248	1132253
3336	JQ067177	1132166
3336	JQ067288	1132193
3337	JQ067174	1132163
3337	JQ067194	1132196
3337	JQ067204	1132194
3337	JQ067226	1132235
3337	JQ067234	1132231
3337	JQ067253	1132217
3337	JQ067263	1132234
3337	JQ067274	1237668
3337	JQ067279	1132189
3337	JQ067281	1132160
3337	JQ067330	1237657
3337	KX057859	165775
3337	KX371665	1977570
3338	JQ067211	1132232
3338	JQ067228	1132220
3338	JQ067245	1132242
3338	JQ067256	1132604
3338	KX371707	1132220
3339	JQ067267	1132596
3340	JQ067289	1132249
3340	JQ067290	1237664
3340	JQ067294	890032
3341	JQ067325	1237652
3341	JQ067326	1237648
3342	JQ067332	1237670
3342	JQ067335	1237641
3342	JX120583	1237646
3342	JX120584	1237659
3342	JX120586	1237645
3342	JX120587	1237647
3342	KT989572	1835083
3342	KT989573	1835083
3342	KX371667	1969242
3342	KX371737	1237659
3342	KX371760	1237665
3343	JQ067336	1237656
3344	JQ067344	508226
3344	KX371653	508226
3345	JQ398728	888999
3345	JQ398729	888999
3345	JQ398733	889002
3345	JQ398734	483523
3345	JQ398735	889003
3345	JQ398736	889001
3346	JQ398730	128263
3346	JQ398731	128265
3347	JQ398737	889001
3347	JQ398738	889000
3347	JQ398739	889004
3348	JX092077	262681
3349	JX862576	126361
3350	JX862654	126543
3351	JX987527	298313
3351	JX987528	298313
3351	JX987529	298313
3351	JX987530	298313
3351	JX987531	298313
3352	KC779676	202239
3352	MT565568	202239
3353	KF318897	160019
3353	KF318906	160019
3354	KJ187645	1453397
3354	MF954043	1453397
3354	PP002382	1453397
3354	PP035966	1453397
3355	KJ411709	1129491
3356	KM025154	256348
3356	MZ960148	337206
3357	KP794357	1777520
3357	KP794358	1777520
3357	KP794359	1777531
3358	KP794360	1777540
3359	KP794361	687771
3359	KP794362	687771
3360	KP794375	1777555
3361	KP794376	1777521
3361	KP794377	1487840
3362	KP794378	1777523
3362	KP794379	1777551
3362	KP794380	1777551
3363	KP794389	1777550
3363	KP794392	1777528
3364	KP794393	1777546
3365	KP794397	316741
3365	KP794398	316741
3366	KP794399	1777568
3366	KP794400	1777568
3367	KP794401	1777561
3367	KP794402	1777561
3367	KP794403	316898
3367	KP794404	316898
3367	KP794405	316898
3367	KP794406	316898
3367	KP794407	316898
3368	KT751449	1820369
3369	KX509879	1930898
3369	KX509880	1930899
3370	KY411902	925377
3371	LC830866	3235101
3371	LC830867	3235101
3371	LC830868	2487471
3371	LC830869	2487471
3371	MK164448	2029069
3371	MK164473	426864
3371	MK164530	2487494
3372	MF353628	2027502
3373	MF543805	49207
3373	MF543806	49207
3373	MW345612	38869
3374	MF944329	2058581
3374	MF944330	176993
3375	MF944399	1676819
3375	MF944411	796854
3376	MF944401	707307
3376	MF944403	1676820
3376	MF944408	2058551
3376	MF944409	2058797
3376	MF944410	2058549
3376	MZ098270	2833454
3377	MF944404	2058609
3378	MF944407	1676828
3379	MF944412	1676829
3379	MF944413	1676829
3380	MG460381	426894
3381	MG460382	2018341
3382	MG460385	2320132
3383	HM854581	880457
3383	HM854582	880457
3383	HM854583	880457
3383	HM854591	880495
3383	HM854598	880500
3383	HM854599	880480
3383	HM854600	880483
3383	MH656412	2282707
3383	MH656416	2282708
3383	MH656427	2282708
3384	MH710879	168559
3385	MH710982	2291130
3386	MK164424	1138386
3386	MK164431	1138390
3386	MK164438	2487450
3386	MK164440	2487452
3386	MK164444	1141998
3386	MK164446	436794
3386	MK164457	1138399
3386	MK164470	1138403
3386	MK164476	2315820
3386	MK164482	1185428
3386	MK164503	2487480
3386	MK164508	2487484
3386	MK164524	2487492
3386	OM311712	1138386
3386	ON009188	1141998
3386	ON009194	1138403
3386	ON009207	1138416
3386	ON009213	2927017
3386	ON009214	1138424
3387	MK164426	2487447
3387	MK164439	2487451
3387	MK164450	2487497
3387	MK164455	2487461
3387	MK164461	2021384
3387	MK164510	2487487
3387	MK164518	2021388
3387	MK164531	2487910
3387	OM112082	2907463
3387	OM112083	2907465
3387	OM112100	2907385
3388	MK164427	1185422
3388	PV522066	1185422
3389	MK164428	2021382
3389	MK164429	1185423
3389	MK164484	1185427
3389	MK164488	436807
3389	MK164506	2487482
3389	MK164525	426863
3389	MK164528	2029070
3389	PZ124126	1185431
3389	PZ124127	1185431
3389	PZ124128	1185431
3389	PZ124129	3507218
3389	PZ124130	3507218
3389	PZ124131	3507218
3390	MK164449	2487456
3390	MK164523	2137398
3390	ON009208	2927012
3390	ON009216	2927019
3391	MK164454	2487460
3392	MK164456	2137381
3393	MK164460	1470450
3393	MK164517	2487489
3394	MK164462	2487464
3394	MK164471	1185426
3394	ON009217	2927020
3395	MK164468	2487468
3395	MK164513	2487488
3396	MK164474	2137387
3396	MK164502	2021143
3396	MK164504	2137393
3396	MK164534	2116627
3397	MK164475	2487471
3398	MK164477	1138407
3399	MK164478	2021386
3400	MK165466	2587351
3401	MK165472	1324860
3402	MK179300	292287
3402	MK179302	2496063
3402	MK179304	2496063
3402	MK179305	292287
3402	MK179306	292287
3402	MK179308	292287
3402	MK179310	292287
3402	MK179313	2496063
3402	MK179314	292287
3402	MK179319	292287
3402	MK179333	292287
3402	MK179338	292287
3402	MK179341	292287
3402	MK179355	2496063
3402	MK179358	292287
3402	MK179359	292287
3402	MK179360	292287
3402	MK179364	292287
3402	MK179365	292287
3402	MK179366	292287
3402	MK179367	292287
3402	MK179368	292287
3402	MK179369	292287
3402	MK179370	292287
3402	MK179371	292287
3402	MK179372	292287
3402	MK179373	292287
3403	MN257673	2600489
3404	MN257711	2600558
3404	MN257757	2600472
3404	MN257842	2600473
3405	MN264661	2601736
3405	MW315931	648866
3406	MT500615	2735643
3406	MT500619	2735643
3406	MT500628	2735609
3406	MT500630	2735655
3406	MT500652	2735643
3407	MT500637	2735612
3407	MT500643	2653246
3408	MT500678	2735630
3409	MT505284	2732812
3410	MT703014	2749385
3410	MT703016	2749386
3411	MT726078	984809
3412	MT922898	1245802
3413	MT923847	165648
3414	MT923851	2765979
3415	MW602120	2839998
3416	MW669314	2814920
3417	MW669318	3873
3418	MW669319	49843
3419	MW722957	634992
3419	MW732044	520843
3420	MZ014686	2977356
3421	OL863108	2904114
3421	OL863109	672822
3422	OM030226	2906527
3422	OM030227	2906527
3422	OM030228	2906527
3422	OM030229	2906527
3423	ON009183	1138388
3424	ON679665	70962
3425	ON694120	163069
3426	ON694121	2950973
3426	ON694122	2932072
3426	OQ274984	2983995
3427	ON922869	1904982
3428	OQ240964	3019560
3428	OQ240965	3019560
3428	OQ240967	3019561
3428	OQ240968	3019561
3428	OQ240969	3019561
3428	OQ240970	3019562
3428	OQ240971	3019562
3428	OQ240973	3019563
3428	OQ240974	3019563
3428	OQ240975	3019564
3428	OQ240976	3019564
3428	OQ240977	3019564
3428	OQ240978	3019565
3428	OQ240979	3019565
3428	OQ240980	3019565
3428	OQ240981	3019646
3428	OQ240982	3019646
3428	OQ240983	3019646
3428	OQ240984	3019646
3428	OQ240985	3019646
3428	OQ240989	3019500
3428	OQ240990	3019562
3428	OQ240991	3019640
3428	OQ240992	3019640
3428	OQ240993	3019640
3428	OQ240998	2925795
3429	OQ241000	2895394
3429	OQ241001	2895394
3430	OQ645699	468867
3431	OR594051	53175
3432	OR626594	3079013
3433	OR973574	4066
3433	OR973576	4066
3434	PP577814	3136923
3435	PQ809761	162386
3436	PV528708	3416575
3437	KF589873	1189606
3437	KF589874	1426845
3437	KF589875	1426846
3437	PP969753	3230742
3437	PP969755	3230742
3437	PP969756	3230742
3437	PP969757	3230742
3437	PP969758	3230742
3437	PQ842533	3135161
3437	PQ842534	3135161
3437	PQ842535	3135161
3437	PQ842536	3135161
3437	PV866665	3447102
3437	PV866666	3447102
3437	PV866667	3447102
3437	PV866668	3447102
3437	PX457409	1559807
3437	PX457410	1559807
3438	PV900345	794939
3439	X17535	3906
3440	AB289475	78794
3440	EF079387	226209
3440	LC088233	226209
3440	LC088234	226209
3441	AB593525	906696
3441	AB593589	161868
3442	AB593543	234009
3443	AB593555	907886
3444	AB847656	1391414
3444	MH763847	859514
3444	MK169312	1391414
3444	MK169313	1391414
3445	AF470489	187185
3446	AJ242104	93286
3447	AJ616325	257434
3448	AY492106	204382
3449	AY616728	279670
3449	AY616730	134857
3449	AY616744	279679
3449	AY616745	279680
3450	AY787409	300475
3451	DQ153510	49385
3451	DQ153514	339956
3451	DQ153515	339956
3451	FR832861	49385
3451	FR832862	49385
3452	DQ153511	49386
3452	FR832865	49386
3452	FR832866	49386
3453	DQ153522	339910
3453	DQ153528	339888
3453	DQ153534	339899
3453	DQ153539	339880
3453	DQ153540	339880
3453	DQ153541	339880
3453	DQ153550	394437
3453	DQ153556	339895
3453	DQ153561	339884
3453	DQ153565	339903
3453	DQ153572	339932
3453	DQ153630	339909
3453	DQ153635	339903
3454	DQ153571	339940
3455	DQ153589	339933
3455	FR832860	339933
3456	DQ153531	59211
3456	DQ153533	339935
3456	DQ153600	339919
3456	DQ153601	339892
3456	DQ153602	339915
3456	DQ153605	339947
3456	DQ153608	339927
3456	DQ153612	339907
3457	DQ414890	376018
3458	DQ414892	376020
3459	DQ414900	376027
3459	DQ414901	376028
3459	DQ414902	62855
3459	DQ414903	376002
3460	DQ414927	376049
3461	DQ414929	175355
3462	DQ414979	376098
3462	DQ414980	175379
3462	DQ414981	175356
3462	PQ636475	376098
3462	PQ636476	175356
3462	PQ636477	175356
3462	PQ636478	175356
3462	PQ636479	175356
3462	PQ636480	175356
3462	PQ636481	175356
3462	PQ636482	175356
3462	PQ636483	175356
3462	PQ636484	175356
3462	PQ636485	175356
3462	PQ636486	175356
3462	PQ636487	175356
3462	PQ636488	175356
3462	PQ636489	175379
3462	PQ636490	175356
3463	EF079438	331167
3464	EF079443	426867
3464	EF670388	468874
3465	EF079444	78692
3466	EF079447	428367
3466	EF079448	428378
3467	EF206701	421875
3468	EU145351	484841
3469	EU145374	83591
3470	EU338042	507395
3470	EU338043	507396
3470	EU338046	507418
3470	JX840595	507418
3471	EU436861	519116
3472	FJ037859	597286
3473	FM204678	339274
3473	FM204679	509189
3473	FM204680	339274
3473	FM204681	339274
3473	FM204682	499976
3473	FM204683	499975
3473	FM204684	499975
3473	FM204685	499975
3473	FM204686	499978
3474	DQ153518	339957
3474	DQ153538	339936
3474	DQ153577	339926
3474	FR832869	586330
3475	GQ413949	670328
3476	GQ888916	77294
3477	HG004804	1341789
3478	HG004827	1341707
3479	HG004878	1672626
3480	HM010979	112571
3480	HM010980	693596
3480	HM010981	644807
3481	HM854658	880508
3481	MZ153093	2834457
3482	EU490670	493969
3482	HM854662	880458
3483	JQ067152	1132264
3483	KX057851	165764
3483	KX057854	1977552
3484	JQ067166	1132157
3484	JQ067179	1132168
3484	JQ067239	1132240
3485	JQ067167	1132158
3486	JQ067172	1132590
3487	JQ067185	1132595
3488	JQ067205	1127378
3488	JQ067250	1237653
3489	JQ067222	692169
3489	KX390756	1132167
3490	JQ067251	1132247
3490	JQ067264	1132606
3491	JQ067284	1132229
3492	JQ067293	1237637
3493	JX092074	262676
3493	JX092083	194871
3494	JX120579	992674
3495	JX040541	619227
3495	JX233660	1084664
3495	JX233661	1268665
3495	JX233666	619227
3495	JX233667	1264564
3495	JX233672	1264565
3495	JX233673	1277766
3495	JX233712	1084684
3495	JX233735	1264570
3496	JX862662	549149
3497	KJ411651	1582219
3498	KJ411655	1582175
3498	KJ411660	1127057
3498	KJ411661	1582178
3498	KJ411663	185717
3498	KJ411665	62117
3498	KJ411670	1582184
3498	KJ411676	1582187
3498	KJ411678	1582189
3498	KJ411680	1582191
3498	KJ411682	1582193
3498	KJ411691	1582201
3498	KJ411693	1582202
3498	KJ411695	1582205
3498	KJ411696	1582206
3498	KJ411702	1582211
3499	KJ411671	1582185
3500	KJ411705	1582214
3500	KJ411706	1582215
3501	KJ747000	1615706
3501	KJ747001	1615707
3501	KJ747002	1615709
3501	KJ747003	1615710
3501	KJ747004	1615711
3501	KJ747005	1615713
3501	KJ747006	1615715
3501	KJ747007	1615717
3501	KJ747008	1615718
3501	KJ747009	1615719
3501	KJ747010	1615720
3501	KJ747011	1615721
3501	KJ747012	1615722
3501	KJ747013	1615724
3501	KJ747014	1615725
3501	KJ747015	1196858
3501	KJ747016	1615727
3501	KJ747017	1615728
3501	KJ747018	1615729
3501	KJ747019	1615730
3501	KJ747020	1615731
3501	KJ747021	43171
3502	AJ550577	225019
3502	KM051439	714454
3503	KP794316	398583
3504	KP794317	316891
3505	KP794381	1777532
3505	KP794382	1487842
3505	KP794383	1777532
3505	KP794384	1487842
3505	KP794385	1487842
3505	KP794386	1620206
3505	KP794387	1620206
3506	KP794390	1777533
3507	KP794408	1777506
3507	KP794409	1777522
3507	KP794410	1777522
3508	KR083068	106667
3509	KU659592	74613
3509	MT923592	74859
3510	KX057858	165774
3511	KX955001	2014708
3511	KX955002	2014709
3512	KY242097	1921722
3512	KY242098	1921722
3512	KY242099	1921722
3512	KY242176	1921747
3513	KY306544	1971658
3514	KY426981	3673
3515	KY657368	215922
3516	KY657369	215922
3516	KY657370	215922
3517	KY971393	54861
3518	LN515400	126360
3519	MF695599	2283204
3519	MF695600	2283204
3519	MF695614	2283211
3520	EU554338	509534
3520	EU554341	544622
3520	EU554353	142309
3520	MF769379	509534
3520	MF769380	509534
3520	MF769381	142309
3520	MF769382	142309
3520	MF769383	142309
3520	MF769384	667027
3520	MF769385	667027
3520	MF769386	667027
3520	MH218748	667033
3520	MH218749	667025
3520	MH218750	142309
3520	MH218751	142309
3520	MH218753	667024
3520	MH218754	667027
3520	MH218755	509534
3520	MH218758	142304
3520	MH218759	1262443
3520	MH218760	142302
3520	MH218763	1262442
3520	MK165464	1189607
3520	MZ006231	142309
3520	MZ006232	142309
3520	MZ006233	142309
3520	MZ006234	142309
3520	MZ006235	142309
3520	MZ006236	667033
3520	MZ006237	667033
3520	MZ006239	667033
3520	MZ006240	667033
3520	MZ006241	667033
3520	MZ006242	667033
3520	MZ006243	667033
3520	MZ006244	667033
3520	MZ006245	667033
3521	MF944262	1676830
3521	MF944263	2058554
3522	MF944357	2058587
3523	MF944371	2058594
3524	MF944416	2058553
3524	MF944417	2058553
3525	MG460368	2023082
3526	MG460369	2023083
3526	MG460370	2023083
3527	MG460371	2023085
3527	MG460372	2023085
3528	MG460373	2018331
3528	MG460374	2018331
3528	MG460377	2018338
3528	MG460378	2018338
3528	MG460380	2320130
3529	MG460375	2320127
3529	MG460379	2320128
3530	MG460376	862852
3531	MG460384	1536439
3531	MG460391	2320135
3532	MG460386	2023097
3533	MG460387	2320133
3533	MG460388	2320133
3533	MG460389	2320134
3533	OL619327	2897716
3533	OL619328	2897716
3533	OL619329	2897716
3534	MG460394	2320136
3534	MG460395	2320137
3534	MG460396	2018372
3535	MG949386	162834
3536	MH710791	165669
3537	MK164430	2137379
3537	MK164432	2021383
3537	MK164433	2021383
3537	MK164436	2487449
3538	MK164434	38209
3538	ON009184	38209
3539	MK164451	2487457
3539	MK164509	2487485
3539	MK164511	2487486
3539	MK164512	2137395
3539	MK164526	2487493
3539	ON009211	2137395
3540	MK164452	2487458
3540	OM112085	2907464
3541	MK164467	2137384
3542	MK164486	1185430
3542	OM112084	2907462
3543	MK164489	2021387
3544	MK164495	2487476
3545	MK164496	1138416
3545	MK164527	1138424
3546	MK164505	2487481
3547	MK164521	2487491
3548	MK164532	2021389
3549	EF670361	468867
3549	MK165467	2137411
3550	MK165476	2587347
3551	MT500610	467130
3552	MT923652	74519
3553	MW669313	1638729
3554	MW669315	337843
3554	MW669316	337845
3555	MW669317	508348
3556	MW892826	1045243
3556	MW892827	1045243
3556	MW892828	1045243
3556	MW892829	1045243
3557	MZ736847	2838074
3558	OK632276	2886903
3559	MT923745	2764634
3559	OL862995	2823147
3559	OL862996	672817
3559	OL862997	2024911
3559	OL862999	1532795
3559	OL863001	2904085
3559	OL863002	980658
3559	OL863003	2904086
3559	OL863004	2904087
3559	OL863005	2668593
3559	OL863006	2668593
3559	OL863007	2668593
3559	OL863010	2668594
3559	OL863012	2054469
3559	OL863013	2054469
3559	OL863014	2904090
3559	OL863015	2904091
3559	OL863016	2904091
3559	OL863017	39295
3559	OL863018	39295
3559	OL863020	768177
3559	OL863021	768177
3559	OL863022	768177
3559	OL863024	2764634
3559	OL863025	2764634
3559	OL863026	2904092
3559	OL863028	1350046
3559	OL863029	1350046
3559	OL863030	1350046
3559	OL863031	2904093
3559	OL863033	2904094
3559	OL863035	2904095
3559	OL863036	2903285
3559	OL863037	39296
3559	OL863038	39296
3559	OL863039	2904096
3559	OL863040	2904097
3559	OL863042	2904097
3559	OL863043	2904097
3559	OL863044	487746
3559	OL863046	487746
3559	OL863048	487746
3559	OL863050	2904098
3559	OL863052	1914264
3559	OL863053	1150285
3559	OL863054	1150285
3559	OL863057	2184425
3559	OL863058	2184425
3559	OL863063	2904100
3559	OL863064	2904101
3559	OL863067	2904103
3559	OL863068	587660
3559	OL863069	587660
3559	OL863070	587660
3559	OL863072	39297
3559	OL863073	39297
3559	OL863074	2904104
3559	OL863076	2904105
3559	OL863077	2904105
3559	OL863081	2904107
3559	OL863082	2835938
3559	OL863083	1699510
3559	OL863084	1699510
3559	OL863085	1699510
3559	OL863086	1534738
3559	OL863087	1534738
3559	OL863088	2904108
3559	OL863089	2904108
3559	OL863090	2904109
3559	OL863091	2904111
3559	OL863092	2904111
3559	OL863093	2904111
3559	OL863094	2904111
3560	AJ421001	313655
3560	OL862994	39271
3560	OL863096	516071
3560	OL863110	1611021
3561	OM886409	2893774
3562	OM886421	2922424
3563	ON009209	2587892
3564	OQ048274	3014264
3565	OQ350897	539140
3566	OQ350872	3022978
3566	OQ350927	539078
3566	OQ350947	3022991
3566	OQ350950	198889
3567	OQ350935	539015
3567	OQ350963	3021940
3567	OQ350966	3021898
3568	OQ645698	141750
3569	OQ645700	426854
3570	OR347610	1619672
3570	OR347611	1619672
3570	OR347612	1619672
3571	OR531508	62124
3572	OR680096	1445532
3573	PP577807	3136937
3574	PP577831	1954695
3575	PP577837	681495
3576	PQ804153	142613
3577	PV901457	3158765
3577	PV901458	3158765
3578	AB593529	154291
3578	MN213664	154291
3578	MN213665	154291
3578	MN213666	154291
3578	MN213667	154291
3579	AB593548	142612
3579	KP743545	142612
3580	AB593638	906850
3580	AB593668	257355
3580	MN213674	2598665
3580	MN213685	906850
3581	AB593489	906660
3581	AB593565	524433
3581	AB593662	906670
3581	AB593678	524435
3581	PP758186	906670
3582	AB847652	1391412
3583	AF245427	153566
3584	AF274693	131023
3584	OQ350938	131023
3585	AF274694	131024
3586	AF274700	138273
3586	AF274701	131037
3587	AJ347910	46985
3588	AM404333	318966
3589	AM404335	318961
3590	AY492120	263981
3591	AY730321	309442
3592	AY787403	23036
3592	AY787404	23036
3593	AY955804	162774
3594	DQ153512	339944
3594	DQ153513	339945
3594	DQ153620	339951
3595	DQ153525	49370
3595	DQ153560	339893
3595	DQ153564	339941
3595	DQ153568	339883
3595	DQ153569	339913
3595	DQ153573	339918
3595	DQ153613	339904
3595	DQ153621	49369
3595	DQ153631	49375
3595	DQ153637	49378
3596	DQ153578	49376
3596	DQ153580	339914
3596	DQ153583	339905
3596	DQ153584	339890
3596	DQ153585	339890
3596	DQ153586	339890
3596	DQ153587	339937
3596	DQ153622	49380
3596	DQ153629	49380
3596	FR832863	543511
3596	FR832864	543511
3597	DQ153607	339939
3597	MN719965	49383
3598	DQ385593	372456
3598	DQ385595	372402
3598	GU386445	372402
3598	GU386446	372402
3598	GU386454	882629
3598	PP133495	372402
3598	PP133496	372402
3598	PP133497	372400
3598	PP133498	372400
3598	PP133499	372400
3598	PP133500	372400
3598	PP133501	372400
3598	PP133502	372400
3598	PP133503	372400
3598	PP133504	372400
3598	PP133505	372400
3598	PP133506	372400
3599	DQ414906	376031
3600	DQ414918	376041
3600	DQ414919	376043
3600	DQ414920	376044
3601	DQ414934	376054
3601	MT703015	2749387
3602	DQ414959	376080
3602	PQ636474	376080
3603	DQ861605	201287
3604	EF079386	426795
3605	EF635457	460804
3605	EF635475	460805
3606	EF670340	339046
3606	EF670344	280449
3606	EF670348	280449
3607	EF670341	468855
3608	EU347759	508286
3608	EU347765	2511970
3609	FJ462478	582824
3609	FJ462479	582824
3609	FJ462480	485828
3609	FJ462481	485828
3610	FM204677	73951
3611	FM204699	499984
3611	KJ680475	1514990
3611	KJ680476	1514990
3611	KJ680477	1514977
3611	KJ680478	1514978
3611	KJ680479	1514979
3611	KJ680480	1514980
3611	KJ680481	1514983
3611	KJ680482	1514984
3611	KJ680483	1514985
3611	KJ680484	499984
3611	KJ680485	1514987
3611	KJ680486	1514987
3611	KJ680487	1514987
3611	KJ680488	1514986
3612	GQ888892	327144
3613	GU256777	705353
3614	GU256781	210367
3615	HG004823	1341786
3616	JQ067143	508231
3617	JQ067221	1132230
3618	JQ067254	1158915
3619	JQ306335	1164737
3619	JQ306503	1164736
3620	JQ730045	1160517
3621	KC779740	1471006
3622	KC779760	1457483
3622	KC779761	1457483
3622	KC779775	1457490
3623	KF318918	1386260
3623	KF318954	1386240
3624	KF318953	1386274
3625	KF318955	1419545
3626	KF318924	1386272
3626	KF318945	1386278
3626	KF318967	1386273
3627	KJ187619	1453376
3628	KJ411669	1582183
3628	KJ411672	681455
3628	KJ411686	1582196
3628	KJ411700	1582209
3629	KJ411681	1582192
3629	KJ411698	1582207
3630	KM211718	54844
3630	KM211728	54844
3630	KM211755	54859
3630	KM211756	54859
3630	KM211757	54859
3630	KM211758	54859
3630	KM211759	54859
3630	KM211760	54859
3630	KM211761	54859
3630	KM211764	879914
3630	KM211765	879914
3630	KM211767	54859
3630	KM211768	54859
3630	KM211771	54859
3630	KM211772	54859
3630	KM211781	879914
3630	KM211782	879914
3630	KM211783	879914
3630	KM211784	879914
3630	KY971379	54859
3630	KY971380	54859
3630	KY971381	54859
3630	KY971382	54859
3630	KY971390	879914
3630	KY971391	1682103
3631	KM211779	879914
3631	KM211780	879914
3632	KM659704	1598138
3633	KP058317	362788
3633	KX057900	346985
3633	KY214464	362788
3633	KY968917	346985
3634	KP737564	906928
3634	KP737565	906928
3634	KP737566	906928
3634	KP737567	906928
3635	KP794318	1777493
3635	KP794319	1777493
3635	KP794320	1777493
3636	KP794321	1777494
3637	KT006783	1854028
3637	KT006794	1854037
3638	KT338649	431294
3639	KT923833	1552222
3640	KX057878	539088
3641	KX509867	128656
3641	KX509870	1930893
3641	KX509872	1930894
3641	KX509874	1930895
3641	KX509875	1930896
3641	KX509876	1930897
3642	KX686530	2016551
3642	KX686531	1164736
3643	KX954918	47141
3643	KX955000	2014707
3643	KX955045	454198
3644	KY242146	1541236
3644	KY242147	1541236
3644	KY242148	1541236
3645	KY242172	1921744
3645	KY242173	1921744
3646	KY306603	1972781
3647	KY782467	1972932
3648	LC656559	694320
3648	LC656561	694320
3648	LC656562	694323
3649	LN515401	1539464
3650	MF695612	2283211
3650	MF695613	2283211
3650	MF695615	2283211
3651	MF944398	1676821
3652	MH710848	43782
3653	MH711144	934066
3654	MH711814	354507
3655	MK164445	2487455
3656	MK164481	907951
3656	MK164499	2487478
3656	MK164500	2487478
3656	MK164519	2487490
3656	MK164520	2021144
3657	MK282426	2495568
3658	MK356154	233031
3658	MK356166	2597252
3658	MK356167	2597252
3658	MK356184	2597251
3658	MK356185	2597251
3658	MK356186	2597251
3659	MK945650	3064095
3660	MK945653	144174
3660	MK945654	754866
3661	MN114126	992663
3662	MN200181	136990
3663	MW892822	1045254
3663	MW892823	1045254
3663	MW892825	1045254
3664	MZ191050	38868
3665	EU383034	2849020
3665	JN802670	2849020
3665	KM051459	2849020
3665	OL863117	2668600
3665	OL863118	392704
3666	OM333841	536986
3666	OM333871	536986
3666	ON820118	536986
3666	ON820119	536986
3666	ON820120	536986
3666	PV359361	536986
3666	PV359362	536986
3666	PV359363	536986
3667	OM333838	2849490
3667	OM333843	2588548
3667	OM333846	28515
3667	OM333852	1237723
3667	OM333854	2911117
3667	OM333855	536996
3667	OM333857	1262115
3667	OM333858	2911120
3667	OM333859	536997
3667	OM333860	1340046
3667	OM333861	2835937
3667	OM333863	2911123
3667	OM333865	2911124
3667	OM333872	2911742
3667	OM333877	2588548
3667	OM333879	536996
3667	OM333880	536994
3667	OM333881	536996
3667	OM333882	536996
3667	OM333883	536996
3667	OM333884	536996
3667	OM333885	536996
3667	OM333886	2911743
3667	OM333887	539205
3667	OM333888	536996
3667	ON820127	536987
3667	ON820128	886264
3667	ON820131	2849490
3667	ON820132	2849490
3667	ON820133	28515
3667	ON820134	1237723
3667	ON820135	1237723
3667	ON820136	2911117
3667	ON820138	536996
3667	ON820139	536996
3667	ON820141	536997
3667	ON820143	2911120
3667	ON820146	536997
3667	ON820147	536997
3667	ON820148	1340046
3667	ON820149	1340046
3668	OM886408	316734
3669	MK164425	436789
3669	MK164493	2487475
3669	MK164494	2487470
3669	ON009180	436789
3669	ON009186	2082094
3669	ON009196	78708
3669	ON009197	2487470
3669	ON009201	436806
3669	ON009206	2487475
3669	ON009210	436811
3670	ON694112	2950971
3671	OP592164	2983995
3671	OP592170	2983995
3671	OQ274974	2983995
3671	OQ274978	2983995
3671	OQ274982	2983995
3671	OQ274986	2983995
3672	OP592166	2983995
3673	OQ350964	3021932
3674	OQ351004	3021924
3675	OQ730084	3038151
3675	OQ730085	3038151
3675	OQ730086	3038151
3675	OQ730087	3038149
3675	OQ730088	3038149
3675	OQ730089	3038149
3676	OR531482	1225688
3676	OR531489	3241706
3676	OR531490	3241706
3676	OR531491	3241706
3676	OR531492	3241706
3677	EF670372	331261
3677	MT940443	331261
3677	OR680089	1445540
3677	OR680090	1445541
3677	OR680091	1445541
3677	OR680092	1445541
3677	OR680093	1445541
3677	OR680094	1445541
3677	OR680097	1445532
3677	OR680099	1445533
3677	OR680104	3081311
3677	OR680105	38199
3677	OR680106	3081310
3677	OR680123	339065
3678	OR680102	3081311
3678	OR680103	3081311
3678	OR680108	228487
3679	AF262814	125385
3679	PP392853	125385
3680	PP565936	3136264
3681	PP577819	1763423
3682	PV809967	1762910
3683	PV900028	105308
3684	PV900342	291677
3684	PV900343	291677
3685	AB289460	419406
3685	AB289461	419406
3685	AB289462	419410
3685	AB289463	419410
3685	AB289465	1499531
3685	AB289466	1499531
3685	AB289467	1499531
3685	AB289470	327329
3685	AB289471	327329
3685	AB289472	327329
3685	AB289473	327329
3685	AB289474	2853222
3685	AB289480	2853223
3685	AB289481	2853223
3685	AB366610	482297
3685	AB366614	482297
3685	AB435655	2816833
3685	KT338737	1499531
3685	LC088231	1735023
3685	LC088232	1735023
3685	LC431210	2484747
3685	LC431211	2484748
3685	LC431212	2484749
3685	LC588894	2779378
3686	AB593502	906682
3686	AB593562	117953
3687	AB593511	179350
3688	AB593485	906656
3688	AB593523	906694
3688	AB593546	161866
3688	MN213668	161866
3689	AB593533	161865
3690	AB593539	154290
3690	AB847663	859512
3690	MH763848	154290
3690	OQ645697	154290
3690	OQ645702	859512
3690	OQ645703	859512
3690	PV643874	154290
3690	PV646511	3423300
3691	AB593567	906773
3692	AB593551	906767
3692	AB593591	906784
3692	AB593628	467197
3692	AB593650	906864
3692	AB847643	1391405
3692	AB847669	1391421
3693	AB593597	234022
3694	AB593604	117954
3695	AB593605	161870
3696	AB593616	117955
3696	MN213676	117955
3696	MN213677	117955
3696	MN213679	117955
3697	AB593623	906810
3698	AB593624	906811
3699	AB593636	906848
3699	AB593641	169180
3699	MN213683	169180
3699	PQ804149	906848
3700	AB593643	671528
3701	AB671743	136990
3702	AB847671	1354201
3703	AB847675	257360
3704	AB894138	78745
3704	AB894143	234039
3704	EU430384	517243
3704	KC811531	517251
3704	KC811532	517251
3705	AF274684	131032
3705	AF274685	53919
3706	AF274689	131029
3707	AF274696	138272
3708	AF513685	175260
3709	AJ580553	50773
3709	AJ580554	242216
3709	AJ580555	242217
3709	AJ580556	242218
3709	AJ580557	49940
3709	AJ580558	49960
3709	AJ580559	242219
3709	AJ580560	49936
3709	AJ580561	242220
3709	AJ580562	49961
3709	AJ580563	49961
3709	AJ580564	49961
3709	AJ580565	49961
3709	AJ580566	49961
3709	AJ580567	49961
3709	AJ580568	242221
3709	AJ580569	242222
3709	AJ580570	242223
3709	AJ580571	242215
3709	AJ580572	242215
3709	AJ580573	137095
3709	AJ580574	242221
3709	AJ580575	242224
3709	AJ580576	242224
3709	AJ580577	242225
3709	AJ580578	242225
3709	AJ580579	242225
3709	AJ580580	137099
3709	AJ580581	137099
3709	GQ130335	651547
3709	MT923704	137126
3709	MT923705	137126
3710	AJ616318	255859
3711	AY552102	1199013
3712	AY787410	300477
3713	AY857961	308166
3713	AY857962	308167
3713	AY857963	308168
3714	DQ153575	339906
3715	DQ153592	339920
3715	DQ153593	49390
3715	DQ153594	339901
3715	DQ153596	49372
3715	DQ153597	49383
3715	DQ153598	49391
3715	DQ153609	13443
3715	DQ153611	49371
3715	DQ153614	49372
3715	DQ153615	339948
3715	DQ153616	339954
3715	DQ153617	339952
3715	DQ153619	339950
3715	DQ153623	339901
3715	DQ153624	339949
3715	DQ153626	339953
3715	DQ153632	49391
3715	DQ153638	339955
3715	DQ153639	339901
3715	MN719947	13443
3715	MN719950	49390
3715	MN719951	49390
3715	MN719952	49390
3715	MN719964	49383
3715	MN719966	49383
3715	MN719968	49383
3715	MN719969	49383
3715	MN719970	2676115
3715	MN719971	2676115
3715	MN719972	2676115
3715	MT250043	2676116
3715	MT250044	2676116
3715	MT250045	2676116
3715	OQ780782	13443
3715	OQ780783	13443
3716	DQ385602	372409
3716	DQ385603	372410
3716	EU331105	372410
3716	GU386451	372410
3716	GU386452	372410
3716	PP133494	372410
3717	DQ414878	175358
3718	DQ414912	376034
3718	DQ414913	376035
3719	DQ787406	397179
3720	EF041511	410697
3721	EF079434	312809
3722	EF079445	426868
3723	EF079436	426903
3723	EF670359	426903
3723	EF670360	468866
3724	EF670364	331231
3724	EF670365	338955
3725	EU498162	511758
3726	EU850687	106065
3727	FJ037798	598474
3728	FJ037841	597408
3729	FJ381783	172200
3730	FJ381784	578696
3731	HG004811	1341775
3732	HG004864	1341721
3733	HG004875	453234
3734	HM347007	270102
3734	HM347008	270239
3735	JF831209	137681
3736	JQ067188	1132178
3737	JQ230354	1201189
3738	JX124513	630756
3739	JX233662	395328
3739	JX233663	395328
3739	JX233664	395328
3739	JX233665	1277763
3739	JX233687	1277773
3739	JX233692	1084670
3739	JX233706	1277783
3739	JX233709	1084683
3739	JX233725	1084690
3739	JX233732	1277791
3739	JX233736	1277792
3739	JX233754	1277796
3739	JX233759	1277765
3739	JX233760	1277769
3739	JX233761	1277770
3739	JX233762	1277771
3739	JX233763	341022
3739	JX233765	1277781
3739	JX233766	1277768
3739	MT924035	395328
3740	JX233771	432645
3741	KC779661	644008
3741	KC779669	1457443
3741	KC779743	1457475
3741	KC779748	1457477
3741	KC779749	1457477
3741	KC779751	1457478
3741	KC779752	1457478
3741	KC779753	1457478
3741	KC779755	1457481
3741	KC779756	1457481
3741	KC779762	1457484
3741	KC779763	1457485
3741	KC779765	1457485
3741	KC779766	1457486
3741	KC779774	584692
3741	KC779786	1457499
3742	KC779768	1457487
3742	KC779769	1457487
3742	KC779789	100146
3742	KC779790	100146
3743	KC779664	1457442
3743	KC779670	1457444
3743	KC779671	1457444
3743	KC779675	252530
3743	KC779803	83131
3743	KC779804	83131
3743	KC779806	1457456
3743	KJ402376	252530
3743	KJ402377	1457444
3744	KC811546	517261
3744	KC811549	517261
3745	KF318930	1386248
3745	KF318946	1386246
3746	KF612991	1534762
3746	MG008689	1534762
3747	KC779649	1470996
3747	KC779650	584676
3747	KC779651	584677
3747	KC779652	584677
3747	KC779653	584677
3747	KC779654	1470997
3747	KC779657	232302
3747	KC779659	1470999
3747	KC779660	1457440
3747	KJ402380	1470996
3747	KJ402381	584676
3747	KJ402382	584677
3747	KJ402383	1470997
3747	KJ402384	232302
3747	KJ402385	1470999
3747	KJ402386	1457441
3748	KJ410008	909050
3749	KJ411646	132446
3750	KJ411688	1582198
3751	KM245054	1617278
3752	KC779641	1048257
3752	KT751423	1820353
3752	KT751436	1457447
3752	KT751451	1048257
3752	KT751455	1820372
3753	EU490672	524245
3753	HM854606	880519
3753	HM854607	880448
3753	HM854644	524245
3753	HM854645	880515
3753	HM854650	880461
3753	KF612988	524245
3753	KF612989	1534767
3753	KF612990	1534767
3753	KF612996	1534768
3753	KF612997	494572
3753	KT923840	1534767
3753	KT923844	1891904
3753	KT923845	880461
3753	MG008690	524245
3753	MG008693	1891904
3754	KX057879	539107
3755	KX057880	539124
3756	KY239346	1909162
3757	KY242077	1921720
3757	KY242078	1921720
3757	KY242079	1921720
3757	KY242080	1921720
3757	KY242081	1921720
3757	KY242082	1921720
3757	KY242128	1921732
3757	KY242129	1921732
3757	KY242130	1921732
3757	KY242131	1921732
3757	KY242132	1921732
3757	KY242133	1921732
3757	KY242134	1921732
3757	KY242135	1921732
3757	KY242136	1921732
3757	KY242137	1921732
3758	KY242109	1921725
3758	KY242110	1921725
3759	KY242120	1921728
3760	KY306597	162812
3761	KY657372	215924
3762	LC625823	2823992
3762	LC625824	551640
3762	LC625825	551640
3763	MF695595	2283202
3763	MF695596	2283202
3764	MF695597	2283203
3764	MF695598	2283203
3765	MF695610	2283210
3765	MF695611	2283210
3766	MF959772	2065061
3767	FJ037854	597382
3767	FJ037855	597382
3767	MG323888	2072244
3767	MG323889	2072245
3767	MG323890	2072245
3767	MG323891	2072245
3767	MG323892	2093913
3767	MG323893	2072246
3767	MG323894	2072246
3767	MG323895	2093912
3767	MG323896	1472311
3767	MG323897	1472311
3767	MG323898	2093921
3767	MG323900	427810
3767	MG323901	2093916
3767	MG323902	1472311
3767	MG323903	1569016
3767	MG323904	2093917
3767	MG323905	1421022
3767	MG323906	2093918
3767	MG323907	427810
3767	MG323908	597382
3767	MG323909	2093920
3767	MG323911	1472311
3767	MG323912	1472311
3767	MG323923	1472311
3768	MG460397	2320138
3768	MG460398	2023107
3769	MH478087	271578
3769	MH478089	271578
3769	MH478090	271576
3770	MH535148	2592560
3771	MH535197	2592560
3772	EU490666	524231
3772	MH656426	2282709
3773	MH711132	1882389
3774	MH711720	79760
3775	MK164437	524431
3776	MK164469	2487469
3776	MK164487	1463551
3776	MK164492	1463553
3776	ON009205	1463553
3777	MK164533	2487495
3778	MK165460	1909162
3779	MK169321	2487924
3779	MK169322	2487924
3780	MK356153	2597253
3781	MK356191	233030
3781	MK356192	233030
3781	MK356197	233028
3781	MK356198	233028
3781	MK356199	141736
3781	MK356200	141736
3781	MK356201	141736
3781	MN255131	2790394
3782	KX955038	2014732
3782	MK945641	2582825
3783	MK945651	714475
3784	MN257685	2600414
3784	MN257839	2600415
3784	MN257845	2600416
3785	MN257846	2600479
3786	MN317867	2148138
3786	MN317880	2148142
3786	MN317900	2148153
3786	MN317931	2148168
3786	MN317955	2785484
3787	MT023919	2803571
3788	MT500603	2735618
3789	KC779674	202237
3789	MT565567	2795299
3790	MT922881	419289
3791	MT940441	442463
3792	MW899019	1051466
3793	OM311747	3023628
3794	ON009181	2927009
3795	ON009190	1463550
3796	ON009202	2927016
3796	ON009203	2927016
3796	ON009204	2927016
3797	OP798439	1818878
3797	OP798440	1818878
3797	OP798441	1818878
3798	OQ350878	539148
3798	OQ350933	539129
3799	OQ350965	539090
3800	OQ804641	2491921
3801	MN114145	2588164
3801	OR470723	3071439
3801	OR470726	3071439
3801	OR470730	3071439
3801	OR470731	3071439
3801	OR470733	2588164
3801	OR470734	3071440
3801	OR470738	2695420
3802	OR594016	2840068
3803	AY278111	228487
3803	EF079437	426949
3803	EF670368	331161
3803	EF670369	331161
3803	EF670370	331161
3803	EF670371	331161
3803	EF670373	468869
3803	EF670375	468869
3803	OR680086	3081308
3803	OR680087	3081308
3803	OR680095	3081307
3803	OR680107	3081310
3803	OR680109	228487
3803	OR680113	3081312
3803	OR680114	1445544
3803	OR680115	1445544
3803	OR680116	1445544
3803	OR680117	862880
3803	OR680119	862880
3803	OR680120	862880
3804	PP125555	91119
3805	PP537971	3135161
3805	PP537972	3135161
3805	PP537973	3135161
3806	PQ804163	257355
3807	PV052385	2983995
3808	PV900318	475885
3808	PV900319	475885
3809	PV900344	3447760
3810	PV900767	157677
3811	PX945645	672818
3811	PX945646	672818
3811	PX945647	672818
3811	PX945648	672818
3811	PX945649	672818
3811	PX945650	516071
3811	PX945651	516071
3811	PX945652	516071
3811	PX945653	516071
3811	PX945654	516071
3811	PX945655	516071
3811	PX945656	672818
3812	PZ291711	378703
3812	PZ291714	378704
3812	PZ291717	378708
3813	AB289458	419403
3814	AB289459	419405
3815	AB289464	2853221
3816	AB289483	419416
3817	AB593484	142611
3817	AB593507	906686
3817	AB593517	906689
3817	KX618243	1920728
3818	AB593492	906663
3819	AB593501	906681
3820	AB593513	907885
3820	AB593569	234013
3820	AB847640	179348
3820	AB847662	1391418
3821	AB593526	906697
3821	AB593612	906806
3822	AB593531	906698
3823	AB593537	51096
3823	MH763846	51096
3823	MZ540353	51096
3824	AB593547	906764
3824	AB593556	906768
3824	AB593578	906778
3825	AB593552	335151
3826	AB593561	117952
3826	AB593625	564068
3826	AB593626	564068
3826	AB593627	564068
3827	AB593563	179355
3828	AB593575	178741
3829	AB593582	257361
3829	AB593646	906855
3829	AB593647	906855
3829	MN213673	257361
3830	AB593587	906783
3831	AB593595	907887
3832	AB593598	208343
3833	AB593601	906797
3834	AB593603	906798
3835	AB593488	906659
3835	AB593519	906690
3835	AB593580	161867
3835	AB593614	142614
3835	AB593622	906809
3835	AB873180	142614
3835	PP766544	3144482
3835	PP768063	3144482
3835	PQ804145	2983995
3835	PV330000	3410004
3835	PV330001	3410005
3836	AB593618	906807
3837	AB593621	859515
3838	AB593660	37622
3839	AB593661	524434
3840	AB593670	257354
3841	AB593677	906877
3842	AB763377	516551
3843	AB593486	906657
3843	AB847661	257357
3843	MN213675	257357
3844	AB847674	1391425
3845	AF239361	125177
3846	AF239363	125133
3846	AF239364	78790
3846	AF239372	125162
3846	AF239373	125163
3846	AF239374	125164
3847	AF239378	125136
3848	AF262815	125383
3848	EF079370	426873
3849	AF274690	131030
3850	AF262913	125389
3850	AF291098	125389
3850	KY988809	2016552
3850	MN332375	2026618
3851	AF313039	85157
3852	AJ421000	180016
3853	AJ548974	223177
3853	AJ548975	223178
3854	AJ550578	133305
3855	AJ616322	257430
3856	AY492115	263980
3857	AY616726	279668
3858	AY730292	309437
3858	AY730297	336058
3859	AY730306	309513
3859	AY730307	61944
3859	AY730311	309514
3859	AY730331	153770
3860	AY787405	300471
3860	AY787406	300472
3860	AY787411	300478
3860	AY787413	300480
3861	AY787408	300474
3862	DQ209983	350219
3862	DQ210011	350134
3862	DQ210058	350365
3862	DQ210114	350313
3862	DQ210117	350183
3862	DQ210145	350229
3862	DQ210167	350313
3862	DQ210210	350229
3862	DQ210224	350727
3862	DQ210247	350399
3862	DQ210296	350134
3862	DQ210307	350183
3862	DQ210378	350211
3862	DQ210447	350137
3862	KP323324	350183
3862	MZ736842	350183
3863	DQ414883	376011
3864	DQ414884	376012
3864	DQ414885	376014
3864	DQ414886	376015
3864	DQ414887	376016
3864	DQ414888	376017
3865	DQ414907	376032
3866	EF079439	331205
3866	EF670378	111597
3866	KX579760	2025805
3867	EU430374	517233
3868	EU850664	511491
3868	HM116986	796000
3868	HM116987	511491
3869	EU912093	344607
3869	HF952968	1137804
3870	EU912095	241767
3870	HF952982	241767
3871	FJ462484	582829
3871	FJ462486	582833
3872	FM204692	440678
3872	FM204693	440678
3872	FM204694	440678
3872	FM204695	499979
3873	GU256864	705347
3874	HE586017	115622
3874	HE586018	115622
3875	HE586022	115622
3876	HF952957	468982
3876	HF952958	1325976
3877	HG004833	455371
3878	HM854584	880449
3878	HM854585	880448
3878	HM854586	880504
3878	HM854609	880498
3878	KF612981	1534759
3878	MH656415	2282715
3879	HM854588	880481
3879	HM854590	880455
3879	HM854594	880482
3880	HM854629	880470
3880	HM854630	426944
3880	KF612992	1534769
3880	KT923827	426944
3880	MG008688	1892230
3880	MG023256	426944
3881	HM854663	880459
3881	KT923828	1891905
3881	KT923829	1891910
3881	MG023255	2041764
3881	MW628176	2041764
3882	HQ859244	985577
3882	HQ859247	985579
3883	JF706719	234057
3884	JQ954566	904691
3885	JX070199	1202775
3885	JX070200	1053868
3886	JX233670	1084665
3886	JX233671	1084665
3886	JX233683	1084666
3886	JX233694	1277778
3886	JX233695	1277779
3886	JX233697	1084672
3886	JX233698	1084673
3886	JX233699	1084676
3886	JX233701	1277780
3886	JX233711	1277784
3886	JX233717	1277785
3886	JX233722	1277787
3886	JX233743	1084698
3886	JX233744	1084699
3887	JX233675	859839
3887	JX233748	46969
3888	JX233674	1277767
3888	JX233684	1084667
3888	JX233688	1277774
3888	JX233702	1277782
3888	JX233703	1084680
3888	JX233705	581030
3888	JX233710	1264568
3888	JX233718	1277786
3888	JX233731	1277790
3888	JX233734	1084694
3888	JX233738	1084695
3888	JX233739	669855
3888	JX233740	669855
3888	JX233741	1084696
3888	JX233749	1277795
3888	JX233751	79802
3888	JX233753	1084702
3888	JX233757	1084706
3888	JX233764	1277775
3889	JX862643	1125365
3889	JX862648	1125365
3890	KC539583	63056
3891	KC779635	232300
3891	KT751428	61861
3891	KT751438	3824
3891	KT751463	1820380
3892	KC779767	1457487
3892	KC779783	1457496
3892	KJ402379	1457496
3893	KC779759	1457482
3893	KC779785	1471004
3893	KJ402378	1457482
3894	KC779667	584680
3894	KC779797	584682
3894	KC779799	584683
3894	KC779801	510210
3894	KC779802	510210
3895	KF318917	1136872
3896	KF318922	1386255
3896	KF318926	1386255
3896	KF318932	1386241
3896	KF318961	1386245
3897	KF318943	1386259
3898	KF318960	125116
3899	KJ411685	185976
3900	KJ411653	1582173
3900	KJ411654	1582174
3900	KJ411666	1582181
3900	KJ411677	1582188
3900	KJ411683	1582194
3900	KJ411692	1582202
3900	KJ411703	1582212
3900	KJ411704	1582213
3901	KJ608368	1209872
3902	EU554333	493978
3902	EU554334	493974
3902	KM495102	493978
3902	KM495106	493979
3902	KM495114	1591386
3902	KM495127	1591399
3903	KP675790	443222
3904	AB593490	906661
3904	AB593499	524432
3904	AB593630	469460
3904	KP743542	524432
3904	KP743544	524432
3904	KY062487	2050025
3904	MT373506	524432
3904	MT373507	524432
3904	MT373508	524432
3904	MT373509	524432
3904	MT373510	524432
3904	MT373511	524432
3904	MT373512	524432
3904	MT373513	524432
3904	MT373514	524432
3904	MT373515	524432
3904	MT373516	524432
3904	MT373517	524432
3904	MZ540354	524432
3904	OP592176	2983995
3905	KP842277	1634071
3906	KT751433	1820357
3907	KT751457	1820375
3908	KX954883	1868722
3908	KX954884	1868722
3908	KX954885	1868720
3909	KY218784	90693
3909	MK945646	220690
3909	MK945647	283153
3909	MK945648	754862
3909	MK945649	47105
3909	PV901041	220689
3909	PV901042	220689
3909	PV901080	210416
3909	PV901083	210416
3909	PV901099	390503
3910	KY242084	1470426
3910	KY242085	1470426
3910	KY242086	1470426
3910	KY242087	1470426
3910	KY242088	1470426
3910	KY242089	1470426
3910	KY242090	1470426
3910	KY242091	1470426
3910	KY242092	1470426
3910	KY242093	1470426
3910	KY242094	1470426
3910	KY242095	1470426
3910	KY242096	1470426
3910	PV489920	3144451
3910	PV489921	3144451
3910	PV489922	3144451
3911	KY242111	1097217
3911	KY242112	1097217
3911	KY242113	1097217
3911	KY242114	1097217
3911	KY242115	1097217
3911	KY242116	1097217
3912	KY242122	1921730
3912	KY242123	1921730
3912	KY242124	1921730
3912	KY242164	1921714
3912	KY242165	1921715
3913	KY242171	1921743
3914	KY306598	1971469
3915	KY306615	162836
3916	KY306656	162925
3917	KY421908	1027129
3918	KY657366	1884268
3918	KY657367	1884270
3919	LC580225	2771293
3919	LC580226	119983
3920	MF944259	59333
3920	MF944261	2058511
3921	MF944405	1676833
3922	MG323914	1264047
3923	EU490664	524229
3923	HM854601	880492
3923	HM854612	880490
3923	HM854614	880450
3923	HM854615	880491
3923	HM854616	880494
3923	HM854619	880501
3923	MH656413	880450
3923	MH656425	2282717
3924	MH710705	120385
3925	GQ374206	203008
3925	GQ374207	666566
3925	JQ954563	91120
3925	JQ954564	1209490
3925	JQ954565	116726
3925	MH710759	116726
3925	MH712584	116726
3926	MK164435	2487448
3927	MK164441	1470447
3927	MK164472	1138404
3927	MK164480	907950
3927	MK164485	1185429
3927	ON009182	2927010
3927	PV359354	1470447
3927	PV359355	1470447
3927	PV359356	1470447
3928	MK165479	2587346
3928	OM112106	1294001
3929	MK169287	2487921
3929	MK169288	2487921
3930	MN213663	859508
3931	MN257642	2600439
3931	MN257695	2600625
3931	MN257743	2600440
3931	MN257809	2600441
3931	MN257827	2600442
3932	MN317868	2785453
3932	MN317870	2148139
3932	MN317871	2785490
3932	MN317873	2785496
3932	MN317875	2785472
3932	MN317876	2785454
3932	MN317877	1415864
3932	MN317878	2785455
3932	MN317879	2148141
3932	MN317881	2785473
3932	MN317886	2785469
3932	MN317887	2785468
3932	MN317888	2148146
3932	MN317889	2148147
3932	MN317890	2148148
3932	MN317891	2785497
3932	MN317892	2785498
3932	MN317893	2785491
3932	MN317894	2785492
3932	MN317895	2148149
3932	MN317897	2148150
3932	MN317898	2148151
3932	MN317901	2785499
3932	MN317902	2785457
3932	MN317903	643010
3932	MN317904	2148154
3932	MN317906	2148156
3932	MN317907	2785458
3932	MN317908	2785475
3932	MN317911	246250
3932	MN317912	2148158
3932	MN317913	2785494
3932	MN317915	2148159
3932	MN317916	2148160
3932	MN317919	643012
3932	MN317921	2785460
3932	MN317926	2148166
3932	MN317928	1641069
3932	MN317929	2148167
3932	MN317930	2785478
3932	MN317932	2785462
3932	MN317934	2148170
3932	MN317935	2148171
3932	MN317936	2148172
3932	MN317937	2785495
3932	MN317938	2785479
3932	MN317940	2785463
3932	MN317941	2148173
3932	MN317943	2785481
3932	MN317944	2148175
3932	MN317945	2785482
3932	MN317947	2785483
3932	MN317948	2148177
3932	MN317949	2785464
3932	MN317950	2785500
3932	MN317952	2148179
3932	MN317954	643013
3932	MN317956	2148180
3932	MN317958	2785465
3932	MN317960	2785466
3932	MN317961	2148183
3932	MN317962	2148184
3932	MN317963	2148185
3932	MN317964	2785485
3932	MN317965	2029226
3932	MN317966	2148186
3932	MN317969	2148117
3933	MW463318	167609
3934	MW602121	572119
3934	MW602123	2839996
3934	MW602127	2840069
3934	MW602132	572118
3934	MW602137	2839996
3934	MW602138	2839996
3934	MW602139	2839996
3934	MW602140	2839999
3934	MW602144	2839996
3934	MW602145	2840065
3934	MW602146	2840065
3934	OK104771	2989425
3934	OM836062	2920877
3934	OM836063	2920877
3934	OQ627454	3034922
3934	OQ627455	3034921
3934	OR594017	2839999
3934	OR594018	3034922
3934	OR594028	3034921
3934	OR594035	2989425
3934	OR594041	2839996
3935	MW899018	1051466
3936	MW899020	2827256
3936	MW899022	145248
3937	MZ366397	1439903
3937	OL863097	2904113
3937	OL863099	260601
3938	OL355279	455371
3939	AJ420998	180015
3939	OL863066	2904102
3940	AJ420997	180014
3940	OL863101	1898806
3940	OL863102	180014
3941	OM112098	1679711
3942	ON009187	234057
3943	ON009189	2927014
3944	ON009198	1138408
3945	ON614190	2949311
3945	ON614191	2949311
3946	ON694111	2950967
3947	AB593608	906801
3947	OP592175	524432
3948	OP605348	2984838
3948	OP605349	2984838
3948	OR594012	2984838
3949	OQ350898	539126
3950	OQ351002	539085
3951	OQ786074	1500988
3952	OR680088	339065
3953	PP456688	1210469
3953	PP456689	58986
3954	PP565939	3136263
3955	AB289477	419411
3956	AB593495	906678
3957	AB593496	234000
3958	AB593504	906684
3958	AB593506	906685
3958	AB593554	179353
3958	AB593683	906881
3959	AB593505	859507
3959	AB593522	906693
3959	AB593538	50283
3959	AB847647	1391407
3959	LC716010	859507
3959	LC716011	2607534
3960	AB593521	906692
3961	AB593530	180501
3962	AB593541	906672
3962	AB593586	906782
3962	OM311718	3023620
3962	OM311719	3023620
3962	OM311725	3023622
3962	OM311732	906672
3962	OM311733	906672
3962	OM311735	3023623
3962	OM311736	3023623
3962	OM311737	3023623
3962	OM311738	3023623
3962	OM311739	3023623
3962	OM311740	3023623
3962	OM311755	906782
3962	OM311760	3023633
3962	OM311761	3023633
3962	OM311762	3023633
3962	OM311766	3023636
3962	OM311774	3023651
3962	OM311775	3023652
3962	PZ054008	2983995
3962	PZ054009	2983995
3962	PZ054010	2983995
3963	AB593558	906769
3963	AB593572	906774
3963	AB847650	1354196
3964	AB593559	234010
3965	AB593560	172645
3965	MN213671	172645
3966	AB593564	234011
3967	AB593566	906772
3968	AB593570	234014
3969	AB593573	906775
3970	AB593574	906776
3971	AB593577	906777
3972	AB593579	467198
3972	PQ804161	142612
3973	AB593599	183482
3973	AB593619	94219
3973	AB593645	906854
3973	MN213680	94219
3973	MN213681	94219
3973	MT940440	94219
3973	PQ804162	161867
3974	AB593610	906804
3975	AB593613	234024
3976	AB593635	906847
3977	AB593637	906849
3978	AB593642	906852
3978	AB847655	1391413
3978	AB847666	1391420
3978	OM311716	3023619
3978	OM311717	3023619
3978	OM311721	3023653
3978	OM311722	3023653
3978	OM311723	3023653
3978	OM311724	3023621
3978	OM311726	908008
3978	OM311727	908008
3978	OM311728	908008
3978	OM311729	908008
3978	OM311734	906705
3978	OM311741	3023624
3978	OM311742	3023624
3978	OM311743	3023624
3978	OM311744	3023625
3978	OM311746	3023627
3978	OM311748	3023629
3978	OM311749	3023630
3978	OM311750	3023630
3978	OM311751	3023630
3978	OM311752	3023630
3978	OM311753	3023630
3978	OM311757	906796
3978	OM311758	906796
3978	OM311765	1391420
3978	OM311767	3023637
3978	OM311772	3023638
3978	OM311773	3023639
3979	AB593553	257356
3979	AB593592	906785
3979	AB593648	906856
3979	KY062492	2050026
3980	AB593659	858932
3980	AB873181	431188
3980	KP743543	906689
3980	MK165471	2587348
3981	AB593665	906871
3981	AB593688	906882
3982	AB593674	117978
3983	AB593682	906880
3984	AB847642	1391403
3985	AB847651	1391411
3986	AB894131	234023
3986	AB894132	1433381
3987	AB894141	1433387
3988	AF239411	125112
3989	AF274688	131034
3990	AF274695	131025
3991	AF303712	164840
3991	AF303713	164840
3992	AF470493	187188
3992	AF470507	187188
3993	AJ580549	49935
3994	AJ580551	49941
3995	AJ580552	149054
3996	AJ616319	255861
3997	AJ616327	257431
3998	AJ616328	257432
3999	AY492104	263977
4000	AY616710	279657
4000	AY616711	64177
4000	AY616714	61236
4000	AY616719	279684
4000	AY616720	279664
4000	AY616721	279665
4000	AY616723	279666
4000	AY616732	279671
4000	AY616737	279674
4000	AY616738	279675
4000	AY616740	279676
4000	AY616743	279678
4000	MW025082	279657
4000	MW025083	279657
4000	MW025084	279657
4000	MW025085	279657
4000	MW025086	279657
4000	MW025087	279657
4000	MW025088	279657
4000	MW025089	64177
4000	MW025091	2773596
4000	MW025092	2773596
4000	MW025093	2773597
4000	MW025094	61236
4000	MW025096	279684
4000	MW025097	279664
4000	MW025098	279665
4000	MW025099	279665
4000	MW025100	279665
4000	MW025101	279666
4000	MW025102	167482
4000	MW025103	167482
4000	MW025104	167482
4000	MW025105	279671
4000	MW025106	2773598
4000	MW025107	2773598
4000	MW025108	2773599
4000	MW025109	1523571
4000	MW025110	279675
4000	MW025111	2773600
4000	MW025112	2773600
4000	MW025113	279676
4000	MW025114	2773605
4000	MW025115	2773605
4000	MW025116	2773605
4000	MW025117	2773602
4000	MW025118	279678
4000	MW025119	279678
4000	MW025120	2773601
4000	MW025121	2773601
4001	DQ866893	174200
4002	EF079363	78722
4003	EF079432	428329
4003	MK165481	2587345
4004	EF079433	38229
4005	EF670357	331183
4006	EF670366	280450
4007	EF670376	468870
4007	EF670377	312814
4008	EF670381	331248
4008	EF670382	331248
4009	EF670386	339128
4009	KT223752	1237121
4010	EU441206	506637
4010	MK356207	506637
4010	MK356208	506637
4011	EU490663	524228
4012	EU490671	524244
4012	KT923837	524244
4012	KT923841	1891908
4013	EU554331	544608
4013	EU554340	544619
4013	EU554351	426896
4013	MF769387	589422
4013	MF769388	589422
4013	MF769389	589422
4013	MF769390	589422
4013	MF769391	589422
4013	MF769392	589422
4013	MF769393	589422
4013	MF769394	589422
4013	MF769395	589422
4013	MF769396	589422
4013	MF769397	589422
4013	MF769398	589422
4013	MF769399	589422
4013	MH218742	2316898
4014	EU554332	544610
4014	EU554345	544607
4015	EU912094	552660
4015	HF952959	1325977
4015	HF952964	1325980
4015	HF952966	1325981
4015	HF952975	297470
4015	HF952976	1325975
4015	HF952978	1325985
4015	HF952980	1325986
4015	HF952981	89493
4015	KM051448	13306
4015	MK334346	1327754
4015	MK334347	1327754
4015	MK334348	1327754
4015	MK334349	1327754
4015	MK334350	1327754
4015	MK334351	1327754
4015	MK334352	1327754
4015	MK334353	1327754
4015	MK334354	1327754
4015	MK334355	1327754
4015	MK334356	1327754
4015	MK334357	1327754
4015	MK334358	1327754
4015	MK334359	1327754
4015	MK334360	1327754
4015	MK334361	1327754
4015	MK334362	1327754
4015	MK334363	1327754
4015	MK334364	1327754
4015	MK334365	1327754
4015	MK334376	1327754
4015	MK334377	1327754
4015	MK334378	1327754
4015	MK334379	1327754
4015	MK334380	1327754
4015	MK334381	1327754
4015	MK334382	1327754
4015	MK334383	1327754
4015	MK334384	1327754
4015	MK334385	1327754
4015	MK334386	1327754
4015	MK334387	1327754
4015	MK334388	1327754
4015	MK334389	1327754
4015	MK334390	1327754
4015	MK334391	1327754
4015	MK334392	1327754
4015	MK334393	1327754
4015	MK334394	1327754
4015	MK334395	1327754
4015	MK334396	1327754
4015	MK334397	1327754
4015	MK334398	1327754
4015	MK334399	1327754
4015	MK334400	1327754
4015	MK334401	1327754
4015	MK334402	1327754
4015	MK334403	1327754
4015	MK334404	1327754
4015	MK334405	1327754
4015	MK334406	1327754
4015	MK334407	1327754
4015	MK334408	1327754
4015	MK334409	1327754
4015	MK334410	1327754
4015	MK334411	1327754
4015	MK334412	1327754
4015	MK334413	1327754
4015	MK334414	1327754
4015	MK334415	1327754
4015	MK334416	1327754
4015	MK334417	1327754
4015	MK334418	1327754
4015	MK334419	1327754
4015	MK334420	1327754
4015	MK334421	1327754
4015	MK334422	1327754
4015	MK334423	1327754
4015	MK334424	1327754
4015	MK334425	1327754
4015	MK334426	1327754
4015	MK334427	1327754
4015	MK334428	1327754
4015	MK334429	1327754
4015	MK334430	1327754
4015	MK334431	1327754
4015	MK334432	1327754
4015	MK334433	1327754
4015	MK334434	1327754
4015	MK334435	1327754
4015	MK334436	1327754
4015	MK334437	1327754
4015	MK334438	1327754
4015	MK334439	1327754
4015	MK334440	1327754
4015	MK334441	1327754
4015	MK334442	1327754
4015	MK334443	1327754
4015	MK334444	1327754
4015	MK334445	1327754
4015	MK334446	1327754
4015	MK334447	1327754
4015	MK334448	1327754
4015	MK334449	1327754
4015	MK334450	1327754
4015	MK334451	1327754
4015	MK334452	1327754
4015	MK334453	1327754
4015	MK334454	1327754
4015	MK334455	1327754
4015	MK334456	1327754
4015	MK334457	1327754
4015	MK334458	1327754
4015	MK334459	1327754
4015	MK334460	1327754
4015	MK334461	1327754
4015	MK334462	1327754
4015	MK334463	1327754
4015	MK334464	1327754
4015	MK334465	1327754
4015	MK334466	1327754
4015	MK334467	1327754
4015	MK334468	1327754
4015	MK334469	1327754
4015	MK334470	1327754
4015	MK334471	1327754
4015	MK334472	1327754
4015	MK334473	1327754
4015	MK334474	1327754
4015	MK334475	1327754
4015	MK334476	1327754
4015	MK334477	1327754
4015	MK334478	1327754
4015	MK334479	1327754
4015	MK334480	1327754
4015	MK334481	1327754
4015	MK334482	1327754
4015	MK334483	1327754
4015	MK334484	1327754
4015	MK334485	1327754
4015	MK334486	1327754
4015	MK334487	1327754
4015	MK334488	1327754
4015	MK334489	1327754
4015	MK334490	1327754
4015	MK334491	1327754
4015	MK334492	1327754
4015	MK334493	1327754
4015	MK334494	1327754
4015	MK334495	1327754
4015	MK334496	1327754
4015	MK334497	1327754
4015	MK334498	1327754
4015	MK334499	1327754
4015	MK334500	1327754
4015	MK334501	1327754
4015	MK334502	1327754
4015	MK334503	1327754
4015	MK334504	1327754
4015	MK334505	1327754
4015	MK334506	1327754
4015	MK334507	1327754
4015	MK334508	1327754
4015	MK334509	1327754
4015	MK334510	1327754
4015	MK334511	1327754
4015	MK334512	1327754
4015	MK334513	1327754
4015	MK334514	1327754
4015	MK334515	1327754
4015	MK334516	1327754
4015	MK334517	1327754
4015	MK334518	1327754
4015	MK334519	1327754
4015	MK334520	1327754
4015	MK334521	1327754
4015	MK334522	1327754
4015	MK334523	1327754
4015	MK334524	1327754
4015	MK334525	1327754
4015	MK334526	1327754
4015	MK334527	1327754
4015	MK334528	1327754
4015	MK334529	1327754
4015	MK334530	1327754
4015	MK334531	1327754
4015	MK334532	1327754
4015	MK334533	1327754
4015	MK334534	1327754
4015	MK334535	1327754
4015	MK334536	1327754
4015	MK334537	1327754
4015	MK334538	1327754
4015	MK334539	1327754
4015	MK334540	1327754
4015	MK334541	1327754
4015	MK334542	1327754
4015	MK334543	1327754
4015	MK334544	1327754
4015	MK334545	1327754
4015	MK334546	1327754
4015	MK334547	1327754
4015	MK334548	1327754
4015	MK334549	1327754
4015	MK334550	1327754
4015	MK334551	1327754
4015	MK334552	1327754
4015	MK334553	1327754
4015	MK334554	1327754
4015	MK334555	1327754
4015	MK334556	1327754
4015	MK334557	1327754
4015	MK334558	1327754
4015	MK334559	1327754
4015	MK334560	1327754
4015	MK334561	1327754
4015	MK334562	1327754
4015	MK334563	1327754
4015	MK334564	1327754
4015	MK334565	1327754
4015	MK334566	1327754
4015	MK334567	1327754
4015	MK334568	1327754
4015	MK334569	1327754
4015	MK334570	1327754
4015	MK334571	1327754
4015	MK334572	1327754
4015	MK334573	1327754
4015	MK334574	1327754
4015	MK334575	1327754
4015	MK334576	1327754
4015	MK334577	1327754
4015	MK334578	1327754
4015	MK334579	1327754
4015	MK334580	1327754
4015	MK334581	1327754
4015	MK334582	1327754
4015	MK334583	1327754
4015	MK334584	1327754
4015	MK335217	13306
4015	MK335218	13306
4015	MK335219	13306
4015	MK335220	13306
4015	MK335221	13306
4015	MK335222	13306
4015	MK335223	13306
4015	MK335224	13306
4015	PV901244	1218737
4016	FJ010796	137132
4016	FJ010801	559635
4016	FJ010802	137130
4017	FJ037797	597289
4018	FJ037826	597278
4018	FJ037827	597278
4019	FJ439908	577025
4020	FJ439912	577029
4020	FJ439913	577029
4021	GU257977	432643
4021	JX233768	432642
4022	HF952961	289823
4022	HF952962	1155216
4022	HF952963	1325979
4022	HF952969	1325982
4022	HF952970	1325983
4022	HF952971	1155218
4022	HF952972	344608
4022	HF952974	1325984
4022	MF543811	248498
4023	HF952973	202128
4024	HG004803	185970
4025	HG004810	690557
4026	HG004828	429299
4026	HG004865	1341761
4027	HG004851	1341812
4028	HM116978	795996
4028	HM116979	795997
4029	HM854580	880452
4030	HM854592	880503
4031	HM854608	256357
4031	MZ153094	2834458
4032	JF706720	1030659
4033	JN634736	1132074
4034	JQ306394	1164687
4035	JX124484	247911
4036	JX233668	1277764
4036	JX233669	1277764
4036	JX233676	1277772
4036	JX233677	1277772
4036	JX233685	46970
4036	JX233686	46970
4036	JX233689	1084669
4036	JX233690	1084669
4036	JX233707	1084682
4036	JX233708	1084682
4036	JX233713	1084685
4036	JX233714	1084685
4036	JX233715	1084687
4036	JX233716	1084687
4036	JX233746	1277794
4036	JX233747	1277794
4036	JX233755	1084705
4036	JX233756	1084705
4037	JX233679	46971
4037	JX233680	46971
4037	JX233681	46973
4037	JX233682	46973
4037	JX233719	504477
4037	JX233720	504477
4037	JX233721	504477
4037	JX233726	46972
4037	JX233727	46972
4038	JX233691	1277776
4039	JX233696	1084671
4039	JX233745	1277793
4040	JX233700	1084677
4040	JX233733	1084693
4040	JX233750	1264574
4041	JX233729	1084692
4041	JX233730	1268667
4041	JX233737	1264571
4041	JX233742	1084697
4042	JX233767	168836
4043	JX233769	432649
4044	FJ010795	559636
4044	JX569808	137887
4044	JX569809	137887
4044	JX569811	137887
4044	JX569812	137887
4044	JX569817	137887
4045	FJ010800	559638
4045	JX569823	559638
4046	JX862682	126566
4046	LN515410	126566
4047	KC200670	1174744
4047	KC200718	1174755
4047	KC201006	1174863
4048	KC779647	1457439
4048	KC779648	1457439
4049	KC779734	1457494
4049	KC779735	1457494
4050	KC779744	584686
4050	KC779745	584686
4050	KC779746	584686
4050	KC779757	584689
4050	KC779776	1457491
4050	KC779787	100146
4050	KC779791	1457500
4050	KC779792	584694
4050	KC779796	457901
4050	KP262482	457901
4050	KP262483	1649817
4050	KP262484	1649818
4050	KP262485	1649819
4050	KP262486	1649820
4051	KJ021015	1486054
4051	KJ021016	1486055
4052	KJ025064	292393
4052	MT923693	50765
4052	MT923697	2765974
4053	KJ411652	1582172
4054	KJ411664	1582180
4054	KJ411690	1582200
4055	KJ411708	132455
4056	KP794435	316895
4056	KP794436	316895
4057	KT006793	1854036
4058	KT223753	1729735
4058	KT223754	1729736
4059	KT334200	1743177
4060	KT334202	1743179
4061	KT751444	1820364
4061	KT751447	1820366
4061	OR531479	3825
4062	EF079379	426895
4062	KT825411	493970
4062	KT825412	1732404
4062	KT825414	1632191
4062	KT825415	257823
4062	KT825416	1732408
4062	KT825422	1732412
4062	KT825425	1632199
4062	KT825426	1632200
4062	KT825427	142296
4062	KT825428	142298
4062	KT825436	1732419
4062	KT825442	1732421
4062	KT825443	1732406
4062	KT825446	1732431
4062	KT825448	1732424
4062	KT825451	1632152
4062	KT825454	123137
4062	KT825455	1632156
4062	KT825457	1632161
4062	KT825459	1732428
4062	KT825465	1732406
4062	KT825471	1732435
4062	KT825475	1732436
4062	KT825476	1732419
4062	KT825483	1732407
4062	KT825485	1732407
4063	KX057875	198859
4064	KX057906	1977558
4065	KX057911	87085
4066	KX686532	2026615
4066	KX686536	1164738
4067	KX894529	192337
4068	KX954887	2014669
4068	KX954949	144102
4068	KX954950	2014686
4068	KX954992	144132
4069	KX954893	144063
4069	KX954894	144063
4069	KX954936	3084577
4069	KX954937	3084577
4069	KX954938	3084577
4070	KX954886	2014668
4070	KX954924	339482
4070	KX954930	144091
4070	KX954951	144104
4070	KX954963	339495
4070	KX954975	339505
4070	KX954986	1960787
4070	KX955003	339515
4070	KX955016	2014718
4070	MK945611	144080
4070	MK945612	2582813
4070	MK945617	2582814
4070	MK945627	2582819
4071	KX955032	144157
4072	KY239257	2058739
4072	KY239258	2058740
4072	KY239259	2058741
4073	KY239295	2058709
4074	KY242061	1205759
4074	KY242062	1205759
4074	KY242063	1205759
4074	KY242064	1205759
4074	KY242065	1205759
4074	KY242066	1205759
4074	KY242181	1921746
4075	KY242067	1921717
4075	KY242068	1921717
4075	KY242069	1921717
4075	KY242070	1921717
4075	KY242118	1921727
4075	KY242119	1921727
4075	KY242138	1921733
4075	KY242139	1921733
4075	KY242140	1921733
4075	KY242141	1921733
4075	KY242142	1921733
4075	KY242143	1921733
4075	KY242144	1921733
4075	KY242145	1921733
4076	KY242083	1921721
4077	KY242102	1097216
4077	KY242103	1097216
4077	KY242104	1097216
4077	KY242105	1097216
4077	KY242106	1097216
4077	KY242107	1097216
4077	KY242108	1097216
4078	KY242117	1921726
4078	KY242157	1921738
4078	KY242158	1921738
4079	KY242121	1921729
4079	KY242174	1921745
4079	KY242175	1921745
4080	KY242160	1097219
4080	KY242161	1097219
4080	KY242162	1097219
4081	KY242166	1921716
4082	KY242177	1921731
4082	KY242178	1921731
4082	LC634485	2841700
4083	KY242179	1921740
4083	KY242180	1921740
4084	KY306491	121098
4085	KY359358	1929241
4085	KY359361	1929241
4086	KY512489	1939635
4087	KY657356	29725
4088	KY971383	54847
4088	KY971384	54847
4088	KY971385	54847
4088	KY971386	54847
4088	KY971388	879914
4088	KY971389	879914
4089	KY971387	879914
4090	MF695604	2283208
4091	MF944406	2058610
4092	MG868996	764341
4092	MG869013	764344
4093	MH218756	2316896
4093	MH218757	667030
4093	MH218761	493975
4094	EU490668	524234
4094	HM854577	524234
4094	HM854578	880456
4094	HM854656	880507
4094	HM854659	880511
4094	MH656414	2282714
4094	MH656417	2282705
4094	MH656418	524234
4094	MH656419	524234
4094	MH656420	524234
4094	MH656428	2282710
4095	MH712629	114260
4096	MH718398	151834
4096	MH718406	2292755
4096	MH718413	2292753
4096	OQ968812	3046153
4097	MK039446	141753
4097	MK039448	141753
4097	MK039449	141753
4097	MK039450	141753
4097	MK039451	141753
4097	MK039452	141753
4097	MK039453	141753
4097	MK039454	141753
4097	MK039455	141753
4097	MK039456	141753
4097	MK039457	194509
4097	MK039458	194509
4097	MK039459	194509
4097	MK039460	194509
4097	MK039461	194509
4097	MK039462	194509
4097	MK039463	194509
4097	MK039466	142341
4098	MK164447	1138397
4098	OQ048271	1138397
4099	MK164458	2487462
4100	MK164498	1097178
4101	MK164501	2487479
4101	MK164515	2029079
4102	MK165469	2587349
4102	PZ324400	3705141
4102	PZ324401	3705141
4103	MK169310	859506
4103	MK169311	859506
4104	MK169314	1391414
4105	MK356204	131143
4105	MK356205	131143
4105	MK356206	131143
4106	MF695590	379245
4106	MK801520	379245
4107	MK881624	2576318
4107	MK881625	2576318
4108	MN186256	2596667
4108	MN186257	2596667
4108	MN186258	2596667
4108	MN186259	2596667
4109	MN257696	2600498
4109	MN257741	2600499
4110	MN257728	2600560
4110	MN257806	2600423
4110	MN257812	2600424
4110	MN257814	2600425
4110	MN257817	2600426
4110	MN257834	2600427
4110	MN257835	2600570
4110	MN257836	2600571
4110	MN257838	2600428
4110	MN257840	2600572
4110	MN257841	2600429
4110	MN257843	2600430
4110	MN257844	2600431
4111	MN257824	2600543
4112	MN317896	2785474
4113	MN317885	2148145
4113	MN317914	2785476
4113	MN317922	2148163
4113	MN317924	2785477
4113	MN317939	2785480
4113	MN317967	2785501
4113	MN317968	370759
4114	KX057871	1977555
4114	MN114124	1899109
4114	MN257779	2600513
4114	MN257853	1899109
4114	MT023882	1237573
4114	MT023884	2590682
4114	MT023888	1902359
4114	MT023925	3844
4115	MT923583	390504
4115	PV901079	2834935
4115	PV901096	390502
4116	MT923749	487746
4116	OL863078	2904106
4116	OL863080	2904106
4117	MW602135	2840063
4117	MW602136	2840066
4118	GU220017	149637
4118	MZ049622	149637
4118	MZ049623	149637
4118	MZ049624	149637
4118	MZ049625	149637
4118	MZ049626	149637
4118	MZ049627	149637
4118	MZ049628	149637
4118	MZ049629	149637
4118	MZ049630	149637
4119	OM311754	3023631
4119	OM311756	3023632
4120	OM311764	3023635
4121	OM311776	3023640
4122	OM333868	662899
4123	OM836064	2920875
4123	OR594045	2920877
4124	ON009215	2927018
4124	OQ048273	2137392
4125	ON694123	426878
4126	JQ248897	383655
4126	KC200759	205041
4126	KC955408	383655
4126	KC955556	205044
4126	KC955557	383658
4126	KC955566	383655
4126	KC955585	198750
4126	KC955745	1174769
4126	KC955762	1174769
4126	OQ099827	383656
4127	OQ350869	539070
4127	OQ350985	539098
4128	OQ350899	539026
4129	AF274691	131020
4129	OQ351006	3024283
4130	OQ645701	3035432
4131	AY492122	241554
4131	OQ786077	1280388
4132	OR470728	3071439
4133	OR531496	1225698
4134	OR531507	54460
4135	OR717487	3659
4136	PP577801	3137105
4136	PP577840	3091561
4137	PP647894	2762683
4138	FJ439900	577021
4138	FJ439909	283087
4138	FJ439910	283087
4138	FJ439914	577018
4138	FJ439915	300990
4138	FJ439916	300990
4138	FJ439917	300990
4138	FJ439918	300990
4138	PV359339	283087
4138	PV359340	283087
4138	PV359341	283087
4139	OR594020	2840069
4139	PV476763	2840069
4139	PV476764	2840069
4140	PV809983	3435212
4141	PV900324	581244
4141	PV900325	581244
4141	PV900326	581244
4141	PV900327	581244
4141	PV900328	581244
4142	PV901031	403827
4142	PV901032	403827
4142	PV901097	390502
4143	PX248636	487773
4144	AB593498	906679
4144	AB593617	234026
4144	AB593655	234034
4144	OM311768	234034
4144	OM311769	234034
4144	OM311770	234034
4144	OM311771	234034
4145	AB593509	234002
4146	AB593512	906688
4147	AB593524	906695
4148	AB593536	906701
4148	OM311730	906701
4148	OM311731	906701
4149	AB593545	906763
4149	AB847676	1391426
4150	AB593557	257358
4151	AB593568	426116
4152	AB593576	516986
4153	AB593584	906780
4154	AB593593	906786
4155	AB593606	906799
4155	AB593663	906870
4155	AB593671	906875
4155	AB847644	257359
4155	PQ804146	2983995
4156	AB593607	906800
4156	AB593651	906865
4156	AB847672	1391423
4157	AB593611	906805
4158	AB593640	906851
4158	OM311745	3023626
4159	AB593644	906853
4160	AB593654	906867
4160	AB847668	906813
4161	AB593656	38179
4162	AB593658	906869
4163	AB289468	419408
4163	AB289469	419408
4163	AB289479	419415
4163	AB701346	1157956
4163	KP331430	1737059
4164	AB762288	108594
4165	AB847639	1331797
4166	AB847645	179352
4166	ON694113	161871
4166	PQ804168	179352
4167	AB847659	234020
4167	OM311759	234020
4168	AB847664	234025
4169	AB847665	1391419
4170	AB847670	1391422
4171	AB847673	1391424
4172	AB894133	1433382
4173	AF262915	80423
4174	AF274697	131026
4175	AF274698	131027
4175	OQ350873	3021962
4175	OQ350891	3021959
4175	OQ350937	3021955
4176	AF328831	106664
4176	KF848290	106664
4176	KJ784574	106664
4177	AJ580550	39379
4178	AJ616321	257429
4179	AM982517	378852
4180	AJ548982	197803
4180	AY101909	197803
4181	AY616716	279661
4181	AY616725	279667
4181	AY616739	59071
4181	AY616742	279689
4181	PP165382	279689
4181	PP165383	279689
4181	PP165385	1532388
4182	AY616718	279663
4183	AY616735	152091
4184	AY616736	192972
4185	AY616747	279681
4186	AY616750	279691
4186	HQ724816	82311
4186	HQ724817	78998
4186	HQ724818	82315
4186	HQ724819	985056
4186	HQ724820	985057
4186	HQ724821	79000
4186	HQ724825	79002
4186	KR632774	375287
4187	AY616751	59082
4188	AY616752	89497
4189	AY752467	296621
4189	AY752472	296625
4189	AY752473	296626
4190	AY857976	308178
4191	AY936745	319618
4192	DQ153604	49367
4193	DQ414961	376082
4194	DQ813300	384659
4195	EF079381	123140
4196	EF079384	123187
4197	EF108407	16752
4198	EF670363	212052
4199	EU338041	507388
4199	EU338048	507400
4199	EU338049	507401
4199	EU338050	507402
4199	JX840570	507388
4199	JX840581	507388
4200	EU490667	524233
4200	HM854613	524233
4201	EU554347	544616
4202	EU554349	544617
4203	EU554354	142305
4203	KM495119	1591378
4204	EU812818	354032
4204	EU812819	545665
4205	FJ439907	283087
4206	FJ794674	273546
4207	GQ413948	670327
4207	KX057863	670324
4207	KX057864	670326
4207	KX057865	670327
4208	GU269247	486665
4208	GU269248	566152
4208	MH711177	486689
4209	GU556639	687598
4209	HM018548	687598
4210	HF952979	552661
4211	HG004849	1040842
4212	HM116976	67932
4213	HM854610	524228
4214	HQ724822	489059
4214	HQ724827	82331
4215	HQ724823	82318
4216	HQ724824	79002
4217	HQ724826	85369
4218	JF706721	1030660
4219	JF900510	1005680
4220	JN189714	1071044
4221	JX233678	1264566
4221	JX233723	1084688
4221	JX233724	1084689
4221	JX233752	1084701
4221	JX233758	1277762
4222	JX233693	1277777
4222	MF468203	204149
4223	JX233728	1084691
4224	JX233770	349366
4225	KC539588	63066
4226	KC539597	63064
4226	KC539598	63064
4226	KC539602	63064
4227	KC779738	584691
4227	KC779739	584691
4228	KF612993	1534764
4229	EU554342	544620
4229	EU554352	544609
4229	KM495109	1591373
4229	KM495128	1195651
4229	MT248119	2720551
4229	MT248120	2720545
4229	MT248121	2720550
4229	MT248124	2720547
4229	MT248125	2720541
4229	MT248126	2720548
4229	MT248127	2720547
4229	MT248128	2720548
4229	MT248129	2720543
4229	MT248130	2720546
4229	MT248132	2720544
4230	KM495125	1591381
4231	KM495130	1591372
4232	GU556631	41205
4232	KM921777	41205
4233	KP012475	3095668
4233	KP012476	3095668
4234	KR632775	1739659
4235	KR632776	4690
4236	KR816304	1799715
4236	KR816314	1632176
4236	KR816322	142378
4236	KR816323	142378
4237	KX686537	2026617
4238	KX786506	306987
4239	KX954926	1182583
4239	KX954931	540757
4239	KX955026	47065
4240	KX954932	339484
4240	KX954943	47038
4241	KX954891	20403
4241	KX954898	90161
4241	KX955007	90209
4241	KX955008	2014714
4241	KX955033	545222
4241	KX955037	2014731
4241	MK945604	2582809
4241	MK945632	2184285
4241	MK945642	903536
4242	KX955036	144159
4242	MK945610	144079
4242	MK945618	339491
4242	MK945630	1906532
4243	KY040356	2050892
4244	KY239256	2058742
4245	KY242071	1921718
4245	KY242072	1921718
4245	KY242073	1921718
4246	KY242149	1921734
4246	KY242150	1921735
4246	KY242151	1921735
4247	KY657364	1884266
4248	KY968823	211655
4248	KY968825	211655
4248	KY968845	1580013
4248	KY968906	211655
4249	KY988893	2016623
4250	LC372527	483855
4251	LC503613	431203
4252	MF944402	431293
4253	MG323916	169259
4254	MG523319	374708
4255	MG869006	2484202
4256	MH710760	3528
4257	KT223751	907952
4257	MK165474	1237121
4257	MN589995	2655006
4257	MN589996	2655005
4258	MK179320	292287
4258	MK179324	445639
4258	MK179327	445639
4258	MK179328	445639
4258	MK179330	445639
4258	MK179339	445639
4258	MK179345	445639
4259	MK356155	1844060
4259	MK356156	1844060
4259	MK356157	1844060
4260	MK356193	2597250
4260	MK356194	2597250
4261	MK945657	47653
4261	MK945658	47651
4261	MK945659	47103
4261	MT923647	47651
4262	MN257667	1040890
4263	MN265451	203729
4264	MN317872	2785471
4264	MN317883	2148144
4264	MN317884	2785456
4264	MN317910	2148157
4264	MN317917	2148162
4264	MN317920	2785459
4264	MN317923	2148164
4264	MN317925	2148165
4264	MN317942	2148174
4264	MN317946	2148176
4264	MN317957	2148181
4264	MN317959	2148182
4265	MN317909	2785493
4266	MN382022	1009335
4267	MT023964	347911
4268	MT505289	2732817
4269	MT923811	2765978
4270	MT924112	1482609
4271	MW541188	145237
4271	MW541189	2872663
4271	MW541190	2872664
4271	MW541191	2872665
4271	MW541194	2872667
4271	MW541195	145243
4272	MZ191017	256470
4272	MZ191022	764719
4273	OM112103	2859882
4274	OM311763	3023634
4275	OM333842	2911113
4275	OM333845	1548292
4275	OM333847	2911114
4275	OM333848	886264
4275	OM333849	2911109
4275	OM333850	2911116
4275	OM333851	105891
4275	OM333853	1603704
4275	OM333856	2911119
4275	OM333862	2911122
4275	OM333864	536985
4275	OM333867	568210
4275	OM333869	2911115
4275	OM333870	2911121
4275	OM333878	2911112
4275	ON820121	568210
4275	ON820123	2588548
4275	ON820129	886264
4275	ON820130	662899
4275	ON820144	2911119
4275	ON820145	2911119
4275	ON820156	536985
4275	ON820157	2911122
4275	ON820158	2911122
4275	ON820159	2911123
4275	ON820160	568210
4275	ON820161	1548292
4275	OP030615	2965093
4276	OM333844	536994
4276	OM333873	537001
4276	OM333874	537001
4276	ON820125	536994
4276	ON820126	536994
4277	OM333866	204211
4278	ON009191	1138400
4279	ON694117	2950968
4280	ON922881	1387602
4281	OP821985	2994598
4282	OQ048318	39367
4283	OQ351007	539010
4284	OQ876751	539102
4285	OQ876752	539103
4286	OR531504	54888
4287	OR531506	1993599
4288	OR531510	2651194
4289	PP152239	1352231
4289	PP152240	1352231
4290	PP456692	796831
4291	PV704857	78825
4291	PV704859	53078
4291	PV704860	53078
4291	PV704861	78825
4291	PV704862	1217868
4291	PV704863	53104
4291	PV704864	53089
4291	PV704865	1841637
4291	PV704890	53078
4291	PV704891	78825
4292	PV809971	1237763
4293	PV809980	1220089
4293	PV809997	3127715
4294	PV809998	2695420
4295	AB593493	906677
4295	AB593514	234005
4295	ON694118	2950970
4295	ON694119	2950974
4296	AB593497	859504
4297	AB593527	208340
4297	AB593684	234044
4298	AB593542	906704
4299	AB593639	152867
4300	AB593649	906857
4301	AB593666	906872
4302	AB593672	906876
4303	AB847646	1391406
4304	AB847648	1391409
4305	AB847657	1391415
4306	AB847660	1391417
4307	AF262882	125457
4308	AF470500	160531
4308	AF470506	160531
4308	PQ809736	160531
4308	PQ809738	160538
4309	AM404343	406082
4310	AY492095	263974
4311	AY616746	279690
4311	AY616748	133195
4311	AY616749	279682
4311	OP933717	2883133
4311	OP933718	2999122
4311	OP933719	2883120
4312	AY752468	296622
4312	AY752470	296624
4313	AY955802	327144
4314	DQ385596	372403
4315	DQ414880	376008
4316	DQ787417	397184
4317	EF079380	428357
4318	EF079382	426802
4319	EF108406	109975
4319	KY968822	45836
4319	KY968826	45836
4320	EF635452	450848
4321	EU145350	484841
4322	EU554346	123139
4323	FJ010793	166611
4323	FJ010794	363513
4324	FJ439905	577022
4325	FJ439921	577014
4326	FJ439922	577016
4327	FJ794654	273587
4328	FN582333	512617
4328	FN582334	512617
4328	FN582335	512617
4328	FN582336	512617
4328	FN582337	512617
4328	FN582338	512617
4328	FN582339	512617
4328	FN582340	512617
4328	FN582341	512617
4328	FN582342	512617
4328	FN582343	512617
4328	FN582344	512617
4328	FN582345	512617
4328	FN582346	512617
4328	FN582347	512617
4328	FN582348	512617
4328	FN582349	462208
4328	FN582350	462208
4328	FN582351	512617
4328	FN582352	512617
4329	GQ130325	651549
4329	HM116992	796002
4330	GQ413944	556506
4330	GQ413950	225101
4331	GQ863229	28933
4331	GQ863230	28940
4331	GQ863231	28950
4331	GQ863233	28933
4331	GQ863234	28940
4331	GQ863235	28950
4331	GQ863238	28935
4331	GQ863239	28940
4331	GQ863240	28947
4331	GQ863241	28950
4331	GQ863243	28933
4331	GQ863244	28935
4331	GQ863245	28940
4331	GQ863246	28950
4331	GQ863247	28933
4331	GQ863248	28940
4331	GQ863249	28950
4331	GQ863250	28933
4331	GQ863251	28935
4331	GQ863252	28940
4331	GQ863253	28947
4331	GQ863254	28933
4331	GQ863255	28940
4331	GQ863256	28950
4331	GQ863257	28933
4331	GQ863258	28950
4331	GQ863259	28933
4331	GQ863260	28935
4331	GQ863261	28950
4331	GQ863262	28933
4331	GQ863263	28935
4331	GQ863264	28950
4331	KX620857	28947
4331	KX620858	28947
4331	KX620859	28947
4331	KX620860	28947
4331	KX620861	28947
4331	MT164174	28950
4332	HE681569	587868
4332	HE681570	1157238
4333	HF952965	58708
4334	HG004783	1341717
4335	HG004795	1341718
4336	HG004809	457136
4337	HG004858	403110
4338	HM116991	796003
4339	JF332126	163082
4340	JF412826	170351
4340	JF412827	170351
4340	MT586315	2743363
4341	JQ248872	1173641
4341	JQ248873	1173642
4341	JQ248886	138518
4341	JQ248892	138032
4341	KC200730	383640
4341	KC200768	1174770
4341	KC955524	138037
4341	KC955558	178755
4341	KC955559	178755
4341	KC955772	1174822
4341	KC955774	1174822
4341	OQ099829	3015851
4342	JX862622	126363
4342	LN590010	126363
4343	KC200825	178752
4344	KC539585	1428766
4344	KC539591	1428766
4344	KC539592	1428766
4344	KC539596	1428766
4344	KC539603	1428766
4345	KC779692	1457464
4345	MT565571	2795300
4346	HM116946	795979
4346	KC200919	1174839
4346	KC201022	795979
4346	KC955523	795979
4346	KC955539	1378370
4346	KC955540	1378370
4346	KC955730	1378324
4346	KC955731	21010
4346	KC955732	1378361
4347	KJ411667	1471869
4347	KJ411679	1582190
4348	KM025158	1211290
4348	KY239252	2058728
4348	KY239253	2058688
4349	KM051461	49840
4349	KX954920	2014676
4349	KX954922	2014679
4349	PQ590582	158323
4350	KM382184	138101
4350	KM382185	138105
4350	KM382186	138107
4350	KM382187	1263642
4350	KM382188	138103
4350	KM382189	1263640
4350	KM382190	138098
4350	KM382191	1652692
4350	KM382192	1263639
4350	KM382193	1263643
4350	KM382194	138091
4350	KM382195	138097
4350	KM382196	138104
4350	KM382197	138108
4350	KM382198	138108
4350	KM382199	138106
4350	KM382200	1652697
4350	KM382201	138099
4350	KM382202	138096
4350	KM382203	138088
4350	KM382204	28488
4350	KM382205	1263641
4351	KR046193	1714834
4351	KR046194	228354
4351	KR046195	1714834
4351	KR046196	1714834
4351	KR046197	1714834
4351	KR046198	1714834
4351	KX057908	1977559
4352	KR046200	1714835
4353	KR150155	1727916
4354	KT447529	680229
4354	KT447530	680229
4354	KT447531	680229
4354	KY657579	680229
4354	KY657580	680229
4355	KT956865	1820305
4356	KX057876	1977556
4357	KX057877	539057
4358	KX057905	1628388
4359	KX894528	34249
4360	KX954878	1993805
4360	KX954879	634089
4361	KX954890	2014671
4361	KX954907	90162
4361	KX954935	90176
4361	KX955027	2014725
4362	KY239265	2058676
4363	KY239304	2058708
4363	KY239305	2058730
4363	KY239306	2058725
4364	KY239339	2058738
4364	KY239340	234036
4365	KY242076	1921719
4365	KY242100	1921724
4365	KY242101	1921724
4365	KY242125	1306921
4365	KY242126	1306921
4365	KY242127	1306921
4365	KY242156	1921737
4365	LC634462	2841547
4365	LC634463	2841547
4365	LC634464	2841547
4365	LC634465	2841547
4365	LC634466	2841547
4365	LC634467	2841547
4365	LC634468	2841547
4365	LC634469	1306921
4365	LC634470	1306921
4365	LC634471	1306921
4365	LC634472	1306921
4365	LC634473	1306921
4365	LC634474	1306921
4365	LC634475	1306921
4365	LC634476	1306921
4365	LC634477	1306921
4365	LC634478	2841547
4365	LC634479	2841547
4365	LC634480	2841547
4365	LC634481	2841547
4365	LC634482	2841547
4365	LC634484	2841547
4365	LC767247	1306921
4365	LC767248	1306921
4365	LC767249	1306921
4365	LC767250	1306921
4366	KY306532	1971654
4366	KY306536	1971655
4366	MH535107	2592557
4366	MH535109	2592557
4366	MH535110	2594497
4366	MH535115	1971654
4366	MH535116	1971654
4366	MH535117	1971654
4366	MH535118	1971654
4366	MH535119	1971654
4366	MH535123	2592562
4366	MH535131	2592560
4366	MH535132	2592558
4366	MH535133	2592558
4366	MH535134	2592558
4366	MH535135	2592559
4366	MH535136	2592559
4366	MH535147	2592560
4366	MH535154	2592563
4366	MH535155	2592563
4366	MH535156	2592563
4366	MH535167	1971654
4366	MH535168	2592562
4366	MH535173	2592557
4366	MH535174	2592557
4366	MH535175	2592557
4366	MH535176	2592557
4366	MH535177	2592563
4366	MH535184	2592560
4366	MH535190	2592560
4366	MH535191	2592560
4366	MH535202	2592560
4366	MH535203	2592570
4366	MH535204	2592570
4367	KY584385	1089629
4368	EU331123	45318
4368	KY657419	1079815
4368	KY657421	1884293
4368	KY657422	2070767
4368	KY657423	1884294
4368	KY657424	1884294
4368	KY657425	239286
4368	KY657426	239286
4368	KY657427	1884295
4368	KY657428	1884296
4368	KY657429	1884297
4368	KY657430	216018
4368	KY657431	1884298
4368	KY657432	2045242
4368	KY657434	1881861
4368	KY657438	1884300
4368	KY657439	1884301
4368	KY657440	1884302
4368	KY657441	1884303
4368	KY657442	1884304
4368	KY657443	1884305
4368	KY657446	1884308
4368	KY657447	1884308
4368	KY657448	45318
4368	KY657449	45318
4368	KY657450	45318
4368	KY657451	1884309
4369	KY657433	1881861
4369	KY657435	1881861
4369	KY657436	1881861
4370	LC008195	485405
4370	LC009378	485405
4370	LC009426	459599
4370	LC009427	459599
4370	LC009428	459599
4370	LC009429	459599
4370	LC009430	459599
4370	LC775705	485405
4370	LC775706	485405
4370	LC775707	485405
4370	LC775708	485405
4371	LC176597	1891302
4372	LC227999	1972103
4373	LC373552	1441374
4374	LC625802	2823994
4375	LC877716	379949
4376	MG008343	2305415
4377	MG523322	374687
4378	MG523331	1196678
4378	MG523332	1196678
4378	MG523336	2053896
4378	MG523337	2053896
4378	MG523338	2053896
4379	MG523333	2053895
4379	MG523334	2053895
4379	MG523335	2053895
4380	MG523339	2053896
4380	MG523340	2053896
4380	MG523341	326855
4380	MG523342	326855
4380	MG523343	326855
4380	MG523344	326855
4380	MG523345	326855
4380	MG523346	326855
4380	MG523347	326855
4380	MG523348	326855
4380	MG523349	326855
4381	MG523351	374729
4382	MG523354	725112
4382	MG523355	725112
4383	MG949329	2185240
4384	KY306657	327913
4384	MG949382	327913
4385	HM854602	880496
4385	MH656409	2282716
4386	MH710811	202327
4387	MH718399	151834
4387	MH718400	151834
4387	MH718408	151834
4387	MH718410	151834
4387	MH718414	151834
4387	MH718422	151834
4387	MH718424	2292756
4387	MK967960	2583572
4387	OQ968813	3046153
4387	OR417356	3068504
4387	OR417357	3068504
4387	OR417358	3068504
4388	MK356202	2597254
4388	MK356203	2597254
4389	KX954921	2014677
4389	MF543748	1219493
4389	MF543749	1219493
4389	MF543750	1219493
4389	MF543751	1219493
4389	MF543752	1219493
4389	MF543753	1219493
4389	MF543754	1219493
4389	MF543755	1219493
4389	MF543756	1219493
4389	MK945603	144060
4389	MK945608	144078
4389	MK945634	1042497
4389	MK945637	158325
4389	PQ590553	2764613
4389	PQ590554	3379865
4389	PQ590555	3379865
4389	PQ590556	3379867
4389	PQ590557	3379867
4389	PQ590558	3379867
4389	PQ590559	3379866
4389	PQ590560	3379866
4389	PQ590561	3379866
4389	PQ590562	1182586
4389	PQ590563	3379863
4389	PQ590564	3379862
4389	PQ590565	144060
4389	PQ590566	144127
4389	PQ590567	3379860
4389	PQ590568	3379868
4389	PQ590569	3379864
4389	PQ590570	3379864
4389	PQ590571	3379864
4389	PQ590572	506027
4389	PQ590573	506027
4389	PQ590574	506027
4389	PQ590575	506027
4389	PQ590576	1182584
4389	PQ590577	1182584
4389	PQ590578	1182584
4389	PQ590579	3379869
4389	PQ590580	3379869
4389	PQ590581	506027
4389	PV900996	2764613
4390	MN114140	1566408
4391	MN186260	2596664
4391	MN186261	2596664
4391	MN186262	2596664
4391	MN186263	2596664
4392	MN255173	2790468
4392	MN255179	2790405
4392	MN255192	2790418
4392	MN255212	2790438
4393	MN257723	69381
4394	MN317899	2148152
4395	MN317927	2785461
4396	MN317951	2148178
4397	AY752469	296623
4397	AY752474	296722
4397	MT923733	379946
4397	MT923736	2764644
4398	MW743275	2818480
4399	MW747892	69901
4399	MW747893	69901
4400	MW747894	2818486
4401	OM333875	536990
4401	OM333876	536990
4401	ON820151	536990
4401	ON820152	536990
4401	ON820153	536990
4402	OQ786063	258762
4402	OQ786064	258762
4403	OR531493	1645771
4404	OR531509	2651193
4405	PP133489	372456
4405	PP133490	372456
4405	PP133491	372456
4405	PP133492	372456
4406	PQ753375	3385474
4406	PQ753380	3385474
4406	PQ753391	3385469
4406	PQ753399	3385474
4406	PQ753433	3385469
4406	PQ753436	3385469
4407	PQ793164	4060
4408	PV809963	68533
4409	PV809973	3435211
4410	PV901227	204401
4411	PV901285	1085673
4411	PV901286	1085673
4412	KX931027	451007
4412	KX931029	53075
4412	KX931030	53109
4412	MT940442	53067
4412	PV704795	451007
4412	PV704798	53086
4412	PV704799	53099
4412	PV704800	53102
4412	PV704801	53109
4412	PV704802	53075
4412	PV704803	53070
4412	PV704804	53123
4412	PV704806	53075
4412	PV704812	53109
4412	PV704813	3434077
4412	PV704814	53067
4412	PV704815	53074
4412	PV704816	53120
4412	PV704894	53105
4412	PV938555	3449412
4412	PV938557	78827
4413	AB289476	419409
4414	AB593494	230616
4414	AB593510	910410
4415	AB593515	179351
4416	AB593535	1545749
4417	AB593600	161869
4418	AB593602	154294
4418	AB593679	906878
4418	AB593686	172646
4418	PV643878	172646
4419	AB593609	906803
4420	AB593629	906812
4421	AB593633	169179
4422	AB847658	1391416
4423	AJ420999	39295
4424	AJ616314	255898
4425	AY174727	123146
4425	AY174742	142314
4426	AY752471	54664
4427	DQ153558	339900
4428	DQ209994	350246
4428	DQ210182	350246
4428	KP323289	350246
4428	KP323303	350246
4428	KP323336	350246
4428	KP323337	350246
4428	KP323341	350246
4428	KP323352	350246
4429	DQ210408	350137
4429	DQ210500	350137
4430	EF079446	428333
4431	EU145347	83580
4432	EU347878	508336
4433	EU490669	524235
4433	HM854617	880489
4434	EU554336	544612
4435	FJ439898	577012
4435	FJ439899	577012
4435	FJ439923	577030
4435	FJ439927	577027
4436	FJ439906	319148
4437	FJ439919	577028
4437	FJ439920	577023
4438	FJ439925	577024
4438	FJ439928	577027
4438	FJ439929	577017
4439	GQ374203	626089
4439	GQ374204	626089
4439	GQ374205	626089
4440	HG004844	1442761
4440	HG004869	1346571
4441	HM116975	43713
4442	HM347453	149645
4442	HM347478	149645
4443	HM854618	880497
4443	MH656410	880453
4444	HM854593	880451
4444	HM854657	524245
4445	HQ176472	20805
4445	HQ176473	90235
4445	HQ176474	90235
4445	HQ176475	20803
4445	HQ176476	747378
4445	HQ176477	747378
4445	HQ176478	278725
4445	HQ176479	90235
4445	HQ176480	883010
4445	HQ176481	883009
4445	HQ176482	883009
4445	HQ176483	883010
4445	HQ176484	395295
4445	HQ176485	395295
4445	HQ176486	395295
4445	HQ176487	747378
4445	KX954880	83865
4445	KX954881	2014738
4445	KX954882	2014737
4445	MK945644	1938219
4445	MZ366403	2844920
4445	MZ366404	2782408
4445	PV901136	671262
4446	HQ329791	2875320
4447	JF332125	992861
4448	JX040542	63351
4448	MH615785	402152
4448	MH615786	402152
4449	JX152665	149654
4450	JX862582	495758
4450	JX862587	495758
4450	JX862588	495758
4450	JX862635	495758
4450	KC435836	1345069
4450	KC435841	1345069
4450	KC435843	1345070
4450	KC435857	1345051
4450	KC435858	1345051
4450	KC435863	1345051
4450	KC435865	495758
4451	JX862584	1296276
4451	JX862615	1296276
4452	JX862590	495759
4453	JX862594	1296288
4453	JX862608	1296288
4454	JX862620	1296304
4455	JX862628	1296306
4455	JX862649	992666
4456	JX862646	1296277
4457	KC425736	1413713
4458	KC435837	1345070
4459	JX862583	495762
4459	JX862614	495762
4459	KC435868	2057970
4460	KC435871	1345075
4461	KC435874	1345072
4462	KC435877	1345064
4463	KJ187630	1453384
4464	KM382206	368924
4465	KT334201	1743178
4466	KT334203	1743180
4466	KT334204	1743181
4466	KT334205	1743182
4467	KT338701	1499945
4468	KT751430	1820355
4469	KU532889	464960
4469	KX016112	464960
4470	KX057831	287750
4470	KX057833	858910
4471	KX057839	149635
4472	KX356086	245823
4473	KX954877	144175
4473	MK945655	1868716
4473	MK945656	754872
4473	MK945660	47091
4473	MK945661	2582826
4473	MK945662	754895
4474	KX954904	2014674
4474	KX954905	144068
4474	KX954911	2014675
4474	KX954925	2014680
4474	KX954927	2014681
4474	KX954928	144086
4474	KX954955	144106
4474	KX954956	144106
4474	KX954959	2014690
4474	KX954971	339498
4474	KX954989	1891456
4474	KX954998	144137
4474	KX955006	2014713
4474	KX955015	144151
4474	KX955040	339531
4474	KX955048	144169
4474	MK945605	2582810
4475	KX954929	144087
4475	KX955023	144154
4475	KX955024	2014723
4475	KX955049	2014736
4476	KX954952	2014687
4477	KX955005	2014712
4477	KX955019	2014721
4477	KX955035	2014730
4478	KY067707	85179
4478	MW747895	85179
4478	MW747896	85179
4478	MW747897	155717
4478	MW747898	155717
4478	MW747899	155717
4478	MW747900	155717
4478	MW747901	85179
4478	MW747902	85179
4478	MW747903	265497
4478	MW747904	265497
4479	KY239234	163281
4480	KY239249	2029072
4481	KY239254	256359
4481	MK165470	256359
4482	KY239288	2026874
4482	KY239289	2058729
4483	KY239290	2026862
4483	KY239291	2058689
4484	KY239293	2026880
4484	KY239294	2058711
4485	KY239307	2058714
4486	KY239312	2058681
4487	KY239353	2026876
4488	KY242074	1921718
4488	KY242075	1921718
4488	KY242153	1402130
4488	KY242154	1402130
4488	KY242155	1402130
4489	KY242152	1921736
4489	KY242159	1921739
4490	KY242182	1921723
4490	KY242183	1921723
4491	AF262888	2502968
4491	KY988983	2502968
4491	MK306397	2502968
4491	MK306399	2943798
4491	MK306400	2502971
4491	MK306407	2502975
4492	LC227998	1972102
4493	LC380640	426330
4493	LC380641	426330
4494	MG008347	2305418
4494	MK356142	2499970
4495	MG523321	725103
4496	MG523323	374723
4496	MG523324	374723
4496	MG523325	374723
4496	MG523326	374723
4496	MG523327	374723
4496	MG523328	374723
4496	MG523329	374723
4496	MG523330	374723
4497	MH477933	581250
4498	MH535108	2592560
4499	MH596706	2267676
4500	MH710771	69389
4500	MH711772	69389
4500	MH712642	2292156
4501	MK356173	1674457
4501	MK356174	1674457
4501	MK356175	1674457
4502	KX954965	2014695
4502	KX954972	144118
4502	MK945613	2364227
4502	MK945614	339483
4503	MK945652	483871
4504	MN114142	2562172
4504	PV810083	2695424
4504	PV810084	3411598
4505	MN332381	123103
4506	MN750376	291412
4506	MN750377	291412
4506	MN750378	291412
4506	MN750379	291412
4506	MN750380	291412
4506	MN750382	420673
4506	MN750383	420673
4506	MN750384	2681558
4506	MN750385	2681559
4506	MN750386	2681559
4506	MN750387	1041774
4506	MN750388	443044
4506	MN750389	443044
4506	MN750390	443044
4506	MN750391	443044
4506	MN750392	420675
4506	MN750393	291414
4506	MN750394	291414
4506	MN750395	291414
4506	MN750396	145947
4506	MN750397	145947
4506	MN750398	145947
4506	MN750400	145947
4506	MN750401	145947
4506	MN750402	145947
4506	MN750403	145947
4506	MN750404	2681560
4506	MN750405	2681560
4506	MN750406	443057
4506	MN750407	420677
4506	MN750408	443064
4506	MN750409	2681561
4506	MN750410	2681561
4506	MN750411	2681561
4506	MN750412	420679
4506	MN750413	420679
4506	MN750414	420679
4506	MN750415	2681562
4506	MN750416	2681562
4506	MN750417	2681562
4506	MN750418	2681562
4506	MN750419	243795
4506	MN750420	2681563
4506	MN750421	2681563
4506	OP763761	291412
4506	OP763762	291412
4506	OP763763	291412
4506	OP763764	443044
4506	OP763765	443044
4506	OP763766	443044
4506	OP763767	443044
4506	OP763768	291414
4506	OP763769	145947
4506	OP763770	145947
4506	OP763771	2681560
4506	OP763772	2681560
4506	OP763773	2681560
4506	OP763774	2681562
4506	OP763775	2681562
4506	OP763776	2681563
4506	PV290569	78817
4506	PV290570	78817
4506	PV290571	78817
4506	PV290572	78817
4506	PV290573	78817
4506	PV290574	78817
4506	PV290575	78817
4506	PV290576	78817
4506	PV290577	78817
4507	MT233446	188317
4508	MT923712	148625
4509	MW602124	2840057
4509	MW602128	2839995
4509	MW602129	2839995
4509	MW602130	2840058
4509	MW602142	2840060
4509	OR594009	3076089
4509	PP713070	2840064
4509	PP713071	3141738
4510	MW747905	265496
4510	MW747906	265495
4510	MW747907	265495
4510	MW747908	265496
4510	MW747909	71605
4510	MW747910	71605
4510	MW747911	265496
4510	MW747912	265496
4511	MZ191053	1268201
4512	ON009195	2137386
4512	OQ048270	3014262
4513	OP858708	2995557
4514	OQ048272	3014263
4515	OQ910038	2282995
4516	OR531483	3241705
4516	OR531484	3241705
4516	OR531485	3241705
4516	OR531486	3241705
4516	OR531487	3241705
4516	OR531488	3241705
4517	OR538883	2651275
4517	OR538884	2651278
4518	MW602134	1737577
4518	MW602141	1737577
4518	OR594027	2840066
4518	PP713072	3141738
4518	PP713073	2840066
4519	PQ753356	3385469
4519	PQ753357	2710891
4519	PQ753358	2710891
4519	PQ753359	3385469
4519	PQ753362	91168
4519	PQ753364	3385491
4519	PQ753365	3385491
4519	PQ753366	3385469
4519	PQ753367	3385469
4519	PQ753368	2710891
4519	PQ753387	3385469
4519	PQ753396	3385469
4519	PQ753397	3385469
4519	PQ753400	2710891
4519	PQ753403	3385469
4519	PQ753420	3385469
4519	PQ753443	3385469
4519	PQ753475	3385469
4519	PQ753476	3385469
4519	PQ753477	3385469
4519	PQ753501	3385469
4519	PQ753502	3385469
4519	PQ753515	3385469
4520	PQ753360	3385469
4520	PQ753361	3385469
4520	PQ753363	3385469
4520	PQ753369	3385491
4520	PQ753370	3385491
4520	PQ753371	203035
4520	PQ753372	91168
4520	PQ753390	91167
4520	PQ753395	91167
4520	PQ753448	3385473
4520	PQ753492	91167
4520	PQ753493	91167
4520	PQ753494	91167
4520	PQ753499	3385473
4520	PQ753504	91167
4521	PQ753398	3385469
4521	PQ753503	2972448
4522	PQ871393	1082500
4523	PV646510	3423299
4524	PV901202	379946
4524	PV901204	379956
4524	PV901205	202327
4524	PV901206	202327
4525	KY320205	2034901
4525	PQ237098	2034901
4525	PQ237099	2034901
4525	PV973038	2034901
4525	PV973039	2034901
4526	KR150146	204219
4526	KR150165	204219
4526	MZ366435	2844936
4526	ON685344	2878272
4526	PX459825	487773
4527	AB223151	338572
4527	AB223152	338572
4527	AB223153	338572
4527	AB223154	338572
4527	AB223155	338572
4527	AB223156	338572
4527	AB223157	338572
4527	AB223158	338572
4527	AB223159	338572
4527	AB223160	338572
4527	AB223161	338572
4527	AB223162	338572
4527	AJ548966	223171
4527	AJ548977	197796
4527	AY101861	29818
4527	AY101862	197796
4527	GQ396669	338572
4527	MW139237	29818
4527	OR238569	29818
4528	AB289478	419412
4529	AB593550	906766
4530	AB593571	142613
4531	AJ616315	257428
4532	AJ548983	197795
4532	AY101911	197795
4532	AY101912	197815
4532	AY101913	197805
4532	OR238563	197795
4532	OR238565	197795
4533	AY492099	255854
4534	AY492108	105588
4535	AY492118	160402
4535	HQ130062	942067
4536	AY730300	309458
4537	AY730313	309448
4537	AY730314	153769
4538	AY725464	293057
4538	AY936714	283132
4538	AY936715	283132
4538	AY936716	283132
4538	AY936733	293057
4538	MH373414	293057
4538	MH373415	293057
4538	MH373416	293057
4538	MH373417	293057
4538	MH373418	293057
4538	MH373419	293057
4538	MH373420	293057
4538	MH373421	293057
4538	MH373422	293057
4538	MH373423	293057
4538	MH373424	293057
4538	MH373425	293057
4539	AY936748	319621
4540	DQ153574	339898
4540	DQ153576	339922
4540	DQ153579	49381
4540	DQ153581	339930
4540	DQ153582	339930
4540	DQ153590	339923
4540	DQ153595	49377
4540	DQ153599	339885
4540	DQ153603	213301
4540	DQ153606	213305
4540	DQ153610	394429
4540	DQ153627	49377
4540	DQ153628	49377
4540	DQ153640	339916
4540	MN719945	2676116
4540	MN719946	2676116
4540	MN719949	2676113
4540	MN719953	49373
4540	MN719954	49373
4540	MN719955	49373
4540	MN719956	49373
4540	MN719957	49373
4540	MN719958	49373
4540	MN719959	49373
4540	MN719960	49373
4540	MN719961	49377
4540	MN719962	2676114
4540	MN719963	213305
4540	MZ619086	213305
4540	MZ619087	213305
4540	MZ619088	213305
4540	MZ619089	213305
4540	MZ619090	213305
4541	DQ209984	350142
4541	DQ210000	350716
4541	DQ210004	350318
4541	DQ210171	350142
4541	DQ210227	350318
4541	DQ210298	350218
4541	DQ210315	350142
4541	DQ210418	429150
4541	DQ210444	350318
4541	DQ210465	350318
4541	DQ210488	350318
4541	DQ924389	350218
4542	DQ210029	350222
4543	DQ210355	429161
4544	DQ414879	62845
4545	EF079372	38189
4546	EF079383	123165
4547	EF174483	435320
4548	EF670350	468848
4549	EU145348	86988
4550	EU145370	353884
4550	KF705015	1406772
4551	EU145371	484828
4551	KF705006	1406756
4551	KF705009	1406757
4551	KF705010	1406761
4551	KF705011	1406769
4551	KF705017	1406774
4552	EU554335	544621
4553	EU912092	59080
4554	GQ374181	203015
4554	GQ374182	203015
4554	GQ374183	203015
4554	GQ374184	203015
4554	GQ374185	203015
4554	GQ374186	203015
4554	GQ374187	203015
4554	GQ374188	203015
4554	GQ374189	203015
4554	GQ374190	203015
4554	GQ374191	203015
4554	GQ374192	203015
4554	GQ374193	203015
4554	GQ374194	203015
4554	GQ374195	203015
4554	GQ374196	203015
4554	GQ374197	203015
4554	GQ374198	203015
4554	GQ374199	203015
4554	GQ374200	203015
4554	GQ374201	203015
4554	GQ374202	203015
4554	MT924098	1439918
4554	MT924100	203008
4555	GQ413946	670325
4556	GQ863265	28941
4556	GQ863266	28952
4556	PP958847	28931
4557	GU220016	149645
4558	GU386444	372400
4558	PP133507	372400
4558	PP133508	372400
4559	HG004855	429540
4560	HM622084	339271
4560	HM622085	339271
4561	JN634731	1132068
4562	JQ067334	466929
4563	JQ306439	1164773
4564	JQ306457	1166476
4564	KC425726	2502965
4564	KF747834	2502965
4564	MK306366	2502965
4564	MK306367	2502965
4564	MN332383	2502965
4564	MN332386	2767042
4565	JX233704	1084681
4566	JX862563	1296282
4566	JX862617	1296282
4566	JX862683	1296282
4567	JX862618	495762
4567	JX862632	495762
4568	JX862638	1302826
4569	KC332217	3486
4570	KF318909	1386228
4570	KF318912	1386234
4570	KF318913	1386233
4570	KF318933	1386228
4570	KF318947	1386230
4570	LN849251	1386233
4571	KF318958	1386229
4571	KF318963	1386235
4571	KF318964	1386231
4571	KF318965	1386232
4572	KF704999	1406753
4573	KF705005	1406755
4574	KF747836	1499146
4575	KM435150	279662
4575	KM435178	279662
4575	KM435179	279662
4575	KM435180	279662
4576	AF262904	125461
4576	AF262905	125456
4576	KP012468	125456
4576	KP012469	125456
4576	KP012470	1688711
4576	KP012471	1688711
4576	KP012472	1688712
4576	KP012473	1688712
4576	KP012479	1688716
4576	KP012481	1688717
4576	KP012482	1688718
4576	KP012483	1688718
4576	KP012484	1688718
4576	KP012486	125461
4577	KR150160	306403
4578	KU832543	1830082
4579	KX954957	20414
4579	KX954958	20414
4580	KX954960	2014691
4580	KX954996	1264829
4580	KX954999	2014706
4581	KY239231	1909160
4582	KY239232	2058737
4583	KY239233	1384047
4584	KY239262	2058750
4585	KY239263	2058677
4585	KY239264	2058675
4586	KY239266	2058674
4587	KY239267	38219
4588	KY239279	2058704
4589	KY239296	2026863
4589	KY239297	2026869
4590	KY239313	1898894
4590	KY239314	1914875
4590	KY239315	2026865
4590	KY239316	2026881
4591	KY584363	353959
4592	KY968905	451934
4592	KY968952	451934
4592	OQ874672	326744
4593	KY988833	2016564
4593	KY988883	2016614
4594	KY988835	2016566
4594	KY988869	2016591
4594	KY988876	2016607
4594	KY988889	2016620
4595	KY988856	2016581
4596	KY988858	2016583
4597	LC489140	64022
4598	LC625822	2060758
4598	LC625826	2060759
4599	MF353617	1993891
4599	MF353620	2231796
4600	MF944348	145946
4601	MG523320	86093
4602	MH535137	2592562
4603	MH596708	2267677
4604	MH710749	228586
4605	MH710832	41401
4606	MH711372	19953
4607	MH711801	224736
4608	MK165468	2587350
4609	MK165473	256354
4610	MK356187	2597255
4610	MK356188	2597255
4610	MK356189	2597255
4610	MK356190	2597255
4611	MN255175	2790401
4611	MN255181	2790407
4611	MN255182	2790408
4611	MN255198	2790424
4611	MN255202	2790428
4611	MN255206	2790432
4611	MN255207	2790433
4611	MN255208	2790434
4612	MN257829	751877
4613	MN317874	2148140
4614	MN332385	2767041
4615	MT153596	39848
4616	MT505296	2732822
4617	MT565565	1457457
4618	AJ548967	223172
4618	AJ548969	223174
4618	AY101867	197816
4618	AY101868	197802
4618	AY101869	197821
4618	AY101870	197823
4618	MW139234	197802
4618	MW139239	223174
4618	MW139240	589151
4618	MW139241	2675905
4618	MW139242	589153
4619	MW602131	2840062
4619	PV476761	3415590
4620	MW829683	669886
4620	MW829684	669886
4620	MW829695	2821886
4620	MW879490	669886
4620	MW879491	669886
4620	MW879492	669886
4620	MW879493	669886
4620	MW879494	669886
4620	MW879495	669886
4620	MW879496	669886
4620	MW879501	2821886
4620	MW879502	2821886
4620	MW879503	2821886
4620	MW879504	2821886
4620	MW879505	2821886
4620	MW879516	669886
4620	MW879517	669886
4621	MN257693	78855
4621	MW829698	117956
4621	MW829708	78855
4621	MW879465	2823397
4621	MW879466	2823397
4621	MW879467	2823397
4621	MW879468	2823397
4621	MW879469	2823398
4621	MW879470	2823398
4621	MW879471	2823398
4621	MW879472	2823398
4621	MW879473	2823398
4621	MW879474	2823395
4621	MW879475	2823395
4621	MW879476	2823395
4621	MW879477	2823395
4621	MW879478	2823395
4621	MW879479	2823468
4621	MW879480	2823395
4621	MW879482	2823468
4621	MW879483	2823468
4621	MW879484	2823468
4621	MW879497	669896
4621	MW879498	669896
4621	MW879499	669896
4621	MW879500	669896
4621	MW879506	117956
4621	MW879507	117956
4621	MW879508	117956
4621	MW879509	78855
4621	MW879510	78855
4621	MW879511	2823383
4621	MW879512	669896
4621	MW879513	669896
4621	MW879514	2823384
4621	MW879515	2823468
4621	MW879518	2823398
4622	MZ191049	268905
4623	OP605346	2984837
4623	OP605347	2984837
4623	PP897029	3144516
4623	PP897030	3144516
4624	OQ240999	1239322
4625	OQ786068	2508702
4626	OR484623	1123535
4627	PP577811	162921
4628	PP577826	3136938
4628	PP577830	3136934
4629	PQ753373	3385469
4629	PQ753374	3385469
4629	PQ753376	3385469
4629	PQ753378	3385469
4629	PQ753379	3385469
4629	PQ753381	3385469
4629	PQ753382	203035
4629	PQ753383	3385469
4629	PQ753384	3385469
4629	PQ753385	91168
4629	PQ753386	3385469
4629	PQ753388	91168
4629	PQ753389	3385469
4629	PQ753393	3385469
4629	PQ753394	3385490
4629	PQ753401	3385469
4629	PQ753402	3385469
4629	PQ753404	3385469
4629	PQ753405	3385469
4629	PQ753406	3385469
4629	PQ753407	3385469
4629	PQ753408	3385469
4629	PQ753409	3385469
4629	PQ753410	3385469
4629	PQ753411	3385469
4629	PQ753412	3385469
4629	PQ753413	3385469
4629	PQ753414	203035
4629	PQ753416	3385469
4629	PQ753418	3385469
4629	PQ753419	3385469
4629	PQ753421	203035
4629	PQ753422	3385469
4629	PQ753423	3385469
4629	PQ753424	3385469
4629	PQ753425	3385469
4629	PQ753427	3385469
4629	PQ753428	3385469
4629	PQ753429	3385469
4629	PQ753430	3385469
4629	PQ753431	3385469
4629	PQ753432	3385469
4629	PQ753438	2710889
4629	PQ753439	3385469
4629	PQ753440	3385469
4629	PQ753441	3385492
4629	PQ753442	3385469
4629	PQ753444	3385469
4629	PQ753445	3385469
4629	PQ753446	91168
4629	PQ753447	91168
4629	PQ753449	3385469
4629	PQ753450	3385469
4629	PQ753451	2710890
4629	PQ753452	3385469
4629	PQ753454	2710889
4629	PQ753455	3385469
4629	PQ753456	3385469
4629	PQ753457	3385469
4629	PQ753458	203035
4629	PQ753459	3385469
4629	PQ753460	91168
4629	PQ753461	3385469
4629	PQ753463	91168
4629	PQ753464	3385469
4629	PQ753465	91168
4629	PQ753466	3385469
4629	PQ753467	3385469
4629	PQ753468	3385469
4629	PQ753469	3385469
4629	PQ753470	3385469
4629	PQ753471	3385469
4629	PQ753472	3385469
4629	PQ753474	203035
4629	PQ753481	3385469
4629	PQ753482	3385469
4629	PQ753483	3385469
4629	PQ753484	3385469
4629	PQ753485	3385469
4629	PQ753486	3385469
4629	PQ753487	3385469
4629	PQ753489	3385469
4629	PQ753491	203035
4629	PQ753495	2710890
4629	PQ753496	2710890
4629	PQ753497	2710890
4629	PQ753500	203035
4629	PQ753505	2710890
4629	PQ753506	3385469
4629	PQ753507	3385469
4629	PQ753508	2710890
4629	PQ753511	2710890
4629	PQ753512	2710890
4629	PQ753513	203034
4629	PQ753514	3385469
4629	PQ753516	3385469
4629	PQ753517	3385469
4629	PQ753518	3385469
4629	PQ753519	3385469
4629	PQ753520	3385469
4629	PQ753521	1689809
4629	PQ753522	3385469
4629	PQ753523	3385469
4629	PQ753524	3385469
4630	PQ753377	2339001
4630	PQ753392	3385472
4630	PQ753417	2339001
4630	PQ753473	2339001
4630	PQ753490	3385472
4630	PQ753498	3385475
4631	PQ753415	3385471
4631	PQ753434	3385474
4631	PQ753435	3385474
4631	PQ753453	3385474
4632	PQ753437	2338878
4632	PQ753479	2338878
4632	PQ753480	2338878
4632	PQ753488	2338878
4632	PQ753509	2710890
4632	PQ753510	2338878
4633	PQ804160	94219
4634	PV661552	3424187
4635	PV821426	1762914
4636	PV901625	1529566
4636	PV901626	1529566
4637	AB551993	748641
4638	AB847654	859510
4639	AF262848	125518
4639	JQ306355	1164678
4639	JQ306432	1164778
4639	KR816545	1688697
4639	KY084277	1916273
4639	KY084286	125518
4640	AF262889	125416
4640	KX844969	2020295
4640	KY988832	2016563
4640	KY988850	494005
4640	KY988851	494005
4640	KY988852	494005
4640	KY988886	2016617
4641	AF262890	125417
4641	KP012489	1688728
4641	KX844971	2020297
4641	KX844972	2020298
4641	KX844973	2016590
4641	KX844976	2020300
4641	KY988823	494000
4641	KY988824	2016560
4641	KY988825	2016560
4641	KY988826	2016561
4641	KY988827	2016561
4641	KY988828	2016561
4641	KY988829	2016561
4641	KY988830	494002
4641	KY988834	2016565
4641	KY988836	494003
4641	KY988838	2016568
4641	KY988839	2016569
4641	KY988840	2016570
4641	KY988841	2016571
4641	KY988842	2016572
4641	KY988844	2016573
4641	KY988845	2016574
4641	KY988846	2016575
4641	KY988847	2016575
4641	KY988848	2016576
4641	KY988853	2016578
4641	KY988854	2016579
4641	KY988855	2016580
4641	KY988857	2016582
4641	KY988859	2016584
4641	KY988860	2016585
4641	KY988861	494006
4641	KY988862	2016586
4641	KY988863	2016587
4641	KY988864	2016587
4641	KY988865	2016588
4641	KY988866	2016588
4641	KY988867	2016589
4641	KY988868	2016590
4641	KY988871	2016593
4641	KY988872	2016594
4641	KY988873	2016595
4641	KY988874	2016605
4641	KY988875	2016606
4641	KY988877	2016608
4641	KY988879	2016610
4641	KY988880	2016611
4641	KY988881	2016612
4641	KY988884	2016615
4641	KY988885	2016616
4641	KY988887	2016618
4641	KY988888	2016619
4641	KY988890	2016621
4641	KY988891	494007
4641	KY988895	2016625
4641	KY988896	2016626
4641	MK703797	2721779
4641	MK703798	2721779
4642	AF262893	125419
4642	KX810330	125419
4643	AF262911	125462
4644	AF262912	125463
4645	AF509816	195114
4646	AY101891	197794
4647	AY101895	101997
4647	AY101896	197813
4648	AY101907	197807
4648	AY101908	197827
4649	AY174718	142369
4649	AY174719	217559
4649	AY174720	123195
4649	AY174721	217541
4649	AY174722	123212
4649	AY174723	123212
4649	AY174724	217544
4649	AY174726	217549
4649	AY174728	217555
4649	AY174729	217557
4649	AY174730	217557
4649	AY174731	217553
4649	AY174732	142373
4649	AY174733	217556
4649	AY174734	217563
4649	AY174737	142371
4649	AY174738	142371
4649	AY174740	142375
4649	AY174756	123212
4649	AY174757	217540
4649	AY174758	217549
4649	AY174759	142340
4650	AY752480	296615
4650	AY752481	65989
4650	AY752482	296616
4650	AY752483	296617
4650	AY752484	296618
4651	AY936684	296041
4652	DQ209998	350393
4652	DQ210035	350173
4652	DQ210036	350196
4652	DQ210081	350360
4652	DQ210187	350393
4652	DQ210282	350381
4652	DQ210288	350196
4652	DQ210299	350296
4652	DQ210514	350755
4652	DQ210518	350148
4652	DQ210559	405351
4652	DQ924391	405351
4652	DQ924408	350393
4652	DQ924413	350381
4652	KP323349	350393
4653	DQ210119	350286
4653	DQ210121	350245
4653	DQ210125	350286
4653	DQ210126	350245
4653	DQ210128	350215
4653	DQ210138	350286
4653	DQ210142	350135
4653	DQ210161	350135
4653	DQ210177	350215
4653	DQ210204	350135
4653	DQ210301	350135
4653	DQ210498	350737
4654	DQ210335	350308
4654	DQ210403	350308
4655	DQ210272	350338
4655	DQ210353	350277
4655	DQ210451	350270
4655	DQ210565	350243
4656	DQ414866	376005
4657	DQ414867	175382
4658	DQ414868	62846
4658	DQ414869	175352
4658	DQ414870	62839
4659	EF065700	412746
4659	EF065701	412747
4659	EF065702	412748
4659	EF065703	257832
4659	EF079373	428373
4660	EF079435	78812
4660	EF670362	78812
4661	EF688903	246522
4662	EU331135	490661
4663	EU347877	508216
4664	EU352224	234467
4665	EU436859	245279
4665	EU436860	519217
4666	EU436884	245238
4667	EU436966	245259
4667	EU436967	245230
4667	EU436968	245264
4667	EU436969	519148
4667	EU436970	519174
4667	EU436971	245237
4667	EU436974	245213
4667	EU436976	519165
4667	FJ410329	245264
4667	KF114272	1242973
4667	KF114273	1242976
4668	EU490674	524249
4669	FJ037792	597275
4670	FJ211176	245249
4671	FJ565438	590227
4671	FJ565439	590225
4671	FJ565636	590228
4672	GQ413941	670324
4673	GQ863267	28938
4673	GQ863268	28945
4673	JN247413	28946
4674	GU556663	163280
4675	HM116994	23131
4676	JQ306441	1166475
4676	JQ306442	1166475
4677	JQ954560	202978
4677	JQ954561	202980
4678	JQ954562	332636
4679	JX840568	507415
4680	JX856487	62097
4681	JQ248877	1120449
4681	KC200633	1174731
4681	KC200651	1174739
4681	KC200652	1174739
4681	KC200678	1174746
4681	KC200693	383638
4681	KC200714	205035
4681	KC200747	1280805
4681	KC200815	1120449
4681	KC200819	383643
4681	KC200901	1280816
4681	KC200909	138518
4681	KC200910	1174836
4681	KC200911	1174836
4681	KC200912	1174837
4681	KC200913	1174837
4681	KC200932	1174842
4681	KC200971	1174853
4681	KC200973	383651
4681	KC201063	1120468
4681	KC201153	1173669
4681	KC201160	1120477
4681	KC955328	1378330
4681	KC955390	1174837
4681	KC955391	1174837
4681	KC955392	383643
4681	KC955393	383643
4681	KC955498	383655
4681	KC955511	1174837
4681	KC955512	1174837
4681	KC955513	383643
4681	KC955555	139008
4681	KC955768	1174769
4681	KC955770	1174769
4681	KC955771	1174769
4681	KC955773	383644
4682	KC292629	1302822
4682	MN219520	3483
4682	OL687472	1302822
4682	OR642791	3483
4683	KC955389	1120462
4684	KJ411694	1582204
4685	KM025145	1525812
4685	KM025146	1525813
4685	KM025147	1525813
4685	KM025148	1525813
4685	KM025149	159939
4685	KM025150	159939
4685	KM025151	159939
4685	KM025153	1470431
4685	MK165461	1470431
4685	MK165462	159939
4685	OL839317	159939
4685	OL839318	1470431
4686	KR816306	1799714
4686	KR816307	1799716
4686	KR816315	1799712
4686	KR816316	142330
4687	KR816305	142325
4687	KR816308	123157
4687	KR816309	123157
4687	KR816310	1799713
4687	KR816311	1799717
4687	KR816317	123159
4687	KR816319	494569
4688	KX954889	2014670
4688	KX954970	2014699
4688	KX954981	2014702
4688	KX955044	2014734
4688	PX939340	3084194
4689	KY239268	38201
4689	KY239269	2058692
4689	KY239270	2058726
4689	KY239271	1898888
4689	KY239272	2058736
4689	OM311711	3023615
4690	KY239273	2058721
4690	KY239274	2058722
4691	KY239275	2058691
4691	KY239276	2058717
4691	KY239277	2058696
4691	KY239278	2058707
4692	KY239280	1914876
4692	KY239281	2058713
4692	KY239282	2058687
4692	KY239283	2058706
4692	KY239284	2026870
4692	KY239285	2058731
4693	KY239286	1914874
4693	KY239287	2058682
4693	KY239292	1097229
4694	KY239298	2058684
4694	KY239299	2058710
4694	KY239300	2058715
4694	KY239301	2058723
4694	KY239302	2026867
4694	KY239303	2058695
4695	KY239308	2058693
4696	KY239309	2058686
4696	KY239310	796853
4697	KY239311	2058716
4698	KY239317	2026866
4698	KY239318	2026864
4699	KY239320	2058702
4699	KY239321	2058727
4699	KY239322	2058699
4699	KY239323	2058701
4700	KY239327	2058690
4700	KY239328	2058697
4701	KY239329	2058679
4701	KY239330	2058680
4702	KY239331	2058735
4702	KY239332	426913
4702	KY239333	2058733
4702	KY239334	2058732
4703	KY239335	2058734
4704	KY239336	2058719
4704	KY239337	1914873
4704	KY239338	1898890
4705	KY239341	1417354
4705	KY239342	3020928
4705	KY239343	2026875
4705	KY239344	78763
4706	KY239347	1290569
4706	KY239348	2058754
4706	KY239349	1290566
4706	KY239350	78850
4706	KY239351	2058753
4707	KY239354	1508133
4707	KY239355	2026879
4707	KY239356	1898893
4707	KY239357	2058678
4708	KY239360	2026868
4709	KY239361	2058718
4710	KY242167	1921742
4710	KY242168	1921742
4710	KY242169	1921742
4710	KY242170	1921742
4711	KY523256	2082891
4711	KY523257	2082891
4711	KY523258	2082891
4711	KY523259	2082891
4711	KY523260	2082893
4711	KY523264	386254
4711	KY523267	386254
4711	KY523268	418494
4711	KY523270	2082894
4711	KY523271	2082894
4711	KY523272	2082894
4711	KY523273	2082889
4711	KY523275	418492
4711	KY523276	2082895
4711	KY523278	378900
4711	KY523279	2082899
4711	KY523283	418486
4711	KY523292	452815
4711	MF893313	2421478
4711	MT799821	2884877
4711	MT819373	2884877
4711	MZ409449	418485
4711	MZ409450	2750841
4712	KY657411	215972
4713	KY657420	1884292
4713	KY657437	1884299
4713	KY657445	1884307
4714	KY968872	381410
4714	KY968879	381410
4714	KY968899	381410
4714	KY968963	381410
4715	KY968909	671526
4716	KY968946	46156
4717	KY988814	1688708
4717	KY988815	1688708
4717	KY988816	1688708
4718	KY988821	2016558
4719	LC380637	426330
4719	LC380642	137181
4719	LC380643	137181
4719	LC380644	137181
4720	MG008348	2305419
4720	MG008349	2305419
4721	MG523350	255881
4722	MH230002	2461306
4723	MK165465	152892
4724	MK306381	2502947
4724	MK306382	2502947
4724	MK306383	2502947
4725	AF262886	125557
4725	AF262887	125556
4725	KY988987	2016701
4725	MK306384	125556
4725	MK306385	125556
4725	MK306386	125556
4725	MK306387	125556
4725	MK306389	2016701
4725	MK306390	2016701
4725	MK306391	125557
4725	MK306395	2502964
4726	MN255132	2790450
4726	MN255133	2790450
4726	MN255137	2790451
4726	MN255141	2790455
4726	MN255151	2790459
4726	MN255152	2790459
4726	MN255153	2790460
4726	MN255161	2790464
4726	MN255164	2790467
4726	MN255165	2790467
4726	MN255166	2790467
4726	MN255174	2790400
4726	MN255177	2790403
4726	MN255178	2790404
4726	MN255180	2790406
4726	MN255183	2790409
4726	MN255184	2790410
4726	MN255185	2790411
4726	MN255186	2790412
4726	MN255187	2790413
4726	MN255188	2790414
4726	MN255189	2790415
4726	MN255191	2790417
4726	MN255193	2790419
4726	MN255194	2790420
4726	MN255195	2790421
4726	MN255196	2790422
4726	MN255197	2790423
4726	MN255199	2790425
4726	MN255200	2790426
4726	MN255201	2790427
4726	MN255203	2790429
4726	MN255205	2790431
4726	MN255209	2790435
4726	MN255210	2790436
4726	MN255214	2790470
4727	MN257644	2600475
4728	MN257675	43237
4729	MN257691	2600464
4729	MN257724	2600465
4729	MN257751	2600466
4729	MN257752	2600467
4729	MN257755	2600468
4729	MN257756	2600469
4729	MN257803	2600470
4730	KX057866	1977554
4730	MN257825	670324
4730	MN264663	1977554
4731	MN264659	2601734
4732	MN317918	643011
4733	AF262894	125499
4733	JQ306341	1164735
4733	JQ306342	1164723
4733	JQ306344	1164730
4733	JQ306345	1164732
4733	JQ306458	1164727
4733	JQ306459	1164728
4733	JQ306460	1164731
4733	JQ306461	1164734
4733	KC425725	1164720
4733	KC425735	125494
4733	MN332331	2748432
4733	MN332333	2748437
4733	MN332334	2748438
4733	MN332336	2748440
4733	MN332338	125480
4733	MN332345	2748446
4733	MN332346	2748447
4733	MN332347	2748448
4733	MN332349	2748449
4733	MN332352	125494
4733	MN332355	2767037
4733	MN332356	2748433
4733	MN332357	2767038
4733	MN332362	1164729
4733	MN332363	1164730
4733	MN332364	2748455
4733	MN332366	2748456
4733	MN332371	2767039
4734	MT023906	2803568
4735	MT023912	1954591
4736	MT023918	2588157
4737	MT023928	1237574
4738	MT924088	91096
4739	MW166880	2848136
4739	MW166883	2848138
4739	MW166884	2848139
4740	MW364623	1938959
4740	MW364624	1938959
4741	MZ191047	34256
4741	PP531453	34256
4742	MZ191052	39352
4742	PV059272	1183238
4743	MZ927400	397629
4744	OM311720	234007
4745	OQ874671	240021
4746	OR470736	2695419
4747	OR484638	2569956
4748	PV704796	451004
4749	KX931031	53094
4749	KX931033	451014
4749	MK895546	2576747
4749	PV704811	53117
4749	PV704841	53093
4749	PV704843	136296
4749	PV704844	53071
4749	PV704845	53090
4749	PV704846	53083
4749	PV704847	53122
4749	PV704851	1883385
4749	PV704852	450946
4749	PV704853	451014
4749	PV704854	53093
4749	PV704855	253090
4749	PV704892	3434080
4749	PV704893	1272994
4749	PV938549	3449412
4749	PV938550	3449412
4749	PV938551	53122
4750	AF262895	125563
4750	AF262896	125565
4750	AF262897	38227
4750	AF262898	125562
4750	AF262899	125564
4750	JQ306415	125562
4750	KX844977	38227
4750	KX844982	125562
4750	KY988994	2016706
4750	KY988995	2016707
4750	KY988996	38227
4750	KY988997	2016708
4750	KY988998	2016709
4750	KY988999	2016710
4750	KY989000	125565
4750	KY989001	2016711
4750	MK306360	38227
4750	MK306361	38227
4750	MK306372	2502941
4750	MN332413	125562
4750	MN332414	2706387
4750	MN332415	2706388
4750	MN332416	2748464
4750	PX895160	2016706
4750	PX895161	2016706
4750	PX895162	2016706
4750	PX895163	3680153
4750	PX895164	3680153
4750	PX895165	2016707
4750	PX895166	3679511
4750	PX895168	125565
4751	AB593500	906680
4752	AB593534	154289
4752	KY062482	2050027
4753	AB593667	906873
4754	AF239413	125116
4755	AF262891	125414
4756	AF262914	125412
4757	AF275693	128922
4757	MN332332	1164722
4758	AF313025	165349
4758	AF313026	165348
4759	AF313035	165320
4760	AF313036	39414
4760	AJ548984	39414
4760	AJ548985	197806
4760	AY101897	185001
4760	AY101898	39414
4760	AY101899	197806
4760	KY411913	39414
4760	KY968842	39414
4760	MW139236	39414
4761	AJ420994	180010
4762	AJ459400	193565
4762	AJ459401	193566
4762	AJ459402	193562
4762	AJ459403	193563
4762	AJ459404	193561
4762	AJ548980	223165
4763	AJ550599	133338
4764	AJ548968	223173
4764	AJ548970	223175
4764	AJ548979	223180
4764	AY101860	197814
4764	MW139233	589140
4765	AY101901	197801
4765	AY101902	197797
4766	AY174736	217558
4767	AY174725	217550
4767	AY174739	217562
4767	AY174743	217543
4767	AY174744	217547
4767	AY174745	217545
4767	AY174747	217561
4767	AY174748	142372
4767	AY174750	217552
4767	AY174751	217548
4767	AY174752	142367
4767	AY174753	217560
4767	AY174754	217542
4767	AY174755	217546
4768	AY174760	142323
4768	KT825481	142324
4769	AY492107	86642
4770	AY730296	128273
4771	AY936739	319615
4772	AY955813	162926
4773	AF239329	125195
4773	DQ210014	350415
4773	DQ210200	125195
4773	DQ210211	125195
4773	DQ210252	350415
4774	DQ209982	350198
4774	DQ209985	38193
4774	DQ210003	350283
4774	DQ210013	350247
4774	DQ210021	350319
4774	DQ210024	400240
4774	DQ210025	400240
4774	DQ210026	350728
4774	DQ210027	350155
4774	DQ210031	38193
4774	DQ210034	350136
4774	DQ210039	350385
4774	DQ210059	350319
4774	DQ210063	350151
4774	DQ210067	350706
4774	DQ210073	350729
4774	DQ210100	38193
4774	DQ210107	350273
4774	DQ210149	350166
4774	DQ210195	350301
4774	DQ210209	350226
4774	DQ210239	350153
4774	DQ210261	350325
4774	DQ210262	350164
4774	DQ210264	350242
4774	DQ210267	350373
4774	DQ210269	400241
4774	DQ210271	350359
4774	DQ210276	350387
4774	DQ210291	38193
4774	DQ210292	38193
4774	DQ210303	350283
4774	DQ210346	350317
4774	DQ210348	350761
4774	DQ210351	350291
4774	DQ210360	400241
4774	DQ210366	350202
4774	DQ210368	350239
4774	DQ210369	350302
4774	DQ210370	350302
4774	DQ210392	350763
4774	DQ210397	350198
4774	DQ210413	350281
4774	DQ210429	350149
4774	DQ210430	350742
4774	DQ210431	350247
4774	DQ210434	350208
4774	DQ210435	400240
4774	DQ210437	400240
4774	DQ210440	350263
4774	DQ210453	350359
4774	DQ210454	350214
4774	DQ210455	350263
4774	DQ210464	38193
4774	DQ210471	350283
4774	DQ210489	350319
4774	DQ210502	350242
4774	DQ210504	350242
4774	DQ210505	350325
4774	DQ210509	350325
4774	DQ210528	350325
4774	DQ210529	350247
4774	DQ210531	350400
4774	DQ210532	350136
4774	DQ210536	350247
4774	DQ210543	400240
4774	DQ210546	350208
4774	DQ210547	350240
4774	DQ210549	350722
4774	DQ210551	350155
4774	DQ210558	350331
4774	DQ210568	38193
4774	DQ210570	350257
4774	DQ461794	381215
4774	OK032113	350257
4774	OK032114	2874243
4775	DQ210123	350390
4775	DQ210199	350390
4775	DQ210223	350713
4775	DQ210356	350390
4775	DQ210459	350390
4775	DQ210496	350754
4775	DQ461798	381662
4775	KP323320	350390
4776	DQ210120	350264
4776	DQ210124	350264
4776	DQ210129	350224
4776	DQ210130	350310
4776	DQ210139	350224
4776	DQ210140	350264
4776	DQ210141	350252
4776	DQ210162	350250
4776	DQ210164	350342
4776	DQ210165	350251
4776	DQ210176	350252
4776	DQ210208	350249
4776	DQ210286	350224
4777	DQ210184	125195
4778	DQ210005	429157
4778	DQ210006	350327
4778	DQ210008	350186
4778	DQ210010	350220
4778	DQ210037	350295
4778	DQ210047	350351
4778	DQ210061	350353
4778	DQ210077	350281
4778	DQ210080	350733
4778	DQ210092	350262
4778	DQ210093	350757
4778	DQ210105	350317
4778	DQ210109	350410
4778	DQ210143	350367
4778	DQ210152	350371
4778	DQ210153	350410
4778	DQ210192	350352
4778	DQ210201	350410
4778	DQ210230	350367
4778	DQ210251	350222
4778	DQ210258	350295
4778	DQ210270	350295
4778	DQ210273	429156
4778	DQ210275	350327
4778	DQ210289	350371
4778	DQ210293	350186
4778	DQ210319	350222
4778	DQ210320	350222
4778	DQ210325	350724
4778	DQ210326	350725
4778	DQ210327	350355
4778	DQ210342	350752
4778	DQ210344	350757
4778	DQ210347	350234
4778	DQ210354	350266
4778	DQ210379	350295
4778	DQ210381	350341
4778	DQ210388	350750
4778	DQ210390	350757
4778	DQ210395	350266
4778	DQ210396	350186
4778	DQ210400	350234
4778	DQ210427	350295
4778	DQ210432	350280
4778	DQ210433	350281
4778	DQ210474	350292
4778	DQ210476	350186
4778	DQ210486	350186
4778	DQ210492	350234
4778	DQ210533	350266
4778	DQ210537	350247
4778	DQ210550	350765
4778	DQ210556	350766
4778	DQ210560	350312
4778	DQ210561	350710
4778	DQ210572	350371
4778	DQ210573	350180
4778	DQ210574	350233
4778	DQ461786	350327
4778	DQ461790	381216
4778	DQ461801	381209
4778	KP323278	1590556
4779	DQ209980	350213
4779	DQ209993	350356
4779	DQ209995	350349
4779	DQ210051	350303
4779	DQ210088	350122
4779	DQ210090	350401
4779	DQ210168	350138
4779	DQ210189	350178
4779	DQ210191	350356
4779	DQ210249	350404
4779	DQ210274	350746
4779	DQ210278	350184
4779	DQ210295	350303
4779	DQ210330	350715
4779	DQ210337	350138
4779	DQ210338	350349
4779	DQ210350	350122
4779	DQ210415	350358
4779	DQ210521	350356
4779	DQ210523	350375
4779	DQ210552	350380
4779	DQ210553	350375
4779	DQ461784	381206
4779	DQ924403	350356
4779	KP323269	350356
4779	KP323270	1590558
4779	KP323272	350213
4779	KP323275	350401
4779	KP323276	350380
4779	KP323277	1590574
4779	KP323279	1590566
4779	KP323280	350356
4779	KP323281	1590571
4779	KP323283	1590578
4779	KP323287	350358
4779	KP323288	350356
4779	KP323290	350356
4779	KP323291	350380
4779	KP323292	350303
4779	KP323293	350356
4779	KP323294	1590559
4779	KP323295	1590576
4779	KP323296	350356
4779	KP323297	350375
4779	KP323300	350303
4779	KP323302	1590562
4779	KP323305	1590569
4779	KP323306	350213
4779	KP323307	1590573
4779	KP323308	350380
4779	KP323309	350303
4779	KP323310	350356
4779	KP323311	350213
4779	KP323312	1590572
4779	KP323313	350356
4779	KP323314	350380
4779	KP323317	350356
4779	KP323319	1590574
4779	KP323321	1590579
4779	KP323322	350358
4779	KP323325	350122
4779	KP323327	1590574
4779	KP323328	350122
4779	KP323329	1590561
4779	KP323330	1590575
4779	KP323331	1590563
4779	KP323333	350213
4779	KP323334	350356
4779	KP323335	350349
4779	KP323340	1590574
4779	KP323344	350349
4779	KP323345	350356
4779	KP323346	1590564
4779	KP323347	1590580
4779	KP323348	1590565
4779	KP323350	350380
4779	KP323351	350356
4779	KP323354	1590574
4779	KP323355	1590567
4779	KP323356	350349
4779	KP323358	1590576
4779	KP323359	350246
4780	DQ210317	429167
4780	DQ924396	405353
4781	DQ210229	350282
4781	DQ210236	350282
4781	DQ210266	350412
4781	DQ210331	350157
4781	DQ210336	350157
4781	DQ210423	350412
4781	DQ210494	350412
4781	DQ210566	350412
4782	DQ210534	350403
4782	KP323343	350403
4783	DQ277640	198823
4783	DQ277641	198829
4784	DQ414857	175360
4785	EF079376	142404
4785	EF079377	123204
4786	EF670367	468873
4787	EU145375	58401
4787	EU145376	484845
4787	HM042457	58401
4788	EU436862	245205
4789	EU436863	28974
4790	EU436895	519130
4790	EU436897	519460
4791	EU436920	519122
4791	EU436921	519150
4792	EU436932	245265
4793	EU436949	245276
4793	EU436951	519143
4794	EU436975	245255
4794	EU436977	245211
4794	EU436978	245268
4794	EU436979	245221
4794	EU436980	245277
4794	EU436981	245216
4794	EU437029	245214
4794	KF114270	1242978
4794	KF114271	1398907
4795	EU497240	221762
4795	EU497241	527697
4795	EU497242	527698
4795	OQ874563	221762
4796	EU436934	519203
4796	EU436936	245204
4796	EU436937	519205
4796	EU436938	519194
4796	EU436939	519152
4796	EU436940	245209
4796	FJ211170	568280
4797	FJ439901	577015
4797	FJ439902	577015
4797	FJ439903	577015
4797	FJ439904	577015
4798	FJ605210	592434
4799	FJ794655	273592
4800	GQ351361	64029
4800	GQ351364	64034
4801	GQ351362	64032
4801	GQ351363	64042
4802	GU219993	450041
4802	GU219997	279217
4802	GU219998	279217
4802	GU220000	701095
4802	GU220001	701103
4802	GU220009	450044
4802	GU220013	701104
4803	GU219994	701092
4803	GU219995	701093
4803	GU219996	701094
4803	GU220002	701096
4803	GU220004	701097
4803	GU220005	701099
4803	GU220006	450043
4803	GU220008	701100
4803	GU220015	701106
4804	GU219999	450042
4805	GU220003	53831
4806	GU220007	701098
4806	GU220012	701102
4806	GU220014	701105
4807	GU556632	687582
4807	GU556648	687610
4807	HM018545	687582
4807	HM041023	687582
4807	HM041028	687582
4808	GU556635	687593
4808	GU556637	687595
4808	GU556643	687607
4808	GU556644	687607
4808	GU556650	687613
4808	GU556661	687631
4808	GU556669	687639
4808	GU556674	687650
4808	GU556675	687650
4808	GU556680	687656
4808	GU556683	687661
4808	GU556684	687603
4808	GU556691	687654
4808	GU556696	687629
4808	HM018552	687637
4808	HM018553	687640
4808	HM041021	687613
4808	HM041024	859521
4808	HM041025	687640
4808	HM041026	687629
4808	HM041029	687661
4809	GU556652	140407
4809	GU556653	140407
4809	GU556659	687627
4809	GU556676	687651
4809	GU556678	687653
4809	GU556694	687592
4809	HM018547	687591
4809	HM018550	687632
4809	HM041030	859518
4809	HM176598	687591
4810	GU556646	687609
4810	GU556647	687609
4810	GU556655	687619
4810	GU556662	339111
4810	GU556664	687633
4810	GU556665	687633
4810	GU556668	687638
4810	GU556685	38197
4810	GU556686	38197
4810	GU556687	38197
4810	GU556690	687615
4810	GU556693	38197
4810	GU556698	38197
4810	HM041009	687609
4810	HM041010	38197
4811	GU556689	687601
4811	GU556692	687589
4811	GU556697	687659
4812	JQ067183	1132175
4813	JQ248901	1173667
4813	JQ248905	1173669
4813	KC200834	1280810
4813	KC955322	1174764
4813	KC955365	1174739
4813	KC955554	139008
4813	KC955569	383651
4813	KC955571	138512
4813	KC955572	1174739
4814	JQ306339	1164725
4814	JQ306348	2706375
4814	KF747797	1053618
4814	MN332348	1164725
4815	JQ306340	1164726
4815	KF747837	1499147
4816	JQ306359	1164716
4816	JQ306360	1164716
4817	JQ306378	1164693
4818	AF262857	125484
4818	JQ306382	1164702
4818	JQ306433	1164686
4819	JQ306434	1164685
4819	JQ306435	1164685
4819	KC425836	1714509
4820	JQ306453	1164699
4820	JQ306455	1164699
4821	JQ306487	1164772
4821	MN332404	1164772
4822	JQ306498	1164724
4822	KY084291	1916278
4822	KY084292	1916278
4822	MN332330	1916278
4822	MN332341	2748442
4823	EU436886	519167
4823	JQ716440	1193087
4823	JQ716441	1193088
4823	JQ716442	1193149
4823	KF154264	1398994
4823	KF154265	1398994
4824	JQ954567	91125
4825	KC200648	1174737
4825	KC200816	1120449
4826	JQ306490	1164720
4826	JQ306497	1053618
4826	KC425727	1413708
4826	KC425730	1413710
4826	KC425731	1414691
4826	KC425738	1414693
4826	MK306359	1413715
4826	MN332329	1164720
4826	MN332339	2767036
4827	KC425733	1413712
4827	KY988807	2016550
4828	KC200741	1174764
4828	KC955271	1174739
4828	KC955632	1469236
4828	KC955638	383657
4829	KF154266	1399586
4829	KM594528	1585989
4830	KF318940	1386250
4831	KF747845	1499180
4831	MK306401	2502972
4831	MK306405	2502976
4832	KJ409999	909049
4832	KJ410000	158491
4833	KJ411650	1582218
4834	KM025152	1525815
4835	KR046199	1714835
4836	KR149440	123119
4837	KR149441	142273
4838	KR816312	123158
4838	KR816313	142327
4839	KR816318	142376
4839	KR816320	123197
4839	KR816321	142377
4839	KR816324	142376
4839	KR816325	142376
4839	KR816326	142376
4839	KR816327	142376
4839	KR816328	142376
4839	KR816329	142376
4839	KR816330	142376
4839	KR816331	142376
4840	KR816548	1688698
4840	KY084283	1688698
4840	KY084284	1688698
4841	KT223750	256351
4842	KX073458	245826
4843	KX073459	42332
4844	KX844970	2020296
4845	KX844975	2020299
4846	KX954917	339478
4847	KX954910	20407
4847	KX954976	90186
4847	KX954991	1151064
4847	MK945616	90179
4847	MK945629	20418
4847	MK945636	20423
4848	KY084267	1916267
4848	KY084268	1916267
4849	KY084275	1916272
4849	KY084276	1916272
4849	KY084287	1916281
4850	KY239250	941465
4851	KY239319	2058694
4852	KY239326	2732813
4852	MT505285	2732813
4853	KY239352	1898897
4854	KY239358	2058724
4854	KY239359	3020926
4855	KY512508	443060
4855	PX810287	331509
4856	AF262902	125406
4856	KY988819	2016722
4857	KY988822	2016559
4857	KY988831	2016562
4858	KY988837	2016567
4859	KY988849	2016577
4860	KY988878	2016609
4861	KY988870	2016592
4861	KY988892	2016622
4862	KY988894	2016624
4863	KY988985	2016699
4863	KY988986	2016700
4863	MK306398	2016699
4864	LC638693	2851530
4865	KF154257	1398996
4865	MF197756	2057818
4865	MF197757	2057818
4865	MF197758	2057818
4865	MF197759	2057818
4865	MF197760	2057818
4865	MF197761	2057818
4865	MF197762	2057818
4866	MF944400	1676818
4867	MG949376	162925
4868	MH710774	13601
4868	MT923998	258140
4868	MT923999	1433312
4868	MZ366387	1439896
4869	MK306363	2502939
4869	MK306364	2502939
4870	MK306378	2502949
4870	MK306379	2502949
4871	MK306392	2502962
4871	MK306393	2502962
4872	MK306394	2502963
4873	MK306396	2502967
4873	MK306404	2502974
4874	MK306402	2502973
4874	MK306403	2502973
4874	MK306406	2502975
4875	MN240795	2599646
4875	MN240796	146458
4876	MN240799	2599648
4877	MN257780	2600527
4877	MN257783	2600528
4877	MN257784	2600529
4878	MN317905	2148155
4879	MN332335	2748439
4879	MN332337	1164724
4879	MN332342	2748443
4880	AF262868	125472
4880	KC425737	1413714
4880	MN332359	2748453
4881	MN824985	2607109
4881	MN824986	2607109
4881	MN825932	2607177
4881	MN825933	2607177
4882	MW166881	2848137
4883	MZ366386	1720320
4883	MZ366388	1433329
4884	OM719995	2918655
4885	ON922880	1387602
4886	OP214777	2972139
4887	OQ240987	3019566
4887	OQ240988	3019566
4887	OQ240995	3019567
4887	OQ240996	3019567
4888	OR347589	1231541
4888	OR347590	1231541
4888	OR347592	1231541
4888	OR347595	1231541
4889	PV901234	1439916
4889	PV901235	1439916
4890	AB593664	234037
4891	AF239376	125140
4891	AF239377	125197
4891	AF239379	125077
4892	AF239386	125121
4893	AF262852	125513
4893	AF275689	128916
4893	JQ306362	1164682
4893	JQ306431	128916
4894	AF262867	125522
4894	KC425834	125522
4895	AF262869	125494
4896	AF262870	125480
4897	AF262892	125415
4898	AF262901	125405
4898	AF262903	125407
4898	KY988817	125407
4899	AF291099	163610
4899	MN332400	163610
4900	AF313030	165346
4901	AF313037	101994
4901	AF313038	101995
4901	AJ548965	223170
4901	AJ548978	197817
4901	AY101858	197817
4901	AY101863	101993
4901	AY101871	197830
4901	AY101876	101994
4902	AF350576	154732
4903	AF313027	165309
4903	AF509814	195115
4903	EU224204	495256
4903	KJ630574	1310059
4904	AJ548954	197793
4904	AY101886	197793
4904	AY101887	197833
4904	AY101888	197804
4904	AY101889	197819
4904	AY101890	197810
4904	AY101892	101998
4904	KJ579140	197793
4905	AJ548964	101992
4905	AY101865	101992
4905	MT923781	39414
4906	AJ548973	185002
4906	AY101903	185002
4906	AY101906	197798
4907	AJ548976	223179
4907	AY101872	197829
4907	AY101873	197812
4907	AY101874	101995
4907	AY101875	197832
4907	OR238555	113209
4908	AJ548987	101996
4908	AY101882	101996
4908	AY101883	197808
4908	AY101884	197825
4908	MW139232	101996
4909	AY101880	197820
4909	AY101881	197800
4910	AY101900	197792
4911	AY101904	197824
4911	AY101905	197790
4912	AY174717	217554
4912	AY174746	217554
4913	AY174761	142246
4914	AY492113	69918
4915	AY831634	302003
4916	AY936654	319562
4916	AY936656	283121
4916	MN257852	283121
4917	AY936663	283126
4917	AY936664	319151
4917	AY936665	319152
4918	AY936690	319582
4918	AY936691	319582
4918	AY936701	319588
4918	AY936734	319613
4919	AY936744	283133
4919	AY936747	319620
4920	DQ210015	350320
4920	DQ210083	350342
4920	DQ210127	350332
4920	DQ210131	350342
4920	DQ210135	350342
4920	DQ210137	350320
4920	DQ210163	350310
4920	DQ210166	350300
4920	DQ210197	350216
4920	DQ210198	350342
4920	DQ210203	350320
4920	DQ210207	350332
4920	DQ210246	350216
4920	DQ210250	350216
4920	DQ210281	350332
4920	DQ210284	350286
4920	DQ210285	350320
4920	DQ210287	350394
4920	DQ924392	350286
4920	DQ924395	350320
4920	DQ924400	405357
4920	DQ924406	350390
4920	DQ924409	350394
4920	DQ924410	360332
4921	DQ210134	350394
4921	DQ210136	350394
4922	DQ209989	350190
4922	DQ210341	350163
4922	DQ210349	350291
4923	DQ210382	429161
4923	DQ210402	429161
4924	DQ385556	269565
4925	AF262883	125460
4925	EF079369	125460
4926	EF079374	123106
4927	EF174484	418467
4928	EF635471	317701
4928	EF635473	450847
4928	EF635474	450846
4929	EU331096	490642
4929	EU331097	490643
4929	EU812822	545658
4930	EU347876	508328
4931	EU352225	493346
4932	EU436881	245261
4933	EU436900	519215
4934	EU436904	245244
4934	EU436905	519119
4935	EU436917	245280
4936	EU436928	245243
4936	EU436929	245232
4937	EU436941	245250
4937	EU436942	519156
4937	EU436943	519155
4938	EU436945	519459
4938	FJ211178	519141
4938	KF154256	519141
4939	EU436946	526435
4939	KF154259	526435
4939	MF197763	2057819
4939	MF197764	2057819
4939	MF197765	2057819
4939	MF197766	2057819
4939	MF197767	2057819
4939	MF197768	2057819
4940	EU436952	245233
4941	EU436959	519204
4941	EU436960	245273
4941	EU437024	519169
4941	EU437027	519175
4942	EU436961	245229
4943	EU436992	519160
4943	EU436994	519157
4943	EU436995	245269
4943	EU436998	519182
4943	EU436999	245274
4943	EU437000	245235
4943	EU437001	519177
4943	EU437002	519163
4943	EU437003	519199
4943	EU437004	245263
4943	EU437005	245210
4943	EU437006	245275
4943	EU437007	519120
4943	EU437008	245215
4943	EU437009	519183
4943	EU437010	245258
4944	EU812821	545657
4945	EU912021	319180
4945	EU912022	319180
4945	EU912023	319180
4945	EU912089	552657
4945	EU912090	552657
4946	EU912031	552647
4946	EU912032	552647
4946	EU912033	552647
4946	EU912034	552647
4946	EU912035	552647
4946	EU912050	552652
4946	EU912051	552652
4946	EU912091	552658
4947	EU912052	82209
4948	FJ037793	597276
4948	FJ037794	597276
4949	FJ601828	35922
4949	FJ601831	35922
4950	FJ794633	273560
4951	GU556636	687594
4951	GU556677	687652
4951	HM041032	687644
4952	GU556642	687606
4952	GU556679	687655
4952	HM018551	687636
4952	HM018556	687655
4953	GU556645	687608
4954	GU556654	687618
4955	GU726292	516069
4956	JF332063	992846
4956	JF332066	992836
4956	JF332075	992856
4956	JF332078	992858
4956	JF332079	573141
4956	JF332081	681426
4956	JF332084	992849
4957	JF332092	181183
4958	JF332106	246524
4959	JF332112	992841
4960	JF332116	992869
4961	JQ306336	1164743
4961	KX810328	2020301
4961	KX810329	2020302
4961	KY988898	1164743
4961	MN332388	1164743
4962	JQ306343	125457
4962	KY988922	2016727
4963	JQ306351	1164744
4964	AF262860	125487
4964	JQ306388	125487
4964	JQ306391	1164786
4964	JQ306392	1164786
4964	KC425798	1414703
4964	KF747828	1545986
4964	KF747829	1545987
4964	MN332406	125487
4965	JQ716438	1193150
4965	JQ716439	1193148
4966	JQ954558	202969
4966	JQ954559	116725
4967	KC425734	1414692
4967	MN332369	125516
4968	JQ762399	1176412
4968	KF154261	1176412
4969	KF318916	163283
4969	KF318962	163283
4970	KF747832	1499166
4971	KF747841	1499150
4971	KX810332	2020303
4972	KP012477	1688714
4972	KP012478	1688715
4973	KP675785	57655
4974	KP794452	1777508
4974	KP794453	1777513
4975	KR149439	123120
4976	KX371770	1977618
4977	KX610102	2004445
4978	KX810331	125419
4979	KX844974	2016591
4980	KX890449	1963777
4980	KX890452	1963777
4981	KX931032	53085
4981	PV704842	53085
4981	PV704848	53094
4981	PV704849	53094
4981	PV704850	53094
4981	PV704895	3434078
4982	EF459731	53110
4982	KX931035	451010
4982	KX931036	53098
4982	PV704817	451005
4982	PV704820	53110
4982	PV704821	53098
4982	PV704833	451010
4982	PV704834	53111
4982	PV704836	53098
4982	PV704837	1641958
4982	PV704838	53110
4982	PV704839	53087
4982	PV704856	53113
4983	KR150152	1727901
4983	KX954888	1197408
4983	KX954892	144061
4983	KX954895	144064
4983	KX954896	20405
4983	KX954897	339473
4983	KX954899	144066
4983	KX954900	144066
4983	KX954901	2014672
4983	KX954902	2014673
4983	KX954903	1302568
4983	KX954906	278719
4983	KX954908	1197411
4983	KX954909	144071
4983	KX954912	144072
4983	KX954913	144072
4983	KX954914	144074
4983	KX954915	144074
4983	KX954916	339478
4983	KX954919	144077
4983	KX954923	144085
4983	KX954933	144095
4983	KX954934	47076
4983	KX954939	2014683
4983	KX954940	2014682
4983	KX954941	2014682
4983	KX954942	2014684
4983	KX954944	144101
4983	KX954945	144101
4983	KX954946	144101
4983	KX954947	144101
4983	KX954948	2014685
4983	KX954953	2014688
4983	KX954954	2014689
4983	KX954961	2014692
4983	KX954962	2014693
4983	KX954964	2014694
4983	KX954966	2014696
4983	KX954967	2014697
4983	KX954968	2014698
4983	KX954969	1197416
4983	KX954973	1264821
4983	KX954974	1234497
4983	KX954977	90187
4983	KX954978	2014700
4983	KX954979	2014701
4983	KX954982	144122
4983	KX954983	339507
4983	KX954984	2014703
4983	KX954985	2014704
4983	KX954987	144125
4983	KX954988	90192
4983	KX954990	90197
4983	KX954993	2014705
4983	KX954994	144135
4983	KX954995	20420
4983	KX954997	144136
4983	KX955004	2014711
4983	KX955009	2014715
4983	KX955010	2014716
4983	KX955011	1264832
4983	KX955012	2014717
4983	KX955013	2014717
4983	KX955014	1980588
4983	KX955017	2014719
4983	KX955018	2014720
4983	KX955020	144152
4983	KX955021	2014722
4983	KX955022	2014722
4983	KX955025	2014724
4983	KX955028	2014726
4983	KX955029	2014727
4983	KX955030	1532288
4983	KX955031	1532288
4983	KX955034	2014729
4983	KX955039	1131464
4983	KX955041	20425
4983	KX955042	20425
4983	KX955043	2014733
4983	KX955046	1197426
4983	KX955047	2014735
4983	KX955050	144171
4983	MF543757	1091133
4983	MF543758	1091133
4983	MK945606	2582811
4983	MK945607	2582812
4983	MK945609	90164
4983	MK945615	90177
4983	MK945620	90182
4983	MK945621	2582816
4983	MK945622	144119
4983	MK945623	278722
4983	MK945624	2582817
4983	MK945625	339506
4983	MK945628	2582820
4983	MK945631	2582821
4983	MK945633	2582822
4983	MK945635	90216
4983	MK945638	2582823
4983	MK945639	90221
4983	MK945640	2582824
4983	MK945643	1197413
4983	MT923530	2764603
4983	MZ366384	2844916
4983	OQ106919	339474
4983	OQ106920	339474
4983	OQ106921	339474
4983	OQ106922	339474
4983	OQ106923	339474
4983	OQ106924	339474
4983	OQ106925	339474
4983	OQ106926	339474
4983	OQ106927	339474
4983	OQ106928	339474
4983	OQ106929	339474
4983	OQ106930	339474
4983	OQ106931	339474
4983	OQ106932	339474
4983	OQ106933	339474
4983	OQ106934	339474
4983	OQ106935	339474
4983	OQ106936	339474
4983	OQ106937	339474
4983	OQ106938	339474
4983	OQ106939	1182589
4983	OQ106940	1182589
4983	OQ106941	1182589
4983	OQ106942	1182589
4983	OQ106943	1182589
4983	OQ106944	1182589
4983	OQ106945	512688
4983	OQ106946	1131464
4983	OQ106947	1091133
4983	OQ106948	1091133
4983	OQ106949	1091133
4983	PV900997	3447994
4983	PV901005	649199
4983	PV901008	649199
4983	PV901009	649199
4983	PV901010	649199
4983	PV901015	2020317
4983	PV901021	144149
4984	KY306591	121099
4985	KY306660	1972469
4985	MG949300	2185245
4986	KY988810	2016554
4987	KY988882	2016613
4988	KY988919	1688731
4988	KY988921	494533
4989	KY988920	2016639
4990	KY988923	2016728
4991	KY988988	2016702
4991	KY988990	2016703
4992	MF543761	140839
4992	MF543762	140839
4992	OQ344681	140839
4992	OQ344682	140839
4992	OQ344683	140839
4993	MG321409	2050675
4994	MG949295	162774
4995	MH218741	123138
4996	MH535161	2594498
4997	MH596710	256354
4998	MH710744	662901
4999	MK306369	2502958
5000	MK306380	2502949
5001	MK356152	1508132
5002	MN257652	2600531
5002	MN257734	2600532
5002	MN257826	2600533
5003	MN257665	2600553
5004	MN295368	2602893
5005	MN332350	2748450
5006	MN332354	2748452
5007	MN332387	2748458
5008	MT023893	2803567
5008	MT023926	2803574
5009	MT023935	2590711
5010	MT923235	235358
5011	MT923240	515457
5012	MW602119	543981
5013	MZ366385	2844917
5014	MZ409451	2849023
5015	OL442774	2606425
5016	OL863060	2668595
5017	OQ627453	572117
5017	OR594003	572117
5018	OR484635	2862093
5019	OR531480	3926
5020	AF509813	195120
5020	PX247878	195120
5020	PX247879	195120
5020	PX247880	195120
5021	AB593503	906683
5022	AF239381	125097
5023	AF262785	78805
5023	DQ923759	413449
5023	DQ923760	413450
5023	DQ923761	413448
5023	DQ923772	413454
5023	DQ923778	413464
5023	DQ923788	413465
5023	JQ306379	78805
5023	KY988899	413442
5023	KY988901	2016627
5023	KY988907	2016633
5023	KY988917	1688730
5024	AF262851	125514
5024	EF079371	426929
5024	JQ306356	125514
5024	JQ306365	1164708
5024	JQ306366	1164708
5024	JQ306371	1164705
5024	JQ306375	1164710
5024	JQ306443	1164707
5024	JQ306444	1164707
5024	JQ306445	1164695
5024	JQ306446	1164711
5024	JQ306454	1164782
5024	KY084269	1916268
5025	AF262855	125519
5025	JQ306440	125519
5026	AF262856	125473
5026	JQ306358	1164780
5026	JQ306436	125473
5026	JQ306437	1164780
5027	AF262906	125532
5027	AF262907	125533
5027	MN332401	2767040
5028	AF275691	128918
5028	JQ306363	1164692
5028	JQ306364	128918
5028	KX495754	128918
5029	AF313031	165345
5029	AF509815	195147
5029	EU224210	495260
5030	AF313032	165304
5031	AF239399	125150
5031	AF350573	125150
5031	FJ565646	588032
5031	FJ565664	590349
5031	FJ565669	125150
5031	KF146339	493936
5032	AF470491	187183
5032	KF318915	187183
5033	AF551721	214205
5033	AF551722	214204
5033	AF551724	214202
5033	AF551725	214203
5033	AF551726	133931
5033	AF551728	214208
5033	AY256898	228392
5034	AJ548955	223167
5034	AJ548956	223167
5034	AJ548957	223167
5034	AJ548958	223167
5034	AJ548959	223168
5034	AJ548960	223169
5034	AJ548961	223169
5034	AJ548962	223169
5034	AJ548963	223169
5034	AY101885	223169
5035	AJ548971	223176
5036	AJ548972	197914
5037	AJ548986	197809
5037	AY101877	197791
5037	AY101878	197826
5037	AY101879	197809
5037	KJ579141	1603948
5037	KJ579142	1603951
5037	KJ579143	1603946
5037	KJ579144	1603947
5038	AM748814	59178
5039	AY101893	197818
5039	AY101894	197822
5040	AY273750	212062
5041	AY492096	263975
5042	AY492098	39321
5043	AY552157	233747
5043	AY552158	233746
5044	AY699625	291500
5044	AY699638	291510
5044	EU352222	493345
5044	EU352231	493354
5044	EU352237	493354
5045	AF239323	78786
5045	AY870072	310118
5045	AY870073	310119
5046	AY870104	310105
5047	AY936667	319566
5048	AY936698	301006
5048	AY936699	301006
5049	AY936650	212284
5049	AY936651	271538
5049	AY936652	319560
5049	AY936653	319561
5049	AY936746	319619
5050	AY936749	289688
5051	DQ153559	339900
5052	DQ209981	350185
5052	DQ210265	350185
5052	DQ210520	350185
5053	DQ210087	350130
5053	DQ210248	350132
5053	DQ210569	350130
5053	FJ565229	590355
5053	KP323286	1590552
5054	DQ210150	350158
5054	MZ736818	350158
5055	DQ210260	350235
5055	DQ210318	350235
5055	DQ210359	350235
5055	KP323339	1590583
5056	DQ210361	350745
5057	DQ210206	350206
5057	DQ210376	350410
5058	DQ277645	82213
5059	DQ385599	372406
5059	GU386449	372406
5059	PP133493	372406
5060	DQ414893	376021
5061	EU145349	86988
5061	EU145352	86988
5062	EU232630	53100
5062	KX931034	53091
5062	PV704828	3434079
5062	PV704829	53091
5063	EU331095	490641
5064	EU352220	493343
5065	EU352230	418179
5066	EU436870	341461
5066	JN634720	341461
5067	EU436879	519131
5068	EU436880	519196
5069	EU436885	519461
5070	EU436891	519197
5070	EU436892	245219
5070	EU436893	519153
5070	EU436894	519202
5071	EU436896	519171
5072	EU436898	245222
5073	EU436899	519186
5074	EU436902	245262
5074	FJ211171	245262
5075	EU436903	519117
5076	EU436919	245241
5077	EU436922	245252
5077	KC329484	245252
5078	EU436927	245249
5078	FJ211177	245249
5079	EU436933	519210
5079	EU436935	519127
5080	EU436956	519188
5081	EU436957	519172
5082	EU436962	519216
5082	EU436963	519206
5083	EU436954	519144
5083	EU436964	519201
5084	EU436965	519129
5085	EU436997	245256
5086	EU437011	519145
5086	EU437012	519135
5086	EU437013	245218
5086	EU437014	245240
5086	EU437015	519179
5086	EU437016	245236
5087	EU437021	519189
5087	EU437022	245272
5087	EU437023	245254
5087	FJ211166	519189
5087	FJ211167	568282
5087	FJ211168	245272
5087	KC329485	1305701
5088	EU437025	245228
5088	EU437026	245251
5088	EU437028	245246
5089	EU812823	545662
5090	EU812825	545664
5091	FJ439932	577036
5092	FJ439933	577035
5093	FJ784241	221166
5093	KF848298	221166
5093	KJ784582	221166
5094	GU220018	701107
5095	GU556640	687604
5096	GU556641	687605
5096	GU556672	687646
5097	GU556651	687614
5097	GU556656	687584
5097	GU556657	687623
5097	GU556660	687628
5097	HM018549	687626
5097	HM018554	78839
5097	HM041027	687599
5097	KC339536	1348780
5098	GU556658	687624
5098	GU556673	687647
5098	HM018555	687647
5099	GU556670	687641
5099	GU556671	687645
5100	GU556681	687657
5100	GU556682	687657
5101	HG004805	85288
5102	HG004856	1341698
5103	HM018546	687590
5103	HM041022	687590
5104	HM041011	38197
5104	HM041012	38197
5104	HM041013	38197
5104	HM041014	859522
5104	HM041015	859522
5104	HM041016	859522
5104	HM041017	859520
5104	HM041018	687615
5104	HM041019	687633
5105	HM106989	296043
5106	HM116967	795990
5106	HM116968	795991
5106	OR243949	151065
5106	OR243950	151065
5107	HM347024	391793
5108	HM854636	880506
5109	HQ665021	390703
5109	HQ665022	390703
5109	HQ665023	390703
5109	HQ665026	181252
5110	JF332115	992863
5111	JF332123	992862
5112	JQ306347	1164801
5112	KY988991	2016704
5112	KY988992	2016704
5113	JQ306361	1164681
5113	JQ306405	1164779
5113	JQ306406	1164779
5113	JQ306430	1164681
5113	KY084278	1164779
5114	JQ306377	1164715
5114	JQ306496	1164715
5115	JQ306411	1164714
5116	JQ306424	1164684
5116	JQ306425	1164684
5116	KC425732	1916275
5116	KY084281	1916275
5117	JQ306494	1164677
5118	JQ670926	283133
5119	JQ995344	125478
5119	JQ995354	1281862
5120	JX152668	212704
5121	JX862680	1296297
5122	JQ248882	1120451
5122	JQ248898	1050817
5122	KC200586	1174699
5122	KC200589	1174703
5122	KC200600	1120439
5122	KC200601	1120439
5122	KC200619	1174718
5122	KC200671	383634
5122	KC200672	383634
5122	KC200857	1120472
5122	KC200858	1120472
5122	KC200885	1174827
5122	KC200949	138029
5122	KC200950	138029
5122	KC200967	138034
5122	KC200998	1174861
5122	KC201047	1174880
5122	KC595999	694539
5122	KC955264	1300368
5122	KC955327	1469211
5122	KC955381	383634
5122	KC955401	880440
5122	KC955491	880440
5122	KC955501	383634
5122	KC955627	1469207
5122	KC955635	383634
5122	KC955639	1378437
5122	KC955677	205049
5122	KC955741	1174807
5123	KC435835	1345060
5123	KC435838	1345060
5123	KC435873	1345060
5124	KC955623	1174701
5125	KF154258	1399583
5126	KF154263	1399585
5126	KM594527	1585990
5127	KF747795	1499170
5127	KF747796	1499170
5128	KF747809	1499173
5129	KJ025066	662901
5130	KM051437	46147
5131	KP012457	1688754
5132	KP323323	1590577
5133	KP323353	350401
5134	KR816549	1688699
5134	KY084271	1916270
5134	KY084272	1916270
5135	KT338761	1127264
5135	KT338762	1127264
5135	KT338763	1127264
5136	KT825420	1732438
5136	KT825423	1632197
5136	KT825434	1732418
5136	KT825438	1632136
5136	KT825444	1632144
5136	KT825449	1632150
5136	KT825452	1632155
5136	KT825458	1732427
5136	KT825466	1732433
5136	KT825470	1632170
5136	KT825477	1732437
5137	KX016110	93670
5138	KX440964	1908544
5139	KX440965	1908545
5140	KY084273	1916271
5141	KY239261	163264
5142	KY239324	2058712
5142	KY239325	2026873
5143	KY306658	162927
5144	KY321103	321578
5144	KY321104	162737
5144	KY321105	162737
5145	KY584366	1620059
5146	KY657358	216017
5147	KY657359	240886
5148	KY968850	82091
5149	KY968936	887860
5149	MN257647	2600447
5149	MN257677	2600446
5149	MN257682	2600554
5150	KY968937	244509
5151	KY988961	1688746
5152	MF327245	78168
5153	MF695587	378910
5153	MF695588	2283198
5153	MK801518	378910
5153	MK801519	2283198
5154	MF987622	2082048
5154	MG906856	2082048
5155	MK184599	476979
5156	MK306368	125419
5157	MK306370	2502959
5158	MK306371	2502960
5159	KX954980	1197417
5159	MK945626	2582818
5159	OQ818193	1091133
5160	MN332343	2748444
5161	MN400760	2607615
5161	MN400761	2607615
5161	MN400762	2607613
5161	MN400763	2607613
5161	MN400764	2607616
5161	MN400765	2607616
5161	MN400766	221166
5161	MN400767	221166
5161	MN400768	221166
5161	MN400769	2053366
5161	MN400770	115629
5161	MN400771	115629
5161	MN400772	221166
5162	MN551480	2747859
5163	MT923309	240043
5163	PV900496	3559
5164	MZ366429	1233970
5164	MZ366431	186523
5165	MZ578149	2860764
5166	OM983508	2925019
5167	OR606639	3077279
5167	OR606640	3077279
5167	OR606641	3077279
5167	OR606642	3077279
5168	OR853879	3097710
5169	PP577839	3136935
5170	PQ474471	3373634
5171	OM311777	53084
5171	OM311778	53084
5171	PV704822	53084
5171	PV704823	53084
5172	PZ111859	29747
5172	PZ111860	29747
5173	AB762289	29683
5174	AF239360	125102
5175	AF262810	125421
5176	AF262854	125493
5176	MN551414	2747860
5177	AF262884	125458
5177	AF262885	125459
5177	JQ306349	125459
5177	JQ306350	1164746
5177	JQ306352	1164745
5177	KX686538	125459
5177	MN332390	125458
5178	AF262910	125537
5179	AF313028	165308
5180	AF313029	165310
5181	AF239394	125138
5181	AF350514	125138
5181	FJ565174	125138
5181	FJ565179	590756
5182	AF551739	46385
5182	KJ170230	257409
5182	KJ170231	82096
5182	KJ170232	265764
5182	KJ170233	105886
5183	AM158942	358206
5183	AM158943	160771
5184	AM404342	38726
5185	AY233310	226057
5185	AY233312	226058
5185	AY233316	226061
5186	AY699623	291498
5186	AY699637	98862
5186	AY699642	291498
5187	AY705894	294289
5187	AY705895	294290
5187	AY705896	294291
5187	AY705897	294292
5187	AY705898	294293
5187	AY705899	294294
5187	MN787126	4565
5187	MN787127	4565
5187	MW142526	2780505
5187	MW142531	2780503
5187	MW142534	2780503
5187	MW142537	2780503
5187	MW142541	129741
5187	MW142542	52152
5187	MW142543	52152
5187	MW142544	52152
5188	AY725463	293056
5188	AY830089	302002
5188	MH373430	296035
5189	AY725466	293059
5189	AY936712	293059
5189	KX946201	293059
5190	AY725468	260718
5190	AY936677	319572
5191	AY830088	302001
5191	AY936736	296035
5192	AF239326	125160
5192	AF350583	125160
5192	AY870031	310108
5192	AY870040	310164
5192	AY870041	310165
5192	AY870042	310165
5192	AY870043	310122
5192	AY870044	310123
5192	AY870045	310124
5192	AY870046	310121
5192	AY870048	310181
5192	AY870049	310182
5192	AY870050	310179
5192	AY870051	310177
5192	AY870052	310180
5192	AY870053	310178
5192	AY870054	310199
5192	AY870055	310198
5192	AY870056	310198
5192	AY870057	310200
5192	AY870058	310197
5192	AY870059	310201
5192	AY870060	310195
5192	AY870061	310193
5192	AY870062	310194
5192	AY870063	310140
5192	AY870064	310141
5193	AY870105	310106
5194	AY936655	319563
5194	OR606636	3077278
5194	OR606637	3077278
5194	OR606638	3077278
5195	AY936670	319567
5196	AY936673	319569
5197	AY936675	319570
5197	MH373429	319570
5198	AY936681	319576
5199	AY936696	319585
5200	AY936697	319586
5201	AY936700	319587
5202	AY936678	319573
5202	AY936710	319597
5202	AY936721	319603
5203	AY936722	319604
5204	AY936724	319606
5204	FR715993	910371
5205	AY936730	319610
5206	AY936731	319611
5207	DQ209997	78806
5207	DQ210056	350343
5207	DQ210178	78806
5207	DQ210215	78806
5207	DQ210237	78806
5207	DQ210409	350343
5207	DQ210411	78806
5207	DQ924387	78806
5207	DQ924398	78806
5207	GU177876	694408
5208	DQ209996	350340
5208	DQ210001	350194
5208	DQ210053	350347
5208	DQ210055	350154
5208	DQ210103	429160
5208	DQ210311	429160
5208	DQ210328	350340
5208	DQ210343	350194
5208	DQ210463	350347
5208	DQ210480	350721
5208	DQ210503	350347
5208	DQ210513	350194
5208	EU101459	350274
5209	DQ210012	350149
5210	AF239331	125142
5210	DQ209977	350259
5210	DQ209988	350165
5210	DQ209990	350324
5210	DQ209992	350204
5210	DQ210002	350732
5210	DQ210007	350339
5210	DQ210017	350738
5210	DQ210018	350368
5210	DQ210019	350162
5210	DQ210020	350203
5210	DQ210023	350362
5210	DQ210028	350383
5210	DQ210030	350384
5210	DQ210032	350244
5210	DQ210038	350293
5210	DQ210040	125142
5210	DQ210042	350751
5210	DQ210043	350363
5210	DQ210044	350176
5210	DQ210045	350309
5210	DQ210046	350169
5210	DQ210048	350741
5210	DQ210049	125142
5210	DQ210050	350162
5210	DQ210057	350368
5210	DQ210066	350140
5210	DQ210068	350143
5210	DQ210069	350147
5210	DQ210071	350388
5210	DQ210072	350368
5210	DQ210076	350379
5210	DQ210079	350223
5210	DQ210082	350145
5210	DQ210085	350382
5210	DQ210086	350317
5210	DQ210091	350204
5210	DQ210097	350182
5210	DQ210098	350199
5210	DQ210101	350384
5210	DQ210102	350396
5210	DQ210111	350260
5210	DQ210112	350324
5210	DQ210179	350374
5210	DQ210180	350165
5210	DQ210222	350339
5210	DQ210226	350317
5210	DQ210228	350236
5210	DQ210243	350269
5210	DQ210244	350382
5210	DQ210245	350374
5210	DQ210263	350179
5210	DQ210283	350396
5210	DQ210290	350204
5210	DQ210297	350236
5210	DQ210302	350324
5210	DQ210304	350363
5210	DQ210305	350165
5210	DQ210306	350391
5210	DQ210316	350297
5210	DQ210329	2714175
5210	DQ210377	350756
5210	DQ210383	429151
5210	DQ210412	350199
5210	DQ210419	350362
5210	DQ210420	350321
5210	DQ210421	350321
5210	DQ210422	350285
5210	DQ210424	350321
5210	DQ210425	350147
5210	DQ210426	350285
5210	DQ210428	350285
5210	DQ210436	350714
5210	DQ210438	350225
5210	DQ210441	350207
5210	DQ210442	350297
5210	DQ210443	350167
5210	DQ210445	350191
5210	DQ210446	350386
5210	DQ210448	350299
5210	DQ210449	350203
5210	DQ210450	125142
5210	DQ210452	350255
5210	DQ210456	350169
5210	DQ210457	350299
5210	DQ210458	350147
5210	DQ210460	350225
5210	DQ210462	350255
5210	DQ210468	350225
5210	DQ210469	350203
5210	DQ210470	350299
5210	DQ210475	350362
5210	DQ210477	350397
5210	DQ210481	350167
5210	DQ210482	350376
5210	DQ210484	350199
5210	DQ210485	350753
5210	DQ210491	350203
5210	DQ210493	350297
5210	DQ210495	350279
5210	DQ210506	350167
5210	DQ210524	350259
5210	DQ210527	350207
5210	DQ210539	350293
5210	DQ210540	350711
5210	DQ210541	350193
5210	DQ210542	350241
5210	DQ210554	350269
5210	DQ461785	381214
5210	DQ924388	350204
5210	KP323357	350258
5210	MZ736829	350258
5210	MZ736830	350258
5210	MZ736831	350324
5211	DQ210054	350150
5211	DQ210479	350150
5211	DQ210512	350150
5212	DQ210064	350133
5212	DQ210065	350322
5212	DQ210096	350275
5212	DQ210147	350261
5212	DQ210253	350205
5212	DQ210256	350181
5212	DQ210357	350152
5212	DQ210358	350338
5212	DQ210373	350338
5212	DQ210380	350338
5212	DQ210401	350707
5212	DQ210404	350152
5212	DQ210538	350372
5212	DQ210555	350152
5212	DQ924397	350334
5212	DQ924399	350338
5212	DQ924412	405355
5212	MZ736834	350261
5212	MZ736835	350261
5212	MZ736837	350261
5213	DQ210094	350758
5213	DQ210095	350759
5213	DQ210406	350354
5213	DQ461792	350354
5214	DQ210099	350345
5214	DQ210242	350151
5214	DQ210483	429166
5214	DQ210515	400241
5215	DQ210144	350323
5215	DQ210186	350306
5215	DQ210240	350735
5215	DQ210255	350385
5215	DQ210563	350385
5215	DQ210567	350385
5215	GU177873	694409
5216	DQ210148	245492
5216	DQ210219	245492
5216	KP323273	245492
5216	KP323274	245492
5216	KP323298	245492
5216	KP323299	245492
5216	KP323338	245492
5216	KP323342	245492
5216	MZ736841	245492
5217	DQ210233	350161
5217	DQ210277	350161
5217	DQ210386	350161
5217	DQ210478	350161
5217	DQ210517	350161
5217	KP323315	350161
5218	DQ210334	350268
5219	DQ210340	350398
5220	DQ210345	350268
5220	DQ210414	350144
5220	DQ461795	381210
5220	DQ924394	405352
5221	DQ210363	350272
5221	DQ210562	350272
5222	DQ210391	350748
5222	DQ210516	350369
5222	DQ210544	350719
5223	DQ210398	350402
5224	DQ210339	350334
5224	DQ210417	350334
5224	DQ210490	350334
5225	DQ210510	350278
5225	DQ210564	429156
5225	KP323271	1590557
5225	KP323326	1590554
5226	AY552528	4081
5226	DQ314157	4081
5226	KF668233	4081
5227	DQ385605	372412
5228	DQ210070	350348
5228	DQ210104	350350
5228	DQ210116	350350
5228	DQ210214	350139
5228	DQ210393	78744
5228	DQ210399	350145
5228	DQ210467	350139
5228	DQ210535	350145
5228	DQ210571	350289
5228	DQ461793	381203
5228	DQ461796	381212
5228	DQ461797	381204
5228	DQ461799	381205
5228	MZ736840	350326
5229	EF095734	428681
5230	EU145377	43537
5230	EU145378	484846
5230	MN382131	2606443
5230	MN382132	2606443
5230	OQ429027	3027945
5230	OQ449440	1891702
5230	OQ449441	1891702
5230	OQ449456	43537
5230	OQ449457	43537
5230	OQ449502	43537
5230	OQ449566	43537
5230	OQ449568	43537
5230	OQ451564	3028923
5230	OQ451566	3028938
5230	OQ451567	3028924
5230	OQ451571	3028930
5230	OQ451573	3028921
5230	OQ451575	3028924
5230	OQ451578	3028936
5230	OQ451581	3028932
5230	OQ451582	3028933
5230	OQ451583	459582
5230	OQ451584	3028932
5231	EU145380	83606
5232	EU436878	519191
5232	JN634750	519191
5233	EU436888	245225
5233	EU436889	519178
5233	EU436890	519176
5234	EU436906	519166
5235	EU436907	245260
5236	EU436908	519132
5237	EU436930	245226
5238	EU436931	519136
5239	EU436947	245217
5239	EU436948	519462
5240	EU436950	245224
5241	EU436955	519214
5242	EU436982	519121
5242	EU436983	245266
5242	EU436984	519193
5242	EU436985	245223
5242	EU436986	245270
5242	EU436987	519195
5242	EU436988	245234
5242	EU436989	245271
5242	EU436990	245227
5242	EU436991	519164
5242	EU436993	519180
5242	EU436996	245267
5243	EU437017	245212
5244	EU437018	519168
5244	EU437019	519190
5244	EU437020	519158
5245	EU812824	545663
5246	EU912024	349368
5246	EU912025	349368
5246	EU912026	552642
5246	EU912029	552643
5246	EU912030	349368
5246	EU912038	327980
5246	EU912055	552655
5246	EU912056	319178
5246	EU912057	552656
5246	EU912058	319178
5246	EU912060	319178
5246	EU912061	319178
5246	EU912062	552645
5246	EU912063	552655
5246	EU912064	552655
5247	EU912045	391250
5247	EU912046	391250
5247	EU912047	391250
5247	EU912053	552654
5247	EU912084	173660
5247	EU912085	173660
5247	EU912086	391250
5247	EU912087	173660
5248	EU912065	552655
5248	EU912067	552655
5248	EU912068	552655
5248	EU912069	552655
5248	EU912076	363530
5249	FJ794688	273542
5250	GU220010	450044
5251	GU556666	426932
5252	HG004870	427660
5253	HG004885	429545
5254	JF332088	992837
5254	JF332091	992875
5255	JF332111	181198
5256	AF262862	125481
5256	AF262863	125481
5256	JF934817	125481
5256	KC425783	125481
5256	KC425793	1413740
5256	KF747791	1499168
5256	KF747812	1413740
5256	KF747825	1545985
5256	KF747826	1545985
5256	KF747827	1545985
5257	JN634721	1087064
5257	JN634723	1132061
5257	JN634732	1132069
5257	JN634737	1132076
5257	JN634741	1132078
5258	JQ248889	138027
5258	KC200927	138027
5258	KC200928	138027
5258	KC200958	138031
5258	KC955667	1174752
5259	JQ306337	1053618
5260	AF262849	125507
5260	AF275688	128920
5260	JQ306353	1164689
5260	JQ306367	1164683
5260	JQ306368	1164718
5260	JQ306369	1164690
5260	JQ306374	589416
5260	JQ306438	1164709
5260	JQ306447	589416
5260	JQ306448	1164689
5260	JQ306449	1164698
5260	JQ306450	1164696
5260	JQ306451	1164700
5260	JQ306452	1164712
5260	JQ306466	1164703
5261	JQ306380	1164740
5261	JQ306381	1164739
5261	KF747776	1413720
5261	MN332379	125409
5261	MN332380	2706257
5262	JQ306389	1164790
5263	JQ306495	1164719
5264	JQ995332	1164754
5264	MN551437	1164754
5264	MN551460	2747830
5265	JX152663	149652
5266	JX862601	1296309
5267	JX862616	1296293
5268	KC425754	1414697
5268	KC425755	1414698
5269	KC201155	1174915
5269	KC955340	1280824
5269	KC955341	1280824
5269	KC955388	1120462
5269	KC955394	1120446
5269	KC955395	1120446
5269	KC955396	1174771
5269	KC955397	1174771
5269	KC955446	1378385
5269	KC955488	1174771
5269	KC955489	1174771
5269	KC955508	1120446
5269	KC955509	1120446
5269	KC955510	1120462
5269	KC955561	1280824
5269	KC955562	1280824
5269	KC955563	1280824
5269	KC955564	1378404
5269	KC955729	1174771
5269	KC955744	1280824
5269	KC955763	1280824
5269	KC955764	1280824
5269	KC955765	1280824
5269	KC955766	1280824
5269	KC955767	1280824
5269	KC955769	1280824
5270	KF154262	245217
5271	KF704990	1406750
5271	KF704995	1406727
5272	KJ411668	1582182
5273	KM051445	103484
5274	KP012492	1688740
5274	KY988928	2016644
5275	DQ210213	350246
5275	DQ210234	350404
5275	KP323285	350401
5276	KU720157	1891661
5277	KX073461	59180
5278	KX073462	1936275
5279	KX440960	245226
5280	KX440966	1908543
5281	KX440967	1908546
5282	KX686909	288367
5282	KX686910	1980152
5283	KX686911	798303
5283	KX686912	798302
5283	KX686913	798302
5283	KX686914	1056488
5283	KX686917	798304
5284	KX786512	2231822
5285	KX873131	222563
5285	KX873132	446913
5285	KX873133	446913
5286	KX931037	299272
5286	PV704818	299272
5286	PV704819	299272
5287	KY239260	2058673
5288	KY523255	2082893
5288	KY523265	386254
5288	KY523266	386254
5288	KY523274	2082892
5289	KY523280	2082888
5289	KY523281	2082890
5289	KY523282	2082899
5289	KY523288	418483
5289	KY523290	418468
5289	KY523300	418472
5289	KY523301	418473
5289	KY523302	2082906
5289	KY523303	2082906
5289	KY523304	2082906
5289	KY523305	2082906
5289	KY523306	2082906
5289	KY523307	2082907
5289	KY523308	2082906
5289	KY523309	2082906
5289	KY523310	418475
5289	KY523311	418475
5289	KY523312	418475
5289	KY523314	519340
5289	KY523315	519340
5289	KY523316	519340
5289	KY523317	2082901
5289	KY523318	2082901
5289	KY523319	2082901
5289	MF893315	2421477
5289	MF893317	2421477
5289	MG680626	418473
5290	KY968949	160577
5291	MF695592	2283200
5291	MF695593	2283200
5292	MH710720	2291161
5292	MH711004	1413702
5292	MZ366414	2795219
5292	MZ366415	470270
5292	MZ366416	2844923
5292	MZ366417	470572
5292	MZ366419	2021133
5292	MZ366421	2844926
5292	MZ366425	1118007
5292	MZ366426	1114882
5293	MK341341	1701025
5294	MK450367	449980
5294	MK450368	449980
5294	MK450369	449980
5294	MK450370	449980
5294	MK450371	449980
5294	MK450372	449980
5294	MK450373	449980
5294	MK450374	449980
5294	MK450375	449980
5294	MK450376	449980
5294	MK450377	449980
5294	MK450378	449980
5294	MK450379	449980
5294	MK450380	449980
5294	MK450381	449980
5294	MK450382	449980
5294	MK450383	449980
5294	MK450384	449980
5294	MK450385	449980
5294	MK450386	449980
5294	MK450387	449980
5294	MK450388	449980
5294	MK450389	449980
5294	MK450390	449980
5294	MK450391	449980
5294	MK450392	449980
5294	MK450393	449980
5294	MK450394	449980
5294	MK450395	449980
5294	MK450396	449980
5294	MK450397	449980
5294	MK450398	449980
5294	MK450399	449980
5294	MK450400	449980
5294	MK450401	449980
5294	MK450402	449980
5294	MK450403	449980
5294	MK450404	449980
5294	MK450405	449980
5294	MK450406	449980
5294	MK450407	449980
5294	MK450408	449980
5294	MK450409	449980
5294	MK450410	449980
5295	MN197548	912398
5295	MW487236	140796
5295	MZ617456	234465
5296	MN264658	2601733
5297	MN332402	426933
5298	MN825197	1127034
5298	MN825198	1127034
5298	MN825199	1127034
5298	MN825200	1127034
5298	MN825201	1127034
5298	MN825749	264534
5298	MN825840	264536
5298	MN825841	264536
5298	MN825842	264536
5298	MN826018	993649
5299	MT023901	2590693
5300	MT023937	2803578
5300	MT023951	109220
5301	MT276669	85353
5301	MT276670	85353
5301	MT276671	85353
5301	MT276672	85353
5301	MT276673	85353
5301	MT276674	85353
5301	MT276675	85353
5301	MT276676	85353
5301	MT276677	85353
5301	MT276678	85353
5301	MT276679	85353
5301	MT276680	4052
5301	MT276681	4052
5301	MT276682	4052
5301	MT276683	85353
5301	MT276684	85353
5301	MT276685	4052
5301	MT276686	4052
5301	MT276687	4052
5301	MT276688	4052
5301	MT276689	4052
5301	MT276690	4052
5302	MW487230	110297
5302	MW487232	669671
5303	AF239334	125085
5303	AF239335	125086
5303	AF239336	125084
5303	AY063417	182187
5303	AY063419	182189
5303	AY063420	182190
5303	AY063421	182191
5303	AY063422	182192
5303	AY063423	182193
5303	AY063424	182194
5303	AY063425	182195
5303	AY063426	182196
5303	AY063427	182197
5303	AY063428	182198
5303	DQ210217	125085
5303	DQ210235	182189
5303	MZ736804	182196
5303	MZ736805	182196
5303	MZ736808	125085
5303	MZ736809	125085
5303	MZ736810	125085
5303	MZ736811	182194
5303	MZ736812	182194
5303	MZ736813	182194
5303	MZ736814	182189
5303	MZ736815	182189
5303	MZ736816	182189
5304	OK157391	2876138
5305	OQ449629	2599705
5305	OQ449636	2599705
5305	OQ449641	2599706
5305	OQ449642	792591
5305	OQ449643	792591
5305	OQ458739	3028815
5306	OQ451565	3028926
5306	OQ451568	3028931
5306	OQ451574	3028922
5306	OQ451579	3028931
5307	OR484621	3071839
5308	OR531481	1457504
5309	OR594042	3076089
5310	OR853886	3097762
5310	OR853888	3097762
5310	OR853922	1245676
5310	OR853969	3097757
5310	OR854092	3097730
5310	PP768829	751731
5310	PP768830	3097719
5310	PP768831	3097719
5310	PP768832	883147
5310	PP768833	883147
5310	PP768834	883147
5310	PV986620	1245676
5310	PV986623	1245676
5310	PV986661	1697077
5310	PV986718	3451535
5310	PV986720	3451536
5310	PV986721	3451536
5310	PV986734	3451538
5310	PV986735	3451538
5310	PV986736	3451538
5310	PV986752	3451540
5310	PV986817	1697079
5310	PV986821	883145
5310	PV986878	883146
5311	OR853945	1245686
5311	OR854042	3097724
5311	OR854128	160565
5311	OR854129	160565
5311	OR854130	160565
5311	OR854131	160565
5311	OR854132	160565
5311	OR854133	160565
5311	OR854134	160565
5311	OR854135	160565
5311	OR854136	160565
5311	OR854137	160565
5311	OR854138	160565
5311	OR854140	160565
5311	OR854141	160565
5311	OR854142	160565
5311	OR854143	160565
5311	OR854144	160565
5311	OR854147	160565
5311	OR854149	160565
5311	OR854226	3097741
5311	PP768835	1697095
5311	PP768836	1697095
5312	PP577810	1763429
5312	PP577812	1763485
5312	PP577829	1954697
5312	PP577838	1763431
5313	PQ777271	2992076
5313	PQ777272	2992069
5314	PQ777276	3387559
5315	PV704810	53066
5315	PV704830	450998
5315	PV704831	450998
5315	PV704832	450998
5315	PV938553	450998
5316	PV704824	53081
5316	PV704825	53081
5316	PV704826	53081
5316	PV704827	53106
5316	PV938554	53081
5317	PV786062	223085
5318	PV829565	49369
5319	HQ608195	213599
5319	HQ608199	213599
5319	HQ608201	213599
5319	HQ608203	929723
5319	HQ608205	929724
5319	HQ608212	519316
5319	HQ608221	213599
5319	PX069522	929724
5319	PX069524	387127
5319	PX069528	929739
5320	PZ294805	161067
5320	PZ294828	161067
5321	AB593596	234021
5321	AB593680	906879
5321	AB847649	1391410
5322	AF239338	125201
5322	AF239339	125202
5322	AF239340	125200
5322	DQ210160	350767
5322	DQ210218	350419
5322	DQ210254	125200
5322	DQ210499	125200
5322	KX434447	256377
5322	MZ736848	350418
5322	MZ736849	256377
5323	AF262792	125425
5323	DQ923764	125425
5324	AF262817	125542
5324	AF262818	125544
5324	AF262820	125545
5324	KC425767	125545
5325	AF262825	125410
5325	EF079367	426893
5326	AF262832	125475
5326	AF262837	125495
5326	AF262875	125502
5326	JQ995336	1281851
5326	JQ995337	1281851
5326	KC425761	1413727
5326	KY988930	2016646
5326	KY988931	2016647
5326	KY988935	125476
5326	KY988941	159931
5326	KY988955	2016665
5326	KY988956	2016665
5326	MN332398	2748461
5326	MN332399	125495
5326	MN513334	2650669
5326	MN551476	2747836
5327	AF262865	125381
5328	AF313033	2769828
5329	AF350542	154713
5329	AF350543	154712
5329	AF350544	154716
5329	FJ565318	590321
5329	FJ565331	590316
5329	FJ565491	588017
5329	FJ565492	590564
5330	AF350807	154938
5330	AF350823	154921
5330	FJ565297	154938
5330	FJ565355	590289
5330	FJ565618	154921
5331	AF350878	154941
5331	AF432980	154941
5331	FJ565628	590300
5332	AF551738	214209
5333	AJ783633	176857
5333	AJ783635	176858
5333	AJ783637	176866
5334	AY233309	226056
5335	AY233313	226059
5335	AY233314	226059
5335	AY233315	226060
5335	AY233317	226062
5335	AY233319	226063
5335	MH711816	43067
5336	AY233320	226064
5336	AY233321	226064
5336	AY233322	226064
5336	AY233323	45211
5336	AY233328	226065
5336	AY233329	226066
5336	AY233330	226066
5336	AY233331	226066
5336	AY271912	45211
5336	AY271913	45211
5336	AY271914	45211
5336	AY271915	201026
5336	AY271916	201026
5336	AY271917	229542
5336	AY271920	44686
5336	AY271923	226066
5336	AY271924	106132
5336	KF727964	4054
5336	KF727965	4054
5336	KF727966	4054
5336	KF727967	4054
5336	KF727968	4054
5336	KF727969	4054
5336	KF727970	4054
5336	KF727971	4054
5336	KF727972	4054
5336	KF727973	4054
5336	KF727974	4054
5336	KF727975	4054
5336	MW741818	106132
5336	MW741819	2797073
5337	AY256899	228393
5337	MH711151	228393
5338	AY271919	44586
5339	AY271921	44682
5339	AY271922	44682
5340	AY699612	291487
5340	AY699613	291488
5340	AY699614	291489
5340	AY699615	291490
5340	AY699616	291491
5340	AY699617	291492
5340	AY699618	291493
5340	AY699622	291497
5340	AY699628	291502
5340	AY699629	291503
5340	AY699630	291504
5340	AY699631	291505
5340	AY699632	291506
5340	AY699633	291507
5340	AY699634	291972
5340	AY699635	291508
5340	AY699636	291509
5340	AY699641	291512
5340	AY699644	291514
5340	EU331110	490644
5340	EU331111	490644
5340	EU331112	490644
5340	EU331113	490645
5340	EU331114	490645
5340	EU331115	490646
5340	EU331116	490646
5340	EU352219	493342
5340	EU352221	493344
5340	EU352223	291497
5340	EU352226	493348
5340	EU352228	493352
5340	EU352229	493353
5340	EU352232	493355
5340	EU352236	493351
5340	EU352238	493357
5341	AY699627	291501
5342	AY699639	291511
5343	AY752477	175500
5343	AY752479	296614
5344	AY842254	296047
5345	AY870012	310125
5345	AY870013	310128
5345	AY870015	310126
5346	AY870074	310162
5346	AY870075	310162
5346	AY870076	310161
5347	AY870099	310184
5347	AY870100	163285
5347	AY870101	310183
5348	AY936676	319571
5348	AY936723	319605
5348	AY936728	296037
5348	GU477715	2708498
5348	GU477716	2708498
5348	GU477717	2708498
5348	GU477718	296037
5348	GU477719	296037
5348	GU477720	296037
5348	GU477721	296037
5348	GU477722	296037
5349	AY936680	319575
5350	AY936694	319583
5351	AY936695	319584
5352	AY936703	287983
5352	AY936704	287983
5352	AY936706	319591
5353	AY936708	319594
5354	AY936711	319598
5354	HM106990	296038
5354	HM106991	860432
5355	AY936719	319601
5355	AY936725	301008
5356	AY936735	296035
5357	AY936737	319614
5358	AY936742	212319
5359	DQ210022	350210
5359	DQ210033	350210
5359	DQ210314	350210
5359	DQ210473	350210
5359	DQ210530	350210
5360	DQ210151	350221
5360	DQ210389	350221
5360	KP323282	350221
5360	KX822793	350221
5361	DQ209986	350197
5361	DQ210410	350197
5362	DQ385563	110279
5362	DQ385565	372384
5363	DQ385564	372383
5364	DQ385566	372385
5365	DQ414865	62843
5366	DQ414872	175381
5367	DQ461787	381213
5368	EU145354	61948
5369	EU145381	484849
5370	EU352218	493341
5370	EU352227	493349
5370	EU352233	493356
5370	EU352234	493347
5371	EU436875	245239
5371	EU436876	519456
5371	EU436877	519207
5371	FJ410328	519208
5372	EU436901	245245
5373	EU436924	245231
5373	EU436926	519458
5373	FJ211169	568281
5373	FJ211172	568279
5373	FJ211173	245231
5373	FJ211174	245231
5373	FJ211175	245231
5374	EU441207	506638
5374	EU441209	506638
5375	EU792342	368345
5376	EU792364	388729
5376	KX872931	388729
5377	EU812838	202787
5378	FJ037796	597407
5379	FJ037857	336032
5380	FJ565283	590322
5381	FJ794667	273568
5382	GQ863232	701256
5382	GQ863236	701256
5382	GQ863237	28948
5382	GQ863242	28948
5382	JN247412	28942
5382	KP698825	28942
5382	KP698826	28942
5382	KP698827	1678530
5382	KP698828	1678530
5382	KP698829	1678531
5382	KP698830	1678531
5382	KP698831	28948
5382	KP698832	28948
5382	KP698833	28948
5382	KP698834	28948
5382	KP698835	28948
5382	KP698836	28948
5382	KP698837	28948
5382	KP698838	28948
5382	KP698839	28948
5382	KP698840	28948
5382	KP698841	28948
5382	KP698842	28948
5382	KP698843	28948
5382	KP698844	28948
5382	KP698845	701256
5382	MT548763	1678531
5382	MT548764	1678531
5382	MT548765	1678531
5382	MT548766	1678531
5382	MT548767	1678531
5382	MT548768	1678531
5383	GU477723	296037
5383	HM106987	296037
5384	HM042473	887273
5385	HM042474	887275
5386	HM347011	48734
5387	HM347012	1035926
5388	HM347030	208290
5389	HM347036	110877
5390	HM854638	880517
5391	JF332076	303155
5392	JF934810	1053649
5392	JF934812	1053674
5392	JQ995341	1053649
5392	KC425741	1281891
5393	JQ762398	1176424
5394	JX862605	1296286
5394	JX862610	1296286
5394	JX862611	1296286
5395	KC200790	694540
5396	KC425742	1413716
5397	KC425743	1413717
5398	AF262821	125469
5398	KC425751	1413723
5398	KC425756	1414699
5398	KC425759	125469
5398	KF747787	125469
5399	KC425760	1413726
5400	KC425763	1413729
5400	KF747788	1413729
5401	KC425810	1413750
5401	KC425825	1413750
5401	KF747843	1499177
5402	KC435844	1345061
5402	KC435867	495758
5403	KC200722	138514
5403	KC200723	1174756
5403	KC200742	1174765
5403	KC200801	1174785
5403	KC200817	1174792
5403	KC200818	1174793
5403	KC200828	1174795
5403	KC200908	138517
5403	KC201093	1280826
5403	KC596001	1120442
5403	KC955269	1173642
5403	KC955473	1378399
5403	KC955484	1378418
5403	KC955485	1378418
5403	KC955486	1378418
5403	KC955541	1469224
5403	KC955542	1469224
5403	KC955551	224085
5403	KC955644	1174851
5403	KC955662	205021
5403	KC955665	205021
5403	KC955666	205021
5403	KC955675	1174767
5403	KC955723	1174841
5403	KC955725	1174785
5403	KC955733	1174785
5403	KC955760	1173642
5403	KC955761	1173642
5403	OQ099814	3015822
5403	OQ099824	3015847
5404	KC955641	3083470
5404	KC955642	1378429
5404	KC955648	1378427
5405	KF704978	1406741
5405	KF704992	1406752
5406	KF747778	1499156
5407	KF747785	1195653
5408	KM051458	29655
5409	KP012493	1688741
5410	DQ209979	350337
5410	KP323332	1590584
5411	KR816546	493945
5411	KY084274	493945
5411	KY084279	1916274
5411	KY084280	1916274
5412	AF262853	125497
5412	KR816551	1688700
5413	KT634250	1803869
5414	KX057870	157649
5414	MT023934	2708827
5415	KX073460	1936290
5415	MT923471	183557
5416	KX786511	2025442
5417	KX872926	464093
5417	KX872927	464093
5417	KX872929	29661
5417	KX872930	29661
5418	KY084285	1916276
5419	KY214962	1932196
5419	KY214967	1932201
5419	KY214990	1932219
5419	KY215021	101709
5419	KY215022	101709
5419	KY215045	1932255
5419	KY215062	330171
5419	KY215099	1274810
5419	KY215106	1932295
5420	KY239251	2058698
5421	KY584371	482945
5421	MZ366407	80863
5422	KY657357	2834071
5423	KY968910	293060
5424	KY988820	2016556
5425	MF353608	2231814
5426	MF543759	241197
5426	MF543760	241197
5427	MG323915	883802
5428	MG523316	315440
5429	MH373431	2202777
5430	MH710987	77057
5430	MH710996	77057
5431	MK514306	285846
5432	MK703796	2721778
5433	MK945645	634088
5434	MN186839	472446
5435	MT152902	2748309
5436	MZ409454	2849218
5437	MZ578145	1799587
5437	MZ578146	1799587
5438	OK560687	241205
5439	OL442775	2291104
5440	OQ786056	2508690
5441	OR397939	426893
5442	OR853898	1697074
5442	PV986420	1697084
5443	OR854125	3097734
5443	OR854126	3097734
5443	OR854179	1697106
5443	PV986188	3097739
5443	PV986189	3097739
5443	PV986285	751727
5443	PV987159	751726
5444	PQ351917	3349342
5445	PQ777247	2709768
5446	AY936702	319589
5446	PQ777248	2992075
5447	PV090942	379295
5447	PV090946	379295
5448	PV901377	29695
5449	PV986385	3097747
5450	HQ608206	387127
5450	HQ608207	387127
5450	HQ608208	929742
5450	HQ608210	929742
5450	PX069525	387127
5451	PZ294665	208278
5452	PZ294803	110881
5453	AF239333	125081
5453	KX434448	1867935
5453	KX434451	1867935
5453	MZ736832	1867935
5454	AF239328	125172
5454	AF239337	125168
5454	AY870110	125168
5454	DQ210394	350417
5454	FJ565493	588051
5454	KX434449	182199
5454	KX434450	182200
5454	MZ736845	2867009
5454	MZ736846	2867009
5455	AF239344	125101
5455	AF239345	125141
5455	AF239347	125158
5456	AF239358	125114
5457	AF262758	125396
5457	AF262759	125399
5457	AF262760	125395
5457	AF262761	125402
5457	AF262762	125394
5457	AF262763	125400
5457	AF262764	125401
5457	AF262765	125393
5457	AF262766	125397
5457	AF262767	125398
5457	AF262768	125403
5458	AF262769	125452
5458	AF262770	125428
5458	AF262772	125423
5458	AF262774	125430
5458	AF262789	125431
5458	AF262791	125448
5458	AF262793	125449
5458	AF262795	125434
5458	AF262796	125439
5458	AF262798	125437
5458	DQ923785	413453
5458	DQ923790	413451
5459	AF262835	125508
5460	AF262859	78832
5460	KC425811	1413751
5460	KC425814	1413755
5460	KC425818	1413758
5460	KC425819	1413758
5460	KC425820	1413758
5460	KC425828	1413763
5460	KC425829	1413763
5460	KC425830	1413763
5460	KF747810	78832
5460	KF747819	1413755
5460	KF747820	1413755
5460	KP012456	1688753
5460	KY988970	2016693
5461	AF485224	199995
5462	AF515209	202408
5463	AF551730	46421
5463	AF551731	214211
5463	AF551732	214214
5463	AF551733	214213
5463	AF551734	46421
5463	AF551735	46421
5464	AJ242115	93280
5465	AM404340	318962
5466	AY271918	44685
5467	AY699610	291485
5467	MN736447	291485
5467	MW487227	241237
5468	AY725465	293058
5468	AY936686	293058
5469	AY830087	296036
5469	AY936689	296036
5469	PQ460257	296036
5470	AY870014	310135
5470	AY870065	310130
5470	AY870066	310136
5470	AY870067	310138
5470	AY870068	310137
5470	AY870069	310134
5470	AY870070	310138
5470	AY870071	310131
5471	AF239321	125199
5471	AY870083	310203
5471	AY870084	310204
5471	KF938586	1465747
5472	AY870102	78792
5473	AY936662	319135
5474	AY725467	293060
5474	AY936668	293060
5474	AY936669	293060
5474	MH373400	293060
5474	MH373401	293060
5474	MH373402	293060
5474	MH373403	293060
5474	MH373404	293060
5474	MH373405	293060
5474	MH373406	293060
5474	MH373407	293060
5474	MH373408	293060
5474	MH373409	293060
5474	MH373410	293060
5474	MH373411	293060
5474	MH373412	293060
5474	MH373413	293060
5475	AY936671	319568
5476	AY936679	319574
5476	AY936685	319579
5476	AY936688	319581
5476	AY936709	319595
5476	AY936717	319599
5476	AY936718	319600
5476	AY936741	319617
5477	AY936683	319578
5477	PQ777270	319578
5478	AY936720	319602
5479	AY936732	319612
5480	AY936743	300956
5481	AY936750	283151
5482	DQ153516	339943
5482	DQ153517	49387
5482	FR832867	992894
5482	FR832868	992893
5483	DQ210016	350712
5483	DQ210084	350329
5483	DQ210106	350357
5483	DQ210108	350237
5483	DQ210113	350187
5483	DQ210115	350265
5483	DQ210118	350357
5483	DQ210154	350237
5483	DQ210156	112614
5483	DQ210158	350389
5483	DQ210159	350335
5483	DQ210173	350328
5483	DQ210188	350195
5483	DQ210190	350329
5483	DQ210205	350389
5483	DQ210294	350335
5483	DQ210312	350237
5483	DQ210313	350328
5483	DQ210522	350329
5483	DQ210548	350307
5483	DQ924384	350187
5483	DQ924386	350195
5483	DQ924393	112614
5483	DQ924411	350389
5483	MZ736819	350328
5483	MZ736820	350328
5483	MZ736821	350335
5483	MZ736823	350335
5483	MZ736824	350389
5483	MZ736825	350389
5483	MZ736826	350389
5483	MZ736827	350389
5483	MZ736828	350389
5483	OM925901	350329
5484	DQ210089	429165
5484	DQ210371	350406
5484	DQ210375	429165
5484	DQ210384	350406
5485	DQ210157	350378
5485	DQ210175	350378
5485	DQ210193	350317
5485	DQ461800	350378
5485	MZ736833	350378
5486	DQ210231	350392
5486	DQ210466	350392
5487	DQ210352	350718
5488	AF239409	125115
5488	AF239410	125115
5488	DQ210374	78769
5488	DQ461788	78769
5489	DQ210416	350120
5490	DQ209991	350192
5490	DQ210041	350192
5490	DQ210526	350361
5490	DQ924404	350361
5491	DQ385557	140581
5492	DQ414860	376004
5492	DQ414861	175351
5492	DQ414862	175353
5493	DQ985619	119871
5494	EF079365	426940
5494	KC425764	1413730
5494	KC425766	1414700
5495	EF095735	428688
5496	AF239319	125110
5496	AF350584	125110
5496	EU123556	481954
5496	EU123557	481954
5496	EU123561	481957
5496	EU123575	481965
5496	EU123576	481965
5496	EU123583	481969
5497	EU498140	511773
5498	EU498152	511782
5499	EU498138	511772
5499	EU498139	511772
5499	EU498148	511778
5499	EU498149	511778
5499	EU498153	511783
5500	EU498159	78757
5501	EU498161	78838
5502	EU498165	511790
5503	EU792332	311549
5504	EU792388	202404
5504	EU792389	269366
5504	EU792390	87701
5505	EU912027	327977
5505	EU912028	327977
5506	EU912036	328661
5506	EU912037	328661
5507	EU912048	344606
5507	EU912049	344606
5508	EU912070	1119041
5508	EU912071	1119041
5508	EU912072	1119041
5508	EU912073	1119041
5509	EU912074	379517
5510	FJ565180	154941
5511	FJ565198	588014
5512	FJ565373	154941
5513	FJ605223	1817788
5514	FJ794615	690422
5514	FJ794616	690421
5515	FM986458	591034
5516	FM986459	591043
5517	GQ889053	174560
5518	HM042469	477806
5518	HM042477	477776
5519	HM042485	564783
5519	HM042487	564780
5519	HM042490	887323
5519	HM042495	887266
5520	HM347013	1035928
5521	HQ608197	213599
5521	HQ608204	929723
5521	HQ608209	929742
5521	HQ608211	519317
5521	HQ608214	929731
5521	HQ608215	929731
5521	HQ608216	929731
5522	HQ608213	929729
5522	HQ608218	386151
5522	HQ608220	328384
5523	JF332104	222082
5524	JN634751	1084514
5525	JQ067153	1132257
5525	JQ067310	1132257
5526	JQ306464	1164785
5526	JQ306465	1164785
5526	MN551436	2747845
5527	JQ306486	1164741
5528	JQ306488	1164761
5529	JX862568	1296284
5529	JX862579	1296296
5529	JX862597	1296275
5529	JX862639	1296284
5529	KC435847	1345053
5529	KC435848	1345054
5529	KC435861	1345052
5529	KC435866	1345050
5529	KC435878	1345059
5530	JX862599	1296275
5530	JX862602	1296275
5530	KC435875	1345065
5531	KC200575	1174691
5531	KC200661	1280787
5531	KC200813	1174789
5531	KC200841	138516
5531	KC201049	1174881
5531	KC955454	1378372
5531	KC955480	1378410
5532	KC201142	1174912
5533	KC425749	1413722
5533	KC425757	125469
5533	KC425758	125469
5534	KC425765	125544
5534	KF747833	1499163
5534	KP012459	1688748
5534	KP012460	1688749
5534	MN332405	1688749
5535	KC425768	494521
5535	KF747790	494521
5536	KC425772	1413733
5537	AF262873	125479
5537	KC425773	125474
5537	KC425774	125474
5537	KC425778	1546009
5537	KC425779	1546009
5537	KC425780	1546010
5537	KC425821	1413759
5537	KF747800	1499167
5538	KC425777	1413736
5538	KC425805	1413748
5538	KC425807	1413749
5539	KC425785	125517
5540	KC425801	1413744
5540	KC425802	1413744
5541	KC425806	125496
5541	KC425831	1413764
5542	KC425812	1413754
5542	KC425813	1413754
5543	KC425822	1413760
5544	KC425823	1413762
5545	JX862593	1296289
5545	JX862595	1296279
5545	JX862630	1296279
5545	JX862666	1296303
5545	JX862675	1296303
5545	JX862676	1296303
5545	KC435832	1345056
5545	KC435833	1345056
5545	KC435869	1296303
5546	KC539574	29740
5546	KC539576	24736
5546	KC539578	102693
5546	KC539586	63058
5546	MH710803	1297873
5546	MT117113	29740
5546	MT117133	102693
5547	KC539577	1428768
5547	KC539590	1428768
5548	JQ248890	1173654
5548	KC200583	1173628
5548	KC200584	1173628
5548	KC200631	205026
5548	KC955577	694555
5549	KC200603	1174709
5549	KC200793	1174777
5549	KC200862	1174811
5549	KC955530	1378363
5549	KC955598	1378381
5549	KC955614	1478087
5549	KC955615	138035
5549	KC955631	1280775
5549	KC955663	205021
5549	KC955664	205021
5549	KC955670	1120471
5549	KC955720	1378348
5549	KC955737	1378416
5549	KC955738	1378416
5549	KC955739	1174855
5549	KC955740	1174855
5549	KC955746	1378419
5549	KC955747	1378419
5549	KC955748	1378419
5550	KC955646	1378380
5550	KC955718	1378380
5551	KC955669	1174716
5552	KF494259	1217262
5553	KF704983	358836
5554	KF704985	1406746
5555	KF704986	1406748
5555	MH341197	2578423
5556	KF704991	1406751
5557	KF705000	1406735
5558	KF747774	1499153
5558	KY988914	2016637
5558	KY988915	2016638
5559	KF747775	1499154
5560	KF747781	1499159
5561	KF747783	1499161
5561	KF747786	1499162
5562	AF262823	125468
5562	KF747784	125468
5563	KF747792	1499169
5563	KF747793	1499169
5563	KF747794	1499169
5564	KF747822	1499176
5564	KF747823	1499176
5564	KF747824	1499176
5564	KP012466	1499176
5565	KF747842	1499164
5566	KF747844	1499179
5567	KM051452	886359
5567	PX279225	38705
5567	PX279283	1663448
5567	PX285743	121784
5567	PX285744	591240
5567	PX285745	3434539
5568	KM211735	54844
5568	KM211736	54844
5568	KM211773	879914
5568	KM211774	879914
5568	KM211776	879914
5569	KP012458	1688742
5570	KP738135	285832
5571	KP738154	1685576
5572	KT763381	328067
5573	KX057874	3847
5573	MH710775	3847
5574	KX686916	1980153
5575	AY705887	294271
5575	AY705888	294272
5575	AY705889	294270
5575	FJ377632	52148
5575	KX872937	2030660
5575	KX872938	640601
5575	KX872939	640600
5575	KX872942	389630
5575	KX872945	2030662
5575	KX872947	2030663
5575	KX872948	2030663
5575	KX872949	2030664
5575	KX872950	1155255
5575	KX872951	1155255
5575	KX872952	1155255
5575	KX872954	1891462
5575	KX872959	2030667
5575	KX872967	2030669
5575	KX872968	2030669
5575	KX872971	2030671
5575	KX872976	395285
5575	KX872978	395285
5575	KX872982	1853057
5575	KX872983	1853057
5575	KX872984	640610
5575	KX872985	570167
5575	KX872989	2030677
5575	KX872995	570168
5575	KX872996	570168
5575	KX872999	640614
5575	KX873007	497293
5575	KX873008	497293
5575	KX873009	395286
5575	KX873010	395286
5575	KX873012	395286
5575	KX873013	395286
5575	KX873014	395286
5575	KX873020	258806
5575	KX873021	258806
5575	KX873022	258806
5575	KX873025	2030682
5575	KX873054	2030699
5575	KX873061	2030705
5575	KX873093	1735965
5575	KX873094	1735965
5575	KX873136	2030744
5576	KX873129	28479
5576	KX873130	28479
5577	KY091359	1053365
5577	KY091360	1053365
5578	KY321110	321579
5578	KY321111	321579
5578	KY321112	321577
5578	KY321113	321577
5578	KY321114	321577
5579	KY657360	216021
5579	KY657361	216021
5579	KY657362	216021
5579	KY657363	1079820
5580	KY657444	1884306
5581	KY988926	2016642
5582	KY988927	2016643
5583	KY988967	2016690
5584	KC425809	1413750
5584	KY988973	2021818
5585	KY988989	125557
5586	LR588246	114194
5587	MF468205	204149
5588	MG323910	363212
5588	MG323913	1129492
5589	MH377861	2267667
5589	MH377862	1000425
5589	MH377863	2267668
5589	MH377864	40959
5589	MH377869	271214
5589	MH377870	2267669
5589	MH377871	2267669
5590	MH377872	71982
5591	MH710738	496687
5592	MN736448	335957
5593	MN811184	376798
5594	MN825523	368093
5594	MN825524	368093
5595	MT023955	1679267
5596	MW829691	587440
5596	MW829692	587440
5597	MZ191044	37565
5598	ON922876	2961966
5599	OQ099826	3015849
5600	PV901331	208273
5600	PV901335	208273
5601	AF239359	125103
5602	AF239375	125155
5603	AF262777	125440
5603	AF262778	125445
5603	DQ923773	413442
5603	KY988900	413442
5603	KY988902	2016628
5603	KY988903	2016629
5603	KY988909	494528
5603	KY988911	2016634
5604	AF262779	125443
5604	AF262784	125432
5604	DQ923767	413444
5604	DQ923775	413470
5604	DQ923783	413456
5604	DQ923784	413455
5604	KY988908	2016723
5605	AF262780	125438
5605	AF262782	125453
5605	AF262783	125447
5605	DQ923786	413452
5605	KY988904	2016630
5605	KY988910	2016634
5606	AF262781	125433
5606	DQ923768	413446
5606	DQ923769	413459
5606	DQ923770	413445
5606	DQ923771	413441
5606	DQ923774	413471
5606	DQ923782	413458
5607	AF262822	125467
5607	KC425750	125467
5608	AF262861	125492
5608	KC425803	125492
5608	KC425838	125492
5608	KY988972	125492
5609	AF275690	128919
5609	KC425745	128919
5610	AF275692	128917
5610	KC425804	128917
5611	AF350519	154655
5612	AF239403	125090
5612	AF350522	125090
5612	FJ565248	590527
5612	FJ565642	590747
5613	AF350523	154662
5613	FJ565253	590226
5614	AF239397	125091
5614	AF350524	125091
5615	AF350808	154914
5615	AF350818	154905
5615	AF350819	154925
5615	AF350824	154920
5615	AF350826	154937
5615	FJ565189	590766
5615	FJ565205	154914
5615	FJ565212	590765
5615	FJ565298	590283
5615	FJ565448	154920
5615	FJ565452	590278
5615	FJ565534	154907
5615	FJ565552	590277
5615	FJ565584	590555
5615	FJ565598	587997
5616	AJ584799	248408
5616	AJ584801	248411
5616	AJ584810	133351
5616	AJ584819	248407
5617	AM404341	406084
5618	AY063418	182188
5619	AY063429	182184
5619	DQ210545	182184
5620	AY560305	267596
5621	AY686655	289846
5621	EU792360	368384
5621	EU792380	368367
5621	EU792381	368367
5621	EU792382	568969
5621	EU792383	568969
5621	EU792384	568974
5621	EU792385	568974
5622	AY705900	294278
5622	AY705901	294279
5622	KX872928	286619
5623	AY705902	294280
5623	EF577511	368343
5624	AF239325	125095
5624	AY870016	310144
5624	AY870017	310145
5624	AY870018	310188
5624	AY870019	310187
5624	AY870023	310186
5624	AY870026	310114
5624	AY870027	310113
5624	AY870028	310116
5624	AY870029	310115
5624	AY870030	310117
5624	AY870032	310153
5624	AY870039	310151
5624	AY870047	310154
5625	AY870080	310148
5625	EU123584	310148
5625	EU123585	310148
5625	EU123586	310148
5626	AY870103	2912061
5627	AY870107	2913027
5628	AF239332	125143
5628	AY870109	125143
5628	DQ209978	350288
5628	DQ210052	350209
5628	DQ210146	125143
5628	DQ210155	350168
5628	DQ210181	350209
5628	DQ210202	350395
5628	DQ210232	350209
5628	DQ210238	350209
5628	DQ210308	125143
5628	DQ210333	350209
5628	DQ210387	350395
5628	DQ210525	350288
5629	AY936661	179692
5630	AY936693	301005
5630	PV576048	301005
5631	AY936729	319609
5632	DQ209987	350201
5632	DQ210169	256365
5632	DQ210241	256365
5633	DQ210009	350188
5633	DQ210062	350298
5633	DQ210557	350305
5633	DQ924385	350188
5633	DQ924402	405354
5633	GU177874	694411
5633	GU177875	694411
5634	DQ210060	350330
5634	DQ210225	350232
5634	DQ210439	350330
5634	DQ210472	350232
5635	DQ210170	350392
5635	DQ210172	350392
5635	DQ210497	350231
5635	DQ924407	350392
5636	DQ210194	350276
5637	AF239341	125148
5637	DQ210216	125148
5638	DQ210279	78737
5638	DQ210321	78737
5638	DQ210322	350127
5638	DQ210364	350127
5639	DQ210310	350370
5639	DQ210461	350370
5640	DQ210385	182273
5641	AJ783641	284673
5641	AJ783642	284674
5641	AJ783643	216991
5641	AJ783644	216989
5641	AJ783645	2920375
5641	DQ277638	148544
5641	JN247411	3505
5641	MK453262	210132
5641	MK453276	210132
5641	MZ366389	2136400
5642	DQ414863	175354
5642	DQ414864	62847
5643	EF095731	378467
5644	EU145385	58390
5644	EU145386	477794
5644	HM042478	564785
5644	HM042479	477780
5644	HM042482	564786
5644	HM042483	887262
5644	HM042486	887263
5644	HM042488	477787
5644	HM042489	477788
5644	HM042491	564781
5644	HM042494	887265
5644	HM042498	887267
5644	HM042503	887270
5645	EU145389	83604
5645	HM042465	887261
5646	EU792324	49769
5646	KX873114	1440522
5646	MF155207	1533236
5646	MF155215	1534647
5646	MF155216	1534647
5646	MF155217	1534647
5646	MF155218	1534647
5647	EU792326	96052
5647	EU792327	568980
5647	MF155205	375855
5647	MF155206	375855
5647	MF155209	2163567
5647	MF155210	1907922
5647	MF155211	2163568
5647	MF155212	376134
5647	MF155214	2163580
5647	MF155219	2163586
5648	EU792340	368341
5649	EU792343	568985
5649	EU792344	568983
5649	EU792345	368342
5649	EU792346	227222
5649	EU792347	227211
5649	EU792368	368393
5649	EU792370	368393
5649	EU792371	568962
5649	EU792372	568962
5649	KX872914	368342
5649	MT923973	204233
5650	EU792348	281478
5650	EU792349	281476
5650	EU792350	281476
5650	EU792351	227220
5650	EU792352	227220
5650	EU792353	227220
5650	EU792354	368356
5650	EU792355	368360
5650	EU792356	368360
5650	EU792358	516468
5650	EU792359	516467
5651	AY686654	289845
5651	AY686656	289847
5651	AY686657	289848
5651	AY686658	289849
5651	AY686659	289850
5651	AY686660	289851
5651	AY686661	289852
5651	AY686662	289853
5651	AY686663	289851
5651	AY686664	289851
5651	AY686665	289854
5651	AY686666	289856
5651	AY686667	289858
5651	AY686668	289859
5651	AY686669	289860
5651	EU482063	289851
5651	EU482064	506786
5651	EU482065	289851
5651	EU482066	289851
5651	EU482067	506781
5651	EU482068	506782
5651	EU482069	506788
5651	EU482070	506785
5651	EU482071	506783
5651	EU482072	506787
5651	EU482073	506784
5651	EU482074	289860
5651	EU482075	506780
5651	EU482076	506784
5651	EU482077	289860
5651	EU792393	368387
5651	EU792394	368361
5651	EU792395	269373
5651	EU792396	269377
5651	EU792397	227214
5651	EU792398	368383
5651	EU792399	368366
5651	EU792400	568970
5651	EU792401	269369
5651	EU792402	368370
5651	EU792403	117271
5651	EU792404	269367
5651	EU792405	289067
5651	EU792406	368394
5651	EU792407	368375
5651	EU792409	764756
5651	EU792411	368364
5651	EU792413	368371
5651	EU792414	368390
5651	EU792415	368349
5651	EU792418	568972
5651	EU792421	2872219
5651	KX873134	1159247
5651	KX873135	568972
5652	EU912040	319176
5652	EU912041	319176
5652	PV901240	1699200
5653	EU912043	328660
5653	EU912044	328660
5654	FJ377665	375853
5655	FJ439930	577032
5656	FJ439931	577033
5657	FJ565193	426907
5658	FJ565210	590259
5659	FJ565252	427336
5659	FJ565299	590224
5660	FJ565334	590258
5661	FJ565341	590483
5661	FJ565388	590483
5661	FJ565390	590533
5662	AF350553	154715
5662	AF350554	154681
5662	FJ565408	590750
5662	FJ565415	590254
5662	FJ565433	590255
5662	FJ565434	590257
5662	FJ565435	590256
5662	FJ565648	590542
5663	FJ565624	587976
5664	FJ565641	590260
5665	FJ794614	690420
5666	FM986443	591036
5667	FM986444	591035
5668	GQ424452	82261
5669	GU219992	450123
5670	GU799496	886956
5671	HM042453	477786
5671	KF704981	1406744
5672	HM042463	477800
5673	HM042484	477797
5673	HM042497	477791
5673	HM042500	887269
5674	HM042501	477793
5675	HM116993	317700
5676	HM347023	1035934
5677	HQ647233	185594
5677	HQ647234	434734
5678	HQ840772	984301
5678	PV331313	2290794
5679	HM116945	795977
5679	JQ248876	1173647
5679	JQ248883	669369
5679	JQ248894	1173659
5679	JQ248896	1173660
5679	KC200605	205021
5679	KC200864	1174812
5679	KC955334	669369
5679	KC955336	1378354
5679	KC955348	1174723
5679	KC955349	1174723
5679	KC955373	694554
5679	KC955450	1378375
5679	KC955521	1174723
5679	KC955567	1173637
5679	KC955589	694554
5679	KC955712	1173666
5680	JQ306372	1164783
5680	JQ306426	180090
5680	JQ306427	125506
5680	JQ306428	1164783
5680	KY084288	180092
5681	JQ306346	2747854
5681	JQ306357	1164774
5681	JQ306386	1164757
5681	JQ306393	1164762
5681	JQ306395	2747854
5681	JQ306398	1164760
5681	JQ306399	1164763
5681	JQ306429	1164766
5681	JQ306462	1164764
5681	JQ306463	1164749
5681	JQ306469	1164768
5681	JQ306470	1164753
5681	JQ306473	1164755
5681	JQ306474	1164758
5681	JQ306475	1164758
5681	JQ306476	1164759
5681	JQ306477	1164748
5681	JQ306478	1164756
5681	JQ306479	1164759
5681	JQ306481	1164781
5681	JQ306482	1164781
5681	JQ306484	1164752
5681	JQ306499	1164753
5681	JQ995334	1281849
5681	LT574822	1848839
5681	LT574823	1848840
5681	LT574825	1851149
5681	MN551421	2747866
5681	MN551423	1164748
5681	MN551426	2747841
5681	MN551441	2747846
5681	MN551447	2747849
5681	MN551450	1164758
5681	MN551454	2747828
5681	MN551456	1164760
5681	MN551458	2747854
5681	MN551465	1164763
5681	MN551469	2747857
5681	MN551470	2747858
5682	JQ995335	1281850
5683	JX862564	1086344
5683	JX862633	1086344
5683	JX862645	1296290
5683	JX862672	1086344
5684	JX862569	1296294
5685	JX862570	1086343
5685	JX862613	1296280
5685	JX862637	1086343
5686	JX862571	126545
5686	JX862591	1296302
5686	JX862596	1302825
5686	JX862603	1296311
5686	JX862609	1296287
5686	JX862636	126545
5686	JX862653	1296290
5686	JX862677	1296290
5686	JX862679	126545
5686	JX862681	1296291
5686	KC435839	1345073
5686	KC435840	1345073
5686	KC435849	1345068
5686	KC435851	1345076
5686	KC435855	1345074
5686	KC435856	1345068
5686	KC435864	1345068
5686	KC435872	1345074
5686	KC435876	1345076
5686	KC435879	1345068
5686	LN515411	126545
5687	JX862578	3128653
5687	JX862580	3128653
5687	JX862634	3128653
5688	JX862644	1296292
5689	JX862664	1296308
5689	JX862671	1296308
5689	KC435870	1296308
5690	KC200595	1174705
5690	KC200710	1173640
5690	KC200778	1174772
5690	KC200814	2528873
5690	KC200884	1174826
5690	KC201051	694555
5690	KC201052	694555
5690	KC201154	1174914
5690	KC955314	1174913
5690	KC955342	1378404
5690	KC955343	1378404
5690	KC955366	1173632
5690	KC955370	1173665
5690	KC955382	1378321
5690	KC955502	1378321
5690	KC955520	1174723
5690	KC955568	1173665
5690	KC955578	694555
5690	KC955579	1173632
5690	KC955659	1174705
5691	KC425776	1413735
5691	KF747799	1413735
5692	KC425781	3020940
5692	KC425782	3020940
5692	KF747801	3020940
5692	KF747802	3020940
5692	KF747803	3020940
5692	KF747808	1499172
5693	KC425786	1413738
5693	KC425826	1546008
5693	KC425827	1546008
5693	KF747811	1413738
5694	AF262872	125485
5694	KC425787	125485
5694	KC425788	125485
5694	KC425790	1414702
5694	KC425800	125485
5695	KC425791	1413739
5695	KC425792	1413739
5695	KP012452	1413739
5695	KP012453	1413739
5695	KP012454	1413739
5695	KP012455	1413739
5695	KY988968	2016691
5695	KY988971	1413739
5695	KY988974	2016694
5696	KC425835	1499174
5697	KC435842	1345066
5697	KC435846	1345066
5697	KC435859	1345066
5698	KC435852	1345067
5699	KC435862	1345063
5700	KC779642	1048257
5701	KC200684	138513
5701	KC200685	138513
5701	KC200686	138513
5701	KC200687	138513
5701	KC200806	694543
5701	KC200987	139013
5701	KC200989	139013
5701	KC955456	1378335
5701	KC955594	138513
5701	KC955687	138513
5702	KC200615	205064
5702	KC200688	205033
5702	KC201017	1174869
5702	KC201018	1174869
5702	KC955654	1120453
5703	KC200574	1174689
5703	KC200870	1174817
5703	KC955657	1378408
5704	KC200625	1280776
5704	KC200846	1174803
5704	KC200892	1174830
5704	KC201046	1174879
5704	KC955414	1378435
5704	KC955420	1378351
5704	KC955421	1378351
5704	KC955529	1378363
5704	KC955543	1378382
5704	KC955544	1378382
5704	KC955545	1378382
5704	KC955553	1378386
5704	KC955600	1478080
5704	KC955601	1378322
5704	KC955603	1378345
5704	KC955606	1378435
5704	KC955607	1478077
5704	KC955608	1378344
5704	KC955613	1378322
5704	KC955622	1478081
5704	KC955658	1378364
5704	KC955711	1174809
5704	OQ099832	3015852
5705	KC986378	376129
5706	EU145368	58411
5706	KF704973	1406733
5707	KF704979	1406742
5708	KF704988	358837
5709	KF704994	1406726
5710	KF704998	1406730
5711	KF747780	1499158
5712	KF747804	1688752
5712	KF747805	1688752
5713	KF747839	1164781
5713	LT574821	1164781
5714	DQ210309	350127
5714	KP323316	1590551
5715	KT874470	49786
5715	KT874472	49786
5716	AY705879	294263
5716	AY705880	294264
5716	AY705881	294265
5716	AY705882	294266
5716	AY705883	2777655
5716	AY705884	294267
5716	AY705885	294268
5716	AY705886	294270
5716	AY705891	294275
5716	AY705892	294276
5716	AY705903	294282
5716	AY705907	294287
5716	AY705908	294288
5716	KX872897	2030649
5716	KX872898	2030649
5716	KX872899	204232
5716	KX872900	204232
5716	KX872903	2030650
5716	KX872904	2030651
5716	KX872905	345916
5716	KX872906	1159253
5716	KX872907	2030652
5716	KX872908	345918
5716	KX872909	345920
5716	KX872910	63632
5716	KX872911	63632
5716	KX872912	1159253
5716	KX872913	1159253
5716	KX872940	389630
5716	KX872970	1853056
5716	KX872972	1898930
5716	KX872979	2030673
5716	KX872981	336872
5716	KX872991	535810
5716	KX872992	535810
5716	KX872993	2030678
5716	KX872997	376118
5716	KX872998	376118
5716	KX873026	391962
5716	KX873027	511983
5716	KX873028	511983
5716	KX873053	549216
5716	KX873059	2030704
5716	KX873060	2030704
5716	KX873138	2030745
5716	KX873139	2030745
5716	KX873140	2030745
5716	LR699050	345914
5716	LR699053	345914
5716	MF348277	1159253
5717	KX872924	391980
5717	KX873157	391975
5718	KX872934	4498
5718	MT923926	4499
5719	KX873146	2030746
5720	KY214927	101617
5721	KY214956	1932194
5721	KY214964	1932197
5721	KY214972	1932206
5721	KY214982	1932213
5721	KY214985	1932214
5721	KY214986	1932215
5721	KY214987	1932216
5721	KY214996	1932225
5721	KY214998	1932227
5721	KY215002	1932231
5721	KY215003	1932232
5721	KY215011	1932236
5721	KY215025	1932242
5721	KY215036	796950
5721	KY215037	1932248
5721	KY215042	1932252
5721	KY215043	1932253
5721	KY215046	1932256
5721	KY215055	1932261
5721	KY215057	1932263
5721	KY215069	1932272
5721	KY215075	1932276
5721	KY215089	1932285
5721	KY215090	1932286
5721	KY215093	1932289
5721	KY215100	1932294
5721	KY215107	1932296
5721	KY215109	1932298
5721	KY215110	1932299
5721	KY215115	1932303
5721	KY215119	1932307
5721	KY215124	1932311
5721	KY215125	1932313
5721	KY215129	1932187
5721	KY215132	1932192
5721	KY215134	1932318
5722	KY968916	304134
5723	KY988913	2016636
5723	KY988916	2016724
5724	LC625817	2060757
5724	LC625818	2060757
5724	LC625819	2060757
5724	LC625820	2060757
5725	LR588245	376129
5726	LR588247	211940
5726	MF155200	211940
5726	MF155201	211940
5727	MF155202	375994
5727	MF155203	375994
5727	MF155213	376134
5728	MF155208	211952
5729	MF695605	862859
5729	MF695606	862859
5729	MF695607	862859
5730	MG523318	2053897
5731	MH324741	703385
5731	MH324742	703385
5731	MH324743	703385
5732	MK341340	985812
5733	MN332396	2748460
5734	MN332397	1413721
5735	MN825744	2607164
5735	MN825745	2607164
5735	MN825746	2607164
5735	MN825747	2607164
5736	MN826029	2607181
5737	MW602125	2840067
5737	MW602133	2840067
5738	MZ366395	416297
5739	MZ409452	2750842
5740	MZ736844	589426
5741	OM141048	254125
5742	OM141054	52147
5742	OM141055	52147
5742	OM141056	52147
5742	OM141057	52147
5742	OM141058	52147
5743	OM141028	52150
5743	OM141066	1708984
5743	OM141070	468976
5743	OM141090	1708989
5743	OM141091	52137
5743	OM141108	55777
5743	OM141109	2907173
5743	OM141111	2907183
5743	OM141112	2907183
5744	ON922872	509004
5744	ON922873	509004
5744	ON922878	2961964
5745	OP853102	2995361
5745	OP853103	2995361
5746	PQ777252	3387555
5747	PQ777254	3387552
5748	MH373426	296034
5748	PQ777262	3387564
5749	PQ777265	3387569
5749	PQ777267	3387568
5750	PQ777269	2992067
5750	PQ777281	3387567
5751	PV900005	1514008
5752	AF239322	125203
5752	AY870095	310205
5752	AY870096	310168
5752	AY870097	78859
5753	AF239327	2912060
5754	AF239343	125083
5754	AY870085	310158
5754	AY870086	310156
5754	AY870087	310156
5754	AY870088	310157
5754	AY870089	310111
5754	AY870091	310159
5754	AY870092	310160
5754	AY870094	310207
5755	AF239346	125157
5756	AF239348	125179
5756	AF239349	78846
5756	AF239350	125185
5756	AF239351	125183
5756	AF239352	125184
5756	AF239353	125182
5756	AF239354	125178
5756	AF239355	125181
5756	AF239368	125180
5756	FJ565224	125184
5756	FJ565637	590356
5757	AF239362	125129
5758	AF239380	125088
5759	AF239384	125124
5759	AF239388	125126
5760	AF239402	125099
5760	AF350527	125099
5760	FJ565254	590234
5760	FJ565361	590748
5760	FJ565366	590528
5760	FJ565464	590231
5760	FJ565579	590529
5760	FJ565614	590232
5760	FJ565633	125099
5760	FJ565638	590234
5760	FJ565665	590233
5761	AF262819	125543
5762	AF262836	125512
5762	AF262838	125527
5762	AF262839	125505
5762	AF262841	125483
5762	AF262842	125511
5762	AF262844	125470
5762	JF934813	125512
5762	JF934814	125512
5762	KY988934	2016650
5762	KY988937	2016651
5762	KY988938	2016652
5762	KY988940	2016654
5762	KY988942	2016655
5762	KY988944	2016657
5762	KY988946	2016659
5762	KY988947	2016660
5762	KY988948	125511
5762	KY988949	125511
5762	KY988950	2016661
5762	KY988951	2016662
5762	KY988952	2016663
5762	KY988954	2016725
5762	KY988957	2016666
5762	MN240875	2599660
5762	MN240876	2599660
5762	MN240885	2599659
5762	MN240886	2599659
5762	MN240890	2599659
5762	MN240891	2599659
5762	MN551474	125483
5763	AF262850	125486
5764	AF239396	125079
5764	AF350518	125079
5764	AF350520	154740
5764	FJ565367	590526
5764	FJ565372	590525
5764	FJ565503	587964
5764	FJ565520	590524
5764	FJ565549	590222
5764	FJ565605	590221
5765	AF350536	154677
5765	FJ565446	154677
5766	AF350537	154676
5766	FJ565445	154676
5767	AF350545	154696
5767	FJ565181	590275
5767	FJ565240	590757
5767	FJ565343	590274
5767	FJ565477	587993
5767	FJ565481	590546
5768	AF350555	154739
5768	FJ565450	154739
5769	AF350562	154704
5769	AF350563	154703
5769	AF350564	48524
5769	AF350565	154705
5769	AF350568	154722
5769	AF350569	154698
5769	AF350570	154666
5769	AF350571	154699
5769	AF350743	154666
5769	AF350746	155611
5769	AF350747	154699
5769	AF350748	154879
5769	AF350749	154888
5769	AF350750	154904
5769	AF350751	154885
5769	AF350752	154867
5769	AF350753	154896
5769	AF350754	154897
5769	AF350755	154899
5769	AF350756	154894
5769	AF350757	154886
5769	AF350758	154870
5769	AF350759	154893
5769	AF350760	154901
5769	AF350761	154903
5769	AF350762	154895
5769	AF350763	154871
5769	AF350764	154872
5769	AF350765	154881
5769	AF350766	154883
5769	AF350767	154875
5769	AF350768	154874
5769	AF350769	154865
5769	AF350770	154890
5769	AF350771	154892
5769	AF350772	154887
5769	AF350773	154698
5769	AF350774	154902
5769	AF350775	154882
5769	AF350776	154877
5769	AF350777	154880
5769	AF350778	154864
5769	AF350779	154866
5769	AF350780	154898
5769	AF350781	154864
5769	AF350782	154891
5769	AF350783	154889
5769	AF350784	154880
5769	AF350785	154873
5769	AF350786	154900
5769	AF350787	154868
5769	AF350789	154722
5769	AF350790	154703
5769	AF350791	154704
5769	AF350792	154923
5769	AF350793	154935
5769	AF350794	590768
5769	AF350797	154952
5769	AF350798	154928
5769	AF350799	154931
5769	AF350800	154936
5769	AF350801	154939
5769	AF350802	154906
5769	AF350803	154907
5769	AF350804	154922
5769	AF350805	154932
5769	AF350806	154924
5769	AF350809	154705
5769	AF350810	48524
5769	AF350811	154910
5769	AF350812	154917
5769	AF350817	154927
5769	AF350820	154926
5769	FJ565169	590577
5769	FJ565201	154935
5769	FJ565204	154870
5769	FJ565215	154885
5769	FJ565246	590282
5769	FJ565257	48524
5769	FJ565265	154888
5769	FJ565267	154703
5769	FJ565273	154698
5769	FJ565277	154704
5769	FJ565280	154873
5769	FJ565286	154865
5769	FJ565295	154906
5769	FJ565296	154922
5769	FJ565307	590292
5769	FJ565308	154880
5769	FJ565319	154893
5769	FJ565353	154892
5769	FJ565374	590295
5769	FJ565383	590770
5769	FJ565385	590764
5769	FJ565400	494539
5769	FJ565465	588003
5769	FJ565471	590294
5769	FJ565484	154874
5769	FJ565488	154880
5769	FJ565490	154891
5769	FJ565501	154722
5769	FJ565508	154843
5769	FJ565512	588003
5769	FJ565516	590284
5769	FJ565517	154835
5769	FJ565522	590553
5769	FJ565531	154899
5769	FJ565532	590515
5769	FJ565533	590281
5769	FJ565535	590761
5769	FJ565536	590284
5769	FJ565539	590290
5769	FJ565540	154886
5769	FJ565541	154874
5769	FJ565543	154922
5769	FJ565547	590763
5769	FJ565548	154952
5769	FJ565556	154927
5769	FJ565566	154870
5769	FJ565567	154952
5769	FJ565569	590288
5769	FJ565575	590761
5769	FJ565578	590522
5769	FJ565582	590761
5769	FJ565583	590761
5769	FJ565631	494541
5769	FJ565644	154703
5769	FJ565645	590291
5769	MG429053	154929
5769	MG429057	154929
5770	AF350814	154913
5770	AF350829	154912
5770	FJ565182	590285
5770	FJ565216	426793
5770	FJ565401	494543
5770	FJ565595	590762
5771	AF350841	154944
5771	FJ565647	154718
5772	AM158945	358185
5773	AM745935	179688
5773	AM745936	179688
5773	AY936660	179688
5774	AY101910	101999
5775	AY752475	296611
5775	AY752476	296612
5775	EU792328	368347
5775	KX873029	37723
5775	KX873030	37723
5775	KX873031	37723
5775	KX873034	335195
5775	KX873035	2030683
5775	KX873064	2030707
5775	KX873071	2030712
5776	AY870033	310210
5776	AY870034	310212
5776	AY870035	310215
5776	AY870036	310214
5776	AY870037	310213
5776	AY870038	310211
5777	AY870078	310146
5777	EU123564	481960
5777	EU123565	481960
5777	EU123568	481962
5777	EU123569	481962
5777	EU123577	481966
5778	AY870079	310147
5778	EU123549	481951
5778	EU123550	481951
5779	AY870090	310173
5779	AY870098	310172
5780	AY870106	310110
5781	AY936657	287981
5781	AY936658	319564
5781	AY936659	283122
5782	AY955821	327149
5783	DQ210280	350126
5783	DQ210367	350126
5784	DQ210300	350364
5784	DQ924405	350364
5784	MZ773925	350364
5785	DQ210362	350256
5786	DQ210405	429162
5786	DQ924390	405356
5786	DQ924401	350181
5787	DQ315834	363348
5787	FJ565362	363348
5787	KT709691	363348
5788	DQ385567	372386
5789	DQ385589	140579
5789	DQ385590	372399
5789	DQ450465	377588
5789	DQ450466	377589
5789	DQ450468	224689
5789	DQ450473	224694
5789	DQ450474	377595
5789	DQ450475	140579
5789	DQ450476	224690
5789	DQ450478	372399
5790	DQ450470	377592
5791	DQ923777	413467
5792	EU123545	481949
5792	EU123546	481949
5792	EU123547	481949
5792	EU123595	481974
5793	EU123551	426885
5794	EU123552	481952
5794	EU123553	481952
5794	EU123554	481952
5794	EU123555	481952
5794	EU123578	481967
5794	EU123579	481967
5794	EU123581	481968
5794	EU123582	481968
5794	EU123591	481972
5794	EU123596	481975
5794	EU123597	481976
5794	EU123598	481976
5794	EU123599	481976
5794	EU123600	481976
5795	EU123558	481955
5796	EU123548	481950
5796	EU123559	481956
5796	EU123560	481956
5796	EU123573	481964
5796	EU123574	481964
5797	EU123562	481958
5797	EU123563	481958
5798	EU123566	481961
5798	EU123567	481961
5799	EU123570	481963
5799	EU123571	481963
5799	EU123572	481963
5800	EU123588	481971
5800	EU123589	481971
5800	EU123590	481971
5801	EU123603	310149
5801	EU123604	310149
5801	EU123605	481977
5802	EU123606	481978
5802	EU123607	481978
5802	EU123608	481978
5803	EU145353	110689
5804	EU145384	2306797
5805	EU145387	120144
5806	EU331103	490660
5806	EU792335	568979
5806	EU792336	568979
5806	EU792337	368339
5806	EU792365	568968
5806	KP794861	227222
5807	EU331132	180807
5808	EU498142	256350
5808	EU498143	511776
5808	EU498144	511776
5808	EU498145	511776
5809	EU792329	87463
5810	EU792333	568964
5810	EU792334	568964
5811	EU792373	391964
5811	EU792375	368392
5811	EU792376	568973
5811	EU792377	368395
5811	EU792379	368358
5812	EU792419	2591716
5812	EU792423	2591716
5813	FJ377651	545883
5813	FJ377654	640615
5813	KX872917	286491
5813	KX872941	389630
5813	KX872943	2030661
5813	KX872944	2030661
5813	KX872946	640602
5813	KX872953	2030665
5813	KX872955	1891462
5813	KX872957	669640
5813	KX872958	669640
5813	KX872974	2030672
5813	KX872975	2030672
5813	KX872977	395285
5813	KX872986	640611
5813	KX872988	2030677
5813	KX873000	2030679
5813	KX873001	2030679
5813	KX873002	2030679
5813	KX873004	2030680
5813	KX873005	2030680
5813	KX873015	2030681
5813	KX873017	1000416
5813	KX873019	1000416
5813	KX873062	2030705
5813	KX873078	2030717
5814	AF350515	154688
5814	FJ565166	154688
5814	FJ565167	494009
5814	FJ565168	494008
5814	FJ565172	587986
5814	FJ565173	590755
5815	FJ565171	587985
5815	FJ565175	590261
5815	FJ565176	590263
5815	FJ565177	590262
5815	FJ565528	587985
5816	FJ565196	590354
5816	FJ565285	590354
5816	FJ565369	588037
5817	FJ565202	590752
5817	FJ565304	590752
5817	FJ565454	590753
5817	FJ565455	587979
5817	FJ565456	587978
5817	FJ565457	590754
5817	FJ565663	587978
5818	FJ565211	587984
5819	FJ565194	590235
5819	FJ565219	426848
5819	FJ565221	125107
5819	FJ565276	590235
5819	FJ565651	125107
5819	FJ565657	426848
5820	FJ565338	588027
5821	FJ565340	588023
5822	FJ565346	590563
5823	FJ565363	590303
5824	FJ565389	590532
5824	FJ565460	587967
5825	FJ565399	587992
5826	FJ565442	3097857
5827	FJ565451	587982
5828	FJ565458	588012
5829	FJ565472	588025
5829	FJ565580	588025
5830	FJ565494	590304
5831	FJ565612	587981
5832	FJ605198	592420
5832	FJ605222	592436
5832	FJ605226	592428
5832	FJ605229	592421
5832	FJ605233	592428
5832	FJ605237	592428
5832	FJ605238	592421
5832	FJ605239	592421
5833	FJ794663	273577
5834	FM986445	591037
5835	HM042464	477801
5835	HM042468	477805
5836	HM042466	477803
5837	HM042467	477804
5837	HM042481	887277
5838	HM042470	477807
5839	HM042472	477809
5840	HM042475	477813
5841	HM042476	409383
5842	HM042480	477795
5843	HM042496	477790
5844	HM347039	348286
5845	JF831211	1134486
5845	JF831219	1134489
5845	JF831221	1134484
5846	JF934811	1053674
5847	JF934824	494549
5848	JX401433	1264854
5848	JX401434	1264855
5848	JX401435	1264858
5848	JX401436	1264856
5848	JX401437	1264857
5848	JX401438	1264857
5849	JX862567	1296295
5849	JX862592	1296295
5849	JX862665	1296295
5849	JX862674	1296295
5849	JX862678	1296295
5850	JX862612	1296292
5851	JX862686	1296307
5851	KC435853	1345055
5852	KC200596	1174705
5853	JQ248904	178756
5853	KC200676	1174745
5853	KC201021	1174870
5853	KC201098	694558
5853	KC201136	178756
5853	KC201138	1280828
5853	KC955368	1173668
5853	KC955422	1174868
5853	KC955435	1378342
5853	KC955436	1378342
5853	KC955437	1378342
5853	KC955443	1469227
5853	KC955536	1378369
5853	KC955537	1378369
5853	KC955538	1378369
5853	KC955546	1280828
5853	KC955547	1280828
5853	KC955548	1280828
5853	KC955595	1173668
5853	KC955599	1378342
5853	KC955602	1174911
5853	KC955616	1378369
5853	KC955618	1378342
5853	KC955619	1378369
5853	KC955634	1174849
5853	KC955715	1174829
5853	KC955717	1173668
5854	KC201020	1174870
5854	KC201115	1174905
5854	KC201116	1174905
5854	KC955617	1378371
5855	KC425762	1499157
5855	KF747779	1499157
5855	KP012490	1499157
5856	KC425769	1413732
5856	KC425771	1413732
5857	KC425775	1413734
5857	KF747798	1413734
5857	KF747817	1499175
5857	KF747818	1499175
5858	KC425816	1413756
5858	KF747821	1413756
5859	KC425817	1413757
5860	KC435850	1345062
5861	KC528811	1428884
5861	KC528812	1434965
5861	KC528813	1428879
5861	KC528814	1428880
5861	KC528816	1428882
5862	HM116947	795978
5862	JQ248880	866001
5862	JQ248884	1173650
5862	JQ248888	2792639
5862	JQ248903	694560
5862	KC200590	865997
5862	KC200591	865997
5862	KC200640	865998
5862	KC200654	1280781
5862	KC200655	1280781
5862	KC200656	1280781
5862	KC200737	865999
5862	KC200738	865999
5862	KC200739	865999
5862	KC200855	1173650
5862	KC200856	1173650
5862	KC200925	866010
5862	KC201040	205061
5862	KC201042	205061
5862	KC201050	866007
5862	KC201080	1173663
5862	KC201082	1173663
5862	KC201083	1173663
5862	KC201084	1173663
5862	KC201086	1173663
5862	KC201087	1173663
5862	KC955311	1173663
5862	KC955312	1173663
5862	KC955313	1173663
5862	KC955375	866004
5862	KC955386	866010
5862	KC955387	866010
5862	KC955399	694560
5862	KC955400	694560
5862	KC955490	694560
5862	KC955507	866010
5862	KC955591	866004
5862	KC955672	866007
5862	KC955742	866008
5862	OQ099823	866001
5863	KC200755	198744
5863	KC200756	198744
5863	KC955448	1378376
5863	KC955449	1378376
5863	KC955463	1280804
5864	KC955573	1173649
5865	KC200962	334160
5865	KC955604	1378451
5866	KC201117	1174906
5866	KC955714	1173628
5867	KC955719	1478079
5868	KF704969	1406731
5869	KF704977	1406740
5869	KF704982	358835
5870	KF704989	1406749
5871	KF704993	358838
5872	KP323318	1590553
5873	KR150150	52462
5874	KT709692	1718821
5874	KT709693	1718824
5875	KT779126	223762
5876	KU289679	386159
5876	KU289680	386159
5876	KU289681	386159
5876	KU289682	386159
5876	KU289683	386159
5876	KU289684	386159
5876	KU289685	386159
5876	KU289686	386159
5876	KU289687	386159
5876	KU289688	386159
5877	KU720159	162711
5878	KX872918	291152
5878	KX872919	2030654
5878	KX872920	2030654
5878	KX872921	1440511
5878	KX872922	2030655
5878	KX872923	2030656
5878	KX872925	2030657
5879	KX872932	52139
5880	KX872936	1617934
5880	OM141059	2907175
5880	OM141081	2820158
5880	OM141110	1343465
5881	AY705890	294273
5881	AY705893	294277
5881	KX872962	640619
5881	KX872963	29668
5881	KX872964	29668
5881	KX872965	29668
5881	KX872966	29668
5881	KX873018	1000416
5881	KX873024	497297
5881	KX873052	549216
5881	KX873147	1159240
5881	KX873148	1159240
5881	PV901314	29668
5882	KX873032	37723
5882	KX873033	335195
5882	KX873041	2030689
5882	KX873042	2030690
5882	KX873055	2030701
5882	KX873080	2030720
5882	KX873081	2030719
5883	KX873075	2896444
5884	KX873085	1642856
5885	KY091110	319596
5885	KY091111	319596
5885	KY091112	319596
5885	KY091113	319596
5885	KY091114	319596
5885	KY091115	319596
5885	KY091116	319596
5886	KY091117	2006945
5886	KY091118	2006945
5886	KY091119	2006945
5886	KY091120	2006945
5887	KY215056	1932262
5888	LR588213	366476
5888	LR588214	366476
5888	LR588215	366476
5888	LR588216	366476
5888	LR588217	366476
5888	LR588218	366476
5888	LR588219	366476
5888	LR588220	366476
5888	LR588221	366476
5888	LR588222	366476
5888	LR588223	366476
5888	LR588224	366476
5888	LR588225	366476
5888	LR588226	366476
5888	LR588227	366476
5888	LR588228	366476
5888	LR588229	1940274
5888	LR588230	1940274
5888	LR588231	1940274
5888	LR588232	1940274
5888	LR588233	1940274
5888	LR588234	1940274
5888	LR588235	1940274
5888	LR588236	1940274
5888	LR588237	1940274
5888	LR588238	1940274
5888	LR588239	1940274
5888	LR588240	1940274
5888	LR588241	366476
5888	LR588242	366476
5888	LR588243	1940274
5888	LR588244	366488
5888	LR594548	366476
5888	LR606134	1940274
5889	MF155199	2163557
5890	MF155204	388712
5891	MG008345	2305412
5892	MH373427	296034
5892	PQ777279	296034
5893	MH373428	296034
5893	PQ777259	296034
5894	MK801522	2570375
5895	MN116781	662935
5895	MN116782	199546
5895	MN585156	662935
5895	MN585157	662935
5895	MN585158	662935
5895	MN585159	662935
5895	MN585160	662935
5895	MN585161	662935
5896	MN824843	129200
5896	MN824844	129200
5896	MN824845	129200
5896	MN824846	129200
5896	MN824847	129200
5896	MN824848	129200
5897	MN824960	2607089
5897	MN825371	2613420
5898	MN825210	2613395
5898	MN825211	2613395
5898	MN825212	2613395
5899	MN825596	2607147
5899	MN825597	2607147
5900	MT922590	3143517
5900	MT922591	3143517
5900	MT922597	496698
5900	PV900007	1917945
5901	MT923493	184985
5901	MT923494	184985
5902	MW142525	2780505
5902	MW142530	2780503
5902	MW142533	2780503
5902	MW142536	2780503
5902	MW142545	118676
5902	MW142546	118676
5902	MW142547	118676
5903	MW142540	214479
5903	PV901296	4593
5903	PV901336	58937
5904	MT923928	55771
5904	OM141020	55764
5904	OM141024	37721
5904	OM141025	37721
5904	OM141029	55773
5904	OM141030	55773
5904	OM141037	55770
5904	OM141039	2550839
5904	OM141040	2550839
5904	OM141043	2550840
5904	OM141044	2550840
5904	OM141045	2550840
5904	OM141046	2550840
5904	OM141050	2907174
5904	OM141051	2907174
5904	OM141053	55776
5904	OM141061	55771
5904	OM141063	55771
5904	OM141064	55771
5904	OM141065	55771
5904	OM141067	55769
5904	OM141068	55769
5904	OM141076	2907179
5904	OM141086	55767
5904	OM141087	55767
5904	OM141088	55767
5904	OM141094	55763
5904	OM141095	55763
5904	OM141096	55763
5904	OM141097	55763
5904	OM141104	55762
5904	OM141105	55762
5904	OM141106	55762
5905	OM141052	1560087
5906	OP798467	1966414
5906	OP798473	2961632
5906	OP798482	1966414
5906	OP798490	1966414
5906	OP798505	1966414
5906	OP798506	1966414
5906	OP798610	2961632
5906	OP798611	2961632
5906	OP798612	2961632
5906	OP798613	2961632
5906	OP798614	2961632
5906	OP798615	2961632
5906	OP798616	2961632
5906	OP798617	2961632
5906	OP798618	2961632
5906	OP798619	2961632
5906	OP798637	2961640
5906	OP798645	2993951
5906	OP798664	1966414
5906	OP798665	1966414
5906	OP798666	1966414
5906	OP798667	1966414
5906	OP798668	1966414
5906	OP798670	1966414
5907	OQ343723	75706
5908	OR531494	1225698
5908	OR531495	1225698
5908	OR531497	1225698
5908	OR531498	3242738
5909	OR531500	185716
5909	OR531501	185716
5909	OR531502	185716
5909	OR531503	185716
5910	PQ474464	2827253
5911	PQ474453	3373624
5911	PQ474459	3373627
5911	PQ474461	2872663
5911	PQ474462	3373628
5911	PQ474465	2872665
5911	PQ474470	3373633
5911	PQ474475	3373637
5912	PQ777251	3387572
5913	PQ777257	3387575
5914	PQ777260	296034
5915	PQ777263	3387566
5916	PQ777264	3387562
5917	PQ777266	3387554
5918	PV900004	1514006
5919	PX285212	387604
5920	PX411354	4189
5921	AF239342	78797
5922	AF239356	125174
5922	AF239357	125175
5923	AF239382	125123
5924	AF239385	125120
5925	AF239395	125147
5925	AF350516	154692
5925	AF350517	154691
5925	FJ565222	587990
5925	FJ565256	154692
5925	FJ565623	587990
5926	AF239400	154929
5926	AF350566	154929
5926	AF350827	154929
5927	AF239401	125191
5927	AF350575	125191
5927	FJ565192	524248
5927	FJ565209	590346
5927	FJ565596	590342
5928	AF239404	125145
5928	AF350526	125145
5928	FJ565311	590272
5928	FJ565368	590544
5928	FJ565371	494532
5928	FJ565509	590543
5928	FJ565510	590272
5929	AF239408	125107
5930	AF262771	125446
5930	AF262773	125427
5930	AF262801	125450
5931	AF262775	125444
5932	AF262786	125426
5932	DQ923765	413460
5932	DQ923779	413463
5933	AF262787	125441
5933	AF262790	125442
5933	DQ923762	125449
5933	DQ923763	413439
5933	DQ923766	125427
5933	DQ923780	413461
5933	DQ923781	413443
5933	DQ923791	413457
5933	DQ923792	413462
5933	KY988906	2016632
5934	AF262788	125435
5935	AF262794	125454
5935	AF262800	125436
5936	AF262797	125429
5936	DQ923776	413469
5936	DQ923787	413440
5936	DQ923789	413447
5936	DQ923793	413438
5937	AF262799	125422
5937	AF262802	125424
5937	AF262803	125451
5938	AF262804	125529
5938	AF262805	125530
5938	KY988962	2016686
5938	KY988963	2016687
5938	KY988964	2016688
5939	AF262807	125561
5939	AF262808	125560
5939	EF079368	125561
5940	AF262809	125559
5941	AF262811	125465
5941	AF262812	125465
5941	KC425746	125465
5941	KC425747	125465
5942	AF262830	125501
5942	MN332394	125501
5942	MN551464	1848842
5943	AF262840	125521
5943	JF934825	256371
5943	JF934826	256371
5944	AF262846	125504
5944	AF262847	125526
5944	EF079364	125504
5944	JF934772	1053677
5944	JF934774	1053617
5944	JF934775	1053617
5944	JF934776	1053617
5944	JF934778	1053662
5944	JQ306416	1164796
5944	JQ306492	1164733
5944	JQ306493	1164733
5944	JQ306502	1164794
5944	JQ995324	1053616
5944	JQ995325	1164733
5944	JQ995326	2706375
5944	JQ995327	2706375
5944	JQ995343	1281855
5944	JQ995348	1281859
5944	JQ995356	1281863
5944	JQ995363	1053677
5944	KC425839	1053656
5944	KY988939	2016653
5944	KY988977	2016696
5944	MN332328	2767035
5944	MN332367	1164733
5944	MN332368	2706375
5944	MN332377	1053656
5944	MN332378	2766989
5944	MN332407	1164791
5945	AF262864	125498
5945	JF934816	1053644
5946	AF262874	125489
5946	AF275695	128921
5946	EF079366	428324
5946	JQ306400	1164775
5946	JQ306401	1164777
5946	KY988945	2016658
5946	KY988953	2016664
5947	AF262878	125547
5947	AF262879	125548
5947	AF262881	125552
5947	JF934759	1053658
5947	JF934760	1053658
5947	JF934763	1053681
5947	JF934764	125547
5947	JF934765	125551
5947	JF934770	1053682
5947	JQ306412	1164792
5947	JQ306413	1053660
5947	JQ306414	1164793
5947	JQ306417	1164798
5947	JQ306419	1164795
5947	JQ306420	1164797
5947	JQ306421	125547
5947	JQ306422	1164799
5947	JQ995340	1281853
5947	JQ995349	1281860
5947	JQ995353	1281884
5947	MN332410	2748462
5948	AF275694	128923
5948	JF934815	128923
5948	JQ306402	128923
5948	MN551467	128923
5949	AF350525	154661
5949	FJ565599	154661
5950	AF350529	154709
5950	AF350530	154710
5950	AF350531	154657
5950	FJ565228	154657
5950	FJ565268	590314
5950	FJ565270	476180
5950	FJ565271	590313
5950	FJ565272	590306
5950	FJ565274	590309
5950	FJ565281	590311
5950	FJ565287	590315
5950	FJ565288	590308
5950	FJ565289	590310
5950	FJ565290	590305
5950	FJ565653	476180
5950	KF146337	1352766
5950	KF146338	1352767
5951	AF350541	154668
5951	FJ565261	427342
5951	FJ565262	493960
5951	FJ565601	493960
5951	FJ565643	154668
5952	AF350552	154702
5952	FJ565407	585875
5952	FJ565546	154702
5952	FJ565649	154702
5953	AF350574	154730
5954	AF350577	154731
5954	FJ565629	590345
5955	AF350578	154737
5955	AF350580	154736
5955	AF350581	154735
5955	FJ565187	590352
5955	FJ565225	590350
5955	FJ565502	154736
5955	FJ565550	154737
5955	FJ565568	588033
5955	FJ565620	494580
5955	FJ565621	590351
5956	AF350744	154836
5957	AF350796	154909
5957	AF350831	154916
5957	AF432982	154909
5957	FJ565320	590293
5957	FJ565513	154909
5957	FJ565514	590578
5957	FJ565570	590579
5958	AF350821	154933
5958	FJ565291	154933
5958	FJ565354	590280
5958	FJ565402	590549
5958	FJ565538	590284
5958	FJ565622	154705
5959	AF350825	154919
5959	FJ565572	154933
5959	FJ565574	154933
5960	AF350828	154700
5960	FJ565356	154700
5961	AF350833	154947
5961	FJ565392	590550
5961	FJ565496	590519
5961	FJ565553	590520
5962	AF350834	154950
5962	FJ565592	590516
5963	AF350836	154948
5963	AF350837	154949
5963	AF350839	154946
5963	AF350840	154943
5963	AF350842	154945
5963	FJ565305	154948
5963	FJ565489	590517
5963	FJ565498	590552
5963	FJ565499	590518
5963	FJ565500	154949
5963	FJ565607	154949
5964	AJ584757	133317
5965	AJ584798	69066
5965	AJ584823	248390
5966	AJ783638	109470
5966	AJ783640	109057
5966	KX897896	1671027
5966	KX897897	1671027
5966	KX897898	1671027
5966	KX897899	1671027
5966	KX897900	1671027
5966	KX897901	1671027
5966	KX897902	1671027
5966	KX897903	1671027
5966	KX897904	1671027
5966	KX897905	1671027
5966	KX897906	1671027
5966	KX897907	1671027
5966	KX897908	1671027
5966	KX897909	1671027
5966	KX897910	1671027
5966	KX897911	1671027
5966	KX897912	1671027
5966	KX897913	1671027
5966	KX897914	1671027
5966	KX897915	1671027
5966	KX897916	1671027
5966	KX897917	1671027
5966	KX897918	1671027
5966	KX897919	1671027
5966	KX897920	1671027
5966	KX897921	1671027
5966	KX897922	1671027
5966	KX897923	1671027
5966	KX897924	1671027
5966	KX897925	1671027
5966	KX897926	1671027
5966	KX897927	1671027
5966	KX897928	1671027
5966	KX897929	1671027
5966	KX897930	1671027
5966	KX897931	1671027
5966	KX897932	1671027
5966	KX897933	1671027
5966	KX897934	1671027
5966	KX897935	1671027
5967	AJ783646	3508
5968	AJ783647	60428
5969	AM745769	446966
5969	AM745773	446968
5969	AM745781	446971
5969	AM745794	446973
5969	AM745796	446974
5969	AM745800	446976
5969	AM745804	300987
5969	AM745808	300987
5970	AM748815	344351
5971	AY273746	212066
5972	AY552115	233732
5973	AY552527	4039
5973	X17534	4039
5974	AY705904	294283
5974	AY705905	294285
5974	AY705906	294286
5974	KX872901	345915
5974	KX872902	345915
5974	KX873137	640593
5974	KX873141	1940275
5974	KX873142	345912
5974	KX873143	345913
5974	KX873144	345913
5974	KX873145	345913
5974	LR699049	345912
5974	LR699052	345912
5975	AY730310	153780
5976	AY870024	310191
5976	AY870025	310191
5977	AY870093	310208
5978	AY936740	319616
5979	DQ210257	350123
5979	DQ210324	350123
5979	DQ210365	350271
5979	DQ210407	350123
5979	DQ210501	350123
5980	DQ450467	377590
5980	DQ450469	377591
5980	DQ450471	377593
5980	DQ450472	140578
5980	DQ450477	377596
5980	DQ450479	377597
5981	EU123587	481970
5982	EU123592	481973
5982	EU123593	481973
5983	EU123601	481976
5983	EU123602	481976
5984	EU123609	481979
5985	EU145344	59731
5986	EU145367	60060
5986	KF704971	273785
5986	KF704987	1406734
5987	EU145369	353875
5987	KF705001	358839
5988	EU331133	490654
5989	EU441208	506639
5989	FJ565469	506639
5989	FJ565524	590779
5990	EU498146	511777
5990	EU498147	511777
5990	EU498157	511786
5990	EU498158	511786
5991	EU498150	511779
5991	EU498151	511780
5992	EU792341	15957
5993	FJ565190	585870
5993	FJ565203	587973
5993	FJ565324	585860
5993	FJ565386	590503
5993	FJ565406	585863
5993	FJ565410	585860
5993	FJ565417	590503
5993	FJ565421	590492
5993	FJ565422	585873
5993	FJ565423	585865
5993	FJ565426	590541
5993	FJ565625	585867
5993	FJ565658	585879
5993	FJ565659	585874
5994	FJ565199	590504
5994	FJ565200	590509
5994	FJ565416	590513
5994	FJ565427	590501
5994	FJ565432	590511
5994	FJ565668	590511
5995	FJ565206	426860
5996	FJ565208	590341
5996	FJ565326	590780
5996	FJ565350	590781
5996	FJ565351	590746
5996	FJ565352	588031
5996	FJ565473	590778
5996	FJ565474	590572
5996	FJ565545	588031
5996	FJ565632	493941
5996	FJ565654	590344
5997	FJ565217	590494
5998	FJ565226	589425
5998	FJ565413	590506
5998	FJ565414	589425
5998	FJ565418	590507
5998	FJ565419	585885
5998	FJ565420	590493
5998	FJ565425	590540
5998	FJ565428	590510
5998	FJ565430	589425
5999	FJ565238	45174
5999	FJ565573	590353
5999	FJ565604	45174
6000	FJ565242	585859
6001	FJ565250	426856
6001	FJ565393	426856
6002	FJ565251	590490
6002	FJ565309	590484
6002	FJ565312	590486
6002	FJ565364	590487
6002	FJ565394	590535
6002	FJ565463	590485
6002	FJ565475	590489
6002	FJ565521	590536
6002	FJ565523	590491
6002	FJ565525	587966
6002	FJ565602	590491
6003	FJ565300	154696
6003	FJ565376	590545
6003	FJ565482	590547
6003	FJ565613	590273
6004	FJ565339	426942
6005	FJ565358	585878
6006	FJ565359	590323
6007	FJ565396	588016
6008	FJ565409	590495
6009	FJ565424	590505
6010	FJ565431	585881
6011	FJ565441	589559
6011	FJ565655	590347
6012	FJ565459	588013
6012	FJ565660	588013
6013	FJ565470	590317
6013	FJ565476	590320
6013	FJ565544	590318
6013	FJ565555	590319
6013	PP767957	3144962
6014	FJ565505	587998
6014	FJ565571	590279
6014	FJ565588	587998
6015	FJ565616	590286
6016	FJ794623	273535
6017	GU799497	886969
6018	GU799498	515864
6019	GU799500	886970
6020	HM042458	409381
6021	HM042471	477808
6022	HM347005	796511
6023	HQ665018	118894
6023	HQ665019	118894
6023	HQ665020	118894
6023	HQ665024	181252
6023	HQ665025	181252
6023	HQ665027	980896
6023	HQ665028	980896
6023	HQ665029	980896
6023	HQ665030	980896
6024	JF831208	580468
6025	JF831210	1134484
6026	JF831217	1134481
6027	FJ565597	587995
6027	JN189791	587995
6027	JN189792	983436
6028	JQ306387	1164757
6028	JQ306390	1164767
6028	JQ306407	1164770
6028	JQ306408	1164770
6028	JQ306483	1164750
6028	JQ306500	1164766
6028	JQ995333	1281848
6028	KF747838	1499155
6028	MN551425	1164750
6028	MN551427	2747842
6028	MN551462	1164762
6028	MN551466	1164767
6029	JQ306396	1164784
6029	JQ306397	1164751
6029	MN551471	1164769
6030	JQ306467	1164747
6030	MN551422	1164747
6031	JQ306471	1164769
6031	JQ306472	1164769
6031	MN551440	1164755
6031	MN551444	2747848
6031	MN551453	2747827
6032	JQ306480	1164765
6032	MN551433	2747861
6033	JX152696	1226394
6033	JX152698	1224777
6033	JX152699	1224777
6033	JX152703	149660
6033	JX152706	149660
6033	JX152707	149661
6033	JX152708	149660
6033	JX152723	149661
6033	JX152728	1224782
6033	JX152729	1224782
6033	JX152730	1224782
6034	KC200588	1280772
6035	KC200861	1174810
6036	KC425744	1413719
6036	KP012353	1413719
6036	KP012354	1413719
6036	KP012356	1413719
6037	KC425808	494573
6038	KC955362	694555
6039	KC200576	198736
6039	KC200707	1174751
6039	KC955383	198736
6039	KC955384	198736
6039	KC955503	198736
6039	KC955504	198736
6039	KC955611	1478085
6039	KC955713	198736
6039	OQ099811	1378327
6040	KC955404	1173641
6040	KC955495	1173641
6041	KC200869	1174816
6041	KC955425	1378350
6041	KC955426	1378350
6041	KC955433	1469214
6041	KC955636	1469221
6042	KC955464	1378343
6042	KC955465	1378343
6043	KC200598	178750
6043	KC200626	1174725
6043	KC200751	1120445
6043	KC200752	1120445
6043	KC200753	1120445
6043	KC200916	138025
6043	KC200918	138025
6043	KC201111	1174903
6043	KC201112	1174903
6043	KC201139	1280829
6043	KC201140	1280829
6043	KC201141	1280829
6043	KC955438	1378395
6043	KC955518	1174743
6043	KC955650	1280829
6043	KC955682	178750
6043	KC955686	1174743
6043	KC955689	1120445
6043	KC955690	1280808
6043	KC955691	138025
6043	KC955692	138025
6043	KC955696	683736
6043	KC955697	683736
6043	KC955698	479624
6043	KC955699	479624
6043	KC955702	1378415
6043	KC955707	1174903
6043	KC955709	1174917
6043	KC955710	1174917
6043	KC955758	1120445
6043	KC955759	1120445
6043	OQ099822	1680469
6044	JQ248879	1120450
6044	KC200637	1174736
6044	KC200638	1174736
6044	KC200639	1174736
6044	KC200721	198740
6044	KC200808	1174786
6044	KC200809	1174786
6044	KC200810	1174786
6044	KC200822	1120450
6044	KC200921	138026
6044	KC200922	138026
6044	KC201157	1174916
6044	KC955330	1378329
6044	KC955338	139014
6044	KC955736	1469237
6044	KC955749	1120475
6044	KC955750	1120475
6044	KC955751	1120475
6044	KC955754	1378379
6044	KC955755	1378379
6044	OQ099825	3015848
6045	KC200992	138036
6045	KC955355	1173671
6045	KC955583	1173671
6045	KC955584	1173671
6045	KC955753	138036
6046	KC990708	1482627
6046	KC990709	1482628
6046	KT183415	1482628
6046	KU532896	1482628
6046	KU532901	1933654
6047	KF704974	358834
6048	KF704980	1406743
6049	KF921695	468140
6050	KJ400893	161101
6051	KM025166	1237123
6051	MK165475	1470420
6052	KM051438	3668
6052	MN257713	2600457
6053	KP012351	1688744
6053	KP012357	1688744
6054	KP100299	33121
6055	KT709684	1718819
6056	KT709688	1714826
6056	KT709689	1714827
6056	KX687838	1714826
6057	KU289672	309178
6057	KU289673	309178
6057	KU289674	309178
6057	KU289677	1932181
6057	KU289678	1932178
6058	KX281081	203478
6059	KX872915	96047
6059	KX872916	96047
6059	KX872956	2030666
6059	KX873079	2030718
6059	KX873186	416025
6059	KX873187	416025
6060	KX872935	37720
6060	LR699051	37720
6060	LR699054	37720
6061	KX873115	29679
6062	KX873185	335190
6063	KY214932	574483
6064	KY321095	321576
6064	KY321096	321576
6065	KY988912	2016635
6066	LC489166	2593990
6067	MF944260	2058510
6068	MG321413	1370101
6069	MH341198	2578424
6070	AJ783636	12990
6070	MH710986	139404
6070	MN792640	12990
6070	MN792798	12990
6070	MN795134	175951
6070	MN795483	12990
6070	MN795484	12990
6070	MN795485	12990
6070	MN795486	12990
6070	MN795487	12990
6070	MN795489	12990
6070	MN795490	12990
6070	MN808604	12990
6070	MN808605	12990
6070	MN808606	12990
6070	MN808607	12990
6070	MN808608	12990
6070	MN808609	12990
6070	MN808610	12990
6070	MN808611	12990
6070	MN808612	12990
6070	MZ317330	12990
6071	MH711001	176864
6072	MK302266	2703808
6073	MN585153	2676867
6073	MN585154	2676867
6073	MN585155	2676867
6074	MN825390	2613426
6074	MN825391	2613426
6075	MT023903	2590694
6075	MT023909	2590696
6076	MT023950	1835386
6077	MZ575595	2983403
6078	OM141017	55765
6079	KC425740	1413770
6079	KP012335	1688705
6079	KP012337	1688705
6079	KP012338	1413770
6079	KP012339	1688703
6079	KP012341	1413770
6079	KP012342	1688705
6079	KP012346	1688703
6079	KP012347	1413770
6079	KP012350	1413770
6079	ON391672	2939470
6079	ON391673	2939469
6079	ON391674	1688705
6079	ON391675	1688705
6079	ON391677	2939471
6080	ON557633	76029
6081	ON557636	76031
6082	EF635480	450842
6082	JF831216	1134488
6082	ON557640	137681
6082	ON557641	76040
6083	ON557643	2945697
6083	ON557644	580466
6083	ON557645	580467
6083	ON557646	2945694
6083	ON557647	2945695
6083	ON557649	76036
6084	OQ451570	3028928
6084	OQ451572	3028927
6084	OQ451580	3028934
6085	OQ786055	2508689
6086	OR418062	2613457
6087	PV495198	281086
6087	PV495199	281086
6087	PV495200	281086
6087	PV661557	1676247
6088	PV810002	2839963
6088	PV810073	2839963
6089	PV901411	665498
6089	PV901442	407937
6090	PV901656	112879
6090	PV901658	112879
6091	AB762287	309349
6092	AF239366	125248
6092	AF239367	125170
6093	AF239369	125132
6093	AF239371	78784
6094	AF262806	125531
6095	AF262826	125540
6095	KC425739	1414695
6095	KC425837	1413769
6095	KP012336	125540
6095	KP012340	1688702
6095	KP012343	1413769
6095	KP012344	125540
6095	KP012345	1413769
6095	KP012348	1688701
6095	KP012349	1688706
6095	KP012352	1688745
6095	KP012355	1688745
6095	KP012358	1688745
6095	KP012359	1688727
6095	KP012360	1688726
6095	KP012368	1688725
6095	KP012373	1688729
6095	KP012374	1688727
6095	KR827585	1688729
6095	KR827588	1688701
6095	ON391676	1688701
6095	ON391678	1688706
6096	AF262827	125539
6096	JF934798	494556
6096	JF934799	1053645
6096	JF934800	1053645
6096	JF934801	1053666
6096	JF934806	494575
6096	JF934823	494575
6096	JQ995339	1053645
6097	AF262845	125524
6098	AF350508	154673
6099	AF350510	154683
6099	DQ315823	154683
6100	AF350521	154659
6100	FJ565440	590223
6101	AF350551	154701
6101	FJ565207	590502
6101	FJ565323	585882
6101	FJ565412	590508
6101	FJ565429	590498
6101	FJ565650	585882
6101	FJ565667	590498
6101	FJ565670	590499
6102	AF350561	154707
6102	AF350876	154707
6102	AF350877	154940
6102	AF432977	154707
6102	AF432978	154940
6102	AF432979	174245
6102	FJ565234	590559
6102	FJ565249	590558
6102	FJ565610	154940
6103	AF350572	154718
6103	AF350832	154718
6103	FJ565497	590551
6104	AF350795	154869
6104	AF350830	154918
6104	FJ565278	154869
6104	FJ565443	590768
6105	AF350879	154942
6105	AF432981	154942
6106	AJ492460	33119
6107	AJ584755	133354
6108	AJ584804	248449
6108	AJ584820	248448
6109	AJ584752	133325
6109	AJ584813	248391
6109	AJ584815	133325
6110	AJ584816	133369
6111	AM745811	446979
6111	AM745813	446979
6112	AM745815	446980
6112	AM745817	446980
6113	DQ210323	350705
6114	DQ210372	350177
6114	DQ210507	350739
6114	DQ461789	381208
6114	DQ461791	381207
6114	KP323304	78744
6115	DQ315819	363336
6116	DQ315847	363398
6117	DQ315849	363394
6117	FJ565606	590570
6118	EF065706	125149
6118	EF065707	125149
6119	EU123594	78751
6120	EU123610	481980
6121	EU145383	61933
6121	HM042461	477782
6122	EU436972	245242
6123	EU792330	368332
6123	EU792331	368332
6124	EU792361	368336
6124	EU792362	368336
6124	EU792363	545875
6125	FJ565214	590324
6126	FJ565264	588019
6127	FJ565321	426923
6127	FJ565365	426923
6128	FJ565337	587968
6129	FJ565342	587965
6129	FJ565461	590488
6130	FJ565344	590271
6130	JN189789	983439
6131	FJ565395	588001
6132	FJ565537	154919
6133	FJ565581	590530
6134	FJ565585	590270
6134	FJ565626	590268
6135	FJ565627	154941
6136	FJ565635	427065
6137	FJ605183	592418
6138	FJ605218	592430
6139	FJ794620	273558
6140	FJ794626	273559
6141	GU220011	701101
6142	GU799493	271697
6142	GU799494	271697
6142	GU799495	271697
6142	GU799501	271697
6142	GU799502	271697
6143	HM042462	60067
6144	HM347022	977946
6145	JF831212	1134477
6145	ON557639	580468
6145	ON557642	1134477
6146	JF831213	1134479
6147	JQ248893	1173658
6147	KC200578	178749
6147	KC201073	1174892
6147	KC955379	1173636
6147	KC955380	1173636
6147	KC955482	1378414
6147	KC955499	1173636
6147	KC955500	1173636
6147	KC955549	1378392
6147	KC955550	1378392
6147	KC955661	178749
6148	JQ306383	1166477
6148	JQ306385	1164789
6148	JQ306485	1164788
6148	KC425794	125487
6148	KC425795	1414704
6148	KC425797	1414704
6148	KC425824	1545993
6148	KF747806	1499171
6149	JQ995350	1281861
6150	JX152719	1224779
6150	JX152720	1224779
6151	KC200675	694534
6152	JQ306384	1164787
6152	KC425815	1414705
6153	KC200610	1174714
6153	KC200611	1174714
6153	KC200612	1174714
6153	KC200613	1174714
6153	KC200679	1280798
6153	KC200699	205034
6153	KC200952	209392
6153	KC200955	209392
6153	KC200993	1174859
6153	KC201024	1174871
6153	KC201025	1174871
6153	KC201026	1174871
6153	KC201027	1174871
6153	KC201079	1173663
6153	KC955374	694554
6153	KC955475	1378401
6153	KC955476	1378401
6153	KC955514	1378404
6153	KC955515	1378404
6153	KC955590	694554
6153	KC955673	209394
6153	KC955726	139013
6153	KC955727	1478084
6154	KC200632	1174730
6154	KC955574	1173639
6155	KC201045	1174878
6155	KC955626	1378412
6156	KC955649	1378425
6157	KC200614	1174715
6157	KC200641	205030
6157	KC200696	1174748
6157	KC201074	1173661
6157	KC201100	1174899
6157	KC955371	1173661
6157	KC955586	1173661
6157	KC955716	1173661
6157	KC955728	1173661
6157	KC955756	138035
6157	KC955757	138035
6158	KF704975	60059
6159	KF704976	1406738
6160	KF704984	1008919
6161	KF747782	1499160
6162	KF747789	1499165
6163	KF747830	1413766
6163	KF747831	1413766
6164	KP012465	494573
6165	KP012467	125491
6165	KR816547	125491
6165	KY084282	125491
6166	KP904135	1775656
6166	KP904137	1775654
6166	KP904138	1775657
6166	KP904140	1775647
6166	KP904141	1775660
6166	KP904143	1775650
6166	KP904144	1775655
6166	KP904146	1775646
6166	KP904147	1775651
6166	KP904149	1775648
6166	KP904150	111809
6166	KP904151	1775659
6166	MH400502	142549
6166	MH400503	142549
6166	MH400504	142549
6166	MH400506	142549
6166	MH400507	142549
6166	MH400508	142549
6166	MH400510	142549
6166	MH400511	142549
6166	MH400513	142549
6166	MH400514	142549
6166	MH400515	142549
6167	KP904136	142553
6167	KP904142	1775649
6167	KP904152	1081550
6167	KP904154	1081550
6167	MH400516	142549
6168	KR922351	1857007
6168	KR922352	1857007
6168	KR922353	1857007
6168	KR922354	1857007
6168	KR922355	1857007
6168	KR922356	1857004
6168	KR922357	1857004
6168	KR922358	1857006
6168	KR922359	1857006
6168	KR922360	1857005
6168	KR922361	1857005
6168	KR922362	1857005
6168	KR922363	1857005
6168	KR922364	1857007
6168	KR922365	1857007
6168	KR922366	1857007
6168	KR922367	1857007
6168	KR922368	1857007
6169	KT709695	1714829
6170	KU289675	515876
6170	KU289676	515876
6171	KU532891	1933647
6171	KX016099	1933644
6171	KX016103	1933646
6171	KY674523	1963006
6172	KY306645	162897
6173	KY968851	48034
6174	MH187214	3498
6174	MH187215	3498
6174	MH187216	3498
6174	MH187217	3498
6174	MH187218	3498
6174	MH187219	3498
6174	MH187220	3498
6174	MH187221	3498
6175	MH341195	2578425
6175	MH341196	2578425
6176	MH377857	1920199
6176	MH377858	1920199
6176	MH377859	1920199
6176	MH377860	1920199
6177	MH377873	1155366
6178	MH979036	2364551
6179	MN257763	40922
6179	MN257830	2849586
6180	MN332395	2748459
6181	MN824850	89639
6181	MN824851	89639
6181	MN824852	89639
6181	MN824853	89639
6181	MN824856	89639
6181	MN825636	2607093
6181	MN825637	2607093
6181	MN825638	2607093
6181	MN825730	2607161
6181	MN825731	2607161
6181	MN825732	2607161
6182	MN825189	139747
6183	MN825244	89645
6183	MN825245	89645
6184	MN825500	2575954
6184	MN825501	2575954
6184	MN825502	2575954
6184	MN825503	2575954
6184	MN825504	2575954
6184	MN825505	2575954
6184	MN825506	2575954
6184	MN825507	2575954
6185	MN825679	2613464
6186	MN825227	2613399
6186	MN825756	2607165
6186	MN825955	619597
6187	MN824827	2607102
6187	MN825787	2607167
6187	MN825788	2607167
6187	MN825789	2607167
6187	MN825826	2613477
6187	MN825942	2613497
6188	MN824955	2607107
6188	MN825002	2613363
6188	MN825459	2613441
6188	MN825914	2613491
6188	MN825975	2607178
6188	MN825976	2607178
6188	MN825977	2607178
6188	MN825978	2607178
6188	MN825979	2607178
6188	MN825980	2607178
6189	MN825944	2613498
6190	MN826038	398502
6190	MN826039	398502
6190	MN826040	398502
6191	MN826047	2613520
6192	MN826057	197425
6193	LC489161	2593986
6193	MT922579	948045
6194	MH710800	52451
6194	MT922582	428563
6195	MT922596	2764673
6196	MW527093	2760760
6197	MZ927408	2035328
6198	ON557634	2945696
6198	ON557637	76037
6199	ON557638	76039
6200	KT159291	1482629
6200	OP919392	1482629
6200	OP919393	1482629
6200	OP919394	1482629
6200	OP919395	1482629
6200	OP919396	1482629
6200	OP919397	1482629
6200	OP919398	1482629
6200	OP919400	1482629
6200	OP919402	1482633
6200	OP919404	1482633
6200	OP919408	1482633
6200	OP919409	1482633
6200	OP919411	1482633
6200	OP919419	1482633
6200	OP919420	1482633
6200	OP919421	1482633
6200	OP919422	1482633
6200	OP919423	1482633
6200	OP919426	1482633
6200	OP919428	1482633
6200	OP919430	1482633
6200	OP919431	1482633
6200	OP919432	1482633
6200	OP919435	1482633
6200	OP919436	1482633
6200	OP919438	281085
6200	OP919439	281085
6200	OP919440	1482633
6200	OP919442	1482633
6200	OP919443	1482633
6200	OP919444	1482633
6200	OP919449	1482633
6200	OP919451	1482633
6200	OP919452	1482633
6200	OP919453	1482633
6200	OP919454	1482633
6200	OP919455	1482633
6200	OP919457	1482633
6200	OP919458	1482633
6200	OP919460	1482633
6200	OP919461	1482633
6200	OP919463	1482633
6200	OP919464	1482633
6201	OQ099819	3015825
6202	OQ786069	1280382
6203	OR347583	149642
6203	OR347584	3064183
6204	PV476765	3415589
6205	PV770039	2745869
6205	PV770040	2745869
6205	PV770041	2745869
6205	PV770042	2745869
6206	PV901385	375999
6206	PV901387	375999
6207	AF262828	125490
6207	JF934789	125490
6207	JF934790	125490
6208	AF262829	125391
6209	AF350509	154720
6209	DQ315835	363349
6209	DQ315836	363403
6209	FJ565184	154720
6209	FJ565185	363349
6209	FJ565593	363349
6209	FJ565594	588006
6210	AF350512	154734
6210	DQ315883	154734
6210	DQ315884	363385
6210	DQ315885	363402
6210	FJ565232	154734
6210	FJ565239	590573
6210	FJ565468	363385
6211	AF350550	154690
6212	AJ347912	171908
6212	JX233772	171908
6213	AJ550609	133359
6213	AJ550611	133359
6214	AJ584754	133348
6214	AJ584768	248405
6214	AJ584807	248404
6215	AJ584758	133364
6216	AJ584796	248406
6217	AJ584797	248394
6217	AJ584818	248397
6217	AJ584824	248396
6217	AJ584825	248395
6218	AM404337	406083
6219	AM404334	318960
6219	AM404338	318965
6219	AM404339	318963
6220	AM745821	300998
6221	AM939519	499965
6222	AY560316	4124
6222	KC528870	1434963
6222	KC528871	267588
6223	AY560319	267607
6224	DQ210183	350416
6224	DQ210185	350416
6225	DQ210259	350217
6225	DQ210508	350217
6226	DQ315818	363335
6226	DQ315886	363387
6226	DQ315887	363388
6226	FJ565619	588038
6226	MZ575600	363387
6226	MZ575603	363388
6226	MZ575606	363335
6227	DQ385570	372389
6227	DQ385571	372390
6227	DQ385572	372391
6228	FJ426283	574678
6229	FJ565243	590560
6230	FJ565551	590521
6231	FJ794661	273564
6232	FJ794679	273543
6233	HM042459	128269
6234	HM347006	348215
6234	HM347031	41982
6235	HQ608223	929741
6236	JF934766	1053664
6236	JF934767	1053664
6237	AF262831	125471
6237	JF934787	125471
6237	JF934788	125471
6238	JF934791	1053655
6238	JF934792	1053655
6239	JF934794	125503
6239	JQ995355	125503
6239	MN332391	125503
6240	JF934796	1053654
6240	JF934797	1053654
6241	AF262843	125509
6241	JF934803	125509
6241	JF934804	1053650
6241	JF934805	1053650
6241	JF934809	1053661
6241	JQ995345	1281857
6241	JQ995347	1053661
6241	JQ995359	1281864
6242	JF934807	494545
6242	JF934808	494545
6243	JQ248895	694554
6243	KC955457	1378335
6244	JQ306410	1053659
6245	JQ995328	1281891
6245	JQ995329	1281891
6245	JQ995330	1281891
6245	KY988976	2016695
6246	JQ995360	1281865
6246	JQ995361	1281865
6247	JX152664	149652
6248	JX870759	138053
6248	KF921700	1549835
6249	JX996124	3668
6250	KC200621	1174721
6250	KC200622	1174721
6250	KC200623	1174721
6250	KC200624	1174721
6250	KC201090	1174895
6251	KC200830	1173648
6251	KC200831	1173648
6252	KC201029	1174873
6253	KC425796	125487
6253	KC425799	1414703
6253	KF747813	125487
6253	KF747814	125487
6254	KC528873	1428875
6254	KC528876	1428898
6254	MN879544	1428929
6255	KC955335	1378354
6256	KC955344	1378341
6256	KC955345	1378341
6256	KC955516	1378341
6256	KC955517	1378341
6257	KC200980	1173659
6257	KC200981	1173659
6257	KC200988	139013
6257	KC955403	698353
6257	KC955409	139013
6257	KC955493	698353
6257	KC955565	139013
6258	KC955430	1469216
6259	KC955458	1378335
6260	KC200823	1280809
6260	KC955432	1378346
6260	KC955442	1469228
6260	KC955466	1378398
6260	KC955582	1378332
6260	KC955655	1378417
6260	KC955656	1378420
6261	KC200902	1174831
6261	KC200968	1174852
6261	KC955609	1478083
6261	KC955640	1378436
6262	KC955678	1378374
6263	KC955685	1174743
6264	KC200744	205039
6264	KC955645	1378387
6264	KC955724	1378365
6265	HM116949	138028
6265	JQ248866	1120442
6265	KC200650	1174738
6265	KC200805	694542
6265	KC201094	1280827
6265	KC955356	1378434
6265	KC955357	1378434
6265	KC955369	1174907
6265	KC955376	138028
6265	KC955398	1120477
6265	KC955596	1174907
6265	KC955653	1120457
6265	KC955668	384947
6265	KC955734	1469240
6265	KC955735	1469240
6265	KC955743	139017
6265	OQ099831	3015846
6266	KF747840	1499149
6266	KY084293	125482
6267	KJ411707	1582216
6268	EF670387	280448
6268	KM025156	1470421
6268	KM025157	1470422
6269	KM051435	85712
6269	LC822849	357850
6269	LC822850	357850
6269	LC822851	357850
6269	LC822852	357850
6269	LC822853	357850
6269	LC822854	357850
6269	LC822855	357850
6269	LC822856	357850
6269	LC822857	357850
6269	LC822858	357850
6269	LC822859	357850
6269	LC822860	357850
6269	LC822861	357850
6269	LC822862	357850
6269	LC822863	357850
6269	LC822864	357850
6269	LC822865	357850
6269	LC822866	357850
6269	LC822867	357850
6269	LC822868	357850
6269	LC822869	357850
6269	LC822870	357850
6269	LC822871	357850
6269	LC822872	357850
6269	LC822873	357850
6269	LC822874	357850
6269	LC822875	357850
6269	LC822876	357850
6269	LC822877	357850
6269	LC822878	357850
6269	LC822879	357850
6269	LC822880	357850
6269	LC822881	357850
6269	LC822882	357850
6269	LC822883	265806
6269	LC822884	265806
6269	LC822885	3144954
6269	MH712638	2292145
6270	KM051440	368926
6271	KP012361	1688725
6271	KP012362	1688725
6271	KP012369	1688724
6271	KP012370	1688725
6271	KP012372	1688721
6271	KP012376	1281847
6271	KP012377	1688722
6271	KR827587	1729941
6271	KX844981	1688724
6272	KP794862	227222
6273	KP904145	1775661
6273	KP904148	142552
6273	MH400512	142549
6273	MH400518	142549
6273	MH400519	142549
6274	KT709686	1718264
6274	KX687846	1718264
6275	KT779118	690718
6276	KT779119	871265
6276	KT779124	870953
6276	KT779125	870953
6277	KT779120	223757
6277	KT779121	1768000
6278	KX016108	2071992
6278	KX016109	2071992
6279	KY306626	162843
6280	KY688768	2035327
6280	KY688818	2035337
6281	LC489167	359506
6281	LC489169	359506
6281	LC489177	359506
6282	MG523317	255883
6283	MH400509	142549
6283	MH400517	142549
6284	MH710781	885953
6285	MK306362	2502939
6285	MK306365	2502939
6286	MN332376	142260
6287	MN332409	125549
6288	MN824815	89636
6288	MN824816	89636
6288	MN824817	89636
6289	MN824875	2613357
6289	MN824972	2613360
6290	MN825016	2607091
6290	MN825017	2607091
6291	MN825038	2613341
6291	MN825045	2613371
6291	MN825783	2607166
6291	MN825784	2607166
6292	MN825139	2613379
6292	MN825140	2613379
6292	MN825142	2613379
6292	MN825143	2613379
6292	MN825144	2613379
6293	MN825327	89646
6293	MN825328	89646
6293	MN825329	89646
6293	MN825330	89646
6293	MN825332	89646
6294	MN825400	2613427
6294	MN825821	1580156
6294	MN825822	1580156
6294	MN825846	197400
6295	MN825434	223563
6295	MN825435	223563
6295	MN825436	223563
6295	MN825437	223563
6295	MN825438	223563
6296	MN825443	2607135
6296	MN825693	2607157
6296	MN825897	2607174
6296	MN825898	2607174
6297	MN825543	2607142
6297	MN825544	2607142
6297	MN825545	2607142
6297	MN825896	2607174
6298	MN825598	2511968
6298	MN825599	2511968
6298	MN825711	139754
6298	MN825712	139754
6298	MN825713	139754
6298	MN825714	139754
6298	MN825715	139754
6299	MN825406	89648
6299	MN825407	89648
6299	MN825641	89654
6299	MN825642	89654
6299	MN825643	89654
6299	MN825644	89654
6299	MN825875	2613485
6300	MN825660	139753
6300	MN825662	139753
6301	MN825860	2029531
6301	MN825861	2029531
6301	MN825862	2029531
6302	MN825996	2613507
6303	MT023883	347912
6304	MT922573	82079
6305	MT922584	48032
6306	MT922594	2764672
6307	MT951409	510743
6308	OM141079	2907180
6309	PQ474540	1289414
6310	AF239320	125111
6310	AY870077	310149
6310	EU123580	125111
6311	AF239390	125118
6311	AF350506	154741
6311	FJ565223	154741
6312	AF239391	125153
6312	AF350507	125153
6312	DQ315824	363342
6312	DQ315825	363343
6312	FJ565170	125153
6312	KX687833	125153
6312	KX687834	2035719
6313	AF262866	125515
6314	AF262900	125555
6314	JQ306456	2502943
6314	KX844978	2020304
6314	KY988984	125555
6314	KY988993	2016705
6314	MK306373	2502943
6314	MK306374	2502944
6314	MK306375	2502977
6314	MK306376	2502977
6315	AF239392	78848
6315	AF350511	78848
6315	DQ315845	363396
6315	DQ315846	363397
6316	AJ584759	133344
6317	AJ584756	133319
6317	AJ584760	248418
6317	AJ584761	248437
6317	AJ584762	248399
6317	AJ584763	248423
6317	AJ584764	248425
6317	AJ584767	248413
6317	AJ584771	248414
6317	AJ584775	248430
6317	AJ584776	248433
6317	AJ584779	248434
6317	AJ584780	248427
6317	AJ584781	248435
6317	AJ584782	248424
6317	AJ584783	248436
6317	AJ584786	248421
6317	AJ584788	248440
6317	AJ584793	248417
6317	AJ584794	248415
6317	AJ584795	185777
6317	AJ584805	248431
6317	AJ584808	248441
6317	AJ584809	248442
6317	AJ584826	133362
6317	AJ584827	248446
6317	AJ584828	248438
6317	AJ584829	248431
6318	AJ584802	248402
6318	AJ584806	248401
6319	AM404336	318964
6320	AM745792	446972
6320	AM745802	300987
6321	AM745864	446996
6322	DQ315817	363334
6322	FJ565241	590230
6323	DQ315820	363338
6324	DQ315826	363344
6324	FJ565560	588007
6324	FJ565563	588007
6324	FJ565565	590299
6324	KX687830	2035717
6324	KX687832	2035718
6324	KX687835	590299
6325	DQ315827	363345
6325	FJ565561	363344
6325	KT709694	363345
6326	DQ315828	363390
6326	DQ315829	363391
6326	DQ315831	363346
6326	DQ315832	363389
6326	DQ315833	363393
6326	FJ565235	590561
6326	FJ565236	125118
6326	FJ565590	588008
6327	DQ315830	363392
6328	DQ315840	363352
6329	DQ315841	363353
6330	DQ315838	363351
6330	DQ315842	363354
6331	DQ315837	363350
6331	DQ315844	363382
6331	MF962882	2282988
6331	MF962883	2282987
6331	MF962884	2282986
6332	DQ315855	363362
6333	DQ315882	363384
6333	FJ565183	363384
6334	DQ385550	372376
6334	DQ385551	372376
6334	DQ385554	372379
6334	MN384666	388575
6335	DQ414859	175371
6336	EU436923	519162
6337	EU436944	519173
6337	KF154260	1399584
6337	KX440962	1399584
6337	KX440963	519173
6338	EU498141	111790
6339	EU498160	78788
6340	FJ381770	2777734
6341	FJ481925	110318
6341	FJ481926	582606
6342	FJ481927	49553
6342	KJ025063	54711
6343	FJ565370	587998
6343	FJ565591	590556
6344	FJ565391	590534
6344	FJ565403	590531
6345	FJ565526	590253
6345	FJ565527	125118
6346	FJ565564	588005
6346	FJ565630	590296
6346	FJ565634	588005
6346	KX687831	590296
6347	FJ794622	273557
6348	FJ794689	273566
6349	HM347037	121766
6350	HQ688669	946572
6351	JF332093	992840
6352	JF934757	1053670
6352	JF934758	1053670
6352	JQ995342	1281854
6352	MN332412	2748463
6353	JF934761	1053657
6353	JF934762	1053657
6353	KY988980	2016729
6354	AF262833	125488
6354	JF934802	1053666
6355	JQ248875	694537
6355	KC200760	694537
6355	KC201034	205061
6355	KC201039	205061
6355	KC201041	205061
6355	KC955452	1378375
6356	JQ995331	1281847
6356	KP012375	1688725
6356	KP012378	1688737
6356	KP012379	1688738
6357	JQ995357	1053673
6357	JQ995358	1053673
6357	KC425789	125485
6358	JQ995362	1281893
6358	JQ995365	125515
6358	JQ995366	1281894
6358	JQ995367	1281895
6358	KY988982	2016698
6359	KC200573	1174688
6360	KC200607	205021
6360	KC200608	205021
6360	KC200617	1174717
6360	KC200658	1280784
6360	KC200666	1173634
6360	KC200674	205031
6360	KC200690	1173638
6360	KC200863	1174812
6360	KC200876	1280814
6360	KC200905	1174834
6360	KC200906	1174834
6360	KC200933	1174843
6360	KC200936	1174844
6360	KC200947	694551
6360	KC201000	1173660
6360	KC201001	1173660
6360	KC201002	1173660
6360	KC201003	1173660
6360	KC201004	1173660
6360	KC201037	205061
6360	KC201076	1173662
6360	KC201077	1173662
6360	KC201078	1173662
6360	KC201081	1173663
6360	KC201085	1173663
6360	KC201109	1174902
6360	KC955337	1174859
6360	KC955351	1173629
6360	KC955359	1173662
6360	KC955360	1173662
6360	KC955372	1173660
6360	KC955378	1173655
6360	KC955385	795978
6360	KC955417	1378423
6360	KC955418	1378423
6360	KC955419	1378423
6360	KC955445	1469226
6360	KC955451	1378375
6360	KC955467	1378398
6360	KC955505	795978
6360	KC955506	795978
6360	KC955522	1173629
6360	KC955525	1173629
6360	KC955526	1378352
6360	KC955527	1378352
6360	KC955560	1174886
6360	KC955575	1173662
6360	KC955576	1173662
6360	KC955588	1173660
6360	KC955625	205021
6360	KC955637	1280784
6360	KC955674	1378355
6360	KC955680	1173660
6360	KC955693	1173660
6360	KC955700	1173662
6360	KC955701	1173662
6360	KC955775	1378413
6361	KC200653	1280780
6362	KC200646	1280779
6362	KC200647	1280779
6362	KC200716	694536
6362	KC200850	694546
6362	KC200977	205056
6362	KC200978	205056
6362	KC201108	866002
6362	KC201143	1174913
6362	KC201144	1174913
6362	KC201145	1174913
6362	KC201146	1174913
6362	KC201147	1174913
6362	KC201148	1174913
6362	KC201149	1174913
6362	KC201150	1174913
6362	KC201151	1174913
6362	KC955531	1378366
6362	KC955532	1378366
6363	KC200771	205043
6364	KC200832	1174796
6364	KC200966	205054
6364	KC955255	198753
6365	KC200951	1174848
6365	KC201007	1174864
6366	KC201030	1174874
6367	KC201165	1174918
6368	KC528888	1428913
6369	KC528995	1428857
6370	KC200868	1174815
6370	KC955581	1378333
6370	KC955610	139011
6370	KC955612	1478078
6370	KC955620	139004
6370	KC955624	1174698
6371	KC955752	1174866
6372	KF553452	435675
6373	KM051454	4047
6373	MN257851	4047
6374	KP012363	1688723
6374	KP012364	1688723
6374	KP012365	1688723
6374	KP012366	1688723
6374	KP012367	1688723
6374	KP012371	1688723
6374	KR827578	1688723
6374	KR827579	1688723
6374	KR827580	1688723
6374	KR827581	1688723
6374	KR827582	1688723
6374	KR827583	1688723
6374	KR827584	1688723
6374	KR827586	1688723
6374	KX844980	1688723
6375	KP904157	49994
6375	KP904158	49994
6376	KR150148	489418
6377	KR150151	1727905
6378	KT779116	69462
6379	KU647698	1930817
6380	KU720153	1891660
6380	KU720154	1891660
6380	KU720158	1891661
6381	KU532890	1933642
6381	KX016074	2071990
6381	KX016075	1933640
6381	KX016076	2071990
6381	KX016077	2071990
6381	KX016078	2071990
6381	KX016079	2071990
6381	KX016080	2071990
6381	KX016081	2071990
6381	KX016082	2071990
6381	KX016083	2071990
6381	KX016084	1933642
6381	KX016085	2071990
6381	KX016086	1933641
6381	KX016087	1482614
6381	KX016088	2071990
6381	KX016089	2071990
6381	KX016090	2071990
6381	KX016091	2071990
6381	KX016092	2071990
6381	KX016093	2071990
6381	KX016095	2071990
6381	KX016096	2071990
6382	KX024767	223753
6382	KX024769	223753
6382	KX024771	223753
6383	KX057904	485725
6383	KX057910	87083
6384	KX687827	2035715
6385	KY214928	94325
6386	KY214929	4639
6387	KY214930	133197
6388	KY411878	52570
6388	KY780583	4146
6388	KY780584	4146
6388	MZ687314	52570
6389	KY968898	3589
6390	KY968915	206307
6391	LC421224	1643425
6391	LC421225	1643425
6391	LC421226	915449
6391	LC457485	2508280
6391	LC457486	2508280
6391	LC457487	2508280
6391	LC457488	915449
6391	LC457489	915449
6391	LC457490	915449
6391	LC457491	915449
6391	LC457492	915455
6391	LC457493	915455
6391	LC457494	915455
6391	LC457495	915453
6391	LC457496	915453
6391	LC457497	915453
6391	LC457498	2508389
6391	LC457499	2508389
6391	LC457500	2508389
6391	LC504443	915450
6391	LC504444	915450
6391	LC504445	915450
6391	LC504446	915450
6391	LC504447	915450
6391	LC504448	915450
6391	LC504449	2652366
6391	LC504450	2652366
6392	MG008342	1821732
6393	MG523352	374730
6394	MG949378	162859
6395	MH298755	40916
6396	MH377865	2928656
6396	MH377866	2928656
6396	MH377867	2928656
6396	MH377868	2928656
6397	MH825853	1191042
6397	MH825854	1191042
6398	MK641671	2555508
6399	MN824800	2607088
6399	MN824801	2607088
6400	MN824802	89635
6400	MN824803	89635
6400	MN824804	89635
6401	MN824770	2613336
6401	MN824771	2613336
6401	MN824818	89637
6401	MN824821	89637
6401	MN824822	89637
6401	MN825044	2613370
6401	MN825278	368091
6401	MN825355	1580152
6401	MN825366	368092
6401	MN825559	1393930
6401	MN825560	1393930
6401	MN825561	1393930
6401	MN825654	368097
6401	MN825655	368097
6401	MN825716	1475411
6401	MN825815	2613476
6401	MN825837	2613481
6401	MN825838	2613481
6401	MN826051	1639860
6401	MN826052	1639860
6402	MN824974	2613361
6403	MN824975	2613361
6403	MN825180	2607120
6403	MN825375	2613423
6403	MN825376	2613423
6403	MN826048	2607184
6403	MN826049	2607184
6404	MN825018	2613367
6404	MN825019	2613367
6404	MN825936	139756
6404	MN825937	139756
6405	MN825106	2607118
6405	MN825107	2607118
6405	MN825108	2607118
6405	MN825109	2607118
6405	MN825110	2607118
6406	MN824812	2607099
6406	MN824835	2607103
6406	MN824836	2607103
6406	MN824837	2607103
6406	MN824838	2607103
6406	MN824859	2613354
6406	MN824862	2607105
6406	MN824863	2607105
6406	MN824864	2607105
6406	MN824865	2607105
6406	MN825023	2613368
6406	MN825035	2607113
6406	MN825145	139749
6406	MN825146	139749
6406	MN825147	139749
6406	MN825149	139749
6406	MN825172	2613386
6406	MN825236	2607123
6406	MN825269	2613405
6406	MN825273	2607126
6406	MN825274	2607126
6406	MN825307	2607127
6406	MN825308	2607127
6406	MN825312	2607128
6406	MN825313	2607128
6406	MN825365	368092
6406	MN825367	368092
6406	MN825368	368092
6406	MN825419	2607134
6406	MN825420	2607134
6406	MN825421	2607134
6406	MN825446	2607136
6406	MN825480	2613447
6406	MN825486	2607139
6406	MN825488	2607139
6406	MN825513	2607141
6406	MN825514	2607141
6406	MN825515	2607141
6406	MN825516	2607141
6406	MN825520	2613449
6406	MN825546	2607143
6406	MN825577	2682031
6406	MN825578	2682031
6406	MN825607	2607149
6406	MN825634	2607153
6406	MN825639	2607154
6406	MN825640	2607154
6406	MN825737	2607162
6406	MN825921	2613493
6406	MN825922	2613493
6406	MN826022	2613511
6406	MN826023	2613511
6406	MN826028	2607180
6406	MN826041	2613517
6406	MN826042	2613517
6407	MN825193	129203
6407	MN825194	129203
6407	MN825195	129203
6407	MN825886	368099
6408	MN825224	368090
6409	MN825235	2613400
6410	MN825265	2607125
6410	MN825266	2607125
6410	MN825267	2607125
6410	MN825726	2607160
6410	MN825727	2607160
6410	MN825728	2607160
6410	MN825812	2613475
6410	MN825813	2613475
6410	MN825939	2613496
6411	MN825380	2607132
6411	MN825381	2607132
6412	MN825442	2607135
6412	MN825444	2607135
6413	MN825666	89656
6413	MN825667	89656
6413	MN825668	89656
6413	MN825669	89656
6414	MN825680	638924
6414	MN825681	638924
6414	MN825682	638924
6414	MN825683	638924
6415	MN825717	2607526
6415	MN826027	2682084
6416	MN825816	1752865
6416	MN825817	1752865
6416	MN825818	1752865
6416	MN825819	1752865
6416	MN825820	1752865
6417	MN825832	2613480
6417	MN825833	2613480
6417	MN825835	2613480
6418	MN825894	1393931
6418	MN825895	1393931
6419	MN825910	691133
6419	MN825911	691133
6420	MN824793	2613349
6420	MN824794	2613349
6420	MN826033	2607182
6420	MN826034	2607182
6421	MW024056	2773782
6422	KM051464	4079
6422	MW079309	4079
6423	MZ191027	13447
6424	OP919414	1482633
6425	OQ786052	929489
6426	MN825865	89662
6426	OR418058	3068550
6427	PZ317650	3751
6427	PZ317651	3751
6428	AF239393	125187
6428	AF350513	125187
6428	DQ315850	363356
6428	DQ315853	363359
6428	DQ315854	363361
6428	DQ315856	363363
6428	DQ315857	363363
6428	DQ315858	363364
6428	DQ315860	363366
6428	DQ315864	363370
6428	DQ315865	363370
6428	DQ315867	363372
6428	DQ315868	363373
6428	DQ315869	363375
6428	DQ315871	363377
6428	DQ315872	363378
6428	DQ315873	125187
6428	DQ315874	363379
6428	DQ315876	363381
6428	FJ565186	590325
6428	FJ565377	590568
6428	FJ565378	363370
6428	FJ565379	590567
6428	FJ565381	590566
6429	AF350548	154685
6429	FJ565467	154685
6429	FJ565562	154685
6430	AF350549	154664
6430	FJ565195	154664
6431	AM939492	60225
6431	HE657681	60225
6432	AY552134	233705
6432	DQ154053	346559
6433	AF239330	125105
6433	DQ209999	350124
6433	DQ210221	125105
6433	DQ210332	350124
6433	DQ210487	125105
6433	DQ210511	350124
6434	DQ315822	363341
6434	FJ565447	363341
6435	DQ315848	363399
6436	DQ315852	363358
6436	DQ315861	363367
6436	DQ315875	363380
6436	DQ315877	363400
6436	DQ315878	363401
6436	FJ565380	590565
6436	FJ565603	588028
6437	DQ315866	363371
6437	DQ315870	363376
6438	DQ385552	372377
6439	DQ385553	372378
6439	DQ385588	372398
6440	DQ385555	372380
6441	EU436912	519455
6441	EU436913	519146
6441	EU436914	519184
6442	EU436925	519159
6443	FJ565233	590301
6444	FJ794660	273563
6445	FJ794675	273606
6446	FJ794653	273576
6446	FJ794683	273579
6447	JF934785	1053669
6447	JF934786	1053669
6448	KC200616	198737
6448	KC955676	1469213
6449	KC200642	205030
6449	KC201035	205061
6449	KC201036	205061
6449	KC201038	205061
6450	KC200729	1174759
6451	KC200736	1174763
6451	KC200865	1174813
6451	KC200866	1174813
6452	KC200779	1280807
6452	KC200780	1280807
6452	KC200781	1280807
6452	KC200782	1280807
6452	KC200783	1280807
6452	KC200784	1280807
6452	KC200786	1280807
6452	KC200787	1280807
6452	KC200788	1280807
6452	KC200871	1174818
6452	KC200872	1174818
6452	KC201107	1174900
6453	KC200883	1174825
6454	KC200604	1174712
6454	KC200630	1174729
6454	KC596002	1300370
6454	KC955410	1174809
6454	KC955411	1174809
6454	KC955412	1300370
6454	KC955431	1469215
6454	KC955434	1469214
6454	KC955468	1378396
6454	KC955469	1378396
6454	OQ099812	3015820
6454	OQ099813	3015821
6455	KC955377	1173656
6455	KC955593	1173656
6456	KC200860	1280812
6456	KC955402	138032
6456	KC955492	138032
6457	KC200706	1280801
6457	KC955459	1378336
6457	KC955460	1378336
6457	KC955461	1378336
6457	KC955478	1378409
6457	KC955605	1478082
6458	KC955684	205024
6459	KF906195	152090
6459	KF906196	152090
6459	KF906197	152090
6459	KF906198	152090
6459	KF906199	152089
6459	KF906200	152089
6459	KF906201	152089
6459	KF906202	152089
6459	KF906203	152089
6459	KF906204	108543
6459	KF906205	108543
6459	KF906206	108543
6459	KF906207	108544
6459	KF906208	1461639
6459	KF906209	744038
6459	KF906210	152092
6459	KF906211	1461640
6459	KX669649	744039
6459	KX669650	744039
6459	MN184752	152089
6459	MN184755	152089
6459	MN184759	152089
6459	MT539156	2733505
6460	KM025168	1525819
6461	KM435174	192972
6462	KT779117	1767999
6462	KT779122	870953
6462	KT779123	870953
6463	KT923830	1891907
6464	KU532899	1933651
6464	KU532900	1933652
6464	KU532905	1933658
6464	KU532908	1933658
6465	KX016094	2071990
6465	KY674522	1482621
6466	KX016111	1933663
6467	KX345321	1534658
6467	KX345322	1534658
6467	KX345323	1902521
6467	KX345324	1902518
6467	KX345325	1902519
6467	KX345326	1902519
6467	KX345327	1902520
6467	KX345328	1902520
6467	KX345329	1902521
6467	KX345330	1902521
6467	KX345331	1902521
6467	KX345332	1902521
6467	KX345333	1902521
6467	KX345334	1902521
6467	KX345335	1902521
6467	KX345336	1902521
6467	KX345337	1902521
6467	KX345339	1902521
6467	KX345340	1902521
6468	KX872933	389629
6468	KX873044	2030692
6468	KX873067	2030709
6469	KX872960	446142
6469	KX873149	366486
6469	KX873150	366486
6470	KY214926	1932183
6470	OX365750	2973959
6471	KY214931	160690
6472	KY688820	1179205
6473	KY968884	206307
6473	KY968926	76396
6473	KY968939	76396
6474	MH710868	1961191
6475	MK306377	2502945
6476	MN058281	247917
6476	MN058282	247917
6476	MN058283	458363
6476	MN058284	247917
6476	MN058285	458362
6476	MN058286	458352
6476	MN058287	458362
6477	MN199980	1664851
6478	MN824788	2613347
6478	MN824811	2613337
6478	MN824828	2607102
6478	MN824829	2607102
6478	MN824830	2607102
6478	MN824977	2613362
6478	MN824978	2607108
6478	MN824980	2607108
6478	MN825004	2613365
6478	MN825015	2607112
6478	MN825071	2613374
6478	MN825237	2613401
6478	MN825268	2613404
6478	MN825464	2613442
6478	MN825466	2613442
6478	MN825487	2607139
6478	MN825608	2607149
6478	MN825635	2607153
6478	MN825718	2607159
6478	MN825719	2607159
6478	MN825720	2607159
6478	MN825923	2613493
6478	MN825924	2613493
6478	MN825925	2613493
6478	MN825926	2613493
6479	MN824833	2607102
6479	MN824858	2613338
6479	MN824947	1475410
6479	MN824949	1475410
6479	MN824950	1475410
6479	MN824970	2613359
6479	MN824971	2613359
6479	MN824981	2607108
6479	MN824982	2607108
6479	MN824983	2607108
6479	MN824984	2607108
6479	MN825221	2613398
6479	MN825222	2613398
6479	MN825319	2607130
6479	MN825508	85214
6479	MN825610	2607150
6479	MN825614	2607150
6480	MN824861	2613355
6481	MN824952	2613340
6481	MN824953	2613340
6482	MN824957	2607107
6483	MN824965	2613358
6483	MN824966	2613358
6483	MN825887	691132
6483	MN825889	691132
6483	MN825890	691132
6483	MN825891	691132
6483	MN825935	2613495
6484	MN824969	2607515
6485	MN824987	2607110
6485	MN824992	2607110
6485	MN824993	2607110
6485	MN824994	2607110
6485	MN824996	2607110
6485	MN825003	2613364
6485	MN825239	2613402
6485	MN825373	2613422
6485	MN825374	2613422
6485	MN825401	2613428
6485	MN825497	1729743
6485	MN825498	1729743
6485	MN825499	1729743
6485	MN825707	2613465
6485	MN825710	89659
6485	MN825760	2607094
6486	MN824998	2607111
6486	MN825242	89644
6486	MN825243	89644
6486	MN825548	89651
6486	MN825549	89651
6487	MN825014	2613366
6487	MN825025	89640
6487	MN825026	89640
6487	MN825027	89640
6487	MN825028	89640
6487	MN825029	89640
6487	MN825031	89640
6487	MN825060	2607117
6487	MN825175	2613387
6487	MN825176	2613387
6487	MN825177	2613387
6487	MN825318	2607130
6487	MN825511	85214
6487	MN825615	2607150
6487	MN825785	2613470
6487	MN825786	2613470
6488	MN825034	2613369
6488	MN825041	2607114
6488	MN825059	2607117
6488	MN825178	2607119
6488	MN825179	2607119
6488	MN825207	2613392
6488	MN825232	2607122
6488	MN825233	2607122
6488	MN825321	488672
6488	MN825404	2613429
6488	MN825429	2613433
6488	MN825453	2613437
6488	MN825465	2613442
6488	MN825467	2613442
6488	MN825525	405748
6488	MN825526	405748
6488	MN825527	405748
6488	MN825613	2607150
6488	MN825658	2607156
6488	MN825674	2613462
6488	MN825695	2607158
6488	MN825696	2607158
6488	MN825829	2613479
6488	MN825831	2613479
6488	MN825961	2613504
6489	MN825056	2613373
6489	MN825058	2613373
6490	MN825062	368088
6490	MN825063	368088
6490	MN825064	368088
6491	MN825073	1932733
6491	MN825074	1932733
6491	MN825075	1932733
6492	MN825105	2613375
6492	MN825122	2613378
6492	MN825123	2613378
6492	MN825124	2613378
6493	MN825151	2613380
6493	MN825456	2613439
6493	MN825457	2613439
6493	MN825735	2613467
6494	MN825152	2613381
6494	MN825649	89655
6494	MN825881	2613487
6494	MN825882	2613487
6495	MN825214	2607121
6495	MN825215	2607121
6495	MN826050	619598
6496	MN825220	139750
6497	MN825223	2511966
6498	MN825261	2607124
6498	MN825262	2607124
6498	MN825452	2613436
6498	MN825740	2607163
6498	MN825797	2607168
6499	MN825302	2613412
6499	MN825303	2613412
6500	HG004880	1341764
6500	MN825359	2682069
6500	MN825361	2682069
6500	MN825478	2682073
6500	MN825791	2682081
6500	MN825792	2682081
6501	MN825369	368092
6502	MN825372	2613421
6503	MN825416	2613431
6503	MN826026	2613513
6504	MN825422	1127035
6504	MN825423	1127035
6504	MN825424	1127035
6504	MN825425	1127035
6504	MN825426	1127035
6505	MN825447	2613435
6505	MN825448	2613436
6505	MN825449	2613436
6505	MN825451	2613436
6506	MN825477	2613446
6507	MN825509	85214
6507	MN825611	2607150
6507	MN825612	2607150
6507	MN825830	2613479
6508	MN825565	2613455
6509	MN825630	2607152
6509	MN825632	2607152
6509	MN825633	2607152
6510	MN824979	2607108
6510	MN825698	35881
6510	MN825795	2613473
6511	MN825699	89658
6511	MN825700	89658
6511	MN826035	350118
6511	MN826036	350118
6512	MN825801	139755
6512	MN825802	139755
6512	MN825803	139755
6512	MN825804	139755
6512	MN825806	139755
6513	MN825843	197400
6513	MN825845	197400
6514	MN825857	264537
6515	MN825316	488671
6515	MN825953	2613502
6516	MN825959	2613503
6517	MN825181	2607120
6517	MN826031	2613515
6518	MT108800	4045
6519	MT384034	2730859
6519	MT384035	2735256
6519	MT384036	2730860
6519	MT384037	2730861
6519	MT384038	2730858
6519	MT384039	2730862
6519	MT384040	1197377
6519	MT384041	1254476
6519	MT384042	185091
6520	MZ191028	2849586
6521	OP919418	1482633
6522	OR418063	3068548
6522	OR418064	3068548
6523	OR854152	3097735
6524	PQ474448	1051457
6524	PQ474451	3373622
6524	PQ474452	3373623
6524	PQ474455	145236
6524	PQ474460	145237
6524	PQ474463	3373629
6524	PQ474466	2707190
6524	PQ474467	3373630
6524	PQ474473	3373636
6524	PQ474474	2872666
6524	PQ474477	3373638
6524	PQ474478	2872667
6524	PQ474481	145234
6525	PQ474456	1051457
6525	PQ474468	3373631
6525	PQ474476	1051459
6525	PQ474480	3373612
6526	PZ294657	65970
6527	AJ242087	93308
6528	AJ242088	93308
6529	AJ550580	133313
6530	AJ550584	133330
6531	AJ550585	225018
6531	AJ550586	225021
6531	AJ550587	225022
6531	AJ550588	225023
6531	MW035093	2774455
6532	AM745777	446970
6533	AM745798	446975
6533	AM745806	300987
6534	AM745846	446988
6535	AY560318	267606
6535	KC528898	267606
6536	DQ385569	372388
6537	DQ385586	372396
6538	DQ414958	376078
6539	EU436911	245257
6540	FJ037822	597304
6540	FJ037824	597304
6541	FJ565213	494524
6541	FJ565639	494524
6542	JX152666	53888
6543	JX870656	1359237
6543	KF933275	1359237
6543	MZ927381	1359237
6544	KC200843	1174801
6545	KC201067	420411
6546	KC201075	1174893
6546	KC955462	1378339
6547	KC528869	1428865
6548	KC528990	1428843
6548	KC528991	1428868
6549	KC528996	1428870
6549	KC528997	1428870
6549	KC529000	1428844
6549	KC529001	267576
6549	KC529006	267605
6549	KC529008	1428850
6549	KC529010	1428863
6550	KC596000	795977
6550	KC955265	1300369
6550	KC955679	1300369
6551	KC200853	1174808
6551	KC201070	1174889
6551	KC955416	1469239
6552	KC955424	1378350
6553	KC955428	1469218
6554	KC201033	1174877
6554	KC955429	1378347
6555	KC955647	1378367
6556	KC955652	1378421
6556	OQ099810	3015830
6557	KF318891	1386237
6557	KF318892	1386252
6557	KF318893	1386269
6557	KF318895	1386269
6557	KF318896	1386242
6557	KF318898	379234
6557	KF318900	1386277
6557	KF318902	1386253
6557	KF318904	1386261
6557	KF318905	1386267
6557	KF318908	1386268
6557	KF318921	379234
6557	KF318925	1386275
6557	KF318927	1386270
6557	KF318928	1386254
6557	KF318929	1386268
6557	KF318934	379234
6557	KF318936	1386263
6557	KF318942	1386253
6557	KF318948	1386280
6557	KF318950	1386252
6557	KF318959	1386252
6557	KF318966	1386269
6558	KJ411656	1582176
6559	KM025163	1525817
6559	KM025164	1525817
6560	KM025165	1470429
6560	KM025169	1470430
6561	KM025167	1525818
6562	KM025170	1525820
6563	KM104689	299798
6563	KM104690	299798
6563	KM104691	299798
6563	KM104692	299798
6563	KM104693	299798
6563	KM104694	299798
6563	KM104695	299798
6563	KM104696	299798
6563	KM104697	299798
6563	KM104698	299798
6563	KM104699	299798
6563	KM104700	299798
6563	KM104701	299798
6563	KM104702	299798
6563	KM104703	299798
6563	KM104704	299798
6563	KM104705	299798
6563	KM104706	299798
6563	KM104707	299798
6563	KM104708	299798
6563	KM104709	299798
6563	KM104710	299798
6563	KM104711	299798
6563	KM104712	299798
6563	KM104713	299798
6563	KM104714	299798
6563	KM104715	299798
6563	KM104716	299798
6563	KM104717	299798
6563	KM104718	299798
6563	KM104719	299798
6563	KM104720	299798
6563	KM104721	299798
6563	KM104722	299798
6563	KM104723	299798
6563	KM104724	299798
6563	KM104725	299798
6563	KM104726	299798
6563	KM104727	299798
6563	KM104728	299798
6563	KM104729	299798
6563	KM104730	299798
6563	KM104731	299798
6563	KM104732	299798
6563	KM104733	299798
6563	KM104734	299798
6563	KM104735	299798
6563	KM104736	299798
6563	KM104737	299798
6563	KM104738	299798
6563	KM104739	299798
6563	KM104740	299798
6563	KM104741	299798
6563	KM104742	299798
6563	KM104743	299798
6563	KM104744	299798
6564	KP738137	1685520
6564	KP738147	1685572
6564	KP738156	90365
6565	AY752485	296619
6565	AY752486	3105834
6565	AY752487	296620
6565	AY752488	291165
6565	FJ377624	640598
6565	FJ377633	640605
6565	FJ377641	2561903
6565	FJ377645	640613
6565	FJ377662	640617
6565	FJ377679	640592
6565	KX872969	446143
6565	KX873003	2030732
6565	KX873016	644127
6565	KX873036	2030684
6565	KX873037	2030684
6565	KX873038	2030684
6565	KX873039	1440524
6565	KX873040	2528739
6565	KX873043	2030691
6565	KX873046	2528740
6565	KX873047	2030694
6565	KX873049	2030695
6565	KX873050	2030697
6565	KX873051	2030697
6565	KX873057	2030703
6565	KX873058	2030703
6565	KX873063	2030706
6565	KX873065	2030708
6565	KX873066	2030708
6565	KX873068	2030710
6565	KX873072	2030713
6565	KX873076	2030716
6565	KX873082	2030721
6565	KX873087	2030725
6565	KX873088	2030725
6565	KX873089	1440526
6565	KX873090	1440526
6565	KX873092	1440527
6565	KX873095	2030730
6565	KX873097	1440528
6565	KX873099	2030736
6565	KX873103	2030739
6565	KX873105	2030741
6565	KX873106	2030740
6565	KX873110	388705
6565	KX873111	388705
6565	KX873112	388705
6565	KX873113	366478
6565	KX873116	376127
6565	KX873117	376127
6565	KX873118	1211477
6565	KX873119	366481
6565	KX873120	1793977
6565	KX873121	366482
6565	KX873122	366483
6565	KX873125	1793980
6565	KX873126	640591
6565	KX873128	640591
6565	KX873158	2030749
6565	KX873159	376137
6565	KX873160	376137
6565	KX873161	376137
6565	KX873162	470288
6565	KX873166	1892227
6565	KX873167	2030751
6565	KX873168	2030752
6565	KX873169	2030754
6565	KX873170	2030754
6565	KX873171	2030755
6565	KX873172	2030756
6565	KX873173	2030757
6565	KX873174	2030758
6565	KX873175	2030759
6565	KX873176	3105834
6565	KX873177	3105834
6565	KX873178	3105834
6565	KX873179	3105834
6565	KX873180	3105834
6565	KX873181	1443526
6565	KX873183	640618
6566	KY067598	1357624
6566	KY067599	1357625
6566	KY067620	1357602
6566	KY067627	1970697
6566	KY067650	1970701
6566	KY067729	1161996
6566	KY067730	1161996
6566	KY067733	1161996
6566	KY067735	1161996
6566	KY067737	1970713
6566	KY067738	1970713
6566	KY067741	1970713
6566	KY067742	1970713
6566	KY067745	1970713
6566	KY067746	1970713
6566	PV901238	1970670
6567	KY988975	2021819
6567	KY988979	38148
6568	KY988978	1281863
6569	KY988981	2016730
6570	MG869014	1380571
6571	MH392738	102599
6572	MH710660	984481
6573	MK641673	2650988
6574	MN317882	215953
6575	MN824769	1428939
6576	MN824772	2607096
6576	MN824773	2607096
6576	MN824774	2607096
6576	MN824775	2607096
6576	MN824776	2607096
6576	MN824777	2607096
6576	MN825851	2613483
6576	MN825852	2607095
6576	MN825853	2607095
6576	MN825854	2607095
6576	MN825855	2607095
6576	MN825872	2607170
6576	MN825873	2607170
6577	MN824779	2607097
6577	MN824780	2607097
6577	MN824781	2607097
6577	MN824782	2607097
6577	MN824783	2607097
6578	MN824797	2607098
6578	MN825981	2613506
6578	MN825982	2613506
6578	MN825983	2613506
6579	MN824809	2613351
6579	MN825537	2613452
6579	MN825877	2613486
6579	MN825878	2613486
6580	MN824831	2607102
6580	MN825315	488671
6580	MN825362	2613418
6580	MN826013	2613509
6581	MN824867	2607106
6581	MN824868	2607106
6581	MN824869	2607106
6581	MN824870	2607106
6581	MN824871	2607106
6582	MN824948	1475410
6583	MN825053	1580150
6583	MN825054	1580150
6583	MN825363	139751
6583	MN825364	139751
6583	MN825378	139752
6583	MN825892	619596
6583	MN826024	2607179
6584	MN825162	2613383
6584	MN825204	2613391
6584	MN825205	2613391
6584	MN825206	2613391
6584	MN825883	2607171
6585	MN825171	2613385
6585	MN825298	2613410
6585	MN825299	2613410
6585	MN825948	2613500
6586	MN825184	139747
6586	MN825185	139747
6586	MN825187	139747
6586	MN825213	2607121
6586	MN825603	2613456
6586	MN825929	2613494
6586	MN825931	2613494
6587	MN825209	2613394
6587	MN825320	2682067
6588	MN825225	2607517
6588	MN825226	2607517
6589	MN825277	2613409
6589	MN825600	2607148
6590	MN825293	1580142
6590	MN825295	1580142
6590	MN825403	2682072
6590	MN825518	2918504
6591	MN825301	2613411
6592	MN825323	2682068
6592	MN825387	2607133
6592	MN825579	2607524
6592	MN826019	2607527
6593	MN825385	2607133
6593	MN825386	2607133
6593	MN825482	2607521
6593	MN825483	2607521
6593	MN825485	2607521
6593	MN826020	2607527
6593	MN826021	2607527
6594	MN825405	2613430
6594	MN825588	89652
6594	MN825589	89652
6594	MN825593	89653
6594	MN825594	89653
6595	MN825455	2613438
6595	MN825468	2613443
6595	MN825645	2613460
6595	MN825721	2613466
6595	MN825722	2613466
6595	MN825723	2613466
6596	MN825491	2607140
6596	MN825492	2607140
6597	MN825493	2607140
6598	MN825566	139741
6598	MN825567	139741
6599	MN825646	2607155
6599	MN825647	2607155
6599	MN825648	2607155
6600	MN825664	2613461
6601	MN825670	89657
6601	MN825671	89657
6601	MN825672	89657
6602	MN825866	89662
6603	MN825868	2682034
6603	MN825869	2682034
6604	MN825893	2607173
6605	MN825904	1475412
6606	MN825379	2613424
6606	MN825918	2607175
6606	MN825919	2607175
6606	MN825920	2607175
6607	MN825927	2607176
6607	MN825928	2607176
6608	MT497981	233684
6609	MT923942	4509
6610	OR531505	2651195
6611	PQ474484	1289392
6612	PQ474536	1051491
6612	PQ474539	1289410
6613	PQ474549	90708
6614	PX463654	1533104
6615	PX463693	1033236
6616	AF239365	125189
6617	AF350535	154727
6617	FJ565292	590340
6617	FJ565293	590331
6617	FJ565294	590335
6617	FJ565302	590331
6617	FJ565315	588029
6617	FJ565316	590335
6617	FJ565327	585871
6617	FJ565329	590777
6617	FJ565330	590339
6617	FJ565332	590571
6617	FJ565357	590330
6617	FJ565387	590333
6617	FJ565480	590336
6617	FJ565615	590775
6618	AJ242139	93291
6619	AJ550591	225025
6619	AJ550592	225026
6619	AJ550593	225027
6619	AJ550594	133336
6619	AJ550595	225028
6619	AJ550596	133337
6619	AJ550597	225029
6619	AJ550598	225030
6619	AJ550600	225031
6619	AJ550601	225032
6620	AJ616324	133333
6621	AM162490	360587
6622	AM162491	360588
6622	AM162492	360588
6623	AM162493	360589
6624	AM162498	360596
6625	AM745764	446963
6626	AM745767	446965
6626	AM745783	300986
6626	AM745785	300986
6626	AM745787	300986
6627	AM745834	300999
6627	AM745938	446981
6627	AM745940	446981
6628	AM745894	447005
6628	AM745896	283135
6628	AM745897	283135
6628	AY936751	283135
6629	AY181572	171967
6629	AY181580	223072
6629	AY181586	223070
6630	AY616729	279687
6630	MW025095	1532385
6631	AY955805	162769
6631	AY955806	327146
6632	DQ385587	372397
6633	DQ414854	376110
6634	EU331102	2005256
6635	EU436958	519161
6635	KC329486	519161
6636	EU498156	511785
6637	FJ037871	597317
6637	FJ037872	597317
6637	FJ037873	269717
6637	FJ037874	269717
6638	FJ565404	590276
6639	FJ565436	590332
6640	HM042492	887264
6641	HM116948	694559
6641	KC201124	694559
6641	KC201125	694559
6641	KC201126	694559
6641	KC201127	694559
6641	KC201128	694559
6641	KC201129	694559
6641	KC201130	694559
6642	JN006097	205048
6642	KC200888	205048
6642	KC200889	205048
6642	KC200890	205048
6642	KC200893	903996
6642	KC200894	903996
6642	KC200895	903996
6642	KC200896	903996
6642	KC200897	903996
6642	KC200898	903996
6642	KC200899	903996
6642	KC200900	903996
6642	KC200969	205055
6642	KC200970	205055
6642	KC955315	903996
6642	KC955316	903996
6642	KC955317	903996
6642	KC955318	903996
6642	KC955415	1378432
6642	KC955580	218782
6642	KC955630	1469220
6643	JN189790	983440
6644	JN796923	1115516
6645	JQ067168	1132159
6645	JQ067237	1132607
6646	JX862577	1296296
6646	JX862627	1296296
6647	JX862619	1296305
6647	JX862640	1296283
6647	JX862641	1296283
6647	JX862663	1296283
6647	JX862668	1296305
6647	KC435834	1345071
6647	KC435860	1345071
6648	JX862667	1296301
6648	JX862669	1296301
6649	KC200593	1174704
6649	KC200731	205038
6649	KC955471	1378389
6650	KC200881	1174823
6650	KC201106	138523
6651	KC528825	1428896
6651	KC528826	1428904
6651	KC528827	1428904
6651	KC528828	1428921
6651	KC528829	1428912
6651	KC528831	1428899
6651	KC528832	1428906
6651	KC528833	1428906
6651	KC528834	1428911
6651	KC528835	1428932
6651	KC528836	1428905
6651	KC528837	1428906
6651	KC528838	1428894
6651	KC528839	1053337
6651	KC528840	1053337
6651	KC528841	1053337
6651	KC528842	1434968
6651	KC528843	1428890
6651	KC528844	1428915
6651	KC528845	197367
6651	KC528846	197367
6651	KC528847	197367
6651	KC528848	197367
6651	KC528849	1428939
6651	KC528850	1428922
6651	KC528851	1428893
6651	KC528852	1428892
6651	KC528853	1428910
6651	KC528856	1428908
6651	KC528858	1428902
6652	AY560273	267571
6652	KC528970	267597
6652	KC528971	267571
6652	KC528972	267571
6653	KC529002	1428918
6654	KC539575	45187
6654	MT117140	172643
6655	KC955533	1378368
6655	KC955534	1378368
6655	KC955535	1378368
6656	KC955643	1378394
6657	KC955681	138524
6658	KF848274	1458653
6659	KF933277	1538788
6660	KJ025068	136225
6661	KP871508	54827
6661	KP871509	1713755
6661	KP871511	1713755
6661	KP871513	1713755
6662	KP878863	1718245
6662	KP878867	1718832
6662	MK988116	1718245
6662	MK988132	2756112
6662	MK988148	1718246
6662	MK988150	1718245
6662	MK988152	1718245
6662	MK988165	1718245
6662	MK988166	1718245
6662	MK988167	1718248
6662	MK988178	1718248
6663	KX872961	446142
6663	KX872990	640613
6663	KX873045	2528740
6663	KX873048	2030695
6663	KX873069	2030711
6663	KX873070	2030711
6663	KX873084	2030723
6663	KX873086	2030724
6663	KX873091	1440527
6663	KX873107	2030740
6663	KX873108	2030742
6663	KX873151	2030747
6663	KX873152	388721
6663	KX873153	388721
6663	KX873184	1892228
6664	KX873109	2030743
6665	KX873074	2030714
6665	KX873101	1440529
6665	KX873154	2030748
6665	KX873155	1440556
6665	KX873156	1440556
6665	KX873163	2030750
6665	KX873164	2030750
6665	KX873182	640618
6666	KY306559	508915
6666	KY306560	508915
6667	KY321106	1993764
6668	KY657373	1881859
6668	KY657374	1881859
6668	KY657375	1881859
6669	KY688790	370704
6669	KY688794	1179199
6670	KY688783	199149
6670	KY688805	875642
6671	LR588248	388705
6672	MF468200	204149
6673	MG208083	13217
6674	MH711766	2768810
6675	MK250072	2493990
6676	MN058288	109222
6677	MN824857	2607104
6678	MN824997	2607111
6679	MN825005	129201
6679	MN825006	129201
6679	MN825007	129201
6679	MN825008	129201
6679	MN825009	129201
6679	MN825010	129201
6679	MN825011	129201
6680	MN825047	2613372
6680	MN825304	2613413
6681	MN825126	691130
6681	MN825127	691130
6681	MN825128	691130
6681	MN825129	691130
6682	MN825218	2613397
6682	MN825219	2613397
6683	MN825305	2613413
6683	MN825306	2613413
6684	MN825383	2607520
6684	MN825798	2682082
6684	MN825799	2682082
6685	MN825397	2682071
6685	MN825398	1580143
6685	MN825625	2607151
6685	MN825626	2607151
6685	MN825847	2613482
6685	MN825849	2613482
6685	MN825850	2613482
6686	MN825591	2607525
6686	MN825907	2613489
6687	MN825627	2607151
6687	MN825628	2607151
6688	MN825691	2682426
6688	MN825692	2682426
6689	MN825800	2613474
6690	MN825870	2613484
6690	MN825871	2613484
6690	MN825993	2613507
6690	MN825994	2613507
6690	MN825995	2613507
6691	MN825884	2607172
6692	MN825946	2613499
6693	MN826055	2676192
6694	MT384026	1197373
6695	PQ474545	3373694
6696	AF509798	195122
6697	AJ550576	133311
6698	AJ550589	133334
6698	AJ550614	133334
6699	AJ550604	225033
6699	AJ550605	225034
6699	AJ550606	225035
6699	AJ550607	2963547
6699	AJ550608	225037
6699	AJ550612	133360
6699	AJ550613	3136712
6700	AJ550615	39285
6700	JF409917	1042527
6700	KP738153	1685533
6701	AJ616916	133341
6702	AM162495	360591
6703	AM745759	319145
6703	AM745761	319145
6703	AY936648	319145
6704	AM745789	319146
6704	AM745790	319146
6705	AM745809	446978
6705	MW962203	2828691
6706	AM745823	283124
6706	AM745824	283124
6707	AM745838	446983
6708	AM745842	446986
6708	AM745844	446987
6709	AM745852	446992
6710	AM745901	301014
6710	AM745903	301014
6711	AM745907	283137
6711	AM745909	283137
6711	AY936752	283137
6712	AY558826	4123
6712	AY560274	4123
6712	KC528905	4123
6712	KC528906	4123
6712	KC528907	4123
6712	PQ438543	4123
6712	PZ502242	4123
6713	AY560312	267602
6714	DQ315821	363339
6715	FJ565317	590329
6716	FJ565328	154686
6717	FJ794634	273544
6718	GQ888937	247874
6719	HG004854	1341759
6720	HG004887	1341760
6721	HG004784	1341815
6721	HG004836	1341817
6721	HM042451	165011
6721	KM005466	1043503
6721	KM005467	1043503
6721	KM005468	1043497
6721	KM005469	1043497
6721	KM005470	1546329
6721	KM005474	1043496
6721	KM005475	1043496
6721	KM005476	1546324
6721	KM005477	1546324
6721	KM005478	1546324
6721	KM005479	1546324
6721	KM005480	1546323
6721	KM005481	1546323
6721	KM005482	1546323
6721	KM005483	1043498
6721	KM005484	1043498
6721	KM005485	1043498
6721	KM005486	1043494
6721	KM005487	1043494
6721	KM005488	1043494
6721	KM005489	271247
6721	KM005490	271247
6721	KM005491	271247
6721	KM005492	271247
6721	KM005493	271247
6721	KM005494	271247
6721	KM005495	271247
6721	KM005496	1043502
6721	KM005497	1043502
6721	KM005498	1043502
6721	KM005499	1043502
6721	KM005500	1043502
6721	KM005501	1043502
6721	KM005502	1546322
6721	KM005503	1546322
6721	KM005504	1546322
6721	KM005505	1546322
6721	KM005506	1546322
6721	KM005507	1546322
6721	KM005508	1546325
6721	KM005509	1546325
6721	KM005510	1546325
6721	KM005511	1546325
6721	KM005512	1546325
6721	KM005513	296940
6721	KM005514	296940
6721	KM005515	296940
6721	KM005516	296940
6721	KM005517	296940
6721	KM005518	296940
6721	KM005519	296940
6721	KM005520	1546320
6721	KM005521	1546320
6721	KM005522	1546327
6721	KM005523	1546327
6721	KM005524	1546327
6721	KM005525	1546330
6721	KM005526	1546330
6721	KM005527	1546330
6721	KM005528	1546330
6721	KM005529	1546330
6721	KM005530	1043499
6721	KM005531	1043499
6721	KM005532	1043499
6721	KM005533	1043499
6721	KM005534	1546321
6721	KM005535	1546321
6721	KM005536	1546321
6721	KM005537	1546321
6721	KM005538	1546321
6721	KM005539	1546328
6721	KM005540	1546328
6721	KM005541	1546321
6721	KM005545	1546326
6721	KM005546	1546326
6721	KM005547	1546326
6721	KM005548	1546326
6721	KM005549	1546326
6721	KM005550	1546326
6721	KM005553	1043497
6721	KM005554	1043497
6722	KC200694	1280800
6722	KC200695	1280800
6723	KC201019	1120465
6724	KC528863	1428848
6724	KC528864	1428925
6724	KC528865	1428861
6725	KC528900	267584
6726	KC528908	1428849
6727	KC528928	1428900
6728	KC528929	1428927
6729	KC528945	1428885
6729	KC528946	1428926
6729	PV901634	1428885
6729	PZ611746	1428926
6730	AY560270	267569
6730	KC528982	267569
6730	KC528983	267569
6730	KC528984	1428903
6730	KC528986	1428895
6731	KC200579	1174697
6731	KC955413	1469219
6731	KC955628	1280799
6731	KC955629	205036
6732	KC955651	1378422
6733	KC955660	1378407
6733	KC955721	138519
6733	KC955722	138519
6734	KC955688	218783
6735	KJ410011	909051
6736	KM005464	61942
6737	KM025159	1000414
6738	KP871510	1713755
6738	KP871512	1713755
6738	KP871514	99497
6738	KX513941	99497
6738	KX513943	1986976
6738	MT108801	99497
6738	MT108802	254039
6738	MT108803	254039
6738	MT108804	2713140
6738	MT108805	2713140
6738	MT108806	2713140
6738	MT108807	2713140
6738	MT108808	2713140
6738	MT109374	253209
6739	KP878864	1718246
6739	KP878868	1718248
6739	MK988130	1718245
6739	MK988131	1718248
6739	MK988133	1718248
6739	MK988149	1718246
6739	MK988173	1718248
6739	MK988174	1718248
6739	MK988175	1718248
6739	MK988177	1718248
6740	KP904156	1775645
6741	KT438761	242528
6742	KX513939	99496
6742	KX513940	99496
6742	KX513942	1986976
6743	KX873123	100810
6743	KX873124	100810
6744	KX873104	2030738
6744	KX873165	87477
6745	HQ130066	90363
6745	KY067697	1042511
6746	KY306643	1073321
6746	MG949350	509014
6747	KY321079	508995
6748	KY397498	1954292
6749	MF944273	2058515
6750	MG208082	1465736
6751	MG906855	2082047
6752	MK988114	1718245
6752	MK988115	1718245
6752	MK988120	1718247
6752	MK988121	1718247
6752	MK988137	1718245
6752	MK988138	1718245
6752	MK988151	1718245
6753	KP878865	1718247
6753	KP878866	1718247
6753	MK988140	416046
6753	MK988141	416046
6753	MK988142	416046
6753	MK988144	416046
6753	MK988145	416046
6753	MK988157	1718247
6753	MK988159	1718247
6753	MK988160	1718247
6753	MK988161	1718247
6753	MK988164	1718246
6754	MK988179	1718248
6755	MN257786	205073
6756	MN825432	2613434
6756	MN825433	2613434
6756	MN825530	2613343
6757	MN825623	2918510
6757	MN825624	2918510
6758	MN825709	2682079
6759	OQ099828	3015850
6760	EF107655	415523
6760	PV424302	415523
6760	PV424303	415523
6760	PV424304	415523
6761	PZ111822	3014252
6762	AF313014	165339
6762	AF509807	195129
6762	EU224207	263968
6763	AF350534	154728
6764	AF509817	3138698
6764	HQ130081	942068
6764	KY067682	1970698
6764	KY067687	1970666
6764	KY067700	764929
6764	KY067701	942070
6764	KY067747	942080
6764	KY067749	942080
6764	KY067750	942080
6764	KY067751	942080
6764	KY067753	942080
6764	KY067755	942080
6764	KY067756	942080
6764	KY067757	942080
6764	KY067758	942084
6764	KY067761	942084
6764	KY067763	942084
6764	KY067766	942084
6764	KY067767	942084
6764	KY067768	942084
6765	AJ550582	133315
6766	AM745819	300998
6767	AM745826	283125
6767	AM745827	283125
6767	AM745829	283125
6768	AM745836	301000
6769	AM745840	446984
6769	AM745850	446991
6769	AM745854	344439
6769	AM745856	446993
6770	AM745848	446990
6771	AM745858	446994
6772	AM745860	301002
6772	AM745862	447508
6773	AM745868	446998
6774	AM745899	447006
6775	AM745905	447007
6776	AY116279	200570
6776	AY116280	154761
6776	AY116281	154761
6777	AY560295	267589
6777	KC528956	267580
6777	KC528959	267589
6778	DQ451789	379630
6779	EF371790	424890
6780	EF635472	85240
6781	EU436910	519154
6782	EU436973	519134
6783	FJ377661	640616
6783	FJ377676	640618
6784	AF350539	154678
6784	FJ565554	154678
6784	FJ565586	587972
6784	FJ565587	587972
6784	FJ565589	587972
6785	GQ424455	692114
6786	GU556633	687585
6787	HM347015	330566
6788	EU436873	519212
6788	EU436874	519170
6788	JN634729	1132067
6788	JN634735	519170
6788	JN634738	196542
6788	JN634746	1132082
6788	JN634752	1132090
6788	JN634755	519212
6789	JQ899027	1272983
6790	JX870769	199167
6791	KC201089	138045
6792	KC528926	1428931
6792	KC528927	1428931
6793	KC528948	1428907
6793	MZ366391	2069597
6793	PV901639	2069597
6794	KC528987	1428889
6794	KC528988	1428935
6795	KC528989	1428876
6796	KC200683	1174747
6796	KC200882	1174824
6796	KC200945	1174846
6796	KC955324	1174747
6796	OQ099820	3015826
6797	KF553451	306629
6798	KM005465	1008963
6799	KP904139	1775652
6800	KU295796	1822386
6801	KX873102	1440529
6802	KY321068	149693
6803	KY612454	2077139
6803	KY612455	2077139
6804	KY688780	875631
6805	KY968848	158159
6805	PV424123	158159
6805	PV424124	158159
6806	KY968927	66039
6807	MN825012	2607090
6808	OQ786054	308153
6809	PQ474472	3373635
6809	PQ474479	3373639
6810	AF156675	3818
6811	AF509806	195144
6812	AF513697	2806803
6812	KY306628	162848
6812	MG949341	2806803
6813	AJ550581	133314
6814	AM745762	300954
6815	AY116291	200565
6816	AY181575	223065
6817	AY181581	153875
6818	AY181582	154438
6818	AY181583	154436
6818	AY181587	154435
6819	AY870020	310189
6819	AY870021	310190
6819	AY870022	310190
6820	DQ210110	350414
6820	DQ210220	350414
6821	FJ565220	590266
6821	FJ565345	587988
6821	FJ565405	590267
6822	FJ695446	257029
6823	GQ424463	692125
6824	GQ424465	212237
6824	JQ898980	1272986
6824	JQ899018	212237
6825	GU386460	882630
6826	HG004794	858911
6827	HG004813	1341763
6828	HM347017	158120
6828	KP878901	158120
6829	HM347019	1035932
6830	HM347021	149379
6831	JN634744	519181
6832	JN805950	1197377
6833	JQ341304	210049
6834	JX870661	1359241
6834	JX870662	1359242
6834	JX870664	1359242
6834	JX870673	1359250
6834	JX870680	1359256
6834	JX870688	1359262
6834	JX870702	1359275
6834	JX870703	1359276
6834	JX870705	1359278
6834	JX870711	1359283
6834	JX870712	1359284
6834	JX870725	1359295
6834	JX870737	1359304
6834	JX870742	1359308
6834	JX870756	1359317
6835	JX870766	1359320
6836	JX870773	1359325
6836	JX870774	1359326
6836	JX870775	1359327
6836	JX870776	1359329
6836	JX870777	1359328
6836	JX870778	1359330
6836	MZ015546	1359325
6836	MZ015547	2822236
6836	MZ015550	2822238
6836	MZ015553	2822239
6836	MZ015556	2822241
6836	MZ015557	2822242
6836	MZ015558	2822243
6837	KC181916	4505
6837	KC181917	4505
6837	KC181918	4505
6837	KC181919	4505
6837	KC181920	4505
6838	JQ248906	1173670
6838	KC200635	1174733
6838	KC201162	1173670
6838	KC955405	1173670
6838	KC955406	1173670
6838	KC955496	1173670
6838	KC955497	1173670
6839	KC200946	1174846
6839	KC201062	1174884
6840	KC528957	267580
6840	KC528960	1428938
6841	KF553449	1389390
6842	KF553450	942064
6843	KM005471	1546329
6843	KM005472	1546329
6843	KM005473	1546329
6843	KM005542	1043500
6843	KM005543	1043500
6843	KM005544	1043500
6843	KM005555	1546329
6843	KM005556	1546329
6844	KM005551	128418
6844	KM005552	128418
6845	KM025160	200639
6846	KM051455	4555
6847	KP878872	1718835
6848	KP878888	1718234
6848	KU376274	1720602
6849	KU295787	1822389
6850	KY067690	1970659
6850	KY067709	1357640
6850	KY067710	1357640
6850	KY067712	1357640
6850	KY067714	1357640
6850	KY067715	1357640
6850	KY067716	1357640
6850	KY067717	1357640
6850	KY067718	1357640
6850	KY067719	1053393
6850	KY067722	1053393
6850	KY067727	1053393
6850	KY067728	1053393
6850	MT068496	1053393
6850	MT068497	1053393
6850	MT068498	1053393
6850	MT068499	1053393
6850	MT068500	2604307
6850	MT068501	2604307
6850	MT068502	2604307
6850	MT068503	2604307
6850	MT068504	2604307
6850	MT068505	2604307
6850	MT068506	942083
6850	MT068507	942083
6850	MT068508	942083
6850	MT068509	942083
6850	MT068510	942083
6851	KY306663	162940
6852	KY968819	173841
6852	KY968821	200559
6852	MN825186	139747
6853	KY968954	4560
6854	MH990653	2249727
6855	MK988113	1056869
6856	MK988117	1718246
6857	MN257657	2600436
6858	MT108809	52573
6859	HM347038	91515
6859	MW075481	485333
6859	MW075482	485333
6859	MW075483	485333
6859	MW075484	1812847
6859	MW075485	1812847
6859	MW075486	2047811
6859	MW075487	2047811
6859	MW075488	2778423
6859	MW075489	2778424
6859	MW075490	2778424
6859	MW075491	2778424
6859	MW075492	485334
6859	MW075493	80369
6859	MW075494	80369
6859	MW075495	2778428
6859	MW075496	291160
6859	MW075497	291160
6860	ON922993	2962027
6860	ON922994	2962027
6861	PQ474537	1291482
6861	PQ474541	1051492
6861	PQ474542	1051492
6861	PQ474543	1289424
6861	PQ474544	3128043
6861	PQ474548	1289423
6862	AF350547	154686
6863	AF509805	195138
6864	AF313010	165329
6864	AF313011	165344
6864	AF509809	195123
6865	AM404346	90397
6866	AM404348	38727
6867	AM745771	446967
6868	AM745779	446970
6869	AM745830	446982
6869	AM745832	446982
6870	AY116287	200571
6871	EU436866	519128
6872	AF350533	154729
6872	FJ565303	590337
6872	FJ565314	590338
6872	FJ565325	590773
6872	FJ565333	590334
6872	FJ565335	590776
6872	FJ565336	590774
6872	FJ565478	590772
6872	FJ565479	154729
6873	AF350538	154679
6873	FJ565462	590252
6873	FJ565542	154679
6874	GU386458	882628
6875	HG004797	1341820
6876	HG004830	1341845
6876	JN560190	386243
6877	HM347004	1035921
6878	HM347027	452414
6879	JF430410	138955
6879	JF430412	3917
6879	JF430413	59626
6880	JF831220	45172
6881	JN634739	196543
6882	JN634753	1132091
6883	JX870768	1359322
6884	JX870779	1359331
6884	JX870782	1359333
6884	JX870784	148732
6884	MK638928	2555410
6884	MK638930	2555415
6884	MK638932	2555418
6884	MK638933	2555419
6884	MK638934	2555419
6884	MK638935	2555420
6884	MK638937	2555421
6884	MK638939	1359333
6884	MK638940	1359334
6885	KC200838	334173
6886	KC425728	1413709
6886	KC425729	1413709
6887	KF318903	1386243
6888	KF921701	1549836
6889	KP878857	158126
6890	KP878860	158100
6891	KP878862	1718244
6891	MK988123	1718244
6891	MK988124	1718244
6891	MK988125	1718244
6892	KP878875	1213454
6892	KP878876	1213454
6892	KP878877	1213454
6893	KP878878	1718224
6893	KP878879	1718225
6894	KP878881	1718227
6894	KP878885	1718231
6895	KP878884	1718230
6896	KP878895	220441
6897	KP878896	1718249
6898	KP878897	1718250
6899	KP878898	1718251
6900	KP878899	1718252
6901	KP878905	158123
6902	KP878906	220417
6903	KP878909	466927
6904	KP878911	1718237
6905	KP878912	158165
6906	KP878913	1718254
6906	KP878914	1718238
6906	KP878915	1718239
6906	KP878916	1718240
6906	KP878917	1718241
6906	KP878918	1306161
6906	KP878919	1306161
6906	KP878920	1306161
6906	KP878921	1306161
6907	KU295798	1822391
6908	KX219997	192627
6909	KX219998	192627
6910	KY968951	29692
6911	LC315674	2028131
6911	LC315675	2028132
6911	LC315676	587442
6911	LC315677	2028133
6912	MK025938	2447912
6912	MK025939	2447912
6912	MK025941	2447910
6912	MK025942	2447908
6912	MK025946	2447912
6912	MK025947	2447907
6912	MK025948	2447911
6912	MK025949	2447909
6912	MK025950	2447909
6912	MK025954	2447909
6912	MK025955	2447912
6912	MK025956	2447912
6912	MK025957	2447912
6912	MK025958	2447912
6912	MK025959	2447913
6912	MK025960	2447912
6912	MK025961	2447912
6912	MK025962	2447912
6912	MK025963	2447913
6912	MK025964	2447912
6912	MK025965	2447912
6912	MK025966	2447913
6912	MK025967	1038661
6913	MK641672	2555527
6913	MK641675	325698
6913	MK641677	597427
6913	MK641679	2555509
6913	MK641682	325698
6913	MK641684	2555509
6913	MK641687	2555511
6913	MK641692	597427
6913	MK641693	2555517
6913	MK641695	2555510
6913	MK641696	2555517
6913	MK641698	2555514
6913	MK641699	2555522
6913	MK641700	2555515
6913	MK641706	2555516
6913	MK641709	2555530
6913	MK641710	2555525
6913	MK641711	2555523
6913	MK641713	1129496
6913	MK641714	1129496
6913	MK641720	2555519
6913	MK641721	2555510
6913	MK641722	2555534
6913	MK641723	2555513
6913	MK641724	1561842
6913	MK641725	2555530
6913	MK641726	2555535
6913	MK641727	2555535
6913	MK641728	1954707
6913	MK641729	1954707
6913	MK920271	2578236
6914	MN781142	1922344
6914	MN781143	1922344
6914	MN781144	1922344
6914	MN781145	1922344
6914	MN781146	1922344
6914	MN781147	1922344
6914	PX970247	1922344
6915	MN824832	2607102
6915	MN825901	1475412
6915	MN825902	1475412
6915	MN825903	1475412
6916	MN825733	2607161
6917	MW142564	404691
6918	OP881317	59788
6919	OP881318	744478
6920	PP577820	3136939
6920	PP577823	1763482
6921	PZ294660	330553
6921	PZ294662	330553
6922	PZ294741	649773
6923	AF313012	160511
6923	AF313013	165325
6923	AF509810	165325
6923	AF509811	195146
6923	AY144464	207275
6924	AF313015	165328
6924	AF313016	165341
6925	AF313019	165350
6925	AF313020	165351
6925	KJ630619	231803
6926	AF350557	154670
6926	AF350847	154670
6926	AF350848	154855
6926	AF350849	154844
6926	AF350852	155614
6926	AF350854	154845
6926	AF350855	154853
6926	AF350856	154851
6926	AF350857	154846
6926	AF350858	154860
6926	AF350859	154849
6926	AF350860	154850
6926	AF350861	154843
6926	AF350862	154841
6926	AF350863	154854
6926	AF350864	154857
6926	AF350865	154837
6926	AF350866	154848
6926	AF350867	154838
6926	AF350869	154856
6926	AF350870	154858
6926	AF350875	172740
6926	AF432958	154670
6926	AF432962	176204
6926	AF432963	176205
6926	AF432966	176208
6926	AF432967	176209
6926	AF432968	176210
6926	AF432971	176212
6926	FJ565197	159930
6926	FJ565218	154838
6926	FJ565227	154856
6926	FJ565230	590237
6926	FJ565231	154840
6926	FJ565245	590248
6926	FJ565247	590238
6926	FJ565255	590240
6926	FJ565260	154849
6926	FJ565282	590538
6926	FJ565322	154838
6926	FJ565384	154851
6926	FJ565466	590245
6926	FJ565483	154857
6926	FJ565485	154855
6926	FJ565504	590248
6926	FJ565507	154846
6926	FJ565515	590251
6926	FJ565558	590241
6926	FJ565559	154840
6926	FJ565577	590554
6926	FJ565617	154845
6926	FJ565656	154670
6926	FJ565661	590249
6926	FJ565662	590250
6926	KU695540	1891913
6927	AF509797	195128
6927	EU224208	495258
6927	KJ630584	1483385
6927	MT923821	74693
6928	AJ242123	93289
6928	AJ242124	93289
6929	AM745866	446997
6930	AM939526	58396
6931	EU436915	519185
6931	OP782704	519185
6931	OP782705	519185
6931	OP782706	519185
6931	OP782707	519185
6931	OP782708	519185
6931	OP782709	519185
6931	OP782710	519185
6931	OP782711	519185
6931	OP782712	519185
6931	OP782713	519185
6931	OP782714	519185
6931	OP782715	519185
6931	OP782716	519185
6931	OP782717	519185
6931	OP782718	519185
6931	OP782719	519185
6931	OP782720	519185
6931	OP782721	519185
6931	OP782722	519185
6931	OP782723	519185
6931	OP782724	519185
6931	OP782725	519185
6931	OP782726	519185
6931	OP782727	519185
6931	OP782728	519185
6931	OP782729	519185
6931	OP782730	519185
6931	OP782731	519185
6931	OP782732	519185
6931	OP782733	519185
6931	OP782734	519185
6931	OP782735	519185
6931	OP782736	519185
6931	OP782737	519185
6931	OP782738	519185
6931	OP782739	519185
6931	OP782740	519185
6931	OP782741	519185
6931	OP782742	519185
6931	OP782743	519185
6931	OP782744	519185
6931	OP782745	519185
6931	OP782746	519185
6931	OP782747	519185
6931	OP782748	519185
6931	OP782749	519185
6931	OP782750	519185
6931	OP782751	519185
6931	OP782752	519185
6931	OP782753	519185
6931	OP782754	519185
6931	OP782755	519185
6931	OP782756	519185
6931	OP782757	519185
6931	OP782758	519185
6931	OP782759	519185
6931	OP782760	519185
6931	OP782761	519185
6931	OP782762	519185
6931	OP782763	519185
6931	OP782764	519185
6931	OP782765	519185
6931	OP782766	519185
6931	OP782767	519185
6931	OP782768	519185
6931	OP782769	519185
6931	OP782770	519185
6931	OP782771	519185
6931	OP782772	519185
6931	OP782773	519185
6931	OP782774	519185
6931	OP782775	519185
6931	OP782776	519185
6931	OP782777	519185
6931	OP782778	519185
6931	OP782779	519185
6931	OP782780	519185
6931	OP782781	519185
6931	OP782782	519185
6931	OP782783	519185
6931	OP782784	519185
6931	OP782785	519185
6932	EU912088	552641
6933	FJ695437	675710
6934	HM347014	977941
6935	HQ148843	437579
6936	JN634749	1132086
6937	JQ072902	1162216
6937	MG232788	41228
6938	JQ740191	22663
6938	JQ740192	22663
6938	JQ740193	22663
6938	JX911337	22663
6938	JX911338	22663
6938	JX911339	22663
6938	JX911340	22663
6938	JX911341	22663
6938	JX911342	22663
6938	JX911343	22663
6938	JX911344	22663
6938	JX911345	22663
6938	JX911346	22663
6938	JX911347	22663
6938	JX911348	22663
6938	JX911349	22663
6938	JX911350	22663
6938	JX911351	22663
6938	JX911352	22663
6938	JX911353	22663
6938	JX911354	22663
6938	JX911355	22663
6938	JX911356	22663
6938	OQ720931	22663
6938	OQ720932	22663
6939	JX193303	223107
6940	JX870654	1359235
6940	JX870655	1359236
6940	JX870763	468146
6940	MZ015523	2822261
6940	MZ927371	1954499
6940	MZ927372	1472298
6940	MZ927373	1951290
6940	MZ927375	1951245
6940	MZ927376	1186076
6940	MZ927377	2872619
6940	MZ927394	2736927
6941	JX870781	204999
6941	JX870783	1359335
6942	KC955708	138524
6943	KC990711	1482638
6944	KF747835	1499145
6944	MN332384	2748434
6945	JF430409	157791
6945	KJ825885	157791
6946	KP878858	90396
6947	KP878859	1718221
6948	KP878870	1718833
6948	KP878871	1718834
6948	KP878874	1718223
6949	KP878873	1718836
6949	KP878880	1718226
6949	KP878883	1718229
6949	KP878887	1718233
6949	KP878890	1718235
6950	KP878882	1718228
6951	KP878891	1891668
6952	KP878893	1718236
6953	KP878894	29709
6954	KP878900	1718253
6955	KP878902	435764
6955	KP878903	435764
6956	KP878904	435764
6957	KP878907	220434
6957	PZ294738	38727
6958	KP878910	206027
6959	KR083065	1125385
6960	KY306568	162765
6961	KY321098	1413224
6962	KY612448	293754
6962	KY612449	293754
6962	KY612450	1072387
6962	KY612451	1072387
6962	KY612452	114151
6962	KY612453	114151
6963	KY968955	313893
6964	LC033836	405339
6964	LC033837	405339
6964	MG208075	511540
6964	MG208084	13216
6965	LC625821	2060756
6966	MF029696	589505
6967	MN264650	2601746
6968	MZ015532	2822234
6969	MZ015542	2720045
6970	MZ475324	2934724
6971	OP881293	173843
6971	OP881294	173843
6971	OP881295	173843
6971	OP881296	173843
6971	OP881297	173843
6971	OP881298	173843
6971	OP881299	173843
6972	OP881300	3075657
6973	OP881301	3075660
6973	OP881302	977937
6973	OP881304	3075647
6974	OP881303	977937
6975	OP881305	3075659
6975	OP881306	3075659
6976	PP577816	3091558
6977	PV084897	139751
6978	PV901664	66646
6979	X14337	3916
6980	AF239324	125104
6980	AY870081	125104
6981	AF313009	165324
6982	AF313017	164258
6983	AF313018	165334
6983	AY144463	207274
6984	AF313021	165317
6984	AF313022	165318
6984	AF313023	165316
6984	AY673618	303437
6984	AY673619	165317
6984	AY673620	303438
6984	AY673621	165318
6984	AY673622	165318
6984	MT923824	165318
6984	MT923829	165317
6985	AF414498	188517
6986	AF509795	195143
6987	AF509803	195139
6987	AF509804	195142
6987	AY741525	274336
6987	AY850099	274337
6988	AM267021	387038
6988	AM267023	43539
6989	AY741528	309822
6990	AF313007	165331
6990	AF509800	195135
6990	AF509802	195132
6990	AY741526	165331
6990	AY850092	195141
6990	AY850094	165331
6990	AY850095	165331
6990	AY850096	165331
6990	AY850097	195132
6990	AY850098	165331
6990	AY850100	195135
6990	AY850102	165331
6990	AY850103	165331
6990	AY850104	165331
6991	DQ175596	344816
6992	FJ565449	154675
6993	FJ695471	60085
6994	FJ794652	273561
6995	GQ424467	692130
6996	GQ424468	692131
6997	GU386455	882633
6998	HM347018	1035931
6998	HM347025	649768
6999	HM347028	240471
7000	JN634726	1132064
7000	JN634733	1132071
7000	JN634740	1132077
7000	JN634756	1132093
7001	JN805903	1197347
7002	JX870762	58876
7002	KF921698	138057
7002	KF933276	58876
7003	JQ248885	1173652
7003	KC200997	1174860
7003	KC955470	1469230
7004	KF924123	405337
7004	MG208080	935695
7005	KP878889	435759
7006	KP878892	1718837
7007	KP878908	158154
7008	KP904153	54231
7008	KP904155	54231
7009	KT364072	397648
7009	KT364073	397648
7009	KT364079	1846127
7009	KT364088	397652
7009	KT364094	397653
7009	KT364100	397653
7009	KT364101	1846135
7010	KT364085	1846131
7011	KY321109	323099
7012	MG208077	130418
7013	MG208079	450286
7014	MH400505	142549
7015	MK025951	2447909
7015	MK025952	1037984
7015	MK025953	1037984
7016	MK641681	1186231
7016	MK641685	1940520
7016	MK641686	2555529
7016	MK641702	2555526
7016	MK641717	1401422
7016	MK641718	2555521
7016	MK641719	2555533
7017	MN257833	2600569
7018	MZ927374	1940492
7019	MZ927416	397650
7020	ON286750	2936513
7020	ON286751	2936513
7021	AF313006	165336
7022	AF313008	165335
7023	AF313024	165314
7024	AJ783639	253212
7025	AM939529	120143
7025	AM939530	298689
7026	EU145364	58423
7027	EU224206	314196
7028	GQ424460	692121
7029	HM347020	1035933
7030	JQ341264	324576
7031	JQ341268	94332
7032	FJ037816	597313
7032	FJ037817	597313
7032	FJ037818	597314
7032	FJ037819	597314
7032	JQ899007	544667
7032	JQ899008	597313
7032	JQ899009	597314
7033	JX862598	1296275
7033	JX862600	1296310
7033	JX862660	1296278
7033	JX862685	1296299
7034	JX870690	1359265
7035	JX870732	1359301
7036	JX870780	1359332
7037	KP218518	13429
7038	KP794391	1777533
7038	OM886427	1777533
7039	KY584384	2069411
7040	LC033838	405319
7040	LC033839	405319
7040	LC033840	405319
7040	LC033841	405319
7041	MF468198	204149
7041	MF468199	204149
7042	EF635465	405306
7042	EF635476	460806
7042	EF635477	130375
7042	MN257767	2600493
7043	MN825531	368095
7043	MN825533	368095
7043	MN825534	368095
7044	MT923392	162991
7045	MZ015534	2822264
7046	MZ366378	2844912
7046	MZ366379	2844913
7047	AF432946	174241
7047	AF432947	174240
7047	AF432948	174242
7047	FJ565382	590236
7048	AF509794	195127
7049	AM404347	121769
7049	HM347009	1080111
7049	OP881275	661175
7049	OP881276	121769
7049	OP881277	66018
7049	OP881278	66018
7049	OP881279	449510
7049	OP881280	449510
7049	OP881281	1475398
7049	OP881282	1475398
7049	OP881289	158097
7050	AY850093	195141
7050	AY850101	165331
7051	DQ175597	344851
7051	DQ175603	345214
7052	DQ175616	345218
7053	EF153104	28472
7053	MF543776	492483
7053	OR741789	3081691
7054	FJ037813	597311
7054	FJ037814	597311
7054	JQ899004	597311
7054	JQ899005	1186150
7055	FJ037815	597312
7055	JQ899006	597312
7056	AF239398	125109
7056	AF350558	125109
7056	AF350559	154671
7056	AF350850	154671
7056	AF350851	125109
7056	AF350853	154852
7056	AF350868	154861
7056	AF350872	154839
7056	AF350873	154842
7056	AF350874	154840
7056	AF432957	176203
7056	AF432960	154671
7056	AF432961	125109
7056	AF432969	176211
7056	AF432970	154860
7056	AF432972	154861
7056	AF432975	154839
7056	AF432976	154842
7056	FJ565266	154860
7056	FJ565275	590758
7056	FJ565279	154852
7056	FJ565511	590246
7056	FJ565611	590537
7057	AF350556	154694
7057	AF350844	154694
7057	AF350846	154862
7057	AF432942	154694
7057	AF432943	174244
7057	AF432945	154862
7057	FJ565375	154863
7057	FJ565609	174244
7057	FJ565671	587991
7058	GQ424456	22978
7058	JQ898992	1272967
7058	JQ898993	22978
7059	GQ424464	22987
7060	GQ424466	692128
7060	JQ899026	692128
7061	HM057396	387125
7061	HM057400	760992
7061	HM057401	760993
7061	HM057403	760995
7061	HM057404	760996
7061	HM057405	761002
7061	HM057409	761007
7061	HM057411	761187
7061	HM057412	761012
7062	JF831206	1134492
7063	JQ898990	1186151
7064	JQ898991	692119
7065	FJ037809	597302
7065	FJ037810	397186
7065	FJ037811	597303
7065	FJ037812	597303
7065	GQ424461	681448
7065	JQ898982	1272971
7065	JQ898983	597303
7065	JQ898984	82155
7065	JQ898985	1186115
7065	JQ898986	397186
7065	JQ898987	1272974
7065	JQ898988	597302
7065	JQ898989	1186116
7065	JQ899014	1272973
7065	JQ899020	1272972
7065	JQ899024	1272970
7066	KM435184	279662
7066	KM435186	279662
7067	KP878869	1718222
7068	KR083066	1812991
7069	KX057909	460234
7070	KY306614	162836
7071	KY321092	2934739
7072	MK638944	2555426
7072	MK638950	204999
7072	MK638951	2555416
7072	MK638952	2555416
7072	MK638953	2555416
7072	MK638956	2555423
7072	MK638957	2555423
7072	MK638958	148732
7072	MT937164	2555423
7073	MN381230	2720713
7073	MN381231	2720713
7073	MN381232	2720713
7073	MN381233	2720713
7074	MN825024	264520
7074	MN825494	264529
7074	MN825495	264529
7074	MN825496	264529
7074	MN825653	89655
7074	MN825984	89664
7074	MN825985	89664
7075	MT726085	194258
7076	MZ927401	1905022
7077	MZ927406	648540
7078	OP508182	2980748
7079	OP881268	3075654
7080	OP881274	1387316
7081	OP881307	173843
7082	OP881308	3075656
7082	OP881309	1755043
7082	OP881310	3075655
7082	OP881311	3075655
7082	OP881312	3075655
7082	OP881313	1878973
7082	OP881314	1755043
7082	OP881315	1755043
7082	OP881316	1755043
7083	AF350532	154726
7083	FJ565301	154726
7084	AF350546	154687
7084	FJ565557	154687
7085	AF509799	195126
7086	AM234074	290081
7087	AM267024	120155
7087	AM267065	387075
7087	AM267066	110692
7087	AM267067	110692
7087	AM267068	387078
7087	AM267069	387079
7087	FN376369	640118
7087	FN376370	640119
7087	FN376371	640120
7087	FN376372	640121
7088	AY641622	244743
7088	AY641625	291460
7088	AY641633	291465
7088	AY641634	291465
7088	AY641640	291477
7088	AY641649	244745
7088	AY641651	244745
7088	AY641653	291473
7089	DQ175531	344789
7089	DQ175533	344820
7089	DQ175534	345204
7089	DQ175536	344854
7090	DQ175554	344779
7091	DQ175579	344817
7092	DQ175560	344828
7092	DQ175561	226285
7092	DQ175587	345211
7092	DQ175588	226285
7093	DQ175606	344844
7093	DQ175607	344844
7094	EU924347	217532
7095	FJ037805	597283
7095	FJ037806	597283
7095	FJ037807	597284
7095	FJ037808	597284
7095	JQ899000	688041
7095	JQ899001	597284
7095	JQ899002	688040
7095	JQ899003	597283
7095	JQ899021	1272968
7096	FJ389511	383670
7097	GQ424454	692112
7098	GQ424459	692119
7099	GQ424462	692123
7100	HG004877	382115
7101	HM347010	1035924
7102	JF831204	1134494
7103	JN560191	3670
7104	JN634728	1132066
7104	JN634734	1132073
7105	JQ341263	324568
7106	JQ341279	210041
7107	JQ341282	1128366
7108	GQ424458	692117
7108	JQ898974	1272969
7109	JQ898975	597385
7109	JQ898976	1186172
7109	JQ898977	1186173
7109	JQ899013	82157
7109	JQ899019	1186173
7109	JQ899028	1272989
7109	JQ899029	1272990
7110	JQ898994	1272982
7111	JQ898995	1186149
7111	JQ899016	1186147
7112	JQ898998	597285
7113	JQ899015	1856776
7114	JQ899023	1272976
7115	JX840544	507413
7115	JX840545	507413
7116	JX862604	1296280
7117	KC200867	1174814
7118	KC773767	1345055
7119	KY218780	4744
7120	KY321069	162870
7121	KY321083	46664
7122	KY411903	29802
7123	LN607423	313972
7124	LN607596	313954
7125	MG208068	405346
7126	MK638947	2555412
7126	MK638948	2555412
7126	MT937168	2555412
7127	MZ927395	199165
7128	OM462506	91201
7128	OM462507	91201
7128	OM462508	91201
7128	OM462509	91201
7128	OM462510	91201
7128	OM462511	91201
7128	OM462512	91201
7128	OM462513	91201
7128	OM462514	91201
7128	OM462515	91201
7128	OM462516	91201
7128	OM462517	91201
7128	OM462518	91201
7128	OM462519	91201
7128	OM462520	91201
7128	OM462521	91201
7128	OM462522	91201
7128	OM462523	91201
7128	OM462524	91201
7128	OM462525	91201
7128	OM462683	91201
7128	OM462684	91201
7128	OM462685	91201
7128	OM462686	91201
7128	OM462687	91201
7128	OM462688	91201
7128	OM462689	91201
7128	OM462690	91201
7128	OM462691	91201
7128	OM462692	91201
7128	OM462693	91201
7128	OM462694	91201
7128	OM462695	91201
7128	OM462696	91201
7128	OM462697	91201
7128	OM462698	91201
7128	OM462699	91201
7128	OM462700	91201
7128	OM462701	91201
7128	OM462702	91201
7128	OM462863	91201
7128	OM462864	91201
7128	OM462865	91201
7128	OM462866	91201
7128	OM462867	91201
7128	OM462868	91201
7128	OM462869	91201
7128	OM462870	91201
7128	OM462871	91201
7128	OM462872	91201
7128	OM462873	91201
7128	OM462874	91201
7128	OM462875	91201
7128	OM462876	91201
7128	OM462877	91201
7128	OM462878	91201
7128	OM462879	91201
7128	OM462880	91201
7128	OM462881	91201
7128	OM462882	91201
7129	OP881269	1878971
7129	OP881270	3075653
7130	OP881271	3075662
7130	OP881272	3075662
7130	OP881273	3075662
7131	OP881283	3075658
7131	OP881284	3075658
7131	OP881285	3075661
7131	OP881286	3075661
7131	OP881287	3075661
7131	OP881288	3075661
7132	OP881290	158096
7132	OP881291	158096
7132	OP881292	158097
7133	PP577828	3136927
7134	PV901693	90549
7134	PV901694	90549
7134	PV901697	90549
7135	PZ294668	3701599
7135	PZ294698	3701599
7136	AB540127	703630
7136	AB985731	703630
7137	AF432949	174237
7137	AF432950	174236
7137	AF432951	174232
7137	AF432952	174231
7137	AF432954	174234
7137	AF432955	174238
7137	AF432956	174235
7137	FJ565506	174234
7137	FJ565519	590229
7137	FJ565529	174236
7137	FJ565530	174231
7137	FJ565576	174237
7138	AF432959	174243
7138	FJ565600	174243
7139	AF350560	154669
7139	AF350871	154669
7139	AF432973	154669
7139	AF432974	176213
7139	FJ565237	154860
7139	FJ565244	590243
7139	FJ565306	154669
7139	FJ565310	154860
7139	FJ565313	154860
7139	FJ565486	154860
7139	FJ565487	590574
7139	FJ565518	154669
7139	FJ565652	590749
7140	AM267042	387054
7140	AM267048	387059
7140	AM267049	387060
7141	AM745922	446959
7141	AM745928	283141
7141	AM745931	446961
7142	AY554401	41803
7142	AY554406	192834
7142	AY558822	192822
7142	AY558827	186060
7143	AY641617	291456
7143	AY641619	291458
7143	AY641620	291458
7144	AY641626	291461
7144	AY641641	244744
7144	AY641647	291475
7144	AY641648	291472
7145	AY641629	291464
7146	AY641638	90529
7147	AY641644	244746
7148	AY641627	291462
7148	AY641630	66629
7148	AY641631	66629
7148	AY641632	66629
7148	AY641642	291476
7148	AY641650	291474
7148	AY641652	291474
7148	AY641654	291474
7149	DQ175542	345205
7149	DQ175543	344773
7149	DQ175546	344793
7149	DQ175550	344783
7150	DQ175557	344839
7151	DQ175582	344819
7152	DQ175593	344781
7153	DQ175571	344791
7153	DQ175595	344829
7154	DQ175602	344840
7155	DQ175600	344795
7155	DQ175604	344794
7156	DQ385594	372401
7156	DQ385601	372408
7156	GU386456	372408
7156	GU386457	372401
7157	EU436872	53814
7158	FJ695440	675714
7159	GQ396670	226284
7160	HF586696	1288325
7160	HF586697	486429
7160	HF586698	486429
7160	HF586699	486429
7160	HF586700	486429
7160	HF586701	931239
7160	HF586702	931239
7160	HF586703	1288325
7160	HF586705	486429
7160	HF586706	486429
7160	HG004857	1341783
7161	HM347016	1035930
7162	JN805915	219235
7163	JQ898978	123495
7163	JQ898979	1186148
7163	JQ899017	1272975
7164	JQ898997	1186155
7164	JQ899022	1272981
7164	JQ899025	1186153
7165	KC200811	1174787
7165	KC200812	1174787
7166	KC201095	1120470
7166	KC201096	1120470
7166	KC201097	1120470
7166	KC955703	1120470
7167	KY214933	4621
7168	KY584377	163927
7169	MF468201	204149
7170	MH710785	339321
7171	MN116780	662900
7172	MN257729	1389743
7172	MN257733	1389743
7172	MN257744	1389743
7172	MN257811	1389743
7172	MN257818	1389743
7173	MN826054	2682030
7174	MT924168	1940551
7174	PV901706	90549
7175	MT949933	328376
7176	PX411357	478911
7177	AF328832	106665
7178	AM266992	387010
7178	AM266995	387012
7179	AM267020	387037
7179	AM267029	58394
7179	AM267031	387045
7180	AM267025	387040
7180	AM267033	60389
7181	AM267026	387041
7181	AM267027	387043
7181	AM267035	387047
7181	FN376367	640117
7182	AM267032	387045
7183	AM745916	446957
7184	AM745924	283141
7184	AM745926	283141
7185	AY641624	90528
7186	AY641635	228002
7186	AY641639	291469
7187	AY870082	310142
7188	DQ175535	344804
7189	DQ175555	344837
7189	DQ175556	344775
7189	DQ175577	345210
7189	DQ175590	345310
7190	DQ175562	344786
7191	DQ175578	344846
7192	DQ175580	344800
7193	DQ175617	344855
7194	EU436864	245207
7195	EU436865	245208
7196	EU436882	53809
7196	EU436883	519454
7196	KM594529	1585988
7197	FJ794629	273596
7198	FJ794650	273605
7198	FJ794657	273583
7199	GQ424453	82149
7200	HE657764	1133509
7201	JN560183	386165
7202	JQ341258	324555
7203	JQ341259	543961
7204	JQ341267	210077
7204	KY968881	210077
7205	JQ341281	1128365
7206	JQ898981	715485
7207	KC200732	1174764
7208	KC201110	334174
7208	KC955705	334174
7209	KM113802	200952
7209	KM113803	1637604
7209	KM113804	1637604
7209	KM113805	1637604
7209	KM113806	1637604
7209	KM113807	200952
7210	AM266991	387009
7210	AM266997	387014
7210	KT793008	387014
7210	KT793009	387014
7211	KY688772	875628
7212	KY688824	138043
7212	KY688825	875653
7213	MG208076	450283
7214	MG232755	1813208
7215	MG232750	204132
7215	MG232758	204133
7215	MG232761	986863
7215	MG232766	2494284
7215	MG232782	986863
7215	MG232822	204133
7215	MH557906	204133
7215	MH557907	204133
7215	MH557908	204133
7216	MN257674	2600451
7216	MN257740	2600452
7216	MN257750	2600453
7216	MN257808	2600454
7217	MT924158	66652
7218	MT924174	200488
7219	OR531499	185716
7220	AB120212	174164
7221	AM267028	387044
7222	AY146448	210730
7222	MF543777	210730
7222	MF543778	210730
7222	MF543779	210730
7222	MF543780	210730
7222	MF543781	210730
7222	MF543782	210730
7222	MF543783	210730
7223	AY554404	184476
7224	AY558823	4129
7225	AY641615	90545
7226	AY641616	90547
7227	AY936649	300988
7228	AY936682	319577
7229	DQ175532	344833
7230	DQ175544	344772
7230	DQ175547	344810
7231	DQ175558	344836
7232	DQ175565	344850
7232	DQ175567	344785
7233	DQ175605	344825
7234	DQ175608	45185
7235	DQ175612	344841
7236	DQ175613	344835
7237	DQ175614	344778
7238	DQ175615	345217
7239	DQ414960	376081
7240	EU436871	519457
7240	JN634724	1132062
7240	JN634743	196549
7240	JN634745	1132081
7240	JN634747	53807
7240	JN634748	1132085
7240	JN634754	1132092
7241	FJ907049	659046
7241	FJ907072	659046
7241	FJ907075	659048
7242	HF586707	486429
7243	JN560184	517551
7243	JN560185	515860
7243	JN560186	515860
7243	JN560187	1132096
7243	JN560188	1132097
7244	JN560192	48242
7244	JN560193	931235
7244	JN560195	1132102
7244	JN560196	1132102
7244	JN560199	1132103
7244	JN560201	1132104
7244	JN560213	931236
7244	JN560214	1132111
7244	JN560215	1132112
7244	JN560216	1132113
7244	JN560217	1132114
7244	JN560218	1132114
7244	JN560220	1132116
7244	JN560221	340140
7244	JN560222	340140
7244	JN560225	1132117
7244	JN560226	1132118
7244	JN560227	1132119
7244	JN560228	1132120
7244	JN560229	1132120
7244	JN560230	1132121
7244	JN560231	1132122
7244	JN560233	1132124
7244	JN560234	1132125
7244	JN560237	1132128
7244	JN560238	515874
7244	JN560239	515874
7244	JN560240	1132129
7244	JN560241	1132130
7244	JN560242	1132130
7244	JN560243	1132131
7244	JN560244	1132131
7244	JN560245	1132132
7244	JN560246	1132133
7244	JN560247	1132134
7244	JN560249	1132137
7244	JN560250	1132138
7244	JN560251	1132138
7244	JN560252	1134497
7244	JN560253	1134497
7244	JN560254	1132140
7244	JN560255	1132141
7244	JN560256	1132142
7244	JN560257	1132143
7244	JN560260	515875
7244	JN560261	515875
7244	JN560262	1132145
7244	JN560266	1132148
7244	JN560267	1132149
7244	JN560268	1134498
7244	JN560269	1134498
7244	JN560271	1132151
7244	JN560273	1132152
7244	JN560274	1132152
7244	JN560275	1132153
7244	JN560276	386236
7245	JN805894	219227
7245	JN805895	1197339
7245	JN805896	1197340
7245	JN805897	1197341
7245	JN805899	1197343
7245	MT384022	219227
7245	MT384023	1197340
7246	JQ341270	1128359
7247	JQ341271	94333
7247	JQ341275	210040
7248	JQ341298	1128375
7249	JX505464	1343736
7249	JX505465	1343736
7249	JX505466	1343736
7249	JX505467	1343736
7250	KC200620	1174719
7251	KF921699	1549834
7251	OM436176	1549834
7251	OM436177	1549834
7251	OM436178	1549834
7251	OM436179	1549834
7251	OM436180	1549834
7252	KM051446	3677
7253	KT338757	1499947
7253	OP265395	3410398
7254	KY214938	94321
7254	KY214939	255355
7254	KY214940	1159634
7254	KY214941	4664
7255	MG232754	2494294
7255	MG232780	662909
7255	MG232784	662909
7255	MG232797	662932
7255	MG232799	662922
7255	MG232808	662932
7255	MG232825	1504647
7255	MG232826	1504647
7255	MT603970	2494292
7255	MT914290	1504647
7256	MN264651	2601747
7257	MN824873	2613356
7257	MN824874	2613356
7258	MZ409849	2849028
7259	ON890709	1504653
7260	PP577808	1763479
7261	AB120214	231669
7262	AB593685	234045
7263	AM266989	120127
7264	AM266994	387011
7264	FN376361	387011
7264	KT793005	387011
7265	AM267004	387022
7266	AM267017	387033
7267	AM745910	446953
7268	AM745920	446958
7269	AM945204	509959
7269	AM945208	509946
7270	AY056049	142243
7271	AY146446	78719
7271	AY146447	210729
7272	AY936726	319607
7273	DQ175568	344853
7274	DQ175569	344824
7275	DQ175572	344799
7276	DQ175581	344807
7277	DQ414930	376051
7278	EF667969	96273
7279	EU145356	58437
7279	FJ695432	58437
7280	FJ695431	675706
7281	FJ695441	675714
7282	GU386459	882632
7283	HM057408	387126
7284	JN560179	1132094
7284	JN560180	1132094
7285	JN560189	388292
7286	JN560202	1132105
7287	JN560203	386226
7287	JN560204	386226
7287	JN560205	1132106
7288	JN560206	1132107
7288	JN560207	1132108
7288	JN560208	1132108
7288	JN560209	184140
7288	JN560210	1132109
7288	JN560211	1132109
7288	JN560212	1132109
7289	JN560248	1132135
7290	JQ341260	210060
7291	KC480526	1321302
7291	KC480528	1321304
7292	KT970387	149691
7292	KT970388	149691
7292	KT970389	149691
7292	KT970390	149691
7292	KT970391	149691
7292	KT970392	149691
7292	KT970393	149691
7292	KT970394	149691
7292	KT970395	149691
7292	KT970396	149691
7292	KT970397	149691
7292	KT970398	149691
7293	KX057903	167719
7294	MG232767	2494292
7295	MG232740	986860
7295	MG232741	986859
7295	MG232742	2494289
7295	MG232743	199544
7295	MG232744	2494288
7295	MG232745	2494291
7295	MG232746	662918
7295	MG232747	662931
7295	MG232749	662925
7295	MG232751	2494312
7295	MG232752	705303
7295	MG232753	550456
7295	MG232762	662904
7295	MG232763	2494295
7295	MG232764	2494279
7295	MG232765	662904
7295	MG232768	2494280
7295	MG232769	2494281
7295	MG232770	2494658
7295	MG232771	662908
7295	MG232772	662915
7295	MG232773	2494293
7295	MG232774	1504649
7295	MG232775	204134
7295	MG232776	1504640
7295	MG232777	1504649
7295	MG232778	662926
7295	MG232779	662915
7295	MG232781	2494286
7295	MG232783	425908
7295	MG232785	662923
7295	MG232787	662929
7295	MG232789	204131
7295	MG232790	2494285
7295	MG232791	662928
7295	MG232792	1504656
7295	MG232793	204135
7295	MG232794	986866
7295	MG232795	662906
7295	MG232796	662930
7295	MG232798	662905
7295	MG232800	662919
7295	MG232801	662916
7295	MG232802	1504651
7295	MG232809	662915
7295	MG232811	662930
7295	MG232830	662924
7295	MG232833	2494282
7295	MH710823	425908
7295	MT603976	2744337
7295	MT603977	662910
7296	MH321186	1715883
7296	MH321187	1715883
7296	MH321188	2516892
7297	MH712635	2292148
7298	JX870785	597427
7298	MK641683	2555509
7298	MZ015537	2555509
7298	MZ927418	2912749
7299	MN585147	587659
7300	JX870771	3089646
7300	MZ927415	2872622
7301	PP577809	3136923
7301	PP577813	3136924
7301	PP577822	3136936
7301	PP577827	1954699
7301	PP577832	3136923
7302	PP577833	3136928
7303	PQ474449	3373621
7304	PV704807	451009
7304	PV704808	53088
7305	AM939427	120124
7305	AM939428	120124
7306	AM945202	509957
7306	AM945205	509944
7306	AM945207	509945
7307	AY492119	107240
7307	AY963776	107240
7307	KY968837	107240
7308	AY554405	184474
7309	AY641613	90539
7309	AY641614	90549
7310	DQ175539	344784
7311	EF667970	96295
7312	FJ695436	60354
7313	FJ794649	273586
7314	FJ794658	273562
7315	FJ907038	659020
7316	GQ424457	692115
7317	HG004874	1341780
7318	JN560182	386134
7319	JN579597	105935
7319	JN579612	1219488
7319	JN579613	1219488
7320	JN872694	1197370
7321	JQ341261	94366
7322	JQ341265	210072
7323	JQ341274	1128361
7324	JQ341283	1128367
7324	JQ341285	1128369
7325	JQ341292	210045
7325	JQ341299	1128376
7325	JQ341305	1128380
7326	JQ341294	94339
7327	JQ341300	1128377
7328	JX155059	1277319
7328	JX155062	1277327
7328	JX155065	1277313
7328	JX155066	1277313
7328	JX155068	180029
7329	JX155089	58435
7329	JX155101	58435
7330	KC480530	1321293
7330	KC480535	1321296
7331	MG208069	2045272
7332	MG232803	2494283
7332	MG232804	980662
7332	MG232805	662907
7332	MG232806	986861
7332	MG232807	986866
7332	MG232810	662911
7332	MG232812	669300
7332	MG232813	986862
7332	MG232814	550457
7332	MG232815	2494286
7332	MG232816	1504659
7332	MG232818	669301
7332	MG232819	2494287
7332	MG232820	2494287
7332	MG232821	662916
7332	MG232823	662917
7332	MG232824	1504656
7332	MG232827	1504648
7332	MG232828	662913
7332	MG232829	662923
7332	MG232831	1504651
7332	MG232832	204134
7332	MG232834	1504640
7332	MG232835	662927
7332	MH557901	2593378
7332	MH557902	204131
7332	MH557903	204131
7332	MH557910	425908
7332	MH557911	680379
7332	MH557912	550456
7332	MH557913	425908
7332	MT603968	2744335
7332	MT603969	2744336
7332	MT603971	1883403
7332	MT603972	705303
7332	MT603973	662921
7332	MT603974	2744338
7332	MT603975	204135
7332	MT603978	2744339
7332	ON890682	662902
7333	MH557909	425909
7334	MK638927	1359332
7335	MZ750389	2986130
7336	AB715220	1177002
7336	AB715221	1177002
7336	ON819590	266091
7336	ON819597	266091
7337	PV090949	1391952
7337	PV090950	3399561
7337	PV090952	3399561
7337	PV090954	694393
7338	AB120213	231674
7338	OR660203	387931
7338	PV961633	3450830
7339	AM266990	387008
7340	AM267022	387039
7341	AM745912	446954
7342	AM745914	446956
7343	AM745918	446957
7343	AM745933	446962
7344	AM745929	446960
7345	AM939426	60350
7346	AM945206	120145
7347	AY936674	283129
7348	EU145365	354274
7348	FJ695462	675722
7348	FJ695463	675723
7348	FJ695464	675723
7349	EU145391	187337
7349	EU145392	187337
7349	EU145393	187337
7349	EU145394	187337
7350	FJ695429	675703
7351	FJ695433	675708
7351	FJ695434	675707
7352	FJ695435	675709
7353	FJ695442	58427
7354	FJ695450	675718
7355	FJ695453	675720
7356	FJ907053	659055
7357	FJ949064	39946
7357	FJ949065	39946
7357	FJ949066	39946
7357	FJ949067	39946
7358	AM267039	387051
7358	AM267054	296969
7358	FN376368	387051
7359	HE657659	1133433
7360	JF831205	1134493
7361	JN579581	105934
7361	JN579582	105934
7362	JN805898	1197342
7363	JN805945	219259
7363	MT384032	219259
7364	JQ341262	94385
7364	KY214936	94351
7365	JQ341277	1128362
7365	JQ341289	94338
7365	JQ341290	1128371
7366	JQ341291	1128372
7367	JQ341293	1128373
7367	JQ341297	1128374
7367	JQ341306	1128381
7368	JQ341309	94357
7369	JX155063	1277314
7369	KF675907	1419192
7369	KF675908	1419194
7369	KF675943	77904
7369	KF675952	1419228
7369	KF675967	1419238
7369	KF675971	1419238
7369	KF675973	1419239
7369	KF675992	1419235
7370	JX155081	1419237
7371	JX155096	96276
7371	JX155097	1277307
7371	JX155098	1277308
7372	KC480523	1321308
7372	KC480531	1321312
7373	KC480524	1321294
7374	KC480525	1129518
7374	KC480527	1321313
7374	KC480529	1321314
7375	KC480532	1321303
7376	KC480534	1321306
7377	KC480545	1129521
7378	KC955671	198738
7379	KC990710	1482612
7379	KU532888	1933663
7380	KF675921	1419207
7381	KF675916	1419202
7381	KF675917	1419203
7381	KF675918	1419204
7381	KF675928	1382072
7381	KF675930	1419215
7381	KF675931	1419216
7381	KF675935	77862
7381	KF675939	1419221
7381	KF675944	1419224
7381	KF675945	77883
7381	KF675947	1419226
7381	KF675950	1419227
7381	KF675953	1419229
7381	KF675955	1419231
7381	KF675958	1419233
7381	KF675959	1419234
7381	KF675969	1419238
7381	KF675972	1419239
7381	KF675979	1419240
7381	KF675988	77898
7381	KF675990	1419247
7381	KF675991	1419248
7382	KF675965	1419237
7383	KF705002	60064
7384	KM051456	1548133
7384	MT923430	125587
7384	MT923431	46901
7385	KU963325	1827089
7386	KX440961	1399584
7387	KY584378	715667
7388	KY688793	247878
7388	KY688812	519518
7389	KY968940	264525
7389	MN825288	264525
7389	MN825289	264525
7389	MN825290	264525
7389	MN825291	264525
7389	MN825292	264525
7390	MK638925	1359331
7390	MK638926	1359331
7390	MK638936	2555420
7390	MK638938	1359333
7390	MK638943	2555424
7390	MK638959	2555428
7390	MK638962	2555414
7390	MK638963	2555428
7391	MK638949	2555411
7392	MZ927385	688049
7392	MZ927393	586711
7393	MZ927391	1186121
7394	ON557648	76025
7394	PX415234	76025
7394	PX415235	76025
7394	PX415236	76025
7394	PX415237	76025
7394	PX415238	76025
7394	PX415239	76025
7394	PX415240	76025
7395	PQ474546	3373694
7395	PQ474547	3373694
7396	AB715225	1177003
7396	AB715226	1177003
7396	AB715227	1177003
7396	AB715228	1177003
7396	PZ013835	3683647
7397	AM267005	387023
7397	AM267006	387024
7397	AM267007	387025
7397	AM267008	60384
7397	AM267009	387026
7397	AM267010	387027
7397	AM267011	387028
7397	AM267012	387029
7397	AM267013	387029
7397	AM267014	387030
7397	AM267015	339307
7397	AM267016	387032
7397	FN376362	387029
7397	FN376363	387029
7397	FN376364	640122
7397	FN376365	640115
7397	FN376366	640116
7398	AM267018	387034
7399	AM945196	180023
7400	AM945198	60102
7401	AM945199	509960
7401	AM945200	509942
7401	AM945201	509943
7402	AM945218	509941
7402	JX155087	1277299
7402	JX155088	1277302
7402	JX155090	1277301
7402	JX155092	1277300
7402	JX155100	1277298
7403	DQ414858	175378
7404	FJ695438	675711
7405	FJ695448	675716
7405	FJ695451	675719
7405	FJ695452	675719
7405	KP212775	1712819
7405	KP212777	1717216
7406	FJ695449	675717
7406	MN959968	2699262
7406	MN959969	2699258
7406	MN959970	675718
7406	MN959971	675718
7406	MN959972	2699263
7406	MN960096	2699263
7406	MN960097	2699263
7407	FJ695469	35919
7407	FJ695470	35919
7408	FJ794659	273545
7409	AB715201	659044
7409	FJ907052	659056
7409	FJ907070	659044
7410	FJ907059	659034
7410	FJ907063	659037
7410	FJ907068	659042
7410	FJ907089	659057
7411	FJ907097	659068
7412	GQ413945	521744
7413	HE657763	1133508
7414	HM057413	761013
7415	JF301408	204136
7415	MG232748	204136
7415	MG232786	204136
7415	MH557904	204136
7415	MH557905	204136
7416	JN161130	661950
7417	JN560181	1129543
7418	JN579584	105934
7419	JQ230382	1201206
7420	JQ341314	1128386
7421	JQ341317	1128387
7421	JQ341319	1128388
7422	JQ341318	210066
7423	JQ899010	1272979
7424	JQ899011	1186152
7425	JQ899012	1186154
7426	JX155060	1277297
7426	JX155074	1277297
7426	KF675960	1419236
7426	KF675989	1419246
7427	JX155061	1277303
7427	JX155086	1277326
7427	JX155102	165014
7428	JX155064	60395
7429	JX155067	1277318
7429	JX155073	1277315
7429	JX155091	1277322
7430	JX155071	1277328
7430	JX155072	180032
7430	JX155076	180038
7430	JX155077	1277329
7431	JX155075	180028
7432	JX155083	1419238
7433	JX155094	1277310
7434	JX155103	1277330
7435	JX862565	1296281
7435	JX862566	1296281
7436	JX870767	1359321
7437	JX870772	1359323
7438	KC201102	334167
7438	KC201103	334167
7438	KC201104	334167
7438	KC955704	334167
7439	KC480522	1321309
7440	KC955683	205024
7441	KF675911	1419197
7441	KF675949	165059
7442	KF675914	1419200
7443	KF675927	1419214
7443	KF675932	1419217
7443	KF675961	189183
7443	KF675962	189183
7443	KF675963	189183
7444	KF675915	1419201
7444	KF675925	1419212
7444	KF675933	1419218
7444	KF675954	1419230
7444	KF675957	189181
7445	KF675926	189153
7445	KF675929	1382072
7445	KF675946	1419225
7445	KF675978	1419240
7445	KF675984	1419242
7446	KR997866	1857798
7447	KU963316	1827080
7448	KY688799	1954660
7448	MZ927410	1954660
7449	KY688817	519519
7450	MN825864	89662
7450	MN825867	89662
7451	MN960095	675718
7452	OL863114	2052345
7453	AB715224	266091
7453	ON819588	266091
7453	ON819596	266091
7454	ON890782	2955202
7455	PQ474489	1289395
7456	PQ760055	3057220
7457	AB715202	1177004
7457	AB715203	1177004
7457	AB715204	1176999
7457	AB715205	1176999
7457	AB715206	1176999
7457	AB715207	1176999
7457	AB715208	1177000
7457	AB715209	1177000
7457	AB715210	1177004
7457	AB715211	1177000
7457	AB715212	1177000
7457	AB715213	1177000
7457	AB715214	1177000
7457	AB715215	266089
7457	AB715216	266089
7457	AB715217	1177000
7457	AB715218	1177000
7457	AB715219	1177001
7457	AB715222	1177001
7457	AB715223	1177001
7457	FJ907093	268745
7457	PZ013838	268745
7458	AJ347894	171892
7458	AJ347897	171895
7459	AM267001	387019
7460	AM267003	387020
7461	AM267019	60386
7462	AM267058	387069
7463	AM939478	497246
7463	AM939482	497251
7464	AM945192	120132
7464	FJ907046	59635
7464	FJ907047	659028
7464	FJ907048	659029
7464	LC460457	2510840
7464	LC460458	2510840
7465	AM945193	509961
7466	AM945197	353847
7466	EU145357	353847
7467	AM945210	509955
7467	AM945211	509956
7467	AM945212	172216
7468	FJ565640	588030
7469	FJ695428	675702
7470	FJ907039	659022
7471	FJ907041	83576
7471	FJ907042	659025
7471	FJ907045	659128
7472	FJ907043	659026
7472	FJ907096	659066
7473	FJ907065	659039
7474	FJ907069	659043
7475	FJ907092	659064
7476	HM057397	760991
7476	JX505458	386228
7477	JF301406	204199
7478	JN560223	386234
7478	JN560224	386234
7479	JN805900	1197344
7479	JN805902	219228
7479	MT384021	1197344
7480	JQ341257	1128382
7481	JQ341269	1128358
7481	JQ341272	94334
7481	JQ341303	210048
7482	JQ341278	1128363
7482	JQ341280	1128364
7482	JQ341295	210047
7482	JQ341301	1128378
7483	JX155069	1277320
7484	JX155079	58419
7485	JX155080	189164
7485	KF675936	59589
7486	JX155093	1277311
7487	JX155095	1277309
7488	KF675909	1419195
7489	KF675910	353866
7490	KF675912	1419198
7491	KF675924	1419213
7491	KF675976	1419239
7492	KF675922	1419210
7492	KF675941	242536
7493	KF675948	59593
7494	KF675981	1419240
7495	KF675938	1162814
7495	KF675985	1419243
7496	KF675986	1419244
7497	KU963314	2048178
7498	KX944395	2048171
7499	KY321097	1413224
7499	KY321099	1413224
7499	KY321100	1413224
7499	KY321101	1413224
7499	KY321102	1413224
7500	KY688777	138013
7500	MZ927413	767875
7501	KY688814	2035334
7501	MZ927412	2872621
7502	MH710686	486689
7503	MN116776	2676866
7504	MN116779	204106
7505	MN825230	264523
7505	MN825279	264524
7505	MN825562	264530
7505	MN825563	264530
7506	MN825949	264539
7507	MW602147	587663
7507	MW602148	587663
7507	OR594013	587663
7507	OR594031	587663
7507	OR594034	587663
7507	OR594038	1081563
7508	OQ451576	3028937
7509	OR081622	3050446
7510	PP456693	745666
7511	PZ013836	3554266
7512	AJ421002	180018
7512	AJ421041	180191
7512	AJ515159	213036
7512	AJ515311	213389
7513	AM266993	58433
7513	AM266996	387013
7513	AM266998	387015
7514	AM939539	393000
7515	AM945194	59632
7515	FJ907057	392988
7515	FJ907078	659052
7515	FJ907083	392988
7515	FJ907090	659063
7515	FJ907091	392988
7515	FJ907095	268745
7516	AM945215	296970
7516	AM945216	509948
7516	AM945217	189167
7517	EF667972	77886
7518	EU224205	495257
7519	FJ695461	393001
7520	FJ907051	659030
7521	FJ907056	659032
7522	FJ907074	659047
7523	FJ907076	659050
7524	FJ907094	268745
7525	HE657729	1045989
7525	HE657754	1045990
7525	HQ148743	1045989
7525	HQ148744	1045989
7525	MW396582	2798897
7526	HF586695	1144450
7527	HG004782	152375
7528	HM057402	760994
7528	HM057406	761003
7528	HM057407	761005
7528	HM057410	761008
7528	HM104679	761016
7529	JF831214	1134487
7530	JN161131	1048553
7531	JN805930	1197360
7531	JN805948	276822
7532	JN805941	157412
7532	JN872698	1197375
7532	MT384025	157412
7533	JQ341308	1128383
7534	JQ341310	1128384
7535	JQ341311	1128385
7536	JQ341312	210058
7536	JQ341313	210059
7537	JX155070	1277323
7538	JX155082	180030
7538	KF675977	1419239
7539	JX155085	1277321
7540	JX155099	60431
7541	KF675913	59627
7542	KF675919	1419205
7542	KF675920	1419206
7542	KF675937	1419220
7543	KF675923	1419211
7544	KF675934	1419219
7544	KF675974	1419239
7545	KF675940	1419222
7546	KF675942	1419223
7547	KF675951	165060
7547	KF675964	1419237
7547	KF675975	1419239
7547	KF675980	1419240
7548	KF675956	1419232
7549	KF675968	1419238
7550	KF675970	1419238
7551	KF675982	1419241
7552	KF675983	1419241
7553	KF675993	60438
7554	KF675994	1419250
7555	KP159322	168834
7556	KX944402	2048243
7557	KY688813	2035334
7558	KY688829	1130855
7558	KY688830	1130855
7559	MN585151	662941
7560	MN824790	89634
7560	MN824791	89634
7560	MN824792	89634
7560	MN825551	231710
7560	MN825552	231710
7560	MN825554	231710
7560	MN825823	264535
7560	MN825825	264535
7561	MN825535	2613450
7561	MN825650	89655
7561	MN825651	89655
7561	MN825652	89655
7562	MT384017	890394
7563	MZ927398	648386
7564	PP577842	1954696
7564	PP577843	3136929
7564	PP577844	3136929
7565	AJ515316	213388
7566	AM267030	83593
7567	AM267038	387050
7567	AM267041	387053
7567	AM267045	387058
7567	AM267046	387058
7567	AM267052	387063
7567	AM267059	387070
7567	AM267060	387072
7567	AM267063	387084
7568	AM267043	387055
7569	AM267064	58384
7570	AM939447	298694
7570	KF737011	298694
7571	DQ385598	372405
7571	GU386447	372405
7572	FJ695443	60147
7573	FJ695445	60149
7574	FJ695465	58378
7575	FJ907067	659041
7575	FJ907073	339305
7576	GU386448	882631
7577	HF586709	1144454
7577	HF586714	1144454
7577	HF586717	1144454
7577	HF586719	1144454
7577	HF586721	50543
7577	HF586722	50543
7577	HF586724	50543
7577	HF586725	50543
7577	HF586726	50543
7577	HF586727	50543
7577	HF586728	50543
7577	HF586729	50543
7578	JF301403	204112
7579	JN805939	219233
7579	JN872689	1197366
7579	JN872697	1197374
7580	JQ341316	1128389
7581	JX155078	1277305
7582	JX155084	1277312
7583	KC200609	205021
7584	KC480521	1321311
7585	KC480533	189150
7586	KF675987	1419245
7587	KX371687	1132181
7588	MH710719	60116
7589	MK095935	2483759
7590	MK638954	2555422
7591	MN116778	662934
7591	MW315930	204151
7592	MN824976	2613362
7592	MN825048	368087
7592	MN825050	368087
7592	MN825066	28523
7592	MN825067	28523
7592	MN825068	28523
7592	MN825132	1917418
7592	MN825133	1917418
7592	MN825134	1917418
7592	MN825135	1917418
7592	MN825136	1917418
7592	MN825138	1917418
7592	MN825191	2613389
7592	MN825439	89650
7592	MN825440	89650
7592	MN825810	2607169
7592	MN825811	2607169
7593	MN825042	1534475
7593	MN825043	1534475
7593	MN825168	2613384
7593	MN825240	1984811
7593	MN825417	2613432
7593	MN825418	2613432
7593	MN825616	2682032
7593	MN825617	2682032
7593	MN825790	2613471
7593	MN826014	1653184
7593	MN826015	1653184
7593	OR418060	3068549
7593	OR418061	3068549
7594	PQ007634	701516
7595	PQ474483	3373640
7596	AM266999	2984586
7596	AM267000	387018
7597	AM267002	120152
7598	AM267050	387061
7598	AM267053	387064
7599	AM939527	43549
7599	AM939528	43549
7599	FJ695455	43549
7600	AM939535	497276
7601	AM939536	499969
7601	KF736989	1547825
7602	FJ695459	58388
7603	FJ794669	273552
7604	FJ907054	659129
7604	FJ907071	659045
7605	FJ907060	43522
7605	FJ907061	43522
7605	FJ907062	659035
7605	GQ463245	659031
7605	GQ463246	659036
7605	GQ463247	659036
7605	GQ463248	659036
7605	GQ463249	659036
7605	KF848292	43522
7605	KJ784576	43522
7605	KR049065	659036
7606	FJ907080	168286
7606	FJ907081	168286
7607	GQ888880	690731
7608	HM057398	386144
7608	HM057399	386144
7609	AM939500	43536
7609	AM939501	43536
7609	HQ148750	43536
7609	HQ148757	43536
7609	HQ148758	43536
7609	HQ148800	43536
7609	HQ148801	43536
7609	HQ148802	43536
7609	HQ148803	43536
7609	HQ148817	43536
7609	HQ148839	43536
7609	HQ148840	43536
7609	HQ148841	43536
7609	HQ148842	43536
7609	JQ730816	43536
7609	MN091684	43536
7610	JQ341287	671254
7611	JQ341288	1128370
7611	JQ341296	1077534
7612	JX505456	44762
7613	JX505459	931227
7613	JX505460	931227
7614	JX505461	386150
7614	JX505462	386150
7615	JX505468	386223
7615	JX505469	386224
7616	KC955332	1174749
7617	KF737007	1547828
7617	KF737008	298690
7618	AM939534	499968
7618	KF737028	1547838
7619	KF921675	1549828
7619	KF921676	1549828
7619	KF921680	1549828
7619	KF921681	1549829
7619	KF921683	1549830
7619	KF921690	1549832
7619	KF921691	468138
7619	OM436182	1954534
7620	KF921697	2934725
7621	KM215374	1620150
7622	KX440968	1908547
7623	KY657392	1884281
7623	KY657393	1884282
7623	KY657394	1884283
7623	KY657395	1884284
7623	KY657396	239290
7623	KY657397	1884285
7623	KY657399	1884285
7623	KY657400	1884286
7623	KY657401	215967
7623	KY657402	1884286
7623	KY657403	1884286
7623	KY657405	115633
7623	KY657406	115633
7623	KY657407	1884289
7623	KY657408	1884290
7623	KY657409	1884290
7623	KY657410	1884291
7624	MN825046	2613342
7624	MN825166	2613384
7625	MN825165	2613384
7626	KY968856	4121
7626	KY968871	35883
7626	KY968888	35883
7626	MN824805	264519
7626	MN824806	264519
7626	MN825282	43178
7626	MN825283	43178
7626	MN825285	43178
7626	MN825286	43178
7626	MN825338	264526
7626	MN825339	264526
7626	MN825340	264526
7626	MN825341	264526
7626	MN825343	264526
7626	MN825344	264526
7626	MN825345	264526
7626	MN825346	264526
7626	MN825347	264526
7626	MN825348	264526
7626	MN825350	264526
7626	MN825351	264526
7626	MN825370	2613419
7626	MN825427	89649
7626	MN825428	89649
7626	MN825475	2607138
7626	MN825569	264531
7626	MN825571	264531
7626	MN825572	264531
7626	MN825573	35883
7626	MN825574	35883
7626	MN825575	35883
7626	MN825576	35883
7626	MN825734	2607161
7626	MN825741	264533
7626	MN825742	264533
7626	MN825743	264533
7626	MN825750	4121
7626	MN825751	4121
7626	MN825752	4121
7626	MN825753	4121
7626	MN825754	4121
7626	MN825755	4121
7626	MN825945	2613499
7626	MN825966	2613505
7627	MN825618	264532
7627	MN825619	264532
7627	MN825620	264532
7627	MN825622	264532
7628	MN825356	1393929
7628	MN825357	1393929
7628	MN825686	1580154
7628	MN825687	1580154
7628	MN825688	1580154
7628	MN825689	1580154
7629	KY968867	35885
7629	KY968868	35885
7629	KY968870	89647
7629	KY968875	35885
7629	KY968878	35885
7629	KY968885	35885
7629	KY968889	89647
7629	KY968904	35885
7629	MN824877	4120
7629	MN824878	4120
7629	MN824879	4120
7629	MN824880	4120
7629	MN824881	4120
7629	MN824882	4120
7629	MN824883	4120
7629	MN824884	4120
7629	MN824885	4120
7629	MN824886	4120
7629	MN824887	4120
7629	MN824888	4120
7629	MN824889	4120
7629	MN824890	4120
7629	MN824891	4120
7629	MN824892	4120
7629	MN824893	4120
7629	MN824894	4120
7629	MN824895	4120
7629	MN824896	4120
7629	MN824897	4120
7629	MN824898	4120
7629	MN824899	4120
7629	MN824900	4120
7629	MN824901	4120
7629	MN824902	4120
7629	MN824903	4120
7629	MN824904	4120
7629	MN824905	4120
7629	MN824906	4120
7629	MN824907	4120
7629	MN824908	4120
7629	MN824909	4120
7629	MN824910	4120
7629	MN824911	4120
7629	MN824912	4120
7629	MN824913	4120
7629	MN824914	4120
7629	MN824915	4120
7629	MN824916	4120
7629	MN824917	4120
7629	MN824918	4120
7629	MN824919	4120
7629	MN824920	4120
7629	MN824921	4120
7629	MN824922	4120
7629	MN824923	4120
7629	MN824924	4120
7629	MN824925	4120
7629	MN824926	4120
7629	MN824927	4120
7629	MN824928	4120
7629	MN824929	4120
7629	MN824930	4120
7629	MN824931	4120
7629	MN824932	4120
7629	MN824933	4120
7629	MN824934	4120
7629	MN824935	4120
7629	MN824936	4120
7629	MN824937	4120
7629	MN824938	4120
7629	MN824939	4120
7629	MN824940	4120
7629	MN824942	4120
7629	MN824943	4120
7629	MN824944	4120
7629	MN824945	4120
7629	MN824946	4120
7629	MN825077	35882
7629	MN825078	35882
7629	MN825080	35882
7629	MN825081	35882
7629	MN825082	35882
7629	MN825083	35882
7629	MN825084	35882
7629	MN825085	35882
7629	MN825086	35882
7629	MN825088	35882
7629	MN825089	35882
7629	MN825090	35882
7629	MN825091	35882
7629	MN825093	35882
7629	MN825094	35882
7629	MN825095	35882
7629	MN825096	35882
7629	MN825097	35882
7629	MN825098	35882
7629	MN825099	35882
7629	MN825100	35882
7629	MN825101	35882
7629	MN825102	35882
7629	MN825103	35882
7629	MN825153	129202
7629	MN825154	129202
7629	MN825155	129202
7629	MN825156	129202
7629	MN825157	129202
7629	MN825158	129202
7629	MN825160	129202
7629	MN825247	129204
7629	MN825248	129204
7629	MN825249	129204
7629	MN825250	129204
7629	MN825251	129204
7629	MN825252	129204
7629	MN825253	129204
7629	MN825254	129204
7629	MN825255	129204
7629	MN825256	129204
7629	MN825257	129204
7629	MN825258	129204
7629	MN825259	129204
7629	MN825260	129204
7629	MN825394	89647
7629	MN825395	89647
7629	MN825396	89647
7629	MN825409	2518009
7629	MN825410	2518009
7629	MN825411	2518009
7629	MN825413	2518009
7629	MN825414	2518009
7629	MN825762	129206
7629	MN825763	129206
7629	MN825764	129206
7629	MN825765	129206
7629	MN825766	129206
7629	MN825767	129206
7629	MN825768	129206
7629	MN825769	129206
7629	MN825770	129206
7629	MN825772	129206
7629	MN825773	129206
7629	MN825774	129206
7629	MN825775	129206
7629	MN825776	129206
7629	MN825777	129206
7629	MN825778	129206
7629	MN825940	129207
7629	MN825957	129208
7629	MN825967	129209
7629	MN825968	129209
7629	MN825969	129209
7629	MN825970	129209
7629	MN825971	129209
7629	MN825973	129209
7629	MN825986	35884
7629	MN825987	35884
7629	MN825988	35884
7629	MN825989	35884
7629	MN825991	35884
7629	MN825992	35884
7629	MN825997	35885
7629	MN825999	35885
7629	MN826000	35885
7629	MN826001	35885
7629	MN826002	35885
7629	MN826003	35885
7629	MN826004	35885
7629	MN826005	35885
7629	MN826006	35885
7629	MN826007	35885
7629	MN826008	35885
7629	MN826009	35885
7629	MN826010	35885
7629	MN826011	35885
7629	MN826012	35885
7629	PP758397	129209
7630	OL863115	2904116
7630	OL863116	662933
7631	AJ421040	180190
7631	AJ515161	213039
7631	AJ515305	54731
7631	AJ515306	213397
7631	AJ515307	213391
7631	AJ515312	213396
7631	AJ515313	39347
7631	AJ515314	213402
7631	AJ515319	213403
7631	AJ515320	213399
7631	JF301404	180190
7631	OL863111	39347
7631	PQ760052	39347
7631	PQ760053	260608
7631	PQ760054	2052345
7631	PQ760057	2721193
7632	AM267070	353856
7632	AM939502	43536
7632	AM939548	353856
7632	HE657758	1133497
7632	MW396585	1133497
7633	AM939446	60367
7633	KF737001	60367
7633	KF737002	1547830
7633	KF737005	2516481
7634	AM939448	497231
7635	AM939449	497232
7635	KF737012	497231
7635	KF737013	1547831
7635	KF737014	1547832
7636	AM939476	497248
7637	AM939489	497254
7637	KM215351	497254
7637	KM215357	1641825
7638	AM939496	497258
7638	AM939497	497259
7638	AM939525	497274
7639	AM939503	497261
7639	AM939516	499964
7639	AM939517	497269
7639	AM939522	499967
7639	AM939549	497270
7639	AM939555	497272
7639	AM939556	497271
7639	HE657744	1133496
7640	AM939538	511425
7641	AM939543	497281
7642	EF635443	450830
7642	EF635445	460803
7642	EF635453	450833
7642	EF635455	450831
7642	EF660535	453344
7642	EU331098	450830
7642	FJ695439	58497
7642	GQ130326	450830
7642	GQ130333	460803
7643	FJ695456	392972
7644	FJ695458	392977
7645	FJ695460	392999
7646	FJ695468	58376
7647	FJ907050	358831
7647	FJ907064	659038
7647	GQ463250	742913
7647	PZ013840	358831
7648	FJ907066	659040
7648	PZ013841	3683648
7648	PZ013842	1378002
7648	PZ013843	3683646
7649	FJ907077	659051
7650	FJ907079	659054
7651	HE657664	1045349
7651	HE657669	1045350
7651	HE657750	1133500
7651	HQ148782	462686
7652	HE657675	1140243
7653	HE657762	1133507
7654	HG004786	2839963
7655	HG004793	1341755
7656	JF430407	3914
7656	JF430408	157749
7656	JF430411	87088
7656	JN418209	157680
7657	JN634742	1132079
7658	JN805949	329041
7659	JQ341320	94378
7660	JX840583	507411
7661	KF736988	1547824
7662	KF736991	1547820
7663	KF736999	1547833
7664	KF737023	58901
7665	KM215343	1641826
7666	KM215344	1641833
7667	KM215345	1641835
7667	KM215349	1641843
7667	KM215356	1641836
7668	KM215346	1641824
7668	KM215354	1641815
7669	KM215355	1641841
7669	KM215358	60381
7670	AM939531	120146
7670	KF737018	60229
7670	KM215372	60229
7670	MZ750390	120146
7670	PQ282457	60229
7670	PQ282458	3317167
7670	PQ282459	120146
7670	PQ282460	3317169
7670	PQ282461	3317168
7670	PQ282463	1547849
7670	PQ282464	120146
7671	KM215380	499969
7672	KP092693	1603686
7673	LN898449	1747179
7674	MF076952	136217
7675	MG208081	352190
7676	MN825275	2613408
7676	MN825570	264531
7677	MN825333	2613416
7677	MN825334	2613416
7678	MN825358	1393929
7679	MN824807	368085
7679	MN824808	368085
7679	MN825856	264537
7679	MN825858	264537
7679	MN825859	264537
7679	MN825905	264538
7679	MN825906	264538
7680	MW264177	2789859
7680	MW264178	2789859
7680	MW396580	1297397
7681	OL863112	2904115
7682	PQ282467	3317163
7683	PX459862	87079
7684	AJ421034	180184
7684	ON818542	2954245
7684	ON818543	2954245
7684	PQ760056	1533225
7685	AM939444	497230
7686	AM939450	462686
7686	HQ148748	462686
7686	HQ148752	462686
7686	HQ148760	462686
7686	HQ148767	462686
7686	HQ148768	462686
7686	HQ148769	462686
7686	HQ148770	462686
7686	HQ148816	462686
7686	HQ148818	462686
7687	AM939462	120136
7687	AM939463	120136
7687	AM939542	497280
7688	AM939474	58415
7688	AM939475	497247
7689	AM939477	497249
7690	AM939532	60230
7690	AM939533	497275
7690	KM215369	497275
7690	KY968820	60230
7690	KY968938	60230
7691	AM939540	120149
7692	AM939544	462690
7692	AM939545	462690
7692	KF736998	462690
7693	AY558821	112407
7693	KJ025065	267555
7693	KY968857	132261
7693	MN718805	132261
7694	EU331124	490637
7694	EU331125	490636
7694	EU331126	49583
7694	EU331127	490638
7694	EU331128	490639
7694	EU331129	490639
7694	EU331130	490640
7694	EU331131	490639
7695	FJ695444	58415
7696	FJ695467	497280
7696	HE657672	1133441
7696	LN898443	497280
7697	FJ907055	659033
7698	AM939453	58417
7698	AM939456	497237
7698	AM939458	497239
7698	AM939459	497240
7698	AM939466	497236
7698	HE657676	1133442
7698	HE657680	1140244
7698	HE657687	1133450
7698	HE657713	1140247
7698	HE657715	1140248
7698	HE657716	1133475
7698	HE657721	1133482
7698	HE657722	1133482
7698	HE657723	1133483
7699	HE657699	697682
7699	HE657734	1045348
7699	HQ148764	697682
7699	HQ148765	697682
7699	HQ148766	697682
7699	HQ148774	697682
7699	HQ148775	697682
7699	HQ148777	1045348
7699	HQ148812	1045348
7699	HQ148813	1045348
7699	HQ148814	1045348
7699	HQ148819	1050064
7699	HQ148820	1050064
7700	HE657707	1133464
7700	HE657709	1133465
7701	HM042452	887258
7702	HQ148742	1050061
7703	JF301537	986234
7703	JF301539	1140048
7703	JF301540	1140058
7703	JF301542	986252
7704	JF301543	986320
7705	JN560235	1132126
7706	JN805936	277964
7707	JX505463	1343734
7708	AM939438	497226
7708	KF737009	497226
7709	KF737015	1547818
7709	KF737016	1547818
7710	KF737020	60432
7711	KF737022	1547843
7712	KF737027	1547837
7712	KM215371	1641813
7712	KY968913	60230
7713	KM215361	1547834
7714	KM215362	1641819
7714	KM215367	1641827
7715	KM215364	1641837
7715	KM215366	1641821
7716	KM215379	1641839
7717	KP212763	1712804
7718	KY657378	215926
7718	KY657380	1884274
7718	KY657381	1884274
7718	KY657383	1884275
7719	KY688831	1130855
7720	MG949323	1971672
7721	MH557914	204158
7722	MK638924	2555408
7723	MN824786	2613346
7723	MN824787	2613346
7724	MN826037	1653185
7725	MW169047	2781786
7725	MW169048	2781786
7726	MW396579	1383754
7727	HE657696	1133461
7727	HQ148761	1045356
7727	HQ148771	1045356
7727	HQ148772	1045356
7727	HQ148773	1045356
7727	HQ148807	1045356
7727	MZ326014	2841047
7727	MZ326015	2841047
7727	MZ326021	2841546
7727	MZ326022	2841546
7727	MZ326023	2841546
7727	MZ326027	2841546
7728	ON689028	319738
7728	OQ851299	319738
7728	OQ851301	319738
7728	OQ851302	319738
7729	PQ282465	3317166
7730	PQ282466	3317162
7731	AJ421003	180009
7731	AJ421036	180186
7731	AJ421037	180187
7731	AJ515160	213037
7731	AJ515304	213392
7731	AJ515308	213394
7731	AJ515310	213390
7731	AJ515315	213393
7731	AJ515318	213398
7732	AJ421038	180188
7732	AJ421042	180192
7733	AJ515309	213400
7734	AJ515317	213395
7734	AJ515606	213652
7735	AM939436	58429
7735	AM939437	497225
7736	AM939439	497227
7737	AM939443	497229
7737	KF737003	1125898
7737	KF737006	497229
7738	AM939455	497234
7739	AM939454	497233
7739	AM939457	497238
7739	HE657688	1133451
7739	MN091679	1133451
7739	MZ326001	2841029
7739	MZ326019	1045356
7739	MZ326028	2841029
7740	AM939488	60381
7740	KM215350	1641840
7740	KM215352	1641838
7740	KM215376	1641822
7741	AM939490	257031
7741	EU145382	257031
7742	AM939491	462688
7742	MZ326005	2843166
7742	MZ411390	2843166
7743	AM939506	497264
7744	AM939537	497277
7745	AM939541	497279
7746	AY554398	267555
7746	AY554400	186058
7746	AY558824	267557
7746	AY880318	132261
7746	MG669318	132261
7747	DQ787416	397183
7748	FJ695457	35915
7749	FJ907040	659023
7750	HE657667	1133467
7750	MZ326016	2841027
7750	MZ326017	2841027
7750	MZ326018	2841027
7750	MZ326020	2841546
7750	MZ326024	2841546
7750	MZ326025	2841546
7750	MZ326026	2841546
7751	HE657670	1133439
7751	HE657747	1133499
7751	HE657759	1133505
7751	MZ326003	1140246
7752	HE657678	1133444
7752	HE657695	1133460
7752	LN898450	1747180
7753	HE657692	1133455
7753	HE657767	1133510
7753	HE657768	1133511
7754	HE657693	1133458
7754	HE657698	1133462
7754	HE657718	1133476
7754	MZ407950	2849223
7754	MZ407951	2849224
7755	HE657711	1133473
7756	HE657717	1045356
7756	MW396583	2798896
7756	MW396587	2798896
7756	MW396588	2798896
7756	MZ326004	2841050
7757	HE657733	1133491
7757	LN898462	1747184
7758	HE657736	462685
7759	HE657755	1045352
7760	HE657771	1050063
7760	HQ148823	1050063
7760	HQ148824	1050063
7760	HQ148825	1050063
7760	HQ148826	1050063
7761	HE657773	1133515
7762	HQ148778	462685
7762	HQ148779	462685
7763	JN805923	219245
7763	MT384027	219245
7764	JN805932	1197362
7765	JQ341273	1128360
7765	JQ341302	1128379
7766	JX840531	507417
7767	JX840525	459860
7767	JX840542	507412
7767	JX840573	507412
7768	JX870764	199163
7768	KY321073	162810
7768	MZ475325	486092
7768	MZ927383	1954599
7768	MZ927386	670676
7768	MZ927390	1954601
7768	MZ927392	1813527
7769	JX870765	486087
7769	MZ927384	1620952
7769	MZ927387	487684
7770	KC201012	334169
7770	KC955587	334169
7770	KC955694	334169
7770	KC955695	334169
7771	KF736992	1547821
7771	KF736993	1547822
7771	KF736996	497279
7771	PQ282456	3317171
7772	KF737010	1547826
7773	KF737019	1547841
7774	KF737021	1547842
7775	KF737024	1547844
7775	KF737025	1547845
7775	KF737026	1547845
7775	KM215373	1641846
7775	KM215375	1641847
7775	PQ282468	3317172
7775	PQ282469	3317173
7775	PQ282470	3317174
7776	KM215347	1641816
7776	KM215348	1641831
7776	KM215359	1641834
7776	KM215365	1641820
7776	KM215378	1641818
7777	KM215353	1641829
7778	KM215377	1641844
7779	KY584374	49681
7780	KY657376	246227
7780	KY657377	1884272
7780	KY657389	1884278
7780	KY657390	1884279
7780	KY657412	169200
7780	KY657413	169200
7780	KY657414	216003
7780	KY657415	216003
7780	KY657416	1881860
7780	KY657417	1881860
7780	KY657418	1881860
7781	MG208072	1465741
7782	MG323918	2038229
7783	MH413066	2212395
7783	MH413067	2212395
7783	MH413068	2212395
7783	MZ479676	2212395
7784	MK559689	1297401
7784	MK559690	1297401
7784	MK559691	1297401
7784	MZ325998	2726942
7785	MN825020	2490667
7785	MN825021	2490667
7785	MN825022	2490667
7785	MN825471	2613445
7785	MN825472	2613445
7785	MN825702	2490668
7785	MN825703	2490668
7785	MN825704	2490668
7785	MN825705	2490668
7785	MN825706	2490668
7785	MN825950	264539
7785	MN825951	2613501
7786	MN825757	89660
7786	MN825758	89660
7787	MW396581	1050061
7788	MW396589	2755341
7789	MZ015561	2822998
7790	HE657661	462682
7790	HQ148749	462682
7790	MZ326010	2841030
7790	MZ326011	2841030
7790	MZ326012	2841030
7790	MZ326013	2841030
7791	OL863105	1585253
7791	OL863106	1585253
7792	OL863113	2182725
7793	PQ282454	3317165
7794	PV084860	3398716
7794	PV084864	691130
7794	PV084866	3398723
7794	PV084870	2984496
7794	PV084894	89657
7794	PV084898	2511967
7795	PV901649	267557
7796	AJ421039	180189
7797	AM939432	29783
7797	AM939433	497224
7798	AM939445	298692
7798	KF737000	298692
7799	AM939460	497751
7800	AM939484	497245
7801	AM939498	499961
7801	MN091694	2760786
7801	MN091695	2760787
7801	MN091696	2760787
7802	AM939504	497262
7802	AM939505	497263
7802	AM939508	499963
7803	AM939547	88198
7803	MN091718	2529253
7804	AY494015	266433
7805	AY554399	267556
7805	AY554402	35886
7805	AY558825	267558
7806	AY641655	291478
7807	DQ632605	28511
7808	EU079374	152358
7809	HE657694	1133459
7810	HE657741	1133463
7811	HE657760	1133506
7812	JF301545	996317
7812	JF301546	986210
7812	JF301547	204126
7812	JF301551	986250
7813	JF301562	986190
7814	JF301585	986187
7815	JN805925	1197357
7816	JN805931	1197361
7817	JN805940	1197369
7817	JN872690	1197367
7817	JN872691	276799
7817	JN872692	276799
7817	JN872695	1197371
7817	JN872696	1197372
7817	MT384024	1197369
7818	KC200727	1280803
7818	OQ099816	3015823
7819	KF736987	29783
7820	KF736994	2516533
7821	KF736995	1475013
7821	KF736997	1547823
7822	KF737017	1547840
7823	KM215363	1641817
7824	KR083154	280017
7825	KY657384	2045241
7825	KY657386	1884277
7825	KY657387	1884277
7825	KY657388	1884277
7825	KY657404	1884288
7826	MH626411	1234203
7826	MH891849	76497
7827	MK562745	2528852
7827	MK562746	2528852
7828	MN116777	204129
7828	MN257698	2600484
7829	MN825036	264521
7829	MN825037	264521
7830	MN825114	368089
7830	MN825116	368089
7830	MN825117	368089
7830	MN825118	368089
7830	MN825119	368089
7830	MN825120	368089
7831	MN825962	2682035
7831	MN825963	2682035
7832	MW166245	2781638
7832	MW166246	2781638
7832	MW250234	2781638
7832	MZ325999	1133437
7832	MZ326002	2781638
7832	MZ326009	2781638
7833	MZ326000	1133499
7834	PV084899	3398724
7834	PV084900	3398720
7835	PV662252	1288167
7836	PV662264	1077520
7836	PV662265	3424098
7837	AM939520	161431
7838	AM939523	298695
7839	AY339678	110702
7839	AY339696	240616
7839	AY339720	110702
7840	AY339665	138162
7840	AY339668	138151
7840	AY339669	251494
7840	AY339670	138163
7840	AY339671	138142
7840	AY339672	251496
7840	AY339673	138158
7840	AY339674	254091
7840	AY339677	251493
7840	AY339681	251485
7840	AY339682	251487
7840	AY339683	188508
7840	AY339685	138155
7840	AY339688	240612
7840	AY339690	240621
7840	AY339693	253733
7840	AY339697	240618
7840	AY339700	240611
7840	AY339701	251483
7840	AY339709	251499
7840	AY339710	251484
7840	AY339711	251488
7840	AY339713	254091
7840	AY339715	251490
7840	AY339716	240611
7840	AY339717	254087
7840	AY339718	254088
7840	AY339721	138148
7840	AY339730	254092
7840	AY339741	253091
7840	AY339742	240625
7841	HE657663	1133436
7842	HE657674	1133513
7843	HG004879	462689
7843	MW396586	499957
7844	HE657665	499957
7844	HE657700	1133494
7844	HE657701	1133452
7844	HE657703	1133468
7844	HE657704	1133469
7844	HE657705	1133470
7844	HE657706	1133471
7844	HE657708	1133457
7844	HE657710	1133466
7844	HE657748	462689
7844	HE657761	1140250
7844	HQ148751	462689
7844	HQ148755	462689
7844	HQ148756	462689
7844	HQ148776	462689
7844	HQ148780	462689
7844	HQ148781	462689
7845	HQ148753	462682
7845	HQ148754	462682
7846	JF301548	980661
7846	JF301550	1140079
7847	JF301552	986209
7847	JF301554	1140094
7847	JF301556	986197
7847	JF301557	986198
7847	JF301558	1140020
7847	JF301559	1140021
7847	JF301560	1140095
7848	JF301553	986194
7848	JF301564	1140005
7848	JF301566	1140006
7848	JF301567	1140006
7848	JF301568	1140007
7848	JF301569	1140008
7848	JF301570	1140009
7848	JF301572	1140010
7848	JF301573	397183
7848	JF301575	1140012
7848	JF301576	1140013
7848	JF301577	1140014
7848	JF301578	1140102
7848	JF301579	986188
7849	JF301581	986202
7849	JF301582	986249
7850	JF301586	1140015
7850	JF301588	1140016
7850	JF301590	1140017
7850	JF301591	1140018
7850	JF301592	1140019
7851	JN805905	277962
7851	JN805906	219231
7851	JN805911	219232
7851	JN805914	1197353
7851	JN805919	1197355
7851	MT384029	1197353
7852	JN805913	1197352
7853	JQ341284	1128368
7853	JQ341307	210050
7854	DQ385558	1622268
7854	DQ385559	372382
7854	DQ385560	372382
7854	DQ385561	372381
7854	JX661627	1256258
7854	KF193569	1352561
7854	KF193573	1352548
7854	PV662216	3424084
7855	JX840497	507436
7856	JX870660	1359240
7856	JX870677	1359253
7856	JX870694	912968
7856	JX870714	1359286
7856	JX870716	1359288
7856	JX870731	1359300
7856	JX870755	1359316
7856	KY321072	912968
7856	MZ015525	2822263
7857	KC201068	1174887
7858	KF737004	1547827
7859	KX057891	196674
7860	MF076955	110709
7860	MF076956	71610
7860	MF076957	110726
7861	MF468207	39350
7861	MF468208	39350
7862	MF468212	204141
7863	MF468215	1224218
7864	MN091717	2529253
7865	MN257641	2600487
7866	ON637062	2949670
7867	ON637063	2949671
7868	PV662225	502764
7869	PV662240	3424099
7869	PV662242	3424097
7869	PV662256	3424112
7869	PV662259	3424101
7870	PV662267	3424110
7871	AF414461	188496
7871	AF414469	188503
7871	AF414477	188492
7871	AF414478	188523
7871	AF414483	188519
7871	AF414484	188522
7871	AF414504	188519
7871	AF414506	188494
7871	AF414508	188497
7871	AF414511	188504
7872	AM939434	60358
7872	AM939435	60358
7873	AM939461	497241
7874	AM939465	60373
7875	AM939494	462684
7876	AY641623	90528
7877	EU102742	463188
7877	EU102743	463188
7877	EU102744	463188
7877	EU102745	463188
7877	EU102746	463188
7877	EU102747	463188
7878	FJ695466	29803
7879	AM939451	254026
7879	HE657662	1133435
7879	HE657765	254026
7879	HQ148762	254026
7879	HQ148763	254026
7879	HQ148786	254026
7879	HQ148787	254026
7879	HQ148792	462690
7880	AM939452	499957
7880	HE657666	499957
7881	HE657697	1045991
7881	HG004787	1045991
7881	MW396584	1045991
7882	HE657702	1133453
7882	HE657738	1045351
7883	HE657720	1133480
7884	HE657737	1133516
7885	HE657739	1045351
7885	HE657740	1045351
7886	HE657746	1133498
7887	AM939507	499962
7887	HE657743	254027
7887	HE657749	497265
7887	HQ148745	254027
7887	HQ148746	254027
7887	HQ148747	254027
7887	HQ148759	254027
7887	HQ148796	254027
7887	HQ148797	254027
7887	HQ148798	254027
7887	HQ148799	254027
7887	HQ148804	254027
7887	HQ148828	254027
7887	HQ148829	254027
7887	HQ148830	254027
7887	HQ148831	254027
7887	HQ148832	254027
7887	HQ148833	254027
7887	HQ148834	254027
7887	HQ148835	254027
7887	HQ148836	254027
7887	HQ148837	254027
7887	HQ148838	254027
7887	JQ730817	254027
7887	MN091688	499962
7887	MN091689	499962
7887	MN091690	499962
7888	HQ148788	2760781
7888	HQ148789	2760781
7888	HQ148790	2760781
7888	HQ148821	2760781
7889	HQ148795	462683
7889	HQ148827	462687
7890	HQ148809	497265
7890	HQ148810	497265
7890	HQ148811	497265
7891	JF301417	1140026
7892	JF301534	204125
7892	JF301536	1140075
7893	JN805929	276808
7894	JX862585	1296280
7895	KM435182	279662
7896	KY688771	875628
7897	MF468211	204141
7898	MF468213	1224218
7899	MF468214	1224218
7900	MH626412	184125
7901	MN091680	462684
7902	MN091685	2529021
7902	MN091686	2529021
7903	MN091692	2760785
7903	MN091693	2760785
7904	MN091706	2760800
7904	MN091708	2760799
7904	MN091709	2760797
7905	MT793597	2755054
7905	MT793598	2755054
7906	MW536991	1052006
7907	PV662208	2782259
7907	PV662213	2782259
7908	PV662209	2782331
7908	PV662214	2782331
7909	PV662223	3424093
7910	PV662227	76497
7910	PV662228	76497
7911	PV662197	1077501
7911	PV662241	1077498
7912	PV662250	3424095
7912	PV662262	3424083
7913	AF414464	188488
7913	AF414467	188498
7914	AJ421035	180185
7915	AM267036	387048
7915	AM267040	387052
7915	AM267044	387056
7915	AM267047	25385
7915	AM267051	387062
7915	AM267055	387065
7915	AM267056	387067
7915	AM267062	387074
7916	AM267057	387068
7917	AM745870	447000
7917	AM745872	283108
7917	AM745874	283108
7917	AM745886	212317
7917	AM745888	212317
7917	AM745890	212317
7918	AM745876	447001
7918	AM745878	447001
7919	AM745882	447003
7919	AM745884	301009
7920	AM745892	447004
7921	AM939424	58372
7922	AM939429	60352
7922	AM939430	172778
7923	AM939431	172780
7924	AM939467	497243
7925	AM939468	219666
7925	AM939471	499958
7926	AM939469	172785
7926	AM939470	172782
7926	AM939472	497244
7926	AM939473	172784
7927	AM939499	60226
7927	AM939512	60226
7927	AM939554	497273
7928	AM939518	172787
7929	AM939546	120134
7930	AY339666	240620
7930	AY339676	138164
7930	AY339694	240615
7930	AY339698	240615
7930	AY339699	240615
7930	AY339703	240615
7930	AY339712	138164
7930	AY339724	240615
7930	AY339725	251497
7930	AY339736	240624
7931	AY339679	138152
7931	AY339680	215656
7932	HE657673	462687
7932	HE657719	1133477
7932	HQ148794	462683
7933	HE657730	462683
7933	HE657751	2760777
7933	HQ148805	462683
7933	HQ148806	462683
7933	MN091677	2760777
7934	HE657731	462683
7935	HE657732	462683
7935	HE657752	1133502
7936	HE657753	1133502
7937	HG004790	152353
7938	HQ148783	462684
7938	HQ148784	462684
7938	HQ148785	462684
7938	HQ148822	462684
7939	HQ148791	462690
7939	HQ148793	462690
7939	HQ148815	462690
7940	JF301443	1140051
7940	JF301445	1140064
7940	JF301446	1140088
7940	JF301447	986241
7940	JF301448	1140073
7940	JF301451	1140089
7941	JF301467	1140054
7942	JX840520	507405
7943	KY688769	2035328
7944	KY688815	2035336
7945	MF468206	204143
7945	MF468221	204143
7946	MF468209	39350
7947	MK920273	2578235
7948	MN091681	2760782
7948	MN091682	2760782
7949	MN091683	2760783
7950	MN091691	1619834
7951	MN091697	2760682
7951	MN091698	2760682
7952	MN091699	2760682
7953	AM939514	497268
7953	AM939515	497267
7953	MN091701	497268
7953	MN091702	497268
7953	MN091703	497267
7953	MN091704	2760790
7953	MN091705	2760790
7954	MN091710	2760791
7955	MN091711	2760792
7955	MN091712	2760792
7955	MN091713	2760792
7956	MN257822	39350
7957	MT384030	277963
7958	MZ326006	1140250
7958	MZ326007	1140250
7958	MZ326008	1140250
7959	OR594036	1081563
7960	PV662210	529422
7961	PV662226	1077492
7962	PV662234	3424103
7963	PV662257	3424113
7964	PV662235	1867323
7964	PV662260	1620037
7964	PV662271	1352559
7965	PV662266	1234214
7966	AB120179	230837
7966	PX342714	3461999
7966	PX342715	3461998
7966	PX342716	3461999
7966	PX342717	3461999
7966	PX342718	3461998
7966	PX342719	3461998
7966	PX342720	230837
7966	PX342721	230837
7966	PX342722	3461997
7966	PX342723	3461997
7966	PX342724	3461998
7967	AB120197	231664
7968	AM745880	447002
7969	AM939425	499956
7969	AM939485	499960
7969	HE657657	1133431
7969	HE657658	1133432
7970	AM939464	120133
7970	KY542156	161432
7971	AM939486	60379
7972	AM939493	497255
7972	AM939495	58399
7972	AM939509	58399
7972	AM939510	58399
7972	AM939511	58399
7972	AM939524	298697
7972	HE657769	1133512
7973	AM939513	497266
7973	AM939521	499966
7974	AM945195	59633
7974	AM945209	509954
7975	AY339686	254091
7975	AY339687	251498
7975	AY339719	251489
7975	AY339729	240622
7975	AY339731	251495
7975	AY339735	139334
7975	KY214935	138164
7976	DQ175573	345207
7976	DQ175574	3083558
7976	DQ175575	345209
7976	DQ175576	345207
7976	DQ175589	344777
7976	DQ175592	345212
7976	DQ175594	345213
7977	EU102730	463185
7977	EU102732	463185
7977	EU102734	463185
7978	FM204691	165010
7979	HE657682	1133446
7979	HE657725	1140249
7980	HE657686	1133449
7980	HE657714	1133474
7981	HE657726	1133488
7981	HE657727	1133489
7982	HE657728	1133490
7983	JF301496	1140041
7983	JF301497	986227
7983	JF301498	1140092
7984	JF301518	986257
7984	JF301519	1140086
7984	JF301520	2841586
7984	JF301521	986258
7985	JF301523	1140022
7985	JF301533	1140093
7986	JN805901	1197346
7986	JN805935	1197365
7986	MT384028	1197349
7987	JN805938	219230
7987	JN805943	276801
7988	JN805942	219236
7989	JN805946	219260
7989	MT384033	219260
7990	JN872693	1197368
7991	JX840558	578555
7991	KF794098	578555
7992	JX840491	507393
7992	JX840563	507428
7992	JX840565	507428
7992	JX840566	507428
7992	JX840567	507428
7992	JX840589	507406
7992	KF794064	507428
7992	KF794067	507428
7993	JX870666	1359244
7993	JX870668	1359246
7993	JX870671	1359248
7993	JX870696	1359271
7993	JX870728	1359298
7994	JX870679	1359255
7995	JX870691	1359266
7995	JX870729	226080
7996	JX870669	1125167
7996	JX870670	1359247
7996	JX870674	1359249
7996	JX870692	1359268
7996	JX870697	1359272
7996	JX870704	1359277
7996	JX870706	1359279
7996	JX870707	1359279
7996	JX870715	1359287
7996	JX870736	1125169
7996	JX870761	1359319
7997	JX870722	1359293
7997	JX870723	1359293
7998	KC200709	334157
7998	KC201059	334171
7998	KC201060	334171
7999	KF193566	1350060
8000	KF193570	1352561
8001	KF193571	330166
8002	MF543812	192276
8003	MN091715	2760796
8003	MN091716	2760796
8004	MN199981	421870
8005	MN545632	105668
8005	MN545647	2653225
8005	MN545653	2653207
8005	MN545654	2653208
8005	MN545656	2653210
8006	MZ927382	486053
8007	MZ927404	397644
8008	OQ396764	2742928
8009	PQ474523	3373684
8010	PV084909	2613418
8011	PV662218	3424087
8011	PV662219	3424087
8012	PV662230	1077496
8013	PV662251	1077511
8014	AB120184	231656
8014	AB120186	231648
8014	KC004031	231648
8015	AF414468	188505
8015	AF414471	188521
8015	AF414485	188490
8016	AF414494	188485
8017	AJ242121	93288
8018	AM939479	497250
8018	AM939480	497250
8019	AM939487	497253
8020	AY339695	240617
8020	AY339707	240617
8020	AY339708	199649
8021	AY339722	240613
8021	AY339723	240613
8022	DQ175585	344792
8023	DQ385573	130941
8023	DQ385574	372392
8023	DQ385577	130966
8023	DQ385578	130966
8023	DQ385579	372454
8023	DQ385580	372455
8023	DQ385582	130949
8023	DQ385583	372394
8023	DQ385584	130956
8023	DQ385585	372395
8024	DQ385576	76455
8025	FN870379	432627
8026	HG004789	152357
8027	JF301414	986217
8028	JF301415	986242
8029	JF301418	986206
8029	JF301421	1140050
8029	JF301424	1140062
8029	JF301427	1140618
8030	JF301428	986205
8030	JF301433	1140060
8031	JF301434	986254
8031	JF301436	1140083
8031	JF301437	1140084
8032	JF301452	1140619
8032	JF301454	986212
8033	HM639777	878325
8033	JF301438	986184
8033	JF301456	996316
8033	JF301457	1140031
8033	JF301458	996320
8033	JF301459	996322
8033	JF301460	1140070
8033	JF301461	986251
8033	JF301470	986224
8033	JF301471	986230
8033	JF301474	986240
8034	JF301500	1140080
8035	JF301522	986248
8036	JF301525	986203
8037	JX840554	1237833
8037	JX840591	507440
8038	JX870659	1359239
8038	JX870708	1359280
8039	JX870730	1359299
8039	JX870748	1359310
8039	JX870751	1359312
8040	JX870749	1125170
8041	JX870752	367305
8041	JX870753	1359314
8042	KF193567	1352545
8043	KM215368	83592
8044	KY321084	72433
8044	KY321085	72433
8044	KY321086	72433
8044	KY321087	72433
8044	KY321088	72433
8044	KY321089	72433
8045	KY688779	875630
8045	KY688810	459859
8046	KY968873	512623
8047	KY438033	2068749
8047	MF076948	252851
8048	PP577836	688061
8049	PQ474510	3373660
8050	AB120182	2962499
8051	AF414487	190400
8052	AF414489	188483
8052	KY438062	1076729
8052	KY438096	188483
8053	AF414497	97736
8054	AM939481	499959
8054	AM939483	497252
8054	HE657660	497252
8055	AM945191	83575
8056	DQ385562	130940
8056	DQ385568	372387
8057	DQ385575	372393
8058	EU102673	463176
8058	EU102674	463176
8058	EU102675	463176
8058	EU102676	463176
8058	EU102683	243967
8058	EU102684	463177
8058	EU102687	463177
8058	EU102688	463177
8058	EU102691	463177
8058	EU102693	61884
8058	EU102695	61884
8058	EU102696	61884
8058	EU102697	61884
8058	EU102699	3652
8058	EU102700	3652
8058	EU102701	3652
8058	EU102702	3652
8058	EU102703	3652
8058	EU102704	3652
8058	EU102705	3652
8058	EU102706	3652
8058	EU102707	3652
8058	EU102709	3652
8058	EU102710	463179
8058	EU102711	463179
8058	EU102712	463179
8058	EU102713	463179
8058	EU102714	463179
8058	EU102715	463179
8058	EU102716	463179
8058	EU102717	463179
8058	EU102719	463180
8058	EU102720	463180
8058	EU102721	463180
8058	EU102722	463180
8058	EU102723	463180
8058	EU102725	463181
8058	EU102726	463181
8058	EU102728	463181
8058	EU102729	463181
8058	EU102735	463186
8058	EU102736	463186
8058	EU102737	463186
8058	EU102738	463186
8058	EU102739	463186
8058	EU102740	463186
8059	EU436918	519126
8060	HE657691	1133454
8061	JF301411	1140029
8062	JF301425	1140617
8062	JF301426	1140076
8063	JF301462	986235
8063	JF301463	986239
8063	JF301466	1140039
8064	JF301464	1140044
8065	JF301468	996321
8065	JF301469	996321
8065	JF301472	1140063
8065	JF301473	1140066
8066	JF301475	1140028
8067	JF301478	1140038
8067	JF301480	986214
8067	JF301481	986223
8067	JF301482	986223
8067	JF301484	1140072
8067	JF301485	1140090
8067	JF301486	1140091
8067	JF301487	1140069
8067	JF301489	1140046
8067	JF301491	1140065
8068	JF301483	986238
8069	JF301501	1140024
8069	JF301502	986204
8069	JF301508	1140059
8070	JF301503	204124
8071	JF301505	1140045
8072	JF301516	1140077
8072	JF301524	1140023
8073	JF301517	986228
8074	JF301529	986221
8075	JF301531	1140081
8076	JN805922	1197356
8076	JN805924	219246
8076	JN805927	1197359
8076	JN805928	219247
8077	JX840535	507427
8078	JX840494	312943
8078	JX840516	507421
8078	JX840547	507421
8079	JX870701	1359274
8080	JX870710	1359282
8081	KC955633	1378383
8082	KY321090	191917
8082	KY321091	191917
8083	KY438004	2068770
8083	KY438044	2068752
8084	KY438053	2068747
8084	KY438082	2068766
8085	KY438068	1451033
8086	KY438112	252851
8087	MH626413	180973
8088	MF076945	105677
8088	MN545628	2653215
8088	MN545630	2653215
8088	MN545636	299927
8088	MN545640	2653223
8088	MN545648	2653225
8089	MN825272	2613407
8090	PQ474502	3373654
8091	PQ474538	211604
8092	PV901539	357932
8092	PV901540	357932
8092	PV901542	357932
8092	PV901544	357932
8092	PV901546	357932
8092	PV901547	357932
8092	PV901548	357932
8092	PV901550	357932
8092	PV901579	357930
8092	PV901583	357929
8092	PV901597	357929
8092	PV901606	357929
8093	AF414462	188520
8093	AF414463	188500
8093	AF414465	188493
8093	AF414466	188489
8093	AF414470	188495
8093	AF414472	188499
8093	AF414473	188501
8093	AF414507	188495
8093	AF414509	188499
8093	AF414510	188501
8094	AF414490	188481
8094	AF414491	188515
8095	AF414502	110701
8095	MT269650	110701
8095	MT269651	110701
8095	MT269652	240628
8096	AY339705	138166
8096	MT269653	199645
8096	MT269654	138166
8097	EU436916	519200
8098	JF301509	1140027
8098	JF301511	1140047
8098	JF301513	1140053
8098	JF301514	1140056
8099	JF301512	1140052
8100	JN805947	1197376
8101	JX840507	507410
8102	JX840590	493959
8103	JX870689	1432096
8104	JX870738	1359305
8104	JX870741	1359309
8105	KC200775	198745
8106	KF794077	1085511
8106	KF794083	652505
8106	KF794084	1548815
8106	KF794086	1548822
8106	KF794087	1548813
8106	KF794091	1548814
8106	KF794093	1548817
8106	KF794095	1085510
8106	KF794096	1548819
8107	KF794088	1548810
8108	KF794097	1548820
8109	KY438049	2068755
8109	KY438099	2068772
8110	KY438028	252863
8110	KY438072	2068767
8111	MF468210	204141
8112	MG208067	1972104
8113	MN825761	129206
8114	ON557632	105046
8115	PQ474503	3373655
8116	AF348405	437268
8117	AF414479	188512
8117	AF414480	188513
8117	AF414482	188511
8117	KY438083	2068746
8118	AF414496	97743
8118	KY438037	2068775
8118	KY438076	252866
8118	KY438086	1008370
8118	PQ045858	3236801
8118	PQ045859	3236802
8119	AF414501	97762
8120	AF313001	138560
8120	AF486363	189991
8120	AF509784	99384
8120	AF509786	195124
8120	AF509818	195136
8120	AY673617	303436
8120	AY741514	303432
8120	KY968903	138560
8120	KY968923	138560
8120	PV901237	195136
8120	PX021816	195136
8120	PX021817	195136
8120	PX021818	138560
8120	PX021819	138560
8120	PX021820	138560
8120	PX021821	138560
8120	PX021822	189991
8120	PX021823	189991
8120	PX021824	189991
8121	AF313004	165333
8121	AF313005	165342
8121	AF509791	195130
8121	AF509792	195140
8121	AF509793	195131
8121	AY144461	207272
8121	AY144462	207273
8121	AY741521	309819
8121	AY741522	263967
8121	DQ227331	354322
8121	DQ227335	354325
8121	KJ630618	195140
8122	AF486364	189986
8122	AF509787	195121
8122	AY673605	195121
8122	AY673606	303430
8122	AY673607	303431
8123	AF312999	165338
8123	AF313000	165327
8123	AF486354	189989
8123	AF486358	189985
8123	AY741516	165343
8123	AY741517	309815
8123	AY741519	309817
8123	EU282109	1765699
8124	EU102681	243967
8125	EU909428	94327
8125	EU909429	94327
8125	MN545627	2653214
8125	MN545634	105671
8125	MN545635	94327
8125	MN545655	2653209
8126	HG004861	1341780
8127	JX840512	507408
8127	JX840578	507408
8128	JX840528	507417
8129	JX840572	507420
8129	KF794069	507420
8130	JX856471	29780
8131	JX870665	1359243
8132	JX870675	1359251
8133	JX870734	1125168
8134	KF794079	1489822
8135	KF794080	681498
8136	KT438750	1786031
8136	KT438752	242534
8136	KT438756	1786035
8136	KT438757	174652
8136	KT438758	137229
8136	KT438760	291098
8136	KT438762	1786038
8137	KY438016	2068773
8137	KY438041	648859
8137	KY438073	252868
8137	KY438074	2068784
8137	KY438098	252868
8137	KY438101	648859
8138	KY438025	1045231
8138	KY438066	1045231
8139	KY438043	2068739
8140	LC604273	1524234
8140	LC604274	1524234
8140	LC604275	1524234
8140	LC604276	1524234
8140	LC604277	1524234
8140	LC604278	1524234
8140	OR646825	1524234
8141	MF076947	105678
8142	MF076950	1540383
8143	MN545633	2653222
8144	MN545641	299935
8144	MN545642	299935
8145	MN545645	230707
8146	PQ474511	2828519
8146	PQ474517	3373678
8147	AF313003	165330
8147	AY673611	303433
8147	AY673612	303434
8147	AY673613	303435
8147	AY673614	1904735
8147	AY673615	202415
8147	AY673616	303483
8147	DQ227329	165330
8147	DQ227330	354321
8147	KJ630587	165330
8148	AF414492	188480
8148	AF414493	188479
8149	AF486356	189992
8149	AF486357	189987
8149	AF486359	189983
8149	ON202647	189987
8150	AF509788	195137
8151	AF509789	195145
8152	AF313002	46032
8152	AJ548981	202477
8152	DQ227328	46032
8153	AM939440	161425
8154	AM939441	60363
8154	AM939442	60363
8155	AY673609	263966
8155	AY673610	263966
8156	AY741523	309820
8157	EU102682	243967
8158	EU102692	463177
8159	EU102694	61884
8160	EU102733	463185
8161	EU102708	3652
8161	EU102741	463186
8162	EU909413	199623
8162	EU909414	199623
8162	EU909415	199623
8162	EU909416	199623
8162	EU909417	199623
8162	EU909418	199623
8162	EU909419	199623
8162	EU909420	199623
8162	EU909421	199623
8162	EU909422	199623
8162	EU909423	199623
8162	EU909424	199623
8162	EU909425	199623
8162	EU909426	518704
8162	EU909427	105674
8162	MF076946	199618
8162	MN545629	2653215
8163	HM116956	795982
8164	JN161134	1085530
8165	JN161138	137692
8166	JN805912	1197351
8167	JX840502	507396
8167	JX840503	507395
8167	JX840537	507418
8168	KF794072	1548804
8169	KF794089	1548809
8169	KF794090	1548811
8170	KF794094	578551
8171	KF794101	1548808
8172	KY438006	2068760
8172	KY438046	2068760
8172	MF076949	252855
8173	KY438034	252865
8173	KY438097	252865
8174	KY688781	205070
8174	KY688782	205070
8175	KY688816	1954665
8175	KY688819	1156544
8176	MN257722	299922
8177	MN264652	2601748
8178	MN545638	105676
8178	MN545639	105676
8178	MN545643	125262
8178	MN545644	125263
8178	MN545649	2653224
8179	MZ927402	2779512
8180	PQ474492	3373646
8180	PQ474493	3373647
8180	PQ474494	3373648
8180	PQ474495	3373649
8180	PQ474496	3373650
8180	PQ474497	3373650
8180	PQ474505	1142012
8180	PQ474506	3373657
8180	PQ474509	2282394
8180	PQ474515	3373664
8180	PQ474518	3373679
8180	PQ474520	3373681
8180	PQ474526	3373687
8180	PQ474528	3373688
8180	PQ474529	3373689
8180	PQ474530	3373690
8180	PQ474534	3373676
8181	AF312995	165340
8181	AF312996	165343
8181	AF312997	165337
8181	AF312998	165332
8181	AF313040	165326
8181	AF486353	189984
8181	AF486355	189995
8181	AF486361	189993
8181	AF509783	195134
8181	AY144458	207269
8181	AY144460	207271
8181	AY741515	202416
8181	KT361710	1765692
8181	KT361713	1338334
8181	ON202644	2933761
8181	ON202657	1338329
8182	AF486360	189994
8182	AY144459	207270
8183	AF486362	189990
8184	AM939550	499970
8184	AM939551	499970
8184	AM939552	499971
8184	AM939553	499971
8185	DQ385591	238833
8186	EF635484	450837
8186	EF635485	450836
8186	EF635486	202413
8186	EF660544	50310
8186	EF660547	2820209
8186	EF660548	74673
8186	EF660549	163751
8186	GQ130322	651552
8186	PX021886	1483188
8187	EU102685	463177
8188	JN161132	1085524
8188	JN161133	1085525
8189	JN161135	1085527
8190	JN161136	1048823
8190	JN161137	1048823
8191	JX870682	1359258
8192	KF794071	1548807
8193	LC625803	551624
8193	LC625804	551624
8193	LC625805	551625
8193	LC625806	2823991
8193	LC625807	551626
8193	LC625808	551634
8193	LC625809	551634
8193	LC625810	551634
8193	LC625811	551634
8194	MH891850	316508
8195	MN545646	125266
8196	MT117139	160986
8197	ON202642	2933760
8198	ON557635	2291127
8199	PQ474527	3373688
8200	AB120208	231673
8201	AF239405	125166
8201	AF350582	125166
8202	AF509785	138560
8202	OP363791	138560
8203	AF509796	195125
8204	EU102718	463179
8205	JF301405	204218
8206	JN805910	1197350
8206	JN805917	276802
8206	JN805918	1197354
8206	JN805921	219237
8207	KM435232	279685
8208	KY688765	1179183
8208	KY688766	1179183
8209	MF468219	204098
8210	MF468220	204098
8211	KY306578	162781
8211	KY306579	162781
8211	MG949373	162781
8212	MH014695	1641814
8212	MH014696	2566048
8213	MH050231	512270
8213	MH070605	512270
8214	PQ474519	3373680
8215	AB120180	38789
8215	AB120187	231650
8215	AB120188	231660
8216	AB120181	231668
8216	AB120198	231658
8216	AB120200	231652
8216	AB120202	231645
8216	AB120207	37490
8216	MH710795	572096
8216	MH712631	2292123
8217	GU257978	46976
8217	KF977432	46976
8218	JN805908	276798
8218	JN805909	1197349
8218	JN805920	276803
8218	JN805933	1197363
8218	JN805934	1197364
8218	MT384031	276803
8219	KX057862	72433
8220	KY438064	2068761
8221	KY688773	2035329
8221	KY688774	2035329
8221	KY688775	2035329
8221	KY688776	2035329
8221	MZ927409	2035329
8222	MH014681	2559947
8222	MH014685	2566053
8222	MH014686	2566054
8223	AB120185	231651
8223	AB120190	231641
8223	AB120205	231659
8223	AB120211	231667
8223	MT924028	2962500
8224	MZ927399	648392
8225	PQ474498	3373651
8225	PQ474499	3373652
8226	PQ474522	3373683
8227	EU145363	58421
8228	JX840488	578548
8229	KC200703	1174750
8229	KC200704	1174750
8229	KC200705	1174750
8229	KC955331	1174750
8230	KF993464	183559
8231	KX057889	76306
8231	PV138120	76306
8232	KY688795	875640
8233	MF468216	204144
8233	MF468217	204144
8233	MF468218	204144
8233	MN257687	204144
8233	MN257704	204144
8234	MH014699	60062
8235	OM888572	2922688
8236	PQ474514	3373663
8237	PQ474521	3373682
8238	AB120191	231657
8239	AB120209	231646
8240	EU145358	353863
8240	MH014687	2559950
8240	MH014700	2566050
8241	EU145359	58498
8242	EU145360	484842
8242	MH014689	2566039
8243	FJ695454	339308
8244	HM042454	477784
8245	HM042456	887260
8246	JN805904	219229
8247	JN805937	219256
8248	JX840505	507401
8248	JX840519	507400
8248	JX840574	507402
8249	MH014679	2566046
8249	MH014680	2566046
8250	MH014690	83585
8251	MH014697	60054
8252	MH014698	2560005
8253	MZ927389	597309
8254	MZ927397	648303
8255	HG004853	60087
8255	PQ436462	1277862
8256	PQ474491	2487343
8257	PQ474532	3373692
8258	DQ175586	344801
8259	DQ787394	274659
8260	EU145355	43444
8261	HG004882	1341754
8262	JN805907	1197348
8263	KY688786	1954657
8263	KY688788	1954657
8264	MH014676	2559946
8264	MH014677	2566051
8264	MH014678	2566045
8264	MH014683	2566052
8265	MH014684	2566047
8266	MK641703	2555532
8266	MK641704	2555518
8266	MK641705	2555531
8266	MK641707	2555518
8267	ON202674	1338332
8268	PQ474488	3373644
8268	PQ474490	3373645
8268	PQ474512	3373661
8269	AB120199	231642
8270	AJ242085	93307
8270	AJ242086	93307
8271	DQ385597	372404
8271	DQ385600	372407
8271	GU386450	372407
8271	GU386453	372404
8272	EU145361	353867
8272	EU145362	88392
8272	MH014691	2559973
8272	MH014692	60047
8272	MH014694	2559978
8273	JN805926	1197358
8274	MH014693	2559976
8275	MZ927379	767884
8275	MZ927380	519509
8276	OR199624	241757
8277	GQ424451	692132
8278	JX840518	507404
8279	KF794070	1548801
8280	KF794092	1548816
8281	KY321094	191922
8282	KY688791	2035330
8282	KY688792	2035330
8283	KY688800	2035332
8283	KY688806	1954664
8284	KY688801	2035332
8285	KY688807	1954664
8286	AB120192	231662
8287	AB120201	3454
8288	AB120210	231649
8288	HM116960	795985
8289	DQ175618	3083558
8290	HM116961	748698
8291	KX057826	1123417
8292	KY688797	2035331
8292	KY688798	2035331
8293	PQ474533	3373693
8294	PV901447	2764625
8295	FJ794676	273536
8296	KF193572	1353882
8297	KF794078	1548824
8298	KX057822	1179190
8298	KX057872	138055
8299	KY688796	2035331
8300	AB120183	231663
8300	AB120189	231666
8300	AB120204	231643
8301	AB120193	171906
8301	AJ347911	171906
8302	EU436953	245253
8303	FJ794625	273601
8304	HE657677	1133443
8305	MH884553	1610807
8305	MH884554	1610807
8305	MH884555	1610807
8305	MH884556	1610807
8306	MW899023	145248
8306	MW899024	2827256
8307	OQ826573	1046423
8308	AB120194	231644
8309	AB120196	231655
8309	AB120206	231653
8310	AB120203	231647
8311	JN805944	1197373
8312	MH710839	248860
8313	AY741518	309816
8314	KF794066	1548802
8314	KF794068	1548802
8315	PQ474501	3373653
8315	PQ474508	3373659
8316	JX870695	1359270
8316	JX870726	1359296
8317	PQ474486	3373643
8317	PQ474487	3373643
8317	PQ474504	3373656
8317	PQ474516	3373677
8318	PQ474507	3373658
8319	PV084856	3398725
8319	PV084859	2607526
8319	PV084874	1393929
8320	FJ794684	273531
8321	JX856519	58860
8322	JX870667	1359245
8322	JX870685	457889
8323	DQ175619	344771
8324	JX870672	247896
8324	JX870698	264953
8325	MF543813	326275
8326	AM267034	387046
8327	JX870700	560017
8327	JX870721	1359292
8327	JX870727	204985
8328	JX870735	1359303
8329	JX870750	1359311
8330	JX870754	1359315
8331	JX870758	466220
8331	MZ015528	466220
8331	MZ015531	2822233
8332	KF921702	1549837
8333	MF543744	168002
8333	MF543745	168002
8333	MF543746	168002
8333	MF543747	168002
8334	MT924006	2764626
8335	OQ845451	1522122
8335	OQ845452	1522122
8336	AF245411	153570
8337	KX095168	41241
8337	MT923437	41241
8338	ON557631	76027
8339	EU436909	519151
8340	KF921696	1549833
8340	MZ475323	2853989
8341	AB120195	231661
8341	MT924030	231661
8342	HF586711	1144454
8343	JN805916	277963
8344	JX475147	147934
8344	JX475148	147934
8344	JX475161	244002
8345	MH445991	2217933
8346	JX870770	76910
8347	KF794075	2777734
8348	MZ015533	54878
8349	MZ475326	1954653
8350	JX870760	1359318
8351	MN257725	2600422
8352	MZ475317	2853986
8352	MZ475318	2853987
8353	KY688787	1954657
8354	MN264648	1179215
8355	MT023904	347909
8356	KF794085	798610
8357	KP763868	1417666
8358	MN114125	992634
8358	MN257699	992634
8358	MN257726	992634
8358	MN257747	992634
8358	MN257768	992634
8358	MN257791	992634
8359	KX057829	1179219
8359	MN264649	210371
8360	MZ475322	1977274
8361	AB120215	231671
8362	MT384020	219264
8363	KY321093	191922
8364	KY321080	162852
8365	JF301429	1140034
8366	FJ037795	141575
8367	PQ474513	3373662
8368	HQ148808	1045356
8369	FJ377635	446143
8370	KY688822	2035339
8371	HQ615070	208138
8372	MH279644	122310
8373	MT023915	1125903
8374	MH070606	76306
8375	MN825836	2613480
8376	JQ067312	1132250
8377	GU951611	909486
8377	GU951612	909486
8377	GU951613	909487
8377	GU951614	909488
8377	GU951615	529604
8377	GU951617	909491
8377	GU951618	909492
8377	GU951619	497251
8377	GU951620	909496
8378	KJ411684	1582195
8379	MZ015529	2822232
8380	FJ794639	273550
8381	KF704972	358841
8382	LC523901	2661900
8383	KY321107	1993762
8383	KY321108	1993762
8384	MZ015545	72368
8385	KJ956698	55571
8386	FJ565360	590233
8387	FJ794637	273574
8388	MK641688	2555511
8389	FJ794671	273554
8390	HQ608217	929734
8391	KY321082	191943
8392	MZ015526	466220
8393	FJ794662	83737
8394	FJ794627	273548
8395	FJ794692	273555
8396	FJ794647	273549
8397	FJ794680	273584
8398	FJ794630	273582
8399	FJ794664	273593
