1209	NC_000932	3702
709	NC_001320	39947
388	NC_001666	4577
1633	NC_001879	4097
336	NC_002693	85636
440	NC_002694	34305
608	NC_002762	4565
441	NC_003119	3880
1772	NC_004561	33113
1210	NC_004993	212734
272	NC_005878	193079
709	NC_005973	2998809
514	NC_006050	34301
272	NC_006084	717233
1405	NC_006290	4054
710	NC_007407	4465
1313	NC_007499	308872
1633	NC_007500	4096
1633	NC_007602	4098
1789	NC_007898	4081
878	NC_007942	3847
1772	NC_007943	147425
71	NC_007944	3635
423	NC_007957	29760
1772	NC_008096	4113
161	NC_008115	71271
709	NC_008155	39946
105	NC_008235	43335
442	NC_008325	4039
840	NC_008326	3415
300	NC_008335	4403
1790	NC_008407	126431
1211	NC_008456	224735
1684	NC_008457	398741
1314	NC_008590	112509
301	NC_008591	63632
1035	NC_008602	4558
71	NC_008641	3634
241	NC_008788	77108
1621	NC_008796	334596
105	NC_009143	3694
1212	NC_009265	434059
1212	NC_009266	72657
1175	NC_009267	74718
1213	NC_009268	78191
1214	NC_009269	50458
1209	NC_009270	3719
1215	NC_009271	78192
1216	NC_009273	59292
651	NC_009274	226051
1217	NC_009275	65948
1588	NC_009598	13006
879	NC_009599	153571
178	NC_009600	145286
54	NC_009601	145284
1791	NC_009808	4121
880	NC_009962	4428
710	NC_010093	263995
601	NC_010323	3649
336	NC_010358	3940
336	NC_010360	482428
336	NC_010361	3942
336	NC_010362	482429
45	NC_010433	3983
1036	NC_010442	28494
711	NC_011032	15368
515	NC_011163	3827
712	NC_011828	3900
591	NC_012224	180498
1150	NC_012615	93213
388	NC_013273	4505
1805	NC_013707	4146
713	NC_013991	42345
1333	NC_014056	141207
881	NC_014057	3888
302	NC_014062	38684
607	NC_014063	3860
153	NC_014570	71139
479	NC_014674	60419
140	NC_014676	3641
1315	NC_015113	40888
1825	NC_015139	51351
71	NC_015204	34273
139	NC_015206	101020
602	NC_015308	3981
1805	NC_015401	158383
1805	NC_015604	129566
882	NC_015605	4431
1805	NC_015608	497767
1805	NC_015623	158385
711	NC_015803	548148
442	NC_015804	40916
711	NC_015817	38705
711	NC_015820	145980
442	NC_015821	4043
711	NC_015826	886359
711	NC_015830	280850
711	NC_015831	591214
840	NC_015892	86722
616	NC_015990	38727
883	NC_015996	3767
1633	NC_016068	118713
1405	NC_016430	82096
1622	NC_016433	4182
1589	NC_016468	472368
1895	NC_016471	48534
71	NC_016668	29730
71	NC_016670	34276
746	NC_016677	196901
71	NC_016690	34277
71	NC_016692	76056
711	NC_016699	524874
1406	NC_016708	56065
71	NC_016711	34275
71	NC_016712	29729
337	NC_016718	110453
1825	NC_016734	3708
516	NC_016736	3988
709	NC_016927	40149
713	NC_017602	51953
1313	NC_017609	78828
709	NC_017835	4529
71	NC_017894	34282
71	NC_018109	47637
71	NC_018110	47635
71	NC_018111	47634
71	NC_018112	47636
71	NC_018113	3636
1772	NC_018117	4076
43	NC_018541	100364
1792	NC_018552	4072
651	NC_018565	414717
139	NC_018766	157670
139	NC_018767	538574
139	NC_019601	101007
139	NC_019602	101015
1487	NC_019616	13750
603	NC_019648	145835
603	NC_019649	98750
884	NC_020019	4442
1501	NC_020098	41396
443	NC_020152	3512
840	NC_020316	85864
840	NC_020317	85865
1316	NC_020318	3406
711	NC_020341	4591
1317	NC_020362	1276543
548	NC_020363	188518
713	NC_020364	131289
1488	NC_020365	244023
713	NC_020366	292647
378	NC_020367	101696
379	NC_020372	405043
1218	NC_021102	106773
1851	NC_021111	161395
1489	NC_021121	1265925
338	NC_021372	38686
444	NC_021425	13715
604	NC_021426	4407
1407	NC_021429	112603
1407	NC_021430	112615
1407	NC_021431	162386
1407	NC_021432	160538
1407	NC_021433	1324860
878	NC_021636	44015
878	NC_021645	45689
878	NC_021646	96944
878	NC_021647	48924
878	NC_021648	82538
878	NC_021649	45690
878	NC_021650	713886
608	NC_021760	4568
608	NC_021762	4572
11	NC_021936	29650
608	NC_022133	37682
608	NC_022135	4573
884	NC_022264	182317
153	NC_022378	36592
153	NC_022379	87679
153	NC_022380	87669
153	NC_022381	582381
153	NC_022382	1171781
161	NC_022383	87670
153	NC_022384	87684
153	NC_022385	87672
153	NC_022386	87681
161	NC_022387	87688
153	NC_022388	34320
153	NC_022389	582372
153	NC_022390	183836
153	NC_022391	34319
153	NC_022392	183838
153	NC_022393	1282669
153	NC_022394	452569
161	NC_022395	87674
161	NC_022396	87663
161	NC_022397	99019
161	NC_022398	34316
106	NC_022399	106642
153	NC_022400	87685
161	NC_022401	183858
153	NC_022402	166933
153	NC_022403	183851
153	NC_022404	34315
153	NC_022405	183827
153	NC_022406	34314
153	NC_022407	183803
153	NC_022408	87660
153	NC_022409	34328
153	NC_022410	34330
153	NC_022411	34308
153	NC_022412	87657
153	NC_022413	34307
153	NC_022414	88056
1317	NC_022417	13894
1151	NC_022451	175694
1198	NC_022457	13601
884	NC_022459	319925
884	NC_022460	1339356
884	NC_022461	147918
884	NC_022462	319928
884	NC_022463	194713
179	NC_022715	1049916
1405	NC_022810	137943
1405	NC_022811	133939
1405	NC_022812	133946
1405	NC_022813	230597
1405	NC_022814	228393
1152	NC_022850	4555
878	NC_022868	3848
1318	NC_022926	228183
1153	NC_022927	4664
1154	NC_022928	136219
1037	NC_022958	29695
884	NC_023084	385388
269	NC_023086	49684
1155	NC_023092	63359
1685	NC_023102	38596
436	NC_023115	86091
1793	NC_023119	60851
883	NC_023130	1143245
1826	NC_023132	223125
71	NC_023213	47600
75	NC_023214	47622
71	NC_023215	34274
71	NC_023216	34280
71	NC_023217	47602
75	NC_023218	34278
840	NC_023234	86726
840	NC_023235	86730
840	NC_023236	44759
840	NC_023237	54732
840	NC_023238	3403
840	NC_023240	3411
840	NC_023241	86752
840	NC_023242	86737
338	NC_023245	38687
156	NC_023247	152093
885	NC_023256	377280
216	NC_023259	28971
1038	NC_023260	253189
886	NC_023261	73178
1219	NC_023367	50452
711	NC_023449	93677
1363	NC_023463	192264
1742	NC_023464	223107
1686	NC_023465	46066
605	NC_023533	159298
423	NC_023790	103349
1421	NC_023792	124943
272	NC_023800	91528
479	NC_023801	167385
711	NC_023934	591208
711	NC_023935	280854
479	NC_023959	744259
1408	NC_024019	142615
840	NC_024027	44926
1039	NC_024034	97024
887	NC_024035	361561
888	NC_024038	49827
193	NC_024061	22978
193	NC_024062	123495
193	NC_024063	597284
180	NC_024064	597311
193	NC_024065	1186155
193	NC_024067	1186172
616	NC_024106	1243775
714	NC_024165	38716
712	NC_024166	361940
72	NC_024170	55577
715	NC_024171	4543
709	NC_024175	4538
716	NC_024176	1010633
139	NC_024258	64939
1794	NC_024261	4079
717	NC_024262	416032
606	NC_024421	53046
1825	NC_024469	3726
884	NC_024541	542719
514	NC_024542	105594
1687	NC_024544	256348
840	NC_024545	114512
517	NC_024560	55185
718	NC_024608	4532
719	NC_024643	338574
884	NC_024659	1454364
884	NC_024660	542733
884	NC_024661	153490
884	NC_024662	1523625
884	NC_024663	452972
714	NC_024668	4582
714	NC_024669	941476
50	NC_024681	75712
714	NC_024712	387591
714	NC_024713	548140
714	NC_024714	862985
714	NC_024715	146652
714	NC_024716	146655
714	NC_024717	111431
714	NC_024718	145987
714	NC_024719	862994
714	NC_024720	863009
714	NC_024721	548150
714	NC_024722	863024
714	NC_024723	591225
714	NC_024724	145989
714	NC_024725	1235664
156	NC_024728	108544
720	NC_024731	3061239
1040	NC_024732	103032
105	NC_024734	295326
50	NC_024735	73824
156	NC_024736	152089
105	NC_024747	75702
608	NC_024764	4570
1319	NC_024813	4679
608	NC_024814	4571
608	NC_024815	4487
608	NC_024816	58530
608	NC_024830	4486
608	NC_024831	4483
608	NC_024832	130458
1795	NC_024845	223102
1041	NC_024936	995793
721	NC_025228	65970
889	NC_025229	66008
722	NC_025230	58215
723	NC_025231	158136
722	NC_025232	65975
388	NC_025233	1056921
890	NC_025234	1547847
724	NC_025235	29678
719	NC_025238	38729
1320	NC_025288	60698
882	NC_025339	4432
891	NC_025554	57655
1313	NC_025593	200642
1623	NC_025651	271221
1743	NC_025652	204340
1039	NC_025743	97014
892	NC_025744	361918
892	NC_025745	97044
1042	NC_025772	229049
1805	NC_025787	126429
893	NC_025909	185702
608	NC_025955	69994
1490	NC_026036	13365
1491	NC_026040	42329
1867	NC_026041	34343
339	NC_026103	1264566
1409	NC_026197	1454370
1796	NC_026202	692148
1043	NC_026203	989334
1492	NC_026220	4615
710	NC_026299	55184
713	NC_026444	145710
1220	NC_026445	82286
651	NC_026446	352370
1405	NC_026447	44586
1793	NC_026450	34341
50	NC_026462	1278906
1405	NC_026546	242290
1792	NC_026551	362342
445	NC_026562	3483
1588	NC_026565	146543
1772	NC_026567	362364
1407	NC_026568	142389
1772	NC_026570	126903
1772	NC_026574	362373
479	NC_026577	478946
894	NC_026678	20340
895	NC_026680	198914
725	NC_026681	3870
380	NC_026682	109171
1493	NC_026684	35938
109	NC_026685	58860
896	NC_026690	3625
896	NC_026691	3627
1772	NC_026694	126905
1791	NC_026703	4120
50	NC_026722	77065
1772	NC_026726	362363
1852	NC_026772	53042
1797	NC_026773	1390594
1321	NC_026775	1498489
1876	NC_026776	53104
1322	NC_026777	125444
1876	NC_026779	53069
1323	NC_026785	59062
518	NC_026786	108411
144	NC_026787	4692
443	NC_026790	103483
71	NC_026835	34284
1410	NC_026839	105884
1789	NC_026876	142759
1772	NC_026877	4083
1789	NC_026878	315350
1789	NC_026879	62890
1772	NC_026880	62891
1772	NC_026881	4082
1789	NC_026882	4084
1772	NC_026906	362345
479	NC_026907	167439
78	NC_026909	106335
479	NC_026913	1495044
720	NC_026957	207296
720	NC_026958	426031
720	NC_026959	49005
720	NC_026960	1542495
720	NC_026961	1542496
720	NC_026962	104003
720	NC_026963	1542497
720	NC_026964	519253
720	NC_026965	464968
726	NC_026966	281085
727	NC_026967	75727
720	NC_026968	93670
728	NC_026969	47446
729	NC_026970	38736
720	NC_026971	47454
519	NC_026986	316492
720	NC_026991	1643492
1040	NC_026999	103991
881	NC_027073	313081
446	NC_027074	457904
446	NC_027075	154493
897	NC_027076	313097
446	NC_027077	1234501
446	NC_027078	313104
446	NC_027079	313107
446	NC_027080	1276802
58	NC_027090	325984
1772	NC_027099	362347
447	NC_027110	981085
721	NC_027146	1243769
721	NC_027147	1478599
446	NC_027148	3855
446	NC_027149	1276776
607	NC_027150	3859
898	NC_027152	3864
448	NC_027153	66814
448	NC_027154	70964
303	NC_027158	86979
110	NC_027159	229473
1772	NC_027177	1545468
720	NC_027184	196898
1044	NC_027185	82479
1798	NC_027227	442463
1793	NC_027235	56998
1501	NC_027259	39367
899	NC_027266	1534760
713	NC_027276	101629
449	NC_027282	82481
105	NC_027425	113636
1378	NC_027450	376870
381	NC_027451	40952
1405	NC_027456	44588
709	NC_027460	65489
709	NC_027461	40148
709	NC_027462	4528
709	NC_027463	4535
1827	NC_027464	37671
301	NC_027465	286491
811	NC_027466	66000
608	NC_027467	29661
1221	NC_027468	4498
603	NC_027469	320632
730	NC_027470	447010
340	NC_027471	29665
382	NC_027472	1617934
341	NC_027473	4509
711	NC_027474	38691
609	NC_027475	2592077
1314	NC_027476	4517
728	NC_027477	888272
610	NC_027478	1497109
1827	NC_027479	796701
720	NC_027480	38702
611	NC_027481	96050
1221	NC_027482	669775
811	NC_027483	399655
611	NC_027484	269377
609	NC_027485	1120099
1156	NC_027486	391969
603	NC_027487	376136
728	NC_027490	35710
1490	NC_027511	707766
1490	NC_027512	115877
1494	NC_027513	133430
1494	NC_027514	179210
1405	NC_027607	98373
731	NC_027650	49786
100	NC_027674	82318
157	NC_027675	82331
709	NC_027676	4537
888	NC_027677	3922
157	NC_027679	1577587
1405	NC_027685	46397
1222	NC_027691	335152
1044	NC_027738	82490
449	NC_027739	82502
1407	NC_027743	112604
161	NC_027744	119951
732	NC_027824	435756
1045	NC_027834	46367
1324	NC_027939	354529
1688	NC_027941	54803
383	NC_027952	486854
1696	NC_027955	353963
1792	NC_028007	4073
1689	NC_028009	266091
242	NC_028023	66636
520	NC_028026	1089946
1157	NC_028032	3486
900	NC_028066	796727
901	NC_028067	212708
1772	NC_028069	4109
1772	NC_028070	4112
616	NC_028075	4556
1046	NC_028147	1552222
1407	NC_028148	48524
1879	NC_028149	53134
15	NC_028170	72664
270	NC_028171	1235665
359	NC_028185	100569
1046	NC_028209	1736746
1825	NC_028272	3707
720	NC_028328	29662
123	NC_028349	80755
50	NC_028350	75706
153	NC_028409	183804
153	NC_028410	360304
6	NC_028415	161756
1853	NC_028422	78707
111	NC_028429	195526
1408	NC_028430	154293
1318	NC_028439	52838
714	NC_028444	1747705
105	NC_028504	80863
612	NC_028523	261426
1407	NC_028524	112607
1407	NC_028525	78740
930	NC_028617	51240
1462	NC_028618	182415
720	NC_028631	464970
1047	NC_028633	76571
1405	NC_028703	44685
1495	NC_028704	106132
719	NC_028719	90397
272	NC_028720	183675
272	NC_028721	62337
1220	NC_028727	347893
1220	NC_028728	347889
700	NC_028729	136215
336	NC_029211	49455
336	NC_029212	482602
1048	NC_029214	1112727
272	NC_029221	128810
720	NC_029232	519246
1317	NC_029241	682621
304	NC_029243	210372
1223	NC_029332	1672020
1209	NC_029334	38785
1209	NC_029335	97979
1209	NC_029336	412662
1189	NC_029337	90675
1799	NC_029339	1006121
1744	NC_029363	798536
1828	NC_029364	164262
1744	NC_029365	164263
1224	NC_029370	39329
15	NC_029378	98038
15	NC_029379	537134
811	NC_029390	481984
442	NC_029391	55605
1868	NC_029392	48101
442	NC_029393	85712
442	NC_029394	110318
727	NC_029401	58934
888	NC_029406	20997
388	NC_029411	42046
719	NC_029412	110886
719	NC_029413	110835
388	NC_029415	433880
731	NC_029416	65991
613	NC_029417	121785
388	NC_029418	257006
1411	NC_029420	173701
384	NC_029427	155132
902	NC_029429	106141
1225	NC_029431	929407
1896	NC_029432	461633
903	NC_029433	74825
614	NC_029434	3469
423	NC_029454	3605
1325	NC_029456	94219
442	NC_029469	2849586
442	NC_029470	40922
1853	NC_029483	862845
612	NC_029485	261423
479	NC_029490	478950
904	NC_029694	28966
1325	NC_029705	169179
1407	NC_029711	112611
1407	NC_029712	112612
1407	NC_029713	1286644
616	NC_029732	4540
1880	NC_029734	28979
1772	NC_029746	362354
720	NC_029749	323898
905	NC_029750	17515
1405	NC_029764	327218
1326	NC_029813	552843
49	NC_029814	55320
4	NC_029815	258219
719	NC_029827	158098
270	NC_029828	119829
194	NC_029829	246709
904	NC_029830	163685
1772	NC_029833	362352
1496	NC_029850	4047
1049	NC_029874	105268
272	NC_029881	167341
616	NC_029882	1820310
616	NC_029883	1812844
616	NC_029884	330583
1800	NC_029889	48032
388	NC_029891	675501
620	NC_029892	48732
388	NC_029893	167333
616	NC_029894	1789007
731	NC_029895	38594
388	NC_029896	1245324
733	NC_029897	59382
141	NC_029937	489059
1488	NC_029947	93293
713	NC_029948	4714
713	NC_029949	480377
713	NC_029950	132959
713	NC_029951	402034
713	NC_029952	462332
520	NC_029953	4722
1488	NC_029954	93318
520	NC_029955	1090025
1488	NC_029956	93304
713	NC_029957	115506
1158	NC_029958	4718
1488	NC_029959	402705
713	NC_029960	115494
713	NC_029961	292710
1488	NC_029963	93280
1412	NC_029964	115464
713	NC_029965	1441983
1388	NC_029966	115457
520	NC_029967	54446
520	NC_029968	674193
713	NC_029969	131261
1159	NC_029970	202377
1158	NC_029971	131256
713	NC_029972	145668
520	NC_029973	292681
520	NC_029974	48220
1772	NC_030044	362374
1772	NC_030056	1830227
1198	NC_030062	258140
1198	NC_030063	211974
734	NC_030066	240449
734	NC_030067	240448
734	NC_030068	240450
735	NC_030069	240451
1200	NC_030166	49314
1772	NC_030167	362362
1772	NC_030168	362366
1772	NC_030171	362351
1794	NC_030177	362359
1772	NC_030178	362357
623	NC_030180	1842555
1772	NC_030185	362341
85	NC_030195	280641
1751	NC_030207	4111
1474	NC_030212	270988
905	NC_030260	60118
1772	NC_030282	258455
709	NC_030298	63629
1050	NC_030299	326968
388	NC_030300	4580
388	NC_030301	15945
878	NC_030329	1177209
1209	NC_030346	347883
1209	NC_030347	97980
1209	NC_030348	45251
1209	NC_030349	302551
1209	NC_030350	45249
1209	NC_030351	1547872
388	NC_030377	4576
1825	NC_030450	3710
342	NC_030486	29674
272	NC_030487	80369
1327	NC_030488	91515
734	NC_030489	59788
615	NC_030490	158166
736	NC_030491	158120
737	NC_030492	158122
616	NC_030493	33109
616	NC_030494	2057701
388	NC_030495	173847
388	NC_030496	158170
385	NC_030497	158152
521	NC_030498	79857
386	NC_030499	158129
616	NC_030500	38726
906	NC_030501	158093
388	NC_030502	79842
616	NC_030503	167339
840	NC_030504	3414
15	NC_030515	473980
15	NC_030516	557876
193	NC_030517	1856792
1413	NC_030526	1577648
1413	NC_030527	991123
336	NC_030532	3941
193	NC_030534	82149
1414	NC_030539	210386
1744	NC_030540	60011
1792	NC_030543	80379
180	NC_030544	1272966
193	NC_030545	1856776
193	NC_030546	82151
193	NC_030547	688040
193	NC_030548	1856777
180	NC_030549	1856778
193	NC_030550	1856779
193	NC_030551	1856781
193	NC_030552	1856782
193	NC_030553	1856783
193	NC_030554	1856784
217	NC_030555	1856785
217	NC_030556	1856786
217	NC_030557	1856787
193	NC_030558	692119
180	NC_030559	1856789
193	NC_030560	692121
193	NC_030563	212234
193	NC_030564	692123
193	NC_030565	692125
180	NC_030566	597312
343	NC_030567	1186147
193	NC_030568	1272982
180	NC_030569	597313
180	NC_030570	597314
193	NC_030571	163927
180	NC_030572	1186152
193	NC_030573	597315
180	NC_030574	1186154
180	NC_030575	22987
193	NC_030576	212237
193	NC_030577	1856790
193	NC_030578	692128
193	NC_030579	1272988
193	NC_030580	692130
193	NC_030581	1258705
193	NC_030582	992768
193	NC_030583	1272991
1405	NC_030598	44682
738	NC_030611	1056926
1328	NC_030612	1867303
739	NC_030613	1564034
388	NC_030614	313893
616	NC_030615	300125
723	NC_030616	1198658
907	NC_030617	173852
616	NC_030618	1056944
616	NC_030619	1056843
739	NC_030620	435776
716	NC_030621	330548
716	NC_030622	330556
616	NC_030623	220438
734	NC_030624	744468
719	NC_030625	1867302
1324	NC_030702	354530
1624	NC_030703	666370
1625	NC_030704	210729
1426	NC_030705	1518434
1051	NC_030707	1574441
1590	NC_030708	1097193
1591	NC_030709	707309
1626	NC_030710	1499532
1626	NC_030711	1874639
1497	NC_030713	707310
1226	NC_030755	48386
1226	NC_030757	608512
194	NC_030761	85363
720	NC_030767	1552703
1825	NC_030775	1078588
740	NC_030777	50346
741	NC_030784	413747
741	NC_030786	55363
741	NC_030787	227308
741	NC_030789	35925
1791	NC_031159	35883
883	NC_031163	106564
896	NC_031186	64480
896	NC_031187	1735015
886	NC_031193	73191
886	NC_031194	73188
908	NC_031195	158595
909	NC_031196	122187
886	NC_031197	122254
886	NC_031199	73198
886	NC_031200	163034
909	NC_031201	253081
886	NC_031202	59882
218	NC_031203	253082
909	NC_031204	122198
909	NC_031205	122197
616	NC_031299	1859060
709	NC_031333	4530
1690	NC_031345	74695
479	NC_031356	103481
105	NC_031371	1902783
930	NC_031373	224355
742	NC_031376	16924
423	NC_031383	103351
910	NC_031385	883788
1324	NC_031386	328401
105	NC_031398	1903715
194	NC_031410	85438
194	NC_031420	50864
194	NC_031421	662772
194	NC_031422	239685
194	NC_031423	226115
1329	NC_031427	38723
1473	NC_031435	1238142
1473	NC_031436	39353
1472	NC_031437	476207
1742	NC_031441	223093
1801	NC_031444	223129
1221	NC_031650	83444
1330	NC_031651	286952
1473	NC_031805	1857654
1042	NC_031822	226895
514	NC_031826	349246
1331	NC_031829	4682
1150	NC_031849	78479
1691	NC_031852	121481
219	NC_031854	554072
219	NC_031855	13451
219	NC_031856	80754
1627	NC_031874	1914264
387	NC_031881	1277824
623	NC_031892	1897053
388	NC_032033	66012
767	NC_032034	314391
139	NC_032038	74654
1052	NC_032040	122250
1522	NC_032054	38859
120	NC_032060	77057
448	NC_032066	3878
617	NC_032078	486855
1407	NC_032083	142400
1485	NC_032296	237963
219	NC_032351	80753
442	NC_032364	264540
50	NC_032368	1536645
616	NC_032378	305658
719	NC_032379	121770
719	NC_032383	90396
450	NC_032691	220690
606	NC_032698	59045
243	NC_032700	39524
451	NC_032701	50240
606	NC_032702	1603450
606	NC_032704	232733
606	NC_032705	39553
606	NC_032706	39527
586	NC_032708	939154
743	NC_032709	51447
451	NC_032710	1247859
1498	NC_032711	101622
1498	NC_032712	55960
1498	NC_032713	382144
1498	NC_032714	334597
105	NC_032717	266767
1186	NC_032718	1297873
1186	NC_032719	198265
1186	NC_032720	1043716
1186	NC_032721	198266
1802	NC_032724	4091
71	NC_033333	34285
1043	NC_033337	82282
194	NC_033341	215071
1499	NC_033343	49565
1415	NC_033344	1680231
1378	NC_033345	269605
1045	NC_033346	266284
158	NC_033355	120290
1854	NC_033357	158596
1047	NC_033364	76576
1500	NC_033365	1929855
1053	NC_033366	368681
1047	NC_033367	76577
1500	NC_033368	308559
1047	NC_033369	1348680
1500	NC_033370	252775
1047	NC_033371	1929856
1047	NC_033372	1929857
1500	NC_033373	252776
1047	NC_033374	368931
1047	NC_033375	1929859
1508	NC_033376	101774
71	NC_033394	34286
71	NC_033395	34287
71	NC_033396	34290
71	NC_033397	34281
71	NC_033398	47631
85	NC_033399	47623
71	NC_033401	47621
479	NC_033409	1754207
1180	NC_033411	119992
1180	NC_033412	1112724
1825	NC_033498	1517517
1825	NC_033499	1517519
1825	NC_033500	1517518
1054	NC_033501	233737
741	NC_033502	1932074
219	NC_033503	88033
517	NC_033511	220640
517	NC_033512	374961
517	NC_033513	83858
517	NC_033514	221256
517	NC_033515	374964
517	NC_033516	221257
517	NC_033517	221254
517	NC_033518	221260
517	NC_033519	374968
517	NC_033520	231488
1792	NC_033524	165701
1792	NC_033525	107817
1792	NC_033526	165702
1792	NC_033527	165700
1501	NC_033534	332336
744	NC_033535	289753
745	NC_033862	121787
338	NC_033863	1382008
338	NC_033864	1260345
105	NC_033876	765816
1055	NC_033878	180062
616	NC_033879	1859058
388	NC_033880	1859061
479	NC_033881	168165
930	NC_033892	91218
930	NC_033893	91213
930	NC_033894	243020
1745	NC_033895	1661584
144	NC_033896	83800
144	NC_033897	859523
144	NC_033898	89496
181	NC_033908	101653
1227	NC_033910	3993
226	NC_033913	13331
121	NC_033970	477955
883	NC_033975	2914000
220	NC_033978	216990
359	NC_033979	66387
616	NC_033980	38689
888	NC_034229	47080
1825	NC_034286	2069296
1825	NC_034287	1920187
219	NC_034295	1892573
1501	NC_034308	99300
1501	NC_034309	357460
1501	NC_034310	332337
1501	NC_034311	332338
1501	NC_034312	255881
930	NC_034315	117167
139	NC_034347	101014
1228	NC_034357	537175
1229	NC_034358	3724
15	NC_034359	369043
15	NC_034360	264428
15	NC_034361	2259846
1216	NC_034363	153348
1209	NC_034365	59689
1209	NC_034366	81970
1212	NC_034367	228871
156	NC_034368	108546
144	NC_034369	152096
159	NC_034370	85378
1209	NC_034379	81972
47	NC_034634	241767
883	NC_034639	32224
1692	NC_034640	170919
1461	NC_034643	656325
1461	NC_034644	49563
442	NC_034645	48119
388	NC_034652	512611
1691	NC_034660	48809
388	NC_034680	28909
158	NC_034684	375272
178	NC_034685	13098
59	NC_034686	330167
840	NC_034687	86725
1746	NC_034688	49450
178	NC_034689	124778
1790	NC_034691	1548298
1688	NC_034692	13216
1790	NC_034694	660624
1628	NC_034695	925377
1684	NC_034697	130385
122	NC_034701	145745
271	NC_034702	13569
618	NC_034703	124794
33	NC_034707	89493
44	NC_034708	1928487
1693	NC_034742	126911
1693	NC_034743	111851
720	NC_034747	1306438
709	NC_034758	65491
709	NC_034759	29689
709	NC_034760	52545
709	NC_034761	29690
709	NC_034762	4534
720	NC_034764	83308
711	NC_034765	83307
746	NC_034766	463890
94	NC_034774	53896
619	NC_034777	4686
890	NC_034791	1983733
1052	NC_034792	4208
1052	NC_034793	179091
161	NC_034801	1882728
272	NC_034802	62335
747	NC_034803	73154
157	NC_034840	82315
221	NC_034908	50507
883	NC_034909	470525
219	NC_034910	176861
748	NC_034913	64478
896	NC_034914	165200
896	NC_034915	165710
911	NC_034934	859264
905	NC_034935	60130
905	NC_034936	349476
1772	NC_034951	47970
744	NC_034998	55513
1805	NC_035000	126362
1056	NC_035006	262757
719	NC_035009	796746
716	NC_035010	330559
716	NC_035011	167342
716	NC_035012	1035921
749	NC_035013	330585
738	NC_035014	798343
716	NC_035015	330573
738	NC_035016	106636
616	NC_035017	435775
716	NC_035018	330558
738	NC_035019	2003520
616	NC_035020	798294
738	NC_035021	798344
1035	NC_035022	2003515
272	NC_035023	2003513
272	NC_035024	798271
616	NC_035025	798321
388	NC_035026	798269
620	NC_035027	79849
272	NC_035028	2003512
716	NC_035029	1564046
620	NC_035030	2003509
1230	NC_035031	798338
716	NC_035032	79855
616	NC_035033	2003517
1327	NC_035034	167337
616	NC_035035	79832
716	NC_035036	2003516
750	NC_035037	798322
767	NC_035038	2003510
716	NC_035039	2003519
716	NC_035040	79835
738	NC_035041	106635
385	NC_035042	2003514
716	NC_035043	330575
734	NC_035044	798336
1327	NC_035045	2003518
272	NC_035046	798273
616	NC_035047	798289
616	NC_035048	330157
128	NC_035049	673200
616	NC_035050	2003511
385	NC_035051	798316
1499	NC_035053	54724
1499	NC_035054	165499
1499	NC_035055	1978917
1499	NC_035056	1050841
1160	NC_035143	39350
1325	NC_035154	142614
272	NC_035224	4547
450	NC_035228	1641311
450	NC_035229	220689
1711	NC_035233	395340
79	NC_035234	455045
452	NC_035235	171929
359	NC_035237	3494
891	NC_035238	151069
522	NC_035239	29780
1825	NC_035303	2982281
1408	NC_035321	169180
1231	NC_035322	154290
1325	NC_035323	179350
1325	NC_035324	181002
1408	NC_035325	142612
1325	NC_035326	172645
1057	NC_035327	142613
1408	NC_035328	161867
1161	NC_035329	172646
1408	NC_035330	363749
1325	NC_035331	154289
1408	NC_035332	179356
1161	NC_035333	1354201
1161	NC_035334	467197
1325	NC_035335	467198
1408	NC_035336	154291
751	NC_035337	161868
1408	NC_035338	161870
1408	NC_035339	469460
1408	NC_035340	179353
1408	NC_035341	1354204
1408	NC_035342	117953
1325	NC_035343	179354
1502	NC_035344	1354197
1047	NC_035353	360839
1500	NC_035354	434389
1047	NC_035357	2010879
1503	NC_035358	368674
1504	NC_035359	101772
1505	NC_035360	104522
1500	NC_035361	368676
1500	NC_035362	2010880
1500	NC_035363	2010881
1506	NC_035364	2010882
1047	NC_035365	104597
1047	NC_035366	2010883
1504	NC_035367	85225
1047	NC_035368	1715887
1047	NC_035369	2010884
1500	NC_035370	368926
1592	NC_035371	360851
1047	NC_035372	1715890
1047	NC_035373	1715891
1047	NC_035374	360853
1047	NC_035375	360856
1047	NC_035376	2010892
1803	NC_035377	1715894
1047	NC_035378	2010893
1047	NC_035379	2010895
1047	NC_035380	360857
1500	NC_035381	368691
1047	NC_035382	360858
1047	NC_035383	360859
1047	NC_035384	649679
1047	NC_035385	2010896
1047	NC_035386	2010897
1047	NC_035387	1068520
1047	NC_035388	1049788
1047	NC_035389	2010902
1047	NC_035390	1715899
1047	NC_035391	1715900
1047	NC_035392	2010903
1500	NC_035393	1053365
1047	NC_035394	2010904
1047	NC_035395	360861
1058	NC_035396	2010906
1507	NC_035397	2010907
1047	NC_035398	360866
1059	NC_035413	91224
896	NC_035418	168123
738	NC_035492	167343
139	NC_035500	101012
139	NC_035501	101013
752	NC_035505	1155789
1416	NC_035506	34199
1232	NC_035511	264418
1232	NC_035512	2017959
651	NC_035513	358669
15	NC_035514	369024
1255	NC_035515	98020
1829	NC_035516	1465651
523	NC_035517	2017767
753	NC_035518	2017768
753	NC_035519	2017769
912	NC_035520	65968
1060	NC_035521	1400639
754	NC_035522	40583
755	NC_035523	2017770
755	NC_035524	2017771
616	NC_035525	2017772
731	NC_035526	59279
913	NC_035527	57053
388	NC_035528	2875320
890	NC_035529	221758
621	NC_035532	2017774
722	NC_035533	2017775
890	NC_035534	221755
273	NC_035535	57205
914	NC_035536	182318
914	NC_035537	2018057
914	NC_035538	1603832
914	NC_035539	197088
914	NC_035540	2018058
914	NC_035541	182319
914	NC_035542	182320
914	NC_035543	941577
914	NC_035544	194716
914	NC_035545	59677
914	NC_035546	182321
756	NC_035548	193516
622	NC_035551	68554
883	NC_035566	320146
757	NC_035569	172644
144	NC_035570	4689
884	NC_035574	536625
141	NC_035588	82312
157	NC_035589	79002
144	NC_035590	85370
144	NC_035591	82317
144	NC_035592	89789
1061	NC_035624	94286
883	NC_035625	106552
514	NC_035632	4421
514	NC_035633	4412
1318	NC_035637	101617
884	NC_035639	197085
623	NC_035640	182325
884	NC_035641	182296
884	NC_035642	197096
884	NC_035643	182316
884	NC_035644	2021137
884	NC_035645	107826
914	NC_035646	182305
623	NC_035647	941567
884	NC_035648	2021136
623	NC_035649	941568
623	NC_035650	941581
884	NC_035651	542752
884	NC_035652	674061
896	NC_035653	2021135
741	NC_035654	1938279
1332	NC_035657	86749
911	NC_035662	859262
883	NC_035671	106570
883	NC_035672	106571
914	NC_035678	182329
514	NC_035680	299116
36	NC_035681	202155
884	NC_035686	197095
884	NC_035687	197097
884	NC_035688	536627
884	NC_035689	182307
623	NC_035690	182309
914	NC_035691	182322
914	NC_035692	182302
884	NC_035693	182315
884	NC_035694	197086
623	NC_035695	155545
623	NC_035696	184083
623	NC_035697	59679
623	NC_035698	184084
914	NC_035699	182306
884	NC_035700	182312
1062	NC_035701	129297
741	NC_035703	210373
884	NC_035704	194715
1062	NC_035705	107821
914	NC_035706	107827
1063	NC_035707	125053
915	NC_035708	335940
914	NC_035709	182331
244	NC_035710	125047
896	NC_035711	55371
916	NC_035712	167985
1318	NC_035723	574487
1772	NC_035724	45834
1107	NC_035729	201515
1694	NC_035732	1262102
1772	NC_035742	28526
50	NC_035743	2019967
50	NC_035744	75722
1408	NC_035745	431188
272	NC_035750	154761
272	NC_035751	106893
272	NC_035753	183674
1504	NC_035760	1795068
1500	NC_035761	434394
1500	NC_035762	434381
1500	NC_035763	434380
1500	NC_035764	434379
1500	NC_035765	434377
1500	NC_035766	1899344
1508	NC_035767	1582538
1500	NC_035768	434375
1500	NC_035769	434373
1500	NC_035770	1899343
1500	NC_035771	1902834
1500	NC_035772	368665
1500	NC_035773	434370
1500	NC_035774	368664
1500	NC_035775	360843
1500	NC_035776	434368
1500	NC_035777	434367
1500	NC_035778	434366
1333	NC_035829	331189
1333	NC_035830	2025843
1333	NC_035831	1499537
305	NC_035832	1306921
1333	NC_035833	225553
1593	NC_035834	342001
1695	NC_035876	2029165
423	NC_035878	506485
548	NC_035895	125261
182	NC_035896	232788
453	NC_035941	161261
1804	NC_035952	49451
1332	NC_035956	215555
274	NC_035957	99010
1059	NC_035960	91214
139	NC_035961	3747
1059	NC_035965	91216
1059	NC_035966	91217
1059	NC_035967	16719
1334	NC_035968	59052
624	NC_035969	272862
758	NC_035970	261434
1233	NC_035971	2033002
306	NC_035972	81729
1417	NC_035973	80338
157	NC_035988	82311
157	NC_035989	78998
142	NC_035990	84056
612	NC_035995	261425
1418	NC_035996	470286
759	NC_035997	2033023
1162	NC_035998	2016532
606	NC_035999	1035810
389	NC_036000	51459
1064	NC_036002	128609
423	NC_036009	756011
1643	NC_036010	216510
26	NC_036014	29655
1045	NC_036017	496568
901	NC_036019	2039006
1747	NC_036036	76453
105	NC_036040	77070
905	NC_036052	16922
1065	NC_036071	2041126
1629	NC_036072	2041127
1630	NC_036073	210362
1047	NC_036074	2041130
1066	NC_036075	2041131
1234	NC_036076	2041132
1629	NC_036077	2041133
1500	NC_036078	113203
1067	NC_036079	673919
1235	NC_036080	1441989
1066	NC_036082	2041135
1066	NC_036083	2041137
1068	NC_036084	54173
1069	NC_036085	268274
1419	NC_036086	2041112
1419	NC_036087	2041113
1419	NC_036088	2041114
1070	NC_036089	2041116
1419	NC_036090	2041117
1335	NC_036091	2041119
1070	NC_036092	2041120
1419	NC_036093	2041121
1419	NC_036094	2041122
1071	NC_036095	105189
1629	NC_036096	2041123
1500	NC_036097	76578
1072	NC_036098	16430
1631	NC_036100	1245227
1631	NC_036101	1205707
917	NC_036102	200492
423	NC_036105	884146
446	NC_036109	1915067
1236	NC_036110	763953
1163	NC_036111	358661
760	NC_036112	348281
390	NC_036113	318917
388	NC_036114	158147
388	NC_036115	1671114
918	NC_036116	158165
721	NC_036117	1478600
272	NC_036118	2057680
616	NC_036119	1565112
616	NC_036120	1056933
388	NC_036121	2041602
722	NC_036122	1671078
616	NC_036123	416047
388	NC_036124	1718245
919	NC_036125	997066
723	NC_036126	1755048
719	NC_036127	1755046
719	NC_036128	338578
906	NC_036129	1262099
761	NC_036130	1485642
524	NC_036136	555432
275	NC_036151	47091
1237	NC_036154	112799
1040	NC_036221	82271
1040	NC_036222	1049775
1040	NC_036223	82279
1238	NC_036304	1705841
1061	NC_036311	1735385
423	NC_036336	226012
62	NC_036341	58228
1853	NC_036342	141752
608	NC_036350	2051922
1408	NC_036355	117954
1805	NC_036367	126418
883	NC_036368	147045
479	NC_036370	1861770
423	NC_036371	694578
1336	NC_036372	78812
1336	NC_036373	1312023
715	NC_036384	154765
344	NC_036395	2053062
307	NC_036412	3645
1631	NC_036413	1492673
1631	NC_036414	405728
1320	NC_036416	4330
762	NC_036423	32239
525	NC_036485	261450
763	NC_036487	714519
915	NC_036489	251593
1696	NC_036494	2056444
1696	NC_036495	2056445
1696	NC_036496	2056446
1696	NC_036497	2056447
1696	NC_036498	2056448
1696	NC_036499	2056449
1696	NC_036500	2056450
1696	NC_036501	2056451
1696	NC_036502	2056452
1696	NC_036503	3013920
423	NC_036509	754097
423	NC_036510	545888
722	NC_036681	58286
781	NC_036682	1985980
720	NC_036683	38708
724	NC_036684	91508
1748	NC_036685	1704221
195	NC_036686	366476
616	NC_036687	42053
616	NC_036688	1465622
625	NC_036689	29679
919	NC_036690	158105
764	NC_036691	1755061
388	NC_036692	1245316
626	NC_036694	161069
1827	NC_036696	399643
765	NC_036697	1986162
766	NC_036698	1986163
714	NC_036699	65988
720	NC_036700	47452
733	NC_036701	500244
733	NC_036703	500268
716	NC_036704	158163
733	NC_036705	177115
388	NC_036706	649768
454	NC_036707	110909
388	NC_036708	221759
388	NC_036709	110913
616	NC_036710	160593
608	NC_036711	211937
767	NC_036712	158095
1164	NC_036713	211939
345	NC_036714	270102
768	NC_036715	1986161
620	NC_036716	866555
50	NC_036718	75699
219	NC_036723	88034
1772	NC_036733	337188
920	NC_036742	2060075
196	NC_036743	2060074
920	NC_036744	1971661
222	NC_036751	109058
222	NC_036752	3516
222	NC_036753	109063
222	NC_036754	253216
222	NC_036755	109470
222	NC_036756	253218
222	NC_036757	109069
222	NC_036758	109072
346	NC_036759	350427
526	NC_036761	375005
1165	NC_036762	161753
423	NC_036764	103352
728	NC_036813	179660
720	NC_036814	387606
720	NC_036815	146640
720	NC_036816	146659
728	NC_036817	2067800
769	NC_036818	2067801
720	NC_036819	863006
720	NC_036820	387600
728	NC_036821	2067802
720	NC_036822	1531501
728	NC_036823	2067799
720	NC_036824	519258
720	NC_036825	591236
720	NC_036826	2067803
388	NC_036827	309978
881	NC_036828	51020
347	NC_036829	66656
884	NC_036830	4443
391	NC_036835	245822
711	NC_036836	1071398
711	NC_036837	1071399
143	NC_036929	167760
479	NC_036930	103489
921	NC_036932	1642857
709	NC_036934	77588
548	NC_036935	649195
479	NC_036936	1967285
304	NC_036940	452568
479	NC_036941	2029655
1472	NC_036942	1684752
1472	NC_036943	1970665
1881	NC_036958	53081
770	NC_036960	112844
8	NC_036961	1544808
1220	NC_036962	50461
1337	NC_036963	357223
651	NC_036964	352371
1897	NC_036969	29788
1898	NC_036970	254777
605	NC_036973	93036
611	NC_036974	29659
611	NC_036975	89684
1621	NC_036976	137665
527	NC_036977	286986
1411	NC_036978	246360
1805	NC_036979	2057968
1805	NC_036980	2057972
1805	NC_036981	2057969
1805	NC_036982	55183
1805	NC_036983	126540
1805	NC_036984	2057970
1805	NC_036985	495751
1805	NC_036986	2057971
1805	NC_036987	34270
528	NC_036989	1303698
528	NC_036990	1002523
1073	NC_036992	252847
1332	NC_037000	86741
1332	NC_037001	86742
1332	NC_037002	86744
1332	NC_037003	1185392
1332	NC_037004	2732320
1332	NC_037005	114509
1074	NC_037021	1736113
883	NC_037022	2080251
714	NC_037024	666006
714	NC_037025	665494
714	NC_037026	665498
714	NC_037027	665499
714	NC_037028	2081768
714	NC_037029	2835873
714	NC_037030	665519
714	NC_037031	2038769
714	NC_037032	2038770
714	NC_037033	665525
714	NC_037034	2081770
714	NC_037035	2081774
714	NC_037036	2081767
714	NC_037037	1408263
160	NC_037038	1532388
144	NC_037039	192972
144	NC_037040	1352232
388	NC_037077	35708
1509	NC_037079	700924
922	NC_037080	700922
922	NC_037081	326261
1239	NC_037083	192261
713	NC_037084	169987
1420	NC_037087	4563
627	NC_037145	13674
1050	NC_037151	157914
1050	NC_037152	264981
771	NC_037157	110894
388	NC_037158	160581
746	NC_037159	196905
608	NC_037160	37687
616	NC_037161	1245685
301	NC_037162	345916
1221	NC_037163	1227975
721	NC_037164	348265
608	NC_037165	294294
733	NC_037166	59281
720	NC_037167	191680
341	NC_037168	29682
308	NC_037170	146037
1805	NC_037171	490838
923	NC_037176	43168
1631	NC_037184	86148
538	NC_037190	76098
1240	NC_037194	640772
392	NC_037199	166816
144	NC_037209	859524
1241	NC_037212	446036
144	NC_037214	152094
144	NC_037215	1352233
160	NC_037216	152091
144	NC_037217	1352234
50	NC_037223	179741
1696	NC_037226	2029557
1696	NC_037227	2029656
1696	NC_037228	2029556
1696	NC_037229	2029555
1696	NC_037230	353929
1696	NC_037231	2029554
1696	NC_037232	353931
818	NC_037240	88845
344	NC_037242	197122
104	NC_037243	64134
1522	NC_037247	29719
1421	NC_037250	179994
276	NC_037251	124947
1408	NC_037361	906689
1421	NC_037362	587579
479	NC_037389	2100050
772	NC_037392	148910
348	NC_037400	252972
393	NC_037410	210376
86	NC_037411	179731
120	NC_037412	124846
105	NC_037413	351344
105	NC_037414	1085088
105	NC_037416	3691
105	NC_037417	492479
105	NC_037418	295327
105	NC_037419	179740
105	NC_037420	2107771
105	NC_037421	242124
50	NC_037422	75708
50	NC_037423	2107772
50	NC_037424	426352
50	NC_037425	2107773
50	NC_037426	688348
50	NC_037427	1244996
50	NC_037428	891976
50	NC_037429	2107774
818	NC_037432	743510
1687	NC_037438	309532
1830	NC_037440	1462506
1421	NC_037442	201012
1805	NC_037446	38873
924	NC_037447	128017
925	NC_037448	99658
1749	NC_037455	2099405
1696	NC_037456	2099417
1696	NC_037457	1676596
1696	NC_037458	2099428
1696	NC_037459	2099437
1696	NC_037460	353977
1696	NC_037461	3013917
1510	NC_037462	140035
744	NC_037471	371727
884	NC_037472	450940
220	NC_037473	1233953
1213	NC_037475	78190
245	NC_037477	1813010
1324	NC_037482	328402
1750	NC_037485	222567
139	NC_037492	577514
223	NC_037494	45325
394	NC_037495	29766
1473	NC_037506	2138605
394	NC_037514	159960
157	NC_037517	84044
901	NC_037518	408194
608	NC_037519	545886
663	NC_037693	188317
277	NC_037694	66699
1338	NC_037696	2768810
144	NC_037699	84058
1408	NC_037700	257359
1511	NC_037711	48109
878	NC_037714	3832
67	NC_037716	55575
59	NC_037717	357959
529	NC_037718	2043564
514	NC_037719	4414
246	NC_037753	28529
926	NC_037758	1737302
530	NC_037759	261447
1242	NC_037760	208936
1166	NC_037761	162678
1165	NC_037762	183789
531	NC_037763	3850
1166	NC_037764	653049
1166	NC_037766	1954645
1165	NC_037767	228518
1166	NC_037768	162677
315	NC_037784	190245
881	NC_037830	198035
614	NC_037831	33128
532	NC_037832	22694
1825	NC_037838	3730
926	NC_037840	1737301
241	NC_037843	2173159
514	NC_037844	38861
514	NC_037845	54802
442	NC_037852	1533308
104	NC_037881	4396
773	NC_037882	182070
588	NC_037883	1008903
278	NC_037884	1009483
197	NC_037885	208873
1791	NC_037911	43178
1791	NC_037912	89647
1791	NC_037913	35885
628	NC_037940	13413
1512	NC_037948	4392
1075	NC_037950	79612
1485	NC_037951	224736
1075	NC_037952	134526
1422	NC_037953	486689
1049	NC_037955	179998
139	NC_037991	321598
1405	NC_037994	44683
315	NC_038057	252110
1408	NC_038076	154292
1408	NC_038077	142611
1408	NC_038078	1269200
1502	NC_038079	858932
442	NC_038088	2689076
219	NC_038092	2267876
219	NC_038093	2267877
194	NC_038094	226101
194	NC_038095	215070
194	NC_038096	226106
194	NC_038097	226099
194	NC_038098	226102
139	NC_038102	197613
219	NC_038131	2267878
533	NC_038153	2213114
534	NC_038161	83859
1350	NC_038165	38868
534	NC_038170	374966
884	NC_038181	182298
144	NC_038193	59082
1421	NC_038200	520510
1414	NC_038209	2060930
219	NC_039127	139401
219	NC_039128	143389
123	NC_039129	139403
219	NC_039130	78607
758	NC_039133	34193
1793	NC_039155	56992
157	NC_039162	859535
914	NC_039178	194712
881	NC_039371	47742
883	NC_039374	416286
158	NC_039395	375264
1751	NC_039412	1879227
1751	NC_039413	2304587
1751	NC_039414	1097642
1751	NC_039415	1879258
1751	NC_039416	1097620
1751	NC_039417	1670882
1076	NC_039418	1642859
224	NC_039424	44976
25	NC_039426	397392
479	NC_039428	1266318
479	NC_039429	58330
349	NC_039433	46969
141	NC_039436	82319
388	NC_039448	1424547
388	NC_039449	547455
225	NC_039450	1056880
927	NC_039451	1484106
927	NC_039452	714493
1772	NC_039457	113208
1772	NC_039458	304161
388	NC_039459	313900
388	NC_039460	313903
388	NC_039461	151521
719	NC_039462	158149
928	NC_039463	547433
388	NC_039464	313899
1294	NC_039554	665996
741	NC_039555	13493
1294	NC_039556	268844
158	NC_039557	2042888
75	NC_039568	2304166
71	NC_039569	34289
71	NC_039570	34291
629	NC_039575	2304229
158	NC_039597	87676
1751	NC_039598	488919
1751	NC_039599	666133
1751	NC_039600	329777
1751	NC_039601	488922
1751	NC_039602	404689
1751	NC_039603	666132
1874	NC_039604	329803
1874	NC_039605	329779
1751	NC_039606	115666
1751	NC_039607	329772
1751	NC_039608	205524
1751	NC_039609	329765
1751	NC_039610	329798
1751	NC_039611	329760
616	NC_039619	2184936
1243	NC_039621	92927
226	NC_039622	41782
455	NC_039623	640776
883	NC_039624	106572
535	NC_039625	248848
884	NC_039626	674062
1588	NC_039627	146539
1422	NC_039634	1304680
1167	NC_039635	1503374
1422	NC_039636	51255
1422	NC_039637	2306360
1422	NC_039638	486690
884	NC_039645	147926
1772	NC_039651	112879
1632	NC_039654	39358
1339	NC_039661	166818
537	NC_039668	398306
1168	NC_039672	167570
1168	NC_039673	49664
1168	NC_039674	101609
1855	NC_039677	63353
1695	NC_039678	2079031
1340	NC_039679	48537
423	NC_039680	96939
423	NC_039681	345149
423	NC_039682	754098
423	NC_039683	390140
423	NC_039684	2983818
54	NC_039691	167584
1792	NC_039692	40320
1792	NC_039693	165788
1792	NC_039694	113210
1792	NC_039695	241756
139	NC_039704	75067
67	NC_039707	55571
87	NC_039708	35874
1244	NC_039719	48517
774	NC_039720	111108
443	NC_039725	103484
1077	NC_039726	63051
198	NC_039727	1184750
309	NC_039728	63056
445	NC_039729	63060
1169	NC_039730	228586
445	NC_039731	194264
456	NC_039732	1603294
445	NC_039734	63057
317	NC_039740	2316892
536	NC_039743	349366
537	NC_039748	516548
479	NC_039749	167379
442	NC_039760	54711
1695	NC_039761	1279188
1697	NC_039762	1204778
457	NC_039763	1472306
310	NC_039776	580341
1594	NC_039781	608811
423	NC_039782	1239141
423	NC_039783	3605
423	NC_039784	246827
423	NC_039785	153476
423	NC_039786	754104
423	NC_039787	754105
423	NC_039788	1046264
423	NC_039789	228411
423	NC_039790	2448766
423	NC_039791	754102
423	NC_039792	754101
423	NC_039793	103355
423	NC_039794	1051312
423	NC_039795	754099
423	NC_039796	345147
423	NC_039797	1749390
423	NC_039798	1046261
423	NC_039799	2448764
423	NC_039800	754096
423	NC_039801	1046257
423	NC_039802	1046255
423	NC_039803	345145
423	NC_039804	1755456
423	NC_039805	103353
423	NC_039806	1239137
63	NC_039807	394301
59	NC_039808	374971
1318	NC_039815	482283
219	NC_039816	176866
123	NC_039817	2479193
1245	NC_039825	54855
68	NC_039834	55570
67	NC_039835	55572
68	NC_039836	29710
72	NC_039837	55576
64	NC_039838	55578
67	NC_039850	2072995
63	NC_039851	1640672
63	NC_039852	329150
91	NC_039853	2072996
67	NC_039854	2072997
65	NC_039855	167593
65	NC_039856	55580
775	NC_039924	137435
1421	NC_039925	241841
222	NC_039930	3517
929	NC_039932	2051892
538	NC_039933	13258
219	NC_039934	12990
219	NC_039935	12991
219	NC_039936	176857
219	NC_039937	2306214
219	NC_039938	139404
219	NC_039939	176864
840	NC_039941	1185390
310	NC_039943	593754
1246	NC_039952	1906384
651	NC_039953	1906385
15	NC_039954	264409
6	NC_039955	283746
776	NC_039956	1822399
1255	NC_039957	1822400
1255	NC_039958	664052
1423	NC_039959	1822401
1341	NC_039960	1822402
1255	NC_039961	664053
479	NC_039972	2486373
896	NC_039973	165716
606	NC_039976	1035811
729	NC_039983	2486838
714	NC_039984	2486839
395	NC_039985	66646
139	NC_039989	74647
222	NC_039991	109066
220	NC_039992	216994
220	NC_039993	223244
220	NC_039994	78630
220	NC_039995	216989
220	NC_039996	38787
219	NC_039997	176859
219	NC_039998	80751
219	NC_039999	2035532
219	NC_040000	754787
219	NC_040001	176868
720	NC_040002	862990
1421	NC_040009	459165
760	NC_040111	79824
750	NC_040112	106892
539	NC_040113	497687
221	NC_040116	124780
1868	NC_040122	357851
760	NC_040127	1092577
760	NC_040128	977929
760	NC_040129	798276
760	NC_040130	330570
760	NC_040131	883134
129	NC_040141	292912
1245	NC_040164	112568
514	NC_040167	296031
883	NC_040170	106556
1633	NC_040178	4102
1319	NC_040222	35875
630	NC_040223	1126415
1825	NC_040849	3711
700	NC_040851	97750
700	NC_040852	97749
1511	NC_040857	187269
930	NC_040864	1370057
105	NC_040866	118781
105	NC_040867	2501770
105	NC_040868	1393206
105	NC_040869	2501769
105	NC_040870	2501768
105	NC_040871	550460
105	NC_040872	2501767
105	NC_040873	2501766
105	NC_040874	688333
105	NC_040928	3690
105	NC_040929	3696
60	NC_040935	3999
1075	NC_040937	79615
540	NC_040944	138902
105	NC_040953	2040574
840	NC_040954	86739
1186	NC_040958	45187
1410	NC_040959	638627
139	NC_040960	117265
1422	NC_040961	180558
1422	NC_040963	447669
1405	NC_040964	29746
1889	NC_040965	365556
1890	NC_040966	2029437
1319	NC_040972	48666
1513	NC_040978	459592
1513	NC_040979	459584
1424	NC_040980	2517251
1513	NC_040981	459591
1513	NC_040982	2517252
1247	NC_040984	48391
123	NC_040995	2501417
222	NC_040996	253212
139	NC_040997	74648
605	NC_040999	37723
1186	NC_041074	172643
720	NC_041081	699964
1496	NC_041087	4045
1411	NC_041103	1173001
1411	NC_041104	1700993
1772	NC_041110	112863
285	NC_041117	223753
1805	NC_041119	149022
1425	NC_041125	153558
914	NC_041126	1609849
914	NC_041127	85887
914	NC_041128	86865
1078	NC_041129	212706
1054	NC_041130	362732
914	NC_041131	363218
777	NC_041132	153521
914	NC_041133	167990
914	NC_041134	167987
931	NC_041135	167989
932	NC_041136	168115
914	NC_041137	167983
1425	NC_041138	153554
932	NC_041139	85889
628	NC_041163	96568
1825	NC_041167	3712
914	NC_041171	168120
778	NC_041178	13044
1514	NC_041179	78719
1079	NC_041180	428214
1515	NC_041181	210728
1426	NC_041182	214676
1426	NC_041183	492483
1426	NC_041184	2042393
1426	NC_041185	28472
1248	NC_041186	322100
1590	NC_041187	210730
1426	NC_041188	858887
1698	NC_041189	669720
1699	NC_041190	2315981
1890	NC_041191	64595
778	NC_041199	176126
1791	NC_041203	129202
1791	NC_041204	35882
1791	NC_041205	129206
1791	NC_041206	1393931
1791	NC_041207	129207
1791	NC_041208	2518009
139	NC_041209	714646
139	NC_041210	667250
905	NC_041213	161873
514	NC_041238	264924
890	NC_041249	66025
199	NC_041255	2518636
130	NC_041258	714108
247	NC_041271	150983
933	NC_041275	85172
200	NC_041276	122299
1080	NC_041281	49618
183	NC_041306	203094
1876	NC_041309	78826
458	NC_041413	1399668
1427	NC_041419	47082
1170	NC_041432	3735
396	NC_041433	77060
1171	NC_041434	35872
1332	NC_041435	85868
143	NC_041437	28930
344	NC_041438	190243
279	NC_041441	82439
1200	NC_041442	1603844
779	NC_041446	1715883
541	NC_041447	2528289
930	NC_041449	32201
1831	NC_041459	323707
1831	NC_041460	82528
883	NC_041461	309349
1805	NC_041463	56029
542	NC_041465	536149
623	NC_041467	182324
623	NC_041468	182323
623	NC_041469	182310
623	NC_041470	941575
623	NC_041471	941570
623	NC_041472	941573
884	NC_041473	182300
1150	NC_041474	1882389
1150	NC_041475	944281
248	NC_041478	1055743
280	NC_041479	1686258
384	NC_041488	41786
905	NC_041492	2545981
714	NC_041507	2518351
714	NC_041508	665536
623	NC_041509	2545962
914	NC_041510	197077
542	NC_041511	536147
542	NC_041512	536148
542	NC_041513	1189605
542	NC_041514	1276866
542	NC_041515	536150
542	NC_041516	1003621
542	NC_041517	536152
542	NC_041518	536153
542	NC_041519	468866
542	NC_041520	536162
542	NC_041521	536163
542	NC_041522	536165
509	NC_041525	64022
927	NC_041526	387928
934	NC_041527	64045
249	NC_041528	218851
249	NC_041529	46965
1249	NC_041530	93606
459	NC_041532	3449
509	NC_041533	64029
397	NC_041534	37494
350	NC_041535	168836
311	NC_041536	93211
351	NC_041537	3444
398	NC_041538	235900
1081	NC_041539	39106
350	NC_041541	432642
543	NC_041543	64047
352	NC_041544	476039
1772	NC_041551	103871
1772	NC_041552	50514
935	NC_041557	2546637
890	NC_041558	798302
935	NC_041559	2546638
890	NC_041560	2546639
935	NC_041561	1980155
890	NC_041562	1393008
890	NC_041563	883138
890	NC_041564	2546640
890	NC_041565	1056488
890	NC_041566	2546641
935	NC_041567	1433400
890	NC_041568	1980154
890	NC_041569	798304
890	NC_041570	2546642
890	NC_041571	2546643
890	NC_041572	2546644
890	NC_041573	1980159
890	NC_041574	154000
194	NC_041579	226103
442	NC_041580	76119
519	NC_041583	316486
631	NC_041584	316474
1772	NC_041586	2082853
1772	NC_041587	317814
1772	NC_041588	856881
1772	NC_041589	317815
1772	NC_041590	561125
1772	NC_041591	317818
1772	NC_041592	315332
1772	NC_041593	315334
1772	NC_041594	73574
1772	NC_041595	856884
1772	NC_041596	205531
1772	NC_041597	205532
1772	NC_041598	172263
1772	NC_041599	856892
1772	NC_041600	2082851
1772	NC_041601	160510
1772	NC_041602	4108
1772	NC_041603	317820
1772	NC_041604	200525
1772	NC_041605	1050191
1772	NC_041606	172792
1772	NC_041607	172797
1772	NC_041608	1128165
1772	NC_041609	610331
1772	NC_041610	317826
1772	NC_041611	856976
1772	NC_041612	317824
1772	NC_041613	172793
1772	NC_041614	198039
1772	NC_041615	73573
1772	NC_041616	172794
1772	NC_041617	856981
1772	NC_041618	710640
1772	NC_041619	445678
1772	NC_041620	317829
1772	NC_041621	710638
1772	NC_041622	4115
1772	NC_041623	317832
1772	NC_041624	856984
1772	NC_041625	172790
1772	NC_041626	50273
1772	NC_041627	62893
1772	NC_041628	52705
1772	NC_041629	172796
1772	NC_041630	42755
1772	NC_041631	257458
1772	NC_041634	315348
1082	NC_041637	1867291
1405	NC_041648	287721
1250	NC_041649	34190
884	NC_041672	2547459
760	NC_042144	66014
760	NC_042145	106888
888	NC_042146	74614
914	NC_042148	363216
1875	NC_042153	285590
1319	NC_042154	743498
1319	NC_042155	858900
1319	NC_042156	2490641
1319	NC_042157	743505
1319	NC_042158	743511
1319	NC_042159	743513
741	NC_042160	1938265
741	NC_042161	1938269
399	NC_042164	235734
1198	NC_042167	258162
400	NC_042178	300888
388	NC_042187	1043351
388	NC_042188	262758
388	NC_042189	121788
400	NC_042190	183944
883	NC_042192	106567
589	NC_042193	142860
139	NC_042194	74651
1853	NC_042197	141753
1049	NC_042201	180069
1772	NC_042204	112883
775	NC_042223	176135
1342	NC_042225	2568490
780	NC_042227	100521
586	NC_042228	182176
423	NC_042235	714442
423	NC_042236	416091
616	NC_042237	1629762
1083	NC_042238	751591
76	NC_042239	183298
442	NC_042242	99507
914	NC_042252	168120
544	NC_042253	64034
1684	NC_042254	450287
1805	NC_042262	1296280
1805	NC_042265	424909
1832	NC_042269	1471837
1832	NC_042270	126360
1805	NC_042271	166594
1790	NC_042272	84810
1790	NC_042273	85216
1805	NC_042275	2491098
1805	NC_042276	2491099
1805	NC_042277	41398
1805	NC_042278	167908
1832	NC_042279	126564
1805	NC_042280	2563121
1805	NC_042281	1382063
1805	NC_042282	1085342
1832	NC_042283	2491090
1833	NC_042284	2491091
401	NC_042371	49683
1805	NC_042372	1489473
1805	NC_042373	1296274
1805	NC_042374	1489476
1805	NC_042375	2491246
1805	NC_042376	2563118
1805	NC_042377	93977
1805	NC_042384	2491092
1805	NC_042385	2491093
1805	NC_042386	2491094
1832	NC_042387	2491095
1805	NC_042388	2491101
141	NC_042398	63788
144	NC_042399	83802
608	NC_042403	1053335
632	NC_042404	2571015
611	NC_042405	1126022
460	NC_042415	70937
1805	NC_042424	490843
1834	NC_042425	1028355
1835	NC_042426	992666
1805	NC_042427	1081051
1805	NC_042428	549149
936	NC_042444	113205
1805	NC_042446	126361
1805	NC_042447	126363
1805	NC_042448	126403
1805	NC_042449	38872
1805	NC_042450	56040
1805	NC_042451	56032
1805	NC_042452	126421
1805	NC_042453	126426
1834	NC_042454	46072
1805	NC_042455	126541
1805	NC_042456	126542
1805	NC_042457	126543
1805	NC_042458	126547
1805	NC_042459	126548
1805	NC_042460	126553
1805	NC_042461	323693
1805	NC_042462	424906
1805	NC_042463	424914
1805	NC_042464	96521
1805	NC_042465	126558
1805	NC_042466	126561
1836	NC_042467	126566
1805	NC_042468	126368
720	NC_042671	323096
720	NC_042672	323895
611	NC_042673	52139
1332	NC_042680	211003
937	NC_042681	3522
1333	NC_042686	665586
938	NC_042688	714503
1314	NC_042692	77009
1084	NC_042693	587870
893	NC_042700	429560
1827	NC_042701	487927
608	NC_042702	388691
603	NC_042703	211935
608	NC_042704	391966
312	NC_042705	480614
608	NC_042706	125241
611	NC_042707	2703948
301	NC_042708	497292
611	NC_042709	375857
195	NC_042710	366488
603	NC_042711	376115
1516	NC_042713	190543
227	NC_042714	142738
139	NC_042715	321593
139	NC_042716	564016
1339	NC_042726	138327
1700	NC_042727	2495447
740	NC_042735	65978
1075	NC_042739	137004
1210	NC_042743	13573
1210	NC_042744	13419
1210	NC_042745	300218
905	NC_042746	16906
1634	NC_042747	4726
1084	NC_042748	688281
616	NC_042751	1564044
1752	NC_042766	168491
1472	NC_042767	2567862
1805	NC_042782	389174
1805	NC_042783	1539464
1805	NC_042784	2491097
1805	NC_042785	126416
1832	NC_042786	1125365
1035	NC_042789	132711
1035	NC_042790	171959
939	NC_042825	2576058
442	NC_042826	165353
1085	NC_042827	207932
388	NC_042830	751716
935	NC_042831	2528937
940	NC_042832	2528930
941	NC_042833	2528931
388	NC_042834	751642
717	NC_042835	751736
721	NC_042836	1137531
781	NC_042837	2528922
461	NC_042838	160545
388	NC_042839	66004
739	NC_042840	883148
448	NC_042841	56147
448	NC_042842	66812
448	NC_042844	2576623
712	NC_042845	66815
448	NC_042846	66816
460	NC_042848	47084
460	NC_042850	70962
460	NC_042851	70950
460	NC_042852	70938
460	NC_042853	70952
448	NC_042856	66807
782	NC_042858	293749
388	NC_042859	751589
616	NC_042860	751723
616	NC_042861	2576611
616	NC_042862	1697080
616	NC_042863	1844069
723	NC_042864	1245681
616	NC_042865	1914353
616	NC_042867	751732
616	NC_042868	1245684
616	NC_042869	1844070
616	NC_042870	1245682
616	NC_042871	1844071
616	NC_042872	1245680
1318	NC_042874	160690
359	NC_042884	241857
347	NC_042885	1686260
1154	NC_042886	136217
1696	NC_042903	2358325
442	NC_042912	2583372
1696	NC_042914	2358323
1701	NC_042915	2358324
1696	NC_042916	2358313
1428	NC_042917	2358314
1595	NC_042918	353927
1517	NC_042919	2358320
1696	NC_042920	2358327
394	NC_042923	423499
394	NC_042924	423500
394	NC_042925	40796
394	NC_042926	242209
394	NC_042927	369350
394	NC_042928	61222
394	NC_042929	40788
1696	NC_042931	2358316
1891	NC_042932	2358312
1892	NC_042933	545665
1696	NC_042934	2358322
1791	NC_042935	89639
1791	NC_042936	89640
1791	NC_042937	2029529
1791	NC_042938	2575953
1791	NC_042939	2029530
1791	NC_042940	2575954
1791	NC_042941	89660
783	NC_042942	2029531
182	NC_042950	885948
1473	NC_042954	1501482
1429	NC_042955	1501477
7	NC_043774	55496
633	NC_043793	2559493
545	NC_043794	2559494
131	NC_043796	228647
546	NC_043798	2559495
161	NC_043799	40015
633	NC_043803	178107
634	NC_043804	376213
635	NC_043805	216165
402	NC_043806	260119
942	NC_043808	43153
403	NC_043809	672974
462	NC_043811	2559496
1198	NC_043829	659592
608	NC_043837	4601
608	NC_043838	4586
1314	NC_043839	4515
608	NC_043840	4597
608	NC_043841	4588
285	NC_043844	223751
161	NC_043848	98583
443	NC_043857	168161
443	NC_043858	103485
943	NC_043861	165782
1421	NC_043862	155636
1421	NC_043863	2590898
636	NC_043867	1267433
1501	NC_043873	204149
1805	NC_043874	56036
157	NC_043876	79000
50	NC_043878	439901
184	NC_043884	312356
120	NC_043885	2590034
120	NC_043886	312358
720	NC_043891	591210
720	NC_043892	411665
720	NC_043893	1197757
720	NC_043894	863050
396	NC_043896	124850
883	NC_043902	106563
1430	NC_043905	1053618
245	NC_043912	325278
1431	NC_043919	289766
1319	NC_043922	130426
315	NC_043923	93780
315	NC_043924	2171973
741	NC_043925	300536
720	NC_043931	2593287
720	NC_043932	1569451
720	NC_043933	862988
720	NC_043934	146645
720	NC_043935	2593291
720	NC_043936	1676232
720	NC_043937	146649
720	NC_043938	146650
720	NC_043939	146654
720	NC_043940	1676237
720	NC_043941	1676246
720	NC_043942	1676233
720	NC_043943	2593288
720	NC_043944	1676239
720	NC_043945	146646
720	NC_043946	1676253
720	NC_043947	1676250
281	NC_043951	324808
1405	NC_043952	45211
1495	NC_043953	44589
1495	NC_043954	44684
1522	NC_044082	294733
162	NC_044084	459581
182	NC_044085	1799574
139	NC_044094	74645
1086	NC_044100	247892
1087	NC_044105	1603716
161	NC_044106	1679311
20	NC_044108	15000
637	NC_044113	499991
1088	NC_044114	466223
1089	NC_044115	926279
784	NC_044116	132452
8	NC_044117	862910
5	NC_044119	63789
139	NC_044126	128735
1221	NC_044147	4497
1221	NC_044148	1892225
638	NC_044157	146534
1221	NC_044158	146529
1221	NC_044159	83522
1221	NC_044160	223562
1221	NC_044161	146532
1221	NC_044163	366594
1221	NC_044164	398447
611	NC_044165	146535
1837	NC_044166	283873
638	NC_044167	83523
1221	NC_044168	40828
1221	NC_044169	4500
1221	NC_044170	4499
1221	NC_044171	38783
1221	NC_044172	398446
1221	NC_044173	146530
1221	NC_044174	37663
1221	NC_044175	311213
250	NC_044185	1744888
1838	NC_044411	113213
1319	NC_044412	165650
139	NC_044418	654617
50	NC_044419	2511006
105	NC_044462	1550601
228	NC_044467	210143
228	NC_044468	93759
1343	NC_044470	48873
1186	NC_044473	29740
785	NC_044478	193515
756	NC_044479	193518
713	NC_044481	446113
713	NC_044482	1128769
746	NC_044486	77586
720	NC_044487	1552698
728	NC_044488	2067800
1869	NC_044626	59353
160	NC_044628	1768213
160	NC_044629	152095
160	NC_044630	2249442
160	NC_044631	1461640
160	NC_044632	744034
1687	NC_044633	337206
160	NC_044636	152092
534	NC_044637	49668
1870	NC_044644	231484
112	NC_044645	1567550
1319	NC_044666	4681
313	NC_044667	43545
1753	NC_044668	1685549
479	NC_044680	425823
775	NC_044691	1037063
775	NC_044692	2604687
775	NC_044693	176129
775	NC_044694	137457
1319	NC_044709	4683
353	NC_044718	253017
548	NC_044746	199627
548	NC_044747	252870
1344	NC_044761	210943
944	NC_044767	2606559
548	NC_044774	648859
1856	NC_044775	94328
1172	NC_044779	2294062
38	NC_044780	2607986
463	NC_044797	193468
463	NC_044798	37824
464	NC_044801	230031
463	NC_044802	77620
639	NC_044803	193474
945	NC_044805	346429
905	NC_044806	123676
905	NC_044807	604165
946	NC_044808	39326
947	NC_044809	860740
948	NC_044810	60119
905	NC_044811	16905
905	NC_044812	16902
1754	NC_044813	164436
905	NC_044814	60121
251	NC_044815	16903
905	NC_044816	234389
949	NC_044817	367354
640	NC_044818	28501
786	NC_044819	228625
787	NC_044820	4283
788	NC_044821	60120
641	NC_044822	4282
1090	NC_044823	164435
641	NC_044824	164434
905	NC_044825	367350
905	NC_044828	16925
905	NC_044829	52833
905	NC_044831	193494
905	NC_044832	86875
950	NC_044833	108595
404	NC_044834	123682
1091	NC_044835	23101
951	NC_044836	152292
905	NC_044838	228042
642	NC_044839	228060
911	NC_044841	152286
905	NC_044842	860753
952	NC_044843	1623353
905	NC_044844	55377
905	NC_044845	185766
905	NC_044846	16911
220	NC_044852	659875
1755	NC_044862	2038526
608	NC_044900	52714
132	NC_044968	44964
1432	NC_045043	180068
1410	NC_045045	370638
537	NC_045046	180562
391	NC_045047	180073
391	NC_045048	180074
643	NC_045049	626364
847	NC_045050	180067
537	NC_045051	59180
1092	NC_045053	86867
1432	NC_045054	105883
1093	NC_045055	179859
1049	NC_045056	77623
1055	NC_045061	4202
1485	NC_045062	432674
1093	NC_045063	486693
1422	NC_045064	486661
917	NC_045070	858915
367	NC_045071	2479786
514	NC_045072	54801
1245	NC_045077	228395
520	NC_045079	1089943
520	NC_045080	1089944
520	NC_045081	2021205
520	NC_045082	2544925
1473	NC_045083	1408783
1473	NC_045084	2545923
936	NC_045085	1903578
663	NC_045086	1799609
936	NC_045087	586722
1473	NC_045088	70770
314	NC_045096	1691898
1489	NC_045098	1073919
1489	NC_045099	55383
1076	NC_045104	53908
1076	NC_045105	2650787
1076	NC_045106	499992
1489	NC_045113	1341709
1489	NC_045114	2650784
1489	NC_045115	2650783
1635	NC_045117	2650785
1489	NC_045118	2650786
121	NC_045121	318071
789	NC_045126	1608486
442	NC_045182	491196
442	NC_045183	996943
442	NC_045184	99506
1049	NC_045193	2589404
1251	NC_045211	13708
1075	NC_045219	134525
101	NC_045233	2664490
101	NC_045234	2664491
95	NC_045235	1679365
1154	NC_045241	136221
1154	NC_045242	136218
1409	NC_045275	110867
628	NC_045276	54456
1876	NC_045278	53103
1879	NC_045279	53109
281	NC_045280	38862
423	NC_045281	231512
315	NC_045284	197121
219	NC_045287	78632
123	NC_045288	126981
219	NC_045289	126986
219	NC_045290	101193
219	NC_045291	126984
219	NC_045292	13452
710	NC_045294	123564
196	NC_045297	509014
465	NC_045298	20342
252	NC_045299	162940
183	NC_045300	203098
423	NC_045307	2599121
883	NC_045308	106550
953	NC_045309	2675841
953	NC_045310	2675844
953	NC_045311	141003
883	NC_045312	52522
883	NC_045313	52521
883	NC_045314	32219
883	NC_045315	35968
883	NC_045316	52524
883	NC_045317	52529
883	NC_045318	1143211
883	NC_045319	1768849
883	NC_045320	52536
953	NC_045321	141002
953	NC_045322	32231
953	NC_045323	1898940
953	NC_045324	133198
883	NC_045325	36614
1636	NC_045326	2675837
883	NC_045327	2675839
883	NC_045328	2675838
883	NC_045329	2675840
883	NC_045330	36624
883	NC_045331	140999
883	NC_045332	2675834
883	NC_045333	2675835
883	NC_045334	398295
883	NC_045335	193303
883	NC_045336	23211
954	NC_045337	36622
883	NC_045338	2675831
883	NC_045339	690323
883	NC_045340	690309
883	NC_045341	690318
883	NC_045342	1603823
883	NC_045343	2980405
883	NC_045344	661343
1433	NC_045345	1581416
883	NC_045346	589999
1433	NC_045347	1581417
1433	NC_045349	590000
883	NC_045350	2675829
883	NC_045351	2675836
883	NC_045352	661344
883	NC_045353	2675832
883	NC_045354	2675833
883	NC_045355	661349
883	NC_045356	690313
883	NC_045357	690320
883	NC_045358	1248458
883	NC_045359	2675830
1518	NC_045380	446899
790	NC_045384	39529
1519	NC_045385	106464
1519	NC_045386	106463
405	NC_045388	72187
883	NC_045389	106549
883	NC_045390	106567
883	NC_045391	36594
883	NC_045392	36604
883	NC_045393	106557
1793	NC_045394	42754
1793	NC_045395	56993
105	NC_045396	1393200
1702	NC_045398	86642
1756	NC_045400	53038
1434	NC_045402	591961
1628	NC_045405	542673
1407	NC_045406	2678729
883	NC_045409	2654653
883	NC_045410	106547
883	NC_045411	193308
883	NC_045412	661356
883	NC_045413	2109368
883	NC_045414	1826815
883	NC_045415	36610
883	NC_045416	664754
883	NC_045417	1826816
883	NC_045418	2906878
883	NC_045419	193300
883	NC_045420	36618
883	NC_045421	2305213
883	NC_045422	661346
883	NC_045423	193503
883	NC_045424	3095559
606	NC_045519	1035808
818	NC_045520	931182
883	NC_045840	2704055
1853	NC_045842	466243
1345	NC_045843	283479
1346	NC_045844	1491824
1319	NC_045845	743500
1249	NC_045850	1848406
955	NC_045851	1525817
1347	NC_045854	1354200
245	NC_045855	1577577
1408	NC_045856	1354203
393	NC_045859	1085434
163	NC_045860	1461639
160	NC_045861	108543
955	NC_045862	1470429
1154	NC_045863	71610
1158	NC_045865	1202501
608	NC_045871	37730
96	NC_045873	229543
145	NC_045890	2708604
466	NC_045891	1477590
144	NC_045894	279687
185	NC_045895	279663
644	NC_045896	327332
120	NC_045898	179723
713	NC_045907	145669
927	NC_045908	387930
1345	NC_045911	105339
1345	NC_045912	105302
1345	NC_045913	105306
1451	NC_045915	291310
101	NC_045919	1009479
1621	NC_045920	286874
16	NC_045925	349097
18	NC_045926	217073
720	NC_045941	338490
1435	NC_045942	2705373
1408	NC_045945	906698
645	NC_045946	37565
1825	NC_045948	3728
139	NC_046015	2609018
713	NC_046017	180981
1637	NC_046022	2681627
1339	NC_046030	105305
1473	NC_046038	374729
741	NC_046040	413731
1332	NC_046054	86738
1319	NC_046059	165651
1186	NC_046061	2699524
1414	NC_046062	153525
1414	NC_046063	153528
1414	NC_046064	153542
1805	NC_046065	2706573
314	NC_046385	1045248
443	NC_046388	38942
287	NC_046389	714517
517	NC_046390	2594871
517	NC_046391	2594872
547	NC_046392	2594875
534	NC_046393	2594873
547	NC_046394	2594874
1165	NC_046396	49801
1252	NC_046397	65043
1107	NC_046409	41386
721	NC_046413	1878968
888	NC_046414	2714159
1059	NC_046427	91226
930	NC_046428	91225
930	NC_046429	2762697
930	NC_046430	85252
930	NC_046431	210135
1059	NC_046432	91219
1059	NC_046433	91209
282	NC_046434	139932
930	NC_046435	1370056
930	NC_046436	2527819
534	NC_046448	374962
534	NC_046449	374960
534	NC_046450	374967
449	NC_046451	49675
517	NC_046452	83861
183	NC_046453	203103
547	NC_046454	221253
517	NC_046455	374954
547	NC_046456	374957
547	NC_046457	221255
547	NC_046458	49666
534	NC_046459	221258
547	NC_046460	1045496
517	NC_046461	49670
146	NC_046464	82336
160	NC_046472	152090
160	NC_046473	152088
896	NC_046477	165720
1155	NC_046483	99446
616	NC_046489	796860
906	NC_046490	217170
759	NC_046498	81762
896	NC_046507	165201
616	NC_046568	2712858
930	NC_046572	139927
1687	NC_046576	707311
1890	NC_046579	245167
1856	NC_046582	105379
479	NC_046583	2231306
139	NC_046585	75096
720	NC_046587	387589
1094	NC_046599	1112105
1473	NC_046601	1569713
1154	NC_046602	136209
1154	NC_046685	136216
393	NC_046687	112819
628	NC_046692	1127564
608	NC_046696	4491
608	NC_046697	4485
608	NC_046698	77602
884	NC_046699	2547915
791	NC_046700	4013
721	NC_046729	1137516
721	NC_046730	1137538
721	NC_046731	41982
721	NC_046732	1137519
1511	NC_046737	48117
249	NC_046738	1291456
762	NC_046739	393623
1324	NC_046744	2099537
1324	NC_046745	2099541
1348	NC_046746	1226112
1324	NC_046747	2714546
1245	NC_046752	152838
792	NC_046758	210369
1349	NC_046772	2715293
133	NC_046773	44947
1173	NC_046774	52451
883	NC_046777	1826813
1485	NC_046782	237951
619	NC_046783	100515
744	NC_046786	289741
1703	NC_046791	648866
1596	NC_046796	13363
1638	NC_046801	1200765
1744	NC_046802	1127247
428	NC_046803	419410
1886	NC_046805	1200768
1333	NC_046808	111597
1871	NC_046810	431294
1687	NC_046812	309526
1687	NC_046813	1715879
1408	NC_046816	2598666
1520	NC_046817	1035805
1830	NC_046818	413035
1757	NC_046820	59324
1400	NC_046821	1499526
139	NC_046824	74652
406	NC_046829	71251
883	NC_046834	2716537
1350	NC_046835	1441374
1086	NC_046836	556514
704	NC_046837	255348
1224	NC_046838	49212
1890	NC_046842	340444
1436	NC_046844	68535
700	NC_046845	97736
1351	NC_046846	152355
1437	NC_046853	1348741
1597	NC_046854	326839
442	NC_046879	52462
201	NC_046891	1981893
606	NC_046895	1129362
606	NC_046896	2053718
606	NC_046897	1803867
1155	NC_046936	63358
1155	NC_046937	63360
1155	NC_046938	4400
401	NC_046941	152363
367	NC_047059	3897
894	NC_047061	20340
1772	NC_047176	180581
220	NC_047177	312783
1216	NC_047178	33125
1082	NC_047180	1968119
1074	NC_047181	1968120
1082	NC_047182	241935
354	NC_047191	253046
229	NC_047192	1785620
1336	NC_047197	1312024
930	NC_047200	139926
1438	NC_047206	2717847
139	NC_047211	616954
898	NC_047213	512756
901	NC_047214	2718939
226	NC_047215	161272
646	NC_047228	114194
646	NC_047229	649009
479	NC_047230	167386
1042	NC_047236	873451
1087	NC_047237	406422
1806	NC_047245	126910
1511	NC_047246	52570
1684	NC_047247	49511
1857	NC_047248	110723
164	NC_047249	219868
66	NC_047250	1220707
270	NC_047251	339493
956	NC_047281	66093
956	NC_047282	66096
793	NC_047284	396491
442	NC_047287	473995
1155	NC_047288	3020272
397	NC_047292	37494
202	NC_047293	1127172
355	NC_047294	104301
139	NC_047295	74635
914	NC_047297	363217
1414	NC_047298	153537
105	NC_047300	1593301
901	NC_047301	2723580
1439	NC_047302	43522
1521	NC_047310	48131
895	NC_047311	28958
894	NC_047312	162639
957	NC_047313	32256
196	NC_047314	241839
196	NC_047317	162694
196	NC_047320	162690
8	NC_047321	54894
920	NC_047322	327148
920	NC_047323	20679
467	NC_047324	2082043
196	NC_047325	301889
252	NC_047326	1237535
196	NC_047327	162646
465	NC_047328	162898
196	NC_047329	162644
196	NC_047332	162730
196	NC_047333	2806813
958	NC_047334	32252
253	NC_047335	162878
196	NC_047336	162812
367	NC_047338	450042
959	NC_047341	225114
888	NC_047343	74613
920	NC_047345	162734
960	NC_047346	508915
920	NC_047347	1911670
794	NC_047349	149639
196	NC_047351	162923
203	NC_047352	256639
356	NC_047353	539102
196	NC_047355	1358851
961	NC_047356	32244
920	NC_047357	2723574
196	NC_047358	1911668
1352	NC_047359	162883
962	NC_047363	948959
468	NC_047365	43366
956	NC_047369	66094
147	NC_047370	670325
1183	NC_047371	140937
254	NC_047372	140951
795	NC_047373	1608033
963	NC_047375	49825
252	NC_047377	2723577
956	NC_047379	162936
283	NC_047381	2184280
888	NC_047382	206309
196	NC_047385	162836
407	NC_047388	162715
893	NC_047389	458340
1095	NC_047390	2723576
960	NC_047392	53827
134	NC_047393	104316
408	NC_047394	162783
888	NC_047395	149681
408	NC_047396	162669
204	NC_047399	114317
796	NC_047400	948715
1096	NC_047401	2723579
612	NC_047406	261420
1332	NC_047409	86768
542	NC_047413	536166
1059	NC_047415	2725380
1451	NC_047416	265497
139	NC_047418	2725675
1856	NC_047420	105383
442	NC_047428	642897
1414	NC_047429	59680
469	NC_047432	2726370
469	NC_047433	1189609
357	NC_047437	16752
1408	NC_047439	117978
1097	NC_047443	105885
314	NC_047450	200056
1245	NC_047451	267271
1245	NC_047452	272140
1245	NC_047453	108053
1245	NC_047454	317637
619	NC_047458	272863
901	NC_047463	2726726
1598	NC_047469	263974
1704	NC_047470	339321
647	NC_047471	63476
619	NC_047472	272846
161	NC_047473	685943
230	NC_047474	293060
1522	NC_047475	34256
1758	NC_047476	141317
470	NC_047477	296036
443	NC_047481	354624
231	NC_047482	903998
756	NC_047483	193523
1705	NC_047484	389109
1805	NC_047485	389179
401	NC_048451	49681
1332	NC_048453	86754
542	NC_048458	1189608
542	NC_048459	331203
1332	NC_048460	114511
548	NC_048461	125259
700	NC_048462	125263
1485	NC_048464	2719321
139	NC_048474	64942
1523	NC_048478	4189
479	NC_048488	97702
310	NC_048492	100532
1213	NC_048493	50454
471	NC_048498	63053
1805	NC_048503	126554
1805	NC_048504	329231
1154	NC_048505	136224
888	NC_048509	74709
1632	NC_048512	2684401
443	NC_048513	2727858
1772	NC_048514	300354
1807	NC_048515	304153
113	NC_048518	3638
3	NC_048519	55455
472	NC_048524	1501466
205	NC_048889	208863
1332	NC_048958	2735986
1332	NC_048959	2735990
1332	NC_048960	2735985
964	NC_048961	16049
124	NC_048971	78384
1155	NC_048981	366470
1411	NC_048982	300208
1332	NC_048992	101471
1332	NC_048993	152188
1421	NC_048994	210347
1155	NC_048995	64109
1421	NC_048996	201010
628	NC_048997	54454
891	NC_048999	557028
1524	NC_049000	211926
1856	NC_049006	311405
8	NC_049007	616996
8	NC_049008	499988
8	NC_049009	1661389
1253	NC_049016	1678084
549	NC_049017	4707
141	NC_049018	79001
255	NC_049019	59027
549	NC_049020	59099
1440	NC_049021	1355408
647	NC_049022	49657
647	NC_049023	1045147
647	NC_049024	299601
797	NC_049037	478290
797	NC_049038	478332
8	NC_049043	107308
8	NC_049044	450026
8	NC_049045	1237534
8	NC_049046	1353446
8	NC_049047	2739820
8	NC_049048	705301
648	NC_049049	1353464
8	NC_049050	2739821
442	NC_049051	2448746
1378	NC_049052	496671
442	NC_049053	2448748
442	NC_049054	496672
442	NC_049055	1553917
1526	NC_049056	99510
442	NC_049057	496674
1461	NC_049058	2448757
744	NC_049060	298668
744	NC_049061	298670
1499	NC_049062	496702
8	NC_049080	1071187
8	NC_049081	2741211
8	NC_049082	100170
8	NC_049083	108278
8	NC_049084	1071199
1706	NC_049086	83951
1805	NC_049090	178765
1098	NC_049093	1334537
1319	NC_049099	138318
818	NC_049100	70757
1319	NC_049101	743502
1353	NC_049102	165633
965	NC_049103	105307
1354	NC_049104	105308
1343	NC_049105	166822
798	NC_049106	165662
1414	NC_049107	2741634
97	NC_049108	995770
107	NC_049110	271749
409	NC_049111	210380
883	NC_049113	106568
883	NC_049114	2741545
122	NC_049129	145756
744	NC_049131	298664
1899	NC_049137	655494
1900	NC_049138	1313104
1900	NC_049139	1312016
1900	NC_049140	467326
1900	NC_049141	1072386
1900	NC_049142	1312015
1900	NC_049143	2604358
1900	NC_049144	1202985
1900	NC_049145	1217313
1901	NC_049146	2604359
1900	NC_049147	467327
1902	NC_049148	1428772
1900	NC_049149	1312017
608	NC_049153	85679
608	NC_049154	4589
1707	NC_049155	284589
756	NC_049156	193531
206	NC_049157	179843
1174	NC_049158	125022
608	NC_049159	129744
1639	NC_049569	2742969
1254	NC_049574	169068
1255	NC_049575	457778
1256	NC_049576	1366939
1257	NC_049577	457767
1258	NC_049578	359814
1355	NC_049579	537117
1858	NC_049581	457770
165	NC_049582	1799556
1175	NC_049583	586512
550	NC_049584	347880
1219	NC_049585	359818
1356	NC_049586	126270
1212	NC_049587	202778
1839	NC_049588	580998
1212	NC_049589	359865
1259	NC_049590	1248441
1260	NC_049591	571374
1261	NC_049592	1579394
1258	NC_049593	115938
1258	NC_049594	486118
1175	NC_049595	264427
1258	NC_049596	359822
1258	NC_049597	115924
1258	NC_049598	115925
1258	NC_049599	72658
1258	NC_049600	115930
1175	NC_049601	264432
1261	NC_049602	278950
1220	NC_049603	82356
1262	NC_049604	300841
651	NC_049605	416611
1099	NC_049606	416612
1337	NC_049607	50463
1264	NC_049608	71322
651	NC_049610	558123
1825	NC_049611	71338
651	NC_049612	97993
649	NC_049613	97989
1825	NC_049614	220483
1263	NC_049615	228876
651	NC_049617	82288
1264	NC_049618	1400615
6	NC_049619	311912
1220	NC_049620	558138
650	NC_049621	202635
1265	NC_049623	87302
651	NC_049624	980117
1640	NC_049625	983599
651	NC_049626	763965
1242	NC_049627	311941
1261	NC_049628	282596
799	NC_049629	95413
1216	NC_049630	763963
1175	NC_049631	89411
1266	NC_049633	161951
651	NC_049634	98002
1267	NC_049635	1370069
1176	NC_049636	347890
15	NC_049637	536395
1267	NC_049638	1137569
651	NC_049639	167684
15	NC_049640	81980
1825	NC_049641	71350
15	NC_049642	359846
15	NC_049643	302141
1825	NC_049644	664009
1825	NC_049645	664011
15	NC_049646	300830
15	NC_049647	302120
1268	NC_049648	97864
15	NC_049649	1398675
1175	NC_049650	153321
15	NC_049651	302114
1269	NC_049652	1862636
15	NC_049653	1533111
1264	NC_049654	2982282
15	NC_049655	190884
1357	NC_049656	359856
1261	NC_049657	224274
15	NC_049658	169074
6	NC_049659	153659
1216	NC_049660	153338
651	NC_049662	345534
1216	NC_049663	153358
1264	NC_049665	691208
1257	NC_049666	544825
1209	NC_049667	1520945
1270	NC_049668	359859
1358	NC_049669	1400624
1229	NC_049670	478944
1255	NC_049671	313683
1270	NC_049672	391730
1825	NC_049673	581001
15	NC_049674	691214
1263	NC_049675	126278
6	NC_049676	359867
1209	NC_049677	1533221
15	NC_049678	85228
1177	NC_049679	1400636
15	NC_049680	106785
1271	NC_049681	369028
1263	NC_049682	107243
1359	NC_049683	98021
1360	NC_049684	2498596
1825	NC_049685	664029
1209	NC_049686	664034
1825	NC_049687	71234
883	NC_049863	2054446
652	NC_049867	35926
800	NC_049869	100506
800	NC_049870	100505
194	NC_049872	85439
1511	NC_049874	49556
479	NC_049876	103490
443	NC_049877	213178
1186	NC_049883	63058
1405	NC_049884	665685
1361	NC_049885	159372
1405	NC_049886	50309
1405	NC_049887	50314
1405	NC_049888	50323
1405	NC_049889	52501
1825	NC_049891	51350
1154	NC_050035	136220
1154	NC_050036	136213
1154	NC_050037	136223
548	NC_050038	251764
1154	NC_050039	136207
1154	NC_050040	136222
359	NC_050048	479794
801	NC_050051	74656
547	NC_050052	2706224
1224	NC_050053	268933
1882	NC_050054	1046566
883	NC_050059	106566
1059	NC_050065	1141591
1317	NC_050163	184783
700	NC_050165	518704
1840	NC_050169	418041
1807	NC_050204	1050191
1807	NC_050205	875672
1807	NC_050206	2650462
1807	NC_050207	80418
1807	NC_050208	136614
1807	NC_050209	682313
1807	NC_050210	875673
1332	NC_050211	215544
728	NC_050212	1043333
471	NC_050249	1037060
1324	NC_050250	67938
1050	NC_050251	478038
1793	NC_050253	56994
144	NC_050268	82313
157	NC_050269	82327
1056	NC_050270	385014
1461	NC_050292	203717
139	NC_050296	714495
720	NC_050300	1763976
1324	NC_050306	354528
802	NC_050347	1755846
551	NC_050353	2759425
884	NC_050354	1454363
896	NC_050357	165719
628	NC_050371	82930
80	NC_050384	1009475
884	NC_050388	542725
884	NC_050389	648848
1221	NC_050395	146533
611	NC_050402	368345
616	NC_050403	2762469
608	NC_050404	52709
803	NC_050405	388684
803	NC_050406	388675
611	NC_050407	368355
611	NC_050408	330867
611	NC_050409	368395
720	NC_050410	545880
616	NC_050411	795688
616	NC_050412	1620044
616	NC_050413	2071910
616	NC_050414	888266
722	NC_050415	42048
653	NC_050416	29672
301	NC_050417	640611
1414	NC_050645	153531
1414	NC_050646	153530
804	NC_050650	155640
1313	NC_050652	212401
1451	NC_050666	291318
1525	NC_050684	125041
1903	NC_050687	141728
316	NC_050689	215068
1485	NC_050741	1190427
429	NC_050744	1579233
720	NC_050745	338498
720	NC_050746	225828
720	NC_050747	280848
720	NC_050748	871758
720	NC_050749	871764
720	NC_050750	871751
720	NC_050751	573726
720	NC_050752	29671
711	NC_050753	1873511
720	NC_050754	1182954
720	NC_050755	387594
720	NC_050756	338505
720	NC_050757	2737000
720	NC_050758	2736999
720	NC_050759	871754
720	NC_050760	1915233
720	NC_050761	2059500
711	NC_050762	338489
720	NC_050763	280849
720	NC_050764	871752
720	NC_050765	338494
720	NC_050766	318044
720	NC_050767	338519
720	NC_050768	495764
720	NC_050769	338518
720	NC_050770	871744
720	NC_050771	1929884
720	NC_050772	871748
720	NC_050773	1873501
720	NC_050774	318041
720	NC_050775	1763977
720	NC_050776	231030
720	NC_050777	512692
720	NC_050778	1419534
720	NC_050779	105183
720	NC_050780	58168
720	NC_050781	318049
1633	NC_050782	323115
905	NC_050783	1030363
15	NC_050784	253187
1264	NC_050785	537123
1255	NC_050786	253198
1255	NC_050787	253202
1255	NC_050788	253200
1257	NC_050789	663977
1261	NC_050790	359831
1261	NC_050792	763959
1272	NC_050793	97998
15	NC_050794	359838
15	NC_050795	763973
15	NC_050798	369009
1255	NC_050799	253199
15	NC_050800	664031
1264	NC_050801	763984
15	NC_050802	359883
1178	NC_050803	369039
15	NC_050804	369042
1255	NC_050805	359888
15	NC_050806	253186
15	NC_050807	375369
15	NC_050808	2182743
15	NC_050810	375374
1273	NC_050811	744024
1229	NC_050812	375375
15	NC_050813	359836
15	NC_050814	375376
15	NC_050815	375377
15	NC_050816	375378
15	NC_050817	264434
15	NC_050818	375379
15	NC_050819	369044
15	NC_050820	491287
15	NC_050821	594556
15	NC_050822	375382
15	NC_050823	359892
1274	NC_050824	744030
1274	NC_050825	664068
1261	NC_050826	537194
15	NC_050827	234454
15	NC_050828	358676
654	NC_050829	355332
1407	NC_050830	160534
1056	NC_050831	3510
1405	NC_050832	2291122
410	NC_050833	58944
287	NC_050847	142181
655	NC_050853	54806
616	NC_050857	29683
1903	NC_050858	141721
256	NC_050860	90235
256	NC_050861	747378
1407	NC_050865	2771939
1708	NC_050866	120015
1687	NC_050867	309530
1687	NC_050868	1541233
1687	NC_050869	1541226
1881	NC_050870	53071
1881	NC_050871	53094
1150	NC_050872	944284
552	NC_050877	248836
656	NC_050878	248846
1594	NC_050897	1520033
1501	NC_050898	268918
1641	NC_050899	2263212
1607	NC_050900	38869
1224	NC_050901	180675
1594	NC_050902	268885
1709	NC_050917	171296
1472	NC_050920	441205
966	NC_050924	425106
612	NC_050926	82207
359	NC_050927	463880
139	NC_050931	210861
139	NC_050935	637904
805	NC_050936	1570123
914	NC_050937	184572
1313	NC_050940	200641
1410	NC_050941	486677
1711	NC_050943	516070
1642	NC_050944	2774153
1710	NC_050945	1504638
1856	NC_050946	105373
622	NC_050949	354508
895	NC_050951	3824
1382	NC_050952	255891
1702	NC_050953	86643
1382	NC_050954	2652540
1382	NC_050955	577428
1382	NC_050956	2292707
1137	NC_050957	2652455
1137	NC_050958	2652586
479	NC_050963	167434
762	NC_050966	2774609
797	NC_050967	2774627
1050	NC_050971	99292
443	NC_050972	58333
1841	NC_050975	147027
1332	NC_050980	85854
1319	NC_050981	61299
232	NC_050984	1155080
1211	NC_050985	22294
1275	NC_050986	3420
1407	NC_050990	112613
1759	NC_050991	413484
247	NC_051455	122310
1805	NC_051493	205695
81	NC_051502	283121
284	NC_051503	701338
806	NC_051504	1486345
713	NC_051507	113250
807	NC_051508	235913
657	NC_051509	348465
608	NC_051511	445761
1332	NC_051512	2776144
1055	NC_051520	57009
1055	NC_051521	57203
1599	NC_051523	291312
1709	NC_051524	223878
359	NC_051532	309429
1472	NC_051533	2777457
720	NC_051535	387745
1216	NC_051540	153459
139	NC_051543	267264
1160	NC_051544	39347
139	NC_051550	117261
202	NC_051554	2777021
1451	NC_051556	265496
884	NC_051559	479408
473	NC_051560	1603695
1893	NC_051871	487117
967	NC_051876	1653467
102	NC_051877	1930050
1324	NC_051878	1056460
896	NC_051879	165707
896	NC_051880	165711
896	NC_051881	64481
553	NC_051885	47101
748	NC_051887	165712
896	NC_051888	165705
1526	NC_051890	54703
394	NC_051893	29761
968	NC_051895	1679287
968	NC_051896	1358781
808	NC_051897	126737
554	NC_051898	2762684
474	NC_051899	2762685
968	NC_051900	1358782
968	NC_051901	1679288
808	NC_051902	1358783
968	NC_051903	1345223
968	NC_051904	1619366
808	NC_051905	2762686
968	NC_051906	1345225
808	NC_051907	1358790
809	NC_051908	1312777
808	NC_051909	1358792
968	NC_051910	128618
968	NC_051911	1118771
968	NC_051912	2762688
968	NC_051913	128693
968	NC_051914	3076337
968	NC_051915	2762698
968	NC_051916	2762699
658	NC_051917	1358789
883	NC_051947	1826795
103	NC_051949	50236
114	NC_051954	162759
811	NC_051964	665470
50	NC_051969	1508161
12	NC_051970	180123
637	NC_051982	1048768
411	NC_051986	80774
475	NC_051987	61241
317	NC_051988	61243
284	NC_051992	714505
207	NC_052006	544656
358	NC_052007	2763562
1200	NC_052009	301862
34	NC_052014	2173064
1594	NC_052696	204211
38	NC_052697	1218737
1881	NC_052702	299270
460	NC_052706	70945
1245	NC_052724	231486
1325	NC_052727	1354202
164	NC_052728	334483
161	NC_052729	109355
1054	NC_052730	872014
1362	NC_052741	72645
1890	NC_052744	2768323
476	NC_052745	216479
1179	NC_052746	212925
1179	NC_052747	526193
1594	NC_052748	886264
884	NC_052752	296050
810	NC_052768	66652
1441	NC_052769	90549
1805	NC_052770	490842
144	NC_052786	85373
144	NC_052787	1220503
141	NC_052788	525528
166	NC_052789	82324
146	NC_052790	82328
115	NC_052791	82329
144	NC_052792	82330
622	NC_052830	354523
969	NC_052847	238273
484	NC_052848	13055
1405	NC_052849	46385
1050	NC_052853	210357
1904	NC_052854	323665
285	NC_052855	69462
285	NC_052856	1040644
285	NC_052857	690718
285	NC_052858	1767139
285	NC_052859	1040645
412	NC_052860	1853235
318	NC_052861	223762
1409	NC_052863	1043453
164	NC_052867	219892
1050	NC_052875	345800
883	NC_052878	36599
139	NC_052882	57928
547	NC_052909	2770580
970	NC_052910	157659
555	NC_052911	1571642
659	NC_052912	690795
968	NC_052917	1358797
519	NC_052919	316493
219	NC_052921	2058670
148	NC_052923	1234497
477	NC_052924	1559823
1900	NC_053260	1202986
1902	NC_053261	661978
1900	NC_053262	467328
1900	NC_053263	1202987
1900	NC_053264	574894
1900	NC_053265	1312018
1900	NC_053266	1312019
1900	NC_053267	1312020
1407	NC_053268	160532
711	NC_053276	699967
711	NC_053277	110451
811	NC_053278	127571
161	NC_053326	164936
164	NC_053327	260142
1255	NC_053330	2771259
1255	NC_053331	2259843
1255	NC_053332	2771260
15	NC_053334	2771262
1276	NC_053335	2771263
1255	NC_053336	2259845
1264	NC_053337	2771264
1229	NC_053338	2259847
1229	NC_053339	2259848
15	NC_053340	2259849
15	NC_053341	2771265
15	NC_053342	2259850
15	NC_053343	2571312
1274	NC_053344	2771266
15	NC_053345	2771267
15	NC_053346	2771268
15	NC_053347	2771269
15	NC_053348	2771270
15	NC_053349	2764686
143	NC_053352	63422
79	NC_053353	183220
79	NC_053354	1898876
79	NC_053355	1170222
1245	NC_053356	214526
520	NC_053365	14027
446	NC_053369	483871
460	NC_053370	483869
460	NC_053371	70973
1594	NC_053381	1150289
1594	NC_053382	2777459
1277	NC_053524	1522775
1600	NC_053535	1615733
884	NC_053541	542727
1876	NC_053544	53083
50	NC_053549	1413702
139	NC_053550	396743
1760	NC_053551	1088836
1756	NC_053552	752253
1407	NC_053553	160530
1527	NC_053554	40689
606	NC_053555	470571
413	NC_053562	3830
144	NC_053564	109808
1805	NC_053565	424905
352	NC_053570	1277776
884	NC_053610	191082
1405	NC_053618	904034
1054	NC_053619	362713
1711	NC_053620	201510
884	NC_053622	542761
384	NC_053626	268494
85	NC_053627	183267
164	NC_053640	334460
442	NC_053641	2806829
1332	NC_053643	85855
720	NC_053647	591955
1073	NC_053656	336856
612	NC_053687	100525
883	NC_053688	1881092
1761	NC_053691	39388
762	NC_053696	1045296
891	NC_053699	151071
82	NC_053702	3631
282	NC_053704	210133
1501	NC_053706	39271
1643	NC_053707	2849020
1712	NC_053708	587669
1405	NC_053713	2557522
883	NC_053735	106558
1409	NC_053736	213255
1332	NC_053737	86758
226	NC_053741	161262
720	NC_053748	871745
1213	NC_053754	571362
1707	NC_053762	1234228
1442	NC_053764	118357
772	NC_053765	32229
1890	NC_053766	1506269
896	NC_053769	2781649
1691	NC_053771	1017257
286	NC_053773	60426
930	NC_053774	60418
1324	NC_053775	1752150
1324	NC_053776	1056476
1324	NC_053777	2292708
1324	NC_053778	1056473
1324	NC_053779	1500038
1528	NC_053780	419289
1528	NC_053781	2650408
1639	NC_053782	373122
1639	NC_053783	34254
586	NC_053784	203835
149	NC_053785	108868
1644	NC_053792	374723
1473	NC_053793	64093
1689	NC_053818	1177002
249	NC_053820	1886611
1472	NC_053823	291326
744	NC_053824	298665
8	NC_053827	1030150
891	NC_053829	171884
1216	NC_053830	153343
359	NC_053832	100580
359	NC_053833	665979
359	NC_053834	66385
359	NC_053835	1045344
359	NC_053836	182105
359	NC_053837	100541
1100	NC_053838	309312
122	NC_053839	65557
971	NC_053845	2599109
125	NC_053848	50878
1054	NC_053849	3743
1054	NC_053850	221251
139	NC_053856	1608489
1332	NC_053860	86755
1332	NC_053862	573530
1332	NC_053863	2779941
479	NC_053865	1679275
1451	NC_053866	71605
720	NC_053872	2783672
388	NC_053873	38722
471	NC_053879	1817789
1101	NC_053888	948046
1076	NC_053891	100158
1362	NC_053892	681286
637	NC_053893	587866
637	NC_053894	2783717
359	NC_053895	309270
884	NC_053896	147913
1414	NC_053897	153522
556	NC_053899	168121
164	NC_053907	219895
139	NC_053909	2783860
98	NC_053910	1530311
319	NC_053911	1530314
61	NC_053912	217757
98	NC_053913	1530320
51	NC_053914	325761
884	NC_053915	319927
791	NC_053916	690244
782	NC_053922	110874
1414	NC_053928	2803818
478	NC_053931	648870
359	NC_053933	714510
1499	NC_053938	386280
423	NC_053944	239761
320	NC_053952	91113
414	NC_054150	764935
1689	NC_054151	266089
883	NC_054155	416285
223	NC_054162	66654
347	NC_054163	210349
344	NC_054165	1679331
208	NC_054166	2785317
85	NC_054167	1898877
347	NC_054168	2303458
257	NC_054169	2785316
85	NC_054171	1603843
1333	NC_054174	331256
1631	NC_054175	405732
878	NC_054176	157652
1687	NC_054177	1541221
506	NC_054178	190009
1408	NC_054181	161866
144	NC_054182	1220501
1049	NC_054183	1345077
1807	NC_054186	2785320
1332	NC_054188	86766
95	NC_054193	2785437
1713	NC_054196	39321
768	NC_054197	96049
50	NC_054198	2785973
914	NC_054200	167981
479	NC_054203	103480
479	NC_054204	21020
1045	NC_054205	359525
812	NC_054211	983981
382	NC_054212	52150
1277	NC_054213	2896795
713	NC_054217	1056956
442	NC_054219	357850
274	NC_054220	47651
204	NC_054221	114324
1791	NC_054224	4123
140	NC_054233	108881
310	NC_054234	231032
972	NC_054238	1055022
150	NC_054256	53861
1097	NC_054265	180065
1277	NC_054276	190802
927	NC_054280	416983
646	NC_054281	13649
1489	NC_054287	2790325
1594	NC_054294	568210
144	NC_054295	101652
1526	NC_054296	165504
1526	NC_054297	2666434
1451	NC_054307	241844
1714	NC_054308	328098
525	NC_054329	3442
525	NC_054330	261451
1180	NC_054333	1188276
472	NC_054337	1501458
557	NC_054338	2789716
504	NC_054339	344825
558	NC_054340	344853
559	NC_054341	2786967
813	NC_054342	269719
560	NC_054343	45185
561	NC_054344	226284
415	NC_054345	24776
560	NC_054346	1399730
1410	NC_054349	643838
1410	NC_054350	638626
479	NC_054352	157796
1745	NC_054353	2761820
660	NC_054355	1603689
1691	NC_054358	1032936
1526	NC_054360	496675
884	NC_054364	1889603
884	NC_054365	147930
1825	NC_056081	1078589
1825	NC_056082	349956
1825	NC_056083	2730875
1825	NC_056084	2730876
1825	NC_056085	555706
1825	NC_056086	2730856
1825	NC_056087	2730879
1825	NC_056088	1891461
1825	NC_056089	2730877
1825	NC_056090	2593442
1041	NC_056093	114617
1324	NC_056094	2839963
1499	NC_056096	3054486
1485	NC_056104	1127660
314	NC_056110	1691893
1485	NC_056112	237939
562	NC_056133	344826
504	NC_056134	344832
956	NC_056137	66097
967	NC_056139	70606
1715	NC_056141	54211
1645	NC_056142	79772
480	NC_056145	126643
884	NC_056149	542753
917	NC_056151	1323965
814	NC_056165	1921744
720	NC_056166	292582
410	NC_056172	148544
1102	NC_056173	34213
1103	NC_056174	585816
1104	NC_056175	198816
1103	NC_056177	585818
1103	NC_056178	381595
1102	NC_056179	82213
1105	NC_056180	928059
1102	NC_056182	198825
1106	NC_056184	244039
756	NC_056188	48234
1363	NC_056190	192263
1859	NC_056197	38195
1762	NC_056198	1082503
1715	NC_056199	488972
1834	NC_056242	126436
1808	NC_056244	310424
1805	NC_056245	205689
50	NC_056250	2795219
50	NC_056251	77061
50	NC_056252	285592
50	NC_056253	75711
640	NC_056267	366642
258	NC_056268	218100
563	NC_056276	1785687
938	NC_056278	228658
125	NC_056280	286045
1061	NC_056284	1392609
139	NC_056289	714648
1245	NC_056294	317635
1077	NC_056295	210328
1763	NC_056298	473997
1791	NC_056300	89636
510	NC_056312	2753879
1807	NC_056313	2753881
1324	NC_056315	2753884
1489	NC_056316	2753877
182	NC_056317	2753872
1421	NC_056318	2753878
182	NC_056320	2753873
233	NC_056321	2753876
1905	NC_056328	2544932
1473	NC_056337	752527
1181	NC_056338	1938959
936	NC_056339	1620947
936	NC_056340	2749921
423	NC_056345	1046253
423	NC_056346	1046262
423	NC_056347	1306156
423	NC_056348	882115
1150	NC_056353	196574
423	NC_056363	105599
930	NC_056375	1370058
927	NC_056381	666735
647	NC_056390	1045160
1710	NC_056393	516067
1332	NC_056770	85856
139	NC_056798	616968
1173	NC_056802	359507
1045	NC_056803	1392095
775	NC_056804	176132
775	NC_056805	176134
514	NC_056818	349245
514	NC_056819	419115
514	NC_056820	419117
514	NC_056821	349244
514	NC_056822	419119
514	NC_056823	419120
514	NC_056824	419123
514	NC_056825	419124
1318	NC_056826	574486
1318	NC_056827	320368
1318	NC_056828	574488
1318	NC_056829	865864
1318	NC_056830	574491
1318	NC_056831	574493
1318	NC_056832	574494
1318	NC_056833	320322
1318	NC_056834	574500
883	NC_056885	106546
458	NC_056894	83906
1690	NC_056895	495260
720	NC_056904	387602
83	NC_056905	1867932
1881	NC_056912	53090
612	NC_056913	573510
1646	NC_056915	662940
139	NC_056916	1521119
720	NC_056925	863007
762	NC_056926	1429983
342	NC_056927	4511
139	NC_056930	59495
139	NC_056931	75113
139	NC_056934	2761761
139	NC_056935	421244
139	NC_056936	421251
139	NC_056937	1813504
139	NC_056938	2761762
139	NC_056939	421246
139	NC_056940	616972
139	NC_056941	1521120
139	NC_056942	190223
139	NC_056943	75072
139	NC_056944	2761760
139	NC_056945	1521122
139	NC_056946	421253
139	NC_056947	1813505
151	NC_056948	45164
161	NC_056951	1711277
514	NC_056953	419125
1842	NC_056954	1310066
139	NC_056965	59502
535	NC_056967	248837
416	NC_056968	2801065
815	NC_056969	174557
659	NC_056970	690825
555	NC_056971	174534
1443	NC_056973	43879
450	NC_056974	3064095
256	NC_056975	483874
1809	NC_056976	118693
1791	NC_056977	4089
1791	NC_056978	200320
1791	NC_056979	4090
1791	NC_056980	118710
1791	NC_056981	76336
564	NC_056983	344860
1314	NC_056985	4513
1422	NC_056986	447675
1198	NC_056989	1054083
1647	NC_056994	587661
1644	NC_056995	185774
656	NC_056996	248847
1405	NC_056999	2801951
1075	NC_057000	52835
793	NC_057003	29747
39	NC_057049	571348
393	NC_057050	1603848
591	NC_057051	316732
901	NC_057058	255352
901	NC_057059	4309
901	NC_057060	1089404
1842	NC_057062	495256
1050	NC_057063	478036
65	NC_057065	64700
67	NC_057066	4673
59	NC_057067	64477
1054	NC_057076	292385
321	NC_057077	82382
883	NC_057086	510735
1042	NC_057087	3498
179	NC_057090	386443
22	NC_057098	108051
1094	NC_057105	2803976
1094	NC_057106	761861
1799	NC_057118	1006137
1868	NC_057128	357854
1868	NC_057129	357860
442	NC_057130	52491
1868	NC_057131	357849
1868	NC_057132	357846
1868	NC_057133	357853
1868	NC_057134	496664
442	NC_057135	357857
1868	NC_057136	1202429
442	NC_057137	357856
442	NC_057138	265822
442	NC_057139	357845
442	NC_057140	357858
442	NC_057141	357855
139	NC_057144	75085
888	NC_057145	206307
182	NC_057148	2294054
182	NC_057149	2803973
1485	NC_057163	237933
1245	NC_057164	82257
423	NC_057166	103354
1461	NC_057188	1271632
1160	NC_057196	204144
548	NC_057208	1045233
612	NC_057220	1618031
562	NC_057226	1399722
560	NC_057227	2583426
1529	NC_057228	496697
394	NC_057229	1076141
923	NC_057233	210361
1764	NC_057235	361442
139	NC_057236	237596
1765	NC_057238	168488
1751	NC_057245	45839
1834	NC_057246	528268
479	NC_057248	2559504
52	NC_057253	55444
565	NC_057254	573517
196	NC_057262	543392
315	NC_057264	681629
221	NC_057265	133441
1043	NC_057269	440380
1435	NC_057271	2810017
1601	NC_057275	858910
973	NC_057277	2461305
566	NC_057278	185703
816	NC_057279	3926
974	NC_057286	1623361
344	NC_057288	1219515
50	NC_057289	2291161
522	NC_057290	384650
522	NC_057291	2762383
522	NC_057292	171944
359	NC_057293	681501
1472	NC_057296	1136150
1364	NC_057297	86721
1332	NC_057298	86762
1316	NC_057299	85871
259	NC_057309	566045
1182	NC_057310	145231
1634	NC_057311	244035
953	NC_057434	32248
257	NC_057439	197125
1530	NC_057441	691185
1444	NC_057443	1457503
1087	NC_057445	185705
1445	NC_057446	2810186
975	NC_057447	1888364
975	NC_057448	2810187
975	NC_057449	1993611
1183	NC_057450	49817
975	NC_057451	556500
1087	NC_057452	2044327
976	NC_057453	53885
893	NC_057454	471941
1086	NC_057455	53893
1531	NC_057456	62119
1446	NC_057457	3891
413	NC_057458	49834
1532	NC_057459	114995
417	NC_057460	200947
1415	NC_057463	2810618
245	NC_057481	2291152
817	NC_057482	47471
519	NC_057486	316487
1313	NC_057488	212096
201	NC_057494	55483
167	NC_057495	1969800
220	NC_057498	1685987
164	NC_057499	2773787
1805	NC_057502	653727
245	NC_057506	1616486
1627	NC_057508	1699510
1627	NC_057509	39296
1766	NC_057533	1616479
50	NC_057535	1382415
1184	NC_057554	146467
1278	NC_057555	51492
514	NC_057562	210225
514	NC_057563	307976
514	NC_057564	419122
514	NC_057565	126639
260	NC_057566	288675
514	NC_057567	4419
514	NC_057568	247974
715	NC_057571	192627
1319	NC_057572	70754
818	NC_057573	70761
965	NC_057574	74897
1365	NC_057575	74900
977	NC_057576	1234383
819	NC_057577	82225
1648	NC_057578	51450
798	NC_057579	669876
1319	NC_057580	70766
818	NC_057581	669879
1185	NC_057582	1781601
818	NC_057583	138334
1339	NC_057584	105310
978	NC_057585	165640
1378	NC_057586	1331743
883	NC_057587	709982
715	NC_057588	2015193
226	NC_057592	161269
520	NC_057594	115525
713	NC_057595	561305
970	NC_057598	132429
139	NC_057600	1813497
1186	NC_057601	2291175
713	NC_057602	157786
713	NC_057603	115466
1708	NC_057607	1470427
450	NC_057610	390502
700	NC_057615	136225
1407	NC_057616	160526
139	NC_057620	1813488
1649	NC_057623	586111
139	NC_057624	2814614
139	NC_057625	2814615
139	NC_057626	2814610
139	NC_057627	2814616
139	NC_057628	2814612
139	NC_057629	2814617
139	NC_057630	2814611
139	NC_057631	2814613
1366	NC_057637	184983
481	NC_057639	359505
1045	NC_057640	48105
481	NC_057641	948041
1279	NC_057644	2798769
1436	NC_057647	354507
460	NC_057656	78529
441	NC_057657	70966
460	NC_057659	70975
446	NC_057661	70936
519	NC_057663	591100
1447	NC_057677	225334
1645	NC_057678	443373
1843	NC_057679	4142
1650	NC_057680	54229
203	NC_057682	85268
203	NC_057683	76397
1530	NC_057953	1792663
418	NC_057955	4326
884	NC_057956	147911
884	NC_057957	147912
884	NC_057958	2056232
1691	NC_057961	871918
611	NC_057962	4545
1425	NC_057967	153527
347	NC_057978	190246
1758	NC_057986	2816899
1407	NC_057987	934700
1087	NC_057988	714511
1805	NC_057990	178762
905	NC_057991	860750
1643	NC_057994	167917
482	NC_057995	1276815
287	NC_057996	2778426
360	NC_057998	224084
360	NC_057999	885951
360	NC_058000	2778425
50	NC_058001	2768116
287	NC_058012	2219189
287	NC_058013	2203444
470	NC_058018	296042
146	NC_058199	1843188
476	NC_058203	318062
353	NC_058204	252999
1876	NC_058206	53125
1810	NC_058207	315274
1881	NC_058208	451014
1881	NC_058209	53107
1881	NC_058210	53098
1881	NC_058211	296650
1883	NC_058212	451016
88	NC_058214	93770
470	NC_058216	319621
720	NC_058217	871749
1354	NC_058218	743497
1367	NC_058219	88840
1319	NC_058220	743509
1365	NC_058221	165658
612	NC_058226	2810384
612	NC_058227	261427
1279	NC_058233	174249
1280	NC_058237	1670841
1280	NC_058238	2830725
1651	NC_058239	1198337
1280	NC_058240	2830726
883	NC_058241	2834524
148	NC_058245	144149
1443	NC_058247	673035
820	NC_058248	1732551
884	NC_058253	2830874
884	NC_058254	2830873
1250	NC_058266	81733
1332	NC_058268	81865
1332	NC_058269	3407
1332	NC_058270	1172173
1332	NC_058271	86747
1332	NC_058272	86748
105	NC_058277	153471
50	NC_058278	266768
105	NC_058279	3693
139	NC_058280	539895
915	NC_058287	239695
821	NC_058294	49672
57	NC_058295	1768215
567	NC_058296	34186
661	NC_058297	1633990
630	NC_058298	1126413
662	NC_058299	4694
979	NC_058300	254980
822	NC_058302	196900
901	NC_058304	1805963
1407	NC_058307	1432737
1807	NC_058315	180580
960	NC_058316	2614457
629	NC_058317	210355
980	NC_058318	16907
1652	NC_058321	536986
1594	NC_058322	2588548
1594	NC_058323	536997
1594	NC_058324	2835937
1107	NC_058325	167920
1533	NC_058327	751784
1843	NC_058328	662900
1368	NC_058332	41381
1710	NC_058334	2835933
1767	NC_058335	664368
1627	NC_058336	2835938
1653	NC_058525	145947
1281	NC_058526	2039585
249	NC_058527	560554
249	NC_058528	1291450
249	NC_058529	2802631
663	NC_058532	608807
1594	NC_058533	536985
647	NC_058534	703614
981	NC_058536	53863
982	NC_058537	450028
8	NC_058538	2696680
1108	NC_058539	106130
1332	NC_058549	13606
1332	NC_058550	86753
1332	NC_058551	2872307
612	NC_058552	1263484
612	NC_058553	261429
612	NC_058554	261419
612	NC_058555	858346
612	NC_058556	2855384
612	NC_058557	49731
612	NC_058558	34195
612	NC_058559	261412
612	NC_058560	100526
612	NC_058561	1263486
612	NC_058562	557558
612	NC_058563	45371
612	NC_058564	1263488
612	NC_058565	261421
612	NC_058566	261422
612	NC_058567	2259080
612	NC_058568	2259081
612	NC_058569	261403
226	NC_058573	161264
1712	NC_058575	662921
1198	NC_058579	1433308
793	NC_058595	109864
711	NC_058601	29664
823	NC_058615	283125
359	NC_058617	66386
1325	NC_058618	179355
1186	NC_058620	1679378
27	NC_058621	1181297
28	NC_058622	214525
27	NC_058623	187286
1054	NC_058625	1573160
1763	NC_058628	474000
1763	NC_058629	2873938
1173	NC_058630	496572
1045	NC_058631	359519
1317	NC_058633	169980
713	NC_058634	341989
884	NC_058646	147924
1317	NC_058648	13529
450	NC_058649	210416
1687	NC_058650	309527
937	NC_058688	29737
194	NC_058692	226113
1076	NC_058693	2866711
1421	NC_058700	1008927
1422	NC_058732	2875971
1489	NC_058736	276775
538	NC_058739	366669
538	NC_058740	366670
122	NC_058743	1089802
608	NC_058744	445759
603	NC_058745	86021
608	NC_058746	299427
608	NC_058747	81418
608	NC_058748	365587
608	NC_058749	145781
608	NC_058750	145780
26	NC_058751	64905
608	NC_058753	52152
1324	NC_058754	354531
791	NC_058755	261998
1332	NC_058758	2876856
1516	NC_058759	2876857
1602	NC_058762	2818324
1697	NC_058776	2872187
1890	NC_058777	340438
479	NC_058778	1603713
129	NC_058779	50994
608	NC_058787	408158
608	NC_058788	125207
139	NC_058802	674467
139	NC_058803	538576
139	NC_058804	101010
139	NC_058805	538577
139	NC_058806	64941
139	NC_058807	60188
1860	NC_058809	2873722
1716	NC_058810	2762674
1691	NC_058811	1523614
1448	NC_058812	656700
1860	NC_058813	656699
1631	NC_058814	2873720
1691	NC_058815	1130759
1691	NC_058816	656694
1691	NC_058817	49036
1691	NC_058818	2058278
1717	NC_058819	2058280
1691	NC_058820	2873721
423	NC_058821	2877934
1654	NC_058822	3020928
144	NC_058823	714492
148	NC_058825	2859862
352	NC_058830	619227
352	NC_058831	2775422
1881	NC_058832	2878101
1876	NC_058833	78825
1881	NC_058834	53093
220	NC_058835	1685984
1825	NC_058844	1417620
50	NC_058847	2754729
884	NC_058853	542723
884	NC_058854	2857521
1844	NC_058870	665508
1461	NC_058871	3143517
884	NC_058879	544492
884	NC_058880	452973
884	NC_058881	479407
483	NC_058884	553064
900	NC_058887	693372
883	NC_058896	2741994
1187	NC_058897	273621
1332	NC_058900	86765
1332	NC_058901	86764
1332	NC_058902	86759
1332	NC_058903	86756
310	NC_058905	1280243
611	NC_058910	516465
664	NC_058912	100810
1827	NC_058913	65993
1845	NC_058914	523875
288	NC_058916	2804075
608	NC_058918	400237
608	NC_058919	52830
352	NC_058920	1277777
884	NC_058924	1840594
1318	NC_058925	214685
89	NC_058926	4639
1318	NC_058927	228181
1318	NC_058928	1230170
1318	NC_058929	574498
21	NC_058930	94325
1318	NC_058931	574497
1318	NC_058932	52706
1318	NC_058933	648046
1318	NC_058934	574496
1318	NC_058935	2546564
1318	NC_058936	574495
1318	NC_058937	349353
1318	NC_058938	2879105
21	NC_058939	591794
1318	NC_058940	228179
1318	NC_058941	865863
1318	NC_058942	2546563
21	NC_058943	482409
1318	NC_058944	2546562
1318	NC_058945	2563115
1318	NC_058946	574484
21	NC_058947	482298
21	NC_058948	574483
1318	NC_058949	627590
1318	NC_058950	1765309
1318	NC_058951	574478
1318	NC_058952	648045
1318	NC_058953	192045
1318	NC_058954	133197
1318	NC_058955	574480
1318	NC_058956	213591
1318	NC_058957	574479
1318	NC_058958	1765313
801	NC_058959	1068670
801	NC_058960	176125
266	NC_058983	489532
50	NC_058984	2182728
50	NC_058985	1413687
50	NC_058986	1413699
957	NC_058987	185713
472	NC_058988	1501461
1109	NC_058989	38846
824	NC_058993	2880245
157	NC_058994	78999
1324	NC_058995	2306269
1324	NC_058996	1056469
1332	NC_058997	86735
1413	NC_059000	43861
741	NC_059001	1367312
279	NC_059003	1008932
1431	NC_059004	1357590
164	NC_059005	2871446
479	NC_059007	2867532
1489	NC_059021	13345
825	NC_059033	105748
50	NC_059039	349989
164	NC_059040	2884848
164	NC_059041	183809
164	NC_059042	1711133
164	NC_059043	1711173
164	NC_059044	2884841
164	NC_059045	1711211
164	NC_059046	1226037
164	NC_059047	2884842
164	NC_059048	2884843
164	NC_059049	1711365
164	NC_059050	648813
164	NC_059051	2660570
164	NC_059052	183848
164	NC_059053	795992
164	NC_059054	2884844
164	NC_059055	1711585
164	NC_059056	2884845
164	NC_059057	2884846
164	NC_059058	1955439
164	NC_059059	2884847
883	NC_059101	144562
964	NC_059569	152471
361	NC_059684	995753
1245	NC_059685	679627
1245	NC_059686	2762052
1245	NC_059687	146439
1245	NC_059688	634078
1074	NC_059691	2817436
1074	NC_059692	66380
1655	NC_059695	1715882
1655	NC_059696	1499529
320	NC_059698	202985
1313	NC_059699	212079
423	NC_059701	2817680
362	NC_059715	50506
1422	NC_059719	447676
983	NC_059720	367337
781	NC_059726	433866
826	NC_059727	688078
719	NC_059728	2793231
826	NC_059729	2575270
827	NC_059730	48734
828	NC_059731	314390
827	NC_059732	649487
665	NC_059733	2793230
941	NC_059734	58089
828	NC_059735	2793232
827	NC_059736	1312036
826	NC_059737	2093820
827	NC_059738	208273
826	NC_059739	2793233
828	NC_059740	208267
826	NC_059741	270105
828	NC_059742	751662
196	NC_059743	2818403
196	NC_059744	1899098
196	NC_059745	2818402
196	NC_059746	2818401
1714	NC_059747	2491184
1443	NC_059748	357929
720	NC_059750	1537673
720	NC_059751	318043
720	NC_059752	387603
353	NC_059760	253066
1414	NC_059761	153559
122	NC_059767	446348
1594	NC_059786	2801067
209	NC_059787	1009339
1881	NC_059788	53106
1414	NC_059789	153543
1414	NC_059790	2819571
602	NC_059798	1318717
602	NC_059799	1318718
1825	NC_059802	71365
1825	NC_059807	52824
479	NC_059815	2005478
760	NC_059819	2752317
760	NC_059820	2752318
760	NC_059821	2752319
760	NC_059822	79838
760	NC_059823	91512
760	NC_059824	79841
760	NC_059825	1393007
760	NC_059826	1564042
760	NC_059827	2752320
829	NC_059828	2752321
738	NC_059829	1755060
738	NC_059830	2752322
830	NC_059831	2752323
749	NC_059832	2752324
760	NC_059833	2752325
760	NC_059834	330584
760	NC_059835	330568
738	NC_059836	2529014
760	NC_059837	2752326
738	NC_059838	2152738
738	NC_059839	2152740
738	NC_059840	2152742
738	NC_059841	2752327
738	NC_059842	2152743
738	NC_059843	2752329
738	NC_059844	2152747
1718	NC_059849	586110
168	NC_059857	995772
1225	NC_059863	710636
260	NC_059865	58040
720	NC_059867	146642
519	NC_059880	1238147
104	NC_059882	2820668
104	NC_059883	50997
104	NC_059884	2684111
104	NC_059885	2762710
104	NC_059886	50998
104	NC_059887	2820671
104	NC_059888	1692141
104	NC_059889	2820670
104	NC_059890	2820667
135	NC_059891	1322073
104	NC_059892	2820669
359	NC_059898	1127366
1534	NC_059901	110753
1697	NC_059902	2792840
139	NC_059904	321597
139	NC_059905	321600
1188	NC_059906	54240
519	NC_059909	316496
1489	NC_059912	213405
1313	NC_059917	2821797
1150	NC_059918	944285
354	NC_059945	2822275
353	NC_059946	2822276
353	NC_059947	2822277
363	NC_059948	253057
884	NC_059950	2822548
1768	NC_059953	714471
831	NC_059954	37678
608	NC_059955	145782
664	NC_059956	568970
608	NC_059957	2057215
608	NC_059958	382112
664	NC_059959	568985
832	NC_059960	545882
711	NC_059961	29663
664	NC_059962	388729
664	NC_059963	389627
664	NC_059964	336211
603	NC_059965	1793978
608	NC_059966	337259
811	NC_059967	38680
603	NC_059968	200276
603	NC_059969	640591
603	NC_059970	388717
603	NC_059971	388727
603	NC_059972	1440564
603	NC_059973	388724
301	NC_059974	293727
603	NC_059975	1176442
666	NC_059976	2822524
322	NC_059977	375994
608	NC_059978	58937
664	NC_059979	368336
811	NC_059980	665539
611	NC_059981	36899
609	NC_059982	368332
833	NC_059983	1550224
608	NC_059984	417390
388	NC_060289	2029900
50	NC_060294	688336
834	NC_060297	211954
664	NC_060298	1211612
603	NC_060299	388721
1333	NC_060310	1486052
1110	NC_060312	86864
1542	NC_060324	82094
1078	NC_060326	2824821
1719	NC_060331	440931
883	NC_060332	690312
883	NC_060333	2824816
883	NC_060334	2824815
883	NC_060335	690325
883	NC_060336	690327
883	NC_060337	690321
883	NC_060338	690316
139	NC_060339	2282112
364	NC_060342	194508
1769	NC_060347	2824936
1906	NC_060351	371026
514	NC_060360	637490
1282	NC_060362	1627839
234	NC_060363	223760
419	NC_060367	2826952
984	NC_060371	50764
1449	NC_060372	199607
720	NC_060376	2796462
479	NC_060377	2827250
479	NC_060378	167423
479	NC_060379	2029647
479	NC_060380	2231307
479	NC_060381	1266308
1697	NC_060385	946018
716	NC_060389	2770812
616	NC_060390	589495
616	NC_060391	2827266
616	NC_060392	589497
616	NC_060393	2093993
616	NC_060394	589498
616	NC_060395	589500
616	NC_060396	589503
616	NC_060397	121774
616	NC_060398	589504
667	NC_060399	1986451
667	NC_060400	589505
1791	NC_060402	89656
720	NC_060407	338532
1720	NC_060411	58425
479	NC_060413	167407
1535	NC_060426	48103
1536	NC_060427	198841
50	NC_060436	2828845
883	NC_060437	2828831
883	NC_060438	2828832
883	NC_060439	1143220
883	NC_060440	36608
883	NC_060441	1125981
883	NC_060442	2071890
883	NC_060443	2828828
883	NC_060444	143397
883	NC_060445	2828841
883	NC_060446	690338
883	NC_060447	2071426
883	NC_060448	2828846
883	NC_060449	2828842
883	NC_060450	2828840
883	NC_060451	2828837
883	NC_060452	1143218
883	NC_060453	690314
883	NC_060454	1248455
883	NC_060455	690335
883	NC_060456	690308
883	NC_060457	690310
883	NC_060458	690329
883	NC_060459	690317
1501	NC_060460	1224218
1319	NC_060463	2267401
1410	NC_060471	112523
619	NC_060472	100514
1186	NC_060476	1214907
1189	NC_060477	71324
1189	NC_060478	359823
1189	NC_060479	883001
1189	NC_060480	883000
1189	NC_060481	2864041
1320	NC_060493	524983
182	NC_060495	232789
1721	NC_060496	152891
1722	NC_060498	1902268
420	NC_060499	203638
1283	NC_060501	3704
1284	NC_060513	57926
1407	NC_060514	642461
1407	NC_060515	160527
1407	NC_060516	160525
1407	NC_060517	160540
1407	NC_060518	38177
1407	NC_060519	160539
470	NC_060522	296035
1723	NC_060525	179762
1537	NC_060526	78735
1723	NC_060527	179764
1723	NC_060528	1902265
1637	NC_060529	179760
1723	NC_060530	177028
401	NC_060536	714469
143	NC_060545	167764
169	NC_060547	2898755
144	NC_060548	82334
146	NC_060549	859525
144	NC_060550	82316
141	NC_060551	859542
1538	NC_060552	553057
955	NC_060558	2896526
985	NC_060559	1623376
182	NC_060562	2715869
1407	NC_060571	2593397
1407	NC_060572	1286646
1407	NC_060573	1476991
1407	NC_060574	2259616
1407	NC_060575	2315736
1407	NC_060576	1097187
1407	NC_060577	2662338
1407	NC_060578	2315738
1407	NC_060579	2315742
1407	NC_060580	2910305
1407	NC_060581	2315733
1407	NC_060582	2315734
1407	NC_060583	2315743
1410	NC_060585	2881376
164	NC_060587	2904616
1489	NC_060599	2184481
1009	NC_060600	230060
986	NC_060607	174648
986	NC_060608	132459
1369	NC_060613	1497439
1656	NC_060614	1330311
139	NC_060615	75094
139	NC_060616	190232
139	NC_060617	176136
139	NC_060618	411215
289	NC_060629	142721
77	NC_060636	183268
901	NC_060645	123417
797	NC_060646	75079
1881	NC_060650	53076
69	NC_060653	344448
1187	NC_060656	1333928
164	NC_060657	260143
31	NC_060661	139772
606	NC_060662	708432
606	NC_060663	2906516
606	NC_060664	2906000
514	NC_060672	419113
1602	NC_060688	216538
450	NC_060689	626671
266	NC_060698	1616352
139	NC_060699	648851
1409	NC_060700	306286
1489	NC_060702	2884236
1489	NC_060706	648860
1489	NC_060707	1200277
1370	NC_060714	1679393
1370	NC_060715	51089
1370	NC_060716	389498
1332	NC_060724	86757
1332	NC_060725	1200842
56	NC_060727	348285
721	NC_060728	121766
391	NC_060729	59172
143	NC_060731	1531991
105	NC_060732	75703
772	NC_060733	714473
1499	NC_060749	496690
1461	NC_060750	2666235
1770	NC_060751	584745
1499	NC_060752	584763
1461	NC_060753	948492
1499	NC_060754	584762
1499	NC_060755	2583323
1499	NC_060756	2597139
1461	NC_060757	584734
1154	NC_060763	199644
548	NC_060764	110731
1190	NC_060765	110733
1603	NC_060775	268493
1603	NC_060776	657399
884	NC_060777	452971
884	NC_060778	460809
812	NC_060779	2914709
812	NC_060780	2099396
281	NC_060782	1037478
323	NC_060785	1043515
1791	NC_060791	941697
1861	NC_060792	1603722
1791	NC_060793	1580173
283	NC_060799	47141
987	NC_060800	367341
1111	NC_060801	421875
421	NC_060805	329225
957	NC_060810	185975
957	NC_060811	47096
957	NC_060812	516079
1539	NC_060826	256494
182	NC_060829	329675
129	NC_060830	451702
277	NC_060831	64118
129	NC_060832	2913439
1342	NC_060834	1195740
1450	NC_060837	13393
1461	NC_060841	312531
883	NC_060853	1143222
883	NC_060854	690326
883	NC_060855	690337
883	NC_060856	2828844
741	NC_060861	1938282
1220	NC_060863	580365
651	NC_060864	558121
1220	NC_060865	580366
1191	NC_060866	1439934
1313	NC_060875	1792298
835	NC_060991	228517
640	NC_060994	2712842
290	NC_060996	55442
136	NC_060997	319739
136	NC_060998	2035401
136	NC_060999	2498161
136	NC_061000	2498162
136	NC_061001	1046420
201	NC_061002	1046409
136	NC_061003	2675546
136	NC_061004	2498163
201	NC_061005	2865628
400	NC_061006	1530334
1161	NC_061009	2915188
629	NC_061011	2764635
629	NC_061012	2915643
629	NC_061013	2915633
484	NC_061014	2915645
629	NC_061015	2915641
629	NC_061016	1045339
629	NC_061019	858952
484	NC_061020	1045338
484	NC_061021	2054448
629	NC_061023	2856452
1657	NC_061025	160371
629	NC_061026	2915642
568	NC_061028	324804
927	NC_061038	1806195
479	NC_061039	167390
720	NC_061040	1676248
170	NC_061041	1399684
1451	NC_061042	108594
442	NC_061043	496689
608	NC_061050	1497993
884	NC_061051	147928
139	NC_061174	3765
394	NC_061175	3795
450	NC_061178	403832
35	NC_061194	2173066
129	NC_061208	2291116
1811	NC_061213	205582
1489	NC_061215	1200272
1165	NC_061218	3806
17	NC_061221	62340
9	NC_061222	55464
13	NC_061223	62342
23	NC_061224	2884936
1332	NC_061249	86773
1704	NC_061256	1650713
1704	NC_061257	1650721
1723	NC_061258	2917548
139	NC_061263	136998
139	NC_061264	74650
139	NC_061265	57935
139	NC_061266	74646
139	NC_061267	119236
139	NC_061268	127554
139	NC_061269	74631
139	NC_061270	74653
139	NC_061271	74632
789	NC_061272	74628
1218	NC_061285	63678
1825	NC_061286	203570
1268	NC_061287	97872
1192	NC_061288	225681
1276	NC_061289	97860
1270	NC_061290	59289
1285	NC_061291	81991
1542	NC_061292	84533
1540	NC_061299	198286
46	NC_061314	388579
1541	NC_061316	293998
1498	NC_061319	39552
759	NC_061320	4702
194	NC_061321	50874
1643	NC_061322	2849020
1519	NC_061333	2184982
836	NC_061343	2885236
836	NC_061344	2886332
1541	NC_061345	2919637
1329	NC_061346	2919622
338	NC_061348	2516505
1518	NC_061349	2919623
957	NC_061358	2795722
422	NC_061361	1127379
336	NC_061364	482600
336	NC_061365	2922941
336	NC_061366	482604
336	NC_061367	497759
336	NC_061368	2922913
336	NC_061369	2922942
1452	NC_061373	2174814
1089	NC_061375	701532
1805	NC_061378	150409
927	NC_061398	1111685
1451	NC_061403	1238153
314	NC_061410	1691895
883	NC_061549	3750
146	NC_061550	89497
883	NC_061551	2890411
636	NC_061552	1310099
194	NC_061553	1960957
837	NC_061554	82025
194	NC_061555	226100
883	NC_061557	1943541
883	NC_061558	1943543
883	NC_061559	1943556
1542	NC_061561	642903
569	NC_061572	117955
1724	NC_061573	2587348
143	NC_061574	167762
479	NC_061575	2004430
479	NC_061576	2231307
570	NC_061577	167431
570	NC_061578	2005479
570	NC_061579	2943600
570	NC_061580	2547446
570	NC_061581	103487
570	NC_061582	2920904
570	NC_061583	167435
570	NC_061584	1967286
479	NC_061585	2231311
570	NC_061586	167418
570	NC_061587	2294079
479	NC_061588	2005480
443	NC_061589	2838169
570	NC_061590	167438
443	NC_061591	103482
443	NC_061592	167441
479	NC_061593	167421
443	NC_061594	1077959
443	NC_061595	1008930
901	NC_061596	205465
901	NC_061597	123485
884	NC_061599	147920
884	NC_061600	1889602
884	NC_061601	2920868
884	NC_061602	147933
884	NC_061603	147919
571	NC_061607	248839
614	NC_061608	1384122
535	NC_061609	2920504
884	NC_061610	2837496
570	NC_061611	57648
901	NC_061612	458696
570	NC_061613	1077958
443	NC_061614	167424
570	NC_061615	167436
183	NC_061618	203101
183	NC_061619	203102
116	NC_061620	82471
179	NC_061621	2817525
179	NC_061622	203092
116	NC_061623	386442
116	NC_061624	203100
179	NC_061625	386441
713	NC_061651	341990
1054	NC_061660	233715
344	NC_061661	2924066
90	NC_061663	426329
901	NC_061667	994668
1725	NC_061670	2908915
1799	NC_061671	2003742
1887	NC_061673	1737103
423	NC_061674	2021217
423	NC_061675	2316920
423	NC_061676	2021215
423	NC_061677	2021216
423	NC_061678	2021218
442	NC_061684	2689076
1189	NC_061686	2681215
1324	NC_061688	159071
1542	NC_061689	393533
884	NC_061691	1523626
668	NC_061694	909199
235	NC_061695	1002525
194	NC_061700	2919429
261	NC_061701	2919949
194	NC_061702	2919424
194	NC_061703	2919427
194	NC_061704	2919428
1639	NC_061706	354628
423	NC_061710	345093
1799	NC_061711	345143
423	NC_061712	178808
210	NC_061713	345131
423	NC_061714	416114
423	NC_061715	926021
1112	NC_061719	332429
1112	NC_061720	1236435
1112	NC_061722	1236424
1799	NC_061725	149353
423	NC_061726	345092
423	NC_061727	1148074
423	NC_061728	153474
423	NC_061729	345097
423	NC_061730	1046259
423	NC_061731	1147752
423	NC_061732	1046265
423	NC_061733	153477
423	NC_061734	1239142
423	NC_061735	884148
423	NC_061736	1046260
1245	NC_061744	317644
1245	NC_061745	927782
1245	NC_061746	317645
1245	NC_061747	317646
442	NC_061748	49553
1542	NC_061751	2291162
1542	NC_061752	2918732
423	NC_061755	345095
1745	NC_061756	173437
1744	NC_061757	2029078
1745	NC_061758	569774
1744	NC_061759	1795539
1628	NC_061761	126435
1345	NC_061763	2695402
884	NC_061904	2907141
6	NC_061905	651631
1251	NC_061912	2907121
883	NC_061917	141004
352	NC_061927	1277771
1286	NC_061928	112565
1233	NC_061929	112578
222	NC_061930	109060
883	NC_061933	2911580
883	NC_061934	356590
883	NC_061935	106573
1245	NC_061936	317639
221	NC_061938	81864
50	NC_061939	741061
291	NC_061940	1037462
291	NC_061941	2911880
323	NC_061942	1037477
281	NC_061943	1037474
291	NC_061944	1037470
281	NC_061945	2596928
281	NC_061946	1037461
291	NC_061947	1037479
1453	NC_061948	1679355
291	NC_061955	1037471
291	NC_061956	1037464
291	NC_061957	2859591
266	NC_061958	1630190
988	NC_061959	53902
1604	NC_061960	160376
1604	NC_061961	160378
1604	NC_061962	388137
35	NC_061964	2764690
359	NC_061976	326068
1903	NC_061977	1350402
139	NC_061982	267237
139	NC_061983	2836953
139	NC_061984	267246
139	NC_061985	267247
139	NC_061986	1826188
139	NC_061987	648850
1213	NC_062040	537181
1360	NC_062041	2497539
1267	NC_062042	2182713
1287	NC_062043	457821
1285	NC_062044	1898853
1371	NC_062045	354527
1846	NC_062046	2907235
570	NC_062048	1562601
1881	NC_062049	53117
884	NC_062050	2883579
888	NC_062051	74859
895	NC_062052	1621251
1461	NC_062053	1043700
442	NC_062054	2927890
1461	NC_062055	1043698
1461	NC_062056	1078776
1461	NC_062057	2927891
1461	NC_062058	1553919
720	NC_062076	591215
1789	NC_062078	376710
1807	NC_062079	62889
1807	NC_062080	230663
1807	NC_062081	588598
1405	NC_062082	229542
1319	NC_062084	165637
443	NC_062091	67830
443	NC_062092	97698
443	NC_062093	2575577
981	NC_062094	698352
8	NC_062095	499994
8	NC_062096	1353438
8	NC_062097	2916644
8	NC_062098	1353443
669	NC_062126	2871480
900	NC_062127	2291119
651	NC_062128	1940804
1684	NC_062129	1465736
647	NC_062130	1080332
1407	NC_062132	154702
1461	NC_062134	1699809
1454	NC_062142	915270
1658	NC_062145	179761
1541	NC_062146	693567
1519	NC_062147	693564
1519	NC_062148	112807
1541	NC_062149	693571
1541	NC_062150	693558
1519	NC_062151	561567
1519	NC_062152	2899112
1519	NC_062153	2899111
1541	NC_062154	693559
1204	NC_062155	1729104
424	NC_062156	207523
720	NC_062168	2690399
720	NC_062169	2922281
883	NC_062299	3752
573	NC_062306	345215
485	NC_062307	1620155
486	NC_062308	344769
292	NC_062309	1399689
989	NC_062310	378933
458	NC_062311	1037061
528	NC_062312	1399662
487	NC_062313	2306688
487	NC_062314	2306687
487	NC_062315	2306686
487	NC_062316	2928714
487	NC_062317	1679352
487	NC_062318	1463642
487	NC_062319	2928713
487	NC_062320	2928711
487	NC_062321	1679334
487	NC_062322	1399713
487	NC_062323	1399712
487	NC_062324	2306685
883	NC_062332	36606
883	NC_062333	1143241
883	NC_062334	470517
883	NC_062335	2654668
883	NC_062336	2873988
883	NC_062337	294377
883	NC_062338	193310
883	NC_062339	2873989
883	NC_062340	691235
883	NC_062341	1826799
883	NC_062342	691240
883	NC_062343	193309
953	NC_062344	36600
883	NC_062345	510738
883	NC_062346	36593
883	NC_062347	298643
883	NC_062348	141206
883	NC_062349	106553
883	NC_062350	106562
1831	NC_062351	126618
609	NC_062353	1176375
1696	NC_062357	354051
647	NC_062359	299599
1530	NC_062363	317978
442	NC_062364	325716
1543	NC_062365	489428
442	NC_062366	424412
442	NC_062367	318024
442	NC_062368	327895
1496	NC_062369	1631202
442	NC_062370	423297
1496	NC_062371	2904614
442	NC_062372	460985
388	NC_062405	285846
1319	NC_062406	1476995
186	NC_062410	2739290
485	NC_062411	2590076
1196	NC_062412	2928710
139	NC_062414	714495
421	NC_062415	133206
1707	NC_062416	60087
139	NC_062417	70741
471	NC_062418	236733
1751	NC_062419	1380596
1807	NC_062424	45835
1807	NC_062425	2802709
1812	NC_062426	744099
1812	NC_062427	329788
1807	NC_062428	205568
883	NC_062432	36597
394	NC_062439	2839955
476	NC_062451	212301
700	NC_062457	435946
1762	NC_062458	859317
953	NC_062461	714504
139	NC_062462	1608491
1496	NC_062465	2054556
1771	NC_062468	2598637
1807	NC_062469	115652
1807	NC_062470	205589
1807	NC_062471	2802715
1807	NC_062472	1807840
1813	NC_062474	1442340
1807	NC_062475	2802717
1807	NC_062476	115671
1807	NC_062477	2802713
1771	NC_062478	2598634
1812	NC_062479	2801129
1807	NC_062480	1807835
1807	NC_062481	1807836
1807	NC_062482	2802714
1807	NC_062483	795974
1877	NC_062484	744126
1813	NC_062485	743523
1813	NC_062486	115668
1813	NC_062487	401002
1813	NC_062488	2802710
1813	NC_062489	1442337
1813	NC_062490	1821617
1813	NC_062491	2802711
1813	NC_062493	2802712
1794	NC_062494	1442338
1813	NC_062496	2802705
1812	NC_062497	329770
1814	NC_062498	2802704
1813	NC_062499	2802706
1812	NC_062501	329778
1813	NC_062502	856977
1813	NC_062503	2598627
1813	NC_062504	856885
1813	NC_062506	315336
1812	NC_062507	744061
1813	NC_062509	205537
1813	NC_062510	795972
1813	NC_062511	856893
1772	NC_062512	421232
1813	NC_062513	2802702
1813	NC_062514	2802700
1813	NC_062515	1807819
1813	NC_062516	265389
1813	NC_062517	2801085
171	NC_062580	82320
1627	NC_062584	39296
838	NC_062585	65559
139	NC_062593	64940
1041	NC_062594	34205
1113	NC_062595	35876
1588	NC_062597	146538
78	NC_062601	2930052
1759	NC_062602	204215
651	NC_062607	1049919
1332	NC_062609	1010622
256	NC_062618	2079768
1900	NC_062619	2785155
191	NC_062635	73751
1332	NC_062641	215550
1332	NC_062642	2932771
1332	NC_062643	86763
1332	NC_062646	1507420
1332	NC_062647	86719
1332	NC_062648	2932768
1332	NC_062649	2932770
1332	NC_062650	2932769
1332	NC_062651	128258
1332	NC_062652	86760
1332	NC_062653	86767
1332	NC_062654	86769
1332	NC_062655	85872
1332	NC_062656	215548
139	NC_062657	1133298
670	NC_062666	105757
1718	NC_062667	157517
957	NC_062690	1505188
988	NC_062691	54882
1813	NC_062693	109975
612	NC_062699	1398552
901	NC_062701	1089399
901	NC_062702	749924
901	NC_062703	349479
990	NC_062704	749925
1687	NC_062706	1470415
1687	NC_062707	309533
720	NC_062708	2925815
883	NC_062714	1826803
1813	NC_062717	73572
1813	NC_062718	608812
1405	NC_062719	2708237
1405	NC_062720	2932491
1405	NC_062721	265764
1405	NC_062722	2291123
1405	NC_062723	265763
1319	NC_062794	931133
1042	NC_062795	249543
1408	NC_062796	1225685
1433	NC_062797	691223
883	NC_062799	1143234
883	NC_062800	691224
15	NC_062802	1366957
107	NC_062804	2516474
107	NC_062805	1137046
107	NC_062806	271750
107	NC_062807	271748
107	NC_062808	198761
1199	NC_062809	401011
839	NC_062810	1157646
65	NC_062811	304170
65	NC_062812	2874743
65	NC_062813	167585
67	NC_062814	2874744
671	NC_062823	216493
1114	NC_062825	2056022
117	NC_062826	216487
476	NC_062827	318061
425	NC_062828	212310
671	NC_062829	212879
671	NC_062830	212889
572	NC_062831	212964
139	NC_062835	538578
139	NC_062836	538579
139	NC_062837	101011
818	NC_062841	743504
360	NC_062858	2918710
1813	NC_062862	879925
1813	NC_062863	205521
1874	NC_062864	1879233
1812	NC_062865	2802699
1812	NC_062866	744050
1813	NC_062867	205527
1812	NC_062868	1097622
1815	NC_062869	2801089
1813	NC_062870	561126
1813	NC_062871	2802701
1813	NC_062872	2598619
1813	NC_062873	1807820
1816	NC_062874	1807821
818	NC_062881	165645
672	NC_062882	193519
720	NC_062890	146662
1332	NC_062891	85861
1332	NC_062892	111575
1332	NC_062893	86723
1332	NC_062894	86727
1316	NC_062895	2933203
1332	NC_062896	111569
1332	NC_062897	111568
1316	NC_062898	111566
1316	NC_062899	111573
1332	NC_062900	85857
1316	NC_062901	111572
1332	NC_062902	111574
1332	NC_062903	111567
1332	NC_062904	211005
1332	NC_062905	2933199
1332	NC_062906	2933202
1332	NC_062908	2933205
1332	NC_062909	2933198
1332	NC_062910	480420
1332	NC_062911	2933201
1332	NC_062912	2933200
1332	NC_062913	86732
1332	NC_062914	86751
1332	NC_062915	2933204
1332	NC_062916	86743
1332	NC_062917	1010628
1332	NC_062918	215546
1332	NC_062919	152192
1332	NC_062920	86734
1316	NC_062921	85867
1316	NC_062922	85860
1332	NC_062923	152185
1332	NC_062924	2933196
1332	NC_062925	86736
840	NC_062926	54733
1332	NC_062927	86731
1332	NC_062928	86729
1332	NC_062929	86779
1316	NC_062930	3412
1316	NC_062931	85866
1332	NC_062932	85863
1332	NC_062933	3410
1332	NC_062934	349509
1332	NC_062935	86728
1332	NC_062936	49502
840	NC_062937	86724
1332	NC_062938	216503
1332	NC_062939	116762
1332	NC_062940	87892
1332	NC_062941	215539
1332	NC_062942	86772
1844	NC_062946	492770
720	NC_062947	666013
714	NC_062948	2835875
811	NC_062949	408128
714	NC_062950	2835856
714	NC_062951	665507
811	NC_062952	2835878
811	NC_062953	665527
714	NC_062954	399722
811	NC_062955	665533
714	NC_062956	666011
714	NC_062957	2835882
714	NC_062958	29707
811	NC_062959	665492
1853	NC_062961	1700957
883	NC_063083	661342
1332	NC_063084	2485912
1332	NC_063085	2604425
469	NC_063087	327326
720	NC_063090	871750
1442	NC_063094	184576
1421	NC_063108	201017
1488	NC_063109	145711
1813	NC_063110	258457
1442	NC_063113	1874273
50	NC_063129	1510605
720	NC_063131	1041515
720	NC_063132	1041516
720	NC_063133	2768324
720	NC_063134	39435
720	NC_063135	1873521
720	NC_063148	2937280
122	NC_063266	108542
122	NC_063267	82388
1162	NC_063301	180152
1245	NC_063302	644807
991	NC_063303	698354
8	NC_063304	3085985
137	NC_063305	44951
70	NC_063306	2861339
137	NC_063307	2861341
137	NC_063308	2725876
137	NC_063309	44970
137	NC_063310	44971
137	NC_063311	2861342
137	NC_063312	44972
137	NC_063313	2861343
137	NC_063314	2861340
426	NC_063316	2291178
1825	NC_063319	308317
1707	NC_063326	1043439
1707	NC_063327	1052173
1805	NC_063328	880141
1765	NC_063329	714454
1409	NC_063330	213406
570	NC_063459	167400
616	NC_063471	1245295
1605	NC_063474	32240
458	NC_063477	2836439
1193	NC_063478	1277752
1193	NC_063479	457880
270	NC_063480	47052
1193	NC_063481	2873416
1193	NC_063482	2873417
1193	NC_063483	2873418
1193	NC_063484	2873419
1193	NC_063485	2873420
1194	NC_063486	2873421
1193	NC_063487	2873422
1193	NC_063488	90195
1193	NC_063489	90199
1193	NC_063490	2873425
1193	NC_063491	668558
720	NC_063504	591231
50	NC_063506	2878181
50	NC_063507	2878160
1594	NC_063508	1548292
1594	NC_063509	1237723
1408	NC_063511	234053
314	NC_063512	1406249
314	NC_063513	2878119
846	NC_063514	2870464
1045	NC_063520	270183
1372	NC_063521	2651896
927	NC_063528	470566
1373	NC_063529	174168
608	NC_063547	2887183
1691	NC_063548	1562175
458	NC_063549	540248
144	NC_063553	61236
1372	NC_063554	225833
1245	NC_063555	317647
1245	NC_063556	1306909
1245	NC_063557	928062
673	NC_063558	475396
144	NC_063560	4690
1245	NC_063563	317641
1073	NC_063565	110735
883	NC_063569	691237
1374	NC_063570	241838
1288	NC_063572	1848211
884	NC_063576	2893994
1765	NC_063579	168497
469	NC_063587	256364
1659	NC_063590	1303700
359	NC_063593	2942962
32	NC_063594	2173067
30	NC_063595	2764601
139	NC_063615	2916457
586	NC_063623	32189
586	NC_063624	2495490
823	NC_063630	300998
1853	NC_063635	194500
1473	NC_063636	725107
1473	NC_063637	725108
1853	NC_063638	2938337
1853	NC_063639	194501
1853	NC_063640	194506
1853	NC_063641	194507
1853	NC_063642	194511
1853	NC_063643	194512
1853	NC_063651	194504
1853	NC_063652	194505
1862	NC_063653	194510
1853	NC_063654	2938349
1853	NC_063655	194513
1853	NC_063656	2938347
1853	NC_063657	2267673
1707	NC_063658	170349
1853	NC_063659	2306205
320	NC_063662	2930424
178	NC_063671	124772
1726	NC_063679	438425
1756	NC_063680	1088831
1289	NC_063681	442462
1817	NC_063682	2939309
992	NC_063683	2807156
925	NC_063685	557061
1522	NC_063687	1164941
450	NC_063688	1844621
993	NC_063696	2048265
1290	NC_063697	698833
720	NC_063702	862986
571	NC_063713	74823
529	NC_063732	2529468
514	NC_063733	2939662
260	NC_063734	518624
514	NC_063735	2939656
1061	NC_063738	1392585
1115	NC_063739	28490
1116	NC_063740	942061
1111	NC_063741	2940311
1117	NC_063742	1241138
1061	NC_063743	94282
1773	NC_063744	649672
423	NC_063746	239086
279	NC_063747	197127
257	NC_063748	2871440
279	NC_063749	2871442
279	NC_063750	2941023
841	NC_063819	452763
1455	NC_063820	452765
1436	NC_063821	714465
841	NC_063822	452797
1456	NC_063823	452773
842	NC_063824	452800
427	NC_063827	2933812
38	NC_063831	13306
843	NC_063832	690556
1195	NC_063833	1428766
245	NC_063834	1568982
245	NC_063835	2708851
720	NC_063836	281079
994	NC_063837	367357
442	NC_063838	239650
442	NC_063839	943332
1378	NC_063840	239670
1499	NC_063842	2448749
442	NC_063843	496673
442	NC_063844	2448752
442	NC_063845	496670
178	NC_063850	1202800
138	NC_063900	2943344
957	NC_063901	1424752
720	NC_063907	2943534
1041	NC_063915	1701871
1041	NC_063916	1037020
1041	NC_063917	1701873
1041	NC_063918	995796
1041	NC_063919	2943444
1041	NC_063920	1701880
1041	NC_063921	1273554
1041	NC_063922	995810
1059	NC_063924	212655
570	NC_063927	425828
1544	NC_063928	429696
1407	NC_063952	160531
1118	NC_063957	63068
926	NC_063958	1357738
1186	NC_063959	1357739
608	NC_063960	220462
608	NC_063961	183794
1894	NC_063965	227498
1050	NC_064013	323922
1050	NC_064014	2945686
1050	NC_064015	323961
1050	NC_064016	73716
570	NC_064055	115717
1687	NC_064068	1541220
469	NC_064069	2945669
428	NC_064070	2945670
1744	NC_064071	2497344
1744	NC_064072	2761835
1119	NC_064073	149376
1119	NC_064074	2945652
1119	NC_064075	2945653
1119	NC_064076	2945654
1119	NC_064077	323975
1119	NC_064078	2945636
1119	NC_064079	2945657
1119	NC_064080	2945658
1120	NC_064081	323970
1119	NC_064082	2945637
1119	NC_064083	2945638
1119	NC_064084	2945639
1119	NC_064085	2945640
1119	NC_064086	2945660
1050	NC_064087	2945661
1119	NC_064088	323963
1119	NC_064089	2945641
1119	NC_064090	2945644
1119	NC_064091	2945664
1119	NC_064092	2945646
1119	NC_064093	2945647
1119	NC_064094	323973
1119	NC_064095	2945648
1119	NC_064096	323964
1119	NC_064097	323965
1119	NC_064098	323968
1120	NC_064099	323969
1121	NC_064100	2945650
1122	NC_064101	456994
1119	NC_064102	323971
287	NC_064103	1898922
1473	NC_064104	2867398
1660	NC_064114	763061
1727	NC_064115	1795517
1774	NC_064116	78780
1606	NC_064117	2946714
220	NC_064119	361422
220	NC_064120	216992
220	NC_064121	253224
220	NC_064122	216993
1339	NC_064123	74902
1767	NC_064126	167922
1594	NC_064128	260603
139	NC_064142	1521127
139	NC_064143	2949407
1881	NC_064145	136296
844	NC_064146	192626
59	NC_064147	82245
1890	NC_064148	152423
1089	NC_064210	2935096
645	NC_064319	405848
442	NC_064322	2949714
1409	NC_064345	167892
1169	NC_064346	3485
1499	NC_064347	2689579
1545	NC_064348	239676
1545	NC_064349	165484
1536	NC_064350	2743091
1545	NC_064351	2689580
1546	NC_064352	496663
442	NC_064353	3151635
1761	NC_064357	2950380
1761	NC_064358	2072606
1075	NC_064360	79608
256	NC_064361	671262
1405	NC_064364	105886
1165	NC_064365	1227988
537	NC_064366	180066
1422	NC_064373	486670
122	NC_064374	108357
651	NC_064375	2870829
1473	NC_064388	374685
927	NC_064389	2291097
1076	NC_064393	1993845
926	NC_064394	233204
525	NC_064406	261449
48	NC_064407	2822968
673	NC_064501	2928439
1086	NC_064509	2952119
1123	NC_064517	2518015
1089	NC_064519	2044320
1123	NC_064522	2952126
1457	NC_064524	2952127
1086	NC_064525	2044319
720	NC_064526	387746
542	NC_064528	536151
1291	NC_064686	214053
347	NC_064728	117662
284	NC_064734	409520
471	NC_064735	1184762
989	NC_064736	1748861
1659	NC_064737	1303705
1659	NC_064738	1399671
1659	NC_064739	647264
1659	NC_064740	1303704
262	NC_064741	226091
1661	NC_064742	1312523
573	NC_064743	1399693
573	NC_064744	1586306
488	NC_064746	1475415
1659	NC_064747	194269
1458	NC_064748	471947
488	NC_064749	2306682
187	NC_064750	2306683
489	NC_064751	2807117
1124	NC_064932	2573088
1125	NC_064934	1399704
1547	NC_064935	1399705
564	NC_064936	1586311
564	NC_064937	2792736
490	NC_064938	1399744
488	NC_064939	1399750
491	NC_064940	681502
488	NC_064941	194275
564	NC_064942	1399752
564	NC_064943	2792734
1250	NC_064967	1249515
1196	NC_064968	2952661
1196	NC_064969	471946
1196	NC_064970	2952663
564	NC_064971	3089690
564	NC_064972	2952676
564	NC_064973	2952671
564	NC_064974	2952670
1863	NC_064975	2952668
564	NC_064976	2952667
1662	NC_064977	2952666
564	NC_064978	2952669
1196	NC_064980	2952662
1541	NC_064985	106478
845	NC_064989	1642874
172	NC_064992	199392
50	NC_064995	2768819
1451	NC_064996	640501
1663	NC_065000	116758
1663	NC_065002	264812
519	NC_065003	591090
519	NC_065004	2994949
631	NC_065005	2865926
519	NC_065006	316489
519	NC_065007	264813
519	NC_065008	1161167
118	NC_065009	909202
314	NC_065014	2489288
279	NC_065015	1663035
188	NC_065017	2952650
293	NC_065023	47064
1150	NC_065037	196573
1251	NC_065038	169607
285	NC_065040	1472648
285	NC_065041	1767999
304	NC_065042	314115
285	NC_065043	871265
173	NC_065044	223757
211	NC_065045	1768000
211	NC_065046	223759
263	NC_065047	870953
324	NC_065048	2953578
603	NC_065056	3105834
405	NC_065057	56851
67	NC_065059	323663
1685	NC_065098	1586319
139	NC_065110	1608497
178	NC_065114	124776
178	NC_065115	2959427
178	NC_065116	1652689
189	NC_065117	124775
618	NC_065118	432243
1414	NC_065123	153547
1414	NC_065124	2959384
1414	NC_065125	2959381
1414	NC_065126	153556
1414	NC_065127	2959383
1414	NC_065128	107837
1425	NC_065129	1129724
1414	NC_065130	2959385
1414	NC_065131	13700
122	NC_065137	1515097
888	NC_065140	2817249
888	NC_065141	46348
888	NC_065142	2817250
888	NC_065143	2817251
888	NC_065144	2817252
888	NC_065145	2755596
651	NC_065146	1932008
574	NC_065151	664072
1264	NC_065152	663980
1177	NC_065153	763974
15	NC_065154	2283222
164	NC_065156	2930419
914	NC_065157	2855412
700	NC_065159	765959
1541	NC_065162	1174930
1541	NC_065163	1908752
1519	NC_065164	1904285
1541	NC_065165	294107
1541	NC_065166	1904287
1541	NC_065167	294074
1541	NC_065168	49883
1541	NC_065169	1842919
1541	NC_065170	294090
1541	NC_065171	561112
1541	NC_065172	1908566
1541	NC_065173	294037
1541	NC_065174	2014383
1541	NC_065175	294041
1541	NC_065176	106488
1541	NC_065177	622462
1548	NC_065178	294048
1541	NC_065179	294049
1541	NC_065180	1908571
1541	NC_065181	49880
1541	NC_065182	588394
1549	NC_065183	2937323
1541	NC_065184	588393
1541	NC_065185	294063
1541	NC_065186	49535
1541	NC_065187	294078
1541	NC_065188	405633
1541	NC_065189	1908594
1541	NC_065190	49541
1541	NC_065191	49879
1541	NC_065192	294111
1541	NC_065193	2002970
1541	NC_065194	294069
1541	NC_065195	2961933
1541	NC_065196	1908775
884	NC_065198	460808
713	NC_065201	154480
571	NC_065204	626332
614	NC_065205	357469
571	NC_065206	1301400
571	NC_065207	2042668
571	NC_065208	669753
571	NC_065209	669754
532	NC_065210	215228
772	NC_065240	57919
883	NC_065241	225117
883	NC_065242	2448454
883	NC_065243	436086
314	NC_065245	172095
429	NC_065257	1168213
149	NC_065258	1489956
164	NC_065261	1009508
846	NC_065303	286935
1588	NC_065306	146540
570	NC_065323	1603708
570	NC_065324	212656
1550	NC_065330	292911
612	NC_065351	1618033
612	NC_065352	1263489
612	NC_065353	100534
612	NC_065354	100535
565	NC_065357	573514
612	NC_065358	2259078
612	NC_065359	34185
1691	NC_065361	405737
652	NC_065369	2759058
1405	NC_065370	2892398
1813	NC_065381	73575
325	NC_065383	22303
884	NC_065391	542734
936	NC_065393	1938956
628	NC_065400	54453
1318	NC_065468	214697
1805	NC_065476	2966543
1442	NC_065477	118363
442	NC_065482	2448754
442	NC_065483	496669
442	NC_065484	2448756
883	NC_065485	416289
883	NC_065486	714459
575	NC_065487	2812725
442	NC_065500	2897339
442	NC_065501	239653
1890	NC_065503	1094874
811	NC_065504	408129
883	NC_065652	661359
883	NC_065653	2865624
883	NC_065654	2654667
883	NC_065655	661360
1607	NC_065666	548856
883	NC_065670	1961193
883	NC_065671	2967324
883	NC_065672	1826781
986	NC_065692	1888384
291	NC_065697	2859590
291	NC_065698	1043513
291	NC_065699	1037476
281	NC_065700	2859587
291	NC_065701	2859589
291	NC_065702	2859588
291	NC_065703	2859586
901	NC_065704	2859579
901	NC_065705	2859580
901	NC_065706	593755
901	NC_065707	205464
901	NC_065708	2859577
995	NC_065709	2859583
996	NC_065710	1172588
901	NC_065711	1008909
901	NC_065712	1442712
291	NC_065713	2859585
995	NC_065714	2859584
901	NC_065715	2859578
281	NC_065716	1037467
997	NC_065717	1172576
291	NC_065718	1037473
901	NC_065719	123465
901	NC_065720	2859582
901	NC_065721	2859592
901	NC_065722	2859593
901	NC_065723	2859576
901	NC_065724	2859581
901	NC_065725	123405
901	NC_065726	85242
901	NC_065727	2859594
291	NC_065729	858958
506	NC_065734	190008
1409	NC_065763	213266
1709	NC_065773	49121
1375	NC_065777	105311
1353	NC_065778	1287973
1353	NC_065779	1287971
1459	NC_065780	743506
1459	NC_065781	105303
570	NC_065782	1933033
1906	NC_065784	125587
471	NC_065789	198264
1691	NC_065790	1032928
1691	NC_065792	1269190
1691	NC_065793	1245228
1631	NC_065794	1245236
1631	NC_065795	1245247
1691	NC_065796	1245250
1631	NC_065797	1846137
1631	NC_065798	1245262
190	NC_065808	248822
1897	NC_065832	1117032
1220	NC_065833	50499
1664	NC_065834	2059433
847	NC_065840	1161150
1687	NC_065862	1470422
1728	NC_065863	1603725
1728	NC_065865	520843
139	NC_065867	74649
344	NC_065869	2954124
1759	NC_065871	1582841
1805	NC_065990	424903
674	NC_065999	2969391
266	NC_066000	1616334
883	NC_066002	140997
1496	NC_066005	40962
191	NC_066006	119949
645	NC_066007	452790
442	NC_066009	571639
998	NC_066010	53836
999	NC_066013	45385
485	NC_066016	2590075
1055	NC_066018	28503
1843	NC_066019	41228
801	NC_066021	57912
1422	NC_066027	213829
1607	NC_066033	39338
1711	NC_066034	49988
485	NC_066035	33127
1501	NC_066037	39324
608	NC_066042	129756
608	NC_066043	310254
608	NC_066044	2004890
608	NC_066045	129751
522	NC_066047	171931
1042	NC_066053	85232
920	NC_066083	20676
547	NC_066090	2878549
245	NC_066091	2930418
1433	NC_066130	690339
1433	NC_066131	269115
1433	NC_066132	2974483
1433	NC_066133	1679318
883	NC_066134	589997
883	NC_066135	2024531
883	NC_066136	2024530
883	NC_066137	2974484
883	NC_066138	2905423
883	NC_066139	2905422
883	NC_066140	2905424
576	NC_066141	2905717
883	NC_066142	2905425
79	NC_066143	455430
727	NC_066144	103762
1460	NC_066145	687608
1460	NC_066146	687582
1551	NC_066147	687651
1460	NC_066148	687591
1460	NC_066149	339111
1460	NC_066150	38197
63	NC_066182	167587
1198	NC_066183	203270
1198	NC_066184	2974286
1198	NC_066185	2833874
1198	NC_066186	2750599
1198	NC_066187	258158
1198	NC_066188	1882480
1198	NC_066189	258165
1198	NC_066190	2833875
1198	NC_066191	116719
1198	NC_066192	258187
1198	NC_066193	1813931
1198	NC_066194	258192
1198	NC_066195	258195
1198	NC_066196	2833873
577	NC_066219	2785548
1332	NC_066227	2036759
1077	NC_066228	194324
1042	NC_066229	66392
1879	NC_066405	53067
1210	NC_066408	2855397
1210	NC_066409	262280
570	NC_066425	157794
1684	NC_066431	130389
1684	NC_066432	450283
1684	NC_066433	405337
1684	NC_066434	935695
1684	NC_066435	13217
1684	NC_066436	130414
1684	NC_066437	450285
1684	NC_066438	130418
77	NC_066439	1181298
1000	NC_066445	167999
927	NC_066446	37489
1665	NC_066447	119595
522	NC_066470	171938
522	NC_066471	2976256
359	NC_066474	665991
359	NC_066475	309329
359	NC_066476	744260
359	NC_066477	100577
1813	NC_066481	402998
1333	NC_066482	1617357
1333	NC_066483	1617358
1333	NC_066484	339115
1333	NC_066485	2976879
1775	NC_066491	1835031
835	NC_066492	228538
1489	NC_066496	1265924
1489	NC_066499	587403
896	NC_066502	222504
930	NC_066503	139929
1292	NC_066644	235715
1324	NC_066646	1056462
1324	NC_066647	1803871
1324	NC_066648	1336656
1250	NC_066650	29711
848	NC_066652	93210
245	NC_066653	1226761
1451	NC_066656	291316
884	NC_066658	542714
1907	NC_066665	2968953
1908	NC_066666	2968952
1908	NC_066667	125586
1909	NC_066668	374745
1908	NC_066669	580465
1909	NC_066670	137680
1910	NC_066672	943435
1911	NC_066673	1197307
996	NC_066674	1172579
1461	NC_066689	496698
442	NC_066690	2963789
1126	NC_066691	474001
1461	NC_066692	460996
1126	NC_066694	2963786
1461	NC_066695	2764672
1461	NC_066696	2928670
1552	NC_066697	2963785
1461	NC_066698	2963784
1888	NC_066699	63038
1552	NC_066700	2583430
1639	NC_066701	2650407
1639	NC_066702	419290
1608	NC_066703	475885
720	NC_066717	387744
1462	NC_066719	1170855
1553	NC_066795	2954133
365	NC_066797	2925018
915	NC_066798	251605
586	NC_066799	39526
1697	NC_066801	259420
738	NC_066807	1056941
476	NC_066811	212836
1277	NC_066812	2650045
430	NC_066813	886265
1293	NC_066896	1333888
1744	NC_066958	2500812
1317	NC_066959	329239
1317	NC_066960	49577
1317	NC_066961	2172426
629	NC_066964	644182
1553	NC_066966	28508
1553	NC_066967	992840
194	NC_066973	2232085
139	NC_066975	267252
578	NC_066997	2338916
366	NC_066998	2306217
579	NC_066999	1191332
317	NC_067000	1191335
317	NC_067001	78270
492	NC_067002	143584
366	NC_067003	2810547
675	NC_067004	80776
1197	NC_067005	1191331
411	NC_067006	61246
675	NC_067007	2291111
578	NC_067008	2507849
431	NC_067009	1191334
493	NC_067010	143585
475	NC_067011	2291112
675	NC_067012	2548469
317	NC_067013	2548468
494	NC_067014	2810549
492	NC_067015	2507852
580	NC_067016	2338906
411	NC_067017	61244
581	NC_067018	61245
317	NC_067019	61247
317	NC_067020	78265
317	NC_067021	78267
317	NC_067022	61242
317	NC_067023	78266
317	NC_067024	2810546
578	NC_067025	2810548
475	NC_067026	80775
475	NC_067027	2338905
314	NC_067030	2974069
720	NC_067033	863016
1376	NC_067034	138325
664	NC_067043	281077
1221	NC_067044	15957
664	NC_067045	289064
326	NC_067046	29668
327	NC_067047	15371
1221	NC_067048	15304
884	NC_067053	2880969
883	NC_067063	470520
495	NC_067079	152367
1864	NC_067080	2980633
884	NC_067081	536626
884	NC_067082	319929
884	NC_067085	2321407
884	NC_067086	2321412
884	NC_067087	536629
884	NC_067088	147931
884	NC_067089	147927
884	NC_067090	147929
884	NC_067091	147932
884	NC_067092	1889607
1729	NC_067370	113446
930	NC_067502	2528811
930	NC_067503	1370055
930	NC_067504	13403
930	NC_067505	2044477
930	NC_067506	1370061
930	NC_067507	91227
930	NC_067508	139928
930	NC_067509	2800123
1294	NC_067511	2981233
367	NC_067512	149637
1818	NC_067514	149628
1001	NC_067516	149665
1002	NC_067517	48123
888	NC_067518	588911
888	NC_067519	53888
1003	NC_067520	212698
174	NC_067521	2981239
1554	NC_067522	248520
1377	NC_067523	450031
8	NC_067524	115004
1004	NC_067525	557744
432	NC_067526	1196270
8	NC_067527	500182
8	NC_067528	115002
368	NC_067529	1645775
582	NC_067530	2981240
1127	NC_067531	1089623
1005	NC_067532	2983343
1005	NC_067533	1457467
1005	NC_067534	252530
1609	NC_067535	2981241
1463	NC_067536	62116
1555	NC_067537	54890
1128	NC_067538	701553
1183	NC_067539	1620053
1295	NC_067540	167626
1464	NC_067544	168535
1415	NC_067547	2836828
1378	NC_067548	859222
1378	NC_067549	2930222
1378	NC_067550	642899
1465	NC_067551	49560
1415	NC_067552	943333
720	NC_067555	2922417
1461	NC_067556	371341
1461	NC_067558	371376
1461	NC_067559	489379
1496	NC_067560	371387
1461	NC_067561	1514057
676	NC_067562	1514018
1461	NC_067563	1514014
1461	NC_067564	371382
1461	NC_067565	371364
1556	NC_067566	92053
1461	NC_067567	371375
1461	NC_067568	371384
1296	NC_067570	4170
1666	NC_067572	1338535
1687	NC_067584	1470412
1687	NC_067588	2831018
1687	NC_067589	2307013
1687	NC_067591	3043474
5	NC_067603	146149
647	NC_067604	2898947
647	NC_067605	299607
884	NC_067609	674064
616	NC_067610	2511941
1431	NC_067611	289701
884	NC_067613	2915791
791	NC_067614	269721
677	NC_067615	1617353
1333	NC_067616	1486054
1333	NC_067617	1486050
720	NC_067630	2518362
720	NC_067631	326921
720	NC_067633	591219
813	NC_067635	1540407
813	NC_067636	292731
813	NC_067637	1540408
1187	NC_067640	526194
1712	NC_067642	662902
1712	NC_067645	2494283
1712	NC_067648	2494279
1712	NC_067649	2494285
1667	NC_067650	1504640
1712	NC_067651	662905
1668	NC_067653	2955199
1669	NC_067654	980662
1712	NC_067655	2494280
1712	NC_067656	986860
1712	NC_067660	2593378
1712	NC_067662	2494286
1712	NC_067664	2494287
1712	NC_067666	2494288
1712	NC_067667	662917
1712	NC_067668	662918
1712	NC_067669	2494289
1712	NC_067670	2955197
1712	NC_067671	662919
1712	NC_067673	1504648
1670	NC_067674	1504649
1671	NC_067677	662923
1712	NC_067678	662924
1712	NC_067679	662926
1712	NC_067680	204135
1712	NC_067681	662927
1712	NC_067683	662928
1712	NC_067685	2494293
1712	NC_067686	204136
1712	NC_067689	986866
1712	NC_067690	662930
1712	NC_067692	662931
1712	NC_067693	425909
1712	NC_067694	680379
1712	NC_067695	550456
1712	NC_067696	662908
1610	NC_067697	1504651
1712	NC_067698	2494291
1712	NC_067699	662925
1712	NC_067700	2744336
1712	NC_067702	1504656
1712	NC_067704	2744335
1712	NC_067706	2955198
1325	NC_067711	2976402
570	NC_067713	2518020
884	NC_067734	218779
1557	NC_067753	160529
1407	NC_067754	160533
280	NC_067755	432645
1165	NC_067756	189976
1558	NC_067758	187182
1407	NC_067759	256362
1407	NC_067760	1814005
884	NC_067764	1840588
409	NC_067766	158927
1730	NC_067767	77895
1198	NC_067770	258178
1198	NC_067771	1026947
1198	NC_067772	258196
1776	NC_067773	121720
1198	NC_067774	1054082
1198	NC_067775	258211
1712	NC_067778	204131
1712	NC_067780	705303
1461	NC_067786	1514006
212	NC_067810	2911227
1422	NC_067811	2291136
1890	NC_067812	152390
1388	NC_067826	480678
713	NC_067827	34172
84	NC_067828	1089947
713	NC_067829	292678
713	NC_067830	446125
713	NC_067831	292781
1731	NC_067832	115441
713	NC_067833	292693
713	NC_067835	145686
713	NC_067836	147188
713	NC_067837	115475
713	NC_067838	348515
1488	NC_067839	1966430
1488	NC_067840	2559471
1488	NC_067841	1510057
520	NC_067842	349347
713	NC_067843	184791
713	NC_067844	480375
1379	NC_067845	252730
713	NC_067852	341996
1421	NC_067857	210334
1639	NC_067867	1470854
891	NC_067869	1679327
1442	NC_067870	2575814
1442	NC_067871	2839635
178	NC_067874	1202798
178	NC_067875	889078
1461	NC_067882	1043704
1313	NC_067938	212065
1325	NC_067939	2034676
1408	NC_067940	1131870
1297	NC_067941	2058724
1290	NC_067947	662901
1129	NC_067948	1160297
433	NC_067950	2499693
1813	NC_067978	942185
1853	NC_067988	2986132
264	NC_067995	409519
284	NC_067996	1450208
284	NC_067997	1161165
284	NC_067998	1851244
284	NC_067999	2008514
284	NC_068000	2008511
284	NC_068001	2764681
284	NC_068002	473049
284	NC_068003	1450212
284	NC_068004	309823
673	NC_068005	1160299
1611	NC_068021	270951
1559	NC_068022	68869
1559	NC_068023	270954
1559	NC_068024	188300
1611	NC_068025	270956
1559	NC_068026	270957
1559	NC_068027	270958
1559	NC_068028	3349806
1474	NC_068029	4157
1474	NC_068030	2065886
1672	NC_068031	188299
1474	NC_068032	1906386
1560	NC_068033	270970
1474	NC_068034	4162
1474	NC_068035	4155
1474	NC_068036	4156
1672	NC_068037	69919
1474	NC_068038	2761763
1474	NC_068039	4158
1474	NC_068040	4159
1474	NC_068041	910426
1474	NC_068042	4161
1732	NC_068043	188307
1732	NC_068044	2986456
1702	NC_068045	49039
1746	NC_068046	4164
1777	NC_068052	168495
1382	NC_068053	2528942
1382	NC_068054	2528944
1137	NC_068055	2528947
1382	NC_068056	2528950
1382	NC_068057	2528953
1382	NC_068058	2528954
720	NC_068060	2934155
1213	NC_068066	59290
1466	NC_068067	257361
1467	NC_068068	257360
720	NC_068070	338531
720	NC_068071	2986623
1691	NC_068074	2663187
1631	NC_068075	1245541
139	NC_068089	74636
139	NC_068090	117260
1687	NC_068094	673185
1434	NC_068106	1499538
388	NC_068107	286684
1006	NC_068108	160577
434	NC_068109	751629
388	NC_068110	1704206
388	NC_068111	110881
1130	NC_068112	160547
388	NC_068113	160586
388	NC_068114	433885
388	NC_068115	110892
388	NC_068116	314393
1007	NC_068117	649496
1007	NC_068118	946641
1007	NC_068119	798113
388	NC_068120	751690
369	NC_068121	751694
369	NC_068122	751695
369	NC_068123	110901
616	NC_068124	523331
616	NC_068125	523333
616	NC_068126	751712
388	NC_068127	59911
388	NC_068128	751718
1075	NC_068129	134527
612	NC_068132	261410
1643	NC_068133	768177
519	NC_068134	316483
519	NC_068135	2987624
1008	NC_068136	264811
496	NC_068138	214529
387	NC_068168	2963780
849	NC_068230	2599111
1131	NC_068233	2760827
1673	NC_068234	477864
1819	NC_068242	223100
1820	NC_068243	2028290
1813	NC_068253	172264
50	NC_068257	1616489
442	NC_068258	516042
448	NC_068269	36902
678	NC_068458	2739902
679	NC_068459	2739914
679	NC_068460	2739913
678	NC_068461	2891243
679	NC_068462	316814
679	NC_068463	1281372
678	NC_068464	2739907
583	NC_068465	1281360
678	NC_068466	2739900
671	NC_068467	216492
583	NC_068468	1281410
671	NC_068469	213010
850	NC_068470	1281385
679	NC_068471	1281374
851	NC_068472	334703
583	NC_068473	1281382
679	NC_068474	2739901
671	NC_068475	213007
852	NC_068476	1281373
679	NC_068477	2739916
497	NC_068478	213055
679	NC_068479	213009
671	NC_068480	212840
671	NC_068481	212908
678	NC_068482	1281337
671	NC_068483	2739919
671	NC_068484	1138352
853	NC_068485	352217
671	NC_068486	209333
671	NC_068487	212962
671	NC_068488	1129971
671	NC_068489	2739903
671	NC_068490	2739915
671	NC_068491	2739895
671	NC_068492	2739898
671	NC_068493	2740666
678	NC_068494	1138368
854	NC_068495	1281378
423	NC_068499	125008
680	NC_068500	1603693
680	NC_068501	1358788
1064	NC_068503	684740
968	NC_068505	2606809
152	NC_068506	106677
245	NC_068507	3610
883	NC_068524	691227
883	NC_068525	1825963
883	NC_068526	1826785
883	NC_068527	391057
883	NC_068528	2992298
883	NC_068529	1826812
883	NC_068530	2992294
883	NC_068531	1826814
883	NC_068532	2992295
883	NC_068533	2992296
883	NC_068534	1826782
883	NC_068535	1826794
883	NC_068536	1826791
570	NC_068537	1609862
570	NC_068538	2980206
608	NC_068542	363599
608	NC_068543	435790
608	NC_068544	86020
1324	NC_068579	1500039
1324	NC_068580	2839964
1324	NC_068581	1056468
608	NC_068583	121775
608	NC_068584	363597
608	NC_068585	435794
608	NC_068586	337260
883	NC_068599	691244
352	NC_068627	495765
1107	NC_068628	201506
1363	NC_068629	326271
1685	NC_068635	1585251
806	NC_068636	1082504
584	NC_068637	1704639
441	NC_068638	70980
460	NC_068639	70971
460	NC_068640	75627
441	NC_068641	70972
446	NC_068642	70947
498	NC_068643	70941
441	NC_068644	75626
441	NC_068645	36901
441	NC_068646	70951
460	NC_068647	70955
460	NC_068648	70948
441	NC_068649	78530
498	NC_068650	66817
441	NC_068651	70944
460	NC_068652	70940
681	NC_068653	1142948
1298	NC_068654	2917719
1691	NC_068657	1679515
1612	NC_068711	69266
1612	NC_068712	1493660
1612	NC_068713	472369
1380	NC_068715	180763
370	NC_068716	2745281
883	NC_068721	186522
883	NC_068722	1826809
883	NC_068723	691232
883	NC_068724	1826802
220	NC_068733	312789
1497	NC_068737	2866081
314	NC_068748	1519595
409	NC_068749	257776
371	NC_068751	1752766
50	NC_068758	889485
50	NC_068759	40686
1468	NC_068774	54464
884	NC_068780	147914
884	NC_068781	147923
884	NC_068785	941565
1319	NC_068787	166796
1319	NC_068788	2993537
1319	NC_068789	166802
1319	NC_068790	1491823
1319	NC_068791	166805
1319	NC_068793	2993539
682	NC_068794	743508
1319	NC_068796	165667
27	NC_068805	187284
10	NC_068806	62339
720	NC_068816	318054
55	NC_068824	241598
1319	NC_068825	165669
1319	NC_068826	165660
1319	NC_068827	165617
1319	NC_068828	1491822
1319	NC_068829	165608
1319	NC_068830	165603
1319	NC_068831	166797
720	NC_068835	1903417
360	NC_068837	1008942
1132	NC_068838	2994578
1132	NC_068839	1037046
1132	NC_068840	2977930
791	NC_068850	300207
570	NC_068858	1608376
320	NC_068859	2994637
320	NC_068860	2994638
1912	NC_068873	45179
1912	NC_068874	76155
1009	NC_068875	249100
1906	NC_068876	467324
1907	NC_068877	517221
1813	NC_068894	367782
612	NC_068899	2995342
612	NC_068900	2995343
1442	NC_069024	2575812
1199	NC_069025	684760
359	NC_069045	2930498
359	NC_069046	2699261
359	NC_069047	2699269
359	NC_069048	2699272
359	NC_069049	463868
855	NC_069062	50001
499	NC_069063	49997
585	NC_069066	3772
126	NC_069067	63090
896	NC_069068	1286525
1468	NC_069069	1262116
671	NC_069181	2792850
671	NC_069182	2792849
671	NC_069183	1239736
671	NC_069184	1281379
1561	NC_069195	49480
1299	NC_069196	448037
1402	NC_069197	2995469
1631	NC_069200	1245235
570	NC_069209	212657
570	NC_069210	2996536
570	NC_069211	167417
443	NC_069212	857043
500	NC_069214	47654
1133	NC_069215	1729109
720	NC_069216	591221
720	NC_069217	591226
720	NC_069218	2733476
720	NC_069219	2996547
720	NC_069220	2996511
1405	NC_069225	85358
884	NC_069227	674856
220	NC_069292	228163
1094	NC_069295	180071
1050	NC_069299	478039
884	NC_069309	2967310
884	NC_069310	2967340
1259	NC_069338	2866292
1259	NC_069339	1248442
1259	NC_069340	693863
1259	NC_069341	693862
1270	NC_069342	155755
1270	NC_069343	1248448
1259	NC_069344	1965126
1259	NC_069345	693860
1259	NC_069346	2866291
1300	NC_069347	2866710
1259	NC_069348	1965127
1259	NC_069349	368987
1259	NC_069350	664069
1357	NC_069351	2866709
1259	NC_069352	694027
1259	NC_069353	1248446
1301	NC_069354	1965129
1134	NC_069355	1965130
1302	NC_069356	1965131
1259	NC_069357	664001
1218	NC_069358	414718
1259	NC_069359	537139
1259	NC_069360	359894
1813	NC_069556	35625
519	NC_069576	316484
930	NC_069581	1040642
49	NC_069582	55318
1843	NC_069583	1281416
50	NC_069592	77069
213	NC_069593	2306678
1813	NC_069595	2898760
1813	NC_069596	2898758
1813	NC_069597	856890
1813	NC_069598	2898757
1813	NC_069599	2898761
1813	NC_069600	315340
1813	NC_069601	315341
1813	NC_069602	205571
1813	NC_069603	561127
1813	NC_069604	2898759
1813	NC_069605	310796
1813	NC_069606	2898762
1813	NC_069607	2898763
791	NC_069613	2016423
1010	NC_069614	43864
1413	NC_069615	289740
856	NC_069616	2382317
452	NC_069617	1592061
857	NC_069618	481551
858	NC_069619	289807
1413	NC_069620	1592040
1411	NC_069621	1679254
1696	NC_069627	354022
883	NC_069634	2994360
1100	NC_069638	309300
570	NC_069647	1482885
1217	NC_069648	65951
1217	NC_069649	65952
1883	NC_069650	53065
1733	NC_069807	77896
1909	NC_069817	1197308
191	NC_069818	39976
1631	NC_069819	1755648
1631	NC_069820	1846138
1631	NC_069821	1245243
1631	NC_069822	1245246
1631	NC_069823	1245248
1631	NC_069824	2862192
1631	NC_069825	1245256
1631	NC_069826	1245260
1631	NC_069827	2019968
1631	NC_069828	48773
1631	NC_069829	2575547
1631	NC_069830	1492708
423	NC_069832	345127
1107	NC_069833	201514
1245	NC_069836	317640
1562	NC_069839	87519
1562	NC_069840	59974
562	NC_069841	2945672
1405	NC_069842	82095
1405	NC_069843	137939
1469	NC_069844	2970449
570	NC_069845	167428
1674	NC_069854	3158765
1872	NC_069868	53063
1876	NC_069869	451003
1881	NC_069870	53091
1883	NC_069871	53092
1881	NC_069872	450946
1881	NC_069873	53095
1881	NC_069874	53096
1881	NC_069875	451005
1883	NC_069876	53097
1879	NC_069877	53099
1876	NC_069878	675674
1881	NC_069879	451008
1881	NC_069880	53100
1876	NC_069881	2566086
1876	NC_069882	451006
1883	NC_069883	53102
1881	NC_069884	451009
1881	NC_069885	2999071
1883	NC_069886	53105
1883	NC_069887	1641957
1881	NC_069888	53108
1881	NC_069889	299272
1881	NC_069890	53110
1881	NC_069891	1883385
1881	NC_069892	53111
1881	NC_069893	451013
1883	NC_069894	53112
1881	NC_069895	53113
1883	NC_069896	909499
1881	NC_069897	78827
1881	NC_069898	53115
1883	NC_069899	53116
1883	NC_069900	53118
1883	NC_069901	53119
1881	NC_069902	1971712
1881	NC_069903	53120
1881	NC_069904	299269
1876	NC_069905	299268
1881	NC_069906	53122
1881	NC_069907	53123
1876	NC_069908	1217868
1881	NC_069909	232817
1876	NC_069910	53132
1879	NC_069911	53126
1879	NC_069912	2932129
1690	NC_069913	3004043
1765	NC_069921	28540
1765	NC_069922	1503305
1765	NC_069923	168493
1472	NC_069924	69056
1765	NC_069925	168494
1777	NC_069926	1902460
1765	NC_069927	168500
1765	NC_069928	2029625
1765	NC_069929	2508839
1765	NC_069930	168507
1777	NC_069931	168499
1765	NC_069932	1503306
1777	NC_069933	168503
1777	NC_069934	168489
1777	NC_069935	1902457
1765	NC_069936	2056413
1765	NC_069937	1902468
1765	NC_069938	2056411
1765	NC_069939	2056412
1765	NC_069940	1902462
1765	NC_069941	2820035
1777	NC_069942	1902486
1472	NC_069943	1902458
1765	NC_069944	1902473
1225	NC_069946	929405
1225	NC_069947	929406
1225	NC_069948	400538
1225	NC_069949	1603831
1225	NC_069950	1705973
1225	NC_069951	50501
1883	NC_069954	3003209
1881	NC_069955	1217867
1883	NC_069956	53068
1879	NC_069957	53070
1883	NC_069958	296648
1881	NC_069959	53074
1879	NC_069960	53075
1881	NC_069961	1226225
1883	NC_069962	53077
1881	NC_069963	253090
1876	NC_069964	53078
1883	NC_069965	53079
1881	NC_069966	53082
1881	NC_069967	53084
1881	NC_069968	53085
1876	NC_069969	2857368
1883	NC_069970	53086
1881	NC_069971	451002
1881	NC_069972	53087
1881	NC_069973	53088
1876	NC_069974	53089
11	NC_069975	62345
1847	NC_070020	3013936
1847	NC_070021	2684247
1847	NC_070022	2684248
1847	NC_070023	2684249
1847	NC_070024	3013937
1847	NC_070025	3013938
1847	NC_070026	3013939
1847	NC_070027	2684250
1847	NC_070028	2291173
1847	NC_070029	3013940
1847	NC_070030	2684251
1847	NC_070031	3013941
1847	NC_070032	3013942
1847	NC_070033	2684252
1847	NC_070034	2306266
1847	NC_070035	2684254
1847	NC_070036	3013945
1847	NC_070037	203766
1847	NC_070038	1330323
1847	NC_070039	1302936
1847	NC_070040	1305013
1847	NC_070041	2054583
1847	NC_070042	3013947
1847	NC_070043	2684253
1847	NC_070044	2800607
1847	NC_070045	3013948
1050	NC_070046	210383
883	NC_070047	2967311
448	NC_070051	47083
1381	NC_070056	928054
352	NC_070058	1277774
272	NC_070069	154764
1523	NC_070081	489322
1523	NC_070082	101743
1563	NC_070083	76356
1697	NC_070084	3014869
1523	NC_070085	1749380
501	NC_070086	3014870
623	NC_070087	941574
1170	NC_070088	161031
1511	NC_070095	2982759
647	NC_070096	3014993
442	NC_070097	2892309
891	NC_070102	336665
1634	NC_070105	260201
586	NC_070117	3015604
683	NC_070118	928065
586	NC_070119	100496
586	NC_070120	203833
586	NC_070121	1315756
586	NC_070122	2652754
684	NC_070123	3015603
586	NC_070124	1045189
612	NC_070125	100494
685	NC_070126	100528
684	NC_070127	2652781
758	NC_070128	191662
800	NC_070129	235914
859	NC_070130	59067
686	NC_070131	796839
686	NC_070132	927809
586	NC_070133	39519
310	NC_070134	39534
956	NC_070139	3054220
956	NC_070140	66092
956	NC_070141	53883
470	NC_070169	260718
435	NC_070170	296037
470	NC_070171	296034
435	NC_070172	319607
435	NC_070173	2968738
1634	NC_070192	1165086
113	NC_070217	47619
1450	NC_070218	453234
1450	NC_070219	2027494
1450	NC_070220	1636236
1450	NC_070221	174962
1372	NC_070222	301699
1372	NC_070223	301693
1372	NC_070224	169284
647	NC_070226	1603835
647	NC_070227	1045138
647	NC_070228	1080334
647	NC_070229	1922339
647	NC_070230	714500
1042	NC_070233	32202
636	NC_070234	1370097
687	NC_070235	235837
1200	NC_070236	1179221
1042	NC_070238	229048
1042	NC_070239	191188
901	NC_070243	1442724
38	NC_070244	93697
594	NC_070249	198858
67	NC_070252	394304
1432	NC_070274	761858
1432	NC_070275	1112097
1049	NC_070276	761856
1049	NC_070277	761857
1856	NC_070283	105380
1856	NC_070284	105382
1856	NC_070285	97782
1856	NC_070286	1576615
1856	NC_070287	1576616
1856	NC_070288	105381
314	NC_070304	1683987
314	NC_070306	1979622
265	NC_070307	3018802
314	NC_070308	234367
314	NC_070309	199986
314	NC_070310	1683993
328	NC_070312	198551
314	NC_070314	3018803
314	NC_070315	198423
314	NC_070316	198424
314	NC_070317	199998
329	NC_070320	1977212
314	NC_070321	172097
314	NC_070322	1979662
314	NC_070323	1684017
314	NC_070324	1684024
330	NC_070325	198563
265	NC_070326	1684031
314	NC_070327	212816
330	NC_070328	48226
314	NC_070330	198428
314	NC_070331	1684049
314	NC_070332	2592824
331	NC_070333	48225
314	NC_070334	1684060
332	NC_070335	48236
1319	NC_070336	88843
1319	NC_070337	669881
1319	NC_070338	45004
1011	NC_070339	197604
1496	NC_070341	496686
1496	NC_070342	386070
1499	NC_070343	496688
1499	NC_070344	681596
1564	NC_070345	1042412
1564	NC_070346	496703
1564	NC_070347	1042414
1461	NC_070348	1042416
860	NC_070349	2980470
99	NC_070353	2925184
1317	NC_070354	4632
1317	NC_070355	168180
1317	NC_070356	1543992
1317	NC_070357	94329
372	NC_070358	4634
1813	NC_070364	304130
436	NC_070388	1605257
1778	NC_070389	76277
606	NC_070392	1035809
310	NC_070393	326070
1405	NC_070394	4052
1100	NC_070396	309307
1779	NC_070398	40937
1461	NC_070399	1553918
1565	NC_070400	2806829
442	NC_070401	408980
442	NC_070402	2976882
442	NC_070403	2976881
883	NC_070406	138912
1303	NC_070410	1425329
1303	NC_070411	1916041
1220	NC_070412	1425330
1303	NC_070413	2948742
1220	NC_070414	1916034
1217	NC_070415	157092
1217	NC_070416	157090
1303	NC_070417	1425328
1217	NC_070418	157083
1217	NC_070419	109606
1303	NC_070420	157086
1217	NC_070421	929412
1217	NC_070422	50498
1303	NC_070423	157099
1012	NC_070424	190807
1303	NC_070425	2071524
1631	NC_070426	3019666
1631	NC_070428	3019668
1631	NC_070429	2663197
1631	NC_070430	656688
1631	NC_070431	656650
1631	NC_070432	1032966
1691	NC_070433	3019667
927	NC_070435	1973159
883	NC_070438	1143243
266	NC_070439	1616261
266	NC_070440	1616262
266	NC_070441	2784210
266	NC_070442	1616263
266	NC_070443	1729362
266	NC_070444	489506
266	NC_070445	1616264
266	NC_070446	489507
266	NC_070447	2784213
266	NC_070448	1792731
266	NC_070449	1191342
502	NC_070450	29769
266	NC_070451	2784220
266	NC_070452	1729363
266	NC_070453	1792739
266	NC_070454	489508
266	NC_070455	1191343
266	NC_070456	2784207
266	NC_070457	1792748
688	NC_070458	1792749
688	NC_070459	489510
688	NC_070460	3019850
266	NC_070461	1616291
266	NC_070462	2784224
587	NC_070463	159961
266	NC_070464	489512
266	NC_070465	489514
266	NC_070466	1729365
266	NC_070467	1616296
502	NC_070468	1616297
266	NC_070469	1792758
688	NC_070470	1616298
689	NC_070471	2338912
688	NC_070472	1616300
266	NC_070473	1191345
688	NC_070474	489515
688	NC_070475	1792761
688	NC_070476	1616303
688	NC_070477	489516
688	NC_070478	489517
688	NC_070479	1616307
688	NC_070480	2784240
688	NC_070481	1616311
688	NC_070482	1616313
1566	NC_070484	1729367
688	NC_070487	1792768
688	NC_070488	1616317
266	NC_070490	1616320
688	NC_070491	3019852
266	NC_070492	489521
690	NC_070493	1616321
688	NC_070494	1792771
688	NC_070495	2338909
688	NC_070496	2784254
691	NC_070497	1616323
691	NC_070498	1792773
266	NC_070499	1616325
691	NC_070500	3019853
691	NC_070501	1616328
691	NC_070502	489524
266	NC_070503	489526
587	NC_070504	1616332
266	NC_070505	489527
266	NC_070506	1616336
266	NC_070507	1792781
266	NC_070508	1616340
691	NC_070509	2338904
266	NC_070510	1616342
691	NC_070511	2784267
691	NC_070512	1792784
266	NC_070513	1616346
691	NC_070514	489529
266	NC_070515	2784270
691	NC_070516	1616350
691	NC_070517	1792787
266	NC_070518	489531
266	NC_070519	489533
266	NC_070520	1792789
266	NC_070521	2784275
266	NC_070522	2267778
691	NC_070523	1616255
266	NC_070524	489534
266	NC_070525	1616356
691	NC_070526	489535
691	NC_070527	1616357
266	NC_070528	3019858
1562	NC_071161	87525
1562	NC_071162	87534
1562	NC_071163	87524
1461	NC_071164	371361
1461	NC_071165	371392
1461	NC_071166	371329
1461	NC_071167	200487
1461	NC_071168	371388
1461	NC_071169	1514020
1461	NC_071170	371359
1461	NC_071171	1514007
1461	NC_071172	1514008
1461	NC_071173	1514031
1461	NC_071174	371337
1461	NC_071175	2976225
1461	NC_071176	2976224
1461	NC_071177	1514053
1461	NC_071178	555418
1461	NC_071179	99502
1411	NC_071194	1591304
588	NC_071195	2338892
628	NC_071196	82931
129	NC_071197	3020270
104	NC_071198	64136
588	NC_071199	182071
129	NC_071200	350026
129	NC_071201	350024
104	NC_071202	2338894
628	NC_071203	96569
104	NC_071205	1603812
129	NC_071206	350025
628	NC_071208	937822
129	NC_071209	3020271
1834	NC_071248	126438
1834	NC_071249	178760
1834	NC_071250	1133299
1718	NC_071357	861410
1567	NC_071358	586119
1649	NC_071359	861409
1649	NC_071360	861404
1718	NC_071361	586112
194	NC_071746	226104
1522	NC_071750	424577
1756	NC_071758	1088841
353	NC_071771	252994
371	NC_071772	1777870
1408	NC_071775	335155
1408	NC_071776	257357
1057	NC_071777	161869
1161	NC_071778	179348
720	NC_071779	318046
720	NC_071780	318051
1333	NC_071783	339076
547	NC_071786	2965324
1868	NC_071789	357852
1868	NC_071790	943329
1496	NC_071793	54728
1461	NC_071794	2448751
1461	NC_071795	3024257
1499	NC_071796	584733
442	NC_071797	1729591
1499	NC_071798	3024258
1499	NC_071799	584735
1378	NC_071800	2817587
1499	NC_071802	3024260
1499	NC_071803	584740
1461	NC_071804	99526
1499	NC_071805	1729592
1378	NC_071806	584759
1499	NC_071807	3024259
1499	NC_071808	1729594
1378	NC_071809	2979853
1577	NC_071810	63029
1499	NC_071811	496692
1526	NC_071812	239675
1126	NC_071813	460609
1461	NC_071814	584769
442	NC_071815	2950368
1378	NC_071816	489397
738	NC_071817	649504
1013	NC_071818	1623368
196	NC_071827	162895
628	NC_071828	2511895
344	NC_071829	93745
139	NC_071835	2497809
1155	NC_071836	3024860
1155	NC_071837	159571
503	NC_071838	451700
129	NC_071839	3024831
104	NC_071840	64130
104	NC_071841	64132
1382	NC_071842	2965323
1201	NC_071843	154990
1685	NC_071844	3024958
1734	NC_071845	1874231
720	NC_071867	374952
1612	NC_071868	945837
612	NC_071870	2993429
970	NC_071874	109224
423	NC_071890	345096
423	NC_071891	345100
423	NC_071892	1051291
1350	NC_071895	3025286
1210	NC_071909	2978058
1511	NC_071929	48053
139	NC_071930	1642049
1043	NC_071933	171910
1687	NC_071937	1470414
1834	NC_071945	1354239
1422	NC_071948	3025959
1470	NC_071949	486688
522	NC_071957	3025176
1735	NC_072054	2917549
1805	NC_072069	424910
1094	NC_072070	179861
1511	NC_072108	330208
1511	NC_072109	2785974
437	NC_072134	2986129
713	NC_072142	1609287
713	NC_072143	2572401
713	NC_072144	154467
84	NC_072145	349346
1317	NC_072146	290277
1813	NC_072167	304142
354	NC_072171	342015
884	NC_072174	319926
1217	NC_072179	1916029
1220	NC_072180	157082
294	NC_072247	502151
775	NC_072253	281910
1333	NC_072256	1486055
1313	NC_072257	225557
139	NC_072261	321604
310	NC_072262	1280228
122	NC_072268	148919
1325	NC_072269	859507
245	NC_072275	1082498
1713	NC_072276	1981227
423	NC_072280	345099
220	NC_072281	3505
720	NC_072282	2490295
700	NC_072300	857214
1073	NC_072301	199671
1073	NC_072302	2984246
175	NC_072303	336858
1073	NC_072304	336848
1073	NC_072305	857215
700	NC_072306	765958
700	NC_072307	857217
1073	NC_072308	2984253
700	NC_072309	2984247
1073	NC_072310	2984243
700	NC_072311	2984244
1283	NC_072312	1030488
1819	NC_072314	321418
714	NC_072315	408133
714	NC_072316	665528
714	NC_072317	408132
811	NC_072318	665544
811	NC_072319	665534
714	NC_072320	407938
811	NC_072321	665537
811	NC_072322	666005
811	NC_072323	665497
714	NC_072324	408131
714	NC_072325	408127
884	NC_072329	319924
1631	NC_072338	1523603
1150	NC_072342	471709
603	NC_072345	366481
272	NC_072524	152679
272	NC_072525	154766
1407	NC_072527	1523572
1675	NC_072528	634377
1645	NC_072529	28516
1645	NC_072530	326937
504	NC_072531	2998964
720	NC_072532	548147
720	NC_072533	3030641
720	NC_072534	3030636
1485	NC_072552	237942
720	NC_072553	863012
6	NC_072555	1439905
1470	NC_072556	447671
1313	NC_072560	331219
861	NC_072561	1142941
1831	NC_072562	1158074
1831	NC_072564	2992860
862	NC_072565	2992861
1780	NC_072566	49692
1485	NC_072570	2291176
1831	NC_072572	58992
692	NC_072573	1201177
863	NC_072574	49752
864	NC_072575	1406371
1014	NC_072576	148520
1014	NC_072577	58964
1106	NC_072579	1053788
863	NC_072580	58968
1106	NC_072581	915442
1831	NC_072583	152759
1878	NC_072584	2993613
1304	NC_072585	122950
865	NC_072586	182178
1162	NC_072587	51387
1015	NC_072588	85340
1781	NC_072589	1381010
1736	NC_072590	2803922
1676	NC_072591	1218918
1702	NC_072594	160402
884	NC_072608	452962
1319	NC_072610	105480
373	NC_072622	3015786
373	NC_072623	176127
373	NC_072624	1769926
438	NC_072625	1769928
373	NC_072626	2259405
373	NC_072627	3031466
373	NC_072628	57917
373	NC_072629	1769919
1407	NC_072631	2594760
1471	NC_072632	160521
1542	NC_072641	2294070
1542	NC_072642	71987
1542	NC_072643	3032021
1542	NC_072644	3032019
1542	NC_072645	3032020
1831	NC_072661	152746
505	NC_072662	58979
622	NC_072663	354522
888	NC_072665	2731867
570	NC_072670	1045282
570	NC_072671	425821
514	NC_072673	307974
1792	NC_072696	33114
644	NC_072702	2977356
1202	NC_072707	179351
866	NC_072724	210381
866	NC_072725	56634
6	NC_072727	398449
1261	NC_072728	1505641
1016	NC_072729	2854258
40	NC_072908	2903554
1687	NC_072910	309529
1782	NC_072911	401069
421	NC_072912	32225
953	NC_072913	120385
506	NC_072914	190005
506	NC_072915	141009
506	NC_072916	1043504
506	NC_072917	190007
953	NC_072918	32235
953	NC_072919	1961200
1305	NC_072920	32237
1605	NC_072921	133203
953	NC_072922	32245
820	NC_072931	667282
648	NC_072935	3033941
476	NC_072937	1046480
267	NC_072938	212834
268	NC_072939	216481
560	NC_072941	345217
1017	NC_072944	3019043
713	NC_072959	145671
713	NC_072960	169989
713	NC_072967	2559483
713	NC_072968	292759
1333	NC_072971	312811
1018	NC_072972	152359
442	NC_072976	2992064
164	NC_072979	883761
1812	NC_073005	223891
438	NC_073010	1769920
359	NC_073014	1118427
671	NC_073015	1130020
1405	NC_073016	46421
903	NC_073021	122319
551	NC_073097	202634
1553	NC_073098	2918407
1451	NC_073099	83937
1011	NC_073100	720869
1019	NC_073102	1119055
760	NC_073108	2851948
347	NC_073110	140962
1783	NC_073114	54223
330	NC_073117	694480
330	NC_073118	294965
314	NC_073119	161527
314	NC_073120	79767
330	NC_073121	1045265
330	NC_073122	3027246
314	NC_073123	3027247
1220	NC_073149	347887
1203	NC_073154	252855
1411	NC_073520	1737613
1884	NC_073535	122832
612	NC_073539	1044910
450	NC_073541	390498
507	NC_073542	390503
570	NC_073549	1266313
1135	NC_073560	2018573
1136	NC_073561	2652141
1135	NC_073562	2018575
1135	NC_073563	2419559
508	NC_073564	1792766
1135	NC_073565	2664457
867	NC_073566	3027960
663	NC_073570	2584542
1612	NC_073583	180757
140	NC_073584	108878
693	NC_077252	212859
694	NC_077253	212973
671	NC_077254	2739912
671	NC_077255	2739899
671	NC_077256	2739908
671	NC_077257	2739905
671	NC_077258	2739909
679	NC_077259	1281367
589	NC_077260	398634
671	NC_077261	2739911
590	NC_077262	2739897
671	NC_077263	2739904
1382	NC_077266	2651910
1382	NC_077267	2651911
1382	NC_077268	2651881
1382	NC_077269	86640
1137	NC_077270	2652659
1382	NC_077271	2652469
1382	NC_077272	2652453
1382	NC_077273	796003
1137	NC_077274	2652608
1137	NC_077275	1619497
1382	NC_077276	2652508
1137	NC_077277	2652651
1137	NC_077278	2652641
1382	NC_077279	2652619
1137	NC_077280	2652679
1382	NC_077281	2652519
1382	NC_077282	2652623
1382	NC_077283	2652557
1137	NC_077284	2652644
1382	NC_077285	2652647
1382	NC_077286	2652655
1382	NC_077287	2652656
1137	NC_077288	2652498
1382	NC_077289	2652628
1382	NC_077290	2652654
1382	NC_077291	2652471
1137	NC_077292	2652483
1382	NC_077293	2652549
1382	NC_077294	2652505
1382	NC_077295	2652526
1382	NC_077296	2652577
1382	NC_077297	2652495
1382	NC_077298	2652530
1137	NC_077299	2652496
1137	NC_077300	2652592
1382	NC_077301	2652454
1382	NC_077302	2652622
1382	NC_077303	2652574
1382	NC_077304	2652583
1382	NC_077305	2652509
1382	NC_077306	2652550
1472	NC_077307	2652598
1382	NC_077308	2652568
1382	NC_077309	2528948
1382	NC_077310	2528951
1382	NC_077311	1793945
1382	NC_077312	2652611
1382	NC_077313	2652534
1382	NC_077314	2652539
1382	NC_077315	2652567
1382	NC_077316	2652634
1382	NC_077317	2652555
1382	NC_077318	2652559
1382	NC_077319	2652691
1382	NC_077320	2652618
1382	NC_077321	2652562
1382	NC_077322	2528945
1382	NC_077323	2652638
1382	NC_077324	2652531
1137	NC_077325	2652569
1382	NC_077326	2652570
1382	NC_077327	2652525
1382	NC_077328	2652528
1382	NC_077329	2652677
1382	NC_077330	2652603
1382	NC_077331	2652610
1382	NC_077332	2652475
1382	NC_077333	572236
1382	NC_077334	2652609
1382	NC_077335	2652494
1382	NC_077336	2652630
1382	NC_077337	2652632
1382	NC_077338	2652584
1382	NC_077339	2652552
1382	NC_077340	2652543
1382	NC_077341	2652613
1382	NC_077342	2652548
1382	NC_077343	2652554
1382	NC_077344	1214565
1382	NC_077345	2652524
1382	NC_077346	2932483
1382	NC_077347	2652599
1382	NC_077348	2652640
1382	NC_077349	2652558
1382	NC_077350	2652639
1382	NC_077351	2652542
1382	NC_077352	2652589
1613	NC_077353	2652597
1382	NC_077354	2652484
1382	NC_077355	2652473
1382	NC_077356	2652581
1382	NC_077357	2652578
1382	NC_077358	2652506
1382	NC_077359	2652573
1382	NC_077360	2652507
1382	NC_077361	2652621
1382	NC_077362	2652492
1382	NC_077363	2652602
1384	NC_077364	2652503
1383	NC_077365	1806641
1382	NC_077366	2652590
1382	NC_077367	2652650
1137	NC_077368	2652479
1382	NC_077369	2652512
1382	NC_077370	2652515
1382	NC_077371	2652511
1384	NC_077372	2651908
1382	NC_077373	2652565
1382	NC_077374	2652532
1382	NC_077375	2652637
1382	NC_077376	2652646
1382	NC_077377	2652625
1382	NC_077378	2652487
1382	NC_077379	2652648
1382	NC_077380	2652545
1382	NC_077381	2724787
1382	NC_077382	2652561
1382	NC_077383	2652601
1382	NC_077384	2652614
1382	NC_077385	2652670
1137	NC_077386	2652500
1382	NC_077387	2652514
1382	NC_077388	1806642
1382	NC_077389	2652541
1137	NC_077390	2652595
1382	NC_077391	2652521
1382	NC_077392	2652504
1382	NC_077393	2652645
1382	NC_077394	2652673
1382	NC_077395	2315346
1382	NC_077396	255894
1382	NC_077397	2652529
1382	NC_077398	2652537
1382	NC_077399	2652605
1382	NC_077400	2652485
1382	NC_077401	2652468
1382	NC_077402	378412
1382	NC_077403	2652626
1382	NC_077404	139037
1382	NC_077405	2652510
1382	NC_077406	2652564
1382	NC_077407	2652466
1382	NC_077408	796002
1382	NC_077409	2652467
1382	NC_077410	2932484
1382	NC_077411	2652635
1382	NC_077412	2652478
1382	NC_077413	2652553
1382	NC_077414	2652535
1382	NC_077415	2528955
1382	NC_077416	2652649
1382	NC_077417	2652551
1382	NC_077418	2652579
1382	NC_077419	2652660
1382	NC_077420	2652620
1382	NC_077421	2652616
1382	NC_077422	2724785
1382	NC_077423	2724788
1382	NC_077424	2652477
1382	NC_077425	2652560
1382	NC_077426	2652657
1382	NC_077427	2652629
1382	NC_077428	2652653
1382	NC_077429	2932485
1382	NC_077430	2724783
1382	NC_077431	301346
1382	NC_077432	2818482
1382	NC_077433	2818484
1382	NC_077434	2818485
1382	NC_077435	651549
1382	NC_077436	2652493
1138	NC_077437	2724777
1382	NC_077438	2724790
1382	NC_077439	2932481
1382	NC_077440	2932482
1137	NC_077441	2724782
1382	NC_077442	2528943
1382	NC_077443	2724781
1382	NC_077444	2724789
1382	NC_077445	2724792
1382	NC_077446	2724779
1382	NC_077447	2724780
1382	NC_077448	2652489
1382	NC_077449	2724793
1382	NC_077450	2724784
1382	NC_077451	2652488
1382	NC_077452	2652470
1382	NC_077453	2652522
1382	NC_077454	2652482
1382	NC_077455	2652474
1382	NC_077456	2652476
1382	NC_077457	2652572
1138	NC_077467	2969155
1473	NC_077468	2584543
1473	NC_077469	2969156
1473	NC_077470	255883
1473	NC_077471	2584544
1473	NC_077472	2053897
1473	NC_077473	2969159
1473	NC_077474	2969152
538	NC_077489	447319
868	NC_077490	286882
591	NC_077491	123498
1204	NC_077492	244763
1204	NC_077493	200488
1385	NC_077494	1729111
1204	NC_077495	1045197
1204	NC_077496	1729107
1216	NC_077504	153365
1216	NC_077505	153339
1216	NC_077506	153317
1306	NC_077507	200328
1216	NC_077508	153318
1216	NC_077509	537144
1216	NC_077510	153319
1847	NC_077511	1330314
1639	NC_077512	1245804
1656	NC_077513	2764655
1677	NC_077514	1245801
1677	NC_077515	3038790
1677	NC_077516	1330309
1677	NC_077517	1330300
49	NC_077520	62344
49	NC_077521	246703
49	NC_077522	384654
1639	NC_077527	1330298
450	NC_077528	390504
929	NC_077529	390501
450	NC_077530	390500
450	NC_077531	390499
450	NC_077532	2764620
450	NC_077533	390497
929	NC_077534	47643
450	NC_077535	403827
450	NC_077536	390494
450	NC_077537	20484
417	NC_077538	390493
270	NC_077539	2749487
148	NC_077541	2764617
148	NC_077542	3039008
294	NC_077543	144137
592	NC_077544	2764616
148	NC_077545	3039009
270	NC_077546	2764613
148	NC_077547	2764612
148	NC_077548	2749464
270	NC_077549	144064
148	NC_077550	2749462
270	NC_077551	20402
888	NC_077552	912971
1186	NC_077557	3018408
772	NC_077561	321607
59	NC_077564	394303
59	NC_077565	64699
59	NC_077566	394307
59	NC_077567	64475
73	NC_077568	374976
74	NC_077569	502767
139	NC_077571	421255
695	NC_077573	2992654
593	NC_077574	64032
506	NC_077593	133202
1045	NC_077617	428561
1139	NC_077618	428562
1763	NC_077619	359509
1763	NC_077620	359514
1763	NC_077621	359516
1173	NC_077622	359522
374	NC_077623	428563
1045	NC_077624	948052
1474	NC_077628	188305
1474	NC_077629	608809
1474	NC_077630	3041055
936	NC_077631	2749919
663	NC_077632	1938967
884	NC_077634	542717
1806	NC_077636	45837
1691	NC_077643	48820
1691	NC_077644	1032964
1691	NC_077645	1217174
1631	NC_077646	656647
122	NC_077649	1189062
1319	NC_077652	105301
1319	NC_077653	165605
1319	NC_077654	2835296
1319	NC_077655	165619
1319	NC_077656	91198
818	NC_077657	165635
1319	NC_077658	88847
1319	NC_077659	515455
1319	NC_077660	502132
818	NC_077661	3041209
1691	NC_079572	2762683
1691	NC_079573	3029072
1691	NC_079574	2762690
1691	NC_079575	1032972
1614	NC_079577	764339
1407	NC_079579	199945
1370	NC_079584	3036690
883	NC_079585	604297
1501	NC_079586	1439902
1047	NC_079627	1715889
1047	NC_079628	3041676
1047	NC_079629	1715892
1072	NC_079630	3041677
1047	NC_079631	1715893
1047	NC_079632	2010894
1047	NC_079633	1715896
1047	NC_079634	3041678
1047	NC_079635	1715898
1042	NC_079652	66393
1628	NC_079661	222877
1042	NC_079665	3054372
884	NC_079666	2321409
1160	NC_079695	204141
1042	NC_079701	3054370
1042	NC_079702	3043289
713	NC_079705	943339
713	NC_079706	370905
1386	NC_079707	145673
713	NC_079708	145675
713	NC_079709	480371
520	NC_079710	2544921
520	NC_079711	292683
520	NC_079712	2544923
713	NC_079713	115450
1488	NC_079714	2559692
1488	NC_079715	1233743
713	NC_079716	292746
713	NC_079717	184795
713	NC_079718	416373
713	NC_079719	348460
713	NC_079720	154471
657	NC_079721	77339
520	NC_079722	1089948
713	NC_079723	2860837
713	NC_079724	674195
713	NC_079725	154479
713	NC_079726	348509
520	NC_079727	115473
1317	NC_079728	290260
520	NC_079729	1089976
520	NC_079730	1089980
520	NC_079731	1089990
713	NC_079732	115496
713	NC_079733	131286
713	NC_079734	115498
713	NC_079735	446122
713	NC_079736	446123
1140	NC_079737	446124
713	NC_079738	4720
713	NC_079739	446126
713	NC_079740	446128
1488	NC_079741	93307
713	NC_079742	154488
713	NC_079743	154489
713	NC_079744	184801
713	NC_079745	131296
713	NC_079746	115515
713	NC_079747	469726
713	NC_079748	446155
713	NC_079749	115516
713	NC_079750	469730
713	NC_079751	54447
713	NC_079752	469732
713	NC_079753	469733
713	NC_079754	348516
520	NC_079755	447618
520	NC_079756	2831168
520	NC_079757	2873436
713	NC_079758	1505919
713	NC_079759	1056962
713	NC_079760	115529
713	NC_079761	1056963
713	NC_079762	1056965
520	NC_079763	145714
713	NC_079764	184793
713	NC_079765	2799473
713	NC_079766	131249
1317	NC_079767	290258
1317	NC_079768	290272
1387	NC_079769	131259
713	NC_079770	145677
1317	NC_079771	290278
1488	NC_079772	1225077
713	NC_079773	292695
713	NC_079774	348475
1388	NC_079775	3028551
713	NC_079776	480897
713	NC_079777	352070
713	NC_079778	131265
520	NC_079779	1089958
713	NC_079780	292706
713	NC_079781	154482
713	NC_079782	292773
713	NC_079783	456885
713	NC_079784	131271
713	NC_079785	145693
713	NC_079786	131274
713	NC_079787	1505921
713	NC_079788	131276
520	NC_079789	1089959
713	NC_079790	93283
520	NC_079791	1089970
713	NC_079792	480374
520	NC_079793	940354
520	NC_079794	1089991
520	NC_079795	115491
1317	NC_079796	2448448
713	NC_079797	131288
713	NC_079798	292669
713	NC_079799	184789
713	NC_079800	184787
713	NC_079801	145697
713	NC_079802	115504
713	NC_079803	154485
713	NC_079804	2559486
713	NC_079805	2559487
713	NC_079806	292697
520	NC_079807	115513
520	NC_079808	115514
713	NC_079809	292783
713	NC_079810	145709
520	NC_079811	1090036
713	NC_079812	184803
713	NC_079813	131300
713	NC_079814	480906
520	NC_079815	3042829
713	NC_079816	115527
713	NC_079817	292712
1198	NC_079818	1431197
883	NC_079823	1770158
1621	NC_079824	376246
1141	NC_079826	198854
1020	NC_079828	1621233
1020	NC_079829	539025
1141	NC_079830	1621227
1020	NC_079831	595571
1020	NC_079832	539045
1020	NC_079833	198869
1020	NC_079834	539088
1020	NC_079835	198886
1020	NC_079836	539103
1020	NC_079837	198901
1020	NC_079838	1621248
895	NC_079839	100149
594	NC_079840	539178
895	NC_079841	3025157
24	NC_079845	1046423
1021	NC_079847	72185
1021	NC_079848	3472
696	NC_079854	175026
139	NC_079867	577513
139	NC_079868	649271
139	NC_079869	2722879
139	NC_079870	3044383
139	NC_079871	577515
139	NC_079872	74630
883	NC_079915	1008935
720	NC_079918	862998
139	NC_079924	32246
139	NC_079925	1616082
139	NC_079926	119234
139	NC_079927	74637
139	NC_079928	649269
139	NC_079929	1642051
139	NC_079930	1036029
139	NC_079931	649270
139	NC_079932	74644
139	NC_079933	1608492
139	NC_079934	971287
884	NC_079935	452959
139	NC_079958	641286
139	NC_079959	577510
139	NC_079960	283339
139	NC_079961	267232
139	NC_079962	396733
139	NC_079963	1826635
139	NC_079964	1036027
1885	NC_080204	374712
236	NC_080210	1080326
1333	NC_080211	2926336
884	NC_080228	452966
884	NC_080233	542737
1784	NC_080234	1685553
1758	NC_080235	141318
1753	NC_080236	1685548
1762	NC_080237	3040088
1753	NC_080238	1685551
1762	NC_080239	1685555
1768	NC_080241	714472
1762	NC_080242	1685546
1753	NC_080243	3040089
194	NC_080244	3038291
775	NC_080264	3040768
1687	NC_080272	1541229
467	NC_080273	1898862
884	NC_080274	544491
1691	NC_080277	1971718
1691	NC_080278	2750839
1691	NC_080279	1522187
1691	NC_080280	2762691
1691	NC_080281	1032937
1691	NC_080282	1971723
1319	NC_080284	669877
1319	NC_080285	669878
1319	NC_080286	669880
1319	NC_080287	165670
1568	NC_080288	2483102
1519	NC_080289	2483109
1519	NC_080290	2483070
1569	NC_080291	2973732
1519	NC_080292	2973733
1519	NC_080293	2483072
1519	NC_080294	2483075
1519	NC_080295	2483083
1519	NC_080296	2483090
1518	NC_080297	2483093
1519	NC_080298	2483094
1519	NC_080299	2483095
1519	NC_080300	2483098
1519	NC_080301	2483100
1519	NC_080302	2483103
1519	NC_080303	2483105
1519	NC_080304	106456
1519	NC_080305	100696
1519	NC_080306	2483088
1570	NC_080307	547592
50	NC_080315	2799954
1719	NC_080330	1176413
1697	NC_080332	441023
883	NC_080341	1143231
139	NC_080342	667249
139	NC_080343	971290
139	NC_080344	411214
139	NC_080345	3049248
775	NC_080346	2054570
1408	NC_080348	179352
1737	NC_080349	521743
1022	NC_080350	147635
1678	NC_080351	119585
1678	NC_080352	38788
1678	NC_080353	50469
139	NC_080356	3049958
1209	NC_080369	97984
565	NC_080371	261437
612	NC_080376	3043769
1094	NC_080497	2054533
1422	NC_080498	1914886
1307	NC_080499	2652152
1422	NC_080500	486663
1489	NC_080501	396393
1571	NC_080502	229438
1692	NC_080504	2940253
1692	NC_080505	229427
1738	NC_080506	265247
684	NC_080508	3051034
1785	NC_080510	2479460
214	NC_080515	135518
424	NC_080516	175228
214	NC_080517	78511
697	NC_080522	46996
760	NC_080535	1414754
191	NC_080867	178187
333	NC_080870	3045929
619	NC_080871	3041915
914	NC_080872	363219
1472	NC_080874	692147
884	NC_080884	542715
1475	NC_080891	1197916
1333	NC_080893	2579145
571	NC_080898	248827
192	NC_080901	121077
1389	NC_080919	326835
1865	NC_080920	326833
1308	NC_080922	216522
1390	NC_080923	326827
637	NC_080966	670328
1821	NC_080986	3056920
605	NC_080989	335203
1183	NC_080990	2590719
520	NC_080993	1090009
888	NC_080994	206310
102	NC_080995	671525
1407	NC_081004	125116
910	NC_081012	1241825
910	NC_081013	155013
910	NC_081014	859319
720	NC_081017	3058091
1245	NC_081018	3058092
880	NC_081019	108412
720	NC_081047	3050396
884	NC_081063	452963
1021	NC_081064	72190
1257	NC_081108	457775
1214	NC_081109	50459
1858	NC_081110	228874
1209	NC_081111	945839
1261	NC_081114	282595
1261	NC_081115	282597
1242	NC_081117	95392
1242	NC_081118	311953
1242	NC_081119	2764633
1267	NC_081120	2764639
1267	NC_081121	155756
1267	NC_081122	1492263
1267	NC_081123	537132
1267	NC_081124	369002
1391	NC_081125	345537
1176	NC_081126	1205763
1215	NC_081127	537184
1261	NC_081128	358674
6	NC_081129	1619609
15	NC_081130	1511924
1215	NC_081133	537185
636	NC_081460	1267443
439	NC_081461	1008904
741	NC_081462	1009467
1055	NC_081463	57008
1890	NC_081465	2925019
443	NC_081467	33126
1440	NC_081469	1159551
1440	NC_081470	1218747
1440	NC_081471	244036
1440	NC_081472	59115
1440	NC_081473	1547482
509	NC_081474	64027
509	NC_081475	64035
509	NC_081476	64039
1522	NC_081477	204219
612	NC_081478	3047879
510	NC_081482	1348752
1076	NC_081486	499989
1141	NC_081487	2747421
1141	NC_081488	2747424
1141	NC_081489	2747423
1476	NC_081496	516948
1476	NC_081497	669730
1813	NC_081500	41689
1822	NC_081512	1795528
1541	NC_081513	1174927
1541	NC_081514	294092
1518	NC_081515	72644
1519	NC_081516	1908554
1541	NC_081604	3051553
1541	NC_081605	3051594
1541	NC_081606	446902
1541	NC_081607	3051595
1541	NC_081608	2602971
1541	NC_081609	1908765
1541	NC_081610	106477
1541	NC_081611	294031
1541	NC_081612	1618065
1541	NC_081613	3051554
1541	NC_081614	3051555
1541	NC_081615	294032
1541	NC_081616	3051596
1541	NC_081617	588399
1541	NC_081618	482611
1541	NC_081619	1620205
1541	NC_081620	3051556
1541	NC_081621	405629
1541	NC_081622	588398
1541	NC_081623	2136380
1541	NC_081624	2014384
1541	NC_081625	863858
1541	NC_081626	294042
1541	NC_081627	2708201
1541	NC_081628	294043
1541	NC_081629	294044
1541	NC_081630	3051557
1541	NC_081631	3051558
1541	NC_081632	3051559
1541	NC_081633	3051560
1541	NC_081634	588397
1519	NC_081635	49533
1541	NC_081636	482607
1541	NC_081637	3051561
1541	NC_081638	3051562
1541	NC_081639	3051563
1541	NC_081640	622461
1541	NC_081641	1908568
1541	NC_081642	588396
1541	NC_081643	2708205
1541	NC_081644	3051564
1541	NC_081645	482609
1541	NC_081646	294051
1541	NC_081647	1842907
1541	NC_081648	220113
1541	NC_081649	588395
1541	NC_081650	1908573
1541	NC_081651	1842910
1541	NC_081652	49889
1541	NC_081653	294056
1541	NC_081654	49890
1541	NC_081655	3051566
1541	NC_081656	3051567
1541	NC_081657	2708212
1541	NC_081658	3155939
1541	NC_081659	294059
1541	NC_081660	106481
1541	NC_081661	3051568
1541	NC_081662	2708215
1541	NC_081663	2708216
1541	NC_081664	3051569
1541	NC_081665	2709153
1541	NC_081666	2014390
1541	NC_081667	622465
1541	NC_081668	294061
1541	NC_081669	3051570
1541	NC_081670	2708219
1541	NC_081671	3051571
1541	NC_081672	294064
1541	NC_081673	588392
1541	NC_081674	294066
1541	NC_081675	2708221
1541	NC_081676	1908577
1541	NC_081677	1908578
1541	NC_081678	2014391
1541	NC_081679	294068
1541	NC_081680	2014393
1541	NC_081681	1842917
1541	NC_081682	1842918
1541	NC_081683	1908581
1541	NC_081684	2014394
1541	NC_081685	1908582
1541	NC_081686	588390
1541	NC_081687	3051572
1541	NC_081688	3051573
1541	NC_081689	622466
1541	NC_081690	588389
1541	NC_081691	1842920
1541	NC_081692	3051574
1541	NC_081693	1842921
1541	NC_081694	3051575
1541	NC_081695	294073
1541	NC_081696	2708226
1541	NC_081697	1842923
1541	NC_081698	3051576
1541	NC_081699	588388
1541	NC_081700	3051577
1541	NC_081701	1908586
1572	NC_081702	2014398
1541	NC_081703	405631
1549	NC_081704	294097
1541	NC_081705	1093659
1541	NC_081706	588387
1541	NC_081707	1842927
1541	NC_081708	482610
1541	NC_081709	405632
1541	NC_081710	3051578
1541	NC_081711	1908588
1541	NC_081712	3051579
1541	NC_081713	588386
1541	NC_081714	294079
1541	NC_081715	2136396
1541	NC_081716	588385
1541	NC_081717	129734
1541	NC_081718	294081
1541	NC_081719	3051580
1541	NC_081720	3051581
1541	NC_081721	3051582
1541	NC_081722	3051583
1541	NC_081723	3051584
1541	NC_081724	3051585
1541	NC_081725	3051586
1541	NC_081726	3051587
1541	NC_081727	622467
1541	NC_081728	1908592
1541	NC_081729	588383
1541	NC_081730	106485
1541	NC_081731	1842930
1541	NC_081732	3051588
1541	NC_081733	2086496
1541	NC_081734	405634
1541	NC_081735	294083
1541	NC_081736	3051589
1572	NC_081737	2014404
1541	NC_081738	2014405
1541	NC_081739	2014406
1541	NC_081740	294085
1541	NC_081741	1842931
1549	NC_081742	294098
1541	NC_081743	863859
1541	NC_081744	3051590
1541	NC_081745	2014407
1541	NC_081746	2014408
1541	NC_081747	3051591
1541	NC_081748	2709155
1541	NC_081749	3051592
1541	NC_081750	294094
1541	NC_081751	3051593
1541	NC_081752	1093665
1541	NC_081753	1093671
1541	NC_081754	1908774
1392	NC_081864	354484
1393	NC_081865	282647
1394	NC_081866	1764330
1392	NC_081867	1226053
1392	NC_081868	1226057
869	NC_081870	1226069
1392	NC_081871	1226071
869	NC_081872	2981372
869	NC_081873	1226072
869	NC_081874	3002538
869	NC_081875	282608
1395	NC_081876	1125850
869	NC_081877	2981376
1392	NC_081878	354496
1396	NC_081879	1226079
1397	NC_081880	354498
1392	NC_081881	68548
698	NC_081883	282616
869	NC_081884	3002497
1436	NC_081889	1226096
869	NC_081895	1226103
869	NC_081896	2820919
869	NC_081897	2981431
1398	NC_081899	2492890
1392	NC_081900	1226106
1573	NC_081904	49881
1541	NC_081905	2708235
1402	NC_081906	100679
1204	NC_081907	1045195
1142	NC_081908	376254
450	NC_081909	575199
900	NC_081911	669305
720	NC_081916	1161186
720	NC_081917	591211
720	NC_081918	862984
720	NC_081919	179661
720	NC_081920	1197756
720	NC_081921	1569453
720	NC_081922	591212
720	NC_081923	145982
720	NC_081924	1569454
53	NC_081926	319738
1041	NC_081929	3058894
1041	NC_081930	995786
1041	NC_081931	995797
1041	NC_081932	1701878
1314	NC_081960	38857
1313	NC_081961	1617354
713	NC_081962	400887
783	NC_081971	133573
930	NC_081982	1620028
930	NC_081983	1370059
1131	NC_081984	416640
1131	NC_081985	139933
1131	NC_081986	139936
1059	NC_081987	3059074
930	NC_081988	3059069
930	NC_081989	16723
1472	NC_081995	1161996
1472	NC_081996	1970670
1472	NC_081997	1970668
153	NC_082025	178175
164	NC_082026	2870639
164	NC_082027	1679386
164	NC_082028	2994697
1690	NC_082029	3019641
1690	NC_082030	3019642
1690	NC_082031	165345
1690	NC_082032	3019644
1690	NC_082033	1205704
1333	NC_082040	468851
1333	NC_082041	468848
1333	NC_082042	468856
1333	NC_082043	331162
1333	NC_082044	468858
1333	NC_082045	339046
1399	NC_082046	212052
1399	NC_082047	228478
1399	NC_082048	212053
1442	NC_082049	75580
969	NC_082053	3953
1853	NC_082055	2883515
883	NC_082056	455101
245	NC_082057	72166
1477	NC_082061	814928
1588	NC_082096	146542
720	NC_082098	548154
699	NC_082100	796862
1143	NC_082101	640487
1400	NC_082102	2058583
1691	NC_082106	1736650
570	NC_082110	167429
1697	NC_082429	440949
1017	NC_082579	289799
1710	NC_082580	204151
139	NC_082581	124693
1035	NC_082845	2871681
1206	NC_082904	462872
1873	NC_082913	3020961
1401	NC_082914	339075
1333	NC_082915	53059
1333	NC_082916	331181
860	NC_082919	2981182
1696	NC_082920	1971366
237	NC_082922	137186
92	NC_082923	222649
92	NC_082924	698813
92	NC_082925	3073856
295	NC_082927	3073857
295	NC_082928	2060757
365	NC_082929	2060756
684	NC_082963	2917579
1023	NC_082965	3074321
1024	NC_082966	1623366
1025	NC_082967	979727
1026	NC_082968	1623363
1027	NC_082969	984478
1805	NC_082971	56038
884	NC_082975	3074754
884	NC_082976	1840585
884	NC_082977	2939673
884	NC_082978	1454366
884	NC_082979	2915795
884	NC_082980	2915786
884	NC_082981	542750
570	NC_083081	1608375
570	NC_083082	2029998
570	NC_083083	2029654
1050	NC_083084	714518
1704	NC_083086	1531355
1704	NC_083087	1531357
139	NC_083088	2066563
756	NC_083089	193528
756	NC_083090	1185385
1187	NC_083119	1333885
1187	NC_083120	457253
570	NC_083127	103488
41	NC_083128	2173068
32	NC_083129	58708
1333	NC_083135	426947
1333	NC_083136	3075770
1333	NC_083137	3075771
1333	NC_083138	3075772
1333	NC_083139	3075773
344	NC_083141	3075835
344	NC_083142	1863013
1499	NC_083192	2714098
1499	NC_083193	2714099
1499	NC_083194	2714100
1574	NC_083195	584768
1545	NC_083196	2831472
1499	NC_083197	584743
1499	NC_083198	496700
1499	NC_083199	941844
1499	NC_083201	2663480
1615	NC_083202	2663478
1575	NC_083203	2666435
1499	NC_083204	2714101
1499	NC_083205	584749
1616	NC_083206	2714104
1617	NC_083207	165487
1499	NC_083208	165498
1499	NC_083209	2663479
1616	NC_083210	496701
282	NC_083211	3076540
595	NC_083219	555479
700	NC_083220	105674
294	NC_083909	2836192
375	NC_083910	3077617
296	NC_083911	2836193
296	NC_083912	2184288
450	NC_083913	626695
1144	NC_083914	149687
1020	NC_083919	1621226
256	NC_083920	1479707
482	NC_083921	483877
139	NC_083977	1608485
1813	NC_083980	205567
297	NC_083981	4628
297	NC_083982	341692
1442	NC_083984	2771004
596	NC_083997	426910
1224	NC_084044	933138
1350	NC_084045	342061
1607	NC_084046	2758143
1350	NC_084047	2785301
1710	NC_084048	268915
1309	NC_084049	392646
1632	NC_084051	268881
423	NC_084065	345098
522	NC_084066	1897473
522	NC_084067	171939
522	NC_084068	171943
522	NC_084069	171935
522	NC_084070	171932
522	NC_084071	171933
1478	NC_084072	3080003
1553	NC_084103	248302
1594	NC_084107	1603704
1479	NC_084108	249220
1154	NC_084109	3079819
644	NC_084118	3080982
1813	NC_084119	1108001
1813	NC_084120	1112053
298	NC_084123	366915
597	NC_084130	1851346
598	NC_084131	1155259
411	NC_084132	40784
411	NC_084133	669657
299	NC_084134	80777
597	NC_084135	1070709
344	NC_084136	66662
1687	NC_084137	309535
1687	NC_084138	1470411
1687	NC_084139	1541217
1687	NC_084140	941464
1687	NC_084141	309525
1687	NC_084142	1541219
1614	NC_084143	309528
1687	NC_084144	2491195
1687	NC_084146	1541222
1687	NC_084147	1470417
1687	NC_084148	2491196
1687	NC_084149	2877167
1687	NC_084150	1541227
1687	NC_084151	2877168
1687	NC_084153	2491198
1687	NC_084154	1541231
1687	NC_084155	1470421
1708	NC_084156	2491199
1687	NC_084157	1541237
1687	NC_084158	679631
1687	NC_084159	2491200
1708	NC_084160	679632
1708	NC_084161	1508136
1685	NC_084165	2684400
1685	NC_084166	3081611
1685	NC_084167	984302
1685	NC_084168	1766721
1679	NC_084174	3080981
1594	NC_084175	536996
1739	NC_084176	2516287
471	NC_084177	1827312
720	NC_084179	863002
1707	NC_084187	58378
215	NC_084188	122300
1541	NC_084189	1908589
1744	NC_084190	1127251
1618	NC_084191	2894893
1479	NC_084199	48523
1576	NC_084200	168340
1553	NC_084201	222084
1553	NC_084202	222085
870	NC_084203	1423388
640	NC_084211	366919
640	NC_084212	60117
310	NC_084216	475751
871	NC_084217	152284
1619	NC_084218	123680
1028	NC_084219	1632116
911	NC_084220	3083244
1029	NC_084221	152288
1030	NC_084222	3083243
911	NC_084223	860741
905	NC_084224	96933
1031	NC_084225	60124
911	NC_084226	860760
946	NC_084227	716922
1032	NC_084228	152626
1031	NC_084229	860765
798	NC_084231	1174967
1319	NC_084232	1174970
798	NC_084233	3055941
978	NC_084234	165623
1319	NC_084235	105309
1319	NC_084236	48874
978	NC_084237	88844
1319	NC_084238	113214
884	NC_084240	447317
1154	NC_084246	3084951
1205	NC_084256	204362
597	NC_084262	3080245
470	NC_084281	544988
259	NC_084282	1507410
872	NC_084283	59339
1245	NC_084293	3082772
1226	NC_084319	1874238
1226	NC_084320	1898873
570	NC_084325	3088132
986	NC_084329	1888382
1620	NC_084330	90454
1405	NC_084332	2951918
270	NC_084335	649199
42	NC_084336	2822940
164	NC_084350	2915987
1035	NC_084351	4560
164	NC_084367	262459
164	NC_084371	334475
1408	NC_084375	257354
644	NC_084377	2977355
701	NC_084378	1921730
1786	NC_084379	3065487
164	NC_084380	2909257
164	NC_084381	219872
164	NC_084382	334474
164	NC_084383	2915953
164	NC_084386	2915957
164	NC_084387	2915960
164	NC_084388	2916021
164	NC_084389	2915974
164	NC_084390	2916009
164	NC_084391	2916011
164	NC_084392	219902
164	NC_084393	2916023
176	NC_084394	2916015
164	NC_084395	219904
164	NC_084396	2915983
164	NC_084397	2915986
636	NC_084398	306929
1461	NC_084401	516044
154	NC_084402	1033851
442	NC_084403	2930495
1461	NC_084404	1553920
1485	NC_084405	4205
1206	NC_084406	13485
127	NC_084410	1177745
196	NC_084411	3092261
129	NC_084415	350027
628	NC_084416	54451
104	NC_084417	63355
1740	NC_084418	1088823
702	NC_084419	53045
1740	NC_084420	1088834
1150	NC_084427	216499
1150	NC_084428	212753
1150	NC_084429	2291174
1150	NC_084430	944283
1150	NC_084431	270100
1150	NC_084432	46346
1150	NC_084433	1439931
1150	NC_084434	3092757
1150	NC_084435	212756
1150	NC_084436	39385
1150	NC_084437	2803541
1150	NC_084438	944287
1150	NC_084439	216500
1382	NC_084440	3092756
442	NC_084444	2991587
442	NC_084445	2991586
284	NC_084453	409518
284	NC_084454	1161166
884	NC_084455	147917
884	NC_084456	147915
1078	NC_084871	2995470
511	NC_084969	4355
636	NC_085147	2883987
636	NC_085148	306927
636	NC_085149	2883986
703	NC_085150	306925
703	NC_085151	306931
1480	NC_085156	2706247
1480	NC_085157	125400
155	NC_085158	426933
1430	NC_085159	125487
1481	NC_085160	2706354
20	NC_085164	365733
20	NC_085165	365734
1542	NC_085169	49570
442	NC_085181	2997898
612	NC_085202	100527
612	NC_085203	261406
612	NC_085204	312036
1790	NC_085215	1612632
1790	NC_085216	693376
1790	NC_085217	310423
1808	NC_085218	126432
1808	NC_085219	485365
835	NC_085221	228522
1382	NC_085222	2724955
1382	NC_085223	2652676
1382	NC_085224	2652683
720	NC_085231	3078261
1059	NC_085233	139937
1489	NC_085237	1341708
1577	NC_085243	2995338
279	NC_085245	197126
279	NC_085246	2871443
279	NC_085247	3103161
279	NC_085248	3103162
1741	NC_085249	1523604
1813	NC_085278	374031
1710	NC_085281	3104704
704	NC_085283	298662
608	NC_085288	77603
1578	NC_085322	751787
720	NC_085342	323921
720	NC_085343	338504
883	NC_085347	3106003
1145	NC_085351	103993
376	NC_085352	1489665
911	NC_085353	23110
1848	NC_085364	190803
83	NC_085365	3106216
442	NC_085366	473991
143	NC_085417	196626
143	NC_085418	60423
744	NC_085419	434235
619	NC_085423	272856
570	NC_085458	2029653
1790	NC_085477	310425
867	NC_085480	3107789
1349	NC_085481	49724
1729	NC_085483	694029
884	NC_085496	2321405
883	NC_085497	36602
883	NC_085498	106554
883	NC_085499	1184610
1787	NC_085504	46030
1761	NC_085505	1211623
1761	NC_085506	1685578
883	NC_085521	106565
883	NC_085522	106559
883	NC_085523	106555
570	NC_085533	1045284
1791	NC_085534	480913
900	NC_085559	3086689
143	NC_085564	133895
1461	NC_085567	859224
883	NC_085571	3108480
883	NC_085572	1826792
883	NC_085573	470526
883	NC_085574	3091549
883	NC_085575	3091547
883	NC_085576	186523
883	NC_085577	3090533
883	NC_085578	1008924
883	NC_085579	3090200
883	NC_085580	2760073
883	NC_085581	343465
883	NC_085582	1217205
883	NC_085583	1770155
883	NC_085584	1775738
883	NC_085585	691236
883	NC_085586	3108496
883	NC_085587	3108492
883	NC_085588	3095560
883	NC_085589	3108479
883	NC_085590	1851445
883	NC_085591	3108495
1333	NC_085592	1486051
1480	NC_085593	1281861
1480	NC_085594	2016658
1707	NC_085598	1905575
352	NC_085600	1277773
1477	NC_085603	683194
143	NC_085604	212141
1579	NC_085607	1506205
1580	NC_085608	222986
1402	NC_085609	230702
1519	NC_085610	222990
1581	NC_085611	100698
1570	NC_085612	261219
1402	NC_085613	106434
691	NC_085615	1792755
883	NC_085622	691230
883	NC_085623	691229
883	NC_085624	3109545
883	NC_085625	1770163
883	NC_085626	1770157
883	NC_085627	3109546
883	NC_085628	1770159
883	NC_085629	661363
883	NC_085631	1826797
883	NC_085632	690342
883	NC_085633	1826800
883	NC_085634	1826804
883	NC_085635	691239
883	NC_085636	3091941
883	NC_085637	2034696
883	NC_085638	1826811
883	NC_085639	1770154
883	NC_085640	510712
883	NC_085641	416296
883	NC_085642	416297
883	NC_085643	416303
883	NC_085644	661350
883	NC_085645	1572684
883	NC_085646	1775740
883	NC_085647	1000428
883	NC_085648	3091545
883	NC_085649	2873987
883	NC_085650	2720251
883	NC_085651	141006
883	NC_085652	765745
883	NC_085653	691233
883	NC_085654	691241
883	NC_085655	3091535
883	NC_085656	3091937
883	NC_085657	1770153
883	NC_085658	32249
883	NC_085659	1770160
883	NC_085660	1770161
883	NC_085661	2604395
883	NC_085662	3091543
883	NC_085663	1826807
883	NC_085664	1826808
883	NC_085665	656924
883	NC_085666	2831160
883	NC_085667	691243
883	NC_085668	1770165
883	NC_085669	1828479
883	NC_085670	3091939
883	NC_085671	1826784
1482	NC_085704	142301
1407	NC_085705	634106
1407	NC_085706	3079011
1407	NC_085707	3079012
1407	NC_085708	123163
1064	NC_085709	1959750
148	NC_085710	20401
1812	NC_085711	119830
699	NC_085712	1419549
699	NC_085713	3074324
699	NC_085714	3074325
699	NC_085715	3074326
616	NC_085716	3074327
699	NC_085717	433859
284	NC_085718	409512
284	NC_085719	409522
284	NC_085720	409515
284	NC_085721	2008527
284	NC_085722	141007
284	NC_085723	1450210
972	NC_085724	23225
284	NC_085725	2008508
284	NC_085726	409511
284	NC_085727	409517
284	NC_085728	216037
284	NC_085729	409521
1220	NC_085730	3074738
512	NC_085731	3079884
1582	NC_085732	1538057
571	NC_085733	248844
270	NC_085734	339505
1542	NC_085740	2292105
1542	NC_085741	3034657
1542	NC_085742	3034671
1542	NC_085743	3034672
1542	NC_085744	3034656
1225	NC_085749	549619
1483	NC_085752	48106
1405	NC_085753	228659
1405	NC_085754	50308
1405	NC_085755	46415
1075	NC_085759	79606
806	NC_085761	667287
1443	NC_085769	2844878
1443	NC_085770	357931
1443	NC_085771	357932
1041	NC_085774	292538
1041	NC_085775	58956
1041	NC_085776	995787
1146	NC_085777	995800
1041	NC_085778	585821
1041	NC_085779	292543
1041	NC_085780	1273557
1041	NC_085781	3111470
1041	NC_085783	1273555
450	NC_085784	714474
1552	NC_085788	1439377
1403	NC_085796	1162975
1154	NC_085797	97746
1154	NC_085798	1540396
1857	NC_085799	110722
1154	NC_085800	1969798
1154	NC_085801	857210
1154	NC_085802	110740
1154	NC_085803	1969799
1154	NC_085804	2827384
1857	NC_085805	4646
1154	NC_085806	2981558
1857	NC_085807	2981559
548	NC_085808	97751
700	NC_085809	97739
238	NC_085810	94390
1411	NC_085818	80288
1411	NC_085819	80294
1411	NC_085820	80321
1691	NC_085823	3112158
1522	NC_086486	38860
1484	NC_086488	543980
1680	NC_086489	294739
1147	NC_086503	3025131
1148	NC_086504	3025132
1485	NC_086516	237949
336	NC_086520	260700
1813	NC_086521	856898
1813	NC_086523	856883
1813	NC_086524	3112402
1813	NC_086525	856882
1813	NC_086526	856895
684	NC_086529	3026407
684	NC_086530	2917566
684	NC_086531	2917578
684	NC_086532	2917573
705	NC_086540	3027164
684	NC_086541	3027166
684	NC_086542	3027165
1813	NC_086544	2998085
1813	NC_086545	561130
1823	NC_086546	172795
1813	NC_086547	561128
1813	NC_086548	317827
1813	NC_086549	856989
1813	NC_086550	199469
1691	NC_086552	3112624
1805	NC_086553	764602
1805	NC_086554	764601
1498	NC_086555	1087055
883	NC_086558	2291143
883	NC_086559	2305210
883	NC_086560	661366
883	NC_086561	1248461
883	NC_086562	661340
883	NC_086563	2305212
883	NC_086564	661345
883	NC_086565	661351
883	NC_086566	665325
14	NC_086573	430093
470	NC_086576	283133
473	NC_086577	296041
706	NC_086578	210077
538	NC_086579	3113364
410	NC_086580	995792
410	NC_086581	198811
32	NC_086584	2173063
30	NC_086585	2173072
37	NC_086586	3064835
570	NC_086588	3002910
1055	NC_086590	1053966
1480	NC_086627	125394
616	NC_086645	149379
1020	NC_086646	198888
1583	NC_086656	2028288
347	NC_086661	2990783
347	NC_086662	117666
637	NC_086663	1071044
1604	NC_086665	265135
744	NC_086667	434234
744	NC_086668	434236
1317	NC_086669	1170574
1317	NC_086670	446147
1317	NC_086671	446146
1317	NC_086672	1125927
1485	NC_086692	61589
1824	NC_086693	237959
1849	NC_086694	179996
1485	NC_086695	61590
1485	NC_086696	1127633
1485	NC_086697	1444320
1399	NC_086698	1617347
1399	NC_086699	2137411
1399	NC_086700	907956
1399	NC_086701	469745
1407	NC_086702	1424676
1408	NC_086703	1905246
1407	NC_086704	78697
1407	NC_086705	1424690
571	NC_086706	248856
442	NC_086708	692012
470	NC_086710	271538
513	NC_086711	301005
177	NC_086714	219869
164	NC_086715	1489815
1333	NC_086716	331231
442	NC_086727	376874
1149	NC_086728	226581
715	NC_086735	435766
844	NC_086736	863852
844	NC_086737	173850
827	NC_086738	208282
1083	NC_086739	29694
715	NC_086740	48735
715	NC_086741	281131
715	NC_086742	281129
715	NC_086743	1461608
844	NC_086744	2503017
619	NC_086746	77334
619	NC_086747	3045930
884	NC_086748	1889606
122	NC_086774	2291139
1681	NC_086776	4436
628	NC_086777	420835
1461	NC_086813	584765
1526	NC_086814	2847120
760	NC_086834	330579
760	NC_086835	1755022
760	NC_086836	1611267
760	NC_086837	2078704
760	NC_086838	1620016
760	NC_086839	330547
760	NC_086840	1755027
760	NC_086841	3118202
760	NC_086842	1079125
760	NC_086843	1755029
15	NC_086849	537173
599	NC_086850	3116939
1728	NC_086853	1712205
570	NC_086856	2030015
570	NC_086857	1482880
570	NC_086858	2831156
570	NC_086859	167399
570	NC_086860	1482896
1813	NC_086861	227722
1813	NC_086862	1045174
1405	NC_086867	330647
1813	NC_086868	45843
1813	NC_086880	942186
1813	NC_086881	942187
1813	NC_086882	337183
1813	NC_086883	3118957
1813	NC_086884	1968205
1813	NC_086885	1167620
1691	NC_086889	1736646
1691	NC_086890	411098
1691	NC_086891	1736677
1691	NC_086892	1736635
1691	NC_086893	1736641
1691	NC_086894	3112179
1691	NC_086895	1523607
1691	NC_086896	1032970
1691	NC_086898	3120011
1584	NC_086899	79376
129	NC_086901	180955
129	NC_086902	50993
684	NC_086925	2917563
684	NC_086926	2917576
684	NC_086927	2917570
684	NC_086928	2917582
684	NC_086929	2917564
684	NC_086930	2917567
684	NC_086931	2917581
684	NC_086932	1142992
684	NC_086933	2917568
684	NC_086934	2917571
684	NC_086935	2917575
684	NC_086936	2917577
684	NC_086937	2917569
684	NC_086938	2917574
684	NC_086940	2917565
684	NC_086941	2917580
684	NC_086942	2713338
377	NC_086943	174551
1461	NC_086953	1917946
139	NC_086968	3121384
797	NC_086969	478373
139	NC_086971	57932
139	NC_086972	3121459
139	NC_086973	3121456
139	NC_086974	1732554
762	NC_086975	1429983
139	NC_086976	3121453
334	NC_086978	3121454
119	NC_086979	3121451
139	NC_086980	667228
873	NC_086981	3121455
139	NC_086982	210862
873	NC_086983	654634
873	NC_086984	3121458
873	NC_086985	3121460
139	NC_086986	1732548
139	NC_086987	667297
139	NC_086988	1541695
1850	NC_086989	1778369
778	NC_086990	714647
806	NC_086991	57939
335	NC_086992	714487
93	NC_086993	3121448
806	NC_086994	667262
806	NC_086995	210859
806	NC_086996	516013
806	NC_086997	667294
806	NC_086998	667264
806	NC_086999	654613
806	NC_087000	3091636
806	NC_087001	1819533
806	NC_087002	667246
806	NC_087003	1819540
806	NC_087004	1819547
806	NC_087005	57942
806	NC_087006	654631
874	NC_087007	3091635
874	NC_087008	1819538
806	NC_087009	667252
806	NC_087010	1732545
806	NC_087011	654633
806	NC_087012	1961204
806	NC_087013	1732547
806	NC_087014	654620
806	NC_087015	1732550
806	NC_087016	1778373
806	NC_087017	667269
820	NC_087018	1562891
820	NC_087019	3121463
820	NC_087020	3121465
820	NC_087021	3091642
806	NC_087022	1472690
797	NC_087023	57947
797	NC_087024	478372
797	NC_087025	478366
797	NC_087026	3121464
875	NC_087027	478363
762	NC_087028	457911
762	NC_087029	1541699
762	NC_087030	687993
139	NC_087031	1541698
778	NC_087033	57940
876	NC_087034	3121475
778	NC_087035	1076577
778	NC_087036	667283
778	NC_087037	57933
876	NC_087038	654646
876	NC_087039	3121473
876	NC_087040	1042667
876	NC_087041	57925
876	NC_087042	3089657
876	NC_087043	3121474
876	NC_087044	1961205
876	NC_087045	2713430
876	NC_087046	1008379
1866	NC_087047	1053328
32	NC_087048	1633998
442	NC_087061	79200
359	NC_087626	648879
703	NC_087627	235797
79	NC_087631	2862211
760	NC_087632	3024805
760	NC_087633	3037238
760	NC_087634	2491240
760	NC_087635	1718237
760	NC_087636	883142
760	NC_087637	2851935
760	NC_087638	3037239
760	NC_087639	2851949
749	NC_087640	2851938
749	NC_087641	330571
877	NC_087642	2851940
760	NC_087643	2851943
760	NC_087644	3037240
760	NC_087645	3037241
760	NC_087646	2851944
760	NC_087647	2851945
760	NC_087648	330574
760	NC_087649	3037242
760	NC_087650	3037206
760	NC_087651	1755024
760	NC_087652	3037207
760	NC_087653	1755023
749	NC_087654	3037208
760	NC_087655	1755021
760	NC_087656	3037209
760	NC_087657	1755028
760	NC_087658	3037212
760	NC_087659	2491215
760	NC_087660	3037213
616	NC_087661	3037214
760	NC_087662	3037215
760	NC_087663	3037216
760	NC_087664	3037217
760	NC_087665	796866
760	NC_087666	3037218
760	NC_087667	1070438
760	NC_087668	3024799
760	NC_087669	106889
760	NC_087670	3037220
760	NC_087671	2057673
760	NC_087672	3037221
760	NC_087673	3037223
760	NC_087674	1622064
760	NC_087675	2491230
760	NC_087676	3037224
760	NC_087677	2491231
760	NC_087678	106890
760	NC_087679	3037225
760	NC_087680	3037226
760	NC_087681	42079
616	NC_087682	3037228
760	NC_087683	3037229
760	NC_087684	3037230
760	NC_087685	2491232
616	NC_087686	3037231
760	NC_087687	1755063
760	NC_087688	3037232
760	NC_087689	3037233
760	NC_087690	3037234
760	NC_087691	2491234
760	NC_087692	1755064
760	NC_087693	3037235
760	NC_087694	106891
760	NC_087695	3037236
760	NC_087696	2491235
760	NC_087697	1755062
749	NC_087698	2851941
616	NC_087699	3024796
760	NC_087700	3037219
1585	NC_087703	52492
1486	NC_087704	669746
1461	NC_087706	1917943
1461	NC_087707	1917944
442	NC_087708	99509
1461	NC_087711	1917947
1461	NC_087712	1917949
1461	NC_087713	1917952
1461	NC_087714	1917953
1461	NC_087715	642896
1461	NC_087716	3079891
20	NC_087717	120010
20	NC_087718	365729
20	NC_087719	365730
20	NC_087720	365735
19	NC_087721	55479
8	NC_087723	2986521
472	NC_087726	152371
884	NC_087746	212650
884	NC_087747	542718
884	NC_087748	1840589
884	NC_087749	212651
884	NC_087750	1454367
884	NC_087751	2915796
884	NC_087752	542746
1059	NC_087753	1441050
458	NC_087757	242038
1472	NC_087760	942085
1586	NC_087761	326768
884	NC_087763	2944735
884	NC_087764	1840596
884	NC_087765	648846
884	NC_087766	2811441
884	NC_087767	1407748
884	NC_087768	1840587
884	NC_087769	1082390
914	NC_087777	1007873
35	NC_087786	2173071
194	NC_087801	1961227
164	NC_087811	219860
153	NC_087812	219897
164	NC_087813	219900
164	NC_087814	1813521
1674	NC_087846	286838
1310	NC_087847	79245
1404	NC_087848	2071495
1404	NC_087849	59993
1408	NC_087851	2594493
1325	NC_087858	183482
1756	NC_087860	1088838
1587	NC_087867	120130
1594	NC_087883	2911119
239	NC_087884	108407
1207	NC_087885	126646
1682	NC_087886	447313
600	NC_087887	13260
1311	NC_087889	1072615
1208	NC_087922	3082032
1208	NC_087928	1209459
1489	NC_087974	2184477
1489	NC_087975	1265927
649	NC_088033	377454
333	NC_088049	2975459
884	NC_088067	2982993
108	NC_088097	195802
699	NC_088431	3062116
699	NC_088432	1245322
699	NC_088433	3063525
699	NC_088434	3063526
1033	NC_088435	751630
388	NC_088436	3063524
1683	NC_088438	1827168
1683	NC_088439	431301
139	NC_088441	654645
703	NC_088459	1489755
1019	NC_088483	2071455
570	NC_088486	2231309
570	NC_088487	2231308
330	NC_088496	1406279
139	NC_088498	119235
1019	NC_088509	140994
1019	NC_088510	32221
1019	NC_088511	3091706
1019	NC_088512	140996
1019	NC_088513	32243
1019	NC_088514	48231
703	NC_088523	235825
707	NC_088524	306912
883	NC_088533	106560
1759	NC_088534	54477
720	NC_088555	863042
1788	NC_088559	642525
1132	NC_088562	995811
240	NC_088573	2678244
1312	NC_088574	1287972
612	NC_088740	3114546
708	NC_088741	2803551
1594	NC_088747	1262115
41	NC_088749	1633997
29	NC_088750	2173070
35	NC_088751	1325981
38	NC_088752	3064863
245	NC_088754	2594499
1405	NC_088755	228392
1112	NC_088760	149361
221	NC_088762	3137155
245	NC_088768	2768815
1451	NC_088770	429709
1034	NC_140640	3821
