0	NC_000932	3702
1	NC_001879	4097
2	NC_002202	3562
3	NC_002693	85636
1	NC_004561	33113
4	NC_007144	3659
5	NC_007407	4465
1	NC_007500	4096
1	NC_007602	4098
1	NC_007898	4081
1	NC_007943	147425
6	NC_007957	29760
1	NC_008096	4113
7	NC_008115	71271
8	NC_008325	4039
9	NC_008326	3415
10	NC_008335	4403
11	NC_008336	41776
12	NC_008359	248361
13	NC_008407	126431
14	NC_008796	334596
15	NC_009143	3694
0	NC_009265	434059
0	NC_009266	72657
0	NC_009267	74718
0	NC_009268	78191
0	NC_009269	50458
0	NC_009270	3719
0	NC_009271	78192
0	NC_009272	171822
0	NC_009273	59292
0	NC_009274	226051
0	NC_009275	65948
16	NC_009598	13006
17	NC_009766	4129
18	NC_009808	4121
17	NC_009963	476139
5	NC_010093	263995
19	NC_010109	4472
20	NC_010323	3649
3	NC_010358	3940
3	NC_010360	482428
3	NC_010361	3942
3	NC_010362	482429
21	NC_010433	3983
22	NC_010442	28494
21	NC_012224	180498
23	NC_012615	93213
13	NC_013707	4146
24	NC_013823	4733
25	NC_013991	42345
26	NC_014569	28960
7	NC_014570	71139
27	NC_014676	3641
28	NC_014697	3760
29	NC_014807	4312
26	NC_015083	337360
8	NC_015113	40888
30	NC_015139	51351
31	NC_015206	101020
21	NC_015308	3981
13	NC_015401	158383
13	NC_015604	129566
10	NC_015605	4431
13	NC_015608	497767
13	NC_015623	158385
8	NC_015804	40916
32	NC_015818	46379
19	NC_015891	29656
33	NC_015894	161126
33	NC_015899	161112
4	NC_015983	412675
28	NC_015996	3767
1	NC_016068	118713
32	NC_016430	82096
34	NC_016433	4182
35	NC_016727	42043
35	NC_016728	39899
35	NC_016729	39875
35	NC_016730	37657
30	NC_016734	3708
36	NC_016736	3988
37	NC_016753	4460
28	NC_016921	519533
25	NC_017602	51953
1	NC_018117	4076
38	NC_018541	100364
0	NC_018565	414717
31	NC_018766	157670
31	NC_019601	101007
31	NC_019602	101015
39	NC_020019	4442
34	NC_020098	41396
40	NC_020362	1276543
25	NC_020364	131289
25	NC_020365	244023
25	NC_020366	292647
41	NC_020431	226208
42	NC_021101	23250
0	NC_021102	106773
43	NC_021121	1265925
44	NC_021423	4058
45	NC_021425	13715
45	NC_021426	4407
46	NC_021455	1308043
47	NC_021936	29650
39	NC_022264	182317
7	NC_022378	36592
7	NC_022379	87679
7	NC_022380	87669
7	NC_022381	582381
7	NC_022382	1171781
7	NC_022383	87670
7	NC_022384	87684
7	NC_022385	87672
7	NC_022386	87681
7	NC_022387	87688
7	NC_022388	34320
7	NC_022389	582372
7	NC_022390	183836
7	NC_022391	34319
7	NC_022392	183838
7	NC_022393	1282669
7	NC_022394	452569
7	NC_022395	87674
7	NC_022396	87663
7	NC_022397	99019
7	NC_022398	34316
7	NC_022399	106642
7	NC_022400	87685
7	NC_022401	183858
7	NC_022402	166933
7	NC_022403	183851
7	NC_022404	34315
7	NC_022405	183827
7	NC_022406	34314
7	NC_022407	183803
7	NC_022408	87660
7	NC_022409	34328
7	NC_022410	34330
7	NC_022411	34308
7	NC_022412	87657
7	NC_022413	34307
7	NC_022414	88056
25	NC_022417	13894
48	NC_022431	528293
48	NC_022432	48545
49	NC_022451	175694
11	NC_022457	13601
39	NC_022459	319925
39	NC_022460	1339356
39	NC_022461	147918
39	NC_022462	319928
39	NC_022463	194713
50	NC_022715	1049916
51	NC_022810	137943
51	NC_022811	133939
51	NC_022812	133946
51	NC_022813	230597
51	NC_022814	228393
34	NC_022859	86093
40	NC_022926	228183
40	NC_022927	4664
39	NC_023084	385388
52	NC_023086	49684
53	NC_023090	3873
54	NC_023092	63359
41	NC_023102	38596
55	NC_023115	86091
28	NC_023130	1143245
56	NC_023247	152093
42	NC_023256	377280
57	NC_023259	28971
58	NC_023260	253189
59	NC_023261	73178
60	NC_023356	120072
61	NC_023357	39848
35	NC_023358	490730
35	NC_023360	129946
0	NC_023367	50452
62	NC_023463	192264
4	NC_023544	396994
6	NC_023790	103349
28	NC_023798	102107
28	NC_023956	329890
63	NC_024060	1125932
63	NC_024061	22978
63	NC_024062	123495
63	NC_024063	597284
63	NC_024064	597311
63	NC_024065	1186155
63	NC_024066	715485
63	NC_024067	1186172
64	NC_024170	55577
31	NC_024258	64939
1	NC_024261	4079
44	NC_024292	396313
30	NC_024469	3726
39	NC_024541	542719
65	NC_024543	166117
66	NC_024560	55185
39	NC_024659	1454364
39	NC_024660	542733
39	NC_024661	153490
39	NC_024662	1523625
39	NC_024663	452972
56	NC_024728	108544
15	NC_024735	73824
56	NC_024736	152089
67	NC_025288	60698
68	NC_025306	198697
69	NC_025333	59097
10	NC_025339	4432
70	NC_025651	271221
48	NC_025655	144545
44	NC_025656	63479
48	NC_025657	351450
44	NC_025658	141598
12	NC_025772	229049
13	NC_025787	126429
26	NC_025906	337368
71	NC_026103	1264566
72	NC_026134	138025
43	NC_026197	1454370
73	NC_026202	692148
74	NC_026291	54469
5	NC_026299	55184
25	NC_026444	145710
0	NC_026445	82286
0	NC_026446	352370
51	NC_026447	44586
51	NC_026546	242290
1	NC_026551	362342
75	NC_026562	3483
16	NC_026565	146543
1	NC_026567	362364
1	NC_026570	126903
1	NC_026574	362373
72	NC_026677	321550
72	NC_026678	20340
72	NC_026679	191923
53	NC_026681	3870
72	NC_026683	102697
72	NC_026685	58860
1	NC_026694	126905
18	NC_026703	4120
1	NC_026726	362363
60	NC_026786	108411
56	NC_026787	4692
76	NC_026839	105884
1	NC_026876	142759
1	NC_026877	4083
1	NC_026878	315350
1	NC_026879	62890
1	NC_026880	62891
1	NC_026881	4082
1	NC_026882	4084
1	NC_026906	362345
28	NC_026980	3759
28	NC_026981	97306
28	NC_026982	97307
77	NC_026986	316492
64	NC_027090	325984
1	NC_027099	362347
12	NC_027110	981085
78	NC_027158	86979
79	NC_027159	229473
1	NC_027177	1545468
66	NC_027185	82479
80	NC_027224	179119
80	NC_027225	206448
80	NC_027226	46105
81	NC_027250	418180
41	NC_027259	39367
41	NC_027262	65409
37	NC_027272	42196
25	NC_027276	101629
66	NC_027282	82481
82	NC_027441	50768
82	NC_027442	308434
8	NC_027450	376870
8	NC_027451	40952
51	NC_027607	98373
80	NC_027668	151230
80	NC_027669	151231
56	NC_027674	82318
56	NC_027675	82331
56	NC_027679	1577587
51	NC_027685	46397
0	NC_027693	81985
83	NC_027732	93608
66	NC_027738	82490
66	NC_027739	82502
7	NC_027744	119951
84	NC_027829	1266557
8	NC_027834	46367
85	NC_027838	374711
86	NC_027954	78380
87	NC_027955	353963
84	NC_027959	1522199
88	NC_027960	350585
89	NC_028000	231663
90	NC_028009	266091
84	NC_028012	3972
25	NC_028026	1089946
75	NC_028032	3486
59	NC_028051	73194
59	NC_028052	28968
59	NC_028053	59866
1	NC_028069	4109
1	NC_028070	4112
35	NC_028080	552857
0	NC_028170	72664
30	NC_028272	3707
7	NC_028409	183804
7	NC_028410	360304
0	NC_028415	161756
91	NC_028429	195526
40	NC_028439	52838
0	NC_028517	264402
92	NC_028519	197809
93	NC_028520	101992
91	NC_028523	261426
41	NC_028533	1750592
27	NC_028588	1522114
27	NC_028589	210368
27	NC_028590	1522119
27	NC_028591	197130
44	NC_028614	1756979
8	NC_028618	182415
51	NC_028703	44685
51	NC_028704	106132
0	NC_028726	98039
0	NC_028727	347893
0	NC_028728	347889
72	NC_028732	486065
72	NC_028733	190760
3	NC_029211	49455
3	NC_029212	482602
94	NC_029214	1112727
25	NC_029241	682621
95	NC_029243	210372
0	NC_029332	1672020
0	NC_029334	38785
0	NC_029335	97979
0	NC_029336	412662
0	NC_029337	90675
6	NC_029339	1006121
41	NC_029370	39329
0	NC_029378	98038
0	NC_029379	537134
8	NC_029391	55605
8	NC_029392	48101
8	NC_029393	85712
8	NC_029394	110318
96	NC_029429	106141
97	NC_029431	929407
98	NC_029432	461633
99	NC_029433	74825
100	NC_029434	3469
6	NC_029454	3605
48	NC_029459	228709
48	NC_029460	157409
29	NC_029484	182084
91	NC_029485	261423
41	NC_029700	1653186
1	NC_029746	362354
39	NC_029750	17515
51	NC_029764	327218
101	NC_029770	173423
102	NC_029808	1812841
74	NC_029817	141795
41	NC_029818	141790
74	NC_029819	141755
74	NC_029820	141782
74	NC_029821	141798
74	NC_029822	193335
74	NC_029823	141787
74	NC_029824	53175
74	NC_029825	180010
1	NC_029833	362352
8	NC_029850	4047
76	NC_029874	105268
102	NC_029885	1821062
8	NC_029889	48032
56	NC_029937	489059
25	NC_029947	93293
25	NC_029948	4714
25	NC_029949	480377
25	NC_029950	132959
25	NC_029951	402034
25	NC_029952	462332
25	NC_029953	4722
25	NC_029954	93318
25	NC_029955	1090025
25	NC_029956	93304
25	NC_029957	115506
25	NC_029958	4718
25	NC_029959	402705
25	NC_029960	115494
25	NC_029961	292710
25	NC_029963	93280
25	NC_029964	115464
25	NC_029965	1441983
25	NC_029966	115457
25	NC_029967	54446
25	NC_029968	674193
25	NC_029969	131261
103	NC_029970	202377
25	NC_029971	131256
25	NC_029972	145668
25	NC_029973	292681
25	NC_029974	48220
1	NC_030044	362374
26	NC_030045	1158081
1	NC_030056	1830227
104	NC_030061	168831
11	NC_030062	258140
11	NC_030063	211974
105	NC_030064	45005
105	NC_030065	41220
1	NC_030167	362362
1	NC_030168	362366
1	NC_030171	362351
1	NC_030177	362359
1	NC_030178	362357
39	NC_030180	1842555
1	NC_030185	362341
72	NC_030193	362788
1	NC_030207	4111
87	NC_030212	270988
106	NC_030260	60118
1	NC_030282	258455
107	NC_030299	326968
82	NC_030319	374099
0	NC_030346	347883
0	NC_030347	97980
0	NC_030348	45251
0	NC_030349	302551
0	NC_030350	45249
0	NC_030351	1547872
108	NC_030357	33101
109	NC_030371	1662495
30	NC_030450	3710
102	NC_030484	141186
9	NC_030504	3414
0	NC_030515	473980
0	NC_030516	557876
63	NC_030517	1856792
3	NC_030532	3941
63	NC_030534	82149
110	NC_030539	210386
63	NC_030544	1272966
63	NC_030545	1856776
63	NC_030546	82151
63	NC_030547	688040
63	NC_030548	1856777
63	NC_030549	1856778
63	NC_030550	1856779
63	NC_030551	1856781
63	NC_030552	1856782
63	NC_030553	1856783
63	NC_030554	1856784
63	NC_030558	692119
63	NC_030559	1856789
63	NC_030560	692121
63	NC_030561	1186116
63	NC_030562	597303
63	NC_030563	212234
63	NC_030564	692123
63	NC_030565	692125
63	NC_030566	597312
63	NC_030567	1186147
63	NC_030568	1272982
63	NC_030569	597313
63	NC_030570	597314
63	NC_030571	163927
63	NC_030572	1186152
63	NC_030573	597315
63	NC_030574	1186154
63	NC_030575	22987
63	NC_030576	212237
63	NC_030577	1856790
63	NC_030578	692128
63	NC_030579	1272988
63	NC_030580	692130
63	NC_030581	1258705
63	NC_030582	992768
63	NC_030583	1272991
51	NC_030598	44682
28	NC_030599	151439
111	NC_030609	170926
26	NC_030719	337400
26	NC_030720	337390
26	NC_030721	337399
112	NC_030722	280455
41	NC_030755	48386
41	NC_030757	608512
113	NC_030770	28502
30	NC_030775	1078588
39	NC_030784	413747
39	NC_030786	55363
39	NC_030787	227308
39	NC_030789	35925
93	NC_031153	1454371
82	NC_031155	137888
18	NC_031159	35883
28	NC_031163	106564
59	NC_031193	73191
59	NC_031194	73188
59	NC_031195	158595
59	NC_031196	122187
59	NC_031197	122254
59	NC_031198	59873
59	NC_031199	73198
59	NC_031200	163034
59	NC_031201	253081
59	NC_031202	59882
59	NC_031203	253082
59	NC_031204	122198
59	NC_031205	122197
59	NC_031206	158603
114	NC_031344	138560
93	NC_031345	74695
115	NC_031370	1902425
54	NC_031376	16924
6	NC_031383	103351
116	NC_031385	883788
102	NC_031414	122810
111	NC_031428	170927
117	NC_031433	1667030
117	NC_031434	1081573
34	NC_031435	1238142
34	NC_031436	39353
73	NC_031437	476207
118	NC_031805	1857654
12	NC_031822	226895
102	NC_031825	946017
4	NC_031834	387127
23	NC_031849	78479
119	NC_031875	1170328
119	NC_031876	1914271
119	NC_031877	263218
119	NC_031879	263258
119	NC_031880	1630365
119	NC_031881	1277824
119	NC_031882	263294
119	NC_031883	113474
119	NC_031884	1673703
119	NC_031885	263335
119	NC_031886	40003
119	NC_031887	1160597
119	NC_031888	1170341
119	NC_031889	113480
119	NC_031890	1170342
39	NC_031892	1897053
4	NC_032008	3654
31	NC_032038	74654
120	NC_032040	122250
41	NC_032054	38859
15	NC_032060	77057
120	NC_032296	237963
8	NC_032364	264540
121	NC_032697	939149
91	NC_032708	939154
122	NC_032718	1297873
122	NC_032719	198265
122	NC_032720	1043716
122	NC_032721	198266
1	NC_032724	4091
8	NC_033343	49565
8	NC_033345	269605
8	NC_033346	266284
123	NC_033350	28974
44	NC_033354	403101
7	NC_033355	120290
59	NC_033357	158596
59	NC_033359	122196
0	NC_033498	1517517
0	NC_033499	1517519
0	NC_033500	1517518
124	NC_033501	233737
39	NC_033502	1932074
66	NC_033511	220640
66	NC_033512	374961
66	NC_033513	83858
66	NC_033514	221256
66	NC_033515	374964
66	NC_033516	221257
66	NC_033517	221254
66	NC_033518	221260
66	NC_033519	374968
66	NC_033520	231488
87	NC_033534	332336
4	NC_033871	442738
120	NC_033878	180062
56	NC_033896	83800
56	NC_033897	859523
56	NC_033898	89496
4	NC_033899	519315
56	NC_033908	101653
36	NC_033910	3993
125	NC_033970	477955
126	NC_033975	2914000
127	NC_034228	212711
128	NC_034285	78168
0	NC_034286	2069296
0	NC_034287	1920187
0	NC_034299	457768
87	NC_034308	99300
87	NC_034309	357460
87	NC_034310	332337
87	NC_034311	332338
87	NC_034312	255881
129	NC_034320	53750
129	NC_034321	53749
129	NC_034322	502541
129	NC_034323	53748
129	NC_034324	308558
129	NC_034325	1970106
129	NC_034326	53753
129	NC_034327	53751
129	NC_034328	502542
111	NC_034331	1971616
31	NC_034347	101014
0	NC_034357	537175
30	NC_034358	3724
0	NC_034359	369043
0	NC_034360	264428
0	NC_034361	2259846
0	NC_034362	13288
0	NC_034363	153348
0	NC_034364	28532
0	NC_034365	59689
0	NC_034366	81970
0	NC_034367	228871
56	NC_034368	108546
56	NC_034369	152096
56	NC_034370	85378
111	NC_034371	1637976
0	NC_034379	81972
56	NC_034634	241767
126	NC_034639	32224
111	NC_034640	170919
130	NC_034641	1430397
8	NC_034643	656325
8	NC_034644	49563
8	NC_034645	48119
102	NC_034662	1977234
65	NC_034677	1980291
65	NC_034678	1648221
7	NC_034684	375272
64	NC_034686	330167
93	NC_034688	49450
13	NC_034691	1548298
41	NC_034693	233893
13	NC_034694	660624
131	NC_034695	925377
28	NC_034696	3755
27	NC_034701	145745
132	NC_034702	13569
56	NC_034705	1571924
56	NC_034706	1571923
56	NC_034707	89493
56	NC_034708	1928487
119	NC_034716	119954
133	NC_034742	126911
133	NC_034743	111851
133	NC_034774	53896
120	NC_034792	4208
120	NC_034793	179091
7	NC_034801	1882728
36	NC_034803	73154
56	NC_034840	82315
126	NC_034909	470525
134	NC_034931	50117
51	NC_034934	859264
51	NC_034935	60130
51	NC_034936	349476
135	NC_034949	63459
135	NC_034950	3559
1	NC_034951	47970
102	NC_034952	1418012
72	NC_034985	205042
72	NC_034987	1191454
72	NC_034988	1055557
72	NC_034989	1914267
72	NC_034990	1914268
72	NC_034991	1914269
72	NC_034992	76910
13	NC_035000	126362
136	NC_035006	262757
8	NC_035053	54724
8	NC_035054	165499
8	NC_035055	1978917
8	NC_035056	1050841
41	NC_035143	39350
35	NC_035226	1850528
41	NC_035233	395340
102	NC_035240	22663
30	NC_035303	2982281
72	NC_035346	196665
72	NC_035347	138055
72	NC_035348	138062
84	NC_035414	159976
137	NC_035415	4371
39	NC_035418	168123
109	NC_035499	69721
31	NC_035500	101012
31	NC_035501	101013
32	NC_035502	4049
138	NC_035505	1155789
138	NC_035506	34199
0	NC_035511	264418
0	NC_035512	2017959
0	NC_035513	358669
0	NC_035514	369024
0	NC_035515	98020
139	NC_035516	1465651
39	NC_035536	182318
39	NC_035537	2018057
39	NC_035538	1603832
39	NC_035539	197088
39	NC_035540	2018058
39	NC_035541	182319
39	NC_035542	182320
39	NC_035543	941577
39	NC_035544	194716
39	NC_035545	59677
39	NC_035546	182321
140	NC_035548	193516
126	NC_035566	320146
12	NC_035569	172644
56	NC_035570	4689
39	NC_035574	536625
56	NC_035589	79002
56	NC_035590	85370
56	NC_035591	82317
56	NC_035592	89789
126	NC_035625	106552
40	NC_035637	101617
39	NC_035639	197085
39	NC_035640	182325
39	NC_035641	182296
39	NC_035642	197096
39	NC_035643	182316
39	NC_035644	2021137
39	NC_035645	107826
39	NC_035646	182305
39	NC_035647	941567
39	NC_035648	2021136
39	NC_035649	941568
39	NC_035650	941581
39	NC_035651	542752
39	NC_035652	674061
39	NC_035653	2021135
39	NC_035654	1938279
119	NC_035661	1898640
51	NC_035662	859262
126	NC_035671	106570
126	NC_035672	106571
39	NC_035678	182329
56	NC_035681	202155
39	NC_035686	197095
39	NC_035687	197097
39	NC_035688	536627
39	NC_035689	182307
39	NC_035690	182309
39	NC_035691	182322
39	NC_035692	182302
39	NC_035693	182315
39	NC_035694	197086
39	NC_035695	155545
39	NC_035696	184083
39	NC_035697	59679
39	NC_035698	184084
39	NC_035699	182306
39	NC_035700	182312
141	NC_035701	129297
142	NC_035702	55373
39	NC_035703	210373
39	NC_035704	194715
141	NC_035705	107821
39	NC_035706	107827
39	NC_035707	125053
142	NC_035708	335940
39	NC_035709	182331
39	NC_035710	125047
39	NC_035711	55371
39	NC_035712	167985
82	NC_035719	50765
40	NC_035723	574487
1	NC_035724	45834
4	NC_035727	252529
74	NC_035729	201515
1	NC_035742	28526
143	NC_035873	39325
144	NC_035876	2029165
6	NC_035878	506485
28	NC_035880	434060
28	NC_035891	378224
95	NC_035896	232788
1	NC_035952	49451
31	NC_035961	3747
91	NC_035970	261434
4	NC_035974	1567104
4	NC_035975	260675
56	NC_035988	82311
56	NC_035989	78998
56	NC_035990	84056
91	NC_035995	261425
6	NC_036009	756011
145	NC_036014	29655
8	NC_036017	496568
119	NC_036021	1671323
146	NC_036036	76453
81	NC_036037	432999
54	NC_036052	16922
54	NC_036069	51004
133	NC_036102	200492
6	NC_036105	884146
0	NC_036110	763953
0	NC_036111	358661
28	NC_036133	23207
29	NC_036135	1592219
29	NC_036136	555432
29	NC_036140	555431
29	NC_036141	1348122
29	NC_036142	2041849
60	NC_036154	112799
112	NC_036260	280454
147	NC_036300	86990
148	NC_036306	227909
148	NC_036307	227910
6	NC_036336	226012
149	NC_036356	4006
13	NC_036367	126418
126	NC_036368	147045
6	NC_036371	694578
28	NC_036394	105667
27	NC_036395	2053062
141	NC_036412	3645
67	NC_036416	4330
31	NC_036423	32239
35	NC_036424	308174
150	NC_036485	261450
53	NC_036487	714519
142	NC_036489	251593
87	NC_036494	2056444
87	NC_036495	2056445
87	NC_036496	2056446
87	NC_036497	2056447
87	NC_036498	2056448
87	NC_036499	2056449
87	NC_036500	2056450
87	NC_036501	2056451
87	NC_036502	2056452
87	NC_036503	3013920
4	NC_036505	3661
4	NC_036506	3662
6	NC_036509	754097
6	NC_036510	545888
151	NC_036660	167573
151	NC_036661	48532
1	NC_036733	337188
72	NC_036734	2004884
72	NC_036735	138044
72	NC_036736	205073
152	NC_036742	2060075
152	NC_036744	1971661
54	NC_036759	350427
133	NC_036761	375005
72	NC_036762	161753
6	NC_036764	103352
4	NC_036807	3673
4	NC_036808	3668
153	NC_036812	157677
27	NC_036829	66656
39	NC_036830	4443
154	NC_036835	245822
95	NC_036940	452568
73	NC_036942	1684752
73	NC_036943	1970665
155	NC_036960	112844
156	NC_036961	1544808
0	NC_036962	50461
0	NC_036963	357223
0	NC_036964	352371
74	NC_036968	1000418
157	NC_036969	29788
157	NC_036970	254777
158	NC_036971	53159
158	NC_036972	53161
14	NC_036976	137665
13	NC_036979	2057968
13	NC_036980	2057972
13	NC_036981	2057969
13	NC_036982	55183
13	NC_036983	126540
13	NC_036984	2057970
13	NC_036985	495751
13	NC_036986	2057971
13	NC_036987	34270
159	NC_036989	1303698
159	NC_036990	1002523
160	NC_036991	45318
12	NC_037021	1736113
126	NC_037022	2080251
161	NC_037023	162053
56	NC_037038	1532388
56	NC_037039	192972
56	NC_037040	1352232
25	NC_037084	169987
107	NC_037151	157914
107	NC_037152	264981
13	NC_037171	490838
29	NC_037179	1348125
162	NC_037191	1027102
162	NC_037192	4270
89	NC_037194	640772
56	NC_037209	859524
56	NC_037213	279669
56	NC_037214	152094
56	NC_037215	1352233
56	NC_037216	152091
56	NC_037217	1352234
87	NC_037226	2029557
87	NC_037227	2029656
87	NC_037228	2029556
87	NC_037229	2029555
87	NC_037230	353929
87	NC_037231	2029554
87	NC_037232	353931
27	NC_037242	197122
54	NC_037243	64134
41	NC_037247	29719
163	NC_037358	3818
164	NC_037392	148910
165	NC_037400	252972
165	NC_037401	1752765
15	NC_037410	210376
15	NC_037411	179731
15	NC_037412	124846
15	NC_037414	1085088
15	NC_037415	113624
15	NC_037419	179740
15	NC_037422	75708
13	NC_037446	38873
87	NC_037455	2099405
87	NC_037456	2099417
87	NC_037457	1676596
87	NC_037458	2099428
87	NC_037459	2099437
87	NC_037460	353977
87	NC_037461	3013917
87	NC_037462	140035
39	NC_037472	450940
0	NC_037475	78190
166	NC_037477	1813010
144	NC_037485	222567
31	NC_037492	577514
87	NC_037506	2138605
56	NC_037517	84044
41	NC_037693	188317
54	NC_037694	66699
56	NC_037699	84058
8	NC_037711	48109
64	NC_037716	55575
64	NC_037717	357959
83	NC_037726	63345
167	NC_037753	28529
122	NC_037758	1737302
150	NC_037759	261447
0	NC_037760	208936
72	NC_037761	162678
168	NC_037763	3850
168	NC_037764	653049
169	NC_037765	653098
72	NC_037766	1954645
170	NC_037767	228518
170	NC_037768	162677
27	NC_037784	190245
100	NC_037831	33128
100	NC_037832	22694
30	NC_037838	3730
122	NC_037840	1737301
28	NC_037849	1501231
28	NC_037850	983195
8	NC_037852	1533308
54	NC_037881	4396
54	NC_037883	1008903
171	NC_037885	208873
83	NC_037898	93611
83	NC_037899	336383
83	NC_037900	153728
83	NC_037901	153727
83	NC_037902	335807
83	NC_037903	35933
83	NC_037904	376444
83	NC_037905	63349
83	NC_037906	335806
83	NC_037907	382113
83	NC_037908	63347
18	NC_037911	43178
18	NC_037912	89647
18	NC_037913	35885
54	NC_037940	13413
162	NC_037945	577683
172	NC_037948	4392
154	NC_037950	79612
120	NC_037951	224736
76	NC_037952	134526
76	NC_037954	2137014
154	NC_037955	179998
82	NC_037979	1828746
82	NC_037980	553048
82	NC_037981	2202561
82	NC_037982	374095
82	NC_037983	553054
82	NC_037984	1882473
82	NC_037985	308435
31	NC_037991	321598
51	NC_037994	44683
27	NC_038057	252110
158	NC_038062	4138
8	NC_038088	2689076
31	NC_038102	197613
173	NC_038103	168834
128	NC_038118	159424
174	NC_038119	196577
175	NC_038120	196578
128	NC_038121	237862
128	NC_038122	237863
128	NC_038123	237871
128	NC_038124	196582
128	NC_038125	196689
128	NC_038126	3685
128	NC_038127	231192
128	NC_038128	196585
95	NC_038153	2213114
66	NC_038161	83859
41	NC_038165	38868
66	NC_038170	374966
39	NC_038181	182298
128	NC_038188	2025557
56	NC_038193	59082
110	NC_038209	2060930
168	NC_038222	126820
4	NC_038229	3663
91	NC_039133	34193
163	NC_039159	37660
163	NC_039160	79078
163	NC_039161	79081
56	NC_039162	859535
124	NC_039178	194712
80	NC_039180	397273
130	NC_039347	2108135
65	NC_039348	1271601
65	NC_039349	1271610
65	NC_039350	2108136
126	NC_039374	416286
148	NC_039375	227895
148	NC_039376	227899
28	NC_039379	97309
176	NC_039391	50123
7	NC_039395	375264
1	NC_039412	1879227
1	NC_039413	2304587
1	NC_039414	1097642
1	NC_039415	1879258
1	NC_039416	1097620
1	NC_039417	1670882
133	NC_039418	1642859
177	NC_039424	44976
178	NC_039426	397392
71	NC_039433	46969
56	NC_039436	82319
89	NC_039452	714493
35	NC_039454	2038704
89	NC_039456	174170
1	NC_039457	113208
1	NC_039458	304161
89	NC_039465	387290
89	NC_039542	2011089
39	NC_039554	665996
39	NC_039555	13493
39	NC_039556	268844
7	NC_039557	2042888
82	NC_039572	225203
82	NC_039573	374097
82	NC_039574	374093
3	NC_039575	2304229
89	NC_039577	231641
89	NC_039578	1857146
89	NC_039579	748691
89	NC_039580	640775
7	NC_039597	87676
1	NC_039598	488919
1	NC_039599	666133
1	NC_039600	329777
1	NC_039601	488922
1	NC_039602	404689
1	NC_039603	666132
1	NC_039604	329803
1	NC_039605	329779
1	NC_039606	115666
1	NC_039607	329772
1	NC_039608	205524
1	NC_039609	329765
1	NC_039610	329798
1	NC_039611	329760
16	NC_039621	92927
179	NC_039623	640776
126	NC_039624	106572
180	NC_039625	248848
39	NC_039626	674062
16	NC_039627	146539
4	NC_039628	2184935
76	NC_039634	1304680
76	NC_039636	51255
76	NC_039637	2306360
76	NC_039638	486690
39	NC_039645	147926
35	NC_039650	3570
1	NC_039651	112879
29	NC_039653	210377
41	NC_039654	39358
154	NC_039668	398306
181	NC_039677	63353
6	NC_039680	96939
6	NC_039681	345149
6	NC_039682	754098
6	NC_039683	390140
6	NC_039684	2983818
89	NC_039690	748702
64	NC_039691	167584
31	NC_039704	75067
64	NC_039707	55571
64	NC_039708	35874
75	NC_039726	63051
75	NC_039727	1184750
182	NC_039728	63056
182	NC_039729	63060
75	NC_039730	228586
75	NC_039731	194264
183	NC_039732	1603294
182	NC_039733	63062
183	NC_039734	63057
28	NC_039735	151430
154	NC_039748	516548
184	NC_039752	99437
185	NC_039756	54415
8	NC_039760	54711
144	NC_039761	1279188
144	NC_039762	1204778
122	NC_039763	1472306
87	NC_039781	608811
6	NC_039782	1239141
6	NC_039783	3605
6	NC_039784	246827
6	NC_039785	153476
6	NC_039786	754104
6	NC_039787	754105
6	NC_039788	1046264
6	NC_039789	228411
6	NC_039790	2448766
6	NC_039791	754102
6	NC_039792	754101
6	NC_039793	103355
6	NC_039794	1051312
6	NC_039795	754099
6	NC_039796	345147
6	NC_039797	1749390
6	NC_039798	1046261
6	NC_039799	2448764
6	NC_039800	754096
6	NC_039801	1046257
6	NC_039802	1046255
6	NC_039803	345145
6	NC_039804	1755456
6	NC_039805	103353
6	NC_039806	1239137
64	NC_039807	394301
64	NC_039808	374971
112	NC_039812	1088818
40	NC_039815	482283
64	NC_039834	55570
64	NC_039835	55572
64	NC_039836	29710
64	NC_039837	55576
64	NC_039838	55578
89	NC_039844	748687
89	NC_039845	748699
89	NC_039846	231665
64	NC_039850	2072995
64	NC_039851	1640672
64	NC_039852	329150
64	NC_039853	2072996
64	NC_039854	2072997
64	NC_039855	167593
64	NC_039856	55580
186	NC_039924	137435
91	NC_039943	593754
0	NC_039952	1906384
0	NC_039953	1906385
0	NC_039954	264409
0	NC_039955	283746
0	NC_039956	1822399
0	NC_039957	1822400
0	NC_039958	664052
0	NC_039959	1822401
0	NC_039960	1822402
0	NC_039961	664053
35	NC_039974	2038705
102	NC_039975	122812
31	NC_039989	74647
187	NC_040113	497687
41	NC_040121	1986522
8	NC_040122	357851
28	NC_040125	151332
188	NC_040141	292912
113	NC_040143	3567
189	NC_040160	72643
126	NC_040170	106556
1	NC_040178	4102
56	NC_040223	1126415
30	NC_040849	3711
8	NC_040857	187269
148	NC_040862	227903
15	NC_040873	2501766
15	NC_040874	688333
190	NC_040932	46107
35	NC_040934	54820
191	NC_040935	3999
192	NC_040936	39387
154	NC_040937	79615
193	NC_040938	63102
194	NC_040939	4373
190	NC_040941	3528
195	NC_040942	427824
196	NC_040943	189791
197	NC_040945	437579
195	NC_040946	1904701
195	NC_040947	2518633
198	NC_040950	2518615
195	NC_040951	2518635
199	NC_040952	2518623
15	NC_040953	2040574
122	NC_040958	45187
76	NC_040959	638627
31	NC_040960	117265
76	NC_040961	180558
76	NC_040962	447670
76	NC_040963	447669
51	NC_040964	29746
200	NC_040965	365556
200	NC_040966	2029437
201	NC_040984	48391
31	NC_040997	74648
122	NC_041074	172643
8	NC_041087	4045
4	NC_041088	3677
41	NC_041091	342060
41	NC_041092	587670
202	NC_041102	720867
1	NC_041110	112863
190	NC_041113	63744
95	NC_041117	223753
13	NC_041119	149022
110	NC_041125	153558
124	NC_041126	1609849
39	NC_041127	85887
39	NC_041128	86865
39	NC_041129	212706
124	NC_041130	362732
39	NC_041131	363218
203	NC_041132	153521
203	NC_041133	167990
203	NC_041134	167987
203	NC_041135	167989
203	NC_041136	168115
203	NC_041137	167983
110	NC_041138	153554
203	NC_041139	85889
204	NC_041159	434245
93	NC_041161	411227
54	NC_041163	96568
72	NC_041164	568080
35	NC_041166	1137891
30	NC_041167	3712
203	NC_041171	168120
31	NC_041178	13044
200	NC_041191	64595
31	NC_041199	176126
135	NC_041200	887860
204	NC_041201	330163
18	NC_041203	129202
18	NC_041204	35882
18	NC_041205	129206
18	NC_041206	1393931
18	NC_041207	129207
18	NC_041208	2518009
31	NC_041209	714646
31	NC_041210	667250
54	NC_041213	161873
195	NC_041235	3535
205	NC_041240	325515
165	NC_041255	2518636
206	NC_041256	2518637
194	NC_041258	714108
204	NC_041262	2152776
206	NC_041263	764924
207	NC_041265	1091135
160	NC_041266	146096
2	NC_041267	240055
208	NC_041268	696524
196	NC_041270	426457
160	NC_041272	363212
54	NC_041275	85172
209	NC_041276	122299
210	NC_041277	122303
210	NC_041278	63091
160	NC_041280	107607
211	NC_041281	49618
160	NC_041296	3530
160	NC_041297	3538
195	NC_041301	169262
159	NC_041413	1399668
212	NC_041414	1227758
213	NC_041415	363211
213	NC_041416	117583
212	NC_041417	46142
212	NC_041418	169268
214	NC_041420	185001
214	NC_041421	185002
48	NC_041431	4066
20	NC_041432	3735
15	NC_041433	77060
27	NC_041438	190243
215	NC_041439	126635
48	NC_041440	141467
27	NC_041441	82439
126	NC_041461	309349
35	NC_041462	2035848
13	NC_041463	56029
39	NC_041467	182324
39	NC_041468	182323
39	NC_041469	182310
39	NC_041470	941575
39	NC_041471	941570
39	NC_041472	941573
39	NC_041473	182300
23	NC_041474	1882389
23	NC_041475	944281
132	NC_041476	640773
89	NC_041477	1111104
71	NC_041478	1055743
71	NC_041479	1686258
200	NC_041485	210370
188	NC_041487	51002
162	NC_041491	2545980
211	NC_041492	2545981
39	NC_041509	2545962
39	NC_041510	197077
89	NC_041526	387928
216	NC_041530	93606
132	NC_041532	3449
71	NC_041535	168836
217	NC_041537	3444
218	NC_041538	235900
219	NC_041539	39106
220	NC_041540	171900
71	NC_041541	432642
71	NC_041542	171908
71	NC_041544	476039
221	NC_041550	66672
1	NC_041551	103871
1	NC_041552	50514
86	NC_041553	278654
68	NC_041554	160839
8	NC_041580	76119
72	NC_041581	191878
77	NC_041582	369422
77	NC_041583	316486
77	NC_041584	316474
77	NC_041585	316468
1	NC_041586	2082853
1	NC_041587	317814
1	NC_041588	856881
1	NC_041589	317815
1	NC_041590	561125
1	NC_041591	317818
1	NC_041592	315332
1	NC_041593	315334
1	NC_041594	73574
1	NC_041595	856884
1	NC_041596	205531
1	NC_041597	205532
1	NC_041598	172263
1	NC_041599	856892
1	NC_041600	2082851
1	NC_041601	160510
1	NC_041602	4108
1	NC_041603	317820
1	NC_041604	200525
1	NC_041605	1050191
1	NC_041606	172792
1	NC_041607	172797
1	NC_041608	1128165
1	NC_041609	610331
1	NC_041610	317826
1	NC_041611	856976
1	NC_041612	317824
1	NC_041613	172793
1	NC_041614	198039
1	NC_041615	73573
1	NC_041616	172794
1	NC_041617	856981
1	NC_041618	710640
1	NC_041619	445678
1	NC_041620	317829
1	NC_041621	710638
1	NC_041622	4115
1	NC_041623	317832
1	NC_041624	856984
1	NC_041625	172790
1	NC_041626	50273
1	NC_041627	62893
1	NC_041628	52705
1	NC_041629	172796
1	NC_041630	42755
1	NC_041631	257458
1	NC_041634	315348
12	NC_041637	1867291
51	NC_041648	287721
104	NC_041670	516550
39	NC_041672	2547459
203	NC_042148	363216
222	NC_042153	285590
39	NC_042160	1938265
39	NC_042161	1938269
223	NC_042162	714457
11	NC_042167	258162
154	NC_042178	300888
154	NC_042190	183944
126	NC_042192	106567
224	NC_042193	142860
31	NC_042194	74651
154	NC_042201	180069
1	NC_042204	112883
225	NC_042211	1387318
226	NC_042220	39279
104	NC_042221	48401
186	NC_042223	176135
91	NC_042227	100521
91	NC_042228	182176
6	NC_042235	714442
6	NC_042236	416091
8	NC_042242	99507
48	NC_042245	2563732
48	NC_042246	945170
203	NC_042252	168120
148	NC_042257	1026954
13	NC_042262	1296280
13	NC_042265	424909
13	NC_042269	1471837
13	NC_042270	126360
13	NC_042271	166594
13	NC_042272	84810
13	NC_042273	85216
13	NC_042275	2491098
13	NC_042276	2491099
13	NC_042277	41398
13	NC_042278	167908
13	NC_042279	126564
13	NC_042280	2563121
13	NC_042281	1382063
13	NC_042282	1085342
13	NC_042283	2491090
13	NC_042284	2491091
102	NC_042369	141191
13	NC_042372	1489473
13	NC_042373	1296274
13	NC_042374	1489476
13	NC_042375	2491246
13	NC_042376	2563118
13	NC_042377	93977
13	NC_042384	2491092
13	NC_042385	2491093
13	NC_042386	2491094
13	NC_042387	2491095
13	NC_042388	2491101
56	NC_042399	83802
104	NC_042400	2567863
184	NC_042408	99438
13	NC_042424	490843
13	NC_042425	1028355
13	NC_042426	992666
13	NC_042427	1081051
13	NC_042428	549149
227	NC_042444	113205
13	NC_042446	126361
13	NC_042447	126363
13	NC_042448	126403
13	NC_042449	38872
13	NC_042450	56040
13	NC_042451	56032
13	NC_042452	126421
13	NC_042453	126426
13	NC_042454	46072
13	NC_042455	126541
13	NC_042456	126542
13	NC_042457	126543
13	NC_042458	126547
13	NC_042459	126548
13	NC_042460	126553
13	NC_042461	323693
13	NC_042462	424906
13	NC_042463	424914
13	NC_042464	96521
228	NC_042465	126558
228	NC_042466	126561
228	NC_042467	126566
228	NC_042468	126368
229	NC_042597	3775
230	NC_042674	2545990
80	NC_042675	90346
133	NC_042688	714503
231	NC_042713	190543
95	NC_042714	142738
31	NC_042715	321593
31	NC_042716	564016
184	NC_042719	190524
232	NC_042720	593753
34	NC_042727	2495447
154	NC_042739	137004
233	NC_042740	4378
60	NC_042747	4726
48	NC_042760	1165872
34	NC_042766	168491
34	NC_042767	2567862
228	NC_042782	389174
228	NC_042783	1539464
228	NC_042784	2491097
228	NC_042785	126416
228	NC_042786	1125365
89	NC_042793	231643
117	NC_042796	28511
204	NC_042798	381410
234	NC_042819	98588
119	NC_042821	130512
8	NC_042826	165353
40	NC_042874	160690
235	NC_042884	241857
27	NC_042885	1686260
102	NC_042889	1692140
102	NC_042890	2576876
102	NC_042891	13129
102	NC_042892	2576877
102	NC_042893	141187
184	NC_042894	162025
161	NC_042895	22666
102	NC_042896	2291130
102	NC_042897	2576875
215	NC_042898	141189
102	NC_042899	122808
87	NC_042903	2358325
236	NC_042906	2583285
8	NC_042912	2583372
87	NC_042914	2358323
87	NC_042915	2358324
87	NC_042916	2358313
87	NC_042917	2358314
87	NC_042918	353927
87	NC_042919	2358320
87	NC_042920	2358327
237	NC_042921	76306
87	NC_042931	2358316
87	NC_042932	2358312
87	NC_042933	545665
87	NC_042934	2358322
18	NC_042935	89639
18	NC_042936	89640
18	NC_042937	2029529
18	NC_042938	2575953
18	NC_042939	2029530
18	NC_042940	2575954
18	NC_042941	89660
27	NC_042942	2029531
95	NC_042950	885948
55	NC_042954	1501482
34	NC_042955	1501477
119	NC_043792	2559492
7	NC_043793	2559493
7	NC_043794	2559494
162	NC_043795	1561780
238	NC_043797	1053376
7	NC_043798	2559495
7	NC_043799	40015
239	NC_043800	2042419
239	NC_043801	66689
123	NC_043802	1087073
7	NC_043803	178107
7	NC_043804	376213
7	NC_043805	216165
184	NC_043807	597418
240	NC_043808	43153
241	NC_043809	672974
119	NC_043810	40009
174	NC_043813	1341363
175	NC_043815	330177
174	NC_043817	231182
128	NC_043818	1249011
128	NC_043819	298518
175	NC_043821	159432
175	NC_043823	340636
242	NC_043824	378248
242	NC_043825	159421
128	NC_043826	196581
242	NC_043827	231636
89	NC_043828	1857150
181	NC_043829	659592
95	NC_043844	223751
7	NC_043848	98583
41	NC_043873	204149
228	NC_043874	56036
56	NC_043876	79000
243	NC_043880	1289414
4	NC_043881	190515
15	NC_043884	312356
15	NC_043885	2590034
15	NC_043886	312358
244	NC_043896	124850
28	NC_043901	36596
126	NC_043902	106563
166	NC_043912	325278
28	NC_043921	378228
27	NC_043923	93780
27	NC_043924	2171973
39	NC_043925	300536
28	NC_043926	232787
104	NC_043927	2341012
245	NC_043951	324808
51	NC_043952	45211
51	NC_043953	44589
51	NC_043954	44684
74	NC_044073	2172029
41	NC_044082	294733
246	NC_044084	459581
95	NC_044085	1799574
31	NC_044094	74645
7	NC_044106	1679311
156	NC_044117	862910
37	NC_044118	129218
28	NC_044123	136465
31	NC_044126	128735
35	NC_044183	418402
31	NC_044418	654617
1	NC_044471	258461
122	NC_044473	29740
230	NC_044474	166619
140	NC_044478	193515
140	NC_044479	193518
25	NC_044481	446113
25	NC_044482	1128769
72	NC_044627	397648
56	NC_044628	1768213
56	NC_044629	152095
56	NC_044630	2249442
56	NC_044631	1461640
56	NC_044632	744034
24	NC_044634	203643
56	NC_044636	152092
66	NC_044637	49668
79	NC_044645	1567550
247	NC_044667	43545
223	NC_044668	1685549
186	NC_044691	1037063
186	NC_044692	2604687
248	NC_044693	176129
248	NC_044694	137457
28	NC_044701	42229
165	NC_044718	253017
138	NC_044761	210943
211	NC_044767	2606559
249	NC_044779	2294062
250	NC_044780	2607986
249	NC_044797	193468
249	NC_044798	37824
251	NC_044799	86842
251	NC_044800	989269
252	NC_044801	230031
252	NC_044802	77620
252	NC_044803	193474
249	NC_044804	346431
249	NC_044805	346429
249	NC_044806	123676
51	NC_044807	604165
249	NC_044808	39326
249	NC_044809	860740
106	NC_044810	60119
106	NC_044811	16905
106	NC_044812	16902
106	NC_044813	164436
106	NC_044814	60121
106	NC_044815	16903
106	NC_044817	367354
106	NC_044818	28501
106	NC_044819	228625
106	NC_044820	4283
106	NC_044825	367350
253	NC_044828	16925
249	NC_044829	52833
252	NC_044830	193483
252	NC_044831	193494
51	NC_044832	86875
51	NC_044833	108595
249	NC_044834	123682
249	NC_044835	23101
249	NC_044836	152292
252	NC_044837	230032
252	NC_044838	228042
249	NC_044841	152286
51	NC_044842	860753
249	NC_044843	1623353
211	NC_044844	55377
211	NC_044845	185766
211	NC_044846	16911
251	NC_044847	228628
223	NC_044862	2038526
225	NC_044895	2594721
28	NC_044965	140661
254	NC_045041	374708
154	NC_045043	180068
76	NC_045045	370638
154	NC_045046	180562
154	NC_045047	180073
154	NC_045048	180074
154	NC_045049	626364
154	NC_045050	180067
154	NC_045051	59180
154	NC_045052	19953
154	NC_045053	86867
154	NC_045054	105883
154	NC_045056	77623
120	NC_045061	4202
120	NC_045062	432674
154	NC_045063	486693
76	NC_045064	486661
133	NC_045070	858915
25	NC_045079	1089943
25	NC_045080	1089944
25	NC_045081	2021205
25	NC_045082	2544925
34	NC_045083	1408783
34	NC_045084	2545923
34	NC_045085	1903578
34	NC_045086	1799609
34	NC_045087	586722
34	NC_045088	70770
255	NC_045096	1691898
43	NC_045098	1073919
43	NC_045099	55383
43	NC_045100	59982
133	NC_045104	53908
133	NC_045105	2650787
133	NC_045106	499992
256	NC_045108	2138330
148	NC_045109	2650741
43	NC_045111	59970
43	NC_045112	2508515
43	NC_045113	1341709
43	NC_045114	2650784
43	NC_045115	2650783
43	NC_045116	2650782
43	NC_045117	2650785
43	NC_045118	2650786
125	NC_045121	318071
109	NC_045125	258320
31	NC_045126	1608486
8	NC_045182	491196
8	NC_045183	996943
8	NC_045184	99506
154	NC_045193	2589404
76	NC_045219	134525
28	NC_045230	2491139
244	NC_045233	2664490
244	NC_045234	2664491
244	NC_045235	1679365
82	NC_045271	1828751
257	NC_045272	218618
257	NC_045273	1280383
43	NC_045275	110867
54	NC_045276	54456
245	NC_045280	38862
6	NC_045281	231512
27	NC_045284	197121
5	NC_045294	123564
72	NC_045295	191917
72	NC_045296	191891
152	NC_045297	509014
152	NC_045298	20342
72	NC_045299	162940
50	NC_045300	203098
230	NC_045301	266086
80	NC_045302	126914
135	NC_045304	192999
6	NC_045307	2599121
126	NC_045308	106550
126	NC_045309	2675841
126	NC_045310	2675844
126	NC_045311	141003
126	NC_045312	52522
126	NC_045313	52521
126	NC_045314	32219
126	NC_045315	35968
126	NC_045316	52524
126	NC_045317	52529
126	NC_045318	1143211
126	NC_045319	1768849
126	NC_045320	52536
126	NC_045321	141002
126	NC_045322	32231
126	NC_045323	1898940
126	NC_045324	133198
126	NC_045325	36614
126	NC_045326	2675837
126	NC_045327	2675839
126	NC_045328	2675838
126	NC_045329	2675840
126	NC_045330	36624
126	NC_045331	140999
126	NC_045332	2675834
126	NC_045333	2675835
126	NC_045334	398295
126	NC_045335	193303
126	NC_045336	23211
126	NC_045337	36622
126	NC_045338	2675831
126	NC_045339	690323
126	NC_045340	690309
126	NC_045341	690318
126	NC_045342	1603823
126	NC_045343	2980405
126	NC_045344	661343
126	NC_045345	1581416
126	NC_045346	589999
126	NC_045347	1581417
126	NC_045348	2024535
126	NC_045349	590000
126	NC_045350	2675829
126	NC_045351	2675836
126	NC_045352	661344
126	NC_045353	2675832
126	NC_045354	2675833
126	NC_045355	661349
126	NC_045356	690313
126	NC_045357	690320
126	NC_045358	1248458
126	NC_045359	2675830
91	NC_045384	39529
179	NC_045388	72187
126	NC_045389	106549
126	NC_045390	106567
126	NC_045391	36594
126	NC_045392	36604
126	NC_045393	106557
93	NC_045398	86642
131	NC_045405	542673
126	NC_045409	2654653
126	NC_045410	106547
126	NC_045411	193308
126	NC_045412	661356
126	NC_045413	2109368
126	NC_045414	1826815
126	NC_045415	36610
126	NC_045416	664754
126	NC_045417	1826816
126	NC_045418	2906878
126	NC_045419	193300
126	NC_045420	36618
126	NC_045421	2305213
126	NC_045422	661346
126	NC_045423	193503
126	NC_045424	3095559
72	NC_045513	138043
237	NC_045514	138033
105	NC_045518	34188
126	NC_045840	2704055
216	NC_045850	1848406
166	NC_045855	1577577
244	NC_045859	1085434
56	NC_045860	1461639
56	NC_045861	108543
25	NC_045865	1202501
48	NC_045868	206227
89	NC_045878	231669
89	NC_045879	168002
95	NC_045890	2708604
95	NC_045891	1477590
56	NC_045894	279687
56	NC_045895	279663
244	NC_045898	179723
25	NC_045907	145669
89	NC_045908	387930
89	NC_045909	387291
89	NC_045910	387294
258	NC_045915	291310
244	NC_045919	1009479
14	NC_045920	286874
67	NC_045942	2705373
192	NC_045947	39860
30	NC_045948	3728
31	NC_046015	2609018
25	NC_046017	180981
44	NC_046018	62097
55	NC_046038	374729
39	NC_046040	413731
122	NC_046061	2699524
110	NC_046062	153525
110	NC_046063	153528
110	NC_046064	153542
228	NC_046065	2706573
255	NC_046385	1045248
95	NC_046389	714517
66	NC_046390	2594871
66	NC_046391	2594872
66	NC_046392	2594875
66	NC_046393	2594873
66	NC_046394	2594874
168	NC_046396	49801
74	NC_046409	41386
111	NC_046415	170924
66	NC_046448	374962
66	NC_046449	374960
66	NC_046450	374967
66	NC_046451	49675
66	NC_046452	83861
50	NC_046453	203103
66	NC_046454	221253
66	NC_046455	374954
66	NC_046456	374957
66	NC_046457	221255
66	NC_046458	49666
66	NC_046459	221258
66	NC_046460	1045496
66	NC_046461	49670
119	NC_046463	1603698
56	NC_046464	82336
56	NC_046472	152090
56	NC_046473	152088
4	NC_046482	2695833
54	NC_046483	99446
119	NC_046486	40007
82	NC_046492	2709848
234	NC_046517	1333497
41	NC_046520	532141
215	NC_046574	376207
204	NC_046575	400493
200	NC_046579	245167
31	NC_046585	75096
154	NC_046599	1112105
259	NC_046601	1569713
244	NC_046687	112819
54	NC_046692	1127564
39	NC_046699	2547915
37	NC_046702	78372
31	NC_046739	393623
28	NC_046742	552838
111	NC_046755	2714856
260	NC_046758	210369
207	NC_046761	426459
65	NC_046770	166115
65	NC_046771	690494
8	NC_046774	52451
126	NC_046777	1826813
117	NC_046781	516069
120	NC_046782	237951
48	NC_046785	2291104
261	NC_046796	13363
262	NC_046809	669896
41	NC_046822	2715958
31	NC_046824	74652
27	NC_046827	13423
179	NC_046829	71251
126	NC_046834	2716537
41	NC_046835	1441374
41	NC_046838	49212
200	NC_046842	340444
222	NC_046846	152355
51	NC_046847	2575400
263	NC_046848	212710
264	NC_046855	210344
4	NC_046857	386184
4	NC_046858	386182
264	NC_046859	383665
4	NC_046860	198836
4	NC_046861	386150
4	NC_046862	229694
4	NC_046863	386243
4	NC_046864	1054457
4	NC_046865	463179
4	NC_046866	654837
4	NC_046867	1144424
4	NC_046868	1144436
4	NC_046869	386639
29	NC_046870	387129
264	NC_046871	2806871
264	NC_046872	703387
265	NC_046873	386173
4	NC_046874	386154
4	NC_046875	685060
4	NC_046876	386201
8	NC_046879	52462
4	NC_046882	1144464
4	NC_046883	1144448
4	NC_046884	1144454
4	NC_046885	2613913
38	NC_046891	1981893
72	NC_046892	282178
54	NC_046936	63358
54	NC_046937	63360
54	NC_046938	4400
213	NC_046939	3541
65	NC_046947	152138
72	NC_047060	191923
72	NC_047061	20340
48	NC_047175	4068
1	NC_047176	180581
0	NC_047178	33125
12	NC_047180	1968119
12	NC_047181	1968120
12	NC_047182	241935
266	NC_047183	1566870
93	NC_047190	2717313
165	NC_047191	253046
267	NC_047192	1785620
268	NC_047193	2717818
268	NC_047194	2717819
269	NC_047208	2182691
31	NC_047211	616954
270	NC_047226	244509
109	NC_047232	2544936
109	NC_047233	2544934
109	NC_047234	174218
109	NC_047235	258323
12	NC_047236	873451
1	NC_047245	126910
8	NC_047246	52570
7	NC_047249	219868
271	NC_047281	66093
271	NC_047282	66096
271	NC_047283	346985
8	NC_047287	473995
54	NC_047288	3020272
31	NC_047295	74635
203	NC_047297	363217
110	NC_047298	153537
15	NC_047300	1593301
90	NC_047302	43522
272	NC_047310	48131
271	NC_047312	162639
273	NC_047313	32256
152	NC_047314	241839
72	NC_047315	199163
271	NC_047316	46664
152	NC_047317	162694
72	NC_047318	247900
271	NC_047319	191919
152	NC_047320	162690
156	NC_047321	54894
152	NC_047322	327148
152	NC_047323	20679
152	NC_047324	2082043
152	NC_047325	301889
72	NC_047326	1237535
152	NC_047328	162898
152	NC_047329	162644
72	NC_047330	205059
152	NC_047332	162730
152	NC_047333	2806813
273	NC_047334	32252
72	NC_047335	162878
152	NC_047336	162812
163	NC_047337	130453
72	NC_047338	450042
271	NC_047339	2723578
271	NC_047340	1125162
271	NC_047341	225114
72	NC_047342	149693
152	NC_047345	162734
168	NC_047346	508915
152	NC_047347	1911670
271	NC_047348	1536788
133	NC_047349	149639
72	NC_047350	162890
152	NC_047351	162923
133	NC_047352	256639
72	NC_047354	1679269
152	NC_047355	1358851
123	NC_047356	32244
152	NC_047357	2723574
152	NC_047358	1911668
274	NC_047359	162883
271	NC_047360	1234621
271	NC_047361	162704
72	NC_047362	323100
133	NC_047363	948959
72	NC_047364	468142
271	NC_047366	346951
72	NC_047367	162876
133	NC_047368	72433
271	NC_047369	66094
275	NC_047371	140937
276	NC_047372	140951
274	NC_047373	1608033
271	NC_047374	162772
53	NC_047375	49825
271	NC_047376	1268648
274	NC_047377	2723577
72	NC_047378	1465380
271	NC_047379	162936
271	NC_047380	191881
72	NC_047383	191942
152	NC_047385	162836
271	NC_047386	1387641
271	NC_047387	321570
152	NC_047388	162715
277	NC_047390	2723576
271	NC_047391	2723575
271	NC_047392	53827
276	NC_047393	104316
152	NC_047394	162783
271	NC_047395	149681
152	NC_047396	162669
133	NC_047397	143050
72	NC_047398	3089646
133	NC_047399	114317
72	NC_047400	948715
278	NC_047401	2723579
91	NC_047406	261420
176	NC_047407	463673
176	NC_047408	2711274
87	NC_047416	265497
31	NC_047418	2725675
8	NC_047428	642897
110	NC_047429	59680
279	NC_047438	1495201
28	NC_047442	88123
76	NC_047443	105885
81	NC_047447	110284
81	NC_047448	110283
255	NC_047450	200056
184	NC_047468	155022
280	NC_047469	263974
157	NC_047470	339321
281	NC_047471	63476
7	NC_047473	685943
41	NC_047475	34256
223	NC_047476	141317
236	NC_047477	296036
213	NC_047478	930814
140	NC_047483	193523
228	NC_047484	389109
228	NC_047485	389179
74	NC_047486	41390
72	NC_047594	138017
33	NC_048463	161118
120	NC_048464	2719321
31	NC_048474	64942
49	NC_048478	4189
91	NC_048492	100532
0	NC_048493	50454
183	NC_048498	63053
228	NC_048503	126554
228	NC_048504	329231
1	NC_048514	300354
1	NC_048515	304153
98	NC_048524	1501466
28	NC_048528	1642855
171	NC_048889	208863
123	NC_048890	210382
4	NC_048891	217619
88	NC_048952	210363
88	NC_048953	35974
125	NC_048971	78384
109	NC_048972	487139
109	NC_048973	78374
213	NC_048975	482968
54	NC_048981	366470
84	NC_048985	227914
84	NC_048986	227916
54	NC_048995	64109
188	NC_048997	54454
234	NC_048998	98587
87	NC_049000	211926
213	NC_049005	1170580
156	NC_049007	616996
156	NC_049008	499988
156	NC_049009	1661389
161	NC_049010	236974
105	NC_049014	481254
281	NC_049017	4707
56	NC_049018	79001
78	NC_049019	59027
281	NC_049020	59099
281	NC_049021	1355408
281	NC_049022	49657
281	NC_049023	1045147
281	NC_049024	299601
105	NC_049025	59029
105	NC_049026	49460
105	NC_049027	2729209
31	NC_049037	478290
31	NC_049038	478332
156	NC_049043	107308
156	NC_049044	450026
156	NC_049045	1237534
156	NC_049046	1353446
156	NC_049047	2739820
156	NC_049048	705301
156	NC_049049	1353464
156	NC_049050	2739821
8	NC_049051	2448746
8	NC_049052	496671
8	NC_049053	2448748
8	NC_049054	496672
8	NC_049055	1553917
8	NC_049057	496674
8	NC_049058	2448757
8	NC_049062	496702
156	NC_049080	1071187
156	NC_049081	2741211
156	NC_049082	100170
156	NC_049083	108278
156	NC_049084	1071199
271	NC_049085	483143
228	NC_049086	83951
228	NC_049090	178765
110	NC_049107	2741634
282	NC_049110	271749
283	NC_049111	210380
284	NC_049112	999555
126	NC_049113	106568
126	NC_049114	2741545
27	NC_049129	145756
119	NC_049130	1799599
72	NC_049132	3128859
72	NC_049133	364024
90	NC_049155	284589
140	NC_049156	193531
155	NC_049157	179843
285	NC_049158	125022
286	NC_049160	1043438
261	NC_049569	2742969
30	NC_049574	169068
0	NC_049575	457778
0	NC_049576	1366939
0	NC_049577	457767
0	NC_049578	359814
0	NC_049579	537117
0	NC_049580	571357
0	NC_049581	457770
167	NC_049582	1799556
0	NC_049583	586512
0	NC_049584	347880
30	NC_049585	359818
0	NC_049586	126270
0	NC_049587	202778
0	NC_049588	580998
0	NC_049590	1248441
0	NC_049591	571374
30	NC_049592	1579394
0	NC_049593	115938
0	NC_049594	486118
0	NC_049595	264427
0	NC_049596	359822
0	NC_049597	115924
0	NC_049598	115925
0	NC_049599	72658
0	NC_049600	115930
0	NC_049601	264432
0	NC_049602	278950
0	NC_049603	82356
0	NC_049604	300841
0	NC_049605	416611
0	NC_049606	416612
0	NC_049607	50463
0	NC_049608	71322
287	NC_049609	457792
0	NC_049610	558123
30	NC_049611	71338
0	NC_049612	97993
0	NC_049613	97989
30	NC_049614	220483
0	NC_049615	228876
268	NC_049616	1819373
0	NC_049617	82288
0	NC_049618	1400615
0	NC_049619	311912
268	NC_049621	202635
0	NC_049622	358662
0	NC_049623	87302
0	NC_049624	980117
0	NC_049625	983599
0	NC_049626	763965
0	NC_049627	311941
0	NC_049628	282596
0	NC_049629	95413
0	NC_049630	763963
0	NC_049631	89411
0	NC_049633	161951
0	NC_049634	98002
0	NC_049635	1370069
287	NC_049636	347890
30	NC_049637	536395
0	NC_049638	1137569
0	NC_049639	167684
0	NC_049640	81980
30	NC_049641	71350
0	NC_049642	359846
30	NC_049644	664009
30	NC_049645	664011
0	NC_049646	300830
0	NC_049647	302120
0	NC_049648	97864
0	NC_049649	1398675
0	NC_049650	153321
0	NC_049651	302114
0	NC_049652	1862636
0	NC_049653	1533111
0	NC_049654	2982282
0	NC_049655	190884
0	NC_049656	359856
30	NC_049657	224274
0	NC_049658	169074
0	NC_049659	153659
0	NC_049660	153338
0	NC_049661	282600
0	NC_049662	345534
0	NC_049663	153358
0	NC_049664	537172
0	NC_049665	691208
0	NC_049666	544825
0	NC_049667	1520945
0	NC_049668	359859
0	NC_049669	1400624
0	NC_049670	478944
0	NC_049671	313683
0	NC_049672	391730
30	NC_049673	581001
30	NC_049674	691214
0	NC_049675	126278
0	NC_049676	359867
0	NC_049677	1533221
0	NC_049678	85228
0	NC_049679	1400636
0	NC_049680	106785
0	NC_049681	369028
0	NC_049682	107243
0	NC_049683	98021
0	NC_049684	2498596
30	NC_049685	664029
0	NC_049686	664034
0	NC_049687	71234
126	NC_049863	2054446
20	NC_049867	35926
91	NC_049869	100506
91	NC_049870	100505
8	NC_049874	49556
230	NC_049879	50801
122	NC_049883	63058
51	NC_049884	665685
51	NC_049885	159372
51	NC_049886	50309
51	NC_049887	50314
51	NC_049888	50323
51	NC_049889	52501
30	NC_049891	51350
184	NC_049897	2777731
288	NC_049898	648862
248	NC_050051	74656
66	NC_050052	2706224
41	NC_050053	268933
126	NC_050059	106566
204	NC_050061	2066556
204	NC_050062	384659
204	NC_050063	240005
41	NC_050161	1862659
279	NC_050162	479676
25	NC_050163	184783
1	NC_050169	418041
289	NC_050170	512623
1	NC_050204	1050191
1	NC_050205	875672
1	NC_050206	2650462
1	NC_050207	80418
1	NC_050208	136614
1	NC_050209	682313
1	NC_050210	875673
65	NC_050243	110763
65	NC_050244	690499
65	NC_050245	175050
65	NC_050246	175090
111	NC_050247	2021927
111	NC_050248	2021928
183	NC_050249	1037060
107	NC_050251	478038
56	NC_050269	82327
136	NC_050270	385014
8	NC_050292	203717
31	NC_050296	714495
82	NC_050307	50767
268	NC_050353	2759425
39	NC_050354	1454363
39	NC_050355	363816
188	NC_050371	82930
89	NC_050373	2759698
39	NC_050388	542725
39	NC_050389	648848
48	NC_050396	264979
110	NC_050645	153531
110	NC_050646	153530
230	NC_050654	50754
82	NC_050655	50769
230	NC_050656	50802
230	NC_050657	50804
230	NC_050658	134587
230	NC_050659	166610
230	NC_050660	149062
258	NC_050666	291318
24	NC_050678	644748
120	NC_050741	1190427
77	NC_050744	1579233
1	NC_050782	323115
249	NC_050783	1030363
0	NC_050784	253187
0	NC_050785	537123
0	NC_050786	253198
0	NC_050787	253202
0	NC_050789	663977
0	NC_050790	359831
0	NC_050791	368994
0	NC_050792	763959
0	NC_050793	97998
0	NC_050794	359838
0	NC_050795	763973
0	NC_050796	359857
0	NC_050797	264431
0	NC_050798	369009
0	NC_050799	253199
0	NC_050800	664031
0	NC_050801	763984
0	NC_050802	359883
0	NC_050803	369039
0	NC_050804	369042
0	NC_050805	359888
0	NC_050806	253186
0	NC_050807	375369
0	NC_050808	2182743
0	NC_050809	375370
0	NC_050810	375374
0	NC_050811	744024
0	NC_050812	375375
0	NC_050813	359836
0	NC_050814	375376
0	NC_050815	375377
0	NC_050816	375378
0	NC_050817	264434
0	NC_050818	375379
0	NC_050819	369044
0	NC_050820	491287
0	NC_050821	594556
0	NC_050822	375382
0	NC_050823	359892
0	NC_050824	744030
0	NC_050825	664068
0	NC_050826	537194
0	NC_050827	234454
0	NC_050828	358676
51	NC_050832	2291122
192	NC_050834	713924
95	NC_050847	142181
111	NC_050848	1044918
23	NC_050872	944284
89	NC_050873	2291099
180	NC_050877	248836
180	NC_050878	248846
41	NC_050895	268902
41	NC_050896	587675
41	NC_050897	1520033
41	NC_050898	268918
41	NC_050899	2263212
41	NC_050900	38869
41	NC_050901	180675
41	NC_050902	268885
41	NC_050903	342062
112	NC_050919	1920719
73	NC_050920	441205
290	NC_050922	339271
290	NC_050923	2773786
98	NC_050924	425106
155	NC_050925	1603842
91	NC_050926	82207
41	NC_050929	424424
31	NC_050931	210861
31	NC_050934	1732552
31	NC_050935	637904
31	NC_050936	1570123
124	NC_050937	184572
76	NC_050941	486677
41	NC_050943	516070
41	NC_050945	1504638
128	NC_050948	237881
291	NC_050952	255891
291	NC_050953	86643
291	NC_050954	2652540
291	NC_050955	577428
291	NC_050956	2292707
291	NC_050957	2652455
291	NC_050958	2652586
28	NC_050959	3758
31	NC_050966	2774609
31	NC_050967	2774627
128	NC_050970	2771272
292	NC_050971	99292
167	NC_050975	147027
8	NC_050984	1155080
74	NC_050991	413484
269	NC_050996	248860
119	NC_050999	40000
119	NC_051000	130508
228	NC_051493	205695
4	NC_051498	184140
236	NC_051502	283121
28	NC_051503	701338
31	NC_051504	1486345
25	NC_051507	113250
91	NC_051508	235913
25	NC_051509	348465
289	NC_051510	1234190
120	NC_051520	57009
120	NC_051521	57203
258	NC_051523	291312
200	NC_051531	2653500
73	NC_051533	2777457
0	NC_051540	153459
37	NC_051541	228806
31	NC_051543	267264
41	NC_051544	39347
44	NC_051546	141545
31	NC_051550	117261
148	NC_051553	2777184
87	NC_051556	265496
27	NC_051557	2686033
39	NC_051559	479408
236	NC_051560	1603695
37	NC_051871	487117
37	NC_051872	228855
37	NC_051873	487142
37	NC_051874	487143
133	NC_051876	1653467
293	NC_051877	1930050
8	NC_051890	54703
28	NC_051894	2762727
48	NC_051946	2606425
126	NC_051947	1826795
294	NC_051949	50236
82	NC_051951	1608371
37	NC_051952	227244
274	NC_051954	162759
158	NC_051966	694369
123	NC_051971	212256
111	NC_051972	170921
295	NC_051987	61241
130	NC_051991	265245
28	NC_051992	714505
155	NC_051997	1679342
296	NC_052006	544656
296	NC_052007	2763562
250	NC_052014	2173064
74	NC_052696	204211
250	NC_052697	1218737
7	NC_052728	334483
7	NC_052729	109355
124	NC_052730	872014
200	NC_052744	2768323
224	NC_052745	216479
224	NC_052746	212925
224	NC_052747	526193
41	NC_052748	886264
39	NC_052752	296050
228	NC_052770	490842
56	NC_052786	85373
56	NC_052787	1220503
56	NC_052788	525528
56	NC_052789	82324
56	NC_052790	82328
56	NC_052791	82329
56	NC_052792	82330
3	NC_052847	238273
3	NC_052848	13055
51	NC_052849	46385
82	NC_052850	50761
292	NC_052853	210357
64	NC_052854	323665
95	NC_052855	69462
95	NC_052856	1040644
95	NC_052857	690718
95	NC_052858	1767139
95	NC_052859	1040645
95	NC_052860	1853235
95	NC_052861	223762
43	NC_052863	1043453
269	NC_052866	2769552
7	NC_052867	219892
297	NC_052872	192827
230	NC_052874	363515
292	NC_052875	345800
48	NC_052877	1165891
126	NC_052878	36599
31	NC_052882	57928
41	NC_052883	587679
66	NC_052909	2770580
77	NC_052919	316493
155	NC_052922	210332
242	NC_053303	197922
128	NC_053304	159422
175	NC_053305	340638
242	NC_053306	1052166
128	NC_053307	2771271
128	NC_053308	340641
128	NC_053309	197925
242	NC_053310	159429
128	NC_053311	380067
128	NC_053312	231185
128	NC_053313	197931
175	NC_053314	237893
128	NC_053315	343977
242	NC_053316	343974
184	NC_053324	3956
119	NC_053325	596822
7	NC_053326	164936
7	NC_053327	260142
184	NC_053328	507410
184	NC_053329	507437
0	NC_053330	2771259
0	NC_053331	2259843
0	NC_053332	2771260
0	NC_053333	2771261
0	NC_053334	2771262
0	NC_053335	2771263
0	NC_053336	2259845
0	NC_053337	2771264
0	NC_053338	2259847
0	NC_053339	2259848
0	NC_053340	2259849
0	NC_053341	2771265
0	NC_053342	2259850
0	NC_053343	2571312
0	NC_053344	2771266
0	NC_053345	2771267
0	NC_053346	2771268
0	NC_053347	2771269
0	NC_053348	2771270
0	NC_053349	2764686
25	NC_053365	14027
41	NC_053372	1208400
41	NC_053373	1208407
41	NC_053374	476459
41	NC_053375	424418
41	NC_053376	342063
41	NC_053377	587677
41	NC_053378	2263206
41	NC_053379	476454
41	NC_053380	2777458
41	NC_053381	1150289
41	NC_053382	2777459
268	NC_053386	622458
298	NC_053387	415762
299	NC_053524	1522775
298	NC_053525	264972
11	NC_053535	1615733
39	NC_053541	542727
15	NC_053549	1413702
31	NC_053550	396743
8	NC_053554	40689
133	NC_053562	3830
148	NC_053563	227901
56	NC_053564	109808
228	NC_053565	424905
71	NC_053570	1277776
27	NC_053571	1679389
102	NC_053574	2778913
65	NC_053576	272090
65	NC_053577	272088
65	NC_053578	1648219
300	NC_053579	166116
111	NC_053580	370663
65	NC_053581	1044923
300	NC_053582	175042
65	NC_053583	370656
111	NC_053584	486446
65	NC_053585	159014
300	NC_053586	2726138
300	NC_053587	2726136
300	NC_053588	184991
300	NC_053589	175048
300	NC_053590	175069
65	NC_053591	1271606
111	NC_053592	175046
65	NC_053593	2763000
65	NC_053594	175097
300	NC_053595	175065
111	NC_053596	175057
300	NC_053597	1430408
300	NC_053598	2762999
65	NC_053599	2763002
111	NC_053600	175070
65	NC_053601	175101
111	NC_053602	175068
111	NC_053603	175096
65	NC_053604	170923
65	NC_053605	170920
111	NC_053606	690488
65	NC_053607	184996
300	NC_053608	2762998
250	NC_053609	2742986
39	NC_053610	191082
51	NC_053618	904034
124	NC_053619	362713
39	NC_053622	542761
7	NC_053640	334460
8	NC_053641	2806829
123	NC_053654	1008907
91	NC_053687	100525
126	NC_053688	1881092
28	NC_053689	1813458
73	NC_053691	39388
28	NC_053693	140662
28	NC_053694	2854737
31	NC_053696	1045296
128	NC_053697	159428
293	NC_053702	3631
28	NC_053703	97319
41	NC_053707	2849020
41	NC_053708	587669
51	NC_053713	2557522
35	NC_053719	2731703
35	NC_053720	2731702
35	NC_053721	2304412
35	NC_053722	1479339
35	NC_053723	1205715
35	NC_053724	2731706
192	NC_053731	118431
126	NC_053735	106558
43	NC_053736	213255
279	NC_053746	2781105
0	NC_053754	571362
286	NC_053762	1234228
279	NC_053764	118357
164	NC_053765	32229
200	NC_053766	1506269
261	NC_053780	419289
261	NC_053781	2650408
261	NC_053782	373122
261	NC_053783	34254
91	NC_053784	203835
113	NC_053787	3565
85	NC_053791	321415
118	NC_053792	374723
118	NC_053793	64093
90	NC_053818	1177002
73	NC_053823	291326
156	NC_053827	1030150
158	NC_053828	694358
0	NC_053830	153343
293	NC_053839	65557
82	NC_053840	683755
82	NC_053841	3097545
82	NC_053842	292393
124	NC_053849	3743
124	NC_053850	221251
31	NC_053856	1608489
87	NC_053866	71605
183	NC_053879	1817789
8	NC_053888	948046
133	NC_053891	100158
39	NC_053896	147913
110	NC_053897	153522
203	NC_053899	168121
48	NC_053902	377125
7	NC_053907	219895
31	NC_053909	2783860
301	NC_053910	1530311
301	NC_053911	1530314
301	NC_053912	217757
301	NC_053913	1530320
301	NC_053914	325761
39	NC_053915	319927
184	NC_053924	1799636
110	NC_053928	2803818
159	NC_053931	648870
105	NC_053932	177062
12	NC_053933	714510
8	NC_053938	386280
165	NC_053940	2803581
6	NC_053944	239761
90	NC_054151	266089
135	NC_054154	240043
126	NC_054155	416285
27	NC_054163	210349
27	NC_054165	1679331
27	NC_054166	2785317
27	NC_054168	2303458
27	NC_054169	2785316
27	NC_054170	190249
200	NC_054172	64582
28	NC_054178	190009
56	NC_054182	1220501
154	NC_054183	1345077
271	NC_054185	347003
1	NC_054186	2785320
244	NC_054193	2785437
158	NC_054194	199175
302	NC_054196	39321
203	NC_054200	167981
303	NC_054205	359525
299	NC_054213	2896795
25	NC_054217	1056956
196	NC_054218	262211
8	NC_054219	357850
133	NC_054221	114324
18	NC_054224	4123
27	NC_054233	108881
91	NC_054234	231032
28	NC_054238	1055022
269	NC_054239	54428
269	NC_054240	2291115
12	NC_054247	709039
230	NC_054249	2016256
28	NC_054252	2789311
28	NC_054253	151431
28	NC_054254	151433
76	NC_054265	180065
123	NC_054266	1045333
299	NC_054276	190802
89	NC_054280	416983
161	NC_054282	236975
304	NC_054283	1839802
305	NC_054286	1085519
43	NC_054287	2790325
34	NC_054294	568210
56	NC_054295	101652
8	NC_054296	165504
8	NC_054297	2666434
289	NC_054300	1249727
289	NC_054301	388567
300	NC_054305	2789741
154	NC_054306	179860
87	NC_054307	241844
259	NC_054308	328098
161	NC_054309	236976
150	NC_054329	3442
150	NC_054330	261451
150	NC_054331	261448
306	NC_054333	1188276
89	NC_054335	2793139
109	NC_054336	714477
98	NC_054337	1501458
307	NC_054338	2789716
307	NC_054339	344825
307	NC_054340	344853
307	NC_054341	2786967
267	NC_054343	45185
307	NC_054344	226284
307	NC_054345	24776
307	NC_054346	1399730
48	NC_054347	1868792
76	NC_054349	643838
76	NC_054350	638626
230	NC_054359	148628
8	NC_054360	496675
39	NC_054364	1889603
39	NC_054365	147930
30	NC_056081	1078589
30	NC_056082	349956
30	NC_056083	2730875
30	NC_056084	2730876
30	NC_056085	555706
30	NC_056086	2730856
30	NC_056087	2730879
30	NC_056088	1891461
30	NC_056089	2730877
30	NC_056090	2593442
8	NC_056096	3054486
120	NC_056104	1127660
255	NC_056110	1691893
120	NC_056112	237939
120	NC_056113	2794245
257	NC_056129	68875
307	NC_056133	344826
307	NC_056134	344832
271	NC_056137	66097
133	NC_056139	70606
131	NC_056142	79772
39	NC_056149	542753
265	NC_056163	447127
81	NC_056187	76460
140	NC_056188	48234
62	NC_056190	192263
228	NC_056242	126436
13	NC_056244	310424
228	NC_056245	205689
160	NC_056254	2794930
213	NC_056255	2794931
213	NC_056256	2259726
28	NC_056266	552830
106	NC_056267	366642
267	NC_056276	1785687
133	NC_056278	228658
12	NC_056286	709060
31	NC_056289	714648
308	NC_056292	50172
12	NC_056295	210328
303	NC_056298	473997
18	NC_056300	89636
89	NC_056311	2753871
1	NC_056313	2753881
309	NC_056314	2753882
43	NC_056316	2753877
95	NC_056317	2753872
305	NC_056319	2306254
95	NC_056320	2753873
44	NC_056322	2753870
37	NC_056328	2544932
310	NC_056329	175755
65	NC_056335	2037948
227	NC_056337	752527
227	NC_056338	1938959
227	NC_056339	1620947
227	NC_056340	2749921
6	NC_056345	1046253
6	NC_056346	1046262
6	NC_056347	1306156
6	NC_056348	882115
4	NC_056352	102211
23	NC_056353	196574
230	NC_056357	50785
65	NC_056361	931088
28	NC_056362	1642861
6	NC_056363	105599
65	NC_056372	2724134
26	NC_056382	345237
123	NC_056387	1008934
281	NC_056390	1045160
41	NC_056393	516067
31	NC_056798	616968
303	NC_056802	359507
303	NC_056803	1392095
248	NC_056804	176132
248	NC_056805	176134
40	NC_056826	574486
40	NC_056827	320368
40	NC_056828	574488
40	NC_056829	865864
40	NC_056830	574491
40	NC_056831	574493
40	NC_056832	574494
40	NC_056833	320322
40	NC_056834	574500
126	NC_056885	106546
159	NC_056894	83906
93	NC_056895	495260
91	NC_056913	573510
41	NC_056915	662940
31	NC_056916	1521119
31	NC_056926	1429983
31	NC_056929	59492
31	NC_056930	59495
31	NC_056931	75113
31	NC_056932	1603829
31	NC_056933	2743669
31	NC_056934	2761761
31	NC_056935	421244
31	NC_056936	421251
31	NC_056937	1813504
31	NC_056938	2761762
31	NC_056939	421246
31	NC_056941	1521120
31	NC_056942	190223
31	NC_056943	75072
31	NC_056944	2761760
31	NC_056945	1521122
31	NC_056946	421253
31	NC_056947	1813505
7	NC_056951	1711277
311	NC_056954	1310066
31	NC_056965	59502
180	NC_056967	248837
1	NC_056976	118693
1	NC_056977	4089
1	NC_056978	200320
1	NC_056979	4090
1	NC_056980	118710
1	NC_056981	76336
113	NC_056982	338571
267	NC_056983	344860
76	NC_056986	447675
181	NC_056989	1054083
230	NC_056992	50808
312	NC_056993	13525
41	NC_056994	587661
131	NC_056995	185774
180	NC_056996	248847
51	NC_056999	2801951
154	NC_057000	52835
313	NC_057003	29747
224	NC_057049	571348
244	NC_057050	1603848
202	NC_057051	316732
311	NC_057062	495256
107	NC_057063	478036
64	NC_057065	64700
64	NC_057066	4673
64	NC_057067	64477
114	NC_057075	470706
124	NC_057076	292385
126	NC_057086	510735
12	NC_057087	3498
50	NC_057090	386443
44	NC_057091	52822
82	NC_057094	1892709
80	NC_057096	1048809
56	NC_057098	108051
154	NC_057105	2803976
154	NC_057106	761861
43	NC_057115	587401
6	NC_057118	1006137
8	NC_057128	357854
8	NC_057129	357860
8	NC_057130	52491
8	NC_057131	357849
8	NC_057132	357846
8	NC_057133	357853
8	NC_057134	496664
8	NC_057135	357857
8	NC_057136	1202429
8	NC_057137	357856
8	NC_057138	265822
8	NC_057139	357845
8	NC_057140	357858
8	NC_057141	357855
31	NC_057144	75085
95	NC_057148	2294054
95	NC_057149	2803973
120	NC_057163	237933
314	NC_057165	43073
6	NC_057166	103354
269	NC_057183	1549776
269	NC_057184	2306220
269	NC_057185	2804893
269	NC_057186	282776
8	NC_057188	1271632
41	NC_057189	2805417
32	NC_057190	434735
315	NC_057191	151258
41	NC_057196	204144
91	NC_057220	1618031
307	NC_057226	1399722
307	NC_057227	2583426
8	NC_057228	496697
74	NC_057235	361442
27	NC_057237	1522117
34	NC_057238	168488
1	NC_057245	45839
228	NC_057246	528268
316	NC_057253	55444
91	NC_057254	573517
41	NC_057255	1052904
64	NC_057257	374970
152	NC_057262	543392
82	NC_057263	84942
27	NC_057264	681629
67	NC_057271	2810017
41	NC_057283	662933
41	NC_057284	587671
249	NC_057286	1623361
12	NC_057287	1955528
27	NC_057288	1219515
235	NC_057293	681501
73	NC_057296	1136150
288	NC_057307	1231846
12	NC_057308	3490
317	NC_057309	566045
318	NC_057310	145231
60	NC_057311	244035
48	NC_057432	755258
28	NC_057434	32248
8	NC_057441	691185
133	NC_057458	49834
8	NC_057463	2810618
234	NC_057465	106626
234	NC_057466	39984
166	NC_057481	2291152
77	NC_057486	316487
38	NC_057494	55483
147	NC_057496	157934
7	NC_057499	2773787
228	NC_057502	653727
166	NC_057506	1616486
89	NC_057507	454322
319	NC_057521	428255
85	NC_057523	2812889
286	NC_057533	1616479
4	NC_057560	3656
320	NC_057582	1781601
8	NC_057586	1331743
126	NC_057587	709982
25	NC_057594	115525
25	NC_057595	561305
230	NC_057596	363513
31	NC_057600	1813497
122	NC_057601	2291175
25	NC_057602	157786
25	NC_057603	115466
31	NC_057620	1813488
231	NC_057623	586111
31	NC_057625	2814615
31	NC_057626	2814610
31	NC_057627	2814616
31	NC_057628	2814612
31	NC_057630	2814611
161	NC_057633	2815227
130	NC_057637	184983
303	NC_057639	359505
303	NC_057640	48105
303	NC_057641	948041
279	NC_057644	2798769
77	NC_057663	591100
3	NC_057677	225334
321	NC_057678	443373
41	NC_057679	4142
230	NC_057681	2726091
133	NC_057682	85268
133	NC_057683	76397
8	NC_057953	1792663
240	NC_057955	4326
39	NC_057956	147911
39	NC_057957	147912
39	NC_057958	2056232
110	NC_057967	153527
27	NC_057978	190246
322	NC_057983	43536
322	NC_057984	3054898
322	NC_057985	254027
161	NC_057989	236973
228	NC_057990	178762
249	NC_057991	860750
41	NC_057994	167917
95	NC_057996	2778426
95	NC_057997	2778427
95	NC_057998	224084
95	NC_057999	885951
95	NC_058000	2778425
36	NC_058006	316893
95	NC_058012	2219189
95	NC_058013	2203444
236	NC_058018	296042
56	NC_058199	1843188
224	NC_058203	318062
165	NC_058204	252999
165	NC_058205	253038
27	NC_058214	93770
165	NC_058215	253034
236	NC_058216	319621
161	NC_058222	363523
91	NC_058226	2810384
91	NC_058227	261427
35	NC_058231	1205770
279	NC_058233	174249
323	NC_058237	1670841
323	NC_058238	2830725
323	NC_058239	1198337
323	NC_058240	2830726
126	NC_058241	2834524
158	NC_058246	516545
31	NC_058248	1732551
300	NC_058249	2831536
147	NC_058252	2834332
39	NC_058253	2830874
39	NC_058254	2830873
111	NC_058256	370647
111	NC_058257	2834326
111	NC_058258	2834331
111	NC_058259	2834327
111	NC_058260	2834324
111	NC_058261	690509
111	NC_058262	2834325
111	NC_058263	1044913
314	NC_058267	2800577
31	NC_058280	539895
142	NC_058287	239695
142	NC_058288	239711
142	NC_058289	239718
324	NC_058294	49672
56	NC_058295	1768215
324	NC_058297	1633990
324	NC_058298	1126413
250	NC_058299	4694
325	NC_058300	254980
72	NC_058305	3813
1	NC_058315	180580
3	NC_058317	210355
106	NC_058318	16907
74	NC_058321	536986
74	NC_058322	2588548
74	NC_058323	536997
74	NC_058324	2835937
74	NC_058325	167920
158	NC_058326	1368223
41	NC_058327	751784
41	NC_058328	662900
158	NC_058329	457135
158	NC_058330	1368226
158	NC_058331	1737573
41	NC_058332	41381
158	NC_058333	694355
291	NC_058334	2835933
74	NC_058335	664368
30	NC_058526	2039585
227	NC_058532	608807
34	NC_058533	536985
281	NC_058534	703614
82	NC_058535	55190
156	NC_058536	53863
156	NC_058537	450028
156	NC_058538	2696680
156	NC_058539	106130
91	NC_058552	1263484
91	NC_058553	261429
91	NC_058554	261419
91	NC_058555	858346
91	NC_058556	2855384
91	NC_058557	49731
91	NC_058558	34195
91	NC_058559	261412
91	NC_058560	100526
91	NC_058561	1263486
91	NC_058562	557558
91	NC_058563	45371
91	NC_058564	1263488
91	NC_058565	261421
91	NC_058566	261422
91	NC_058567	2259080
91	NC_058568	2259081
91	NC_058569	261403
123	NC_058570	2872360
114	NC_058571	1235666
111	NC_058572	2829159
41	NC_058575	662921
24	NC_058576	35871
24	NC_058577	669840
76	NC_058578	486666
11	NC_058579	1433308
4	NC_058581	252528
4	NC_058582	260672
4	NC_058583	37645
139	NC_058590	439689
158	NC_058592	587664
313	NC_058595	109864
158	NC_058605	2873315
236	NC_058615	283125
115	NC_058619	146502
122	NC_058620	1679378
145	NC_058622	214525
123	NC_058624	1008906
124	NC_058625	1573160
123	NC_058626	2873782
303	NC_058628	474000
303	NC_058629	2873938
303	NC_058630	496572
303	NC_058631	359519
25	NC_058633	169980
25	NC_058634	341989
269	NC_058642	2512265
39	NC_058646	147924
222	NC_058647	432629
82	NC_058687	1499134
163	NC_058691	62615
133	NC_058693	2866711
289	NC_058698	1053340
119	NC_058699	2293672
76	NC_058732	2875971
265	NC_058735	1348128
43	NC_058736	276775
145	NC_058751	64905
192	NC_058757	1830165
89	NC_058760	231658
200	NC_058773	2876817
200	NC_058774	2867347
144	NC_058776	2872187
200	NC_058777	340438
188	NC_058779	50994
24	NC_058794	319741
24	NC_058795	669838
149	NC_058799	586382
165	NC_058801	253001
31	NC_058802	674467
31	NC_058803	538576
31	NC_058804	101010
31	NC_058805	538577
31	NC_058806	64941
31	NC_058807	60188
300	NC_058808	175105
6	NC_058821	2877934
56	NC_058823	714492
71	NC_058830	619227
71	NC_058831	2775422
148	NC_058836	2805421
148	NC_058837	1618144
148	NC_058838	2805422
148	NC_058839	2803363
148	NC_058840	2138336
148	NC_058841	2805425
148	NC_058842	2805424
148	NC_058843	2805423
30	NC_058844	1417620
149	NC_058845	559336
41	NC_058851	2263209
41	NC_058852	587672
39	NC_058853	542723
39	NC_058854	2857521
326	NC_058858	227897
326	NC_058859	364664
326	NC_058860	50142
326	NC_058861	1069580
326	NC_058862	2785203
326	NC_058863	1248967
326	NC_058864	2785204
326	NC_058865	2785205
326	NC_058866	529577
326	NC_058867	2596929
148	NC_058868	70887
8	NC_058871	3143517
120	NC_058872	1679258
120	NC_058873	173670
120	NC_058874	16901
39	NC_058879	544492
39	NC_058880	452973
39	NC_058881	479407
41	NC_058882	2182725
82	NC_058884	553064
89	NC_058885	231648
155	NC_058889	167473
155	NC_058890	361614
155	NC_058891	361618
126	NC_058896	2741994
224	NC_058897	273621
91	NC_058905	1280243
95	NC_058916	2804075
71	NC_058920	1277777
39	NC_058924	1840594
40	NC_058925	214685
40	NC_058926	4639
40	NC_058927	228181
40	NC_058928	1230170
40	NC_058929	574498
40	NC_058930	94325
40	NC_058931	574497
40	NC_058932	52706
40	NC_058933	648046
40	NC_058934	574496
40	NC_058935	2546564
40	NC_058936	574495
40	NC_058937	349353
40	NC_058938	2879105
40	NC_058939	591794
40	NC_058940	228179
40	NC_058941	865863
40	NC_058942	2546563
40	NC_058943	482409
40	NC_058944	2546562
40	NC_058945	2563115
40	NC_058946	574484
40	NC_058947	482298
40	NC_058948	574483
40	NC_058949	627590
40	NC_058950	1765309
40	NC_058951	574478
40	NC_058952	648045
40	NC_058953	192045
40	NC_058954	133197
40	NC_058955	574480
40	NC_058956	213591
40	NC_058957	574479
40	NC_058958	1765313
248	NC_058959	1068670
248	NC_058960	176125
119	NC_058962	2880676
15	NC_058985	1413687
15	NC_058986	1413699
98	NC_058988	1501461
224	NC_058989	38846
56	NC_058994	78999
81	NC_058998	651555
39	NC_059001	1367312
12	NC_059002	194251
27	NC_059003	1008932
7	NC_059005	2871446
2	NC_059008	3557
2	NC_059009	1505710
2	NC_059010	19767
2	NC_059011	35923
2	NC_059012	3555
2	NC_059013	1775858
2	NC_059014	45494
2	NC_059015	350892
2	NC_059016	343494
2	NC_059017	19768
2	NC_059018	2848329
2	NC_059019	444111
2	NC_059020	65139
43	NC_059021	13345
28	NC_059022	2783863
28	NC_059023	928658
28	NC_059024	2783864
28	NC_059025	2576276
28	NC_059026	983205
28	NC_059027	140651
67	NC_059033	105748
7	NC_059040	2884848
7	NC_059041	183809
7	NC_059042	1711133
7	NC_059043	1711173
7	NC_059044	2884841
7	NC_059045	1711211
7	NC_059046	1226037
7	NC_059047	2884842
7	NC_059048	2884843
7	NC_059049	1711365
7	NC_059050	648813
7	NC_059051	2660570
7	NC_059052	183848
7	NC_059053	795992
7	NC_059054	2884844
7	NC_059055	1711585
7	NC_059056	2884845
7	NC_059057	2884846
7	NC_059058	1955439
7	NC_059059	2884847
135	NC_059062	118074
126	NC_059101	144562
266	NC_059691	2817436
266	NC_059692	66380
6	NC_059701	2817680
82	NC_059703	374092
41	NC_059718	2763342
76	NC_059719	447676
106	NC_059720	367337
174	NC_059723	378239
152	NC_059743	2818403
152	NC_059744	1899098
152	NC_059745	2818402
152	NC_059746	2818401
165	NC_059760	253066
110	NC_059761	153559
29	NC_059766	79760
27	NC_059767	446348
74	NC_059786	2801067
327	NC_059787	1009339
110	NC_059789	153543
110	NC_059790	2819571
21	NC_059798	1318717
21	NC_059799	1318718
30	NC_059802	71365
30	NC_059807	52824
41	NC_059812	2800787
41	NC_059813	2023964
41	NC_059814	396367
160	NC_059818	2495568
231	NC_059849	586110
97	NC_059863	710636
77	NC_059880	1238147
188	NC_059882	2820668
188	NC_059883	50997
188	NC_059884	2684111
188	NC_059885	2762710
188	NC_059886	50998
188	NC_059887	2820671
188	NC_059888	1692141
188	NC_059889	2820670
188	NC_059890	2820667
188	NC_059891	1322073
188	NC_059892	2820669
43	NC_059901	110753
144	NC_059902	2792840
31	NC_059904	321597
41	NC_059906	54240
77	NC_059909	316496
43	NC_059912	213405
23	NC_059918	944285
165	NC_059942	63779
165	NC_059943	1752749
165	NC_059944	2822274
165	NC_059945	2822275
165	NC_059946	2822276
165	NC_059947	2822277
165	NC_059948	253057
165	NC_059949	127142
39	NC_059950	2822548
328	NC_059952	467323
223	NC_059953	714471
48	NC_060305	1165888
41	NC_060314	516072
51	NC_060324	82094
39	NC_060326	2824821
126	NC_060332	690312
126	NC_060333	2824816
126	NC_060334	2824815
126	NC_060335	690325
126	NC_060336	690327
126	NC_060337	690321
126	NC_060338	690316
31	NC_060339	2282112
144	NC_060347	2824936
28	NC_060352	97308
102	NC_060354	2825901
102	NC_060355	672162
102	NC_060356	2825902
95	NC_060363	223760
269	NC_060366	1055021
82	NC_060369	2717849
82	NC_060370	2182714
82	NC_060371	50764
111	NC_060372	199607
81	NC_060382	2802308
144	NC_060385	946018
230	NC_060388	137891
27	NC_060401	332109
18	NC_060402	89656
90	NC_060411	58425
74	NC_060414	2800772
74	NC_060416	572124
8	NC_060426	48103
303	NC_060427	198841
126	NC_060437	2828831
126	NC_060438	2828832
126	NC_060439	1143220
126	NC_060440	36608
126	NC_060441	1125981
126	NC_060442	2071890
126	NC_060443	2828828
126	NC_060444	143397
126	NC_060445	2828841
126	NC_060446	690338
126	NC_060447	2071426
126	NC_060448	2828846
126	NC_060449	2828842
126	NC_060450	2828840
126	NC_060451	2828837
126	NC_060452	1143218
126	NC_060453	690314
126	NC_060454	1248455
126	NC_060455	690335
126	NC_060456	690308
126	NC_060457	690310
126	NC_060458	690329
126	NC_060459	690317
41	NC_060460	1224218
133	NC_060462	1009498
102	NC_060469	122816
76	NC_060471	112523
37	NC_060474	174190
37	NC_060475	227243
122	NC_060476	1214907
0	NC_060477	71324
0	NC_060478	359823
0	NC_060479	883001
0	NC_060480	883000
0	NC_060481	2864041
28	NC_060490	551137
67	NC_060493	524983
95	NC_060495	232789
0	NC_060501	3704
31	NC_060513	57926
93	NC_060521	197796
236	NC_060522	296035
89	NC_060523	231659
89	NC_060524	230837
222	NC_060536	714469
288	NC_060542	2907390
56	NC_060547	2898755
56	NC_060548	82334
56	NC_060550	82316
56	NC_060551	859542
82	NC_060552	553057
249	NC_060559	1623376
95	NC_060562	2715869
76	NC_060585	2881376
7	NC_060587	2904616
43	NC_060598	2184480
43	NC_060599	2184481
249	NC_060600	230060
261	NC_060614	1330311
31	NC_060615	75094
31	NC_060616	190232
31	NC_060617	176136
31	NC_060618	411215
31	NC_060646	75079
244	NC_060653	344448
224	NC_060656	1333928
7	NC_060657	260143
224	NC_060661	139772
165	NC_060668	1752756
165	NC_060669	2908020
196	NC_060684	194561
114	NC_060687	195136
37	NC_060696	227242
31	NC_060699	648851
43	NC_060700	306286
43	NC_060702	2884236
43	NC_060703	2878544
43	NC_060706	648860
43	NC_060707	1200277
154	NC_060729	59172
15	NC_060732	75703
164	NC_060733	714473
8	NC_060749	496690
8	NC_060750	2666235
8	NC_060751	584745
8	NC_060752	584763
8	NC_060753	948492
8	NC_060754	584762
8	NC_060755	2583323
8	NC_060756	2597139
8	NC_060757	584734
39	NC_060777	452971
39	NC_060778	460809
245	NC_060782	1037478
245	NC_060785	1043515
18	NC_060792	1603722
18	NC_060793	1580173
106	NC_060800	367341
46	NC_060805	329225
261	NC_060826	256494
95	NC_060829	329675
188	NC_060830	451702
188	NC_060831	64118
188	NC_060832	2913439
8	NC_060840	1133296
8	NC_060841	312531
72	NC_060845	433935
81	NC_060846	432994
37	NC_060847	1798021
126	NC_060853	1143222
126	NC_060854	690326
126	NC_060855	690337
126	NC_060856	2828844
39	NC_060861	1938282
269	NC_060862	2880154
0	NC_060863	580365
0	NC_060864	558121
0	NC_060865	580366
77	NC_060866	1439934
329	NC_060876	13011
89	NC_060982	174164
89	NC_060983	387276
89	NC_060984	46980
89	NC_060985	407842
89	NC_060986	168011
89	NC_060987	168012
170	NC_060991	228517
106	NC_060994	2712842
38	NC_060996	55442
38	NC_060997	319739
38	NC_060998	2035401
38	NC_060999	2498161
38	NC_061000	2498162
38	NC_061001	1046420
38	NC_061002	1046409
38	NC_061003	2675546
38	NC_061004	2498163
38	NC_061005	2865628
154	NC_061006	1530334
102	NC_061007	516017
329	NC_061010	658098
3	NC_061011	2764635
3	NC_061012	2915643
3	NC_061013	2915633
3	NC_061014	2915645
3	NC_061015	2915641
3	NC_061016	1045339
329	NC_061017	658104
329	NC_061018	658106
3	NC_061019	858952
3	NC_061020	1045338
3	NC_061021	2054448
329	NC_061022	658096
3	NC_061023	2856452
330	NC_061025	160371
3	NC_061026	2915642
245	NC_061028	324804
89	NC_061038	1806195
267	NC_061041	1399684
87	NC_061042	108594
8	NC_061043	496689
39	NC_061051	147928
234	NC_061056	61141
74	NC_061173	28514
31	NC_061174	3765
331	NC_061179	72385
35	NC_061183	1799701
35	NC_061184	2591603
35	NC_061185	2591604
35	NC_061186	443869
35	NC_061187	663348
35	NC_061188	2916729
35	NC_061189	1080101
35	NC_061190	2591602
35	NC_061191	570847
35	NC_061192	443873
250	NC_061194	2173066
24	NC_061197	361423
24	NC_061198	767568
402	NC_061199	669839
24	NC_061200	1407756
24	NC_061201	1534660
24	NC_061202	1407759
24	NC_061203	1407760
188	NC_061208	2291116
1	NC_061213	205582
41	NC_061214	2875946
43	NC_061215	1200272
38	NC_061221	62340
38	NC_061222	55464
38	NC_061223	62342
38	NC_061224	2884936
237	NC_061227	264982
41	NC_061229	342065
41	NC_061230	424425
81	NC_061251	544729
81	NC_061252	140872
81	NC_061253	100296
81	NC_061254	234725
81	NC_061255	2666210
157	NC_061256	1650713
157	NC_061257	1650721
31	NC_061263	136998
31	NC_061264	74650
31	NC_061265	57935
31	NC_061266	74646
31	NC_061267	119236
31	NC_061268	127554
31	NC_061269	74631
31	NC_061270	74653
31	NC_061271	74632
31	NC_061272	74628
0	NC_061285	63678
30	NC_061286	203570
0	NC_061287	97872
0	NC_061288	225681
0	NC_061289	97860
0	NC_061290	59289
0	NC_061291	81991
332	NC_061292	84533
242	NC_061294	237845
81	NC_061300	418163
289	NC_061302	421870
289	NC_061303	1249729
225	NC_061304	584531
81	NC_061305	388572
289	NC_061312	1234203
24	NC_061315	133196
41	NC_061322	2849020
81	NC_061332	2919619
289	NC_061334	2593430
289	NC_061335	2919631
289	NC_061336	2919620
225	NC_061338	2715407
225	NC_061339	2594718
225	NC_061340	2496803
225	NC_061341	2594727
225	NC_061342	2594745
333	NC_061350	1858743
24	NC_061351	2875544
24	NC_061352	1407762
24	NC_061353	2919639
24	NC_061354	2919640
24	NC_061355	2919624
133	NC_061361	1127379
3	NC_061364	482600
3	NC_061365	2922941
3	NC_061366	482604
3	NC_061367	497759
3	NC_061368	2922913
3	NC_061369	2922942
228	NC_061378	150409
74	NC_061379	1168070
1	NC_061388	267265
158	NC_061394	1986521
279	NC_061396	479660
89	NC_061398	1111685
234	NC_061404	61143
234	NC_061405	413951
234	NC_061406	172013
184	NC_061409	578554
255	NC_061410	1691895
158	NC_061415	694375
41	NC_061416	1046405
28	NC_061417	1642868
126	NC_061549	3750
56	NC_061550	89497
126	NC_061551	2890411
126	NC_061557	1943541
126	NC_061558	1943543
126	NC_061559	1943556
332	NC_061561	642903
39	NC_061599	147920
39	NC_061600	1889602
39	NC_061601	2920868
39	NC_061602	147933
39	NC_061603	147919
180	NC_061607	248839
180	NC_061608	1384122
180	NC_061609	2920504
39	NC_061610	2837496
50	NC_061619	203102
50	NC_061620	82471
50	NC_061621	2817525
50	NC_061622	203092
50	NC_061623	386442
50	NC_061624	203100
50	NC_061625	386441
25	NC_061651	341990
124	NC_061660	233715
27	NC_061661	2924066
6	NC_061670	2908915
6	NC_061671	2003742
334	NC_061672	1737104
6	NC_061673	1737103
6	NC_061674	2021217
6	NC_061675	2316920
6	NC_061676	2021215
6	NC_061677	2021216
6	NC_061678	2021218
8	NC_061684	2689076
0	NC_061686	2681215
332	NC_061689	393533
39	NC_061691	1523626
77	NC_061694	909199
267	NC_061695	1002525
111	NC_061696	175067
48	NC_061699	2919556
111	NC_061708	110762
65	NC_061709	690515
6	NC_061710	345093
6	NC_061711	345143
6	NC_061712	178808
6	NC_061713	345131
6	NC_061714	416114
6	NC_061715	926021
334	NC_061716	1300208
334	NC_061717	178804
334	NC_061718	1300199
335	NC_061719	332429
335	NC_061720	1236435
335	NC_061721	165298
335	NC_061722	1236424
335	NC_061723	165299
6	NC_061724	149359
6	NC_061725	149353
6	NC_061726	345092
6	NC_061727	1148074
6	NC_061728	153474
6	NC_061729	345097
6	NC_061730	1046259
6	NC_061731	1147752
6	NC_061732	1046265
6	NC_061733	153477
6	NC_061734	1239142
6	NC_061735	884148
6	NC_061736	1046260
72	NC_061740	587864
8	NC_061748	49553
332	NC_061751	2291162
332	NC_061752	2918732
6	NC_061755	345095
131	NC_061761	126435
39	NC_061904	2907141
0	NC_061905	651631
237	NC_061906	367322
336	NC_061909	44592
77	NC_061911	316475
269	NC_061916	2682942
126	NC_061917	141004
71	NC_061927	1277771
126	NC_061933	2911580
126	NC_061934	356590
126	NC_061935	106573
245	NC_061940	1037462
245	NC_061941	2911880
245	NC_061942	1037477
245	NC_061943	1037474
245	NC_061944	1037470
245	NC_061945	2596928
245	NC_061946	1037461
245	NC_061947	1037479
337	NC_061948	1679355
102	NC_061954	1128166
245	NC_061955	1037471
245	NC_061956	1037464
245	NC_061957	2859591
330	NC_061960	160376
330	NC_061961	160378
330	NC_061962	388137
250	NC_061964	2764690
31	NC_061982	267237
31	NC_061983	2836953
31	NC_061984	267246
31	NC_061985	267247
31	NC_061986	1826188
31	NC_061987	648850
0	NC_062040	537181
0	NC_062041	2497539
0	NC_062042	2182713
0	NC_062043	457821
0	NC_062044	1898853
39	NC_062050	2883579
8	NC_062053	1043700
8	NC_062054	2927890
8	NC_062055	1043698
8	NC_062056	1078776
8	NC_062057	2927891
8	NC_062058	1553919
102	NC_062073	122815
102	NC_062074	122814
102	NC_062075	152766
1	NC_062078	376710
1	NC_062079	62889
1	NC_062080	230663
1	NC_062081	588598
51	NC_062082	229542
89	NC_062086	2893106
156	NC_062094	698352
156	NC_062095	499994
156	NC_062096	1353438
156	NC_062097	2916644
156	NC_062098	1353443
338	NC_062126	2871480
0	NC_062128	1940804
281	NC_062130	1080332
8	NC_062134	1699809
220	NC_062141	171886
105	NC_062144	198699
339	NC_062156	207523
102	NC_062167	2885623
126	NC_062299	3752
309	NC_062304	2928716
309	NC_062305	2306709
340	NC_062306	345215
341	NC_062307	1620155
341	NC_062308	344769
341	NC_062309	1399689
341	NC_062310	378933
159	NC_062311	1037061
159	NC_062312	1399662
159	NC_062313	2306688
159	NC_062314	2306687
159	NC_062315	2306686
159	NC_062316	2928714
159	NC_062317	1679352
342	NC_062318	1463642
342	NC_062319	2928713
342	NC_062320	2928711
342	NC_062321	1679334
342	NC_062322	1399713
342	NC_062323	1399712
342	NC_062324	2306685
126	NC_062332	36606
126	NC_062333	1143241
126	NC_062334	470517
126	NC_062335	2654668
126	NC_062336	2873988
126	NC_062337	294377
126	NC_062338	193310
126	NC_062339	2873989
126	NC_062340	691235
126	NC_062341	1826799
126	NC_062342	691240
126	NC_062343	193309
126	NC_062344	36600
126	NC_062345	510738
126	NC_062346	36593
126	NC_062347	298643
126	NC_062348	141206
126	NC_062349	106553
126	NC_062350	106562
87	NC_062357	354051
134	NC_062358	71616
281	NC_062359	299599
8	NC_062363	317978
8	NC_062364	325716
8	NC_062365	489428
8	NC_062366	424412
8	NC_062367	318024
8	NC_062368	327895
8	NC_062369	1631202
8	NC_062370	423297
8	NC_062371	2904614
8	NC_062372	460985
27	NC_062378	82423
267	NC_062410	2739290
341	NC_062411	2590076
343	NC_062412	2928710
31	NC_062414	714495
46	NC_062415	133206
286	NC_062416	60087
31	NC_062417	70741
183	NC_062418	236733
1	NC_062419	1380596
1	NC_062421	2801088
1	NC_062422	2802707
1	NC_062424	45835
1	NC_062425	2802709
1	NC_062426	744099
1	NC_062427	329788
1	NC_062428	205568
1	NC_062429	1398764
109	NC_062430	2829915
126	NC_062432	36597
224	NC_062451	212301
223	NC_062458	859317
28	NC_062461	714504
31	NC_062462	1608491
8	NC_062465	2054556
1	NC_062467	744128
1	NC_062468	2598637
1	NC_062469	115652
1	NC_062470	205589
1	NC_062471	2802715
1	NC_062472	1807840
1	NC_062474	1442340
1	NC_062475	2802717
1	NC_062476	115671
1	NC_062477	2802713
1	NC_062478	2598634
1	NC_062479	2801129
1	NC_062480	1807835
1	NC_062481	1807836
1	NC_062482	2802714
1	NC_062483	795974
1	NC_062484	744126
1	NC_062485	743523
1	NC_062486	115668
1	NC_062487	401002
1	NC_062488	2802710
1	NC_062489	1442337
1	NC_062490	1821617
1	NC_062491	2802711
1	NC_062492	393162
1	NC_062493	2802712
1	NC_062494	1442338
1	NC_062496	2802705
1	NC_062497	329770
1	NC_062498	2802704
1	NC_062499	2802706
1	NC_062500	329774
1	NC_062501	329778
1	NC_062502	856977
1	NC_062503	2598627
1	NC_062504	856885
1	NC_062506	315336
1	NC_062507	744061
1	NC_062508	205536
1	NC_062509	205537
1	NC_062510	795972
1	NC_062511	856893
1	NC_062512	421232
1	NC_062513	2802702
1	NC_062514	2802700
1	NC_062515	1807819
1	NC_062516	265389
1	NC_062517	2801085
56	NC_062580	82320
224	NC_062585	65559
31	NC_062593	64940
16	NC_062597	146538
123	NC_062598	1082500
80	NC_062599	224146
234	NC_062600	1603707
74	NC_062602	204215
0	NC_062607	1049919
7	NC_062635	73751
31	NC_062657	1133298
231	NC_062667	157517
1	NC_062693	109975
91	NC_062699	1398552
126	NC_062714	1826803
1	NC_062717	73572
1	NC_062718	608812
51	NC_062719	2708237
51	NC_062720	2932491
51	NC_062721	265764
51	NC_062722	2291123
51	NC_062723	265763
28	NC_062793	1052178
12	NC_062795	249543
126	NC_062797	691223
233	NC_062798	194707
126	NC_062799	1143234
126	NC_062800	691224
0	NC_062802	1366957
158	NC_062803	168825
282	NC_062804	2516474
282	NC_062805	1137046
282	NC_062806	271750
282	NC_062807	271748
282	NC_062808	198761
64	NC_062811	304170
64	NC_062812	2874743
64	NC_062813	167585
64	NC_062814	2874744
224	NC_062823	216493
224	NC_062826	216487
224	NC_062827	318061
224	NC_062828	212310
224	NC_062829	212879
224	NC_062831	212964
31	NC_062835	538578
31	NC_062836	538579
31	NC_062837	101011
95	NC_062858	2918710
1	NC_062862	879925
1	NC_062863	205521
1	NC_062864	1879233
1	NC_062865	2802699
1	NC_062866	744050
1	NC_062867	205527
1	NC_062868	1097622
1	NC_062869	2801089
1	NC_062870	561126
1	NC_062871	2802701
1	NC_062872	2598619
1	NC_062873	1807820
1	NC_062874	1807821
140	NC_062882	193519
4	NC_062884	64232
9	NC_062941	215539
48	NC_062962	2876816
126	NC_063083	661342
344	NC_063087	327326
279	NC_063094	184576
25	NC_063109	145711
1	NC_063110	258457
279	NC_063113	1874273
27	NC_063266	108542
156	NC_063303	698354
156	NC_063304	3085985
345	NC_063306	2861339
345	NC_063307	2861341
345	NC_063308	2725876
345	NC_063309	44970
345	NC_063310	44971
345	NC_063311	2861342
345	NC_063312	44972
345	NC_063313	2861343
95	NC_063316	2291178
30	NC_063319	308317
286	NC_063323	2175823
286	NC_063324	1043433
286	NC_063325	2175818
286	NC_063326	1043439
286	NC_063327	1052173
228	NC_063328	880141
34	NC_063329	714454
43	NC_063330	213406
207	NC_063470	194560
46	NC_063474	32240
159	NC_063477	2836439
34	NC_063508	1548292
41	NC_063509	1237723
255	NC_063512	1406249
255	NC_063513	2878119
81	NC_063519	140873
303	NC_063520	270183
89	NC_063528	470566
159	NC_063549	540248
346	NC_063551	345239
346	NC_063552	345232
56	NC_063553	61236
41	NC_063558	475396
89	NC_063559	231656
126	NC_063569	691237
36	NC_063572	1848211
27	NC_063575	197128
39	NC_063576	2893994
72	NC_063577	714486
34	NC_063579	168497
343	NC_063590	1303700
250	NC_063594	2173067
250	NC_063595	2764601
31	NC_063615	2916457
91	NC_063623	32189
91	NC_063624	2495490
347	NC_063626	247904
239	NC_063627	228641
236	NC_063630	300998
108	NC_063633	328281
108	NC_063634	485946
118	NC_063636	725107
118	NC_063637	725108
123	NC_063645	378437
123	NC_063646	138856
123	NC_063647	124941
147	NC_063658	170349
48	NC_063665	137761
215	NC_063677	312586
280	NC_063679	438425
41	NC_063687	1164941
41	NC_063697	698833
180	NC_063713	74823
163	NC_063737	108210
22	NC_063740	942061
22	NC_063742	1241138
6	NC_063746	239086
27	NC_063747	197127
27	NC_063748	2871440
27	NC_063749	2871442
27	NC_063750	2941023
215	NC_063788	36775
348	NC_063823	452773
95	NC_063827	2933812
264	NC_063829	703397
250	NC_063831	13306
349	NC_063833	1428766
349	NC_063834	1568982
349	NC_063835	2708851
106	NC_063837	367357
8	NC_063838	239650
8	NC_063839	943332
8	NC_063840	239670
8	NC_063842	2448749
8	NC_063843	496673
8	NC_063844	2448752
8	NC_063845	496670
155	NC_063900	2943344
82	NC_063902	1499135
82	NC_063903	49945
82	NC_063904	1499141
41	NC_063911	424416
41	NC_063912	640636
41	NC_063913	2758142
131	NC_063928	429696
122	NC_063957	63068
122	NC_063958	1357738
122	NC_063959	1357739
237	NC_063972	512270
292	NC_064013	323922
107	NC_064014	2945686
107	NC_064015	323961
107	NC_064016	73716
41	NC_064050	392684
41	NC_064051	2263221
41	NC_064052	587673
41	NC_064053	342064
41	NC_064054	2263220
107	NC_064073	149376
107	NC_064074	2945652
107	NC_064075	2945653
107	NC_064076	2945654
107	NC_064077	323975
107	NC_064078	2945636
107	NC_064079	2945657
107	NC_064080	2945658
292	NC_064081	323970
292	NC_064082	2945637
107	NC_064083	2945638
292	NC_064084	2945639
292	NC_064085	2945640
292	NC_064086	2945660
292	NC_064087	2945661
292	NC_064088	323963
107	NC_064089	2945641
107	NC_064090	2945644
107	NC_064091	2945664
292	NC_064092	2945646
107	NC_064093	2945647
107	NC_064094	323973
107	NC_064095	2945648
107	NC_064096	323964
107	NC_064097	323965
292	NC_064098	323968
292	NC_064099	323969
292	NC_064100	2945650
107	NC_064101	456994
107	NC_064102	323971
95	NC_064103	1898922
131	NC_064104	2867398
28	NC_064105	140657
28	NC_064106	497077
28	NC_064107	2740320
28	NC_064108	1642870
41	NC_064127	199544
41	NC_064128	260603
230	NC_064129	2831648
31	NC_064142	1521127
31	NC_064143	2949407
64	NC_064147	82245
200	NC_064148	152423
8	NC_064322	2949714
43	NC_064345	167892
75	NC_064346	3485
8	NC_064347	2689579
8	NC_064348	239676
8	NC_064349	165484
8	NC_064350	2743091
8	NC_064351	2689580
8	NC_064352	496663
8	NC_064353	3151635
161	NC_064354	2950367
161	NC_064355	236972
123	NC_064356	1495518
73	NC_064357	2950380
73	NC_064358	2072606
154	NC_064360	79608
51	NC_064364	105886
154	NC_064366	180066
74	NC_064367	1168069
76	NC_064373	486670
293	NC_064374	108357
0	NC_064375	2870829
89	NC_064389	2291097
133	NC_064393	1993845
122	NC_064394	233204
150	NC_064406	261449
250	NC_064407	2822968
41	NC_064501	2928439
37	NC_064687	1537852
27	NC_064728	117662
28	NC_064734	409520
183	NC_064735	1184762
342	NC_064736	1748861
343	NC_064737	1303705
343	NC_064738	1399671
343	NC_064739	647264
343	NC_064740	1303704
267	NC_064741	226091
309	NC_064742	1312523
267	NC_064743	1399693
267	NC_064744	1586306
309	NC_064745	194267
350	NC_064746	1475415
343	NC_064747	194269
343	NC_064748	471947
350	NC_064749	2306682
350	NC_064750	2306683
267	NC_064751	2807117
76	NC_064932	2573088
343	NC_064934	1399704
343	NC_064935	1399705
343	NC_064936	1586311
343	NC_064937	2792736
159	NC_064938	1399744
350	NC_064939	1399750
343	NC_064940	681502
350	NC_064941	194275
343	NC_064942	1399752
343	NC_064943	2792734
309	NC_064944	1399755
309	NC_064945	1399756
309	NC_064946	1399757
309	NC_064947	1470437
309	NC_064948	3501
309	NC_064949	1853086
309	NC_064950	1399758
309	NC_064951	1435584
309	NC_064952	1435588
309	NC_064953	540250
309	NC_064954	2306710
309	NC_064955	1435590
309	NC_064956	1853099
309	NC_064957	1303703
309	NC_064958	473050
65	NC_064959	2841358
65	NC_064960	2841359
65	NC_064961	690504
269	NC_064962	2952651
343	NC_064968	2952661
351	NC_064969	471946
351	NC_064970	2952663
343	NC_064971	3089690
343	NC_064972	2952676
343	NC_064973	2952671
343	NC_064974	2952670
343	NC_064975	2952668
352	NC_064976	2952667
343	NC_064977	2952666
343	NC_064978	2952669
309	NC_064979	2952674
351	NC_064980	2952662
109	NC_064988	290852
105	NC_064990	1407655
7	NC_064992	199392
353	NC_064996	640501
114	NC_064998	46032
77	NC_064999	210387
77	NC_065000	116758
77	NC_065001	333555
77	NC_065002	264812
77	NC_065003	591090
77	NC_065004	2994949
77	NC_065005	2865926
77	NC_065006	316489
77	NC_065007	264813
77	NC_065008	1161167
77	NC_065009	909202
80	NC_065010	224186
113	NC_065013	29722
255	NC_065014	2489288
27	NC_065015	1663035
23	NC_065037	196573
95	NC_065040	1472648
95	NC_065041	1767999
95	NC_065042	314115
95	NC_065043	871265
95	NC_065044	223757
95	NC_065045	1768000
95	NC_065046	223759
95	NC_065047	870953
95	NC_065048	2953578
179	NC_065057	56851
233	NC_065058	1815893
64	NC_065059	323663
27	NC_065062	172266
27	NC_065063	121718
27	NC_065064	66669
31	NC_065110	1608497
82	NC_065122	1608368
110	NC_065123	153547
110	NC_065124	2959384
110	NC_065125	2959381
110	NC_065126	153556
110	NC_065127	2959383
110	NC_065128	107837
110	NC_065129	1129724
110	NC_065130	2959385
110	NC_065131	13700
123	NC_065132	1605858
27	NC_065137	1515097
0	NC_065146	1932008
4	NC_065148	34294
4	NC_065149	184137
0	NC_065151	664072
0	NC_065152	663980
0	NC_065153	763974
30	NC_065154	2283222
7	NC_065156	2930419
39	NC_065157	2855412
39	NC_065198	460808
4	NC_065199	37647
264	NC_065200	3674
25	NC_065201	154480
44	NC_065203	185238
180	NC_065204	626332
100	NC_065205	357469
180	NC_065206	1301400
180	NC_065207	2042668
180	NC_065208	669753
180	NC_065209	669754
100	NC_065210	215228
164	NC_065240	57919
126	NC_065241	225117
126	NC_065242	2448454
126	NC_065243	436086
28	NC_065244	1813533
255	NC_065245	172095
271	NC_065246	53852
89	NC_065248	748706
89	NC_065249	1857151
89	NC_065250	748690
89	NC_065251	1857114
77	NC_065257	1168213
7	NC_065261	1009508
89	NC_065264	2763207
89	NC_065265	1907491
89	NC_065266	748694
89	NC_065267	1857123
89	NC_065268	231644
89	NC_065269	748696
89	NC_065270	231645
89	NC_065271	211972
89	NC_065272	2763205
89	NC_065273	1848539
89	NC_065274	2763208
89	NC_065275	1125374
89	NC_065276	174171
89	NC_065277	1857135
89	NC_065278	1111103
89	NC_065279	2763209
89	NC_065280	231652
89	NC_065281	748700
89	NC_065282	3454
89	NC_065283	2763210
89	NC_065284	2763211
89	NC_065285	748709
89	NC_065286	231651
89	NC_065287	2763213
89	NC_065288	748712
89	NC_065289	748713
89	NC_065290	1324461
89	NC_065291	2763215
89	NC_065292	2763216
89	NC_065293	743734
89	NC_065294	2763217
89	NC_065295	231668
89	NC_065296	1857156
16	NC_065306	146540
354	NC_065316	254029
315	NC_065336	454469
213	NC_065344	2963763
213	NC_065345	1904792
213	NC_065346	2963764
213	NC_065347	1639643
160	NC_065348	2038181
213	NC_065349	427793
213	NC_065350	2038180
91	NC_065351	1618033
91	NC_065352	1263489
91	NC_065353	100534
91	NC_065354	100535
105	NC_065355	2963783
105	NC_065356	1218742
91	NC_065357	573514
91	NC_065358	2259078
91	NC_065359	34185
105	NC_065360	714466
20	NC_065369	2759058
51	NC_065370	2892398
65	NC_065379	2940259
1	NC_065381	73575
269	NC_065384	458692
65	NC_065386	370671
300	NC_065387	175103
43	NC_065390	1265928
39	NC_065391	542734
227	NC_065393	1938956
158	NC_065394	199173
54	NC_065400	54453
300	NC_065465	175091
40	NC_065468	214697
290	NC_065470	84944
355	NC_065471	427660
355	NC_065472	28542
355	NC_065473	28545
228	NC_065476	2966543
279	NC_065477	118363
8	NC_065482	2448754
8	NC_065483	496669
8	NC_065484	2448756
126	NC_065485	416289
126	NC_065486	714459
222	NC_065487	2812725
8	NC_065500	2897339
8	NC_065501	239653
200	NC_065503	1094874
48	NC_065505	648865
356	NC_065651	210367
126	NC_065652	661359
126	NC_065653	2865624
126	NC_065654	2654667
126	NC_065655	661360
168	NC_065665	53923
41	NC_065666	548856
126	NC_065670	1961193
126	NC_065671	2967324
126	NC_065672	1826781
43	NC_065694	587397
245	NC_065697	2859590
245	NC_065698	1043513
245	NC_065699	1037476
245	NC_065700	2859587
245	NC_065701	2859589
245	NC_065702	2859588
245	NC_065703	2859586
357	NC_065709	2859583
245	NC_065713	2859585
357	NC_065714	2859584
245	NC_065716	1037467
245	NC_065718	1037473
245	NC_065729	858958
28	NC_065730	391058
158	NC_065733	572115
28	NC_065734	190008
37	NC_065735	227241
104	NC_065736	46963
104	NC_065737	1899306
104	NC_065738	1898430
104	NC_065739	1899307
104	NC_065740	1632119
104	NC_065741	1898432
104	NC_065742	1898433
104	NC_065743	1898434
104	NC_065744	2968088
28	NC_065751	552835
43	NC_065763	213266
82	NC_065764	50748
183	NC_065789	198264
27	NC_065808	248822
157	NC_065832	1117032
287	NC_065833	50499
154	NC_065840	1161150
154	NC_065841	105907
113	NC_065853	1053327
113	NC_065854	1454539
113	NC_065855	1519436
113	NC_065856	1454548
113	NC_065857	124760
113	NC_065858	124765
113	NC_065859	124761
257	NC_065864	255872
41	NC_065866	588964
31	NC_065867	74649
158	NC_065868	543981
27	NC_065869	2954124
74	NC_065871	1582841
117	NC_065983	1809639
117	NC_065984	1809642
228	NC_065990	424903
126	NC_066002	140997
44	NC_066004	141628
7	NC_066006	119949
153	NC_066008	157622
8	NC_066009	571639
167	NC_066011	4020
309	NC_066012	1053403
138	NC_066013	45385
341	NC_066016	2590075
120	NC_066018	28503
41	NC_066019	41228
248	NC_066021	57912
158	NC_066022	194200
77	NC_066026	369424
76	NC_066027	213829
80	NC_066030	224149
80	NC_066032	267548
41	NC_066033	39338
41	NC_066034	49988
341	NC_066035	33127
12	NC_066053	85232
152	NC_066083	20676
66	NC_066090	2878549
166	NC_066091	2930418
225	NC_066092	2974058
225	NC_066093	2006105
225	NC_066094	2974060
225	NC_066095	2974057
225	NC_066096	2575889
225	NC_066097	2899530
225	NC_066098	2594715
225	NC_066099	2594735
225	NC_066100	2974059
225	NC_066101	2974061
269	NC_066102	2973998
269	NC_066103	2054453
269	NC_066104	2922754
269	NC_066105	2922752
269	NC_066106	2706574
269	NC_066107	2973988
269	NC_066108	2973991
269	NC_066109	2182689
269	NC_066110	2973994
269	NC_066111	2182707
269	NC_066112	2182699
269	NC_066113	2973996
269	NC_066114	2973992
269	NC_066115	38904
269	NC_066117	2290811
269	NC_066118	2973993
269	NC_066119	1655239
269	NC_066120	1852778
269	NC_066121	404570
269	NC_066122	2973995
269	NC_066123	2880155
269	NC_066124	2770815
269	NC_066125	2973999
269	NC_066126	2973997
269	NC_066127	2974000
269	NC_066128	1549778
126	NC_066130	690339
126	NC_066131	269115
126	NC_066132	2974483
126	NC_066133	1679318
126	NC_066134	589997
126	NC_066135	2024531
126	NC_066136	2024530
126	NC_066137	2974484
126	NC_066138	2905423
126	NC_066139	2905422
126	NC_066140	2905424
126	NC_066141	2905717
126	NC_066142	2905425
64	NC_066182	167587
11	NC_066183	203270
11	NC_066184	2974286
11	NC_066185	2833874
11	NC_066186	2750599
11	NC_066187	258158
11	NC_066188	1882480
11	NC_066189	258165
11	NC_066190	2833875
11	NC_066191	116719
11	NC_066192	258187
11	NC_066193	1813931
11	NC_066194	258192
11	NC_066195	258195
11	NC_066196	2833873
12	NC_066228	194324
12	NC_066229	66392
204	NC_066401	384660
28	NC_066411	983196
28	NC_066412	1642871
28	NC_066413	1008929
28	NC_066414	1642865
28	NC_066415	1170640
28	NC_066416	1891964
28	NC_066417	456515
28	NC_066418	97321
28	NC_066419	2133964
28	NC_066420	140311
28	NC_066421	129217
28	NC_066422	1642869
28	NC_066423	1642867
28	NC_066424	1891965
269	NC_066429	2975468
269	NC_066430	2503005
196	NC_066442	189796
196	NC_066443	262218
89	NC_066445	167999
89	NC_066446	37489
1	NC_066481	402998
18	NC_066491	1835031
170	NC_066492	228538
43	NC_066496	1265924
43	NC_066497	587402
43	NC_066498	2305121
43	NC_066499	587403
43	NC_066500	1082643
43	NC_066501	2799864
358	NC_066644	235715
166	NC_066653	1226761
258	NC_066656	291316
39	NC_066658	542714
359	NC_066666	2968952
359	NC_066667	125586
359	NC_066669	580465
359	NC_066672	943435
8	NC_066689	496698
8	NC_066690	2963789
8	NC_066691	474001
8	NC_066692	460996
8	NC_066693	2963787
8	NC_066694	2963786
8	NC_066695	2764672
8	NC_066696	2928670
8	NC_066697	2963785
8	NC_066698	2963784
8	NC_066699	63038
8	NC_066700	2583430
261	NC_066701	2650407
261	NC_066702	419290
261	NC_066703	475885
89	NC_066718	748693
8	NC_066719	1170855
360	NC_066795	2954133
142	NC_066798	251605
91	NC_066799	39526
144	NC_066801	259420
271	NC_066804	346959
81	NC_066809	544730
224	NC_066811	212836
299	NC_066812	2650045
224	NC_066896	1333888
40	NC_066959	329239
40	NC_066960	49577
40	NC_066961	2172426
3	NC_066964	644182
360	NC_066966	28508
31	NC_066975	267252
89	NC_066977	2979851
315	NC_066995	525237
295	NC_067000	1191335
295	NC_067016	2338906
295	NC_067018	61245
255	NC_067030	2974069
72	NC_067032	499986
305	NC_067035	429508
39	NC_067053	2880969
48	NC_067062	2980749
126	NC_067063	470520
98	NC_067079	152367
39	NC_067081	536626
39	NC_067082	319929
39	NC_067085	2321407
39	NC_067086	2321412
39	NC_067087	536629
39	NC_067088	147931
39	NC_067089	147927
39	NC_067090	147929
39	NC_067091	147932
39	NC_067092	1889607
261	NC_067370	113446
196	NC_067397	262217
158	NC_067499	2290804
39	NC_067511	2981233
72	NC_067512	149637
361	NC_067513	54988
271	NC_067514	149628
133	NC_067515	53904
72	NC_067516	149665
271	NC_067518	588911
271	NC_067519	53888
72	NC_067520	212698
133	NC_067521	2981239
272	NC_067522	248520
156	NC_067523	450031
156	NC_067524	115004
156	NC_067526	1196270
8	NC_067547	2836828
8	NC_067548	859222
8	NC_067549	2930222
8	NC_067550	642899
8	NC_067551	49560
8	NC_067552	943333
8	NC_067556	371341
8	NC_067558	371376
8	NC_067559	489379
8	NC_067560	371387
8	NC_067561	1514057
8	NC_067562	1514018
8	NC_067563	1514014
8	NC_067564	371382
8	NC_067565	371364
8	NC_067566	92053
8	NC_067567	371375
8	NC_067568	371384
41	NC_067572	1338535
115	NC_067573	16915
72	NC_067585	139018
149	NC_067592	586388
281	NC_067604	2898947
281	NC_067605	299607
39	NC_067609	674064
48	NC_067612	945177
39	NC_067613	2915791
158	NC_067634	2920505
224	NC_067640	526194
41	NC_067642	662902
41	NC_067643	2494282
41	NC_067644	986859
41	NC_067645	2494283
41	NC_067646	204131
41	NC_067647	2494284
41	NC_067648	2494279
41	NC_067649	2494285
41	NC_067650	1504640
41	NC_067651	662905
41	NC_067652	662906
41	NC_067653	2955199
41	NC_067654	980662
41	NC_067655	2494280
41	NC_067656	986860
41	NC_067657	986861
41	NC_067658	662909
41	NC_067659	662911
41	NC_067660	2593378
41	NC_067661	986862
41	NC_067662	2494286
41	NC_067663	662915
41	NC_067664	2494287
41	NC_067665	662916
41	NC_067666	2494288
41	NC_067667	662917
41	NC_067668	662918
41	NC_067669	2494289
41	NC_067670	2955197
41	NC_067671	662919
41	NC_067672	1504647
41	NC_067673	1504648
41	NC_067674	1504649
41	NC_067675	204134
41	NC_067676	204134
41	NC_067677	662923
41	NC_067678	662924
41	NC_067679	662926
41	NC_067680	204135
41	NC_067681	662927
41	NC_067682	2494292
41	NC_067683	662928
41	NC_067684	1504659
41	NC_067685	2494293
41	NC_067686	204136
41	NC_067687	2494294
41	NC_067688	2494295
41	NC_067689	986866
41	NC_067690	662930
41	NC_067691	662932
41	NC_067692	662931
41	NC_067693	425909
41	NC_067694	680379
41	NC_067695	550456
41	NC_067696	662908
41	NC_067697	1504651
41	NC_067698	2494291
41	NC_067699	662925
41	NC_067700	2744336
41	NC_067701	662910
41	NC_067702	1504656
41	NC_067703	2744337
41	NC_067704	2744335
41	NC_067705	1504646
41	NC_067706	2955198
41	NC_067707	662922
41	NC_067708	1504653
41	NC_067709	1504652
39	NC_067734	218779
41	NC_067735	428275
41	NC_067736	49211
41	NC_067737	268919
41	NC_067738	424426
41	NC_067739	476449
41	NC_067740	476450
41	NC_067741	2983402
41	NC_067742	516553
41	NC_067743	1611029
71	NC_067755	432645
170	NC_067756	189976
39	NC_067764	1840588
362	NC_067767	77895
43	NC_067768	587406
181	NC_067770	258178
181	NC_067771	1026947
181	NC_067772	258196
11	NC_067773	121720
11	NC_067774	1054082
181	NC_067775	258211
41	NC_067778	204131
41	NC_067779	662907
41	NC_067780	705303
41	NC_067781	550457
41	NC_067782	425908
41	NC_067783	204133
158	NC_067785	694362
8	NC_067786	1514006
158	NC_067787	405945
164	NC_067810	2911227
76	NC_067811	2291136
200	NC_067812	152390
25	NC_067826	480678
25	NC_067827	34172
25	NC_067828	1089947
25	NC_067829	292678
25	NC_067830	446125
25	NC_067831	292781
25	NC_067832	115441
25	NC_067834	2219149
25	NC_067835	145686
25	NC_067836	147188
25	NC_067837	115475
25	NC_067838	348515
25	NC_067839	1966430
25	NC_067840	2559471
25	NC_067841	1510057
25	NC_067842	349347
25	NC_067843	184791
25	NC_067844	480375
25	NC_067845	252730
212	NC_067846	3527
25	NC_067852	341996
261	NC_067867	1470854
279	NC_067870	2575814
279	NC_067871	2839635
8	NC_067882	1043704
48	NC_067885	2984468
196	NC_067942	189803
192	NC_067946	2306223
41	NC_067947	662901
41	NC_067948	1160297
48	NC_067958	2984991
48	NC_067959	945158
48	NC_067960	99298
48	NC_067961	2984992
48	NC_067962	2984993
48	NC_067963	2984994
48	NC_067964	491995
48	NC_067965	2984984
48	NC_067966	2984985
363	NC_067975	59170
29	NC_067977	34296
1	NC_067978	942185
4	NC_067979	383670
310	NC_067990	152299
364	NC_067993	1048799
28	NC_067995	409519
28	NC_067996	1450208
28	NC_067997	1161165
28	NC_067998	1851244
28	NC_067999	2008514
28	NC_068000	2008511
28	NC_068001	2764681
28	NC_068002	473049
28	NC_068003	1450212
28	NC_068004	309823
41	NC_068005	1160299
85	NC_068006	2061028
314	NC_068008	2986448
314	NC_068009	2986450
314	NC_068010	2986451
314	NC_068011	2575401
314	NC_068012	2986452
314	NC_068013	2986453
314	NC_068014	2986454
314	NC_068015	2855411
314	NC_068016	2291145
34	NC_068021	270951
34	NC_068022	68869
34	NC_068023	270954
34	NC_068024	188300
34	NC_068025	270956
34	NC_068026	270957
34	NC_068027	270958
34	NC_068028	3349806
87	NC_068029	4157
87	NC_068030	2065886
41	NC_068031	188299
87	NC_068032	1906386
330	NC_068033	270970
87	NC_068034	4162
87	NC_068035	4155
87	NC_068036	4156
41	NC_068037	69919
87	NC_068038	2761763
87	NC_068039	4158
87	NC_068040	4159
87	NC_068041	910426
87	NC_068042	4161
34	NC_068043	188307
87	NC_068044	2986456
93	NC_068046	4164
214	NC_068049	39414
114	NC_068050	99384
114	NC_068051	165330
34	NC_068052	168495
291	NC_068053	2528942
291	NC_068054	2528944
291	NC_068055	2528947
291	NC_068056	2528950
291	NC_068057	2528953
291	NC_068058	2528954
0	NC_068066	59290
31	NC_068089	74636
31	NC_068090	117260
76	NC_068129	134527
109	NC_068131	174192
91	NC_068132	261410
77	NC_068134	316483
77	NC_068135	2987624
77	NC_068136	264811
77	NC_068137	316473
77	NC_068138	214529
119	NC_068144	1843297
119	NC_068145	2136684
119	NC_068146	2963768
119	NC_068147	1671320
119	NC_068148	2136455
119	NC_068150	2963777
119	NC_068151	2586950
119	NC_068152	1898884
119	NC_068153	2712065
119	NC_068154	2963771
119	NC_068155	2963766
119	NC_068156	2747786
119	NC_068157	2963791
119	NC_068158	119938
119	NC_068159	2963767
119	NC_068160	2963792
119	NC_068161	2963770
119	NC_068162	2963776
119	NC_068163	2747783
119	NC_068164	2963782
119	NC_068167	2963769
119	NC_068168	2963780
119	NC_068169	119869
119	NC_068170	2747793
119	NC_068171	2807218
119	NC_068172	2293665
119	NC_068174	2494302
119	NC_068175	2963774
119	NC_068176	2963775
119	NC_068177	1898882
119	NC_068178	2866911
119	NC_068179	2963772
119	NC_068180	2586935
119	NC_068181	2963779
119	NC_068182	137790
119	NC_068183	2712023
119	NC_068184	2712022
119	NC_068185	2817533
119	NC_068186	2747787
119	NC_068187	2136440
119	NC_068188	2293684
404	NC_068189	2136410
119	NC_068190	2136456
354	NC_068227	87530
354	NC_068228	1137890
354	NC_068229	1895974
332	NC_068234	477864
1	NC_068253	172264
8	NC_068258	516042
190	NC_068261	29725
190	NC_068262	2715871
190	NC_068263	2547674
190	NC_068264	2547673
190	NC_068265	1580013
190	NC_068266	1129485
190	NC_068267	1580009
224	NC_068458	2739902
224	NC_068459	2739914
224	NC_068460	2739913
224	NC_068461	2891243
224	NC_068462	316814
224	NC_068463	1281372
224	NC_068464	2739907
224	NC_068465	1281360
224	NC_068466	2739900
224	NC_068467	216492
224	NC_068468	1281410
224	NC_068469	213010
224	NC_068470	1281385
224	NC_068471	1281374
224	NC_068472	334703
224	NC_068473	1281382
224	NC_068475	213007
224	NC_068476	1281373
224	NC_068477	2739916
224	NC_068478	213055
224	NC_068479	213009
224	NC_068480	212840
224	NC_068481	212908
224	NC_068482	1281337
224	NC_068483	2739919
224	NC_068484	1138352
224	NC_068485	352217
224	NC_068486	209333
224	NC_068487	212962
224	NC_068488	1129971
224	NC_068489	2739903
224	NC_068490	2739915
224	NC_068491	2739895
224	NC_068492	2739898
224	NC_068493	2740666
224	NC_068494	1138368
224	NC_068495	1281378
6	NC_068499	125008
166	NC_068506	106677
166	NC_068507	3610
126	NC_068524	691227
126	NC_068525	1825963
126	NC_068526	1826785
126	NC_068527	391057
126	NC_068528	2992298
126	NC_068529	1826812
126	NC_068530	2992294
126	NC_068531	1826814
126	NC_068532	2992295
126	NC_068533	2992296
126	NC_068534	1826782
126	NC_068535	1826794
126	NC_068536	1826791
126	NC_068599	691244
28	NC_068604	1679435
28	NC_068605	36595
81	NC_068625	2753323
71	NC_068627	495765
41	NC_068628	201506
62	NC_068629	326271
158	NC_068635	1585251
31	NC_068636	1082504
187	NC_068637	1704639
91	NC_068653	1142948
365	NC_068656	1552891
148	NC_068660	2993124
148	NC_068661	364698
28	NC_068699	133204
28	NC_068700	1170639
28	NC_068701	983191
28	NC_068702	552834
28	NC_068703	122122
28	NC_068704	151440
28	NC_068705	552837
28	NC_068706	32242
231	NC_068711	69266
231	NC_068712	1493660
231	NC_068713	472369
231	NC_068715	180763
95	NC_068716	2745281
126	NC_068721	186522
126	NC_068722	1826809
126	NC_068723	691232
126	NC_068724	1826802
255	NC_068748	1519595
165	NC_068751	1752766
364	NC_068762	167472
39	NC_068780	147914
39	NC_068781	147923
39	NC_068785	941565
37	NC_068799	2969583
37	NC_068800	2969582
37	NC_068801	201266
250	NC_068818	2926339
269	NC_068832	2975469
95	NC_068837	1008942
296	NC_068855	287979
249	NC_068875	249100
1	NC_068894	367782
230	NC_068895	137889
91	NC_068899	2995342
91	NC_068900	2995343
18	NC_068906	89634
265	NC_068908	1348126
279	NC_069023	2839636
279	NC_069024	2575812
366	NC_069062	50001
366	NC_069063	49997
123	NC_069065	544658
367	NC_069066	3772
209	NC_069067	63090
44	NC_069179	2897635
44	NC_069180	85246
224	NC_069181	2792850
224	NC_069182	2792849
224	NC_069183	1239736
224	NC_069184	1281379
41	NC_069224	228974
51	NC_069225	85358
39	NC_069227	674856
154	NC_069295	180071
44	NC_069298	403098
107	NC_069299	478039
39	NC_069309	2967310
39	NC_069310	2967340
316	NC_069316	29654
0	NC_069338	2866292
0	NC_069339	1248442
0	NC_069340	693863
0	NC_069341	693862
0	NC_069342	155755
0	NC_069343	1248448
0	NC_069344	1965126
0	NC_069345	693860
0	NC_069346	2866291
0	NC_069347	2866710
0	NC_069348	1965127
0	NC_069349	368987
0	NC_069350	664069
0	NC_069351	2866709
0	NC_069352	694027
0	NC_069353	1248446
0	NC_069354	1965129
0	NC_069355	1965130
0	NC_069356	1965131
0	NC_069357	664001
0	NC_069358	414718
0	NC_069359	537139
0	NC_069360	359894
1	NC_069556	35625
48	NC_069560	945165
48	NC_069561	365769
48	NC_069562	2058653
48	NC_069563	1167167
48	NC_069564	365762
48	NC_069565	1167136
48	NC_069566	2860380
48	NC_069567	1381998
48	NC_069568	365750
48	NC_069569	365751
48	NC_069570	206235
48	NC_069571	365764
119	NC_069574	2893253
77	NC_069576	316484
41	NC_069583	1281416
15	NC_069592	77069
267	NC_069593	2306678
1	NC_069595	2898760
1	NC_069596	2898758
1	NC_069597	856890
1	NC_069598	2898757
1	NC_069599	2898761
1	NC_069600	315340
1	NC_069601	315341
1	NC_069602	205571
1	NC_069603	561127
1	NC_069604	2898759
1	NC_069605	310796
1	NC_069606	2898762
1	NC_069607	2898763
87	NC_069627	354022
126	NC_069634	2994360
287	NC_069648	65951
287	NC_069649	65952
362	NC_069807	77896
89	NC_069812	2963793
7	NC_069818	39976
6	NC_069832	345127
74	NC_069833	201514
368	NC_069834	221775
43	NC_069839	87519
43	NC_069840	59974
307	NC_069841	2945672
51	NC_069842	82095
51	NC_069843	137939
51	NC_069844	2970449
89	NC_069848	487159
89	NC_069849	2893430
89	NC_069850	1857143
89	NC_069851	3453
89	NC_069852	748718
369	NC_069855	1701049
369	NC_069856	1701016
369	NC_069857	645222
35	NC_069858	1701025
35	NC_069859	2182741
35	NC_069860	1080091
35	NC_069861	3004057
311	NC_069913	3004043
34	NC_069921	28540
34	NC_069922	1503305
34	NC_069923	168493
34	NC_069924	69056
34	NC_069925	168494
34	NC_069926	1902460
34	NC_069927	168500
34	NC_069928	2029625
34	NC_069929	2508839
34	NC_069930	168507
34	NC_069931	168499
34	NC_069932	1503306
34	NC_069933	168503
34	NC_069934	168489
34	NC_069935	1902457
34	NC_069936	2056413
34	NC_069937	1902468
34	NC_069938	2056411
34	NC_069941	2820035
34	NC_069942	1902486
34	NC_069943	1902458
34	NC_069944	1902473
48	NC_069945	228704
97	NC_069946	929405
97	NC_069947	929406
97	NC_069948	400538
97	NC_069949	1603831
97	NC_069950	1705973
97	NC_069951	50501
365	NC_069975	62345
261	NC_070020	3013936
261	NC_070021	2684247
261	NC_070022	2684248
261	NC_070023	2684249
261	NC_070024	3013937
261	NC_070025	3013938
261	NC_070026	3013939
261	NC_070027	2684250
261	NC_070028	2291173
261	NC_070029	3013940
261	NC_070030	2684251
261	NC_070031	3013941
261	NC_070032	3013942
261	NC_070033	2684252
261	NC_070034	2306266
261	NC_070035	2684254
261	NC_070036	3013945
261	NC_070037	203766
261	NC_070038	1330323
261	NC_070039	1302936
261	NC_070040	1305013
261	NC_070041	2054583
261	NC_070042	3013947
261	NC_070043	2684253
261	NC_070044	2800607
261	NC_070045	3013948
107	NC_070046	210383
126	NC_070047	2967311
71	NC_070058	1277774
305	NC_070061	377126
158	NC_070070	572131
49	NC_070081	489322
49	NC_070082	101743
370	NC_070083	76356
144	NC_070084	3014869
370	NC_070085	1749380
39	NC_070087	941574
20	NC_070088	161031
281	NC_070096	3014993
8	NC_070097	2892309
328	NC_070098	137669
328	NC_070099	1202981
328	NC_070100	1072385
60	NC_070105	260201
91	NC_070117	3015604
91	NC_070118	928065
91	NC_070119	100496
91	NC_070120	203833
91	NC_070121	1315756
91	NC_070122	2652754
91	NC_070123	3015603
91	NC_070124	1045189
91	NC_070125	100494
91	NC_070126	100528
91	NC_070127	2652781
91	NC_070128	191662
91	NC_070129	235914
91	NC_070130	59067
91	NC_070131	796839
91	NC_070132	927809
91	NC_070133	39519
91	NC_070134	39534
271	NC_070139	3054220
271	NC_070140	66092
271	NC_070141	53883
236	NC_070169	260718
236	NC_070170	296037
236	NC_070171	296034
236	NC_070172	319607
236	NC_070173	2968738
89	NC_070190	1045548
60	NC_070192	1165086
371	NC_070193	41803
371	NC_070194	186058
281	NC_070226	1603835
281	NC_070227	1045138
281	NC_070228	1080334
281	NC_070229	1922339
281	NC_070230	714500
12	NC_070233	32202
109	NC_070237	174182
12	NC_070238	229048
12	NC_070239	191188
250	NC_070244	93697
109	NC_070245	2874103
372	NC_070250	216017
48	NC_070251	1185349
64	NC_070252	394304
154	NC_070274	761858
154	NC_070275	1112097
154	NC_070276	761856
154	NC_070277	761857
255	NC_070304	1683987
255	NC_070305	3018801
255	NC_070306	1979622
255	NC_070307	3018802
255	NC_070308	234367
255	NC_070309	199986
255	NC_070310	1683993
255	NC_070311	1974348
255	NC_070312	198551
255	NC_070313	199992
255	NC_070314	3018803
255	NC_070315	198423
255	NC_070316	198424
255	NC_070317	199998
255	NC_070318	199999
255	NC_070319	200000
255	NC_070320	1977212
255	NC_070322	1979662
255	NC_070323	1684017
255	NC_070324	1684024
255	NC_070325	198563
255	NC_070326	1684031
255	NC_070327	212816
255	NC_070328	48226
255	NC_070329	1974360
255	NC_070330	198428
255	NC_070331	1684049
255	NC_070332	2592824
255	NC_070333	48225
255	NC_070334	1684060
255	NC_070335	48236
373	NC_070339	197604
223	NC_070340	76374
8	NC_070341	496686
8	NC_070342	386070
8	NC_070343	496688
8	NC_070344	681596
8	NC_070345	1042412
8	NC_070346	496703
8	NC_070347	1042414
8	NC_070348	1042416
40	NC_070354	4632
40	NC_070355	168180
40	NC_070356	1543992
40	NC_070357	94329
40	NC_070358	4634
1	NC_070364	304130
259	NC_070388	1605257
259	NC_070389	76277
109	NC_070391	267621
91	NC_070393	326070
51	NC_070394	4052
109	NC_070395	2544929
8	NC_070398	40937
8	NC_070399	1553918
8	NC_070400	2806829
8	NC_070401	408980
8	NC_070402	2976882
8	NC_070403	2976881
126	NC_070406	138912
0	NC_070410	1425329
0	NC_070411	1916041
287	NC_070412	1425330
0	NC_070413	2948742
287	NC_070414	1916034
287	NC_070415	157092
287	NC_070416	157090
0	NC_070417	1425328
287	NC_070418	157083
287	NC_070419	109606
0	NC_070420	157086
287	NC_070421	929412
287	NC_070422	50498
0	NC_070423	157099
0	NC_070424	190807
0	NC_070425	2071524
89	NC_070435	1973159
126	NC_070438	1143243
43	NC_071161	87525
43	NC_071162	87534
43	NC_071163	87524
8	NC_071164	371361
8	NC_071165	371392
8	NC_071166	371329
8	NC_071167	200487
8	NC_071168	371388
8	NC_071169	1514020
8	NC_071170	371359
8	NC_071171	1514007
8	NC_071172	1514008
8	NC_071173	1514031
8	NC_071174	371337
8	NC_071175	2976225
8	NC_071176	2976224
8	NC_071177	1514053
8	NC_071178	555418
8	NC_071179	99502
361	NC_071180	1079077
361	NC_071181	104318
54	NC_071195	2338892
54	NC_071196	82931
188	NC_071197	3020270
188	NC_071198	64136
45	NC_071199	182071
188	NC_071200	350026
188	NC_071201	350024
188	NC_071202	2338894
54	NC_071203	96569
188	NC_071205	1603812
188	NC_071206	350025
188	NC_071207	51000
54	NC_071208	937822
188	NC_071209	3020271
319	NC_071223	2734166
374	NC_071227	75421
200	NC_071231	2488055
228	NC_071248	126438
228	NC_071249	178760
228	NC_071250	1133299
44	NC_071254	141627
231	NC_071357	861410
231	NC_071358	586119
231	NC_071359	861409
231	NC_071360	861404
231	NC_071361	586112
41	NC_071750	424577
119	NC_071759	2911714
165	NC_071770	127120
165	NC_071771	252994
165	NC_071772	1777870
165	NC_071773	1752760
102	NC_071782	2996715
66	NC_071786	2965324
8	NC_071789	357852
8	NC_071790	943329
8	NC_071791	239637
8	NC_071792	49575
8	NC_071793	54728
8	NC_071794	2448751
8	NC_071795	3024257
8	NC_071796	584733
8	NC_071797	1729591
8	NC_071798	3024258
8	NC_071799	584735
8	NC_071800	2817587
8	NC_071801	63028
8	NC_071802	3024260
8	NC_071803	584740
8	NC_071804	99526
8	NC_071805	1729592
8	NC_071806	584759
8	NC_071807	3024259
8	NC_071809	2979853
8	NC_071810	63029
8	NC_071811	496692
8	NC_071812	239675
8	NC_071813	460609
8	NC_071814	584769
8	NC_071815	2950368
8	NC_071816	489397
249	NC_071818	1623368
152	NC_071827	162895
54	NC_071828	2511895
27	NC_071829	93745
31	NC_071835	2497809
54	NC_071836	3024860
54	NC_071837	159571
188	NC_071838	451700
188	NC_071839	3024831
188	NC_071840	64130
188	NC_071841	64132
291	NC_071842	2965323
224	NC_071843	154990
158	NC_071844	3024958
158	NC_071846	572113
41	NC_071847	672822
41	NC_071848	3024959
41	NC_071849	2052345
41	NC_071850	3024960
41	NC_071851	2263218
41	NC_071852	487773
231	NC_071868	945837
91	NC_071870	2993429
6	NC_071890	345096
6	NC_071891	345100
6	NC_071892	1051291
41	NC_071895	3025286
31	NC_071930	1642049
228	NC_071945	1354239
76	NC_071948	3025959
76	NC_071949	486688
123	NC_071950	1603718
89	NC_071961	231655
82	NC_072057	1499136
269	NC_072060	2993895
269	NC_072061	2993896
44	NC_072067	2985481
123	NC_072068	1736744
228	NC_072069	424910
154	NC_072070	179861
148	NC_072103	2486982
41	NC_072110	2023981
41	NC_072111	233892
41	NC_072112	1383556
41	NC_072113	2798874
41	NC_072114	2023987
25	NC_072142	1609287
25	NC_072143	2572401
25	NC_072144	154467
25	NC_072145	349346
25	NC_072146	290277
257	NC_072147	1280388
37	NC_072165	228837
1	NC_072167	304142
165	NC_072171	342015
39	NC_072174	319926
287	NC_072179	1916029
287	NC_072180	157082
269	NC_072182	200993
269	NC_072183	1577778
269	NC_072184	2975465
269	NC_072185	1577077
269	NC_072186	2902607
269	NC_072187	2975471
269	NC_072188	1030656
269	NC_072189	2975463
269	NC_072190	2902608
269	NC_072191	2975467
269	NC_072192	2902610
269	NC_072193	1852784
269	NC_072194	2902606
269	NC_072195	2902609
269	NC_072196	2975457
269	NC_072197	2290814
269	NC_072198	2975464
269	NC_072199	2975466
269	NC_072200	2292104
269	NC_072201	2975470
269	NC_072202	1353839
269	NC_072203	2975462
80	NC_072216	454461
248	NC_072253	281910
305	NC_072254	3028188
72	NC_072259	199156
31	NC_072261	321604
91	NC_072262	1280228
81	NC_072263	291501
43	NC_072267	587398
27	NC_072268	148919
196	NC_072270	223224
207	NC_072271	426461
207	NC_072272	426462
166	NC_072275	1082498
302	NC_072276	1981227
6	NC_072280	345099
289	NC_072297	76434
0	NC_072312	1030488
19	NC_072328	161106
39	NC_072329	319924
23	NC_072342	471709
4	NC_072505	386151
4	NC_072506	486424
4	NC_072507	2888449
4	NC_072508	2888446
4	NC_072509	1144452
4	NC_072510	1144461
4	NC_072511	486431
4	NC_072512	386245
4	NC_072513	2888447
4	NC_072514	459633
4	NC_072515	685055
4	NC_072516	3670
264	NC_072517	1045181
4	NC_072518	50543
330	NC_072528	634377
321	NC_072529	28516
321	NC_072530	326937
307	NC_072531	2998964
120	NC_072552	237942
0	NC_072555	1439905
76	NC_072556	447671
265	NC_072567	381652
120	NC_072570	2291176
34	NC_072589	1381010
375	NC_072590	2803922
376	NC_072591	1218918
34	NC_072592	263963
34	NC_072594	160402
39	NC_072608	452962
332	NC_072641	2294070
332	NC_072642	71987
332	NC_072643	3032021
332	NC_072644	3032019
332	NC_072645	3032020
33	NC_072708	161111
377	NC_072724	210381
0	NC_072727	398449
0	NC_072728	1505641
250	NC_072908	2903554
28	NC_072911	401069
46	NC_072912	32225
28	NC_072913	120385
28	NC_072914	190005
28	NC_072915	141009
28	NC_072916	1043504
28	NC_072917	190007
28	NC_072918	32235
28	NC_072919	1961200
46	NC_072920	32237
46	NC_072921	133203
28	NC_072922	32245
31	NC_072931	667282
156	NC_072935	3033941
224	NC_072937	1046480
224	NC_072938	212834
224	NC_072939	216481
340	NC_072941	345217
310	NC_072945	175724
28	NC_072946	1642854
28	NC_072947	1642862
28	NC_072948	1642864
28	NC_072949	1358727
28	NC_072950	1642872
25	NC_072959	145671
25	NC_072960	169989
25	NC_072967	2559483
25	NC_072968	292759
222	NC_072972	152359
8	NC_072976	2992064
7	NC_072979	883761
119	NC_072987	2936324
319	NC_072999	34173
113	NC_073000	124764
101	NC_073004	4366
1	NC_073005	223891
224	NC_073015	1130020
51	NC_073016	46421
99	NC_073021	122319
268	NC_073097	202634
360	NC_073098	2918407
87	NC_073099	83937
373	NC_073100	720869
28	NC_073102	1119055
265	NC_073103	1348127
265	NC_073104	2959665
76	NC_073106	1503369
27	NC_073110	140962
257	NC_073112	1280384
257	NC_073113	258762
255	NC_073117	694480
255	NC_073118	294965
255	NC_073119	161527
255	NC_073120	79767
255	NC_073121	1045265
255	NC_073122	3027246
255	NC_073123	3027247
82	NC_073126	3028607
287	NC_073149	347887
10	NC_073535	122832
91	NC_073539	1044910
55	NC_073570	2584542
231	NC_073583	180757
27	NC_073584	108878
224	NC_077252	212859
224	NC_077253	212973
224	NC_077254	2739912
224	NC_077255	2739899
224	NC_077256	2739908
224	NC_077257	2739905
224	NC_077258	2739909
224	NC_077259	1281367
224	NC_077260	398634
224	NC_077261	2739911
224	NC_077262	2739897
224	NC_077263	2739904
291	NC_077266	2651910
291	NC_077267	2651911
291	NC_077268	2651881
291	NC_077269	86640
291	NC_077270	2652659
291	NC_077271	2652469
291	NC_077272	2652453
291	NC_077273	796003
291	NC_077274	2652608
291	NC_077275	1619497
291	NC_077276	2652508
291	NC_077277	2652651
291	NC_077278	2652641
291	NC_077279	2652619
291	NC_077280	2652679
291	NC_077281	2652519
291	NC_077282	2652623
291	NC_077283	2652557
291	NC_077284	2652644
291	NC_077285	2652647
291	NC_077286	2652655
291	NC_077287	2652656
291	NC_077288	2652498
291	NC_077289	2652628
291	NC_077290	2652654
291	NC_077291	2652471
291	NC_077292	2652483
291	NC_077293	2652549
291	NC_077294	2652505
291	NC_077295	2652526
291	NC_077296	2652577
291	NC_077297	2652495
291	NC_077298	2652530
291	NC_077299	2652496
291	NC_077300	2652592
291	NC_077301	2652454
291	NC_077302	2652622
291	NC_077303	2652574
291	NC_077304	2652583
291	NC_077305	2652509
291	NC_077306	2652550
291	NC_077307	2652598
291	NC_077308	2652568
291	NC_077309	2528948
291	NC_077310	2528951
291	NC_077311	1793945
291	NC_077312	2652611
291	NC_077313	2652534
291	NC_077314	2652539
291	NC_077315	2652567
291	NC_077316	2652634
291	NC_077317	2652555
291	NC_077318	2652559
291	NC_077319	2652691
291	NC_077320	2652618
291	NC_077321	2652562
291	NC_077322	2528945
291	NC_077323	2652638
291	NC_077324	2652531
291	NC_077325	2652569
291	NC_077326	2652570
291	NC_077327	2652525
291	NC_077328	2652528
291	NC_077329	2652677
291	NC_077330	2652603
291	NC_077331	2652610
291	NC_077332	2652475
291	NC_077333	572236
291	NC_077334	2652609
291	NC_077335	2652494
291	NC_077336	2652630
291	NC_077337	2652632
291	NC_077338	2652584
291	NC_077339	2652552
291	NC_077340	2652543
291	NC_077341	2652613
291	NC_077342	2652548
291	NC_077343	2652554
291	NC_077344	1214565
291	NC_077345	2652524
291	NC_077346	2932483
291	NC_077347	2652599
291	NC_077348	2652640
291	NC_077349	2652558
291	NC_077350	2652639
291	NC_077351	2652542
291	NC_077352	2652589
291	NC_077353	2652597
291	NC_077354	2652484
291	NC_077355	2652473
291	NC_077356	2652581
291	NC_077357	2652578
291	NC_077358	2652506
291	NC_077359	2652573
291	NC_077360	2652507
291	NC_077361	2652621
291	NC_077362	2652492
291	NC_077363	2652602
291	NC_077364	2652503
291	NC_077365	1806641
291	NC_077366	2652590
291	NC_077367	2652650
291	NC_077368	2652479
291	NC_077369	2652512
291	NC_077370	2652515
291	NC_077371	2652511
291	NC_077372	2651908
291	NC_077373	2652565
291	NC_077374	2652532
291	NC_077375	2652637
291	NC_077376	2652646
291	NC_077377	2652625
291	NC_077378	2652487
291	NC_077379	2652648
291	NC_077380	2652545
291	NC_077381	2724787
291	NC_077382	2652561
291	NC_077383	2652601
291	NC_077384	2652614
291	NC_077385	2652670
291	NC_077386	2652500
291	NC_077387	2652514
291	NC_077388	1806642
291	NC_077389	2652541
291	NC_077390	2652595
291	NC_077391	2652521
291	NC_077392	2652504
291	NC_077393	2652645
291	NC_077394	2652673
291	NC_077395	2315346
291	NC_077396	255894
291	NC_077397	2652529
291	NC_077398	2652537
291	NC_077399	2652605
291	NC_077400	2652485
291	NC_077401	2652468
291	NC_077402	378412
291	NC_077403	2652626
291	NC_077404	139037
291	NC_077405	2652510
291	NC_077406	2652564
291	NC_077407	2652466
291	NC_077408	796002
291	NC_077409	2652467
291	NC_077410	2932484
291	NC_077411	2652635
291	NC_077412	2652478
291	NC_077413	2652553
291	NC_077414	2652535
291	NC_077415	2528955
291	NC_077416	2652649
291	NC_077417	2652551
291	NC_077418	2652579
291	NC_077419	2652660
291	NC_077420	2652620
291	NC_077421	2652616
291	NC_077422	2724785
291	NC_077423	2724788
291	NC_077424	2652477
291	NC_077425	2652560
291	NC_077426	2652657
291	NC_077427	2652629
291	NC_077428	2652653
291	NC_077429	2932485
291	NC_077430	2724783
291	NC_077431	301346
291	NC_077432	2818482
291	NC_077433	2818484
291	NC_077434	2818485
291	NC_077435	651549
291	NC_077436	2652493
291	NC_077437	2724777
291	NC_077438	2724790
291	NC_077439	2932481
291	NC_077440	2932482
291	NC_077441	2724782
291	NC_077442	2528943
291	NC_077443	2724781
291	NC_077444	2724789
291	NC_077445	2724792
291	NC_077446	2724779
291	NC_077447	2724780
291	NC_077448	2652489
291	NC_077449	2724793
291	NC_077450	2724784
291	NC_077451	2652488
291	NC_077452	2652470
291	NC_077453	2652522
291	NC_077454	2652482
291	NC_077455	2652474
291	NC_077456	2652476
291	NC_077457	2652572
55	NC_077467	2969155
55	NC_077468	2584543
55	NC_077469	2969156
55	NC_077470	255883
55	NC_077471	2584544
55	NC_077472	2053897
55	NC_077473	2969159
55	NC_077474	2969152
88	NC_077480	470283
88	NC_077481	453077
88	NC_077482	453078
88	NC_077483	453083
88	NC_077484	453087
88	NC_077485	1852768
88	NC_077486	453089
88	NC_077487	453088
88	NC_077488	453076
202	NC_077491	123498
35	NC_077497	403542
35	NC_077498	2764680
35	NC_077499	411996
35	NC_077500	2764677
35	NC_077501	1309618
35	NC_077502	1080094
35	NC_077503	2764675
0	NC_077504	153365
0	NC_077505	153339
0	NC_077506	153317
0	NC_077507	200328
0	NC_077508	153318
0	NC_077509	537144
0	NC_077510	153319
261	NC_077511	1330314
261	NC_077512	1245804
261	NC_077513	2764655
261	NC_077514	1245801
261	NC_077515	3038790
261	NC_077516	1330309
261	NC_077517	1330300
93	NC_077523	165341
93	NC_077524	714890
261	NC_077527	1330298
122	NC_077557	3018408
164	NC_077561	321607
64	NC_077564	394303
64	NC_077565	64699
64	NC_077566	394307
64	NC_077567	64475
64	NC_077568	374976
64	NC_077569	502767
31	NC_077571	421255
23	NC_077573	2992654
48	NC_077575	765270
405	NC_077577	128733
119	NC_077578	1498187
119	NC_077579	122218
119	NC_077580	1505647
28	NC_077593	133202
176	NC_077597	463674
303	NC_077617	428561
303	NC_077618	428562
303	NC_077619	359509
303	NC_077620	359514
303	NC_077621	359516
303	NC_077622	359522
303	NC_077623	428563
303	NC_077624	948052
87	NC_077628	188305
87	NC_077629	608809
87	NC_077630	3041055
227	NC_077631	2749919
227	NC_077632	1938967
39	NC_077634	542717
1	NC_077636	45837
126	NC_079585	604297
44	NC_079589	2605637
44	NC_079590	3036759
305	NC_079591	69385
48	NC_079592	52837
305	NC_079593	3036757
48	NC_079594	141482
48	NC_079595	187500
48	NC_079597	2072778
48	NC_079598	1628087
48	NC_079599	485208
48	NC_079600	1921141
48	NC_079601	141497
48	NC_079602	141489
48	NC_079603	120811
48	NC_079604	3036754
48	NC_079605	424982
48	NC_079606	126758
44	NC_079610	1341698
44	NC_079611	3036760
44	NC_079612	144544
44	NC_079613	3036756
44	NC_079614	1220079
305	NC_079616	413289
12	NC_079652	66393
131	NC_079661	222877
12	NC_079665	3054372
39	NC_079666	2321409
41	NC_079688	2024916
41	NC_079695	204141
12	NC_079701	3054370
12	NC_079702	3043289
25	NC_079705	943339
25	NC_079706	370905
25	NC_079707	145673
25	NC_079708	145675
25	NC_079709	480371
25	NC_079710	2544921
25	NC_079711	292683
25	NC_079712	2544923
25	NC_079713	115450
25	NC_079714	2559692
25	NC_079715	1233743
25	NC_079717	184795
25	NC_079718	416373
25	NC_079719	348460
25	NC_079720	154471
25	NC_079721	77339
25	NC_079723	2860837
25	NC_079724	674195
25	NC_079725	154479
25	NC_079726	348509
25	NC_079727	115473
25	NC_079728	290260
25	NC_079729	1089976
25	NC_079730	1089980
25	NC_079731	1089990
25	NC_079732	115496
25	NC_079733	131286
25	NC_079734	115498
25	NC_079735	446122
25	NC_079736	446123
25	NC_079737	446124
25	NC_079738	4720
25	NC_079739	446126
25	NC_079740	446128
25	NC_079741	93307
25	NC_079742	154488
25	NC_079743	154489
25	NC_079744	184801
25	NC_079745	131296
25	NC_079746	115515
25	NC_079747	469726
25	NC_079748	446155
25	NC_079749	115516
25	NC_079750	469730
25	NC_079751	54447
25	NC_079752	469732
25	NC_079753	469733
25	NC_079754	348516
25	NC_079755	447618
25	NC_079756	2831168
25	NC_079757	2873436
25	NC_079758	1505919
25	NC_079759	1056962
25	NC_079760	115529
25	NC_079761	1056963
25	NC_079762	1056965
25	NC_079763	145714
25	NC_079764	184793
25	NC_079765	2799473
25	NC_079766	131249
25	NC_079767	290258
25	NC_079768	290272
25	NC_079769	131259
25	NC_079770	145677
25	NC_079771	290278
25	NC_079772	1225077
25	NC_079773	292695
25	NC_079774	348475
25	NC_079775	3028551
25	NC_079776	480897
25	NC_079777	352070
25	NC_079778	131265
25	NC_079779	1089958
25	NC_079780	292706
25	NC_079781	154482
25	NC_079782	292773
25	NC_079783	456885
25	NC_079784	131271
25	NC_079785	145693
25	NC_079786	131274
25	NC_079787	1505921
25	NC_079788	131276
25	NC_079789	1089959
25	NC_079790	93283
25	NC_079791	1089970
25	NC_079792	480374
25	NC_079793	940354
25	NC_079794	1089991
25	NC_079795	115491
25	NC_079796	2448448
25	NC_079797	131288
25	NC_079798	292669
25	NC_079799	184789
25	NC_079800	184787
25	NC_079801	145697
25	NC_079802	115504
25	NC_079803	154485
25	NC_079804	2559486
25	NC_079805	2559487
25	NC_079806	292697
25	NC_079807	115513
25	NC_079808	115514
25	NC_079809	292783
25	NC_079810	145709
25	NC_079811	1090036
25	NC_079812	184803
25	NC_079813	131300
25	NC_079814	480906
25	NC_079815	3042829
25	NC_079816	115527
25	NC_079817	292712
181	NC_079818	1431197
126	NC_079823	1770158
14	NC_079824	376246
179	NC_079847	72185
179	NC_079848	3472
338	NC_079854	175026
31	NC_079867	577513
31	NC_079868	649271
31	NC_079869	2722879
31	NC_079870	3044383
31	NC_079871	577515
31	NC_079872	74630
126	NC_079915	1008935
31	NC_079924	32246
31	NC_079925	1616082
31	NC_079926	119234
31	NC_079927	74637
31	NC_079928	649269
31	NC_079929	1642051
31	NC_079930	1036029
31	NC_079931	649270
31	NC_079932	74644
31	NC_079933	1608492
31	NC_079934	971287
39	NC_079935	452959
89	NC_079957	748703
31	NC_079958	641286
31	NC_079959	577510
31	NC_079960	283339
31	NC_079961	267232
31	NC_079962	396733
31	NC_079963	1826635
31	NC_079964	1036027
290	NC_079965	1040842
41	NC_080204	374712
8	NC_080210	1080326
39	NC_080228	452966
39	NC_080233	542737
223	NC_080234	1685553
223	NC_080235	141318
223	NC_080236	1685548
223	NC_080237	3040088
223	NC_080238	1685551
223	NC_080240	1685547
223	NC_080241	714472
223	NC_080242	1685546
223	NC_080243	3040089
257	NC_080251	2508689
257	NC_080252	2508690
257	NC_080253	929489
257	NC_080254	2508692
248	NC_080264	3040768
152	NC_080273	1898862
39	NC_080274	544491
65	NC_080275	1044921
44	NC_080331	52818
144	NC_080332	441023
126	NC_080341	1143231
31	NC_080342	667249
31	NC_080343	971290
31	NC_080344	411214
31	NC_080345	3049248
248	NC_080346	2054570
77	NC_080347	3049252
378	NC_080349	521743
31	NC_080356	3049958
0	NC_080369	97984
364	NC_080370	3050117
91	NC_080371	261437
91	NC_080376	3043769
154	NC_080497	2054533
76	NC_080498	1914886
76	NC_080499	2652152
76	NC_080500	486663
43	NC_080501	396393
379	NC_080502	229438
380	NC_080503	184985
65	NC_080504	2940253
65	NC_080505	229427
65	NC_080506	265247
91	NC_080508	3051034
339	NC_080515	135518
339	NC_080516	175228
220	NC_080522	46996
220	NC_080523	171896
220	NC_080524	171901
220	NC_080525	171909
220	NC_080526	171890
4	NC_080536	685054
4	NC_080537	1144458
77	NC_080538	502515
12	NC_080592	1867283
7	NC_080867	178187
203	NC_080872	363219
73	NC_080874	692147
39	NC_080884	542715
120	NC_080888	173669
120	NC_080889	3055979
381	NC_080890	3055980
381	NC_080891	1197916
205	NC_080896	191669
4	NC_080912	676073
118	NC_080922	216522
89	NC_080984	231661
223	NC_080986	3056920
25	NC_080993	1090009
293	NC_080995	671525
116	NC_081012	1241825
116	NC_081013	155013
116	NC_081014	859319
89	NC_081049	38789
89	NC_081050	1934111
89	NC_081051	2944658
89	NC_081052	572096
89	NC_081053	218853
89	NC_081054	1857144
89	NC_081055	748705
89	NC_081056	2803377
89	NC_081057	231660
89	NC_081058	2662885
89	NC_081059	2944662
89	NC_081060	2944664
89	NC_081061	37490
89	NC_081062	2949666
39	NC_081063	452963
179	NC_081064	72190
287	NC_081108	457775
0	NC_081109	50459
287	NC_081110	228874
0	NC_081111	945839
0	NC_081112	282603
0	NC_081113	743978
0	NC_081114	282595
0	NC_081115	282597
0	NC_081116	208904
0	NC_081117	95392
0	NC_081118	311953
0	NC_081119	2764633
0	NC_081120	2764639
0	NC_081121	155756
0	NC_081122	1492263
0	NC_081123	537132
0	NC_081124	369002
0	NC_081125	345537
287	NC_081126	1205763
0	NC_081127	537184
0	NC_081128	358674
0	NC_081129	1619609
0	NC_081130	1511924
30	NC_081131	203579
30	NC_081132	203587
0	NC_081133	537185
39	NC_081461	1008904
39	NC_081462	1009467
120	NC_081463	57008
119	NC_081464	3047111
200	NC_081465	2925019
324	NC_081469	1159551
324	NC_081470	1218747
324	NC_081471	244036
324	NC_081472	59115
324	NC_081473	1547482
41	NC_081477	204219
91	NC_081478	3047879
72	NC_081484	404691
133	NC_081486	499989
133	NC_081487	2747421
133	NC_081488	2747424
133	NC_081489	2747423
1	NC_081500	41689
28	NC_081501	1398537
81	NC_081502	2753270
48	NC_081903	1740896
135	NC_081912	3044619
382	NC_081926	319738
129	NC_081935	176607
25	NC_081962	400887
27	NC_081971	133573
230	NC_081976	3053917
89	NC_081994	748710
73	NC_081995	1161996
73	NC_081996	1970670
73	NC_081997	1970668
383	NC_081999	3062349
383	NC_082000	3062351
383	NC_082001	43077
383	NC_082002	3062352
383	NC_082003	3062350
383	NC_082004	3062348
383	NC_082005	2859069
383	NC_082006	2859219
215	NC_082007	312614
102	NC_082008	1441980
215	NC_082009	2859220
215	NC_082010	312924
215	NC_082011	2862181
215	NC_082012	1526640
384	NC_082013	1217240
215	NC_082014	312940
215	NC_082015	312915
385	NC_082017	188325
215	NC_082018	312933
215	NC_082019	312931
102	NC_082020	162018
215	NC_082021	2806810
215	NC_082022	312929
386	NC_082023	907228
215	NC_082024	312920
7	NC_082025	178175
7	NC_082026	2870639
7	NC_082027	1679386
7	NC_082028	2994697
311	NC_082029	3019641
311	NC_082030	3019642
311	NC_082031	165345
311	NC_082032	3019644
311	NC_082033	1205704
279	NC_082049	75580
3	NC_082053	3953
257	NC_082054	2508703
126	NC_082056	455101
166	NC_082057	72166
16	NC_082096	146542
135	NC_082104	35922
234	NC_082105	413958
93	NC_082107	74693
144	NC_082429	440949
32	NC_082575	3073537
32	NC_082576	3073538
32	NC_082577	554380
41	NC_082580	204151
31	NC_082581	124693
32	NC_082582	3073539
32	NC_082583	3073540
32	NC_082584	3073541
32	NC_082585	3073542
32	NC_082586	3073543
32	NC_082587	2968229
32	NC_082588	2744233
32	NC_082589	2015378
265	NC_082822	447117
265	NC_082823	447484
269	NC_082826	2873415
310	NC_082906	175757
310	NC_082907	175735
87	NC_082920	1971366
48	NC_082943	1898823
91	NC_082963	2917579
249	NC_082965	3074321
249	NC_082966	1623366
249	NC_082967	979727
249	NC_082968	1623363
249	NC_082969	984478
228	NC_082971	56038
39	NC_082975	3074754
39	NC_082976	1840585
39	NC_082977	2939673
39	NC_082978	1454366
39	NC_082979	2915795
39	NC_082980	2915786
39	NC_082981	542750
107	NC_083084	714518
157	NC_083086	1531355
157	NC_083087	1531357
31	NC_083088	2066563
140	NC_083089	193528
140	NC_083090	1185385
224	NC_083119	1333885
224	NC_083120	457253
250	NC_083128	2173068
250	NC_083129	58708
27	NC_083141	3075835
27	NC_083142	1863013
8	NC_083192	2714098
8	NC_083193	2714099
8	NC_083194	2714100
8	NC_083195	584768
8	NC_083196	2831472
8	NC_083197	584743
8	NC_083198	496700
8	NC_083199	941844
8	NC_083200	239678
8	NC_083201	2663480
8	NC_083202	2663478
8	NC_083203	2666435
8	NC_083204	2714101
8	NC_083205	584749
8	NC_083206	2714104
8	NC_083207	165487
8	NC_083208	165498
8	NC_083209	2663479
8	NC_083210	496701
271	NC_083214	247887
271	NC_083215	1789066
271	NC_083216	1574110
271	NC_083217	346994
271	NC_083218	948718
217	NC_083219	555479
387	NC_083221	1655241
31	NC_083977	1608485
1	NC_083980	205567
40	NC_083981	4628
40	NC_083982	341692
279	NC_083984	2771004
41	NC_084044	933138
41	NC_084045	342061
41	NC_084046	2758143
41	NC_084047	2785301
41	NC_084048	268915
41	NC_084049	392646
41	NC_084050	268878
41	NC_084051	268881
148	NC_084054	1619352
308	NC_084055	74344
256	NC_084056	50144
256	NC_084057	286087
256	NC_084058	286086
148	NC_084059	2705726
148	NC_084060	3078780
148	NC_084061	3078781
148	NC_084062	2705727
93	NC_084063	29818
6	NC_084065	345098
41	NC_084072	3080003
35	NC_084099	228244
388	NC_084100	1137911
360	NC_084103	248302
34	NC_084107	1603704
360	NC_084108	249220
86	NC_084111	94108
315	NC_084116	454537
315	NC_084117	282337
1	NC_084119	1108001
1	NC_084120	1112053
106	NC_084123	366915
295	NC_084130	1851346
295	NC_084131	1155259
295	NC_084134	80777
158	NC_084166	3081611
370	NC_084174	3080981
41	NC_084175	536996
183	NC_084177	1827312
286	NC_084187	58378
209	NC_084188	122300
360	NC_084199	48523
360	NC_084200	168340
360	NC_084203	1423388
72	NC_084206	204979
106	NC_084211	366919
106	NC_084212	60117
91	NC_084216	475751
249	NC_084217	152284
249	NC_084218	123680
249	NC_084219	1632116
249	NC_084220	3083244
249	NC_084221	152288
249	NC_084222	3083243
249	NC_084223	860741
51	NC_084224	96933
249	NC_084225	60124
249	NC_084226	860760
249	NC_084227	716922
249	NC_084228	152626
51	NC_084229	860765
39	NC_084240	447317
289	NC_084247	1249726
196	NC_084252	189786
196	NC_084253	262219
389	NC_084255	64432
62	NC_084256	204362
135	NC_084261	240080
236	NC_084281	544988
317	NC_084282	1507410
230	NC_084284	3049250
41	NC_084319	1874238
41	NC_084320	1898873
332	NC_084330	90454
314	NC_084331	2153306
51	NC_084332	2951918
390	NC_084333	127421
250	NC_084336	2822940
7	NC_084350	2915987
7	NC_084367	262459
7	NC_084371	334475
378	NC_084379	3065487
7	NC_084380	2909257
7	NC_084381	219872
7	NC_084382	334474
7	NC_084383	2915953
289	NC_084384	1249730
7	NC_084386	2915957
7	NC_084387	2915960
7	NC_084388	2916021
7	NC_084389	2915974
7	NC_084390	2916009
7	NC_084391	2916011
7	NC_084392	219902
7	NC_084393	2916023
7	NC_084394	2916015
7	NC_084395	219904
7	NC_084396	2915983
7	NC_084397	2915986
8	NC_084401	516044
8	NC_084402	1033851
8	NC_084403	2930495
8	NC_084404	1553920
120	NC_084405	4205
114	NC_084407	165318
133	NC_084410	1177745
152	NC_084411	3092261
74	NC_084412	1290953
55	NC_084413	3082403
55	NC_084414	1929216
188	NC_084415	350027
188	NC_084416	54451
188	NC_084417	63355
23	NC_084427	216499
23	NC_084428	212753
23	NC_084429	2291174
23	NC_084430	944283
23	NC_084431	270100
23	NC_084432	46346
23	NC_084433	1439931
23	NC_084434	3092757
23	NC_084435	212756
23	NC_084436	39385
23	NC_084437	2803541
23	NC_084438	944287
23	NC_084439	216500
291	NC_084440	3092756
8	NC_084444	2991587
8	NC_084445	2991586
28	NC_084453	409518
28	NC_084454	1161166
39	NC_084455	147917
39	NC_084456	147915
135	NC_084791	190330
39	NC_084871	2995470
367	NC_084969	4355
135	NC_085144	1675672
135	NC_085145	345311
135	NC_085146	407265
332	NC_085169	49570
8	NC_085181	2997898
91	NC_085202	100527
91	NC_085203	261406
91	NC_085204	312036
163	NC_085210	281014
13	NC_085215	1612632
13	NC_085216	693376
13	NC_085217	310423
13	NC_085218	126432
13	NC_085219	485365
89	NC_085220	1045549
170	NC_085221	228522
291	NC_085222	2724955
291	NC_085223	2652676
291	NC_085224	2652683
48	NC_085235	1196636
48	NC_085236	206247
43	NC_085237	1341708
8	NC_085243	2995338
27	NC_085245	197126
27	NC_085246	2871443
27	NC_085247	3103161
27	NC_085248	3103162
230	NC_085251	84923
37	NC_085264	227494
1	NC_085278	374031
41	NC_085281	3104704
41	NC_085322	751787
126	NC_085347	3106003
391	NC_085352	1489665
249	NC_085353	23110
158	NC_085355	572119
158	NC_085356	572127
158	NC_085357	2953175
158	NC_085358	2856447
158	NC_085359	572132
299	NC_085364	190803
8	NC_085366	473991
32	NC_085367	82091
41	NC_085368	28510
158	NC_085426	3107746
158	NC_085427	193326
158	NC_085428	1138135
158	NC_085429	997707
158	NC_085430	694356
158	NC_085431	3107734
158	NC_085432	2953166
74	NC_085433	3107744
158	NC_085434	2953176
158	NC_085435	3107742
158	NC_085436	3107743
158	NC_085437	694380
158	NC_085438	1138133
158	NC_085439	3107737
158	NC_085440	2953163
158	NC_085441	3107736
158	NC_085442	3107740
158	NC_085443	1081545
158	NC_085444	3107739
158	NC_085445	3107738
158	NC_085446	2953167
158	NC_085447	2953173
158	NC_085448	3079772
158	NC_085449	3107784
158	NC_085450	3107745
158	NC_085451	572123
158	NC_085452	2953169
158	NC_085453	1138126
158	NC_085454	3107735
369	NC_085474	1137814
392	NC_085475	1137813
369	NC_085476	645710
13	NC_085477	310425
39	NC_085496	2321405
126	NC_085497	36602
126	NC_085498	106554
126	NC_085499	1184610
73	NC_085504	46030
73	NC_085505	1211623
73	NC_085506	1685578
158	NC_085507	53173
158	NC_085508	3107741
158	NC_085509	2840061
158	NC_085510	572118
158	NC_085511	1138141
158	NC_085512	2953164
158	NC_085513	2953165
158	NC_085514	1138138
158	NC_085515	997735
158	NC_085516	1081546
158	NC_085517	2953179
158	NC_085518	572133
158	NC_085519	2953182
126	NC_085521	106565
126	NC_085522	106559
126	NC_085523	106555
18	NC_085534	480913
48	NC_085545	157443
8	NC_085567	859224
8	NC_085568	2995350
27	NC_085570	2712968
126	NC_085571	3108480
126	NC_085572	1826792
126	NC_085573	470526
126	NC_085574	3091549
126	NC_085575	3091547
126	NC_085576	186523
126	NC_085577	3090533
126	NC_085578	1008924
126	NC_085579	3090200
126	NC_085580	2760073
126	NC_085581	343465
126	NC_085582	1217205
126	NC_085583	1770155
126	NC_085584	1775738
126	NC_085585	691236
126	NC_085586	3108496
126	NC_085587	3108492
126	NC_085588	3095560
126	NC_085589	3108479
126	NC_085590	1851445
126	NC_085591	3108495
393	NC_085598	1905575
71	NC_085600	1277773
319	NC_085602	3108749
126	NC_085622	691230
126	NC_085623	691229
126	NC_085624	3109545
126	NC_085625	1770163
126	NC_085626	1770157
126	NC_085627	3109546
126	NC_085628	1770159
126	NC_085629	661363
126	NC_085631	1826797
126	NC_085632	690342
126	NC_085633	1826800
126	NC_085634	1826804
126	NC_085635	691239
126	NC_085636	3091941
126	NC_085637	2034696
126	NC_085638	1826811
126	NC_085639	1770154
126	NC_085640	510712
126	NC_085641	416296
126	NC_085642	416297
126	NC_085643	416303
126	NC_085644	661350
126	NC_085645	1572684
126	NC_085646	1775740
126	NC_085647	1000428
126	NC_085648	3091545
126	NC_085649	2873987
126	NC_085650	2720251
126	NC_085651	141006
126	NC_085652	765745
126	NC_085653	691233
126	NC_085654	691241
126	NC_085655	3091535
126	NC_085656	3091937
126	NC_085657	1770153
126	NC_085658	32249
126	NC_085659	1770160
126	NC_085660	1770161
126	NC_085661	2604395
126	NC_085662	3091543
126	NC_085663	1826807
126	NC_085664	1826808
126	NC_085665	656924
126	NC_085666	2831160
126	NC_085667	691243
126	NC_085668	1770165
126	NC_085669	1828479
126	NC_085670	3091939
126	NC_085671	1826784
111	NC_085672	59983
1	NC_085711	119830
28	NC_085718	409512
28	NC_085719	409522
28	NC_085720	409515
28	NC_085721	2008527
28	NC_085722	141007
28	NC_085723	1450210
28	NC_085724	23225
28	NC_085725	2008508
28	NC_085726	409511
28	NC_085727	409517
28	NC_085728	216037
28	NC_085729	409521
287	NC_085730	3074738
324	NC_085731	3079884
180	NC_085732	1538057
180	NC_085733	248844
332	NC_085740	2292105
332	NC_085741	3034657
332	NC_085742	3034671
332	NC_085743	3034672
332	NC_085744	3034656
394	NC_085749	549619
332	NC_085752	48106
51	NC_085753	228659
332	NC_085754	50308
51	NC_085755	46415
154	NC_085759	79606
31	NC_085761	667287
8	NC_085788	1439377
395	NC_085794	655181
40	NC_085796	1162975
40	NC_085810	94390
113	NC_085814	277990
41	NC_086485	157259
41	NC_086486	38860
41	NC_086487	49992
41	NC_086488	543980
41	NC_086489	294739
279	NC_086505	2291154
120	NC_086516	237949
396	NC_086517	83154
3	NC_086520	260700
1	NC_086521	856898
1	NC_086522	3112401
1	NC_086523	856883
1	NC_086524	3112402
1	NC_086525	856882
1	NC_086526	856895
91	NC_086529	3026407
91	NC_086530	2917566
91	NC_086531	2917578
91	NC_086532	2917573
91	NC_086540	3027164
91	NC_086541	3027166
91	NC_086542	3027165
1	NC_086544	2998085
1	NC_086545	561130
1	NC_086546	172795
1	NC_086547	561128
1	NC_086548	317827
1	NC_086549	856989
1	NC_086550	199469
228	NC_086553	764602
228	NC_086554	764601
126	NC_086558	2291143
126	NC_086559	2305210
126	NC_086560	661366
126	NC_086561	1248461
126	NC_086562	661340
126	NC_086563	2305212
126	NC_086564	661345
126	NC_086565	661351
126	NC_086566	665325
236	NC_086576	283133
236	NC_086577	296041
40	NC_086578	210077
310	NC_086582	1720446
250	NC_086584	2173063
250	NC_086585	2173072
120	NC_086590	1053966
158	NC_086601	1045356
310	NC_086625	174187
310	NC_086626	175741
271	NC_086628	72402
403	NC_086659	2061027
85	NC_086660	2953948
27	NC_086661	2990783
27	NC_086662	117666
330	NC_086665	265135
40	NC_086669	1170574
40	NC_086670	446147
40	NC_086671	446146
40	NC_086672	1125927
120	NC_086692	61589
120	NC_086693	237959
120	NC_086694	179996
120	NC_086695	61590
120	NC_086696	1127633
120	NC_086697	1444320
180	NC_086706	248856
8	NC_086708	692012
236	NC_086709	1036588
236	NC_086710	271538
236	NC_086712	1384180
236	NC_086713	648869
7	NC_086714	219869
7	NC_086715	1489815
8	NC_086727	376874
16	NC_086728	226581
305	NC_086729	413293
305	NC_086730	3115592
305	NC_086731	3115593
39	NC_086748	1889606
27	NC_086774	2291139
230	NC_086775	50277
54	NC_086777	420835
8	NC_086813	584765
8	NC_086814	2847120
0	NC_086849	537173
310	NC_086855	1720486
1	NC_086861	227722
1	NC_086862	1045174
72	NC_086866	1341699
51	NC_086867	330647
1	NC_086868	45843
1	NC_086880	942186
1	NC_086881	942187
1	NC_086883	3118957
1	NC_086884	1968205
1	NC_086885	1167620
360	NC_086899	79376
188	NC_086901	180955
188	NC_086902	50993
135	NC_086915	1640932
91	NC_086925	2917563
91	NC_086926	2917576
91	NC_086927	2917570
91	NC_086928	2917582
91	NC_086929	2917564
91	NC_086930	2917567
91	NC_086931	2917581
91	NC_086932	1142992
91	NC_086933	2917568
91	NC_086934	2917571
91	NC_086935	2917575
91	NC_086936	2917577
91	NC_086937	2917569
91	NC_086938	2917574
91	NC_086939	2917572
91	NC_086940	2917565
91	NC_086941	2917580
91	NC_086942	2713338
8	NC_086953	1917946
204	NC_086956	2184446
204	NC_086957	1076197
204	NC_086958	1076199
31	NC_086968	3121384
31	NC_086969	478373
31	NC_086971	57932
31	NC_086972	3121459
31	NC_086973	3121456
31	NC_086974	1732554
31	NC_086975	1429983
31	NC_086976	3121453
31	NC_086978	3121454
31	NC_086979	3121451
31	NC_086980	667228
31	NC_086981	3121455
31	NC_086982	210862
31	NC_086983	654634
31	NC_086984	3121458
31	NC_086985	3121460
31	NC_086986	1732548
31	NC_086987	667297
31	NC_086988	1541695
31	NC_086989	1778369
31	NC_086990	714647
31	NC_086991	57939
31	NC_086992	714487
31	NC_086993	3121448
31	NC_086994	667262
31	NC_086995	210859
31	NC_086996	516013
31	NC_086997	667294
31	NC_086998	667264
31	NC_086999	654613
31	NC_087000	3091636
31	NC_087001	1819533
31	NC_087002	667246
31	NC_087003	1819540
31	NC_087004	1819547
31	NC_087005	57942
31	NC_087006	654631
31	NC_087007	3091635
31	NC_087008	1819538
31	NC_087009	667252
31	NC_087010	1732545
31	NC_087011	654633
31	NC_087012	1961204
31	NC_087013	1732547
31	NC_087014	654620
31	NC_087015	1732550
31	NC_087016	1778373
31	NC_087017	667269
31	NC_087018	1562891
31	NC_087019	3121463
31	NC_087020	3121465
31	NC_087021	3091642
31	NC_087022	1472690
31	NC_087023	57947
31	NC_087024	478372
397	NC_087025	478366
397	NC_087026	3121464
397	NC_087027	478363
31	NC_087028	457911
31	NC_087029	1541699
31	NC_087030	687993
31	NC_087031	1541698
31	NC_087032	1541697
31	NC_087033	57940
31	NC_087034	3121475
31	NC_087035	1076577
31	NC_087036	667283
31	NC_087037	57933
31	NC_087038	654646
31	NC_087039	3121473
31	NC_087040	1042667
31	NC_087041	57925
31	NC_087042	3089657
31	NC_087043	3121474
31	NC_087044	1961205
31	NC_087045	2713430
31	NC_087046	1008379
397	NC_087047	1053328
250	NC_087048	1633998
8	NC_087061	79200
35	NC_087605	2603716
35	NC_087606	191453
369	NC_087607	1701062
192	NC_087608	1291635
192	NC_087609	1137863
398	NC_087610	115624
399	NC_087611	1155345
153	NC_087612	330176
388	NC_087614	1895980
35	NC_087615	254022
400	NC_087616	270411
35	NC_087617	1045115
192	NC_087621	325518
235	NC_087626	648879
289	NC_087701	2233994
8	NC_087702	357967
8	NC_087703	52492
8	NC_087704	669746
8	NC_087706	1917943
8	NC_087707	1917944
8	NC_087708	99509
8	NC_087709	3079890
8	NC_087710	1917945
8	NC_087711	1917947
8	NC_087712	1917949
8	NC_087713	1917952
8	NC_087714	1917953
8	NC_087715	642896
8	NC_087716	3079891
156	NC_087723	2986521
98	NC_087726	152371
39	NC_087746	212650
39	NC_087747	542718
39	NC_087748	1840589
39	NC_087749	212651
39	NC_087750	1454367
39	NC_087751	2915796
39	NC_087752	542746
159	NC_087757	242038
73	NC_087760	942085
39	NC_087763	2944735
39	NC_087764	1840596
39	NC_087765	648846
39	NC_087766	2811441
39	NC_087767	1407748
39	NC_087768	1840587
39	NC_087769	1082390
39	NC_087777	1007873
133	NC_087782	346974
250	NC_087786	2173071
7	NC_087811	219860
7	NC_087812	219897
7	NC_087813	219900
7	NC_087814	1813521
218	NC_087847	79245
14	NC_087848	2071495
14	NC_087849	59993
286	NC_087867	120130
34	NC_087883	2911119
43	NC_087974	2184477
43	NC_087975	1265927
82	NC_087978	308437
82	NC_087979	933380
0	NC_088033	377454
158	NC_088034	2290803
41	NC_088035	201516
158	NC_088036	167919
111	NC_088042	3043455
111	NC_088043	690490
111	NC_088044	3043453
111	NC_088045	690505
65	NC_088046	3043452
111	NC_088047	1637977
111	NC_088048	3043451
314	NC_088055	1008928
269	NC_088063	3059647
269	NC_088064	1406284
39	NC_088067	2982993
269	NC_088068	54434
269	NC_088069	367483
269	NC_088070	1549782
269	NC_088071	3134978
269	NC_088072	54427
196	NC_088075	194562
196	NC_088076	189793
27	NC_088097	195802
31	NC_088441	654645
81	NC_088442	1707751
81	NC_088443	316508
93	NC_088461	2675919
93	NC_088462	197793
401	NC_088463	197795
93	NC_088464	223176
93	NC_088465	2294064
93	NC_088466	197799
93	NC_088467	223173
401	NC_088468	197803
93	NC_088469	503360
93	NC_088470	2550875
93	NC_088471	2675942
214	NC_088472	2675945
93	NC_088473	589142
214	NC_088474	1439916
93	NC_088475	589143
93	NC_088476	197812
93	NC_088477	513145
93	NC_088478	513151
93	NC_088479	101994
93	NC_088480	513152
93	NC_088481	113209
28	NC_088483	2071455
255	NC_088496	1406279
31	NC_088498	119235
28	NC_088509	140994
28	NC_088510	32221
28	NC_088511	3091706
28	NC_088512	140996
28	NC_088513	32243
28	NC_088514	48231
271	NC_088531	191885
126	NC_088533	106560
74	NC_088534	54477
112	NC_088545	2976102
344	NC_088553	1088842
148	NC_088729	3134732
148	NC_088730	2054580
148	NC_088731	3134733
256	NC_088733	3134736
256	NC_088734	2138331
148	NC_088735	529591
148	NC_088736	2054579
148	NC_088737	2294073
148	NC_088738	2138333
148	NC_088739	1146880
91	NC_088740	3114546
74	NC_088747	1262115
279	NC_088748	262921
250	NC_088749	1633997
250	NC_088750	2173070
250	NC_088751	1325981
250	NC_088752	3064863
166	NC_088754	2594499
51	NC_088755	228392
335	NC_088760	149361
166	NC_088768	2768815
87	NC_088770	429709
109	NC_088771	267619
