336	NC_001879	4097
1782	NC_002694	34305
846	NC_003119	3880
708	NC_004561	33113
1802	NC_004993	212734
1269	NC_005086	13333
797	NC_006290	4054
2319	NC_006861	37429
2631	NC_007144	3659
336	NC_007500	4096
911	NC_007578	4236
568	NC_007602	4098
285	NC_007898	4081
357	NC_007943	147425
1279	NC_007944	3635
1470	NC_007957	29760
998	NC_007977	4232
357	NC_008096	4113
152	NC_008115	71271
746	NC_008326	3415
528	NC_008334	2711
157	NC_008335	4403
983	NC_008336	41776
235	NC_008407	126431
1733	NC_008454	4031
2270	NC_008535	13443
1279	NC_008641	3634
2195	NC_009143	3694
2423	NC_009265	434059
1922	NC_009266	72657
2523	NC_009962	4428
342	NC_010323	3649
1050	NC_010433	3983
984	NC_010601	4230
1297	NC_010776	180217
1405	NC_011163	3827
1279	NC_012224	180498
1880	NC_012615	93213
1490	NC_013553	35935
353	NC_013707	4146
2482	NC_014057	3888
2247	NC_014063	3860
251	NC_014570	71139
1841	NC_014573	326026
642	NC_014674	60419
230	NC_014676	3641
1279	NC_015204	34273
128	NC_015308	3981
353	NC_015401	158383
2164	NC_015543	98722
353	NC_015604	129566
1743	NC_015605	4431
353	NC_015608	497767
679	NC_015621	176616
353	NC_015623	158385
946	NC_015892	86722
2624	NC_015983	412675
2009	NC_015996	3767
265	NC_016068	118713
847	NC_016430	82096
1783	NC_016433	4182
2494	NC_016468	472368
1311	NC_016668	29730
1279	NC_016670	34276
1279	NC_016690	34277
1279	NC_016692	76056
1370	NC_016711	34275
1279	NC_016712	29729
1734	NC_016727	42043
2147	NC_016728	39899
2185	NC_016730	37657
85	NC_016736	3988
1229	NC_017894	34282
1388	NC_018109	47637
1388	NC_018110	47635
1180	NC_018111	47634
1388	NC_018112	47636
1329	NC_018113	3636
654	NC_018117	4076
243	NC_018552	4072
1010	NC_020019	4442
1037	NC_020092	41568
1246	NC_020098	41396
402	NC_020152	3512
971	NC_020316	85864
971	NC_020317	85865
1064	NC_020318	3406
1037	NC_020320	146995
1037	NC_020607	395280
1334	NC_021101	23250
580	NC_021121	1265925
798	NC_021423	4058
343	NC_021425	13715
435	NC_021426	4407
2043	NC_021455	1308043
1010	NC_022264	182317
251	NC_022378	36592
251	NC_022379	87679
143	NC_022380	87669
251	NC_022381	582381
251	NC_022382	1171781
251	NC_022383	87670
251	NC_022384	87684
251	NC_022385	87672
251	NC_022386	87681
251	NC_022387	87688
410	NC_022388	34320
251	NC_022389	582372
251	NC_022390	183836
201	NC_022391	34319
171	NC_022392	183838
299	NC_022393	1282669
299	NC_022394	452569
137	NC_022395	87674
202	NC_022396	87663
246	NC_022397	99019
168	NC_022398	34316
190	NC_022399	106642
251	NC_022400	87685
251	NC_022401	183858
247	NC_022402	166933
185	NC_022403	183851
178	NC_022404	34315
251	NC_022405	183827
1582	NC_022406	34314
228	NC_022407	183803
221	NC_022408	87660
233	NC_022409	34328
221	NC_022410	34330
233	NC_022411	34308
233	NC_022412	87657
296	NC_022414	88056
902	NC_022431	528293
1121	NC_022432	48545
2109	NC_022451	175694
1010	NC_022459	319925
1010	NC_022460	1339356
1010	NC_022461	147918
1010	NC_022462	319928
1010	NC_022463	194713
716	NC_022810	137943
985	NC_022811	133939
985	NC_022812	133946
797	NC_022813	230597
709	NC_022814	228393
36	NC_022859	86093
1163	NC_023084	385388
2219	NC_023090	3873
2366	NC_023102	38596
838	NC_023107	73288
838	NC_023108	73291
838	NC_023109	73285
838	NC_023110	73283
838	NC_023111	73293
838	NC_023112	4233
838	NC_023113	382522
838	NC_023114	73297
2069	NC_023130	1143245
1180	NC_023213	47600
1238	NC_023214	47622
1229	NC_023215	34274
1279	NC_023216	34280
1238	NC_023218	34278
946	NC_023234	86726
946	NC_023235	86730
1044	NC_023236	44759
946	NC_023237	54732
946	NC_023238	3403
946	NC_023240	3411
946	NC_023242	86737
2465	NC_023261	73178
1959	NC_023357	39848
2104	NC_023359	39855
2631	NC_023544	396994
1470	NC_023790	103349
261	NC_023792	124943
411	NC_023801	167385
669	NC_023833	287011
321	NC_023959	744259
946	NC_024027	44926
1185	NC_024036	3899
1650	NC_024038	49827
686	NC_024261	4079
1100	NC_024286	124929
1010	NC_024541	542719
2596	NC_024543	166117
1044	NC_024545	114512
1010	NC_024659	1454364
1010	NC_024660	542733
1010	NC_024661	153490
1010	NC_024662	1523625
1010	NC_024663	452972
2152	NC_024681	75712
2195	NC_024734	295326
2077	NC_024735	73824
2195	NC_024747	75702
1528	NC_025339	4432
1949	NC_025656	63479
1881	NC_025657	351450
2153	NC_025658	141598
488	NC_025787	126429
1037	NC_025910	669134
2671	NC_026103	1264566
972	NC_026134	138025
489	NC_026202	692148
1701	NC_026291	54469
754	NC_026447	44586
2359	NC_026462	1278906
847	NC_026546	242290
279	NC_026551	362342
1557	NC_026562	3483
266	NC_026567	362364
436	NC_026570	126903
437	NC_026574	362373
1181	NC_026677	321550
1682	NC_026678	20340
1571	NC_026679	191923
2226	NC_026681	3870
938	NC_026683	102697
680	NC_026684	35938
1084	NC_026685	58860
437	NC_026694	126905
2359	NC_026722	77065
437	NC_026726	362363
456	NC_026790	103483
163	NC_026839	105884
285	NC_026876	142759
231	NC_026877	4083
285	NC_026878	315350
285	NC_026879	62890
403	NC_026880	62891
231	NC_026881	4082
285	NC_026882	4084
437	NC_026906	362345
468	NC_026907	167439
497	NC_026909	106335
367	NC_026913	1495044
1750	NC_026980	3759
1750	NC_026981	97306
1758	NC_026982	97307
2259	NC_027073	313081
2259	NC_027074	457904
2259	NC_027075	154493
2259	NC_027076	313097
2259	NC_027077	1234501
2259	NC_027078	313104
2220	NC_027079	313107
2259	NC_027080	1276802
437	NC_027099	362347
5	NC_027113	41561
2122	NC_027148	3855
2227	NC_027149	1276776
2259	NC_027150	3859
2658	NC_027151	3862
1189	NC_027161	62330
437	NC_027177	1545468
1718	NC_027262	65409
2123	NC_027425	113636
2577	NC_027434	947974
797	NC_027456	44588
847	NC_027607	98373
1591	NC_027618	171969
2248	NC_027668	151230
2248	NC_027669	151231
1529	NC_027677	3922
655	NC_027685	46397
498	NC_027728	137221
267	NC_027744	119951
2327	NC_027829	1266557
912	NC_027835	1582844
527	NC_027939	354529
2404	NC_027955	353963
2428	NC_027959	1522199
1542	NC_027960	350585
1510	NC_028000	231663
5	NC_028005	293558
5	NC_028006	157702
243	NC_028007	4073
2429	NC_028012	3972
2620	NC_028023	66636
5	NC_028027	92921
2597	NC_028051	73194
2480	NC_028052	28968
2480	NC_028053	59866
357	NC_028069	4109
322	NC_028070	4112
1104	NC_028073	325536
883	NC_028074	1720319
2028	NC_028080	552857
1709	NC_028171	1235665
688	NC_028349	80755
2334	NC_028350	75706
221	NC_028409	183804
221	NC_028410	360304
2123	NC_028504	80863
1756	NC_028533	1750592
74	NC_028588	1522114
22	NC_028589	210368
94	NC_028590	1522119
22	NC_028591	197130
2534	NC_028617	51240
797	NC_028703	44685
695	NC_028704	106132
1085	NC_028732	486065
710	NC_028733	190760
550	NC_029338	43782
1575	NC_029339	1006121
647	NC_029371	934068
601	NC_029406	20997
337	NC_029420	173701
203	NC_029427	155132
75	NC_029432	461633
1470	NC_029454	3605
1038	NC_029459	228709
1592	NC_029460	157409
1001	NC_029465	200489
385	NC_029490	478950
520	NC_029700	1653186
627	NC_029746	362354
918	NC_029750	17515
847	NC_029764	327218
2656	NC_029808	1812841
1577	NC_029817	141795
1577	NC_029818	141790
1577	NC_029819	141755
1577	NC_029820	141782
1577	NC_029821	141798
1577	NC_029822	193335
1577	NC_029823	141787
1577	NC_029824	53175
1636	NC_029825	180010
1709	NC_029828	119829
437	NC_029833	362352
1417	NC_029874	105268
2656	NC_029885	1821062
1841	NC_029999	28964
437	NC_030044	362374
2102	NC_030053	49390
437	NC_030056	1830227
13	NC_030061	168831
2598	NC_030166	49314
437	NC_030167	362362
437	NC_030168	362366
437	NC_030171	362351
838	NC_030173	73282
437	NC_030177	362359
437	NC_030178	362357
437	NC_030185	362341
528	NC_030194	237571
138	NC_030195	280641
290	NC_030207	4111
838	NC_030275	73275
656	NC_030282	258455
837	NC_030331	168559
813	NC_030343	948960
1418	NC_030482	83908
2656	NC_030484	141186
747	NC_030504	3414
110	NC_030526	1577648
110	NC_030527	991123
222	NC_030543	80379
797	NC_030598	44682
1750	NC_030599	151439
2415	NC_030609	170926
687	NC_030702	354530
779	NC_030772	50225
1122	NC_030773	53719
799	NC_030783	4222
1037	NC_030785	259893
2114	NC_031153	1454371
1454	NC_031155	137888
2060	NC_031163	106564
848	NC_031189	3435
872	NC_031190	1898257
785	NC_031191	460789
2452	NC_031193	73191
2452	NC_031194	73188
1789	NC_031196	122187
2465	NC_031197	122254
2597	NC_031198	59873
2442	NC_031199	73198
2465	NC_031200	163034
2393	NC_031201	253081
2452	NC_031202	59882
2465	NC_031203	253082
1789	NC_031205	122197
1895	NC_031206	158603
1869	NC_031344	138560
1817	NC_031345	74695
344	NC_031356	103481
1507	NC_031370	1902425
2195	NC_031371	1902783
2534	NC_031373	224355
2430	NC_031376	16924
1470	NC_031383	103351
711	NC_031385	883788
820	NC_031386	328401
779	NC_031395	170727
778	NC_031396	90037
2195	NC_031398	1903715
280	NC_031399	401898
1037	NC_031400	265783
2645	NC_031414	122810
2379	NC_031428	170927
2471	NC_031433	1667030
2471	NC_031434	1081573
160	NC_031437	476207
779	NC_031815	1220052
779	NC_031816	1220049
2657	NC_031825	946017
1015	NC_031833	192012
2606	NC_031834	387127
1186	NC_031853	183030
446	NC_031854	554072
446	NC_031855	13451
446	NC_031856	80754
2477	NC_031875	1170328
2320	NC_031877	263218
2385	NC_031878	266536
2386	NC_031879	263258
2455	NC_031880	1630365
2301	NC_031881	1277824
2408	NC_031882	263294
2346	NC_031884	1673703
2170	NC_031885	263335
2292	NC_031886	40003
2347	NC_031888	1170341
2209	NC_031889	113480
2363	NC_031890	1170342
528	NC_031894	697036
1967	NC_031898	652132
303	NC_031899	168575
2663	NC_032031	137683
841	NC_032056	1262544
841	NC_032057	333970
2044	NC_032060	77057
697	NC_032066	3878
1004	NC_032296	237963
446	NC_032351	80753
2165	NC_032368	1536645
404	NC_032684	159030
148	NC_032685	76959
392	NC_032686	159045
262	NC_032687	76967
361	NC_032688	159055
737	NC_032691	220690
2165	NC_032717	266767
2649	NC_032719	198265
2649	NC_032720	1043716
2624	NC_032721	198266
562	NC_032724	4091
1229	NC_033333	34285
204	NC_033350	28974
362	NC_033354	403101
268	NC_033355	120290
1818	NC_033357	158596
1733	NC_033358	122256
1819	NC_033359	122196
1310	NC_033394	34286
1310	NC_033395	34287
1311	NC_033396	34290
1229	NC_033397	34281
1257	NC_033398	47631
134	NC_033399	47623
1229	NC_033400	34283
1257	NC_033401	47621
411	NC_033409	1754207
345	NC_033502	1932074
2506	NC_033503	88033
222	NC_033524	165701
243	NC_033525	107817
243	NC_033526	165702
222	NC_033527	165700
466	NC_033535	289753
2631	NC_033871	442738
2319	NC_033874	355589
1968	NC_033876	765816
479	NC_033881	168165
2534	NC_033892	91218
2534	NC_033893	91213
2534	NC_033894	243020
237	NC_033913	13331
1873	NC_033975	2914000
1342	NC_033978	216990
1236	NC_033979	66387
1650	NC_034229	47080
528	NC_034290	37334
32	NC_034295	1892573
2507	NC_034315	117167
1055	NC_034320	53750
1055	NC_034321	53749
1055	NC_034322	502541
1055	NC_034323	53748
1055	NC_034324	308558
1055	NC_034325	1970106
1055	NC_034326	53753
1187	NC_034327	53751
1055	NC_034328	502542
585	NC_034331	1971616
826	NC_034346	168561
2034	NC_034367	228871
2557	NC_034371	1637976
2022	NC_034639	32224
2285	NC_034640	170919
755	NC_034641	1430397
681	NC_034648	1209471
2348	NC_034660	48809
2645	NC_034662	1977234
408	NC_034671	85571
670	NC_034677	1980291
635	NC_034678	1648221
1175	NC_034683	35608
412	NC_034684	375272
946	NC_034687	86725
2001	NC_034688	49450
528	NC_034690	2708
314	NC_034691	1548298
1666	NC_034693	233893
314	NC_034694	660624
1811	NC_034695	925377
1882	NC_034698	170351
1200	NC_034700	85223
147	NC_034701	145745
609	NC_034702	13569
2221	NC_034716	119954
2023	NC_034742	126911
2023	NC_034743	111851
1051	NC_034744	57649
2066	NC_034774	53896
332	NC_034801	1882728
616	NC_034803	73154
2249	NC_034810	1716031
2472	NC_034811	1716020
2472	NC_034812	1716019
2481	NC_034813	1716023
2472	NC_034814	1716029
2249	NC_034815	1716030
2249	NC_034816	1716024
2481	NC_034817	1716037
2481	NC_034818	1716028
2443	NC_034819	1716038
2115	NC_034820	1716032
2554	NC_034821	1716039
2472	NC_034822	1716022
2387	NC_034823	1716035
2444	NC_034824	1716025
2481	NC_034825	1716036
2472	NC_034826	1716034
2481	NC_034827	1716026
2499	NC_034828	1716033
2472	NC_034829	1716021
2472	NC_034830	1716027
2249	NC_034831	1716018
2546	NC_034832	1716017
2287	NC_034847	587499
2516	NC_034848	381974
2503	NC_034849	382033
2472	NC_034850	1716006
929	NC_034851	457735
2508	NC_034852	1715998
2499	NC_034853	1716002
2472	NC_034854	587509
2387	NC_034855	2707368
2405	NC_034856	1716004
2472	NC_034857	587507
2481	NC_034858	382017
2356	NC_034859	587518
2472	NC_034860	587524
2449	NC_034861	587504
2249	NC_034862	1716016
2472	NC_034863	587517
2481	NC_034864	72967
2431	NC_034865	2841757
2481	NC_034866	381981
2249	NC_034867	1716014
2510	NC_034868	1715999
2481	NC_034869	1161137
2481	NC_034870	381990
2249	NC_034871	587510
2472	NC_034872	1716003
2472	NC_034873	587516
2481	NC_034874	1716011
2461	NC_034875	1716013
2481	NC_034876	1716000
2527	NC_034877	72947
2472	NC_034878	587514
2472	NC_034879	1716008
2481	NC_034880	587506
2481	NC_034881	1716009
2481	NC_034882	587501
2542	NC_034883	587508
2481	NC_034885	587519
2472	NC_034886	587503
2472	NC_034887	587525
2499	NC_034888	381997
2473	NC_034889	382052
2481	NC_034890	382038
2481	NC_034891	1716010
2472	NC_034892	587521
2481	NC_034893	1716012
2481	NC_034894	587513
2472	NC_034895	587512
2481	NC_034896	587511
2481	NC_034897	1716005
2481	NC_034898	381977
2528	NC_034899	1716007
2472	NC_034900	587520
2249	NC_034901	1716015
2472	NC_034902	1716001
2449	NC_034903	587515
2009	NC_034909	470525
2506	NC_034910	176861
785	NC_034925	610235
785	NC_034926	460784
612	NC_034932	66201
1430	NC_034934	859264
1393	NC_034935	60130
1399	NC_034936	349476
2651	NC_034949	63459
2644	NC_034950	3559
357	NC_034951	47970
2656	NC_034952	1418012
1566	NC_034985	205042
1201	NC_034986	714439
999	NC_034987	1191454
1258	NC_034988	1055557
1016	NC_034989	1914267
804	NC_034990	1914268
1039	NC_034991	1914269
2002	NC_034992	76910
2124	NC_034996	983245
346	NC_035000	126362
1190	NC_035140	339208
2125	NC_035225	1850527
2057	NC_035226	1850528
967	NC_035228	1641311
737	NC_035229	220689
55	NC_035234	455045
58	NC_035235	171929
848	NC_035236	128608
1241	NC_035237	3494
1521	NC_035240	22663
1086	NC_035346	196665
1071	NC_035347	138055
999	NC_035348	138062
2534	NC_035413	91224
800	NC_035536	182318
800	NC_035537	2018057
800	NC_035538	1603832
800	NC_035539	197088
800	NC_035540	2018058
800	NC_035541	182319
800	NC_035542	182320
800	NC_035543	941577
578	NC_035544	194716
800	NC_035545	59677
800	NC_035546	182321
657	NC_035551	68554
2039	NC_035566	320146
1304	NC_035569	172644
1010	NC_035574	536625
2024	NC_035625	106552
1072	NC_035639	197085
1112	NC_035640	182325
1072	NC_035641	182296
1023	NC_035642	197096
1087	NC_035643	182316
1072	NC_035644	2021137
1072	NC_035645	107826
919	NC_035646	182305
1088	NC_035647	941567
1087	NC_035648	2021136
1088	NC_035649	941568
1112	NC_035650	941581
1010	NC_035651	542752
1010	NC_035652	674061
1219	NC_035653	2021135
405	NC_035654	1938279
946	NC_035657	86749
2493	NC_035661	1898640
1430	NC_035662	859262
1832	NC_035671	106570
1921	NC_035672	106571
1219	NC_035678	182329
1010	NC_035686	197095
1010	NC_035687	197097
1010	NC_035688	536627
682	NC_035689	182307
1088	NC_035690	182309
1112	NC_035691	182322
919	NC_035692	182302
1010	NC_035693	182315
1023	NC_035694	197086
1112	NC_035695	155545
1088	NC_035696	184083
1112	NC_035697	59679
1112	NC_035698	184084
800	NC_035699	182306
1123	NC_035700	182312
2186	NC_035701	129297
696	NC_035703	210373
1072	NC_035704	194715
2186	NC_035705	107821
1312	NC_035706	107827
628	NC_035707	125053
1312	NC_035709	182331
1280	NC_035710	125047
417	NC_035724	45834
2388	NC_035729	201515
403	NC_035742	28526
2359	NC_035743	2019967
2334	NC_035744	75722
848	NC_035802	337465
2466	NC_035872	39288
2633	NC_035873	39325
1140	NC_035875	4212
1481	NC_035876	2029165
1470	NC_035878	506485
2045	NC_035880	434060
883	NC_035882	13429
2398	NC_035884	91242
1908	NC_035891	378224
953	NC_035941	161261
2210	NC_035950	137228
512	NC_035952	49451
821	NC_035953	332435
717	NC_035955	171883
946	NC_035956	215555
1597	NC_035957	99010
602	NC_035959	1739658
2507	NC_035960	91214
2507	NC_035965	91216
2534	NC_035966	91217
2534	NC_035967	16719
82	NC_035973	80338
1470	NC_036009	756011
2467	NC_036021	1671323
2165	NC_036040	77070
1371	NC_036072	2041127
1330	NC_036073	210362
1419	NC_036084	54173
1281	NC_036085	268274
1543	NC_036086	2041112
1209	NC_036087	2041113
1543	NC_036088	2041114
1534	NC_036089	2041116
1543	NC_036090	2041117
1534	NC_036091	2041119
513	NC_036093	2041121
1543	NC_036094	2041122
1371	NC_036096	2041123
529	NC_036099	151065
1870	NC_036100	1245227
2335	NC_036102	200492
1470	NC_036105	884146
1188	NC_036109	1915067
2010	NC_036133	23207
849	NC_036134	2041848
1160	NC_036135	1592219
1132	NC_036136	555432
939	NC_036140	555431
939	NC_036141	1348122
939	NC_036142	2041849
785	NC_036143	943101
1578	NC_036151	47091
2067	NC_036236	46147
2240	NC_036300	86990
1461	NC_036304	1705841
1470	NC_036336	226012
307	NC_036367	126418
2060	NC_036368	147045
385	NC_036370	1861770
1470	NC_036371	694578
1977	NC_036394	105667
349	NC_036395	2053062
1583	NC_036413	1492673
1655	NC_036414	405728
2035	NC_036424	308174
2154	NC_036487	714519
1162	NC_036490	2056418
1842	NC_036494	2056444
1584	NC_036495	2056445
1627	NC_036496	2056446
1584	NC_036497	2056447
1584	NC_036499	2056449
1567	NC_036500	2056450
1820	NC_036501	2056451
1628	NC_036502	2056452
1535	NC_036503	3013920
658	NC_036504	149405
2586	NC_036505	3661
2586	NC_036506	3662
1470	NC_036509	754097
1470	NC_036510	545888
1001	NC_036677	1939643
2359	NC_036718	75699
32	NC_036723	88034
756	NC_036733	337188
503	NC_036734	2004884
503	NC_036735	138044
770	NC_036736	205073
1133	NC_036743	2060074
196	NC_036751	109058
729	NC_036752	3516
551	NC_036753	109063
569	NC_036754	253216
748	NC_036756	253218
514	NC_036757	109069
729	NC_036758	109072
1923	NC_036762	161753
1470	NC_036764	103352
2608	NC_036807	3673
1140	NC_036810	4214
2482	NC_036828	51020
0	NC_036829	66656
1163	NC_036830	4443
643	NC_036831	2045230
643	NC_036832	2045231
643	NC_036833	717594
843	NC_036929	167760
468	NC_036930	103489
385	NC_036936	1967285
468	NC_036941	2029655
393	NC_036942	1684752
162	NC_036943	1970665
610	NC_036965	41550
5	NC_036966	688286
5	NC_036967	92907
1694	NC_036968	1000418
2504	NC_036971	53159
2336	NC_036972	53161
2011	NC_036977	286986
2370	NC_036978	246360
346	NC_036979	2057968
490	NC_036980	2057972
353	NC_036981	2057969
307	NC_036982	55183
354	NC_036983	126540
406	NC_036984	2057970
346	NC_036985	495751
491	NC_036986	2057971
377	NC_036987	34270
971	NC_037000	86741
971	NC_037001	86742
971	NC_037002	86744
971	NC_037003	1185392
971	NC_037004	2732320
946	NC_037005	114509
1210	NC_037021	1736113
1999	NC_037022	2080251
439	NC_037171	490838
1132	NC_037179	1348125
1113	NC_037184	86148
1695	NC_037194	640772
667	NC_037211	47965
2165	NC_037223	179741
1744	NC_037226	2029557
1710	NC_037227	2029656
1744	NC_037228	2029556
1710	NC_037229	2029555
1744	NC_037230	353929
1744	NC_037231	2029554
1744	NC_037232	353931
349	NC_037242	197122
297	NC_037250	179994
413	NC_037251	124947
2517	NC_037358	3818
477	NC_037362	587579
1037	NC_037388	344871
411	NC_037389	2100050
2543	NC_037392	148910
1988	NC_037410	210376
2135	NC_037412	124846
2321	NC_037413	351344
2195	NC_037414	1085088
2195	NC_037415	113624
2165	NC_037416	3691
2195	NC_037417	492479
2192	NC_037418	295327
2195	NC_037419	179740
2195	NC_037420	2107771
2195	NC_037421	242124
2334	NC_037422	75708
2359	NC_037423	2107772
2359	NC_037424	426352
2359	NC_037425	2107773
2334	NC_037426	688348
2359	NC_037427	1244996
2359	NC_037428	891976
2359	NC_037429	2107774
304	NC_037442	201012
478	NC_037443	325641
439	NC_037446	38873
1628	NC_037455	2099405
1628	NC_037456	2099417
1627	NC_037457	1676596
1627	NC_037458	2099428
1628	NC_037459	2099437
1751	NC_037460	353977
1659	NC_037461	3013917
2166	NC_037462	140035
83	NC_037471	371727
1163	NC_037472	450940
1342	NC_037473	1233953
1394	NC_037477	1813010
820	NC_037482	328402
867	NC_037483	41486
867	NC_037484	69404
848	NC_037489	2049519
848	NC_037490	1053105
805	NC_037491	128588
771	NC_037494	45325
2406	NC_037605	1408201
116	NC_037696	2768810
1189	NC_037705	516549
920	NC_037706	1974217
2364	NC_037726	63345
2558	NC_037748	107604
2511	NC_037753	28529
2136	NC_037759	261447
1262	NC_037762	183789
2669	NC_037765	653098
2482	NC_037830	198035
1989	NC_037849	1501231
1977	NC_037850	983195
48	NC_037903	35933
1004	NC_037951	224736
2537	NC_037952	134526
1546	NC_037953	486689
1345	NC_037954	2137014
2574	NC_037955	179998
643	NC_037956	109558
643	NC_037957	109559
643	NC_037958	2211419
643	NC_037959	462407
643	NC_037960	1783558
797	NC_037994	44683
2322	NC_038062	4138
32	NC_038092	2267876
32	NC_038093	2267877
2036	NC_038118	159424
32	NC_038131	2267878
1010	NC_038181	182298
1104	NC_038203	460778
2389	NC_038222	126820
2586	NC_038229	3663
446	NC_039127	139401
252	NC_039128	143389
572	NC_039129	139403
34	NC_039130	78607
2524	NC_039159	37660
2524	NC_039160	79078
2524	NC_039161	79081
1219	NC_039178	194712
1669	NC_039180	397273
1122	NC_039346	1117039
850	NC_039347	2108135
2559	NC_039349	1271610
814	NC_039352	186954
2482	NC_039371	47742
2069	NC_039374	416286
1750	NC_039379	97309
814	NC_039381	186955
814	NC_039382	711536
814	NC_039383	1798769
814	NC_039384	2291087
814	NC_039385	262729
1812	NC_039391	50123
286	NC_039395	375264
291	NC_039412	1879227
291	NC_039413	2304587
1182	NC_039414	1097642
323	NC_039415	1879258
253	NC_039416	1097620
254	NC_039417	1670882
2487	NC_039418	1642859
344	NC_039428	1266318
344	NC_039429	58330
2671	NC_039433	46969
1619	NC_039452	714493
1784	NC_039454	2038704
1790	NC_039456	174170
436	NC_039457	113208
436	NC_039458	304161
1739	NC_039465	387290
1643	NC_039542	2011089
570	NC_039554	665996
570	NC_039556	268844
273	NC_039557	2042888
1238	NC_039568	2304166
1311	NC_039569	34289
1311	NC_039570	34291
1468	NC_039577	231641
1439	NC_039578	1857146
1620	NC_039579	748691
1442	NC_039580	640775
457	NC_039592	67918
251	NC_039597	87676
291	NC_039598	488919
323	NC_039599	666133
291	NC_039600	329777
291	NC_039601	488922
414	NC_039602	404689
323	NC_039603	666132
244	NC_039604	329803
291	NC_039605	329779
368	NC_039606	115666
369	NC_039607	329772
323	NC_039608	205524
291	NC_039609	329765
254	NC_039610	329798
323	NC_039611	329760
872	NC_039620	590039
237	NC_039622	41782
2060	NC_039624	106572
1010	NC_039626	674062
1508	NC_039634	1304680
2120	NC_039635	1503374
1471	NC_039636	51255
1508	NC_039637	2306360
1465	NC_039638	486690
1010	NC_039645	147926
1037	NC_039647	637485
571	NC_039651	112879
2478	NC_039668	398306
2126	NC_039677	63353
1481	NC_039678	2079031
1470	NC_039680	96939
1470	NC_039681	345149
1470	NC_039682	754098
1470	NC_039683	390140
1470	NC_039684	2983818
1643	NC_039690	748702
243	NC_039692	40320
243	NC_039693	165788
243	NC_039694	113210
243	NC_039695	241756
940	NC_039718	128653
379	NC_039725	103484
1331	NC_039726	63051
1551	NC_039728	63056
1114	NC_039729	63060
2096	NC_039732	1603294
1579	NC_039734	63057
1989	NC_039735	151430
2478	NC_039748	516548
479	NC_039749	167379
64	NC_039752	99437
226	NC_039756	54415
1481	NC_039761	1279188
2228	NC_039763	1472306
1122	NC_039774	2448053
499	NC_039781	608811
1470	NC_039782	1239141
1470	NC_039783	3605
1470	NC_039784	246827
1470	NC_039785	153476
1470	NC_039786	754104
1470	NC_039787	754105
1470	NC_039788	1046264
1470	NC_039789	228411
1470	NC_039790	2448766
1470	NC_039791	754102
1470	NC_039792	754101
1470	NC_039793	103355
1470	NC_039794	1051312
1470	NC_039795	754099
1470	NC_039796	345147
1470	NC_039797	1749390
1470	NC_039798	1046261
1470	NC_039799	2448764
1470	NC_039800	754096
1470	NC_039801	1046257
1470	NC_039802	1046255
1470	NC_039803	345145
1470	NC_039804	1755456
1470	NC_039805	103353
1470	NC_039806	1239137
688	NC_039816	176866
32	NC_039817	2479193
1620	NC_039845	748699
1643	NC_039846	231665
1735	NC_039924	137435
2661	NC_039930	3517
772	NC_039932	2051892
822	NC_039933	13258
32	NC_039934	12990
32	NC_039935	12991
32	NC_039936	176857
32	NC_039937	2306214
32	NC_039938	139404
32	NC_039939	176864
946	NC_039941	1185390
468	NC_039972	2486373
1784	NC_039974	2038705
1544	NC_039975	122812
1342	NC_039992	216994
2535	NC_039993	223244
1342	NC_039994	78630
2641	NC_039995	216989
1342	NC_039996	38787
32	NC_039997	176859
32	NC_039998	80751
32	NC_039999	2035532
34	NC_040000	754787
34	NC_040001	176868
2445	NC_040009	459165
702	NC_040106	1779285
1073	NC_040110	99064
1989	NC_040125	151332
1912	NC_040126	415155
1896	NC_040170	106556
718	NC_040178	4102
2509	NC_040864	1370057
2195	NC_040866	118781
2195	NC_040867	2501770
2192	NC_040868	1393206
2195	NC_040869	2501769
2195	NC_040870	2501768
2068	NC_040871	550460
2195	NC_040872	2501767
2195	NC_040873	2501766
2195	NC_040874	688333
1037	NC_040920	1478181
2195	NC_040928	3690
2195	NC_040929	3696
2057	NC_040934	54820
1420	NC_040937	79615
719	NC_040938	63102
515	NC_040939	4373
1762	NC_040943	189791
1134	NC_040944	138902
1263	NC_040946	1904701
1263	NC_040947	2518633
1056	NC_040951	2518635
2195	NC_040953	2040574
946	NC_040954	86739
1384	NC_040959	638627
1389	NC_040961	180558
1345	NC_040962	447670
1465	NC_040963	447669
780	NC_040964	29746
1028	NC_040984	48391
612	NC_040988	873093
572	NC_040995	2501417
882	NC_041080	1642853
2604	NC_041088	3677
671	NC_041103	1173001
720	NC_041104	1700993
571	NC_041110	112863
184	NC_041113	63744
269	NC_041119	149022
860	NC_041132	153521
954	NC_041133	167990
954	NC_041134	167987
1711	NC_041149	153762
2652	NC_041159	434245
1029	NC_041164	568080
1784	NC_041166	1137891
2644	NC_041200	887860
2646	NC_041201	330163
1270	NC_041235	3535
1320	NC_041239	76025
2581	NC_041240	325515
843	NC_041252	28929
1030	NC_041258	714108
1338	NC_041259	860309
1752	NC_041261	2054445
1736	NC_041262	2152776
2046	NC_041264	766930
158	NC_041266	146096
941	NC_041267	240055
2211	NC_041269	313220
1864	NC_041270	426457
1683	NC_041271	150983
154	NC_041272	363212
973	NC_041275	85172
1230	NC_041280	107607
2643	NC_041293	3589
516	NC_041294	46112
1190	NC_041295	107587
192	NC_041296	3530
2250	NC_041297	3538
2272	NC_041298	3592
1978	NC_041299	3583
892	NC_041300	3533
1871	NC_041413	1399668
2349	NC_041414	1227758
2367	NC_041415	363211
2302	NC_041416	117583
2555	NC_041417	46142
149	NC_041418	169268
2268	NC_041419	47082
1833	NC_041420	185001
1530	NC_041421	185002
1803	NC_041424	2315787
1536	NC_041432	3735
2582	NC_041433	77060
946	NC_041435	85868
603	NC_041436	28525
843	NC_041437	28930
349	NC_041438	190243
955	NC_041439	126635
81	NC_041441	82439
1406	NC_041442	1603844
2509	NC_041449	32201
2518	NC_041455	158573
823	NC_041458	261786
1999	NC_041461	309349
1784	NC_041462	2035848
504	NC_041463	56029
1112	NC_041467	182324
1112	NC_041468	182323
1088	NC_041469	182310
1088	NC_041470	941575
1088	NC_041471	941570
1088	NC_041472	941573
1010	NC_041473	182300
1936	NC_041474	1882389
1913	NC_041475	944281
2399	NC_041476	640773
1468	NC_041477	1111104
2672	NC_041478	1055743
2666	NC_041479	1686258
240	NC_041483	435377
305	NC_041484	2483298
191	NC_041488	41786
370	NC_041492	2545981
1088	NC_041509	2545962
1219	NC_041510	197077
2337	NC_041526	387928
1702	NC_041530	93606
1753	NC_041532	3449
2665	NC_041535	168836
1355	NC_041536	93211
1017	NC_041539	39106
2659	NC_041541	432642
2668	NC_041542	171908
2666	NC_041544	476039
270	NC_041550	66672
357	NC_041551	103871
357	NC_041552	50514
1313	NC_041581	191878
357	NC_041586	2082853
357	NC_041587	317814
357	NC_041588	856881
357	NC_041589	317815
447	NC_041590	561125
357	NC_041591	317818
357	NC_041592	315332
357	NC_041593	315334
357	NC_041594	73574
357	NC_041595	856884
357	NC_041596	205531
357	NC_041597	205532
357	NC_041598	172263
357	NC_041599	856892
357	NC_041600	2082851
357	NC_041601	160510
357	NC_041602	4108
357	NC_041603	317820
438	NC_041604	200525
357	NC_041605	1050191
357	NC_041606	172792
357	NC_041607	172797
357	NC_041608	1128165
357	NC_041609	610331
357	NC_041610	317826
347	NC_041611	856976
357	NC_041612	317824
357	NC_041613	172793
357	NC_041614	198039
357	NC_041615	73573
357	NC_041616	172794
357	NC_041617	856981
357	NC_041618	710640
357	NC_041619	445678
357	NC_041620	317829
357	NC_041621	710638
438	NC_041622	4115
357	NC_041623	317832
357	NC_041624	856984
357	NC_041625	172790
357	NC_041626	50273
347	NC_041627	62893
357	NC_041628	52705
357	NC_041629	172796
357	NC_041630	42755
357	NC_041631	257458
357	NC_041634	315348
223	NC_041637	1867291
780	NC_041648	287721
1010	NC_041672	2547459
1591	NC_041727	153875
1650	NC_042146	74614
2570	NC_042153	285590
40	NC_042160	1938265
43	NC_042161	1938269
2037	NC_042162	714457
2650	NC_042166	240045
2609	NC_042178	300888
2609	NC_042190	183944
1969	NC_042192	106567
2550	NC_042201	180069
571	NC_042204	112883
117	NC_042220	39279
30	NC_042221	48401
851	NC_042232	576365
1372	NC_042235	714442
1314	NC_042236	416091
146	NC_042239	183298
629	NC_042244	2507418
1000	NC_042246	945170
406	NC_042262	1296280
530	NC_042265	424909
394	NC_042269	1471837
394	NC_042270	126360
439	NC_042271	166594
314	NC_042272	84810
386	NC_042273	85216
406	NC_042275	2491098
406	NC_042276	2491099
179	NC_042277	41398
395	NC_042278	167908
423	NC_042279	126564
378	NC_042280	2563121
424	NC_042281	1382063
263	NC_042282	1085342
407	NC_042283	2491090
395	NC_042284	2491091
1380	NC_042369	141191
448	NC_042372	1489473
241	NC_042373	1296274
406	NC_042374	1489476
353	NC_042375	2491246
353	NC_042376	2563118
353	NC_042377	93977
552	NC_042381	50196
552	NC_042382	50191
552	NC_042383	43197
396	NC_042384	2491092
852	NC_042385	2491093
1883	NC_042386	2491094
346	NC_042387	2491095
491	NC_042388	2491101
2110	NC_042390	41241
24	NC_042400	2567863
2212	NC_042415	70937
1074	NC_042424	490843
557	NC_042425	1028355
406	NC_042426	992666
354	NC_042427	1081051
346	NC_042428	549149
612	NC_042443	355900
1813	NC_042444	113205
424	NC_042446	126361
424	NC_042447	126363
553	NC_042448	126403
397	NC_042449	38872
504	NC_042450	56040
439	NC_042451	56032
397	NC_042452	126421
353	NC_042453	126426
644	NC_042454	46072
354	NC_042455	126541
440	NC_042456	126542
348	NC_042457	126543
348	NC_042458	126547
354	NC_042459	126548
324	NC_042460	126553
425	NC_042461	323693
353	NC_042462	424906
353	NC_042463	424914
354	NC_042464	96521
472	NC_042465	126558
353	NC_042466	126561
449	NC_042467	126566
540	NC_042468	126368
2655	NC_042597	3775
1305	NC_042605	1611546
1305	NC_042606	1448044
1305	NC_042607	128741
1305	NC_042608	1448043
1305	NC_042609	1611549
1305	NC_042610	1611548
1305	NC_042611	41604
1305	NC_042612	1611547
1724	NC_042675	90346
1064	NC_042680	211003
1696	NC_042681	3522
942	NC_042696	128681
268	NC_042719	190524
45	NC_042720	593753
5	NC_042724	4217
1037	NC_042725	99046
1247	NC_042739	137004
1381	NC_042740	4378
1057	NC_042743	13573
1802	NC_042744	13419
1802	NC_042745	300218
2078	NC_042760	1165872
2025	NC_042766	168491
2025	NC_042767	2567862
353	NC_042782	389174
473	NC_042783	1539464
353	NC_042784	2491097
353	NC_042785	126416
1037	NC_042787	463594
1510	NC_042793	231643
2450	NC_042796	28511
159	NC_042798	381410
2221	NC_042821	130512
697	NC_042841	56147
458	NC_042842	66812
757	NC_042843	66818
2171	NC_042844	2576623
697	NC_042845	66815
697	NC_042846	66816
943	NC_042848	47084
1660	NC_042850	70962
832	NC_042851	70950
1616	NC_042852	70938
1089	NC_042853	70952
1607	NC_042854	70968
1660	NC_042855	70959
697	NC_042856	66807
2167	NC_042857	78534
974	NC_042884	241857
50	NC_042885	1686260
2656	NC_042889	1692140
2645	NC_042890	2576876
2645	NC_042892	2576877
2657	NC_042893	141187
96	NC_042894	162025
2656	NC_042896	2291130
2657	NC_042897	2576875
1443	NC_042898	141189
2591	NC_042899	122808
1855	NC_042906	2583285
2187	NC_042913	588669
1776	NC_042916	2358313
1629	NC_042917	2358314
1661	NC_042918	353927
1661	NC_042919	2358320
1710	NC_042920	2358327
1712	NC_042932	2358312
1712	NC_042933	545665
1662	NC_042934	2358322
2481	NC_042944	1196480
80	NC_042954	1501482
531	NC_043793	2559493
2636	NC_043796	228647
1785	NC_043797	1053376
689	NC_043798	2559495
590	NC_043799	40015
25	NC_043800	2042419
10	NC_043801	66689
1264	NC_043802	1087073
579	NC_043803	178107
2583	NC_043805	216165
781	NC_043806	260119
123	NC_043807	597418
1239	NC_043809	672974
1058	NC_043811	2559496
1475	NC_043828	1857150
961	NC_043835	466072
1018	NC_043842	13427
242	NC_043857	168161
379	NC_043858	103485
426	NC_043862	155636
1552	NC_043863	2590898
1699	NC_043867	1267433
504	NC_043874	56036
2359	NC_043878	439901
2623	NC_043881	190515
2403	NC_043882	244311
1937	NC_043885	2590034
1872	NC_043886	312358
2155	NC_043896	124850
1989	NC_043901	36596
2060	NC_043902	106563
1394	NC_043912	325278
26	NC_043919	289766
1750	NC_043921	378228
554	NC_043925	300536
1834	NC_043926	232787
20	NC_043927	2341012
695	NC_043952	45211
695	NC_043953	44589
695	NC_043954	44684
2366	NC_044073	2172029
1970	NC_044102	336055
415	NC_044106	1679311
1771	NC_044123	136465
1175	NC_044156	637479
1697	NC_044183	418402
1572	NC_044185	1744888
2359	NC_044419	2511006
5	NC_044423	2595066
2068	NC_044462	1550601
773	NC_044471	258461
1745	NC_044477	1898808
1346	NC_044667	43545
867	NC_044671	265785
411	NC_044680	425823
1977	NC_044701	42229
1001	NC_044726	238948
1001	NC_044727	254922
767	NC_044728	2596707
1001	NC_044729	2596706
767	NC_044730	947918
1001	NC_044731	254923
1001	NC_044732	137894
1001	NC_044733	378318
767	NC_044734	378327
1001	NC_044735	2596705
1001	NC_044736	238946
1001	NC_044737	2596708
1001	NC_044738	254911
767	NC_044739	238943
1321	NC_044767	2606559
1395	NC_044779	2294062
986	NC_044795	58656
1585	NC_044797	193468
2630	NC_044799	86842
2610	NC_044800	989269
1398	NC_044801	230031
1515	NC_044802	77620
1379	NC_044804	346431
1379	NC_044805	346429
1516	NC_044806	123676
1349	NC_044807	604165
2409	NC_044808	39326
861	NC_044826	161874
893	NC_044827	60116
1399	NC_044829	52833
1350	NC_044830	193483
1598	NC_044831	193494
1393	NC_044832	86875
1351	NC_044833	108595
1431	NC_044834	123682
1407	NC_044835	23101
1482	NC_044836	152292
1586	NC_044837	230032
1289	NC_044838	228042
1491	NC_044839	228060
944	NC_044840	16897
1368	NC_044841	152286
1399	NC_044842	860753
1347	NC_044843	1623353
698	NC_044844	55377
1075	NC_044845	185766
903	NC_044846	16911
2599	NC_044847	228628
1342	NC_044852	659875
883	NC_044864	2047775
1977	NC_044965	140661
1573	NC_045041	374708
1265	NC_045043	180068
163	NC_045045	370638
1141	NC_045046	180562
1408	NC_045047	180073
1400	NC_045048	180074
1019	NC_045049	626364
1421	NC_045050	180067
1059	NC_045051	59180
1322	NC_045052	19953
1356	NC_045053	86867
1265	NC_045054	105883
1315	NC_045055	179859
1363	NC_045056	77623
1211	NC_045062	432674
1357	NC_045063	486693
1031	NC_045064	486661
2338	NC_045070	858915
904	NC_045071	2479786
1037	NC_045093	669130
1154	NC_045096	1691898
591	NC_045098	1073919
450	NC_045099	55383
630	NC_045100	59982
2487	NC_045106	499992
2432	NC_045108	2138330
1545	NC_045111	59970
730	NC_045112	2508515
619	NC_045113	1341709
749	NC_045114	2650784
749	NC_045115	2650783
712	NC_045116	2650782
580	NC_045117	2650785
580	NC_045118	2650786
2574	NC_045193	2589404
930	NC_045211	13708
1483	NC_045219	134525
1750	NC_045230	2491139
2071	NC_045233	2664490
2071	NC_045234	2664491
2087	NC_045235	1679365
883	NC_045251	2654222
1212	NC_045252	545644
848	NC_045253	2291132
1298	NC_045254	344093
1090	NC_045256	128639
1117	NC_045257	2654224
750	NC_045258	155293
966	NC_045259	155294
905	NC_045261	2654225
1135	NC_045262	155295
1063	NC_045263	1715696
853	NC_045264	155296
1115	NC_045265	2654226
853	NC_045266	2654223
966	NC_045268	128701
90	NC_045272	218618
76	NC_045273	1280383
1470	NC_045281	231512
306	NC_045284	197121
1037	NC_045286	72351
572	NC_045287	78632
572	NC_045288	126981
446	NC_045289	126986
446	NC_045290	101193
631	NC_045291	126984
572	NC_045292	13452
659	NC_045295	191917
2357	NC_045296	191891
1249	NC_045298	20342
292	NC_045299	162940
1763	NC_045302	126914
2660	NC_045303	397272
2653	NC_045304	192999
1470	NC_045307	2599121
1971	NC_045308	106550
1938	NC_045309	2675841
2079	NC_045310	2675844
2097	NC_045311	141003
2084	NC_045312	52522
2069	NC_045313	52521
2069	NC_045314	32219
2069	NC_045315	35968
2069	NC_045316	52524
2069	NC_045317	52529
2069	NC_045318	1143211
2069	NC_045319	1768849
2069	NC_045320	52536
2127	NC_045321	141002
1924	NC_045322	32231
1990	NC_045323	1898940
2188	NC_045324	133198
2084	NC_045325	36614
2551	NC_045326	2675837
1791	NC_045327	2675839
2551	NC_045328	2675838
1791	NC_045329	2675840
2381	NC_045330	36624
1942	NC_045331	140999
2381	NC_045332	2675834
2026	NC_045333	2675835
2381	NC_045334	398295
2060	NC_045335	193303
2009	NC_045336	23211
2060	NC_045337	36622
2358	NC_045338	2675831
2276	NC_045339	690323
2276	NC_045340	690309
2276	NC_045341	690318
2483	NC_045342	1603823
1874	NC_045343	2980405
2084	NC_045344	661343
2483	NC_045345	1581416
2483	NC_045346	589999
2436	NC_045347	1581417
2131	NC_045348	2024535
2131	NC_045349	590000
2416	NC_045350	2675829
2416	NC_045351	2675836
1942	NC_045352	661344
1942	NC_045353	2675832
1942	NC_045354	2675833
1914	NC_045355	661349
2311	NC_045356	690313
2276	NC_045357	690320
2273	NC_045358	1248458
2311	NC_045359	2675830
2060	NC_045389	106549
1969	NC_045390	106567
2008	NC_045391	36594
2433	NC_045392	36604
2047	NC_045393	106557
2165	NC_045396	1393200
1972	NC_045398	86642
432	NC_045403	2676863
1725	NC_045405	542673
2060	NC_045409	2654653
2060	NC_045410	106547
1915	NC_045411	193308
1915	NC_045412	661356
1915	NC_045413	2109368
2047	NC_045414	1826815
2128	NC_045415	36610
1915	NC_045416	664754
1915	NC_045417	1826816
1971	NC_045418	2906878
1971	NC_045419	193300
1999	NC_045420	36618
1904	NC_045421	2305213
2008	NC_045422	661346
1873	NC_045423	193503
1874	NC_045424	3095559
770	NC_045513	138043
503	NC_045514	138033
612	NC_045527	1895586
2276	NC_045840	2704055
1746	NC_045850	1848406
1455	NC_045855	1577577
2080	NC_045859	1085434
1770	NC_045868	206227
721	NC_045873	229543
1739	NC_045878	231669
1663	NC_045879	168002
632	NC_045887	124768
1937	NC_045898	179723
1484	NC_045908	387930
2027	NC_045909	387291
1739	NC_045910	387294
1973	NC_045919	1009479
1764	NC_045925	349097
1630	NC_045926	217073
1432	NC_045946	37565
1824	NC_045947	39860
483	NC_046018	62097
883	NC_046019	119260
581	NC_046040	413731
1044	NC_046054	86738
307	NC_046065	2706573
1154	NC_046385	1045248
379	NC_046388	38942
1974	NC_046396	49801
1259	NC_046397	65043
2388	NC_046409	41386
1650	NC_046414	2714159
894	NC_046415	170924
2534	NC_046427	91226
2534	NC_046428	91225
2534	NC_046429	2762697
2534	NC_046430	85252
2534	NC_046431	210135
2507	NC_046432	91219
2534	NC_046433	91209
2505	NC_046434	139932
2509	NC_046435	1370056
2563	NC_046436	2527819
2350	NC_046463	1603698
2625	NC_046482	2695833
2177	NC_046486	40007
612	NC_046487	47968
612	NC_046488	2099523
1664	NC_046493	1641298
2481	NC_046503	2709852
806	NC_046512	77555
690	NC_046513	77563
722	NC_046514	502135
1248	NC_046515	2710671
1248	NC_046516	89039
1037	NC_046571	1027791
271	NC_046574	376207
2529	NC_046575	400493
385	NC_046583	2231306
2566	NC_046599	1112105
1988	NC_046687	112819
2111	NC_046693	76276
546	NC_046695	137226
1010	NC_046699	2547915
144	NC_046700	4013
1977	NC_046742	552838
824	NC_046744	2099537
824	NC_046745	2099541
807	NC_046746	1226112
808	NC_046747	2714546
1002	NC_046755	2714856
1316	NC_046758	210369
1060	NC_046760	13547
1975	NC_046761	426459
645	NC_046770	166115
635	NC_046771	690494
1984	NC_046777	1826813
1433	NC_046781	516069
895	NC_046782	237951
1960	NC_046785	2291104
83	NC_046786	289741
1186	NC_046787	176602
1003	NC_046788	290911
1875	NC_046789	72917
1142	NC_046793	42337
2148	NC_046796	13363
1266	NC_046827	13423
931	NC_046828	51277
5	NC_046830	41648
2276	NC_046834	2716537
62	NC_046837	255348
782	NC_046841	329875
1020	NC_046844	68535
107	NC_046846	152355
2290	NC_046847	2575400
1401	NC_046848	212710
1369	NC_046854	326839
987	NC_046855	210344
2612	NC_046857	386184
2587	NC_046858	386182
1317	NC_046859	383665
2564	NC_046860	198836
2565	NC_046861	386150
2490	NC_046862	229694
2626	NC_046863	386243
2567	NC_046864	1054457
2600	NC_046865	463179
2595	NC_046866	654837
2604	NC_046867	1144424
2588	NC_046868	1144436
2621	NC_046869	386639
1713	NC_046870	387129
1032	NC_046871	2806871
2627	NC_046872	703387
1042	NC_046873	386173
2619	NC_046874	386154
2604	NC_046875	685060
2604	NC_046876	386201
2595	NC_046882	1144464
2595	NC_046883	1144448
2567	NC_046884	1144454
2622	NC_046885	2613913
1282	NC_046892	282178
398	NC_046893	51286
158	NC_046939	3541
670	NC_046947	152138
904	NC_047059	3897
1726	NC_047060	191923
1682	NC_047061	20340
427	NC_047175	4068
437	NC_047176	180581
1342	NC_047177	312783
1210	NC_047181	1968120
975	NC_047182	241935
1091	NC_047183	1566870
1076	NC_047193	2717818
1124	NC_047194	2717819
2509	NC_047200	139926
2229	NC_047213	512756
956	NC_047215	161272
2647	NC_047226	244509
428	NC_047230	167386
451	NC_047245	126910
169	NC_047249	219868
1709	NC_047251	339493
398	NC_047252	980009
272	NC_047253	980005
272	NC_047254	51271
398	NC_047255	980024
272	NC_047256	980027
272	NC_047257	980025
398	NC_047258	980010
398	NC_047259	980011
398	NC_047260	2652311
272	NC_047261	980023
272	NC_047262	980028
272	NC_047263	51266
398	NC_047264	980007
398	NC_047265	980018
272	NC_047266	980021
398	NC_047267	980002
272	NC_047268	980003
758	NC_047269	293806
398	NC_047270	980006
854	NC_047271	159691
2088	NC_047272	159689
398	NC_047273	980017
398	NC_047274	980015
272	NC_047275	980026
398	NC_047276	51274
398	NC_047277	980020
398	NC_047278	51267
521	NC_047281	66093
713	NC_047282	66096
399	NC_047296	134799
2195	NC_047300	1593301
1065	NC_047308	301880
1065	NC_047309	118510
1925	NC_047310	48131
1202	NC_047314	241839
1085	NC_047315	199163
1077	NC_047316	46664
1323	NC_047317	162694
1021	NC_047318	247900
1116	NC_047319	191919
1033	NC_047320	162690
2089	NC_047321	54894
809	NC_047322	327148
988	NC_047324	2082043
2328	NC_047325	301889
1339	NC_047327	162646
1249	NC_047328	162898
2571	NC_047329	162644
1566	NC_047330	205059
1202	NC_047332	162730
1202	NC_047333	2806813
592	NC_047334	32252
1792	NC_047335	162878
1939	NC_047336	162812
2517	NC_047337	130453
400	NC_047338	450042
2149	NC_047339	2723578
1358	NC_047340	1125162
505	NC_047342	149693
1650	NC_047343	74613
2274	NC_047344	1641295
1318	NC_047346	508915
1125	NC_047348	1536788
731	NC_047349	149639
989	NC_047351	162923
2003	NC_047352	256639
1101	NC_047353	539102
691	NC_047354	1679269
1402	NC_047355	1358851
582	NC_047356	32244
1260	NC_047357	2723574
1043	NC_047358	1911668
1306	NC_047360	1234621
1409	NC_047361	162704
2149	NC_047362	323100
517	NC_047363	948959
1039	NC_047364	468142
2312	NC_047366	346951
1568	NC_047367	162876
759	NC_047368	72433
705	NC_047369	66094
1203	NC_047372	140951
1029	NC_047374	162772
2012	NC_047375	49825
1231	NC_047376	1268648
1804	NC_047377	2723577
1143	NC_047379	162936
1599	NC_047380	191881
1560	NC_047381	2184280
1537	NC_047382	206309
1220	NC_047386	1387641
1250	NC_047387	321570
2004	NC_047388	162715
2081	NC_047390	2723576
1282	NC_047391	2723575
522	NC_047392	53827
1456	NC_047393	104316
1061	NC_047394	162783
2639	NC_047395	149681
1164	NC_047396	162669
1039	NC_047398	3089646
2129	NC_047399	114317
1856	NC_047400	948715
906	NC_047401	2723579
946	NC_047409	86768
1155	NC_047412	57577
2534	NC_047415	2725380
1777	NC_047416	265497
2575	NC_047437	16752
2045	NC_047442	88123
1434	NC_047443	105885
617	NC_047446	76036
1154	NC_047450	200056
1266	NC_047460	99072
1266	NC_047461	133254
98	NC_047468	155022
161	NC_047473	685943
1855	NC_047474	293060
1950	NC_047476	141317
2453	NC_047477	296036
2213	NC_047478	930814
402	NC_047481	354624
1517	NC_047482	903998
355	NC_047484	389109
441	NC_047485	389179
896	NC_047594	138017
1126	NC_048450	41570
769	NC_048452	50207
1044	NC_048453	86754
1044	NC_048460	114511
1004	NC_048464	2719321
125	NC_048478	4189
385	NC_048488	97702
353	NC_048503	126554
307	NC_048504	329231
2437	NC_048508	2727856
1650	NC_048509	74709
769	NC_048510	50193
1511	NC_048512	2684401
242	NC_048513	2727858
467	NC_048515	304153
1382	NC_048518	3638
119	NC_048524	1501466
1977	NC_048528	1642855
2125	NC_048886	1170223
1144	NC_048890	210382
2624	NC_048891	217619
1587	NC_048952	210363
862	NC_048954	155299
946	NC_048958	2735986
946	NC_048959	2735990
971	NC_048960	2735985
2260	NC_048975	482968
848	NC_048978	344096
49	NC_048982	300208
1940	NC_048985	227914
1064	NC_048992	101471
946	NC_048993	152188
990	NC_048996	201010
1905	NC_049000	211926
37	NC_049005	1170580
2058	NC_049048	705301
99	NC_049060	298668
68	NC_049061	298670
2070	NC_049078	86994
1981	NC_049080	1071187
1981	NC_049081	2741211
1976	NC_049082	100170
1981	NC_049083	108278
2500	NC_049084	1071199
1522	NC_049086	83951
540	NC_049090	178765
2060	NC_049113	106568
2483	NC_049114	2741545
775	NC_049126	1779279
813	NC_049127	47963
193	NC_049129	145756
2303	NC_049130	1799599
52	NC_049131	298664
938	NC_049132	3128859
938	NC_049133	364024
1213	NC_049137	655494
1213	NC_049138	1313104
1213	NC_049139	1312016
1136	NC_049140	467326
1136	NC_049141	1072386
1136	NC_049142	1312015
1136	NC_049143	2604358
1136	NC_049144	1202985
1136	NC_049145	1217313
1213	NC_049146	2604359
1213	NC_049147	467327
1213	NC_049148	1428772
1213	NC_049149	1312017
1005	NC_049157	179843
611	NC_049162	134796
646	NC_049163	168562
826	NC_049164	168564
611	NC_049165	171213
957	NC_049166	2745143
633	NC_049167	134798
1037	NC_049570	2742980
1037	NC_049571	2742981
1037	NC_049572	637488
2511	NC_049582	1799556
2423	NC_049587	202778
1884	NC_049589	359865
1052	NC_049613	97989
1078	NC_049616	1819373
2202	NC_049621	202635
2433	NC_049863	2054446
839	NC_049867	35926
2124	NC_049875	2754055
468	NC_049876	103490
379	NC_049877	213178
868	NC_049884	665685
1232	NC_049885	159372
723	NC_049886	50309
723	NC_049887	50314
723	NC_049888	50323
774	NC_049889	52501
699	NC_049897	2777731
916	NC_050043	1080004
5	NC_050046	2039307
1236	NC_050048	479794
2230	NC_050054	1046566
958	NC_050055	103745
2060	NC_050059	106566
442	NC_050061	2066556
442	NC_050062	384659
442	NC_050063	240005
2507	NC_050065	1141591
921	NC_050158	565441
921	NC_050159	171763
1825	NC_050161	1862659
593	NC_050169	418041
872	NC_050171	325546
357	NC_050204	1050191
357	NC_050205	875672
357	NC_050206	2650462
357	NC_050207	80418
357	NC_050208	136614
357	NC_050209	682313
357	NC_050210	875673
946	NC_050211	215544
645	NC_050243	110763
1156	NC_050244	690499
416	NC_050245	175050
585	NC_050248	2021928
820	NC_050250	67938
783	NC_050306	354528
2196	NC_050345	136111
959	NC_050346	1132458
1006	NC_050347	1755846
872	NC_050349	344085
960	NC_050351	1000413
2202	NC_050353	2759425
1010	NC_050354	1454363
1092	NC_050360	155287
1026	NC_050361	155290
750	NC_050362	344083
877	NC_050363	155300
848	NC_050364	344084
750	NC_050365	136122
848	NC_050366	1679282
862	NC_050367	344080
1117	NC_050368	943095
877	NC_050369	1679436
848	NC_050370	344110
1631	NC_050371	82930
1643	NC_050373	2759698
1010	NC_050388	542725
1010	NC_050389	648848
139	NC_050396	264979
315	NC_050650	155640
2329	NC_050663	380491
2293	NC_050667	71035
667	NC_050668	1779280
702	NC_050669	1779278
726	NC_050670	99155
612	NC_050671	291221
825	NC_050672	392739
907	NC_050673	369786
563	NC_050674	57650
1037	NC_050690	159697
1004	NC_050741	1190427
718	NC_050782	323115
1492	NC_050783	1030363
874	NC_050832	2291122
2578	NC_050853	54806
1517	NC_050860	90235
1517	NC_050861	747378
1961	NC_050872	944284
2189	NC_050917	171296
287	NC_050920	441205
140	NC_050922	339271
174	NC_050923	2773786
77	NC_050924	425106
429	NC_050925	1603842
1236	NC_050927	463880
2048	NC_050928	174650
1219	NC_050937	184572
525	NC_050939	171251
1384	NC_050941	486677
2082	NC_050944	2774153
657	NC_050949	354508
1472	NC_050952	255891
1485	NC_050953	86643
1504	NC_050954	2652540
1504	NC_050955	577428
1504	NC_050956	2292707
1449	NC_050957	2652455
1392	NC_050958	2652586
2373	NC_050959	3758
2417	NC_050962	981065
452	NC_050963	167434
452	NC_050972	58333
2613	NC_050975	147027
1001	NC_050977	2739505
1064	NC_050980	85854
1376	NC_050991	413484
2241	NC_050999	40000
1754	NC_051455	122310
307	NC_051493	205695
2614	NC_051498	184140
921	NC_051500	171880
1165	NC_051501	41633
2059	NC_051503	701338
946	NC_051512	2776144
2105	NC_051524	223878
1236	NC_051532	309429
333	NC_051533	2777457
612	NC_051542	1603687
1777	NC_051556	265496
19	NC_051557	2686033
2512	NC_051876	1653467
1558	NC_051877	1930050
732	NC_051878	1056460
594	NC_051885	47101
1977	NC_051894	2762727
1006	NC_051895	1679287
1006	NC_051896	1358781
1006	NC_051897	126737
1006	NC_051898	2762684
1006	NC_051899	2762685
1006	NC_051900	1358782
1006	NC_051901	1679288
1006	NC_051903	1345223
1006	NC_051904	1619366
1006	NC_051905	2762686
1006	NC_051906	1345225
1006	NC_051907	1358790
1006	NC_051908	1312777
1006	NC_051909	1358792
1006	NC_051910	128618
1006	NC_051911	1118771
1006	NC_051912	2762688
1006	NC_051913	128693
1006	NC_051914	3076337
1006	NC_051915	2762698
1006	NC_051916	2762699
1006	NC_051917	1358789
1022	NC_051919	43206
548	NC_051920	381722
548	NC_051921	381721
552	NC_051922	159709
545	NC_051923	381720
552	NC_051924	2913491
548	NC_051925	122535
545	NC_051926	396809
1941	NC_051946	2606425
1984	NC_051947	1826795
1684	NC_051949	50236
1600	NC_051954	162759
907	NC_051955	171881
760	NC_051956	169053
1533	NC_051958	171216
775	NC_051959	4025
595	NC_051960	4024
810	NC_051961	171218
1951	NC_051966	694369
2359	NC_051969	1508161
1373	NC_051971	212256
2038	NC_051972	170921
976	NC_051973	996393
991	NC_051991	265245
2074	NC_051992	714505
429	NC_051997	1679342
430	NC_052006	544656
255	NC_052007	2763562
2598	NC_052009	301862
141	NC_052696	204211
245	NC_052700	43711
2203	NC_052706	70945
408	NC_052718	237574
528	NC_052719	43166
298	NC_052728	334483
474	NC_052729	109355
1390	NC_052748	886264
1010	NC_052752	296050
397	NC_052770	490842
648	NC_052830	354523
767	NC_052846	137893
977	NC_052849	46385
1299	NC_052860	1853235
814	NC_052864	186957
197	NC_052867	219892
5	NC_052868	2762161
1960	NC_052877	1165891
1984	NC_052878	36599
1666	NC_052883	587679
961	NC_052884	217474
1006	NC_052917	1358797
2262	NC_052918	1196477
32	NC_052921	2058670
229	NC_052922	210332
1614	NC_052923	1234497
869	NC_053251	207834
813	NC_053258	2684904
1136	NC_053260	1202986
1213	NC_053261	661978
1213	NC_053262	467328
1213	NC_053263	1202987
1213	NC_053264	574894
1213	NC_053265	1312018
1233	NC_053266	1312019
1240	NC_053267	1312020
827	NC_053279	2770828
827	NC_053280	2770808
827	NC_053281	2770829
827	NC_053282	2770830
827	NC_053283	2770831
827	NC_053284	2770832
827	NC_053285	2770833
827	NC_053286	99452
827	NC_053287	2770835
827	NC_053288	2770836
827	NC_053289	2770837
827	NC_053290	2770838
827	NC_053291	2770822
827	NC_053292	2770823
827	NC_053293	99448
827	NC_053294	2770825
827	NC_053295	2770826
827	NC_053296	2770807
827	NC_053297	2770827
827	NC_053298	2770839
1007	NC_053299	1048901
827	NC_053300	684020
2468	NC_053322	147812
213	NC_053323	39993
189	NC_053324	3956
183	NC_053326	164936
415	NC_053327	260142
2632	NC_053328	507410
293	NC_053329	507437
843	NC_053352	63422
54	NC_053353	183220
53	NC_053354	1898876
53	NC_053355	1170222
1188	NC_053369	483871
1608	NC_053370	483869
1457	NC_053371	70973
2013	NC_053385	46961
932	NC_053386	622458
814	NC_053388	186951
2251	NC_053537	555433
1010	NC_053541	542727
2334	NC_053549	1413702
354	NC_053565	424905
2670	NC_053570	1277776
2178	NC_053571	1679389
700	NC_053572	2709
408	NC_053573	2709
2657	NC_053574	2778913
1499	NC_053576	272090
1359	NC_053577	272088
2601	NC_053578	1648219
1747	NC_053580	370663
1473	NC_053581	1044923
761	NC_053583	370656
506	NC_053584	486446
870	NC_053585	159014
761	NC_053591	1271606
555	NC_053592	175046
2602	NC_053593	2763000
762	NC_053594	175097
724	NC_053596	175057
556	NC_053599	2763002
639	NC_053600	175070
763	NC_053601	175101
564	NC_053602	175068
537	NC_053603	175096
2601	NC_053607	184996
1072	NC_053610	191082
847	NC_053618	904034
1010	NC_053622	542761
203	NC_053626	268494
138	NC_053627	183267
194	NC_053640	334460
1044	NC_053643	85855
1999	NC_053688	1881092
1771	NC_053689	1813458
408	NC_053690	159041
333	NC_053691	39388
1750	NC_053693	140662
1750	NC_053694	2854737
1383	NC_053698	176265
1070	NC_053700	185191
1991	NC_053701	43575
31	NC_053702	3631
1989	NC_053703	97319
2505	NC_053704	210133
2410	NC_053705	414033
695	NC_053713	2557522
2035	NC_053719	2731703
2035	NC_053720	2731702
2231	NC_053721	2304412
2028	NC_053722	1479339
2028	NC_053723	1205715
2035	NC_053724	2731706
5	NC_053725	416131
5	NC_053726	324586
5	NC_053727	196703
408	NC_053733	76966
2060	NC_053735	106558
1044	NC_053737	86758
237	NC_053741	161262
2462	NC_053765	32229
5	NC_053767	516546
618	NC_053773	60426
2509	NC_053774	60418
820	NC_053775	1752150
2137	NC_053776	1056476
820	NC_053777	2292708
1008	NC_053778	1056473
1008	NC_053779	1500038
1271	NC_053785	108868
126	NC_053792	374723
187	NC_053823	291326
70	NC_053824	298665
2029	NC_053827	1030150
2304	NC_053828	694358
1236	NC_053833	665979
1293	NC_053834	66385
1252	NC_053835	1045344
147	NC_053839	65557
518	NC_053845	2599109
978	NC_053851	82755
1044	NC_053860	86755
1176	NC_053862	573530
971	NC_053863	2779941
411	NC_053865	1679275
1777	NC_053866	71605
1236	NC_053895	309270
860	NC_053899	168121
264	NC_053902	377125
198	NC_053907	219895
1102	NC_053910	1530311
1290	NC_053911	1530314
1183	NC_053912	217757
409	NC_053913	1530320
1145	NC_053914	325761
1163	NC_053915	319927
63	NC_053916	690244
46	NC_053924	1799636
2451	NC_053931	648870
1364	NC_053933	714510
2637	NC_053934	3882
2150	NC_053955	595263
2644	NC_054154	240043
1907	NC_054155	416285
733	NC_054161	50192
871	NC_054162	66654
1103	NC_054163	210349
180	NC_054164	82404
349	NC_054165	1679331
1670	NC_054166	2785317
130	NC_054167	1898877
50	NC_054168	2303458
1062	NC_054169	2785316
1234	NC_054170	190249
122	NC_054171	1603843
1466	NC_054175	405732
2574	NC_054183	1345077
1444	NC_054185	347003
417	NC_054186	2785320
1044	NC_054188	86766
2071	NC_054193	2785437
1324	NC_054194	199175
1772	NC_054196	39321
2359	NC_054198	2785973
479	NC_054203	103480
539	NC_054204	21020
1157	NC_054213	2896795
1762	NC_054218	262211
1518	NC_054220	47651
2129	NC_054221	114324
751	NC_054222	1053410
230	NC_054233	108881
2014	NC_054238	1055022
2674	NC_054241	290952
1977	NC_054252	2789311
2098	NC_054253	151431
1977	NC_054254	151433
1962	NC_054256	53861
1434	NC_054265	180065
2337	NC_054280	416983
2252	NC_054283	1839802
1759	NC_054286	1085519
580	NC_054287	2790325
1309	NC_054294	568210
1719	NC_054307	241844
634	NC_054328	2792291
2015	NC_054329	3442
2030	NC_054330	261451
2049	NC_054331	261448
1468	NC_054335	2793139
119	NC_054337	1501458
2538	NC_054338	2789716
2525	NC_054339	344825
2552	NC_054340	344853
2538	NC_054341	2786967
2592	NC_054343	45185
2530	NC_054345	24776
163	NC_054349	643838
1384	NC_054350	638626
468	NC_054352	157796
2491	NC_054358	1032936
1010	NC_054365	147930
922	NC_056094	2839963
1004	NC_056104	1127660
1154	NC_056110	1691893
895	NC_056112	237939
118	NC_056129	68875
2513	NC_056134	344832
945	NC_056135	418267
431	NC_056137	66097
2129	NC_056139	70606
1857	NC_056141	54211
2584	NC_056145	126643
1010	NC_056149	542753
1037	NC_056150	147003
2279	NC_056151	1323965
702	NC_056164	355903
2403	NC_056169	1205734
1685	NC_056198	1082503
1857	NC_056199	488972
1012	NC_056202	134795
612	NC_056203	873086
775	NC_056204	66205
612	NC_056205	66207
801	NC_056206	66208
692	NC_056207	66209
702	NC_056208	57651
701	NC_056209	66210
612	NC_056210	1008897
826	NC_056211	2499985
725	NC_056212	291206
604	NC_056213	290838
612	NC_056214	47966
583	NC_056215	134797
775	NC_056216	171212
802	NC_056217	66211
826	NC_056218	168566
702	NC_056219	379323
726	NC_056220	1008898
826	NC_056221	168567
612	NC_056222	873090
702	NC_056223	168568
801	NC_056224	66214
583	NC_056225	349748
195	NC_056226	1779284
784	NC_056227	66215
583	NC_056228	75745
764	NC_056229	290839
726	NC_056230	886263
760	NC_056231	2291095
195	NC_056232	934069
784	NC_056233	57653
557	NC_056242	126436
129	NC_056244	310424
307	NC_056245	205689
2359	NC_056250	2795219
2197	NC_056251	77061
2359	NC_056252	285592
2359	NC_056253	75711
181	NC_056254	2794930
124	NC_056255	2794931
158	NC_056256	2259726
2593	NC_056260	167921
1771	NC_056266	552830
1410	NC_056268	218100
1952	NC_056278	228658
1267	NC_056295	210328
2294	NC_056301	72945
1489	NC_056311	2753871
358	NC_056312	2753879
417	NC_056313	2753881
2585	NC_056314	2753882
820	NC_056315	2753884
619	NC_056316	2753877
2016	NC_056319	2306254
1786	NC_056322	2753870
1897	NC_056338	1938959
2280	NC_056339	1620947
1898	NC_056340	2749921
1470	NC_056345	1046253
1470	NC_056346	1046262
1470	NC_056347	1306156
1470	NC_056348	882115
1992	NC_056353	196574
1637	NC_056357	50785
1835	NC_056362	1642861
1470	NC_056363	105599
2509	NC_056375	1370058
884	NC_056380	1400687
1435	NC_056383	3905
256	NC_056387	1008934
946	NC_056770	85856
1425	NC_056809	1053111
1117	NC_056810	1312037
1117	NC_056811	943094
1340	NC_056812	2606805
1117	NC_056813	2606807
1340	NC_056814	344078
1117	NC_056815	344079
1204	NC_056816	2291135
1117	NC_056817	2606808
2039	NC_056885	106546
2330	NC_056894	83906
1559	NC_056895	495260
2643	NC_056914	1535311
1104	NC_056917	460776
897	NC_056924	186965
867	NC_056949	2547412
218	NC_056951	1711277
1196	NC_056952	487998
1865	NC_056954	1310066
814	NC_056964	189220
338	NC_056973	43879
765	NC_056974	3064095
1517	NC_056975	483874
840	NC_056976	118693
1034	NC_056977	4089
840	NC_056978	200320
523	NC_056979	4090
1268	NC_056980	118710
1268	NC_056981	76336
920	NC_056984	85476
1508	NC_056986	447675
867	NC_056987	69405
2495	NC_056993	13525
1127	NC_056995	185774
780	NC_056999	2801951
1001	NC_057001	254927
56	NC_057003	29747
923	NC_057049	571348
1866	NC_057050	1603848
1272	NC_057051	316732
738	NC_057061	1798790
883	NC_057069	192326
1858	NC_057075	470706
153	NC_057077	82382
785	NC_057082	460770
1907	NC_057086	510735
432	NC_057088	37690
811	NC_057091	52822
2232	NC_057096	1048809
2368	NC_057105	2803976
2492	NC_057106	761861
841	NC_057107	2803980
933	NC_057108	520761
1066	NC_057115	587401
1575	NC_057118	1006137
1460	NC_057145	206307
1004	NC_057163	237933
2290	NC_057165	43073
827	NC_057171	2804998
855	NC_057172	2732723
827	NC_057173	2804999
827	NC_057174	2805000
827	NC_057175	2805001
827	NC_057176	2805002
827	NC_057177	2805003
827	NC_057178	2805004
827	NC_057179	2805005
827	NC_057180	2805006
827	NC_057181	2805007
827	NC_057182	2805008
883	NC_057187	64575
1756	NC_057189	2805417
1885	NC_057191	151258
1037	NC_057202	146996
1037	NC_057203	147002
962	NC_057205	927783
962	NC_057206	130285
848	NC_057217	1532343
1376	NC_057235	361442
74	NC_057237	1522117
1793	NC_057238	168488
214	NC_057245	45839
557	NC_057246	528268
468	NC_057248	2559504
1718	NC_057255	1052904
734	NC_057258	313552
1569	NC_057262	543392
1341	NC_057286	1623361
349	NC_057288	1219515
2359	NC_057289	2291161
863	NC_057293	681501
308	NC_057296	1136150
946	NC_057297	86721
1044	NC_057298	86762
1064	NC_057299	85871
1191	NC_057432	755258
109	NC_057434	32248
524	NC_057435	83819
150	NC_057439	197125
963	NC_057440	463589
2323	NC_057459	114995
2394	NC_057460	200947
838	NC_057461	73310
838	NC_057462	73298
945	NC_057464	130296
1455	NC_057481	2291152
2222	NC_057496	157934
1342	NC_057498	1685987
273	NC_057499	2773787
353	NC_057502	653727
2305	NC_057504	174652
1455	NC_057506	1616486
1555	NC_057507	454322
2424	NC_057526	169218
612	NC_057529	291223
2359	NC_057535	1382415
2624	NC_057560	3656
1969	NC_057587	709982
237	NC_057592	161269
2253	NC_057593	114476
848	NC_057605	943087
772	NC_057610	390502
883	NC_057619	460780
1001	NC_057621	446849
613	NC_057622	186970
1291	NC_057637	184983
1093	NC_057647	354507
1859	NC_057656	78529
1035	NC_057657	70966
1474	NC_057659	70975
1500	NC_057661	70936
1621	NC_057680	54229
1637	NC_057681	2726091
2261	NC_057682	85268
2237	NC_057683	76397
1023	NC_057956	147911
1010	NC_057957	147912
1010	NC_057958	2056232
29	NC_057978	190246
1374	NC_057986	2816899
453	NC_057990	178762
1492	NC_057991	860750
2050	NC_057993	189211
2083	NC_057994	167917
2359	NC_058001	2768116
828	NC_058010	1205801
1618	NC_058214	93770
1073	NC_058224	99038
829	NC_058225	130281
1794	NC_058231	1205770
752	NC_058237	1670841
830	NC_058238	2830725
739	NC_058239	1198337
1079	NC_058240	2830726
1874	NC_058241	2834524
2198	NC_058246	516545
1010	NC_058253	2830874
1010	NC_058254	2830873
1574	NC_058256	370647
1273	NC_058258	2834331
614	NC_058259	2834327
908	NC_058260	2834324
585	NC_058262	2834325
614	NC_058263	1044913
2290	NC_058267	2800577
1044	NC_058268	81865
1044	NC_058269	3407
971	NC_058270	1172173
971	NC_058271	86747
971	NC_058272	86748
2352	NC_058273	714451
1001	NC_058276	2834869
1968	NC_058278	266768
2195	NC_058279	3693
1177	NC_058305	3813
492	NC_058315	180580
2615	NC_058316	2614457
1221	NC_058319	46789
1309	NC_058323	536997
2172	NC_058325	167920
1501	NC_058326	1368223
1391	NC_058329	457135
584	NC_058330	1368226
1391	NC_058331	1737573
114	NC_058332	41381
418	NC_058333	694355
1436	NC_058334	2835933
1665	NC_058335	664368
2099	NC_058530	137223
1843	NC_058532	608807
1309	NC_058533	536985
2116	NC_058536	53863
2058	NC_058537	450028
2029	NC_058538	2696680
2029	NC_058539	106130
971	NC_058549	13606
971	NC_058550	86753
971	NC_058551	2872307
256	NC_058570	2872360
2380	NC_058571	1235666
585	NC_058572	2829159
237	NC_058573	161264
2456	NC_058574	1196495
2120	NC_058578	486666
2586	NC_058583	37645
2242	NC_058592	587664
21	NC_058595	109864
2254	NC_058605	2873315
924	NC_058613	75952
586	NC_058614	381730
660	NC_058615	283125
1437	NC_058617	66386
1553	NC_058619	146502
256	NC_058626	2873782
498	NC_058627	137220
532	NC_058645	415160
1010	NC_058646	147924
909	NC_058647	432629
737	NC_058649	210416
1696	NC_058688	29737
1063	NC_058689	1440069
883	NC_058690	1679399
2514	NC_058691	62615
2288	NC_058699	2293672
2560	NC_058700	1008927
785	NC_058706	325533
848	NC_058707	325534
1166	NC_058708	2049520
848	NC_058709	2830825
883	NC_058710	2821792
1104	NC_058711	2871784
1104	NC_058712	2871785
1104	NC_058713	460774
1104	NC_058714	325539
1104	NC_058715	1053125
1104	NC_058716	1043460
1104	NC_058717	136126
1104	NC_058718	943097
883	NC_058719	2821793
872	NC_058720	1679399
1104	NC_058721	325542
883	NC_058722	1043461
1104	NC_058723	2871786
992	NC_058724	2746698
872	NC_058725	2871787
872	NC_058726	2871788
1063	NC_058727	128687
872	NC_058728	2871789
872	NC_058729	325544
848	NC_058730	460787
785	NC_058731	2871790
1546	NC_058732	2875971
1118	NC_058735	1348128
44	NC_058743	1089802
1008	NC_058754	354531
91	NC_058755	261998
1044	NC_058758	2876856
1468	NC_058760	231658
468	NC_058778	1603713
661	NC_058796	73277
838	NC_058797	140109
838	NC_058798	73312
1462	NC_058799	586382
2390	NC_058809	2873722
2106	NC_058810	2762674
2168	NC_058811	1523614
2173	NC_058812	656700
2501	NC_058813	656699
1993	NC_058814	2873720
2193	NC_058815	1130759
2117	NC_058816	656694
2418	NC_058817	49036
2400	NC_058818	2058278
2275	NC_058819	2058280
1470	NC_058821	2877934
643	NC_058824	2211417
1614	NC_058825	2859862
1026	NC_058827	317035
1104	NC_058828	460781
872	NC_058829	1981914
2666	NC_058830	619227
2670	NC_058831	2775422
1342	NC_058835	1685984
2165	NC_058847	2754729
1010	NC_058853	542723
1010	NC_058854	2857521
1010	NC_058879	544492
1010	NC_058880	452973
1010	NC_058881	479407
1539	NC_058885	231648
776	NC_058889	167473
776	NC_058890	361614
538	NC_058891	361618
1467	NC_058892	137693
1907	NC_058896	2741994
1044	NC_058900	86765
1044	NC_058901	86764
1044	NC_058902	86759
1044	NC_058903	86756
2670	NC_058920	1277777
1010	NC_058924	1840594
2488	NC_058962	2880676
2359	NC_058984	2182728
2334	NC_058985	1413687
2359	NC_058986	1413699
672	NC_058987	185713
69	NC_058988	1501461
820	NC_058995	2306269
820	NC_058996	1056469
946	NC_058997	86735
500	NC_058999	416196
47	NC_059000	43861
673	NC_059001	1367312
81	NC_059003	1008932
17	NC_059004	1357590
194	NC_059005	2871446
468	NC_059007	2867532
1953	NC_059008	3557
2648	NC_059009	1505710
2648	NC_059010	19767
1953	NC_059011	35923
2648	NC_059012	3555
2648	NC_059013	1775858
2648	NC_059014	45494
2648	NC_059015	350892
2648	NC_059016	343494
1953	NC_059017	19768
2648	NC_059018	2848329
2648	NC_059019	444111
2648	NC_059020	65139
591	NC_059021	13345
1954	NC_059022	2783863
1963	NC_059023	928658
1755	NC_059024	2783864
1954	NC_059025	2576276
1963	NC_059026	983205
1963	NC_059027	140651
2438	NC_059029	580468
2438	NC_059030	137681
2438	NC_059031	1134479
2289	NC_059032	1134487
2334	NC_059039	349989
299	NC_059040	2884848
299	NC_059041	183809
299	NC_059042	1711133
299	NC_059043	1711173
299	NC_059044	2884841
299	NC_059045	1711211
620	NC_059046	1226037
299	NC_059047	2884842
299	NC_059048	2884843
299	NC_059049	1711365
299	NC_059050	648813
299	NC_059051	2660570
299	NC_059052	183848
299	NC_059053	795992
299	NC_059054	2884844
299	NC_059055	1711585
299	NC_059056	2884845
299	NC_059057	2884846
299	NC_059058	1955439
299	NC_059059	2884847
2653	NC_059062	118074
2090	NC_059101	144562
1210	NC_059691	2817436
1210	NC_059692	66380
848	NC_059697	128655
1470	NC_059701	2817680
2616	NC_059715	50506
1158	NC_059719	447676
1192	NC_059744	1899098
1167	NC_059745	2818402
842	NC_059746	2818401
105	NC_059748	357929
220	NC_059767	446348
841	NC_059768	1041103
1045	NC_059769	268104
1309	NC_059786	2801067
128	NC_059798	1318717
128	NC_059799	1318718
617	NC_059800	488216
408	NC_059803	85681
294	NC_059806	443222
1666	NC_059812	2800787
1825	NC_059813	2023964
1757	NC_059814	396367
385	NC_059815	2005478
1396	NC_059818	2495568
1241	NC_059898	1127366
288	NC_059906	54240
1010	NC_059950	2822548
1737	NC_059952	467323
1773	NC_059953	714471
2359	NC_060294	688336
2447	NC_060295	2789018
1848	NC_060305	1165888
5	NC_060313	483693
1718	NC_060314	516072
2276	NC_060332	690312
2311	NC_060333	2824816
2276	NC_060334	2824815
2276	NC_060335	690325
2311	NC_060336	690327
2276	NC_060337	690321
2276	NC_060338	690316
1750	NC_060352	97308
2656	NC_060354	2825901
2656	NC_060355	672162
2656	NC_060356	2825902
468	NC_060377	2827250
508	NC_060378	167423
468	NC_060379	2029647
468	NC_060380	2231307
468	NC_060381	1266308
22	NC_060401	332109
735	NC_060408	53588
167	NC_060410	159048
383	NC_060413	167407
2486	NC_060414	2800772
2486	NC_060416	572124
2359	NC_060436	2828845
2276	NC_060437	2828831
2311	NC_060438	2828832
2425	NC_060440	36608
2311	NC_060441	1125981
2276	NC_060442	2071890
2273	NC_060443	2828828
2273	NC_060444	143397
2425	NC_060445	2828841
2276	NC_060446	690338
2276	NC_060447	2071426
2311	NC_060448	2828846
2273	NC_060449	2828842
2311	NC_060450	2828840
2351	NC_060451	2828837
2311	NC_060452	1143218
2311	NC_060453	690314
2311	NC_060454	1248455
2311	NC_060455	690335
2311	NC_060456	690308
2358	NC_060457	690310
2276	NC_060458	690329
2311	NC_060459	690317
1615	NC_060469	122816
1100	NC_060470	215693
163	NC_060471	112523
547	NC_060489	3621
2045	NC_060490	551137
649	NC_060507	318063
1620	NC_060523	231659
1468	NC_060524	230837
60	NC_060536	714469
843	NC_060545	167764
1347	NC_060559	1623376
596	NC_060560	1043521
1486	NC_060585	2881376
238	NC_060587	2904616
1066	NC_060598	2184480
591	NC_060599	2184481
1395	NC_060600	230060
1644	NC_060613	1497439
2306	NC_060614	1330311
1009	NC_060633	1527830
758	NC_060634	468846
2426	NC_060636	183268
1609	NC_060649	371028
883	NC_060651	119264
2138	NC_060653	344448
885	NC_060654	171221
753	NC_060657	260143
1864	NC_060684	194561
1869	NC_060687	195136
772	NC_060689	626671
591	NC_060702	2884236
1066	NC_060703	2878544
591	NC_060706	648860
580	NC_060707	1200277
1698	NC_060714	1679393
1675	NC_060715	51089
1675	NC_060716	389498
1044	NC_060724	86757
1044	NC_060725	1200842
1408	NC_060729	59172
843	NC_060731	1531991
2195	NC_060732	75703
2544	NC_060733	714473
1163	NC_060777	452971
1010	NC_060778	460809
1560	NC_060799	47141
1292	NC_060805	329225
507	NC_060810	185975
501	NC_060811	47096
601	NC_060812	516079
2156	NC_060826	256494
766	NC_060827	43199
650	NC_060828	43200
1632	NC_060833	2782346
1714	NC_060835	1195737
1632	NC_060836	2913440
947	NC_060845	433935
2351	NC_060853	1143222
2273	NC_060854	690326
2273	NC_060855	690337
2311	NC_060856	2828844
1676	NC_060982	174164
1739	NC_060983	387276
1739	NC_060984	46980
1222	NC_060985	407842
1375	NC_060986	168011
1778	NC_060987	168012
2609	NC_061006	1530334
1589	NC_061007	516017
2214	NC_061025	160371
1795	NC_061038	1806195
411	NC_061039	167390
1509	NC_061042	108594
1010	NC_061051	147928
2489	NC_061055	59297
1300	NC_061056	61141
772	NC_061178	403832
316	NC_061179	72385
2139	NC_061183	1799701
2157	NC_061184	2591603
1926	NC_061185	2591604
2118	NC_061186	443869
2157	NC_061188	2916729
2107	NC_061189	1080101
2140	NC_061190	2591602
1899	NC_061191	570847
2005	NC_061192	443873
464	NC_061213	205582
591	NC_061215	1200272
1214	NC_061218	3806
934	NC_061227	264982
182	NC_061249	86773
1623	NC_061358	2795722
986	NC_061360	2902004
814	NC_061374	186972
540	NC_061378	150409
1588	NC_061379	1168070
351	NC_061388	267265
740	NC_061392	1053381
2130	NC_061393	258236
2333	NC_061394	1986521
1001	NC_061397	2919320
1619	NC_061398	1111685
1159	NC_061403	1238153
188	NC_061409	578554
1154	NC_061410	1691895
2333	NC_061415	694375
1796	NC_061416	1046405
1750	NC_061417	1642868
812	NC_061542	397188
898	NC_061543	881599
856	NC_061544	128660
898	NC_061545	128661
898	NC_061546	128668
898	NC_061547	1365881
899	NC_061548	2908705
1969	NC_061549	3750
2483	NC_061551	2890411
1699	NC_061552	1310099
2084	NC_061557	1943541
2009	NC_061558	1943543
2084	NC_061559	1943556
843	NC_061574	167762
873	NC_061575	2004430
468	NC_061576	2231307
468	NC_061577	167431
468	NC_061578	2005479
468	NC_061579	2943600
468	NC_061580	2547446
468	NC_061581	103487
468	NC_061582	2920904
468	NC_061583	167435
508	NC_061584	1967286
385	NC_061585	2231311
508	NC_061586	167418
468	NC_061587	2294079
541	NC_061588	2005480
379	NC_061589	2838169
468	NC_061590	167438
281	NC_061591	103482
379	NC_061592	167441
539	NC_061593	167421
379	NC_061594	1077959
379	NC_061595	1008930
2262	NC_061598	2855460
1023	NC_061599	147920
1010	NC_061600	1889602
1010	NC_061601	2920868
1010	NC_061602	147933
1010	NC_061603	147919
1010	NC_061610	2837496
468	NC_061611	57648
459	NC_061613	1077958
281	NC_061614	167424
411	NC_061615	167436
542	NC_061617	284362
1610	NC_061657	452458
349	NC_061661	2924066
573	NC_061669	2925269
1463	NC_061670	2908915
1715	NC_061671	2003742
2664	NC_061672	1737104
1523	NC_061673	1737103
1470	NC_061674	2021217
1470	NC_061675	2316920
1470	NC_061676	2021215
1470	NC_061677	2021216
1470	NC_061678	2021218
886	NC_061688	159071
1010	NC_061691	1523626
911	NC_061693	1049370
2463	NC_061695	1002525
614	NC_061696	175067
3	NC_061699	2919556
635	NC_061709	690515
2199	NC_061710	345093
1575	NC_061711	345143
1348	NC_061712	178808
1360	NC_061714	416114
1360	NC_061715	926021
2664	NC_061716	1300208
2664	NC_061717	178804
2664	NC_061718	1300199
1519	NC_061719	332429
1502	NC_061720	1236435
1502	NC_061722	1236424
1283	NC_061723	165299
1622	NC_061724	149359
1538	NC_061725	149353
1314	NC_061726	345092
1470	NC_061728	153474
1554	NC_061729	345097
1470	NC_061730	1046259
1470	NC_061731	1147752
1470	NC_061732	1046265
1470	NC_061733	153477
1470	NC_061734	1239142
1470	NC_061735	884148
1470	NC_061736	1046260
621	NC_061740	587864
469	NC_061742	159037
2175	NC_061755	345095
1725	NC_061761	126435
1022	NC_061765	381726
738	NC_061767	1045037
883	NC_061769	1981900
1010	NC_061904	2907141
857	NC_061907	396369
2307	NC_061909	44592
1080	NC_061912	2907121
2084	NC_061917	141004
2670	NC_061927	1277771
309	NC_061930	109060
2069	NC_061933	2911580
2009	NC_061934	356590
2069	NC_061935	106573
2334	NC_061939	741061
4	NC_061948	1679355
2657	NC_061954	1128166
475	NC_061959	53902
2179	NC_061960	160376
2180	NC_061961	160378
2179	NC_061962	388137
2164	NC_061967	252537
1437	NC_061976	326068
687	NC_062045	354527
1738	NC_062046	2907235
1023	NC_062050	2883579
1650	NC_062051	74859
1544	NC_062073	122815
1589	NC_062074	122814
1544	NC_062075	152766
285	NC_062078	376710
403	NC_062079	62889
231	NC_062080	230663
231	NC_062081	588598
695	NC_062082	229542
1739	NC_062086	2893106
402	NC_062091	67830
402	NC_062092	97698
402	NC_062093	2575577
2116	NC_062094	698352
2058	NC_062095	499994
1927	NC_062096	1353438
2058	NC_062097	2916644
1927	NC_062098	1353443
389	NC_062126	2871480
848	NC_062133	1981909
552	NC_062135	50200
552	NC_062136	50212
205	NC_062142	915270
1544	NC_062167	2885623
2060	NC_062299	3752
2556	NC_062304	2928716
2568	NC_062305	2306709
2263	NC_062310	378933
2243	NC_062311	1037061
2051	NC_062330	106205
2069	NC_062332	36606
2060	NC_062333	1143241
2060	NC_062334	470517
1915	NC_062335	2654668
1942	NC_062336	2873988
2084	NC_062337	294377
2084	NC_062338	193310
2084	NC_062339	2873989
1999	NC_062340	691235
1971	NC_062341	1826799
2020	NC_062342	691240
2090	NC_062343	193309
2158	NC_062344	36600
1907	NC_062345	510738
2021	NC_062346	36593
2006	NC_062347	298643
2060	NC_062348	141206
2060	NC_062349	106553
1969	NC_062350	106562
1860	NC_062357	354051
22	NC_062378	82423
1022	NC_062407	2927083
964	NC_062408	43207
2391	NC_062412	2928710
1105	NC_062413	13329
1292	NC_062415	133206
350	NC_062419	1380596
356	NC_062421	2801088
334	NC_062424	45835
312	NC_062425	2802709
326	NC_062426	744099
371	NC_062427	329788
419	NC_062429	1398764
2009	NC_062432	36597
786	NC_062441	2931376
786	NC_062442	2931373
786	NC_062443	2931375
786	NC_062444	2894491
786	NC_062446	2931377
786	NC_062447	462474
786	NC_062448	2931378
786	NC_062449	904455
786	NC_062450	2931374
1001	NC_062456	2931379
156	NC_062461	714504
480	NC_062468	2598637
433	NC_062469	115652
322	NC_062471	2802715
322	NC_062472	1807840
419	NC_062474	1442340
357	NC_062475	2802717
322	NC_062476	115671
454	NC_062477	2802713
480	NC_062478	2598634
322	NC_062480	1807835
533	NC_062481	1807836
322	NC_062483	795974
502	NC_062484	744126
662	NC_062486	115668
322	NC_062487	401002
454	NC_062489	1442337
534	NC_062490	1821617
372	NC_062491	2802711
322	NC_062493	2802712
543	NC_062494	1442338
372	NC_062495	2802703
325	NC_062496	2802705
257	NC_062497	329770
372	NC_062498	2802704
322	NC_062499	2802706
350	NC_062501	329778
357	NC_062502	856977
480	NC_062503	2598627
357	NC_062504	856885
357	NC_062506	315336
382	NC_062507	744061
351	NC_062508	205536
322	NC_062510	795972
357	NC_062511	856893
312	NC_062512	421232
372	NC_062513	2802702
419	NC_062514	2802700
401	NC_062517	2801085
2457	NC_062597	146538
1205	NC_062599	224146
1300	NC_062600	1603707
497	NC_062601	2930052
1376	NC_062602	204215
1044	NC_062609	1010622
1517	NC_062618	2079768
1213	NC_062619	2785155
420	NC_062635	73751
1044	NC_062641	215550
1044	NC_062642	2932771
1044	NC_062643	86763
1044	NC_062646	1507420
1044	NC_062647	86719
1044	NC_062648	2932768
1044	NC_062649	2932770
1044	NC_062650	2932769
1044	NC_062651	128258
1044	NC_062652	86760
1044	NC_062653	86767
1044	NC_062654	86769
1044	NC_062655	85872
1044	NC_062656	215548
1727	NC_062666	105757
758	NC_062669	1527831
1623	NC_062690	1505188
475	NC_062691	54882
1001	NC_062692	2931669
322	NC_062693	109975
2009	NC_062714	1826803
357	NC_062717	73572
357	NC_062718	608812
887	NC_062719	2708237
977	NC_062720	2932491
874	NC_062723	265763
1989	NC_062793	1052178
2131	NC_062797	691223
1994	NC_062798	194707
2131	NC_062799	1143234
2381	NC_062800	691224
2638	NC_062803	168825
910	NC_062824	1325994
636	NC_062862	879925
636	NC_062863	205521
244	NC_062864	1879233
382	NC_062865	2802699
382	NC_062866	744050
356	NC_062867	205527
326	NC_062868	1097622
357	NC_062870	561126
454	NC_062871	2802701
476	NC_062872	2598619
322	NC_062873	1807820
363	NC_062874	1807821
2572	NC_062884	64232
883	NC_062885	317036
1146	NC_062888	3597
1064	NC_062891	85861
1044	NC_062892	111575
1064	NC_062893	86723
1064	NC_062894	86727
1064	NC_062895	2933203
971	NC_062896	111569
946	NC_062897	111568
1119	NC_062898	111566
1119	NC_062899	111573
1044	NC_062900	85857
1119	NC_062901	111572
946	NC_062902	111574
1044	NC_062903	111567
1064	NC_062904	211005
971	NC_062905	2933199
946	NC_062906	2933202
1242	NC_062907	2933195
971	NC_062908	2933205
946	NC_062909	2933198
1064	NC_062910	480420
946	NC_062912	2933200
1064	NC_062913	86732
971	NC_062914	86751
1044	NC_062915	2933204
971	NC_062916	86743
1064	NC_062917	1010628
971	NC_062918	215546
971	NC_062919	152192
1064	NC_062920	86734
1119	NC_062921	85867
1119	NC_062922	85860
946	NC_062923	152185
1044	NC_062924	2933196
946	NC_062925	86736
946	NC_062926	54733
946	NC_062927	86731
946	NC_062928	86729
1044	NC_062929	86779
1119	NC_062930	3412
1119	NC_062931	85866
1044	NC_062932	85863
946	NC_062933	3410
946	NC_062934	349509
946	NC_062935	86728
946	NC_062936	49502
1044	NC_062937	86724
971	NC_062938	216503
971	NC_062939	116762
1044	NC_062940	87892
747	NC_062941	215539
1044	NC_062942	86772
1960	NC_062962	2876816
1942	NC_063083	661342
875	NC_063084	2485912
971	NC_063085	2604425
1978	NC_063088	1150899
2099	NC_063092	694413
693	NC_063110	258457
786	NC_063116	2936570
2359	NC_063129	1510605
209	NC_063266	108542
175	NC_063267	82388
2281	NC_063303	698354
2132	NC_063304	3085985
622	NC_063321	119172
741	NC_063322	324598
455	NC_063328	880141
1985	NC_063329	714454
2456	NC_063453	2944764
434	NC_063459	167400
769	NC_063462	255578
769	NC_063463	381736
548	NC_063464	43194
548	NC_063465	255582
548	NC_063466	381733
548	NC_063467	43192
548	NC_063468	381732
552	NC_063469	50217
1964	NC_063470	194560
1128	NC_063474	32240
2216	NC_063477	2836439
1580	NC_063478	1277752
1580	NC_063479	457880
1633	NC_063480	47052
1580	NC_063481	2873416
1580	NC_063482	2873417
1580	NC_063483	2873418
1580	NC_063484	2873419
1580	NC_063485	2873420
1638	NC_063486	2873421
1580	NC_063487	2873422
1580	NC_063488	90195
1580	NC_063489	90199
1639	NC_063490	2873425
1580	NC_063491	668558
2359	NC_063506	2878181
2359	NC_063507	2878160
1390	NC_063508	1548292
1390	NC_063509	1237723
1154	NC_063512	1406249
1154	NC_063513	2878119
1929	NC_063514	2870464
1476	NC_063521	2651896
1686	NC_063528	470566
1531	NC_063529	174168
1445	NC_063548	1562175
2243	NC_063549	540248
5	NC_063550	859427
1496	NC_063554	225833
1539	NC_063559	231656
1984	NC_063569	691237
935	NC_063571	1586302
2178	NC_063575	197128
1010	NC_063576	2893994
1634	NC_063577	714486
258	NC_063578	76974
1787	NC_063580	1604314
2411	NC_063590	1303700
1252	NC_063593	2942962
2264	NC_063626	247904
39	NC_063627	228641
597	NC_063630	300998
331	NC_063645	378437
640	NC_063646	138856
509	NC_063647	124941
2313	NC_063658	170349
1024	NC_063665	137761
528	NC_063672	37656
364	NC_063677	312586
1467	NC_063678	467335
888	NC_063688	1844621
848	NC_063700	2892998
1223	NC_063701	943093
935	NC_063729	453958
2517	NC_063737	108210
1470	NC_063746	239086
81	NC_063747	197127
81	NC_063748	2871440
81	NC_063749	2871442
81	NC_063750	2941023
327	NC_063788	36775
373	NC_063820	452765
1193	NC_063821	714465
1844	NC_063822	452797
1886	NC_063824	452800
1991	NC_063828	1442762
858	NC_063829	703397
1137	NC_063900	2943344
1623	NC_063901	1424752
1037	NC_063905	324798
2534	NC_063924	212655
742	NC_063927	425828
1774	NC_063928	429696
1168	NC_063929	538471
2456	NC_063953	1196459
2456	NC_063954	1196463
2456	NC_063955	1196485
889	NC_063972	512270
1570	NC_064054	2263220
411	NC_064055	115717
121	NC_064104	2867398
1906	NC_064105	140657
1750	NC_064106	497077
1750	NC_064107	2740320
1977	NC_064108	1642870
1342	NC_064119	361422
1342	NC_064120	216992
1342	NC_064121	253224
1342	NC_064122	216993
1301	NC_064126	167922
1637	NC_064129	2831648
700	NC_064135	135197
528	NC_064136	1008983
408	NC_064137	1603710
663	NC_064138	349445
528	NC_064139	1008984
408	NC_064140	200544
528	NC_064141	1008982
1611	NC_064319	405848
1297	NC_064334	3617
1037	NC_064343	146993
1037	NC_064344	146994
215	NC_064357	2950380
460	NC_064358	2072606
1302	NC_064360	79608
1517	NC_064361	671262
2434	NC_064362	2816892
887	NC_064364	105886
1274	NC_064365	1227988
2478	NC_064366	180066
1671	NC_064367	1168069
1422	NC_064373	486670
2675	NC_064374	108357
2337	NC_064389	2291097
2487	NC_064393	1993845
2091	NC_064406	261449
0	NC_064728	117662
2074	NC_064734	409520
2072	NC_064735	1184762
2374	NC_064736	1748861
2419	NC_064737	1303705
2391	NC_064738	1399671
2419	NC_064739	647264
2419	NC_064740	1303704
2464	NC_064742	1312523
2484	NC_064747	194269
2662	NC_064748	471947
1465	NC_064932	2573088
2628	NC_064934	1399704
2642	NC_064935	1399705
2190	NC_064936	1586311
2194	NC_064938	1399744
2446	NC_064940	681502
2412	NC_064942	1399752
2412	NC_064943	2792734
2556	NC_064944	1399755
2561	NC_064945	1399756
2569	NC_064946	1399757
2540	NC_064948	3501
2603	NC_064949	1853086
2547	NC_064950	1399758
2589	NC_064951	1435584
2576	NC_064956	1853099
1235	NC_064961	690504
1797	NC_064964	714512
2017	NC_064965	714514
1797	NC_064966	714513
2573	NC_064968	2952661
2573	NC_064969	471946
2573	NC_064970	2952663
2401	NC_064971	3089690
2412	NC_064972	2952676
2407	NC_064973	2952671
2412	NC_064974	2952670
2519	NC_064975	2952668
2365	NC_064976	2952667
2439	NC_064977	2952666
2440	NC_064978	2952669
2556	NC_064979	2952674
2549	NC_064980	2952662
2319	NC_064991	380486
1251	NC_064992	199392
2359	NC_064995	2768819
1224	NC_064996	640501
2174	NC_064998	46032
1928	NC_065010	224186
1130	NC_065014	2489288
88	NC_065015	1663035
883	NC_065022	610232
1612	NC_065023	47064
1992	NC_065037	196573
1081	NC_065038	169607
2073	NC_065058	1815893
22	NC_065062	172266
22	NC_065063	121718
42	NC_065064	66669
1511	NC_065098	1586319
883	NC_065099	1603709
883	NC_065100	1609859
883	NC_065101	119261
883	NC_065102	1679285
883	NC_065103	1155220
848	NC_065104	470718
883	NC_065105	562952
883	NC_065106	1755850
848	NC_065107	2950142
848	NC_065108	1440068
883	NC_065109	397098
220	NC_065137	1515097
1650	NC_065140	2817249
1650	NC_065141	46348
1650	NC_065142	2817250
1650	NC_065143	2817251
1650	NC_065144	2817252
1650	NC_065145	2755596
2586	NC_065148	34294
2586	NC_065149	184137
298	NC_065156	2930419
800	NC_065157	2855412
1010	NC_065198	460808
2586	NC_065199	37647
2625	NC_065200	3674
2100	NC_065203	185238
2544	NC_065240	57919
2009	NC_065241	225117
2009	NC_065242	2448454
2009	NC_065243	436086
1750	NC_065244	1813533
1154	NC_065245	172095
1206	NC_065246	53852
1620	NC_065248	748706
1620	NC_065249	1857151
1468	NC_065250	748690
1539	NC_065251	1857114
365	NC_065258	1489956
374	NC_065261	1009508
1687	NC_065264	2763207
1493	NC_065265	1907491
1555	NC_065266	748694
1494	NC_065267	1857123
1510	NC_065268	231644
1539	NC_065269	748696
1555	NC_065270	231645
1687	NC_065271	211972
1555	NC_065272	2763205
1493	NC_065273	1848539
1539	NC_065274	2763208
1468	NC_065276	174171
1512	NC_065277	1857135
1489	NC_065278	1111103
1468	NC_065279	2763209
1687	NC_065280	231652
1620	NC_065281	748700
1687	NC_065282	3454
1468	NC_065283	2763210
1494	NC_065284	2763211
2244	NC_065285	748709
1620	NC_065286	231651
1468	NC_065287	2763213
1539	NC_065288	748712
1438	NC_065289	748713
1493	NC_065290	1324461
1468	NC_065291	2763215
1677	NC_065292	2763216
1687	NC_065293	743734
1493	NC_065294	2763217
1620	NC_065295	231668
1561	NC_065296	1857156
1929	NC_065303	286935
2457	NC_065306	146540
411	NC_065323	1603708
411	NC_065324	212656
2018	NC_065336	454469
317	NC_065344	2963763
35	NC_065345	1904792
41	NC_065346	2963764
87	NC_065347	1639643
65	NC_065348	2038181
35	NC_065349	427793
41	NC_065350	2038180
1423	NC_065361	405737
839	NC_065369	2759058
985	NC_065370	2892398
1284	NC_065379	2940259
2447	NC_065380	2816894
357	NC_065381	73575
1156	NC_065386	370671
1066	NC_065390	1265928
1010	NC_065391	542734
1826	NC_065393	1938956
282	NC_065396	76951
177	NC_065397	159025
259	NC_065398	159026
248	NC_065399	159027
206	NC_065470	84944
328	NC_065471	427660
587	NC_065472	28542
108	NC_065473	28545
353	NC_065476	2966543
1907	NC_065485	416289
1907	NC_065486	714459
1728	NC_065505	648865
1915	NC_065652	661359
1915	NC_065653	2865624
2047	NC_065654	2654667
1915	NC_065655	661360
79	NC_065666	548856
2159	NC_065670	1961193
2159	NC_065671	2967324
1907	NC_065672	1826781
1066	NC_065694	587397
2198	NC_065733	572115
23	NC_065736	46963
1	NC_065737	1899306
12	NC_065738	1898430
2	NC_065739	1899307
6	NC_065740	1632119
6	NC_065741	1898432
11	NC_065742	1898433
7	NC_065743	1898434
2	NC_065744	2968088
2413	NC_065751	552835
1225	NC_065752	341934
525	NC_065753	341931
408	NC_065754	64884
408	NC_065755	171249
408	NC_065756	481549
408	NC_065757	237575
2308	NC_065773	49121
468	NC_065782	1933033
1194	NC_065785	467334
1672	NC_065790	1032928
1645	NC_065791	1523616
1503	NC_065792	1269190
1576	NC_065793	1245228
803	NC_065794	1245236
1624	NC_065795	1245247
1576	NC_065796	1245250
1641	NC_065797	1846137
155	NC_065808	248822
1748	NC_065834	2059433
2579	NC_065840	1161150
164	NC_065864	255872
2339	NC_065868	543981
349	NC_065869	2954124
1376	NC_065871	1582841
2496	NC_065983	1809639
2496	NC_065984	1809642
353	NC_065990	424903
1022	NC_065991	43208
964	NC_065992	268088
1022	NC_065993	1940807
964	NC_065994	2026605
1105	NC_066001	282717
2006	NC_066002	140997
637	NC_066003	179395
2100	NC_066004	141628
339	NC_066006	119949
1477	NC_066007	452790
2580	NC_066012	1053403
787	NC_066014	99035
1169	NC_066015	43364
5	NC_066017	4265
1215	NC_066020	41644
2223	NC_066022	194200
1065	NC_066023	127999
1037	NC_066024	72332
1037	NC_066025	72341
1546	NC_066027	213829
787	NC_066028	41496
1065	NC_066029	128002
1243	NC_066030	224149
965	NC_066031	119182
510	NC_066032	267548
481	NC_066036	55670
73	NC_066047	171931
1678	NC_066091	2930418
352	NC_066129	101596
2204	NC_066130	690339
2483	NC_066131	269115
2204	NC_066132	2974483
2131	NC_066133	1679318
1943	NC_066134	589997
2381	NC_066135	2024531
2169	NC_066136	2024530
2224	NC_066137	2974484
1836	NC_066138	2905423
2141	NC_066139	2905422
1775	NC_066140	2905424
2225	NC_066141	2905717
2026	NC_066142	2905425
103	NC_066143	455430
2253	NC_066153	2974550
598	NC_066155	119173
598	NC_066156	2558930
971	NC_066227	2036759
948	NC_066228	194324
1037	NC_066237	2966563
1736	NC_066401	384660
1037	NC_066403	2171546
1802	NC_066408	2855397
1802	NC_066409	262280
1835	NC_066411	983196
1835	NC_066412	1642871
1835	NC_066413	1008929
1750	NC_066414	1642865
1750	NC_066415	1170640
1835	NC_066416	1891964
1750	NC_066417	456515
1750	NC_066418	97321
2045	NC_066419	2133964
1977	NC_066420	140311
1908	NC_066421	129217
1750	NC_066422	1642869
1750	NC_066423	1642867
1750	NC_066424	1891965
383	NC_066425	157794
574	NC_066426	569833
318	NC_066439	1181298
1762	NC_066442	189796
1762	NC_066443	262218
2420	NC_066445	167999
2309	NC_066446	37489
1944	NC_066447	119595
1252	NC_066474	665991
1293	NC_066475	309329
1236	NC_066476	744260
1332	NC_066477	100577
674	NC_066481	402998
844	NC_066496	1265924
1066	NC_066497	587402
876	NC_066498	2305121
1066	NC_066500	1082643
1066	NC_066501	2799864
2509	NC_066503	139929
2509	NC_066504	139930
1487	NC_066644	235715
820	NC_066646	1056462
687	NC_066647	1803871
1008	NC_066648	1336656
1779	NC_066652	93210
1411	NC_066653	1226761
1010	NC_066658	542714
2531	NC_066665	2968953
1651	NC_066666	2968952
1651	NC_066667	125586
1651	NC_066669	580465
1916	NC_066675	2977608
1468	NC_066718	748693
900	NC_066723	1941389
924	NC_066724	75961
924	NC_066725	1400691
924	NC_066726	1400654
1067	NC_066727	2967312
1036	NC_066728	1400658
911	NC_066729	75946
924	NC_066730	2768789
911	NC_066731	75945
924	NC_066732	883013
924	NC_066733	2768790
924	NC_066734	1941371
924	NC_066735	2259159
924	NC_066736	527214
924	NC_066737	2768791
979	NC_066738	687670
1068	NC_066739	883014
703	NC_066740	687679
1138	NC_066741	1941373
924	NC_066742	1941374
1170	NC_066743	1941375
924	NC_066744	883015
558	NC_066745	75953
788	NC_066746	1400661
924	NC_066747	1941378
1068	NC_066748	1552228
924	NC_066749	1635301
704	NC_066750	2052489
924	NC_066751	1941381
1170	NC_066752	43195
789	NC_066753	1941382
924	NC_066754	1941383
924	NC_066755	75949
911	NC_066756	75948
1138	NC_066757	2768802
911	NC_066758	75943
937	NC_066759	1941387
924	NC_066760	75950
641	NC_066761	75956
936	NC_066762	1941388
703	NC_066763	2977607
1170	NC_066764	1400663
924	NC_066766	1442804
924	NC_066767	1400671
924	NC_066768	1400673
890	NC_066769	1400668
623	NC_066770	1442805
890	NC_066771	687675
1067	NC_066772	2967313
936	NC_066773	2967321
890	NC_066774	2967314
979	NC_066775	509701
937	NC_066776	2967303
924	NC_066777	2967316
924	NC_066778	883011
924	NC_066779	2805359
924	NC_066780	2967317
1275	NC_066781	1941377
937	NC_066782	2967318
924	NC_066783	2768799
924	NC_066784	2967319
743	NC_066785	1400689
924	NC_066786	1941384
924	NC_066787	2967320
924	NC_066788	268010
937	NC_066789	2967322
937	NC_066790	2967323
924	NC_066791	1941391
936	NC_066792	75951
924	NC_066793	1941396
937	NC_066794	43204
1876	NC_066795	2954133
2092	NC_066804	346959
1524	NC_066812	2650045
1640	NC_066813	886265
2438	NC_066815	76040
234	NC_066816	2743666
2238	NC_066817	2978286
736	NC_066818	240184
831	NC_066819	574898
2532	NC_066897	3580
5	NC_066898	41522
1688	NC_066966	28508
1861	NC_066967	992840
1468	NC_066977	2979851
1965	NC_066995	525237
838	NC_066996	73279
1154	NC_067030	2974069
767	NC_067031	2980205
993	NC_067032	499986
1805	NC_067035	429508
1196	NC_067040	46901
1010	NC_067053	2880969
2078	NC_067062	2980749
2061	NC_067063	470520
2548	NC_067064	110664
69	NC_067079	152367
1163	NC_067081	536626
1010	NC_067082	319929
1276	NC_067085	2321407
1276	NC_067086	2321412
1163	NC_067087	536629
1010	NC_067088	147931
1010	NC_067089	147927
1010	NC_067090	147929
845	NC_067092	1889607
1762	NC_067397	262217
2509	NC_067502	2528811
2509	NC_067503	1370055
2509	NC_067504	13403
2509	NC_067505	2044477
2509	NC_067506	1370061
2509	NC_067507	91227
2509	NC_067508	139928
2509	NC_067509	2800123
696	NC_067511	2981233
1845	NC_067512	149637
605	NC_067515	53904
859	NC_067516	149665
1982	NC_067517	48123
2594	NC_067518	588911
2639	NC_067519	53888
664	NC_067520	212698
2181	NC_067521	2981239
2160	NC_067522	248520
2085	NC_067523	450031
2133	NC_067524	115004
2634	NC_067525	557744
2040	NC_067526	1196270
1983	NC_067527	500182
2019	NC_067528	115002
1253	NC_067544	168535
1507	NC_067573	16915
1016	NC_067585	139018
2435	NC_067595	91248
1010	NC_067609	674064
18	NC_067611	289701
1798	NC_067612	945177
1010	NC_067613	2915791
92	NC_067614	269721
2310	NC_067634	2920505
97	NC_067637	1540408
383	NC_067713	2518020
5	NC_067730	324593
1087	NC_067734	218779
2666	NC_067755	432645
813	NC_067762	171214
1010	NC_067764	1840588
1105	NC_067765	282718
1520	NC_067767	77895
630	NC_067768	587406
1129	NC_067784	2741401
2331	NC_067785	694362
2322	NC_067787	405945
2217	NC_067810	2911227
1497	NC_067811	2291136
300	NC_067846	3527
998	NC_067854	73284
2560	NC_067857	210334
2509	NC_067868	2904615
1780	NC_067885	2984468
1762	NC_067942	189803
1887	NC_067958	2984991
1652	NC_067959	945158
1827	NC_067960	99298
1798	NC_067961	2984992
1740	NC_067962	2984993
1653	NC_067963	2984994
1720	NC_067964	491995
1780	NC_067965	2984984
2031	NC_067966	2984985
1609	NC_067968	61509
2520	NC_067975	59170
872	NC_067976	460785
994	NC_067977	34296
571	NC_067978	942185
2617	NC_067979	383670
335	NC_067993	1048799
1877	NC_067995	409519
2074	NC_067996	1450208
2119	NC_067997	1161165
2074	NC_067998	1851244
2119	NC_067999	2008514
2074	NC_068000	2008511
2074	NC_068001	2764681
2074	NC_068002	473049
1995	NC_068003	1450212
2093	NC_068004	309823
2290	NC_068008	2986448
2290	NC_068009	2986450
2290	NC_068010	2986451
2290	NC_068011	2575401
2422	NC_068012	2986452
2290	NC_068013	2986453
2290	NC_068014	2986454
2290	NC_068015	2855411
2290	NC_068016	2291145
111	NC_068031	188299
111	NC_068037	69919
199	NC_068043	188307
232	NC_068044	2986456
2205	NC_068045	49039
1799	NC_068046	4164
2191	NC_068047	43171
1996	NC_068049	39414
1869	NC_068050	99384
1955	NC_068051	165330
1846	NC_068052	168495
1446	NC_068053	2528942
1449	NC_068054	2528944
1449	NC_068055	2528947
1450	NC_068056	2528950
1335	NC_068057	2528953
1458	NC_068058	2528954
2265	NC_068074	2663187
1483	NC_068129	134527
735	NC_068130	121897
2395	NC_068143	2963765
2255	NC_068144	1843297
2314	NC_068145	2136684
2314	NC_068146	2963768
2375	NC_068147	1671320
2295	NC_068148	2136455
2332	NC_068149	137813
2340	NC_068150	2963777
2288	NC_068151	2586950
2288	NC_068152	1898884
1849	NC_068153	2712065
2493	NC_068154	2963771
2314	NC_068155	2963766
2350	NC_068156	2747786
2376	NC_068157	2963791
2182	NC_068158	119938
2314	NC_068159	2963767
2094	NC_068160	2963792
2360	NC_068162	2963776
2414	NC_068163	2747783
2200	NC_068164	2963782
2183	NC_068165	2963781
2288	NC_068167	2963769
2288	NC_068168	2963780
2266	NC_068169	119869
2421	NC_068170	2747793
2296	NC_068171	2807218
2303	NC_068172	2293665
2282	NC_068174	2494302
2282	NC_068175	2963774
2282	NC_068176	2963775
2267	NC_068177	1898882
2324	NC_068179	2963772
2245	NC_068180	2586935
2315	NC_068181	2963779
2245	NC_068182	137790
2283	NC_068183	2712023
2314	NC_068184	2712022
2488	NC_068185	2817533
2151	NC_068186	2747787
2325	NC_068187	2136440
2341	NC_068188	2293684
2377	NC_068190	2136456
1697	NC_068227	87530
1888	NC_068228	1137890
1697	NC_068229	1895974
172	NC_068230	2599111
2541	NC_068233	2760827
357	NC_068253	172264
2246	NC_068257	1616489
421	NC_068261	29725
310	NC_068262	2715871
184	NC_068263	2547674
310	NC_068264	2547673
387	NC_068265	1580013
387	NC_068266	1129485
387	NC_068267	1580009
697	NC_068269	36902
2062	NC_068273	648858
2175	NC_068499	125008
1006	NC_068500	1603693
1006	NC_068501	1358788
877	NC_068502	2575868
878	NC_068503	684740
805	NC_068504	610223
1006	NC_068505	2606809
1319	NC_068506	106677
1455	NC_068507	3610
814	NC_068508	2126564
814	NC_068509	186944
814	NC_068510	186945
651	NC_068511	2126574
651	NC_068512	1798766
2052	NC_068524	691227
1984	NC_068525	1825963
2020	NC_068526	1826785
2020	NC_068527	391057
1984	NC_068528	2992298
2342	NC_068529	1826812
2009	NC_068530	2992294
2342	NC_068531	1826814
2020	NC_068532	2992295
1984	NC_068533	2992296
2009	NC_068534	1826782
1984	NC_068535	1826794
2009	NC_068536	1826791
468	NC_068537	1609862
468	NC_068538	2980206
1008	NC_068579	1500039
808	NC_068580	2839964
1008	NC_068581	1056468
2020	NC_068599	691244
2256	NC_068604	1679435
1977	NC_068605	36595
2668	NC_068627	495765
2673	NC_068628	201506
995	NC_068630	313931
1511	NC_068635	1585251
1616	NC_068639	70971
832	NC_068652	70940
1889	NC_068657	1679515
1758	NC_068699	133204
1758	NC_068700	1170639
1758	NC_068701	983191
1758	NC_068702	552834
1989	NC_068703	122122
1977	NC_068704	151440
1835	NC_068705	552837
1945	NC_068706	32242
1984	NC_068721	186522
1984	NC_068722	1826809
1984	NC_068723	691232
2009	NC_068724	1826802
1342	NC_068733	312789
1154	NC_068748	1519595
1065	NC_068750	98504
2359	NC_068758	889485
2359	NC_068759	40686
559	NC_068762	167472
1654	NC_068774	54464
1010	NC_068780	147914
1010	NC_068781	147923
1010	NC_068785	941565
84	NC_068824	241598
92	NC_068850	300207
468	NC_068858	1608376
1221	NC_068870	46787
2396	NC_068872	457183
210	NC_068873	45179
1069	NC_068874	76155
1397	NC_068875	249100
1426	NC_068877	517221
1001	NC_068879	2995248
2469	NC_068891	315915
828	NC_068893	1205801
790	NC_068894	367782
1160	NC_068908	1348126
1437	NC_069045	2930498
1437	NC_069046	2699261
1437	NC_069047	2699269
1285	NC_069048	2699272
1437	NC_069049	463868
482	NC_069065	544658
1646	NC_069069	1262116
289	NC_069179	2897635
483	NC_069180	85246
9	NC_069182	2792849
16	NC_069185	316844
1655	NC_069200	1245235
468	NC_069209	212657
468	NC_069210	2996536
468	NC_069211	167417
402	NC_069212	857043
493	NC_069214	47654
847	NC_069225	85358
1147	NC_069227	674856
714	NC_069228	2993949
714	NC_069229	2993950
714	NC_069230	189254
1342	NC_069292	228163
14	NC_069298	403098
2618	NC_069301	1402425
1010	NC_069309	2967310
1010	NC_069310	2967340
461	NC_069556	35625
1037	NC_069557	1903210
1798	NC_069560	945165
1721	NC_069561	365769
1814	NC_069562	2058653
1837	NC_069563	1167167
1890	NC_069564	365762
1798	NC_069565	1167136
1653	NC_069566	2860380
2041	NC_069567	1381998
1525	NC_069568	365750
1878	NC_069569	365751
1647	NC_069570	206235
1562	NC_069571	365764
2350	NC_069574	2893253
2509	NC_069581	1040642
2359	NC_069592	77069
357	NC_069595	2898760
357	NC_069596	2898758
357	NC_069597	856890
357	NC_069598	2898757
357	NC_069599	2898761
357	NC_069600	315340
357	NC_069601	315341
357	NC_069602	205571
357	NC_069603	561127
380	NC_069604	2898759
357	NC_069605	310796
357	NC_069606	2898762
357	NC_069607	2898763
2474	NC_069613	2016423
2257	NC_069614	43864
67	NC_069615	289740
665	NC_069616	2382317
38	NC_069617	1592061
78	NC_069618	481551
57	NC_069619	289807
33	NC_069620	1592040
301	NC_069621	1679254
2311	NC_069634	2994360
388	NC_069635	101595
1195	NC_069638	309300
457	NC_069639	3003557
675	NC_069647	1482885
1286	NC_069807	77896
1806	NC_069812	2963793
260	NC_069818	39976
1641	NC_069819	1755648
1635	NC_069820	1846138
1656	NC_069821	1245243
1679	NC_069823	1245248
1656	NC_069824	2862192
1641	NC_069825	1245256
1641	NC_069827	2019968
1703	NC_069828	48773
1749	NC_069829	2575547
1909	NC_069830	1492708
1601	NC_069832	345127
2388	NC_069833	201514
224	NC_069834	221775
1025	NC_069835	441175
716	NC_069842	82095
588	NC_069843	137939
797	NC_069844	2970449
508	NC_069845	167428
1510	NC_069848	487159
1689	NC_069849	2893430
1439	NC_069850	1857143
1494	NC_069851	3453
1561	NC_069852	748718
2142	NC_069855	1701049
2086	NC_069856	1701016
2142	NC_069857	645222
2361	NC_069858	1701025
1760	NC_069859	2182741
1828	NC_069860	1080091
2143	NC_069861	3004057
1617	NC_069913	3004043
2352	NC_069914	1708248
2382	NC_069915	1196494
2397	NC_069916	1196474
2479	NC_069917	1196504
1946	NC_069921	28540
2112	NC_069922	1503305
2025	NC_069923	168493
2032	NC_069924	69056
1946	NC_069925	168494
2025	NC_069926	1902460
1946	NC_069927	168500
2032	NC_069928	2029625
2025	NC_069929	2508839
1985	NC_069930	168507
2025	NC_069931	168499
2032	NC_069932	1503306
1594	NC_069933	168503
1761	NC_069934	168489
1846	NC_069935	1902457
1985	NC_069936	2056413
1985	NC_069937	1902468
1985	NC_069938	2056411
1946	NC_069939	2056412
2025	NC_069941	2820035
2032	NC_069942	1902486
2032	NC_069943	1902458
1946	NC_069944	1902473
1960	NC_069945	228704
1105	NC_069982	282772
2033	NC_070020	3013936
2033	NC_070021	2684247
1891	NC_070022	2684248
1850	NC_070023	2684249
1765	NC_070024	3013937
2033	NC_070025	3013938
1807	NC_070026	3013939
1892	NC_070027	2684250
2033	NC_070028	2291173
1807	NC_070029	3013940
1807	NC_070030	2684251
1891	NC_070031	3013941
2033	NC_070032	3013942
2108	NC_070033	2684252
2033	NC_070034	2306266
1892	NC_070035	2684254
1891	NC_070036	3013945
2033	NC_070037	203766
2033	NC_070038	1330323
1807	NC_070039	1302936
1862	NC_070040	1305013
1781	NC_070041	2054583
2033	NC_070042	3013947
1979	NC_070043	2684253
2033	NC_070044	2800607
2033	NC_070045	3013948
2009	NC_070047	2967311
2268	NC_070051	47083
2668	NC_070058	1277774
2392	NC_070061	377126
1863	NC_070062	13571
814	NC_070064	186963
814	NC_070065	1798775
767	NC_070067	238941
2291	NC_070070	572131
484	NC_070081	489322
211	NC_070082	101743
274	NC_070083	76356
375	NC_070085	1749380
1088	NC_070087	941574
1536	NC_070088	161031
1737	NC_070098	137669
1595	NC_070099	1202981
1595	NC_070100	1072385
1037	NC_070112	2991492
976	NC_070135	996406
705	NC_070139	3054220
713	NC_070140	66092
1094	NC_070175	155289
1677	NC_070190	1045548
1037	NC_070196	669122
1037	NC_070197	2806625
1037	NC_070198	1810415
1037	NC_070199	1227626
1037	NC_070200	1903215
1037	NC_070201	487770
1037	NC_070202	2976246
1037	NC_070203	205375
1037	NC_070204	1287620
1037	NC_070205	2976247
1037	NC_070206	669139
1037	NC_070207	2055979
1216	NC_070217	47619
1447	NC_070218	453234
1412	NC_070219	2027494
1377	NC_070220	1636236
1459	NC_070221	174962
2607	NC_070222	301699
2598	NC_070223	301693
2598	NC_070224	169284
1287	NC_070225	553657
1729	NC_070235	235837
2371	NC_070236	1179221
1207	NC_070249	198858
1148	NC_070274	761858
1336	NC_070275	1112097
1325	NC_070276	761856
1361	NC_070277	761857
921	NC_070298	41548
1130	NC_070304	1683987
1154	NC_070305	3018801
1154	NC_070306	1979622
1154	NC_070307	3018802
1130	NC_070308	234367
1154	NC_070309	199986
1154	NC_070310	1683993
1139	NC_070311	1974348
1130	NC_070312	198551
1139	NC_070313	199992
1154	NC_070314	3018803
1149	NC_070315	198423
1154	NC_070316	198424
1130	NC_070317	199998
1154	NC_070318	199999
1154	NC_070319	200000
1130	NC_070320	1977212
1171	NC_070321	172097
1154	NC_070322	1979662
1130	NC_070323	1684017
1130	NC_070324	1684024
1154	NC_070325	198563
1130	NC_070326	1684031
1130	NC_070327	212816
1130	NC_070328	48226
1154	NC_070329	1974360
1154	NC_070330	198428
1130	NC_070331	1684049
1130	NC_070332	2592824
1130	NC_070333	48225
1130	NC_070334	1684060
1307	NC_070335	48236
1930	NC_070340	76374
366	NC_070364	304130
847	NC_070394	4052
1293	NC_070396	309307
2060	NC_070406	138912
1741	NC_070426	3019666
901	NC_070433	3019667
1686	NC_070435	1973159
2060	NC_070438	1143243
301	NC_071194	1591304
1106	NC_071211	1653801
1808	NC_071212	278073
1722	NC_071213	1699511
1752	NC_071214	63094
2448	NC_071233	254780
575	NC_071248	126438
666	NC_071249	178760
557	NC_071250	1133299
2297	NC_071759	2911714
2656	NC_071782	2996715
1347	NC_071818	1623368
1821	NC_071829	93745
1196	NC_071834	488015
1450	NC_071842	2965323
1511	NC_071844	3024958
1694	NC_071846	572113
2175	NC_071890	345096
2175	NC_071891	345100
2175	NC_071892	1051291
1802	NC_071909	2978058
1037	NC_071925	669127
1037	NC_071926	2291100
1037	NC_071927	223870
557	NC_071945	1354239
1478	NC_071948	3025959
1427	NC_071949	486688
1489	NC_071961	231655
1786	NC_072067	2985481
530	NC_072069	424910
2562	NC_072070	179861
1413	NC_072074	702219
949	NC_072075	595332
1107	NC_072076	125697
949	NC_072077	1754164
912	NC_072078	595334
912	NC_072079	595335
912	NC_072080	595337
912	NC_072081	883002
912	NC_072082	3002699
912	NC_072083	595339
912	NC_072084	3002700
912	NC_072085	3002701
912	NC_072086	1754146
912	NC_072087	595340
912	NC_072088	3002702
912	NC_072089	595342
912	NC_072090	595343
912	NC_072091	598561
912	NC_072092	595344
912	NC_072093	2741995
912	NC_072094	1754147
912	NC_072095	595347
912	NC_072096	595349
912	NC_072097	595350
912	NC_072098	595351
912	NC_072099	2779940
912	NC_072100	595352
912	NC_072101	595353
912	NC_072102	1209484
1756	NC_072111	233892
1757	NC_072112	1383556
1756	NC_072113	2798874
1825	NC_072114	2023987
71	NC_072147	1280388
283	NC_072167	304142
1010	NC_072174	319926
2262	NC_072176	983245
1226	NC_072216	454461
1625	NC_072247	502151
2016	NC_072254	3028188
1177	NC_072259	199156
580	NC_072267	587398
526	NC_072268	148919
1917	NC_072270	223224
1917	NC_072271	426461
1917	NC_072272	426462
1829	NC_072275	1082498
1314	NC_072280	345099
1342	NC_072281	3505
851	NC_072298	318068
1010	NC_072329	319924
1766	NC_072338	1523603
2319	NC_072340	669708
1992	NC_072342	471709
935	NC_072347	119176
2606	NC_072505	386151
2604	NC_072506	486424
2595	NC_072507	2888449
2588	NC_072508	2888446
2595	NC_072509	1144452
2604	NC_072510	1144461
2604	NC_072511	486431
2622	NC_072512	386245
2567	NC_072513	2888447
2622	NC_072514	459633
2622	NC_072515	685055
2623	NC_072516	3670
987	NC_072517	1045181
2622	NC_072518	50543
1931	NC_072528	634377
2497	NC_072531	2998964
1070	NC_072537	185202
1004	NC_072552	237942
1427	NC_072556	447671
1788	NC_072567	381652
1004	NC_072570	2291176
2611	NC_072589	1381010
2161	NC_072590	2803922
1602	NC_072591	1218918
2191	NC_072593	3031286
1822	NC_072594	160402
1276	NC_072608	452962
408	NC_072621	85437
838	NC_072636	1221638
275	NC_072663	354522
1767	NC_072665	2731867
925	NC_072669	118778
411	NC_072670	1045282
411	NC_072671	425821
966	NC_072676	434240
926	NC_072693	46945
243	NC_072696	33114
1095	NC_072724	210381
1095	NC_072725	56634
576	NC_072911	401069
1292	NC_072912	32225
864	NC_072913	120385
706	NC_072918	32235
706	NC_072919	1961200
1378	NC_072920	32237
996	NC_072921	133203
683	NC_072922	32245
1001	NC_072928	238945
1001	NC_072929	238956
767	NC_072930	238954
2042	NC_072935	3033941
1750	NC_072946	1642854
1750	NC_072947	1642862
1835	NC_072948	1642864
1835	NC_072949	1358727
1750	NC_072950	1642872
998	NC_072951	73300
142	NC_072972	152359
2458	NC_072987	2936324
443	NC_073005	223891
1196	NC_073006	430754
1236	NC_073014	1118427
985	NC_073016	46421
2215	NC_073097	202634
1603	NC_073098	2918407
1469	NC_073099	83937
715	NC_073100	720869
2635	NC_073102	1119055
2120	NC_073106	1503369
132	NC_073112	1280384
606	NC_073113	258762
1547	NC_073114	54223
1154	NC_073117	694480
1154	NC_073118	294965
1154	NC_073119	161527
1154	NC_073120	79767
1130	NC_073121	1045265
1154	NC_073122	3027246
1154	NC_073123	3027247
838	NC_073153	74140
607	NC_073505	189247
61	NC_073520	1737613
200	NC_073535	122832
2481	NC_073536	1196464
2481	NC_073537	1196499
772	NC_073541	390498
676	NC_073542	390503
1237	NC_073547	909278
468	NC_073549	1266313
86	NC_073570	2584542
212	NC_073584	108878
1403	NC_077266	2651910
1254	NC_077267	2651911
1504	NC_077268	2651881
1504	NC_077269	86640
1449	NC_077270	2652659
1504	NC_077271	2652469
1449	NC_077272	2652453
1488	NC_077273	796003
1449	NC_077274	2652608
1504	NC_077275	1619497
1504	NC_077276	2652508
1448	NC_077277	2652651
1450	NC_077278	2652641
1450	NC_077279	2652619
1428	NC_077281	2652519
1488	NC_077282	2652623
1343	NC_077283	2652557
1448	NC_077284	2652644
1244	NC_077285	2652647
1448	NC_077286	2652655
1464	NC_077287	2652656
1449	NC_077288	2652498
1448	NC_077289	2652628
1343	NC_077290	2652654
1449	NC_077291	2652471
1449	NC_077292	2652483
1428	NC_077293	2652549
1450	NC_077294	2652505
1450	NC_077295	2652526
1450	NC_077296	2652577
1450	NC_077297	2652495
1449	NC_077298	2652530
1449	NC_077299	2652496
1450	NC_077300	2652592
1449	NC_077301	2652454
1488	NC_077302	2652622
1450	NC_077303	2652574
1450	NC_077304	2652583
1428	NC_077305	2652509
1450	NC_077306	2652550
1392	NC_077307	2652598
1450	NC_077308	2652568
1450	NC_077309	2528948
1428	NC_077310	2528951
1448	NC_077311	1793945
1450	NC_077312	2652611
1488	NC_077313	2652534
1464	NC_077314	2652539
1428	NC_077315	2652567
1488	NC_077316	2652634
1450	NC_077317	2652555
1488	NC_077318	2652559
1428	NC_077319	2652691
1428	NC_077320	2652618
1450	NC_077321	2652562
1450	NC_077322	2528945
1450	NC_077323	2652638
1428	NC_077324	2652531
1392	NC_077325	2652569
1450	NC_077326	2652570
1428	NC_077327	2652525
1449	NC_077328	2652528
950	NC_077329	2652677
1428	NC_077331	2652610
1403	NC_077332	2652475
1448	NC_077333	572236
1464	NC_077334	2652609
1450	NC_077335	2652494
1450	NC_077336	2652630
1428	NC_077337	2652632
1450	NC_077338	2652584
1365	NC_077339	2652552
1450	NC_077340	2652543
1449	NC_077341	2652613
1428	NC_077342	2652548
1326	NC_077343	2652554
1449	NC_077344	1214565
1450	NC_077345	2652524
1385	NC_077346	2932483
1450	NC_077347	2652599
1365	NC_077348	2652640
1327	NC_077349	2652558
1449	NC_077350	2652639
1365	NC_077352	2652589
1277	NC_077353	2652597
1450	NC_077354	2652484
1366	NC_077355	2652473
1450	NC_077356	2652581
1451	NC_077357	2652578
1450	NC_077358	2652506
1448	NC_077359	2652573
1428	NC_077360	2652507
1328	NC_077361	2652621
1450	NC_077362	2652492
1450	NC_077363	2652602
1392	NC_077364	2652503
1449	NC_077365	1806641
1449	NC_077366	2652590
1448	NC_077367	2652650
1449	NC_077368	2652479
1326	NC_077369	2652512
1449	NC_077370	2652515
1449	NC_077371	2652511
1450	NC_077372	2651908
1365	NC_077373	2652565
1488	NC_077374	2652532
1450	NC_077375	2652637
1450	NC_077376	2652646
1450	NC_077377	2652625
1488	NC_077378	2652487
1488	NC_077379	2652648
1450	NC_077380	2652545
1450	NC_077381	2724787
1448	NC_077382	2652561
1448	NC_077383	2652601
1449	NC_077384	2652614
1448	NC_077385	2652670
1449	NC_077386	2652500
1449	NC_077387	2652514
1449	NC_077388	1806642
1448	NC_077389	2652541
1449	NC_077390	2652595
1504	NC_077391	2652521
1449	NC_077392	2652504
1449	NC_077393	2652645
1392	NC_077394	2652673
1178	NC_077395	2315346
1150	NC_077396	255894
1504	NC_077397	2652529
1446	NC_077398	2652537
1326	NC_077399	2652605
1504	NC_077400	2652485
1504	NC_077401	2652468
1440	NC_077402	378412
1504	NC_077403	2652626
1504	NC_077404	139037
1451	NC_077405	2652510
1450	NC_077406	2652564
1504	NC_077407	2652466
1504	NC_077408	796002
1504	NC_077409	2652467
1450	NC_077410	2932484
1450	NC_077411	2652635
1488	NC_077412	2652478
1450	NC_077413	2652553
1428	NC_077414	2652535
1449	NC_077415	2528955
1488	NC_077416	2652649
1450	NC_077417	2652551
1464	NC_077418	2652579
1450	NC_077419	2652660
1450	NC_077420	2652620
1328	NC_077421	2652616
1450	NC_077422	2724785
1450	NC_077423	2724788
1428	NC_077424	2652477
1449	NC_077425	2652560
1450	NC_077426	2652657
1448	NC_077427	2652629
1326	NC_077428	2652653
1328	NC_077429	2932485
1450	NC_077430	2724783
1504	NC_077431	301346
1504	NC_077432	2818482
1504	NC_077433	2818484
1504	NC_077434	2818485
1504	NC_077435	651549
1448	NC_077436	2652493
1365	NC_077437	2724777
1428	NC_077438	2724790
1450	NC_077439	2932481
1450	NC_077440	2932482
1245	NC_077441	2724782
1450	NC_077442	2528943
1428	NC_077443	2724781
1428	NC_077444	2724789
1504	NC_077445	2724792
1488	NC_077446	2724779
1414	NC_077447	2724780
1449	NC_077448	2652489
1504	NC_077449	2724793
1504	NC_077450	2724784
1335	NC_077451	2652488
1504	NC_077452	2652470
1449	NC_077453	2652522
1449	NC_077454	2652482
1488	NC_077456	2652476
1464	NC_077457	2652572
80	NC_077467	2969155
66	NC_077468	2584543
104	NC_077469	2969156
112	NC_077470	255883
80	NC_077471	2584544
170	NC_077472	2053897
80	NC_077473	2969159
66	NC_077474	2969152
1197	NC_077480	470283
1197	NC_077481	453077
1082	NC_077482	453078
1197	NC_077483	453083
1082	NC_077484	453087
1197	NC_077485	1852768
1197	NC_077486	453089
1830	NC_077487	453088
1667	NC_077488	453076
1479	NC_077490	286882
207	NC_077491	123498
2277	NC_077497	403542
2201	NC_077498	2764680
2654	NC_077499	411996
2316	NC_077500	2764677
2402	NC_077501	1309618
1910	NC_077502	1080094
2233	NC_077503	2764675
1932	NC_077511	1330314
1932	NC_077512	1245804
2306	NC_077513	2764655
1932	NC_077514	1245801
1932	NC_077515	3038790
1932	NC_077516	1330309
1932	NC_077517	1330300
1294	NC_077523	165341
1308	NC_077524	714890
998	NC_077525	73274
2063	NC_077527	1330298
737	NC_077528	390504
772	NC_077529	390501
737	NC_077530	390500
967	NC_077531	390499
737	NC_077532	2764620
772	NC_077533	390497
772	NC_077534	47643
791	NC_077535	403827
967	NC_077536	390494
737	NC_077537	20484
765	NC_077538	390493
2454	NC_077539	2749487
2441	NC_077540	158325
1614	NC_077541	2764617
1604	NC_077542	3039008
1716	NC_077543	144137
1614	NC_077544	2764616
1614	NC_077545	3039009
2454	NC_077546	2764613
1614	NC_077547	2764612
1680	NC_077548	2749464
1690	NC_077549	144064
1556	NC_077550	2749462
1556	NC_077551	20402
1650	NC_077552	912971
913	NC_077558	313920
2544	NC_077561	321607
1900	NC_077573	2992654
1038	NC_077575	765270
2134	NC_077577	128733
2221	NC_077578	1498187
2221	NC_077579	122218
2239	NC_077580	1505647
2362	NC_077584	1196470
2481	NC_077585	2306208
2101	NC_077597	463674
1826	NC_077631	2749919
1947	NC_077632	1938967
1010	NC_077634	542717
451	NC_077636	45837
1480	NC_077643	48820
1526	NC_077644	1032964
1526	NC_077645	1217174
1526	NC_077646	656647
44	NC_077649	1189062
408	NC_077664	55188
1037	NC_079569	1177123
2502	NC_079572	2762683
2521	NC_079573	3029072
2485	NC_079574	2762690
2498	NC_079575	1032972
1172	NC_079578	2582808
872	NC_079582	3036691
872	NC_079583	460786
1675	NC_079584	3036690
1969	NC_079585	604297
1548	NC_079589	2605637
1352	NC_079590	3036759
1956	NC_079592	52837
2298	NC_079593	3036757
1918	NC_079594	141482
1919	NC_079595	187500
131	NC_079596	2785596
1161	NC_079597	2072778
284	NC_079598	1628087
462	NC_079599	485208
1549	NC_079600	1921141
1429	NC_079601	141497
2269	NC_079602	141489
2053	NC_079603	120811
1549	NC_079605	424982
519	NC_079606	126758
1957	NC_079607	453901
2378	NC_079609	3036755
422	NC_079610	1341698
28	NC_079612	144544
879	NC_079613	3036756
1011	NC_079614	1220079
319	NC_079615	582711
1920	NC_079616	413289
2317	NC_079618	339888
2317	NC_079619	339880
2317	NC_079620	2994847
2499	NC_079626	1196493
1037	NC_079653	99024
1037	NC_079654	463582
1151	NC_079655	463585
1037	NC_079656	463587
1037	NC_079657	466057
2218	NC_079659	2909617
1800	NC_079661	222877
1010	NC_079666	2321409
408	NC_079821	2211363
408	NC_079822	1868278
1999	NC_079823	1770158
528	NC_079825	200541
1353	NC_079826	198854
1179	NC_079830	1621227
1901	NC_079836	539103
145	NC_079847	72185
389	NC_079854	175026
2075	NC_079915	1008935
1010	NC_079935	452959
528	NC_079952	229630
408	NC_079953	237567
528	NC_079954	109792
1468	NC_079957	748703
444	NC_079965	1040842
89	NC_080204	374712
1278	NC_080228	452966
1010	NC_080233	542737
1851	NC_080234	1685553
1933	NC_080239	1685555
1911	NC_080240	1685547
1773	NC_080241	714472
101	NC_080251	2508689
106	NC_080252	2508690
113	NC_080253	929489
100	NC_080254	2508692
1163	NC_080274	544491
2545	NC_080275	1044921
2502	NC_080277	1971718
2475	NC_080278	2750839
2502	NC_080279	1522187
2533	NC_080280	2762691
2539	NC_080281	1032937
2515	NC_080282	1971723
2165	NC_080315	2799954
1344	NC_080331	52818
2311	NC_080341	1143231
589	NC_080349	521743
1673	NC_080350	147635
2176	NC_080351	119585
2278	NC_080352	38788
2176	NC_080353	50469
239	NC_080370	3050117
2526	NC_080497	2054533
1465	NC_080498	1914886
2120	NC_080499	2652152
1505	NC_080500	486663
599	NC_080501	396393
2284	NC_080504	2940253
2285	NC_080505	229427
2285	NC_080506	265247
1037	NC_080507	318067
2343	NC_080510	2479460
1415	NC_080520	1798793
2054	NC_080531	2744234
2476	NC_080532	271243
2567	NC_080536	685054
2595	NC_080537	1144458
249	NC_080867	178187
598	NC_080873	1898829
463	NC_080874	692147
1010	NC_080884	542715
2629	NC_080896	191669
833	NC_080900	128602
865	NC_080901	121077
744	NC_080902	3056407
1152	NC_080903	3056408
2622	NC_080912	676073
381	NC_080914	216541
968	NC_080916	326843
151	NC_080919	326835
2459	NC_080920	326833
219	NC_080921	326832
615	NC_080922	216522
968	NC_080924	326823
127	NC_080925	216516
93	NC_080930	3056593
1489	NC_080984	231661
1847	NC_080986	3056920
1460	NC_080994	206310
1198	NC_080995	671525
784	NC_081007	171206
1533	NC_081008	873091
702	NC_081009	392738
1012	NC_081010	168572
276	NC_081012	1241825
652	NC_081013	155013
792	NC_081014	859319
1643	NC_081049	38789
1620	NC_081050	1934111
1620	NC_081051	2944658
1620	NC_081052	572096
1539	NC_081053	218853
1620	NC_081054	1857144
1620	NC_081055	748705
1620	NC_081056	2803377
1620	NC_081057	231660
1620	NC_081058	2662885
1620	NC_081059	2944662
1620	NC_081060	2944664
1620	NC_081061	37490
1620	NC_081062	2949666
1010	NC_081063	452963
940	NC_081066	684744
1657	NC_081460	1267443
311	NC_081462	1009467
2303	NC_081464	3047111
456	NC_081467	33126
136	NC_081481	3047500
358	NC_081482	1348752
1039	NC_081484	404691
2487	NC_081486	499989
1096	NC_081495	441196
627	NC_081500	41689
1750	NC_081501	1398537
834	NC_081865	282647
1153	NC_081869	76957
1097	NC_081871	1226071
1108	NC_081873	1226072
1255	NC_081874	3002538
1255	NC_081875	282608
1046	NC_081876	1125850
1295	NC_081877	2981376
1337	NC_081879	1226079
1109	NC_081884	3002497
1047	NC_081885	68552
980	NC_081886	282612
980	NC_081887	2981400
1354	NC_081889	1226096
1642	NC_081895	1226103
1261	NC_081896	2820919
880	NC_081897	2981431
1083	NC_081898	3002539
1208	NC_081899	2492890
927	NC_081901	282620
1131	NC_081902	282618
1717	NC_081903	1740896
1838	NC_081908	376254
737	NC_081909	575199
2651	NC_081912	3044619
940	NC_081914	684743
940	NC_081915	684741
835	NC_081935	176607
470	NC_081936	176604
951	NC_081937	183032
962	NC_081938	1532449
1173	NC_081939	176532
1110	NC_081940	183029
1053	NC_081941	171780
962	NC_081942	496607
891	NC_081943	375931
815	NC_081944	41659
816	NC_081945	183056
962	NC_081946	1542364
981	NC_081947	496632
914	NC_081948	1532452
793	NC_081949	2782251
1013	NC_081950	316966
1532	NC_081976	3053917
2509	NC_081982	1620028
2427	NC_081983	1370059
2505	NC_081984	416640
2505	NC_081985	139933
624	NC_081986	139936
2534	NC_081987	3059074
2534	NC_081988	3059069
1512	NC_081994	748710
359	NC_081995	1161996
208	NC_081996	1970670
359	NC_081997	1970668
1934	NC_081998	2493990
544	NC_082000	3062351
173	NC_082001	43077
982	NC_082002	3062352
115	NC_082003	3062350
1048	NC_082005	2859069
302	NC_082006	2859219
1040	NC_082007	312614
2095	NC_082008	1441980
915	NC_082009	2859220
549	NC_082010	312924
1333	NC_082011	2862181
1333	NC_082012	1526640
565	NC_082013	1217240
1217	NC_082014	312940
1550	NC_082015	312915
1966	NC_082016	188331
2064	NC_082017	188325
1452	NC_082018	312933
1691	NC_082020	162018
1563	NC_082021	2806810
1590	NC_082022	312929
1513	NC_082023	907228
1563	NC_082024	312920
217	NC_082025	178175
298	NC_082026	2870639
340	NC_082027	1679386
194	NC_082028	2994697
1809	NC_082029	3019641
1668	NC_082030	3019642
1617	NC_082031	165345
1809	NC_082032	3019644
1540	NC_082033	1205704
1875	NC_082050	91246
1111	NC_082051	128738
653	NC_082052	52299
102	NC_082054	2508703
1915	NC_082056	455101
1498	NC_082057	72166
2536	NC_082096	146542
1041	NC_082099	418257
2653	NC_082104	35922
2515	NC_082106	1736650
1308	NC_082107	74693
511	NC_082110	167429
637	NC_082574	99037
1704	NC_082920	1971366
1839	NC_082943	1898823
1347	NC_082965	3074321
1347	NC_082966	1623366
1347	NC_082967	979727
1347	NC_082968	1623363
1347	NC_082969	984478
504	NC_082971	56038
1018	NC_082974	114280
1010	NC_082975	3074754
1010	NC_082976	1840585
1010	NC_082977	2939673
836	NC_082978	1454366
1010	NC_082979	2915795
1010	NC_082980	2915786
1010	NC_082981	542750
468	NC_083081	1608375
468	NC_083082	2029998
468	NC_083083	2029654
1037	NC_083085	205360
468	NC_083127	103488
349	NC_083141	3075835
349	NC_083142	1863013
1001	NC_083143	2720781
1001	NC_083144	2291728
1001	NC_083145	254904
1001	NC_083146	254918
2505	NC_083211	3076540
2369	NC_083214	247887
2184	NC_083215	1789066
2092	NC_083216	1574110
2389	NC_083218	948718
1823	NC_083391	2836190
2270	NC_083905	232092
2270	NC_083906	49377
2344	NC_083907	49369
2102	NC_083908	413830
2460	NC_083909	2836192
2470	NC_083910	3077617
1626	NC_083911	2836193
1705	NC_083912	2184288
677	NC_083913	626695
2299	NC_083915	1641279
2258	NC_083916	1641281
2299	NC_083917	1641289
2258	NC_083918	1641302
1581	NC_083920	1479707
928	NC_083964	41653
312	NC_083980	205567
1706	NC_084045	342061
1314	NC_084065	345098
471	NC_084072	3080003
2286	NC_084099	228244
1852	NC_084100	1137911
2055	NC_084102	189242
2007	NC_084103	248302
1309	NC_084107	1603704
1986	NC_084108	249220
1196	NC_084112	856997
1893	NC_084116	454537
1958	NC_084117	282337
571	NC_084119	1108001
571	NC_084120	1112053
120	NC_084136	66662
1564	NC_084165	2684400
1511	NC_084166	3081611
1564	NC_084167	984302
1564	NC_084168	1766721
165	NC_084174	3080981
1309	NC_084175	536996
1288	NC_084176	2516287
1114	NC_084177	1827312
133	NC_084188	122300
2318	NC_084196	58481
1986	NC_084199	48523
1674	NC_084200	168340
1935	NC_084201	222084
1861	NC_084202	222085
2345	NC_084203	1423388
938	NC_084206	204979
1379	NC_084217	152284
1296	NC_084218	123680
1379	NC_084219	1632116
1368	NC_084220	3083244
1367	NC_084222	3083243
1368	NC_084223	860741
1453	NC_084224	96933
1416	NC_084225	60124
1430	NC_084226	860760
2409	NC_084227	716922
1362	NC_084228	152626
1349	NC_084229	860765
1010	NC_084240	447317
1902	NC_084252	189786
1762	NC_084253	262219
883	NC_084288	119263
1218	NC_084318	362630
411	NC_084325	3088132
2234	NC_084331	2153306
847	NC_084332	2951918
1709	NC_084335	649199
799	NC_084337	1809698
250	NC_084350	2915987
277	NC_084367	262459
298	NC_084371	334475
390	NC_084373	49581
535	NC_084380	2909257
277	NC_084381	219872
176	NC_084382	334474
186	NC_084383	2915953
250	NC_084386	2915957
236	NC_084387	2915960
186	NC_084388	2916021
197	NC_084389	2915974
753	NC_084390	2916009
186	NC_084391	2916011
197	NC_084392	219902
216	NC_084393	2916023
166	NC_084394	2916015
753	NC_084395	219904
186	NC_084396	2915983
198	NC_084397	2915986
1730	NC_084398	306929
2103	NC_084400	96455
1004	NC_084405	4205
1810	NC_084407	165318
2144	NC_084410	1177745
1613	NC_084412	1290953
1613	NC_084413	3082403
1613	NC_084414	1929216
1631	NC_084416	54451
1648	NC_084427	216499
1768	NC_084428	212753
1961	NC_084429	2291174
1649	NC_084430	944283
1853	NC_084433	1439931
1894	NC_084434	3092757
1961	NC_084435	212756
1961	NC_084436	39385
1648	NC_084437	2803541
1894	NC_084438	944287
1854	NC_084439	216500
1488	NC_084440	3092756
2119	NC_084453	409518
2119	NC_084454	1161166
1010	NC_084455	147917
1010	NC_084456	147915
2653	NC_084791	190330
2644	NC_085144	1675672
2644	NC_085145	345311
2653	NC_085146	407265
1730	NC_085147	2883987
1730	NC_085148	306927
1596	NC_085149	2883986
1731	NC_085150	306925
1731	NC_085151	306931
738	NC_085163	186969
1120	NC_085168	13361
848	NC_085189	1009486
1227	NC_085190	155302
1104	NC_085191	1679281
1026	NC_085192	317038
1026	NC_085193	317043
883	NC_085194	344086
1831	NC_085195	189224
2055	NC_085196	409886
2055	NC_085197	409887
1831	NC_085198	409888
2055	NC_085199	409889
2055	NC_085200	3102647
2055	NC_085201	409890
848	NC_085205	3102655
2517	NC_085210	281014
1199	NC_085214	1131399
329	NC_085215	1612632
225	NC_085216	693376
225	NC_085217	310423
59	NC_085218	126432
135	NC_085219	485365
1539	NC_085220	1045549
1428	NC_085222	2724955
1428	NC_085223	2652676
1450	NC_085224	2652683
2534	NC_085233	139937
1840	NC_085235	1196636
1770	NC_085236	206247
678	NC_085237	1341708
81	NC_085245	197126
81	NC_085246	2871443
81	NC_085247	3103161
81	NC_085248	3103162
313	NC_085278	374031
95	NC_085283	298662
2273	NC_085347	3106003
933	NC_085350	190260
27	NC_085352	1489665
1430	NC_085353	23110
2326	NC_085355	572119
2339	NC_085356	572127
2310	NC_085357	2953175
2162	NC_085358	2856447
2291	NC_085359	572132
1424	NC_085364	190803
2191	NC_085416	1315792
843	NC_085417	196626
843	NC_085418	60423
83	NC_085419	434235
2291	NC_085426	3107746
2310	NC_085427	193326
2310	NC_085428	1138135
2291	NC_085429	997707
2310	NC_085430	694356
2333	NC_085431	3107734
2310	NC_085432	2953166
2486	NC_085433	3107744
2291	NC_085434	2953176
2310	NC_085435	3107742
2206	NC_085436	3107743
2291	NC_085437	694380
2310	NC_085438	1138133
2310	NC_085439	3107737
2326	NC_085440	2953163
2206	NC_085441	3107736
2291	NC_085442	3107740
2206	NC_085443	1081545
2310	NC_085444	3107739
2310	NC_085445	3107738
2310	NC_085446	2953167
2310	NC_085447	2953173
2310	NC_085448	3079772
2310	NC_085449	3107784
2339	NC_085450	3107745
2339	NC_085451	572123
2235	NC_085452	2953169
2310	NC_085453	1138126
2310	NC_085454	3107735
468	NC_085458	2029653
928	NC_085463	45322
2086	NC_085474	1137814
2086	NC_085476	645710
278	NC_085477	310425
1692	NC_085483	694029
1010	NC_085496	2321405
2075	NC_085497	36602
2060	NC_085498	106554
2060	NC_085499	1184610
391	NC_085504	46030
333	NC_085505	1211623
333	NC_085506	1685578
1256	NC_085507	53173
2339	NC_085508	3107741
2326	NC_085509	2840061
2326	NC_085510	572118
2291	NC_085511	1138141
2326	NC_085512	2953164
2235	NC_085513	2953165
2333	NC_085514	1138138
2326	NC_085515	997735
2206	NC_085516	1081546
2310	NC_085517	2953179
2339	NC_085518	572133
2310	NC_085519	2953182
2060	NC_085521	106565
2060	NC_085522	106559
2060	NC_085523	106555
411	NC_085533	1045284
1960	NC_085545	157443
843	NC_085564	133895
22	NC_085570	2712968
1873	NC_085571	3108480
1984	NC_085572	1826792
2009	NC_085573	470526
1984	NC_085574	3091549
1997	NC_085575	3091547
1984	NC_085576	186523
2008	NC_085577	3090533
1998	NC_085578	1008924
1998	NC_085579	3090200
2060	NC_085580	2760073
2047	NC_085581	343465
2060	NC_085582	1217205
1971	NC_085583	1770155
1999	NC_085584	1775738
1984	NC_085585	691236
2075	NC_085586	3108496
2021	NC_085587	3108492
1707	NC_085588	3095560
2060	NC_085589	3108479
1984	NC_085590	1851445
2020	NC_085591	3108495
2668	NC_085600	1277773
843	NC_085604	212141
2196	NC_085617	3109060
1999	NC_085622	691230
1879	NC_085623	691229
2020	NC_085624	3109545
2084	NC_085625	1770163
2084	NC_085626	1770157
1999	NC_085627	3109546
1999	NC_085628	1770159
2075	NC_085629	661363
1984	NC_085631	1826797
2090	NC_085632	690342
2009	NC_085633	1826800
2020	NC_085634	1826804
2020	NC_085635	691239
1984	NC_085636	3091941
1984	NC_085637	2034696
2020	NC_085638	1826811
2020	NC_085639	1770154
1907	NC_085640	510712
2008	NC_085641	416296
2006	NC_085642	416297
2069	NC_085643	416303
2075	NC_085644	661350
1984	NC_085645	1572684
1984	NC_085646	1775740
1984	NC_085647	1000428
1873	NC_085648	3091545
1971	NC_085649	2873987
1873	NC_085650	2720251
1999	NC_085651	141006
1984	NC_085652	765745
1984	NC_085653	691233
1999	NC_085654	691241
1999	NC_085655	3091535
2084	NC_085656	3091937
2084	NC_085657	1770153
1999	NC_085658	32249
2084	NC_085659	1770160
1999	NC_085660	1770161
1971	NC_085661	2604395
2065	NC_085662	3091543
1984	NC_085663	1826807
2009	NC_085664	1826808
2084	NC_085665	656924
1999	NC_085666	2831160
1999	NC_085667	691243
1999	NC_085668	1770165
2084	NC_085669	1828479
2084	NC_085670	3091939
2020	NC_085671	1826784
585	NC_085672	59983
878	NC_085709	1959750
1614	NC_085710	20401
382	NC_085711	119830
1815	NC_085718	409512
1815	NC_085719	409522
2093	NC_085720	409515
2074	NC_085721	2008527
2119	NC_085722	141007
2093	NC_085723	1450210
2119	NC_085724	23225
2000	NC_085725	2008508
2000	NC_085726	409511
2074	NC_085727	409517
1815	NC_085728	216037
2074	NC_085729	409521
1709	NC_085734	339505
799	NC_085735	456516
5	NC_085736	41502
817	NC_085749	549619
997	NC_085752	48106
797	NC_085753	228659
768	NC_085754	50308
847	NC_085755	46415
2319	NC_085757	70001
2319	NC_085758	3109613
1302	NC_085759	79606
2196	NC_085763	121071
2196	NC_085764	1780282
2196	NC_085765	460773
2196	NC_085766	3110971
2196	NC_085767	2039882
2196	NC_085768	3110972
105	NC_085769	2844878
105	NC_085770	357931
105	NC_085771	357932
566	NC_085784	714474
998	NC_085786	73304
1991	NC_085791	1442760
1987	NC_085792	1442761
1816	NC_085793	2184523
1987	NC_085794	655181
857	NC_085815	318057
2522	NC_085816	1196490
2403	NC_085817	2836194
818	NC_085818	80288
818	NC_085819	80294
818	NC_085820	80321
1605	NC_085823	3112158
1242	NC_086503	3025131
1242	NC_086504	3025132
1027	NC_086516	237949
1801	NC_086517	83154
357	NC_086521	856898
357	NC_086522	3112401
357	NC_086523	856883
357	NC_086524	3112402
357	NC_086525	856882
357	NC_086526	856895
357	NC_086544	2998085
357	NC_086545	561130
357	NC_086546	172795
357	NC_086547	561128
295	NC_086548	317827
380	NC_086549	856989
357	NC_086550	199469
1527	NC_086552	3112624
353	NC_086553	764602
406	NC_086554	764601
2008	NC_086558	2291143
1921	NC_086559	2305210
1921	NC_086560	661366
1921	NC_086561	1248461
1942	NC_086562	661340
1942	NC_086563	2305212
1942	NC_086564	661345
2084	NC_086565	661351
2075	NC_086566	665325
1303	NC_086573	430093
383	NC_086588	3002910
2618	NC_086598	1641267
2353	NC_086601	1045356
2353	NC_086629	378904
2489	NC_086647	3037135
485	NC_086650	183063
1495	NC_086651	483875
15	NC_086661	2990783
8	NC_086662	117666
2179	NC_086665	265135
83	NC_086667	434234
83	NC_086668	434236
494	NC_086677	122537
494	NC_086678	58662
769	NC_086679	50194
769	NC_086680	255580
769	NC_086681	50204
625	NC_086682	50206
384	NC_086683	50210
552	NC_086684	3060854
1027	NC_086692	61589
969	NC_086693	237959
1004	NC_086694	179996
1004	NC_086695	61590
1004	NC_086696	1127633
1049	NC_086697	1444320
2236	NC_086707	1001094
1855	NC_086709	1036588
1855	NC_086712	1384180
1855	NC_086713	648869
227	NC_086714	219869
186	NC_086715	1489815
1948	NC_086729	413293
2016	NC_086730	3115592
2163	NC_086731	3115593
2553	NC_086734	427841
1010	NC_086748	1889606
552	NC_086757	381729
769	NC_086758	43188
545	NC_086759	50213
220	NC_086774	2291139
1184	NC_086775	50277
945	NC_086780	418268
1098	NC_086793	4238
916	NC_086794	2775048
383	NC_086857	1482880
320	NC_086858	2831156
320	NC_086859	167399
383	NC_086860	1482896
464	NC_086861	227722
694	NC_086862	1045174
794	NC_086866	1341699
797	NC_086867	330647
419	NC_086868	45843
838	NC_086872	53583
838	NC_086873	73281
838	NC_086874	73276
838	NC_086875	73272
838	NC_086876	73299
571	NC_086880	942186
571	NC_086881	942187
571	NC_086883	3118957
571	NC_086884	1968205
571	NC_086885	1167620
1742	NC_086889	1736646
1708	NC_086890	411098
1681	NC_086891	1736677
1606	NC_086892	1736635
1386	NC_086893	1736641
1723	NC_086894	3112179
1723	NC_086895	1523607
1723	NC_086896	1032970
1769	NC_086898	3120011
2667	NC_086899	79376
2644	NC_086915	1640932
1037	NC_086944	466059
495	NC_086954	159053
777	NC_086956	2184446
2196	NC_086962	3120775
545	NC_087583	50205
970	NC_087587	4026
1533	NC_087588	2972752
764	NC_087589	1779287
837	NC_087590	1895641
837	NC_087591	934066
612	NC_087592	168570
486	NC_087594	873092
702	NC_087595	2972753
726	NC_087596	290842
692	NC_087597	392741
612	NC_087598	873089
667	NC_087599	1287646
1533	NC_087601	290843
881	NC_087602	290844
612	NC_087603	1779277
2145	NC_087606	191453
2142	NC_087607	1701062
2300	NC_087613	46121
1980	NC_087614	1895980
2056	NC_087615	254022
2640	NC_087616	270411
2076	NC_087618	1895983
2076	NC_087619	228246
1903	NC_087620	2653284
1383	NC_087625	1195127
51	NC_087630	3036243
103	NC_087631	2862211
2121	NC_087723	2986521
72	NC_087726	152371
1010	NC_087746	212650
1010	NC_087747	542718
1010	NC_087748	1840589
1010	NC_087749	212651
1010	NC_087750	1454367
1010	NC_087751	2915796
1010	NC_087752	542746
2534	NC_087753	1441050
2146	NC_087757	242038
187	NC_087760	942085
1010	NC_087763	2944735
1010	NC_087764	1840596
1010	NC_087765	648846
1010	NC_087766	2811441
1010	NC_087767	1407748
1010	NC_087768	1840587
1010	NC_087769	1082390
1219	NC_087777	1007873
186	NC_087811	219860
217	NC_087812	219897
186	NC_087813	219900
216	NC_087814	1813521
1658	NC_087847	79245
1309	NC_087883	2911119
2590	NC_087884	108407
2605	NC_087887	13260
2354	NC_087909	2710877
2355	NC_087910	2906541
2299	NC_087911	1402432
819	NC_087913	3082027
684	NC_087914	1209445
819	NC_087915	3082048
681	NC_087916	1209449
330	NC_087917	3082028
684	NC_087918	1209450
1014	NC_087919	1209451
1014	NC_087920	3082029
745	NC_087921	3082030
626	NC_087922	3082032
1014	NC_087923	1209452
600	NC_087924	1209455
684	NC_087926	1209457
600	NC_087927	1209458
795	NC_087928	1209459
684	NC_087929	1442629
567	NC_087930	1209460
727	NC_087931	1209461
707	NC_087932	3082025
684	NC_087933	481985
745	NC_087934	3082033
445	NC_087935	1209464
727	NC_087936	49045
1441	NC_087937	1209465
819	NC_087938	415506
668	NC_087939	595329
560	NC_087940	1209467
567	NC_087941	1209468
952	NC_087942	3082034
560	NC_087943	2836186
819	NC_087944	3082035
668	NC_087945	3030046
684	NC_087946	1209472
684	NC_087947	1754108
866	NC_087948	3082036
684	NC_087949	3082037
684	NC_087950	1209474
496	NC_087951	1754109
1014	NC_087952	3082050
684	NC_087953	1209475
819	NC_087954	59423
445	NC_087955	1209476
819	NC_087956	1209477
684	NC_087957	1209478
487	NC_087958	1209479
638	NC_087959	1209480
2207	NC_087960	330692
2208	NC_087961	320627
1107	NC_087962	1755145
376	NC_087963	112356
727	NC_087964	1209444
1014	NC_087965	415154
360	NC_087966	59425
1541	NC_087967	268097
1541	NC_087968	2928425
1506	NC_087969	152196
2403	NC_087970	91263
2403	NC_087971	3133199
2403	NC_087972	3133200
2403	NC_087973	1177005
685	NC_087974	2184477
561	NC_087975	1265927
1037	NC_087976	2979711
1037	NC_087977	1287611
1199	NC_087980	1131401
1052	NC_088033	377454
1273	NC_088042	3043455
536	NC_088043	690490
608	NC_088044	3043453
1693	NC_088047	1637977
577	NC_088048	3043451
2372	NC_088055	1008928
917	NC_088063	3059647
728	NC_088064	1406284
1010	NC_088067	2982993
917	NC_088068	54434
917	NC_088069	367483
341	NC_088070	1549782
728	NC_088072	54427
1864	NC_088075	194562
1762	NC_088076	189793
2113	NC_088097	195802
1699	NC_088459	1489755
2383	NC_088462	197793
1867	NC_088463	197795
1700	NC_088468	197803
1868	NC_088472	2675945
1868	NC_088474	1439916
2635	NC_088483	2071455
468	NC_088486	2231309
465	NC_088487	2231308
1154	NC_088496	1406279
2271	NC_088509	140994
2271	NC_088510	32221
1054	NC_088511	3091706
1174	NC_088512	140996
1099	NC_088513	32243
2635	NC_088514	48231
1731	NC_088523	235825
1732	NC_088524	306912
1404	NC_088531	191885
1969	NC_088533	106560
1376	NC_088534	54477
758	NC_088547	51268
1228	NC_088558	41622
2384	NC_088567	74787
796	NC_088573	2678244
1309	NC_088747	1262115
1514	NC_088754	2594499
847	NC_088755	228392
532	NC_088757	462417
1565	NC_088760	149361
1455	NC_088768	2768815
1387	NC_088770	429709
