1549	NC_000932	3702
910	NC_001320	39947
2121	NC_001631	3350
2444	NC_001666	4577
1668	NC_001879	4097
1475	NC_002693	85636
519	NC_002694	34305
377	NC_002762	4565
2612	NC_003119	3880
1694	NC_004561	33113
2105	NC_004677	88728
2635	NC_004993	212734
2456	NC_005878	193079
910	NC_005973	2998809
2456	NC_006084	717233
1750	NC_006290	4054
443	NC_007144	3659
1276	NC_007407	4465
144	NC_007499	308872
1668	NC_007500	4096
1694	NC_007602	4098
1779	NC_007898	4081
1692	NC_007942	3847
1779	NC_007943	147425
568	NC_007944	3635
1337	NC_007957	29760
1779	NC_008096	4113
2021	NC_008115	71271
910	NC_008155	39946
392	NC_008235	43335
1729	NC_008325	4039
2090	NC_008326	3415
560	NC_008334	2711
1452	NC_008335	4403
2022	NC_008336	41776
712	NC_008359	248361
2299	NC_008407	126431
1991	NC_008456	224735
1992	NC_008457	398741
473	NC_008590	112509
2538	NC_008591	63632
2456	NC_008602	4558
568	NC_008641	3634
1993	NC_008796	334596
411	NC_009143	3694
1527	NC_009265	434059
1518	NC_009266	72657
1774	NC_009267	74718
2646	NC_009268	78191
1604	NC_009269	50458
1717	NC_009270	3719
1638	NC_009271	78192
2646	NC_009272	171822
1186	NC_009273	59292
2658	NC_009274	226051
1495	NC_009275	65948
1901	NC_009598	13006
1816	NC_009599	153571
1687	NC_009600	145286
1354	NC_009601	145284
2610	NC_009808	4121
969	NC_009962	4428
1276	NC_010093	263995
659	NC_010109	4472
1519	NC_010323	3649
1475	NC_010358	3940
1475	NC_010360	482428
1475	NC_010361	3942
1043	NC_010362	482429
1520	NC_010433	3983
2089	NC_010442	28494
1378	NC_010776	180217
883	NC_011032	15368
660	NC_011163	3827
811	NC_011828	3900
2633	NC_011930	3324
520	NC_012224	180498
1718	NC_012615	93213
938	NC_012927	58923
938	NC_013088	257763
2456	NC_013273	4505
2200	NC_013707	4146
1396	NC_013991	42345
126	NC_014056	141207
2509	NC_014057	3888
776	NC_014062	38684
2490	NC_014063	3860
2021	NC_014570	71139
2152	NC_014575	3322
1012	NC_014676	3641
1521	NC_014697	3760
777	NC_014807	4312
1853	NC_015113	40888
2636	NC_015139	51351
568	NC_015204	34273
2536	NC_015206	101020
1239	NC_015308	3981
2200	NC_015401	158383
2200	NC_015604	129566
1278	NC_015605	4431
2200	NC_015608	497767
2200	NC_015623	158385
782	NC_015803	548148
1567	NC_015804	40916
782	NC_015817	38705
782	NC_015820	145980
1729	NC_015821	4043
782	NC_015826	886359
938	NC_015830	280850
782	NC_015831	591214
611	NC_015891	29656
2090	NC_015892	86722
403	NC_015894	161126
612	NC_015899	161112
629	NC_015983	412675
914	NC_015990	38727
1371	NC_015996	3767
1694	NC_016068	118713
2283	NC_016069	93926
1550	NC_016430	82096
2122	NC_016433	4182
2260	NC_016468	472368
1379	NC_016471	48534
568	NC_016668	29730
568	NC_016670	34276
908	NC_016677	196901
568	NC_016690	34277
568	NC_016692	76056
782	NC_016699	524874
1540	NC_016708	56065
568	NC_016711	34275
568	NC_016712	29729
956	NC_016718	110453
2636	NC_016734	3708
1251	NC_016736	3988
899	NC_016753	4460
1510	NC_016921	519533
910	NC_016927	40149
1273	NC_017602	51953
162	NC_017609	78828
910	NC_017835	4529
568	NC_017894	34282
1323	NC_018109	47637
1323	NC_018110	47635
568	NC_018111	47634
1323	NC_018112	47636
676	NC_018113	3636
1719	NC_018117	4076
613	NC_018541	100364
2513	NC_018552	4072
1720	NC_018565	414717
2536	NC_018766	157670
2536	NC_018767	538574
2536	NC_019601	101007
2536	NC_019602	101015
2023	NC_019616	13750
892	NC_019648	145835
1083	NC_019649	98750
1324	NC_020019	4442
2209	NC_020098	41396
2090	NC_020316	85864
2090	NC_020317	85865
2090	NC_020318	3406
782	NC_020341	4591
1402	NC_020362	1276543
858	NC_020363	188518
1233	NC_020364	131289
1396	NC_020365	244023
1233	NC_020366	292647
585	NC_020367	101696
2416	NC_020372	405043
2321	NC_020431	226208
1970	NC_021101	23250
1720	NC_021102	106773
2284	NC_021111	161395
1803	NC_021121	1265925
909	NC_021372	38686
2498	NC_021425	13715
2499	NC_021426	4407
124	NC_021429	112603
27	NC_021430	112615
27	NC_021431	162386
22	NC_021432	160538
99	NC_021433	1324860
2123	NC_021439	88730
2123	NC_021440	3352
2283	NC_021456	3329
1854	NC_021636	44015
1971	NC_021645	45689
1692	NC_021646	96944
1854	NC_021647	48924
1854	NC_021648	82538
1114	NC_021649	45690
1854	NC_021650	713886
417	NC_021760	4568
417	NC_021762	4572
2543	NC_021936	29650
377	NC_022133	37682
377	NC_022135	4573
1324	NC_022264	182317
2388	NC_022378	36592
2388	NC_022379	87679
2388	NC_022380	87669
2388	NC_022381	582381
2388	NC_022382	1171781
2388	NC_022383	87670
2388	NC_022384	87684
2388	NC_022385	87672
2388	NC_022386	87681
2388	NC_022387	87688
2388	NC_022388	34320
2388	NC_022389	582372
2388	NC_022390	183836
2388	NC_022391	34319
2021	NC_022392	183838
2021	NC_022393	1282669
2021	NC_022394	452569
2021	NC_022395	87674
2021	NC_022396	87663
2021	NC_022397	99019
2021	NC_022398	34316
2021	NC_022399	106642
2021	NC_022400	87685
2021	NC_022401	183858
2021	NC_022402	166933
2021	NC_022403	183851
2021	NC_022404	34315
2021	NC_022405	183827
2021	NC_022406	34314
2217	NC_022407	183803
2021	NC_022408	87660
2021	NC_022409	34328
2021	NC_022410	34330
2021	NC_022411	34308
2021	NC_022412	87657
2021	NC_022413	34307
2021	NC_022414	88056
1273	NC_022417	13894
2153	NC_022451	175694
1895	NC_022457	13601
1324	NC_022459	319925
1324	NC_022460	1339356
1324	NC_022461	147918
1324	NC_022462	319928
1324	NC_022463	194713
960	NC_022715	1049916
1750	NC_022810	137943
1750	NC_022811	133939
1750	NC_022812	133946
1751	NC_022813	230597
1550	NC_022814	228393
2505	NC_022850	4555
1692	NC_022868	3848
939	NC_022926	228183
1277	NC_022927	4664
997	NC_022928	136219
770	NC_022958	29695
1324	NC_023084	385388
1484	NC_023086	49684
1829	NC_023092	63359
2235	NC_023102	38596
2024	NC_023115	86091
1371	NC_023130	1143245
2474	NC_023132	223125
568	NC_023213	47600
676	NC_023214	47622
568	NC_023215	34274
568	NC_023216	34280
1323	NC_023217	47602
676	NC_023218	34278
2090	NC_023234	86726
2090	NC_023235	86730
2090	NC_023236	44759
2090	NC_023237	54732
2090	NC_023238	3403
2090	NC_023239	86770
2090	NC_023240	3411
2090	NC_023241	86752
2090	NC_023242	86737
909	NC_023245	38687
1252	NC_023247	152093
1953	NC_023256	377280
1453	NC_023259	28971
2076	NC_023261	73178
2647	NC_023367	50452
860	NC_023449	93677
2261	NC_023463	192264
1817	NC_023464	223107
2618	NC_023465	46066
991	NC_023533	159298
443	NC_023544	396994
1337	NC_023790	103349
1187	NC_023792	124943
1521	NC_023798	102107
2456	NC_023800	91528
782	NC_023934	591208
782	NC_023935	280854
1521	NC_023956	329890
53	NC_024019	142615
2090	NC_024027	44926
502	NC_024034	97024
691	NC_024035	361561
2025	NC_024038	49827
466	NC_024061	22978
466	NC_024062	123495
466	NC_024063	597284
466	NC_024064	597311
466	NC_024065	1186155
558	NC_024067	1186172
838	NC_024106	1243775
1902	NC_024157	3284
970	NC_024165	38716
811	NC_024166	361940
1303	NC_024170	55577
859	NC_024171	4543
910	NC_024175	4538
2376	NC_024176	1010633
2536	NC_024258	64939
1855	NC_024261	4079
798	NC_024262	416032
2583	NC_024291	37420
1639	NC_024421	53046
2636	NC_024469	3726
1324	NC_024541	542719
1683	NC_024543	166117
76	NC_024544	256348
2090	NC_024545	114512
816	NC_024560	55185
910	NC_024608	4532
677	NC_024643	338574
1324	NC_024659	1454364
1324	NC_024660	542733
1324	NC_024661	153490
1324	NC_024662	1523625
1324	NC_024663	452972
938	NC_024668	4582
782	NC_024669	941476
332	NC_024681	75712
782	NC_024712	387591
782	NC_024713	548140
713	NC_024714	862985
782	NC_024715	146652
782	NC_024716	146655
782	NC_024717	111431
813	NC_024718	145987
782	NC_024719	862994
782	NC_024720	863009
782	NC_024721	548150
782	NC_024722	863024
782	NC_024723	591225
782	NC_024724	145989
782	NC_024725	1235664
1252	NC_024728	108544
782	NC_024731	3061239
1903	NC_024732	103032
411	NC_024734	295326
411	NC_024735	73824
1252	NC_024736	152089
411	NC_024747	75702
377	NC_024764	4570
2665	NC_024813	4679
377	NC_024814	4571
414	NC_024815	4487
414	NC_024816	58530
414	NC_024830	4486
414	NC_024831	4483
414	NC_024832	130458
2367	NC_024845	223102
560	NC_024929	159033
2558	NC_024936	995793
833	NC_025228	65970
755	NC_025229	66008
1013	NC_025230	58215
795	NC_025231	158136
1014	NC_025232	65975
714	NC_025233	1056921
1115	NC_025234	1547847
2540	NC_025235	29678
834	NC_025238	38729
2073	NC_025288	60698
893	NC_025306	198697
304	NC_025333	59097
1278	NC_025339	4432
953	NC_025554	57655
144	NC_025593	200642
2218	NC_025651	271221
894	NC_025652	204340
502	NC_025743	97014
1485	NC_025744	361918
1293	NC_025745	97044
1934	NC_025772	229049
2200	NC_025787	126429
377	NC_025955	69994
1240	NC_026103	1264566
2393	NC_026197	1454370
2017	NC_026202	692148
1693	NC_026203	989334
437	NC_026220	4615
1276	NC_026299	55184
2105	NC_026302	3348
1233	NC_026444	145710
1926	NC_026445	82286
1423	NC_026446	352370
1750	NC_026447	44586
397	NC_026462	1278906
2074	NC_026546	242290
1694	NC_026551	362342
2549	NC_026562	3483
1486	NC_026565	146543
1694	NC_026567	362364
340	NC_026568	142389
1694	NC_026570	126903
1694	NC_026574	362373
2526	NC_026678	20340
1188	NC_026680	198914
2271	NC_026681	3870
1789	NC_026682	109171
861	NC_026684	35938
254	NC_026685	58860
1857	NC_026690	3625
1857	NC_026691	3627
1694	NC_026694	126905
2610	NC_026703	4120
397	NC_026722	77065
1694	NC_026726	362363
236	NC_026773	1390594
206	NC_026775	1498489
413	NC_026776	53104
114	NC_026777	125444
444	NC_026779	53069
283	NC_026785	59062
1325	NC_026786	108411
1252	NC_026787	4692
568	NC_026835	34284
1342	NC_026839	105884
1779	NC_026876	142759
1779	NC_026877	4083
1779	NC_026878	315350
1779	NC_026879	62890
1779	NC_026880	62891
1779	NC_026881	4082
1779	NC_026882	4084
2236	NC_026892	97170
1694	NC_026906	362345
571	NC_026909	106335
938	NC_026957	207296
938	NC_026958	426031
715	NC_026959	49005
971	NC_026960	1542495
938	NC_026961	1542496
938	NC_026962	104003
938	NC_026963	1542497
938	NC_026964	519253
938	NC_026965	464968
972	NC_026966	281085
630	NC_026967	75727
971	NC_026968	93670
973	NC_026969	47446
614	NC_026970	38736
938	NC_026971	47454
1326	NC_026980	3759
1326	NC_026981	97306
1326	NC_026982	97307
2339	NC_026986	316492
938	NC_026991	1643492
1903	NC_026999	103991
2508	NC_027073	313081
2508	NC_027074	457904
2508	NC_027075	154493
2508	NC_027076	313097
2508	NC_027077	1234501
2508	NC_027078	313104
2508	NC_027079	313107
2508	NC_027080	1276802
692	NC_027090	325984
1694	NC_027099	362347
796	NC_027110	981085
1090	NC_027146	1243769
1090	NC_027147	1478599
2508	NC_027148	3855
2508	NC_027149	1276776
2511	NC_027150	3859
2508	NC_027151	3862
2521	NC_027152	3864
2612	NC_027153	66814
2612	NC_027154	70964
1790	NC_027158	86979
1241	NC_027159	229473
1380	NC_027161	62330
1694	NC_027177	1545468
2489	NC_027184	196898
1073	NC_027185	82479
2075	NC_027259	39367
2219	NC_027262	65409
98	NC_027266	1534760
1236	NC_027276	101629
756	NC_027282	82481
2121	NC_027415	261914
392	NC_027425	113636
1729	NC_027450	376870
1729	NC_027451	40952
1750	NC_027456	44588
910	NC_027460	65489
910	NC_027461	40148
910	NC_027462	4528
910	NC_027463	4535
895	NC_027464	37671
2538	NC_027465	286491
1189	NC_027466	66000
835	NC_027467	29661
2626	NC_027468	4498
693	NC_027469	320632
2052	NC_027470	447010
2541	NC_027471	29665
836	NC_027473	4509
862	NC_027474	38691
1044	NC_027475	2592077
473	NC_027476	4517
837	NC_027477	888272
837	NC_027478	1497109
895	NC_027479	796701
661	NC_027480	38702
757	NC_027481	96050
896	NC_027482	669775
895	NC_027483	399655
1045	NC_027484	269377
1046	NC_027485	1120099
757	NC_027486	391969
2626	NC_027487	376136
973	NC_027490	35710
1550	NC_027607	98373
645	NC_027650	49786
1148	NC_027674	82318
1148	NC_027675	82331
910	NC_027676	4537
521	NC_027677	3922
1148	NC_027679	1577587
899	NC_027681	199225
1550	NC_027685	46397
65	NC_027691	335152
336	NC_027728	137221
1073	NC_027738	82490
1454	NC_027739	82502
4	NC_027743	112604
2092	NC_027744	119951
678	NC_027824	435756
1937	NC_027834	46367
615	NC_027939	354529
1873	NC_027941	54803
1074	NC_027952	486854
1116	NC_027954	78380
1904	NC_027955	353963
1695	NC_027960	350585
2513	NC_028007	4073
1669	NC_028009	266091
1424	NC_028023	66636
1396	NC_028026	1089946
1610	NC_028032	3486
1315	NC_028066	796727
869	NC_028067	212708
1779	NC_028069	4109
2053	NC_028070	4112
859	NC_028075	4556
8	NC_028147	1552222
126	NC_028148	48524
545	NC_028149	53134
2640	NC_028170	72664
1047	NC_028171	1235665
1879	NC_028185	100569
5	NC_028209	1736746
2636	NC_028272	3707
782	NC_028328	29662
360	NC_028350	75706
2021	NC_028409	183804
2021	NC_028410	360304
1347	NC_028415	161756
2105	NC_028421	71626
51	NC_028422	78707
1381	NC_028429	195526
53	NC_028430	154293
939	NC_028439	52838
895	NC_028444	1747705
392	NC_028504	80863
1118	NC_028523	261426
23	NC_028524	112607
9	NC_028525	78740
2121	NC_028531	88731
54	NC_028549	161865
2105	NC_028552	62752
812	NC_028588	1522114
812	NC_028589	210368
812	NC_028590	1522119
812	NC_028591	197130
2283	NC_028594	3330
1092	NC_028617	51240
1590	NC_028618	182415
938	NC_028631	464970
1721	NC_028633	76571
1750	NC_028703	44685
1750	NC_028704	106132
677	NC_028719	90397
2456	NC_028720	183675
2456	NC_028721	62337
2648	NC_028727	347893
2648	NC_028728	347889
997	NC_028729	136215
1475	NC_029211	49455
1043	NC_029212	482602
1455	NC_029214	1112727
2456	NC_029221	128810
938	NC_029232	519246
1273	NC_029241	682621
959	NC_029243	210372
2637	NC_029332	1672020
1717	NC_029334	38785
1717	NC_029335	97979
1717	NC_029336	412662
1752	NC_029337	90675
1456	NC_029339	1006121
310	NC_029363	798536
287	NC_029364	164262
223	NC_029365	164263
2183	NC_029370	39329
2283	NC_029374	67778
2648	NC_029378	98038
2648	NC_029379	537134
895	NC_029390	481984
1729	NC_029391	55605
1590	NC_029392	48101
1590	NC_029393	85712
1729	NC_029394	110318
646	NC_029401	58934
1015	NC_029406	20997
863	NC_029411	42046
785	NC_029412	110886
785	NC_029413	110835
566	NC_029414	110875
647	NC_029415	433880
645	NC_029416	65991
631	NC_029417	121785
648	NC_029418	257006
1110	NC_029420	173701
1994	NC_029427	155132
1954	NC_029429	106141
1791	NC_029431	929407
1457	NC_029432	461633
1818	NC_029433	74825
1537	NC_029434	3469
1337	NC_029454	3605
53	NC_029456	94219
1729	NC_029469	2849586
1729	NC_029470	40922
124	NC_029483	862845
376	NC_029484	182084
2197	NC_029694	28966
61	NC_029705	169179
27	NC_029711	112611
12	NC_029712	112612
28	NC_029713	1286644
914	NC_029732	4540
1792	NC_029734	28979
1694	NC_029746	362354
938	NC_029749	323898
1425	NC_029750	17515
1751	NC_029764	327218
864	NC_029770	173423
1294	NC_029813	552843
1295	NC_029814	55320
2572	NC_029815	258219
677	NC_029827	158098
1047	NC_029828	119829
2308	NC_029829	246709
2309	NC_029830	163685
1694	NC_029833	362352
2105	NC_029847	88733
1729	NC_029850	4047
1699	NC_029874	105268
2475	NC_029881	167341
2456	NC_029882	1820310
2456	NC_029883	1812844
2473	NC_029884	330583
2424	NC_029889	48032
654	NC_029891	675501
632	NC_029892	48732
634	NC_029893	167333
647	NC_029894	1789007
721	NC_029895	38594
647	NC_029896	1245324
941	NC_029897	59382
1252	NC_029937	489059
1487	NC_029947	93293
1487	NC_029948	4714
911	NC_029949	480377
1236	NC_029950	132959
1396	NC_029951	402034
1515	NC_029952	462332
1396	NC_029953	4722
1487	NC_029954	93318
1396	NC_029955	1090025
1487	NC_029956	93304
1396	NC_029957	115506
1487	NC_029959	402705
1396	NC_029960	115494
1396	NC_029961	292710
1487	NC_029963	93280
1487	NC_029964	115464
1112	NC_029965	1441983
1515	NC_029966	115457
1793	NC_029967	54446
1396	NC_029968	674193
1396	NC_029969	131261
591	NC_029970	202377
1487	NC_029971	131256
1112	NC_029972	145668
1396	NC_029973	292681
1396	NC_029974	48220
1694	NC_030044	362374
1694	NC_030056	1830227
1895	NC_030062	258140
1895	NC_030063	211974
354	NC_030064	45005
329	NC_030065	41220
778	NC_030066	240449
912	NC_030067	240448
912	NC_030068	240450
778	NC_030069	240451
1967	NC_030166	49314
1694	NC_030167	362362
1694	NC_030168	362366
1694	NC_030171	362351
1694	NC_030177	362359
1694	NC_030178	362357
1794	NC_030180	1842555
1694	NC_030185	362341
560	NC_030194	237571
592	NC_030195	280641
1779	NC_030207	4111
2091	NC_030212	270988
1458	NC_030260	60118
1694	NC_030282	258455
910	NC_030298	63629
758	NC_030299	326968
2444	NC_030300	4580
2444	NC_030301	15945
1692	NC_030329	1177209
1717	NC_030346	347883
1717	NC_030347	97980
1717	NC_030348	45251
1717	NC_030349	302551
1549	NC_030350	45249
1717	NC_030351	1547872
759	NC_030371	1662495
2444	NC_030377	4576
2647	NC_030450	3710
654	NC_030486	29674
2456	NC_030487	80369
2417	NC_030488	91515
716	NC_030489	59788
1382	NC_030490	158166
940	NC_030491	158120
717	NC_030492	158122
914	NC_030493	33109
947	NC_030494	2057701
795	NC_030495	173847
795	NC_030496	158170
795	NC_030497	158152
2456	NC_030498	79857
717	NC_030499	158129
838	NC_030500	38726
795	NC_030501	158093
913	NC_030502	79842
2674	NC_030503	167339
2090	NC_030504	3414
2649	NC_030515	473980
2649	NC_030516	557876
633	NC_030517	1856792
996	NC_030526	1577648
1016	NC_030527	991123
1475	NC_030532	3941
466	NC_030534	82149
1844	NC_030539	210386
199	NC_030540	60011
2513	NC_030543	80379
633	NC_030544	1272966
466	NC_030545	1856776
633	NC_030546	82151
466	NC_030547	688040
466	NC_030548	1856777
466	NC_030549	1856778
466	NC_030550	1856779
466	NC_030551	1856781
466	NC_030552	1856782
466	NC_030553	1856783
466	NC_030554	1856784
466	NC_030555	1856785
466	NC_030556	1856786
239	NC_030557	1856787
466	NC_030558	692119
466	NC_030559	1856789
466	NC_030560	692121
633	NC_030563	212234
466	NC_030564	692123
466	NC_030565	692125
466	NC_030566	597312
466	NC_030567	1186147
466	NC_030568	1272982
361	NC_030569	597313
466	NC_030570	597314
474	NC_030571	163927
466	NC_030572	1186152
400	NC_030573	597315
466	NC_030574	1186154
396	NC_030575	22987
553	NC_030576	212237
522	NC_030577	1856790
633	NC_030578	692128
633	NC_030579	1272988
679	NC_030580	692130
558	NC_030581	1258705
558	NC_030582	992768
558	NC_030583	1272991
1048	NC_030596	4533
1750	NC_030598	44682
1326	NC_030599	151439
2467	NC_030609	170926
2456	NC_030611	1056926
2106	NC_030612	1867303
2456	NC_030613	1564034
795	NC_030614	313893
2456	NC_030615	300125
838	NC_030616	1198658
778	NC_030617	173852
914	NC_030618	1056944
838	NC_030619	1056843
2476	NC_030620	435776
2456	NC_030621	330548
2456	NC_030622	330556
914	NC_030623	220438
778	NC_030624	744468
2438	NC_030625	1867302
2220	NC_030630	93694
2236	NC_030631	3355
588	NC_030702	354530
97	NC_030703	666370
100	NC_030704	210729
250	NC_030705	1518434
2564	NC_030707	1574441
251	NC_030708	1097193
1426	NC_030709	707309
662	NC_030710	1499532
145	NC_030711	1874639
137	NC_030712	29712
537	NC_030713	707310
2154	NC_030755	48386
2154	NC_030757	608512
2308	NC_030761	85363
782	NC_030767	1552703
2650	NC_030775	1078588
2486	NC_030777	50346
1753	NC_030784	413747
1753	NC_030786	55363
1753	NC_030787	227308
1753	NC_030789	35925
2610	NC_031159	35883
1371	NC_031163	106564
1857	NC_031186	64480
1857	NC_031187	1735015
2184	NC_031193	73191
2184	NC_031194	73188
2559	NC_031195	158595
2560	NC_031196	122187
2076	NC_031197	122254
2076	NC_031199	73198
2076	NC_031200	163034
2560	NC_031201	253081
2076	NC_031202	59882
2076	NC_031203	253082
2554	NC_031204	122198
2560	NC_031205	122197
940	NC_031299	1859060
910	NC_031333	4530
2054	NC_031345	74695
429	NC_031371	1902783
1092	NC_031373	224355
1560	NC_031376	16924
1337	NC_031383	103351
1670	NC_031385	883788
615	NC_031386	328401
392	NC_031398	1903715
2308	NC_031410	85438
2308	NC_031420	50864
2094	NC_031421	662772
2308	NC_031422	239685
2308	NC_031423	226115
897	NC_031427	38723
2455	NC_031428	170927
2272	NC_031433	1667030
2272	NC_031434	1081573
2107	NC_031435	1238142
2107	NC_031436	39353
2017	NC_031437	476207
2026	NC_031441	223093
2402	NC_031444	223129
2626	NC_031650	83444
2027	NC_031651	286952
2237	NC_031805	1857654
1934	NC_031822	226895
2665	NC_031829	4682
1138	NC_031834	387127
1346	NC_031849	78479
2260	NC_031852	121481
1257	NC_031854	554072
1257	NC_031855	13451
1257	NC_031856	80754
2077	NC_031874	1914264
2055	NC_031881	1277824
1091	NC_031885	263335
1296	NC_031889	113480
1794	NC_031892	1897053
560	NC_031894	697036
820	NC_032008	3654
634	NC_032033	66012
634	NC_032034	314391
684	NC_032038	74654
1756	NC_032040	122250
1819	NC_032053	39510
1913	NC_032054	38859
512	NC_032060	77057
1074	NC_032078	486855
340	NC_032083	142400
1547	NC_032296	237963
1257	NC_032351	80753
1729	NC_032364	264540
2283	NC_032366	308688
2283	NC_032367	162306
392	NC_032368	1536645
914	NC_032378	305658
677	NC_032379	121770
677	NC_032383	90396
718	NC_032684	159030
559	NC_032685	76959
865	NC_032686	159045
605	NC_032687	76967
626	NC_032688	159055
649	NC_032689	68550
740	NC_032691	220690
1639	NC_032696	39511
1640	NC_032698	59045
1639	NC_032699	1821576
1488	NC_032700	39524
1488	NC_032701	50240
1995	NC_032702	1603450
1639	NC_032704	232733
1639	NC_032705	39553
1639	NC_032706	39527
1819	NC_032707	39545
1334	NC_032708	939154
680	NC_032709	51447
1639	NC_032710	1247859
1639	NC_032711	101622
1639	NC_032712	55960
1639	NC_032713	382144
1639	NC_032714	334597
392	NC_032717	266767
1162	NC_032718	1297873
1162	NC_032719	198265
1162	NC_032720	1043716
1162	NC_032721	198266
1694	NC_032724	4091
568	NC_033333	34285
1693	NC_033337	82282
2380	NC_033341	215071
1856	NC_033343	49565
1972	NC_033344	1680231
1633	NC_033345	269605
1937	NC_033346	266284
2092	NC_033355	120290
1721	NC_033364	76576
1880	NC_033365	1929855
1973	NC_033366	368681
1551	NC_033367	76577
1881	NC_033368	308559
1721	NC_033369	1348680
1754	NC_033370	252775
1551	NC_033371	1929856
1551	NC_033372	1929857
1551	NC_033373	252776
1721	NC_033374	368931
1551	NC_033375	1929859
1755	NC_033377	1929860
568	NC_033394	34286
568	NC_033395	34287
568	NC_033396	34290
568	NC_033397	34281
676	NC_033398	47631
460	NC_033399	47623
568	NC_033400	34283
676	NC_033401	47621
1820	NC_033411	119992
1820	NC_033412	1112724
2650	NC_033498	1517517
2650	NC_033499	1517519
2650	NC_033500	1517518
1647	NC_033501	233737
2173	NC_033502	1932074
1257	NC_033503	88033
226	NC_033511	220640
240	NC_033512	374961
306	NC_033513	83858
367	NC_033514	221256
346	NC_033515	374964
380	NC_033516	221257
240	NC_033517	221254
663	NC_033518	221260
319	NC_033519	374968
816	NC_033520	231488
2513	NC_033524	165701
2513	NC_033525	107817
2513	NC_033526	165702
2513	NC_033527	165700
1641	NC_033534	332336
2470	NC_033535	289753
992	NC_033862	121787
909	NC_033863	1382008
909	NC_033864	1260345
452	NC_033871	442738
392	NC_033876	765816
1489	NC_033878	180062
838	NC_033879	1859058
940	NC_033880	1859061
1092	NC_033892	91218
1092	NC_033893	91213
1092	NC_033894	243020
490	NC_033895	1661584
1297	NC_033896	83800
1297	NC_033897	859523
1297	NC_033898	89496
820	NC_033899	519315
1148	NC_033908	101653
247	NC_033910	3993
1994	NC_033913	13331
378	NC_033970	477955
1371	NC_033975	2914000
2606	NC_033978	216990
1879	NC_033979	66387
762	NC_033980	38689
2262	NC_034228	212711
2025	NC_034229	47080
2650	NC_034286	2069296
2650	NC_034287	1920187
560	NC_034290	37334
1257	NC_034295	1892573
2638	NC_034299	457768
2124	NC_034308	99300
2124	NC_034309	357460
2124	NC_034310	332337
2124	NC_034311	332338
1641	NC_034312	255881
1092	NC_034315	117167
1139	NC_034331	1971616
2536	NC_034347	101014
2631	NC_034357	537175
1490	NC_034358	3724
1642	NC_034359	369043
2672	NC_034360	264428
1605	NC_034361	2259846
1186	NC_034363	153348
866	NC_034364	28532
1717	NC_034365	59689
1717	NC_034366	81970
1527	NC_034367	228871
1252	NC_034368	108546
1429	NC_034369	152096
1491	NC_034370	85378
1717	NC_034379	81972
1298	NC_034634	241767
1371	NC_034639	32224
1788	NC_034640	170919
1955	NC_034641	1430397
1729	NC_034643	656325
1729	NC_034644	49563
1996	NC_034645	48119
760	NC_034652	512611
2295	NC_034660	48809
560	NC_034671	85571
1683	NC_034677	1980291
1683	NC_034678	1648221
654	NC_034680	28909
2092	NC_034684	375272
1687	NC_034685	13098
1728	NC_034686	330167
2090	NC_034687	86725
2045	NC_034688	49450
1687	NC_034689	124778
560	NC_034690	2708
2215	NC_034691	1548298
1873	NC_034692	13216
2215	NC_034694	660624
2125	NC_034695	925377
1521	NC_034696	3755
2491	NC_034697	130385
694	NC_034701	145745
2126	NC_034702	13569
1687	NC_034703	124794
1298	NC_034705	1571924
1298	NC_034706	1571923
1298	NC_034707	89493
1298	NC_034708	1928487
946	NC_034716	119954
1049	NC_034742	126911
1049	NC_034743	111851
1643	NC_034747	1306438
910	NC_034758	65491
910	NC_034759	29689
910	NC_034760	52545
910	NC_034761	29690
910	NC_034762	4534
910	NC_034763	83309
910	NC_034764	83308
910	NC_034765	83307
814	NC_034766	463890
2238	NC_034774	53896
1279	NC_034777	4686
1115	NC_034791	1983733
1756	NC_034792	4208
1756	NC_034793	179091
2092	NC_034801	1882728
2456	NC_034802	62335
1111	NC_034803	73154
1148	NC_034840	82315
2221	NC_034908	50507
1371	NC_034909	470525
1257	NC_034910	176861
1857	NC_034913	64478
1857	NC_034914	165200
1671	NC_034915	165710
1286	NC_034931	50117
1492	NC_034934	859264
1398	NC_034935	60130
1390	NC_034936	349476
1779	NC_034951	47970
2470	NC_034998	55513
2200	NC_035000	126362
1403	NC_035006	262757
2456	NC_035009	796746
2473	NC_035010	330559
2438	NC_035011	167342
2443	NC_035012	1035921
2443	NC_035013	330585
2456	NC_035014	798343
2473	NC_035015	330573
2456	NC_035016	106636
2456	NC_035017	435775
2439	NC_035018	330558
2456	NC_035019	2003520
2456	NC_035020	798294
2456	NC_035021	798344
2456	NC_035022	2003515
2456	NC_035023	2003513
2456	NC_035024	798271
2487	NC_035025	798321
2477	NC_035026	798269
2471	NC_035027	79849
2473	NC_035028	2003512
2443	NC_035029	1564046
2435	NC_035030	2003509
2439	NC_035031	798338
2443	NC_035032	79855
2477	NC_035033	2003517
2439	NC_035034	167337
2456	NC_035035	79832
2473	NC_035036	2003516
2438	NC_035037	798322
2456	NC_035038	2003510
2456	NC_035039	2003519
2462	NC_035040	79835
2435	NC_035041	106635
2480	NC_035042	2003514
2473	NC_035043	330575
2591	NC_035044	798336
2444	NC_035045	2003518
2487	NC_035046	798273
2473	NC_035047	798289
2456	NC_035048	330157
2456	NC_035049	673200
2456	NC_035050	2003511
2480	NC_035051	798316
1882	NC_035053	54724
1882	NC_035054	165499
1882	NC_035055	1978917
1882	NC_035056	1050841
2236	NC_035067	97169
2201	NC_035069	3349
2347	NC_035143	39350
53	NC_035154	142614
2456	NC_035224	4547
622	NC_035228	1641311
740	NC_035229	220689
1997	NC_035233	395340
1034	NC_035234	455045
2468	NC_035235	171929
1879	NC_035237	3494
953	NC_035238	151069
2451	NC_035239	29780
1213	NC_035241	2005751
2650	NC_035303	2982281
82	NC_035321	169180
75	NC_035322	154290
62	NC_035323	179350
55	NC_035324	181002
57	NC_035325	142612
61	NC_035326	172645
131	NC_035327	142613
53	NC_035328	161867
119	NC_035329	172646
53	NC_035330	363749
70	NC_035331	154289
116	NC_035332	179356
66	NC_035333	1354201
92	NC_035334	467197
45	NC_035335	467198
72	NC_035336	154291
56	NC_035337	161868
69	NC_035338	161870
74	NC_035339	469460
47	NC_035340	179353
53	NC_035341	1354204
58	NC_035342	117953
78	NC_035343	179354
53	NC_035344	1354197
1551	NC_035353	360839
1754	NC_035354	434389
1551	NC_035355	138094
1551	NC_035356	138111
1721	NC_035357	2010879
1644	NC_035358	368674
1579	NC_035361	368676
1757	NC_035362	2010880
1758	NC_035363	2010881
1551	NC_035365	104597
1551	NC_035366	2010883
1757	NC_035367	85225
1551	NC_035368	1715887
1551	NC_035369	2010884
1858	NC_035370	368926
1551	NC_035371	360851
1551	NC_035372	1715890
1551	NC_035373	1715891
1551	NC_035374	360853
1348	NC_035375	360856
1493	NC_035376	2010892
1551	NC_035377	1715894
1551	NC_035378	2010893
1721	NC_035379	2010895
1551	NC_035380	360857
1757	NC_035381	368691
1759	NC_035382	360858
1721	NC_035383	360859
1551	NC_035384	649679
1493	NC_035385	2010896
1493	NC_035386	2010897
1551	NC_035387	1068520
1722	NC_035388	1049788
1551	NC_035389	2010902
1551	NC_035390	1715899
2613	NC_035391	1715900
1493	NC_035392	2010903
1349	NC_035393	1053365
1551	NC_035394	2010904
1551	NC_035395	360861
1551	NC_035396	2010906
2028	NC_035397	2010907
1551	NC_035398	360866
797	NC_035413	91224
2198	NC_035415	4371
1350	NC_035416	173386
1645	NC_035417	4362
1731	NC_035418	168123
2456	NC_035492	167343
1017	NC_035499	69721
2536	NC_035500	101012
2536	NC_035501	101013
1404	NC_035505	1155789
1404	NC_035506	34199
1117	NC_035511	264418
1117	NC_035512	2017959
2658	NC_035513	358669
2394	NC_035514	369024
1383	NC_035515	98020
2611	NC_035516	1465651
867	NC_035517	2017767
1459	NC_035518	2017768
867	NC_035519	2017769
761	NC_035520	65968
761	NC_035521	1400639
868	NC_035522	40583
762	NC_035523	2017770
762	NC_035524	2017771
993	NC_035525	2017772
546	NC_035526	59279
714	NC_035527	57053
714	NC_035528	2875320
1220	NC_035529	221758
798	NC_035532	2017774
915	NC_035533	2017775
1220	NC_035534	221755
762	NC_035535	57205
1214	NC_035536	182318
1214	NC_035537	2018057
1214	NC_035538	1603832
1214	NC_035539	197088
1214	NC_035540	2018058
1214	NC_035541	182319
1214	NC_035542	182320
1214	NC_035543	941577
1214	NC_035544	194716
1214	NC_035545	59677
1214	NC_035546	182321
2314	NC_035548	193516
695	NC_035551	68554
1371	NC_035566	320146
1552	NC_035569	172644
1297	NC_035570	4689
1324	NC_035574	536625
1259	NC_035588	82312
1148	NC_035589	79002
1297	NC_035590	85370
1148	NC_035591	82317
1148	NC_035592	89789
1723	NC_035624	94286
1363	NC_035625	106552
1169	NC_035637	101617
1324	NC_035639	197085
1696	NC_035640	182325
1324	NC_035641	182296
1324	NC_035642	197096
1324	NC_035643	182316
1324	NC_035644	2021137
1324	NC_035645	107826
1214	NC_035646	182305
1696	NC_035647	941567
1324	NC_035648	2021136
1696	NC_035649	941568
1696	NC_035650	941581
1324	NC_035651	542752
1324	NC_035652	674061
1795	NC_035653	2021135
1753	NC_035654	1938279
2090	NC_035657	86749
1492	NC_035662	859262
1363	NC_035671	106570
1371	NC_035672	106571
1795	NC_035678	182329
1298	NC_035681	202155
1324	NC_035686	197095
1324	NC_035687	197097
1324	NC_035688	536627
1324	NC_035689	182307
1696	NC_035690	182309
1696	NC_035691	182322
1214	NC_035692	182302
1324	NC_035693	182315
1324	NC_035694	197086
1696	NC_035695	155545
1696	NC_035696	184083
1696	NC_035697	59679
1696	NC_035698	184084
1214	NC_035699	182306
1312	NC_035700	182312
1384	NC_035701	129297
1522	NC_035702	55373
1753	NC_035703	210373
1324	NC_035704	194715
1384	NC_035705	107821
1760	NC_035706	107827
1974	NC_035707	125053
1522	NC_035708	335940
1760	NC_035709	182331
1580	NC_035710	125047
1731	NC_035711	55371
1731	NC_035712	167985
939	NC_035723	574487
1779	NC_035724	45834
820	NC_035727	252529
2239	NC_035729	201515
650	NC_035732	1262102
1779	NC_035742	28526
397	NC_035743	2019967
397	NC_035744	75722
53	NC_035745	431188
2456	NC_035750	154761
2456	NC_035751	106893
2456	NC_035753	183674
1754	NC_035760	1795068
1754	NC_035761	434394
1754	NC_035762	434381
1754	NC_035763	434380
1761	NC_035764	434379
1761	NC_035765	434377
1761	NC_035766	1899344
2621	NC_035767	1582538
1761	NC_035768	434375
1761	NC_035769	434373
1761	NC_035770	1899343
2667	NC_035771	1902834
1761	NC_035772	368665
1761	NC_035773	434370
1761	NC_035774	368664
1761	NC_035775	360843
1761	NC_035776	434368
1761	NC_035777	434367
1761	NC_035778	434366
84	NC_035829	331189
141	NC_035830	2025843
101	NC_035831	1499537
538	NC_035832	1306921
149	NC_035833	225553
197	NC_035834	342001
2297	NC_035876	2029165
1337	NC_035878	506485
1521	NC_035880	434060
1326	NC_035891	378224
1072	NC_035895	125261
976	NC_035896	232788
1998	NC_035941	161261
2123	NC_035947	268873
2123	NC_035948	469442
2123	NC_035949	164243
445	NC_035950	137228
1694	NC_035952	49451
2090	NC_035956	215555
2506	NC_035957	99010
1050	NC_035959	1739658
1092	NC_035960	91214
2536	NC_035961	3747
1092	NC_035965	91216
1092	NC_035966	91217
1092	NC_035967	16719
182	NC_035968	59052
1279	NC_035969	272862
1124	NC_035970	261434
1553	NC_035971	2033002
2494	NC_035972	81729
1016	NC_035973	80338
820	NC_035974	1567104
820	NC_035975	260675
1148	NC_035988	82311
1148	NC_035989	78998
1297	NC_035990	84056
1124	NC_035995	261425
1494	NC_035996	470286
1018	NC_035997	2033023
1351	NC_035998	2016532
1639	NC_035999	1035810
779	NC_036000	51459
2353	NC_036002	128609
1337	NC_036009	756011
1927	NC_036010	216510
1215	NC_036014	29655
1937	NC_036017	496568
869	NC_036019	2039006
491	NC_036036	76453
392	NC_036040	77070
1606	NC_036052	16922
1697	NC_036071	2041126
2029	NC_036072	2041127
1928	NC_036073	210362
1762	NC_036074	2041130
1724	NC_036075	2041131
1672	NC_036076	2041132
2589	NC_036077	2041133
2078	NC_036078	113203
1883	NC_036079	673919
2078	NC_036080	1441989
1673	NC_036082	2041135
2630	NC_036083	2041137
1352	NC_036084	54173
2127	NC_036085	268274
1956	NC_036086	2041112
1725	NC_036087	2041113
1725	NC_036088	2041114
1725	NC_036089	2041116
1725	NC_036090	2041117
1725	NC_036091	2041119
1725	NC_036092	2041120
1725	NC_036093	2041121
1725	NC_036094	2041122
1763	NC_036095	105189
2029	NC_036096	2041123
2240	NC_036097	76578
1764	NC_036098	16430
2295	NC_036100	1245227
2172	NC_036101	1205707
1884	NC_036102	200492
1337	NC_036105	884146
1523	NC_036109	1915067
1859	NC_036110	763953
1859	NC_036111	358661
1019	NC_036112	348281
696	NC_036113	318917
795	NC_036114	158147
780	NC_036115	1671114
795	NC_036116	158165
1090	NC_036117	1478600
2456	NC_036118	2057680
940	NC_036119	1565112
781	NC_036120	1056933
838	NC_036121	2041602
916	NC_036122	1671078
838	NC_036123	416047
1020	NC_036124	1718245
795	NC_036125	997066
781	NC_036126	1755048
677	NC_036127	1755046
677	NC_036128	338578
795	NC_036129	1262099
948	NC_036130	1485642
1326	NC_036133	23207
1050	NC_036134	2041848
917	NC_036135	1592219
917	NC_036136	555432
917	NC_036140	555431
697	NC_036141	1348122
917	NC_036142	2041849
1427	NC_036151	47091
2340	NC_036154	112799
1903	NC_036221	82271
1903	NC_036222	1049775
1903	NC_036223	82279
2336	NC_036304	1705841
1869	NC_036311	1735385
1337	NC_036336	226012
234	NC_036341	58228
366	NC_036342	141752
465	NC_036350	2051922
73	NC_036355	117954
2273	NC_036367	126418
1371	NC_036368	147045
1337	NC_036371	694578
138	NC_036372	78812
138	NC_036373	1312023
859	NC_036384	154765
1521	NC_036394	105667
1002	NC_036395	2053062
1554	NC_036412	3645
2295	NC_036413	1492673
2295	NC_036414	405728
2073	NC_036416	4330
2525	NC_036423	32239
1656	NC_036485	261450
2271	NC_036487	714519
1522	NC_036489	251593
1886	NC_036494	2056444
1886	NC_036495	2056445
1886	NC_036496	2056446
1886	NC_036497	2056447
1886	NC_036498	2056448
1886	NC_036499	2056449
1886	NC_036500	2056450
1886	NC_036501	2056451
1886	NC_036502	2056452
1886	NC_036503	3013920
2128	NC_036505	3661
2128	NC_036506	3662
1337	NC_036509	754097
1337	NC_036510	545888
1428	NC_036660	167573
1581	NC_036661	48532
2263	NC_036662	1861790
2395	NC_036670	548677
1014	NC_036681	58286
635	NC_036682	1985980
938	NC_036683	38708
2456	NC_036684	91508
636	NC_036685	1704221
2541	NC_036686	366476
781	NC_036687	42053
636	NC_036688	1465622
1021	NC_036689	29679
795	NC_036690	158105
2030	NC_036691	1755061
636	NC_036692	1245316
2396	NC_036694	161069
895	NC_036696	399643
593	NC_036697	1986162
2199	NC_036698	1986163
895	NC_036699	65988
938	NC_036700	47452
941	NC_036701	500244
941	NC_036703	500268
859	NC_036704	158163
1253	NC_036705	177115
870	NC_036706	649768
582	NC_036707	110909
780	NC_036708	221759
785	NC_036709	110913
582	NC_036710	160593
871	NC_036711	211937
716	NC_036712	158095
994	NC_036713	211939
681	NC_036714	270102
1299	NC_036715	1986161
2456	NC_036716	866555
397	NC_036718	75699
1257	NC_036723	88034
1855	NC_036733	337188
258	NC_036742	2060075
232	NC_036743	2060074
262	NC_036744	1971661
1280	NC_036751	109058
1280	NC_036752	3516
1280	NC_036753	109063
1280	NC_036754	253216
1280	NC_036755	109470
1280	NC_036756	253218
1280	NC_036757	109069
1280	NC_036758	109072
2436	NC_036759	350427
1216	NC_036761	375005
1385	NC_036762	161753
1337	NC_036764	103352
719	NC_036807	3673
2603	NC_036808	3668
782	NC_036813	179660
782	NC_036814	387606
782	NC_036815	146640
782	NC_036816	146659
813	NC_036817	2067800
782	NC_036818	2067801
782	NC_036819	863006
782	NC_036820	387600
782	NC_036821	2067802
782	NC_036822	1531501
813	NC_036823	2067799
782	NC_036824	519258
782	NC_036825	591236
782	NC_036826	2067803
648	NC_036827	309978
2509	NC_036828	51020
1051	NC_036829	66656
1324	NC_036830	4443
1733	NC_036835	245822
883	NC_036836	1071398
883	NC_036837	1071399
1300	NC_036929	167760
1726	NC_036932	1642857
910	NC_036934	77588
1075	NC_036935	649195
959	NC_036940	452568
2017	NC_036942	1684752
2017	NC_036943	1970665
413	NC_036958	53081
1698	NC_036960	112844
1702	NC_036961	1544808
1495	NC_036962	50461
1885	NC_036963	357223
1495	NC_036964	352371
2225	NC_036968	1000418
1190	NC_036969	29788
1369	NC_036970	254777
2322	NC_036971	53159
2322	NC_036972	53161
918	NC_036973	93036
1045	NC_036974	29659
1045	NC_036975	89684
1993	NC_036976	137665
1727	NC_036977	286986
1254	NC_036978	246360
2200	NC_036979	2057968
2273	NC_036980	2057972
2200	NC_036981	2057969
2273	NC_036982	55183
2200	NC_036983	126540
2200	NC_036984	2057970
2200	NC_036985	495751
2273	NC_036986	2057971
2200	NC_036987	34270
1975	NC_036989	1303698
1975	NC_036990	1002523
1075	NC_036992	252847
2090	NC_037000	86741
2090	NC_037001	86742
2090	NC_037002	86744
2090	NC_037003	1185392
2090	NC_037004	2732320
2090	NC_037005	114509
1771	NC_037021	1736113
1374	NC_037022	2080251
895	NC_037024	666006
895	NC_037025	665494
895	NC_037026	665498
895	NC_037027	665499
895	NC_037028	2081768
895	NC_037029	2835873
895	NC_037030	665519
895	NC_037031	2038769
895	NC_037032	2038770
895	NC_037033	665525
895	NC_037034	2081770
895	NC_037035	2081774
895	NC_037036	2081767
895	NC_037037	1408263
1252	NC_037038	1532388
1252	NC_037039	192972
1429	NC_037040	1352232
760	NC_037077	35708
1765	NC_037079	700924
1765	NC_037080	700922
1765	NC_037081	326261
2185	NC_037083	192261
2457	NC_037084	169987
2444	NC_037087	4563
2221	NC_037145	13674
1229	NC_037151	157914
1327	NC_037152	264981
651	NC_037157	110894
594	NC_037158	160581
908	NC_037159	196905
377	NC_037160	37687
651	NC_037161	1245685
2538	NC_037162	345916
720	NC_037163	1227975
948	NC_037164	348265
414	NC_037165	294294
941	NC_037166	59281
782	NC_037167	191680
836	NC_037168	29682
636	NC_037169	751720
1046	NC_037170	146037
2200	NC_037171	490838
698	NC_037176	43168
917	NC_037179	1348125
2360	NC_037184	86148
1386	NC_037190	76098
1796	NC_037194	640772
2665	NC_037199	166816
1252	NC_037209	859524
18	NC_037212	446036
1429	NC_037213	279669
1252	NC_037214	152094
1252	NC_037215	1352233
1259	NC_037216	152091
1252	NC_037217	1352234
198	NC_037223	179741
1905	NC_037226	2029557
1905	NC_037227	2029656
1905	NC_037228	2029556
1607	NC_037229	2029555
1905	NC_037230	353929
1905	NC_037231	2029554
1905	NC_037232	353931
2665	NC_037240	88845
1002	NC_037242	197122
1821	NC_037243	64134
1913	NC_037247	29719
995	NC_037250	179994
1353	NC_037251	124947
503	NC_037358	3818
53	NC_037361	906689
995	NC_037362	587579
783	NC_037392	148910
1797	NC_037400	252972
2303	NC_037401	1752765
2241	NC_037407	123601
595	NC_037410	210376
453	NC_037411	179731
504	NC_037412	124846
411	NC_037413	351344
429	NC_037414	1085088
429	NC_037415	113624
392	NC_037416	3691
429	NC_037417	492479
313	NC_037418	295327
429	NC_037419	179740
313	NC_037420	2107771
313	NC_037421	242124
397	NC_037422	75708
397	NC_037423	2107772
397	NC_037424	426352
397	NC_037425	2107773
427	NC_037426	688348
397	NC_037427	1244996
397	NC_037428	891976
397	NC_037429	2107774
76	NC_037438	309532
259	NC_037440	1462506
995	NC_037442	201012
2200	NC_037446	38873
953	NC_037447	128017
839	NC_037448	99658
1886	NC_037455	2099405
1886	NC_037456	2099417
1886	NC_037457	1676596
1886	NC_037458	2099428
1886	NC_037459	2099437
1905	NC_037460	353977
1886	NC_037461	3013917
2135	NC_037462	140035
1324	NC_037472	450940
2606	NC_037473	1233953
2646	NC_037475	78190
1524	NC_037477	1813010
615	NC_037482	328402
2297	NC_037485	222567
684	NC_037492	577514
974	NC_037494	45325
1387	NC_037495	29766
2031	NC_037506	2138605
1387	NC_037514	159960
1252	NC_037517	84044
664	NC_037518	408194
465	NC_037519	545886
2031	NC_037693	188317
1821	NC_037694	66699
523	NC_037696	2768810
1252	NC_037699	84058
53	NC_037700	257359
1380	NC_037705	516549
1910	NC_037706	1974217
1999	NC_037711	48109
1692	NC_037714	3832
1303	NC_037716	55575
1728	NC_037717	357959
1773	NC_037753	28529
1162	NC_037758	1737302
1656	NC_037759	261447
2647	NC_037760	208936
1608	NC_037761	162678
1301	NC_037762	183789
1217	NC_037763	3850
1255	NC_037764	653049
2668	NC_037765	653098
1766	NC_037766	1954645
1555	NC_037767	228518
1255	NC_037768	162677
492	NC_037784	190245
2509	NC_037830	198035
1256	NC_037831	33128
1537	NC_037832	22694
2650	NC_037838	3730
1162	NC_037840	1737301
1521	NC_037849	1501231
1521	NC_037850	983195
1729	NC_037852	1533308
1821	NC_037881	4396
1302	NC_037882	182070
1822	NC_037883	1008903
1929	NC_037884	1009483
2000	NC_037885	208873
2610	NC_037911	43178
2610	NC_037912	89647
2610	NC_037913	35885
1822	NC_037940	13413
1525	NC_037948	4392
1798	NC_037950	79612
1547	NC_037951	224736
1405	NC_037952	134526
1342	NC_037953	486689
1342	NC_037954	2137014
1699	NC_037955	179998
2108	NC_037991	321598
1750	NC_037994	44683
492	NC_038057	252110
83	NC_038076	154292
53	NC_038077	142611
53	NC_038078	1269200
53	NC_038079	858932
1729	NC_038088	2689076
1257	NC_038092	2267876
1257	NC_038093	2267877
2308	NC_038094	226101
2308	NC_038095	215070
2308	NC_038096	226106
2308	NC_038097	226099
2308	NC_038098	226102
684	NC_038102	197613
1730	NC_038103	168834
1257	NC_038131	2267878
1093	NC_038153	2213114
467	NC_038161	83859
2195	NC_038165	38868
420	NC_038170	374966
1324	NC_038181	182298
1148	NC_038193	59082
995	NC_038200	520510
1844	NC_038209	2060930
2128	NC_038229	3663
1257	NC_039127	139401
1257	NC_039128	143389
1257	NC_039129	139403
1257	NC_039130	78607
1124	NC_039133	34193
547	NC_039159	37660
547	NC_039160	79078
547	NC_039161	79081
1252	NC_039162	859535
1430	NC_039178	194712
1887	NC_039347	2108135
1683	NC_039348	1271601
1823	NC_039349	1271610
1242	NC_039350	2108136
2509	NC_039371	47742
1363	NC_039374	416286
1326	NC_039379	97309
2092	NC_039395	375264
1779	NC_039412	1879227
1779	NC_039413	2304587
1779	NC_039414	1097642
1779	NC_039415	1879258
1779	NC_039416	1097620
1779	NC_039417	1670882
905	NC_039418	1642859
1609	NC_039424	44976
1022	NC_039426	397392
1191	NC_039433	46969
1148	NC_039436	82319
795	NC_039448	1424547
795	NC_039449	547455
838	NC_039450	1056880
1888	NC_039451	1484106
1888	NC_039452	714493
1694	NC_039457	113208
1694	NC_039458	304161
795	NC_039459	313900
795	NC_039460	313903
795	NC_039461	151521
795	NC_039462	158149
795	NC_039463	547433
975	NC_039464	313899
1753	NC_039554	665996
1753	NC_039555	13493
1753	NC_039556	268844
2092	NC_039557	2042888
676	NC_039568	2304166
568	NC_039569	34289
568	NC_039570	34291
1062	NC_039575	2304229
2236	NC_039581	97173
2236	NC_039582	425948
2283	NC_039584	162305
2201	NC_039585	3346
2123	NC_039586	71652
2285	NC_039587	71648
2388	NC_039597	87676
1779	NC_039598	488919
2093	NC_039599	666133
1779	NC_039600	329777
1779	NC_039601	488922
1779	NC_039602	404689
1779	NC_039603	666132
1779	NC_039604	329803
1779	NC_039605	329779
1779	NC_039606	115666
1779	NC_039607	329772
1779	NC_039608	205524
1779	NC_039609	329765
1713	NC_039610	329798
1779	NC_039611	329760
2105	NC_039613	252738
2105	NC_039614	196513
2105	NC_039615	71644
2105	NC_039616	139307
1074	NC_039619	2184936
2056	NC_039621	92927
1994	NC_039622	41782
1052	NC_039624	106572
1227	NC_039625	248848
1324	NC_039626	674062
1901	NC_039627	146539
874	NC_039628	2184935
1342	NC_039634	1304680
1342	NC_039635	1503374
1342	NC_039636	51255
1342	NC_039637	2306360
1405	NC_039638	486690
1324	NC_039645	147926
1192	NC_039651	112879
1335	NC_039653	210377
1860	NC_039654	39358
2665	NC_039661	166818
1799	NC_039668	398306
919	NC_039672	167570
919	NC_039673	49664
1431	NC_039674	101609
2575	NC_039677	63353
2297	NC_039678	2079031
2202	NC_039679	48537
1337	NC_039680	96939
1337	NC_039681	345149
1337	NC_039682	754098
1337	NC_039683	390140
1337	NC_039684	2983818
1303	NC_039691	167584
2513	NC_039692	40320
2513	NC_039693	165788
2513	NC_039694	113210
2513	NC_039695	241756
2108	NC_039704	75067
1218	NC_039707	55571
1388	NC_039708	35874
2310	NC_039719	48517
2546	NC_039720	111108
1243	NC_039726	63051
2517	NC_039727	1184750
1432	NC_039728	63056
2337	NC_039729	63060
1610	NC_039730	228586
1906	NC_039731	194264
1646	NC_039732	1603294
1767	NC_039734	63057
1521	NC_039735	151430
2425	NC_039740	2316892
1496	NC_039743	349366
1799	NC_039748	516548
1864	NC_039752	99437
1729	NC_039760	54711
2297	NC_039761	1279188
2297	NC_039762	1204778
1768	NC_039763	1472306
1118	NC_039776	580341
2242	NC_039781	608811
1337	NC_039782	1239141
1337	NC_039783	3605
1337	NC_039784	246827
1337	NC_039785	153476
1337	NC_039786	754104
1337	NC_039787	754105
1337	NC_039788	1046264
1337	NC_039789	228411
1337	NC_039790	2448766
1337	NC_039791	754102
1337	NC_039792	754101
1337	NC_039793	103355
1337	NC_039794	1051312
1337	NC_039795	754099
1337	NC_039796	345147
1337	NC_039797	1749390
1337	NC_039798	1046261
1337	NC_039799	2448764
1337	NC_039800	754096
1337	NC_039801	1046257
1337	NC_039802	1046255
1337	NC_039803	345145
1337	NC_039804	1755456
1337	NC_039805	103353
1337	NC_039806	1239137
1303	NC_039807	394301
1728	NC_039808	374971
2105	NC_039809	71623
939	NC_039815	482283
1318	NC_039825	54855
1303	NC_039834	55570
1303	NC_039835	55572
1303	NC_039836	29710
1303	NC_039837	55576
1388	NC_039838	55578
1303	NC_039850	2072995
1303	NC_039851	1640672
1354	NC_039853	2072996
1303	NC_039854	2072997
1303	NC_039855	167593
1303	NC_039856	55580
2368	NC_039924	137435
995	NC_039925	241841
1280	NC_039930	3517
1355	NC_039932	2051892
1824	NC_039933	13258
1257	NC_039934	12990
1257	NC_039935	12991
1257	NC_039936	176857
1257	NC_039937	2306214
1257	NC_039938	139404
1257	NC_039939	176864
2090	NC_039941	1185390
840	NC_039943	593754
2650	NC_039952	1906384
2650	NC_039953	1906385
1347	NC_039954	264409
2650	NC_039955	283746
2650	NC_039956	1822399
2650	NC_039957	1822400
2650	NC_039958	664052
2650	NC_039959	1822401
2629	NC_039960	1822402
2650	NC_039961	664053
1857	NC_039973	165716
1639	NC_039976	1035811
1076	NC_039983	2486838
971	NC_039984	2486839
2449	NC_039985	66646
684	NC_039989	74647
1280	NC_039991	109066
2606	NC_039992	216994
2606	NC_039993	223244
2606	NC_039994	78630
2606	NC_039995	216989
2606	NC_039996	38787
1257	NC_039997	176859
1257	NC_039998	80751
1257	NC_039999	2035532
1257	NC_040000	754787
1257	NC_040001	176868
782	NC_040002	862990
995	NC_040009	459165
2444	NC_040111	79824
2438	NC_040112	106892
1269	NC_040113	497687
2221	NC_040116	124780
2321	NC_040121	1986522
1590	NC_040122	357851
1521	NC_040125	151332
2443	NC_040127	1092577
2473	NC_040128	977929
2443	NC_040129	798276
2444	NC_040130	330570
2456	NC_040131	883134
1821	NC_040141	292912
2221	NC_040144	124782
1318	NC_040164	112568
1371	NC_040170	106556
1868	NC_040178	4102
2665	NC_040222	35875
1460	NC_040223	1126415
2636	NC_040849	3711
997	NC_040851	97750
997	NC_040852	97749
1999	NC_040857	187269
1092	NC_040864	1370057
392	NC_040866	118781
313	NC_040867	2501770
313	NC_040868	1393206
313	NC_040869	2501769
313	NC_040870	2501768
392	NC_040871	550460
313	NC_040872	2501767
429	NC_040873	2501766
429	NC_040874	688333
411	NC_040928	3690
411	NC_040929	3696
2155	NC_040935	3999
1798	NC_040937	79615
2555	NC_040944	138902
429	NC_040953	2040574
2090	NC_040954	86739
1162	NC_040958	45187
1342	NC_040959	638627
684	NC_040960	117265
1342	NC_040961	180558
1342	NC_040962	447670
1405	NC_040963	447669
1976	NC_040964	29746
1825	NC_040965	365556
1123	NC_040966	2029437
2665	NC_040972	48666
387	NC_040980	2517251
1700	NC_040984	48391
1556	NC_040992	36777
1257	NC_040995	2501417
1280	NC_040996	253212
684	NC_040997	74648
991	NC_040999	37723
2283	NC_041067	3334
1162	NC_041074	172643
2489	NC_041081	699964
1800	NC_041087	4045
818	NC_041088	3677
2321	NC_041091	342060
2321	NC_041092	587670
1094	NC_041103	1173001
1254	NC_041104	1700993
2105	NC_041108	71649
1694	NC_041110	112863
959	NC_041117	223753
2222	NC_041119	149022
2009	NC_041125	153558
1794	NC_041126	1609849
1731	NC_041127	85887
1731	NC_041128	86865
1356	NC_041129	212706
1647	NC_041130	362732
1731	NC_041131	363218
2596	NC_041132	153521
1731	NC_041133	167990
1731	NC_041134	167987
1731	NC_041135	167989
1731	NC_041136	168115
1794	NC_041137	167983
2009	NC_041138	153554
1731	NC_041139	85889
2201	NC_041150	2152832
1826	NC_041163	96568
2636	NC_041167	3712
1731	NC_041171	168120
1219	NC_041178	13044
123	NC_041179	78719
115	NC_041180	428214
123	NC_041181	210728
216	NC_041182	214676
216	NC_041183	492483
250	NC_041184	2042393
216	NC_041185	28472
216	NC_041186	322100
250	NC_041187	210730
216	NC_041188	858887
2109	NC_041189	669720
29	NC_041190	2315981
1123	NC_041191	64595
1193	NC_041199	176126
2610	NC_041203	129202
2610	NC_041204	35882
2610	NC_041205	129206
2610	NC_041206	1393931
2610	NC_041207	129207
2610	NC_041208	2518009
1095	NC_041209	714646
1422	NC_041210	667250
1560	NC_041213	161873
475	NC_041239	76025
942	NC_041245	45172
1305	NC_041249	66025
2220	NC_041253	85622
2220	NC_041254	445235
1304	NC_041255	2518636
1732	NC_041258	714108
965	NC_041261	2054445
1649	NC_041271	150983
1827	NC_041275	85172
1611	NC_041276	122299
1119	NC_041279	114151
1648	NC_041281	49618
1160	NC_041306	203094
444	NC_041309	78826
548	NC_041413	1399668
2678	NC_041419	47082
2354	NC_041424	2315787
2057	NC_041432	3735
596	NC_041433	77060
859	NC_041434	35872
2090	NC_041435	85868
1300	NC_041437	28930
1002	NC_041438	190243
788	NC_041441	82439
2156	NC_041442	1603844
132	NC_041446	1715883
117	NC_041447	2528289
1258	NC_041449	32201
2110	NC_041459	323707
2110	NC_041460	82528
1371	NC_041461	309349
2200	NC_041463	56029
2236	NC_041464	425836
154	NC_041465	536149
1696	NC_041467	182324
1696	NC_041468	182323
1696	NC_041469	182310
1696	NC_041470	941575
1696	NC_041471	941570
1696	NC_041472	941573
1324	NC_041473	182300
2189	NC_041474	1882389
1406	NC_041475	944281
1701	NC_041478	1055743
741	NC_041479	1686258
1140	NC_041485	210370
1769	NC_041488	41786
1930	NC_041492	2545981
895	NC_041507	2518351
895	NC_041508	665536
1696	NC_041509	2545962
1795	NC_041510	197077
146	NC_041511	536147
158	NC_041512	536148
127	NC_041513	1189605
129	NC_041514	1276866
158	NC_041515	536150
154	NC_041516	1003621
158	NC_041517	536152
158	NC_041518	536153
2523	NC_041519	468866
127	NC_041520	536162
158	NC_041521	536163
79	NC_041522	536165
2389	NC_041525	64022
1861	NC_041526	387928
2286	NC_041527	64045
1557	NC_041528	218851
1557	NC_041529	46965
418	NC_041530	93606
2111	NC_041532	3449
1862	NC_041533	64029
2311	NC_041534	37494
1557	NC_041535	168836
2243	NC_041536	93211
1461	NC_041537	3444
1977	NC_041538	235900
2274	NC_041539	39106
1749	NC_041540	171900
1558	NC_041541	432642
943	NC_041542	171908
1862	NC_041543	64047
784	NC_041544	476039
1779	NC_041551	103871
1779	NC_041552	50514
1116	NC_041553	278654
1096	NC_041557	2546637
1115	NC_041558	798302
1220	NC_041559	2546638
1220	NC_041560	2546639
1220	NC_041561	1980155
1305	NC_041562	1393008
1220	NC_041563	883138
1328	NC_041564	2546640
1115	NC_041565	1056488
2264	NC_041566	2546641
1220	NC_041567	1433400
2264	NC_041568	1980154
1328	NC_041569	798304
1115	NC_041570	2546642
1115	NC_041571	2546643
1220	NC_041572	2546644
1115	NC_041573	1980159
1115	NC_041574	154000
2308	NC_041579	226103
1590	NC_041580	76119
1597	NC_041582	369422
2339	NC_041583	316486
2365	NC_041584	316474
1597	NC_041585	316468
1779	NC_041586	2082853
1779	NC_041587	317814
1779	NC_041588	856881
1779	NC_041589	317815
1661	NC_041590	561125
1779	NC_041591	317818
1779	NC_041592	315332
1779	NC_041593	315334
1779	NC_041594	73574
1779	NC_041595	856884
1779	NC_041596	205531
1779	NC_041597	205532
1779	NC_041598	172263
1779	NC_041599	856892
1779	NC_041600	2082851
1779	NC_041601	160510
1779	NC_041602	4108
1779	NC_041603	317820
1779	NC_041604	200525
1779	NC_041605	1050191
1779	NC_041606	172792
1779	NC_041607	172797
1779	NC_041608	1128165
1779	NC_041609	610331
1779	NC_041610	317826
1779	NC_041611	856976
1779	NC_041612	317824
1779	NC_041613	172793
1779	NC_041614	198039
1779	NC_041615	73573
1779	NC_041616	172794
1779	NC_041617	856981
1779	NC_041618	710640
1779	NC_041619	445678
1779	NC_041620	317829
1779	NC_041621	710638
1779	NC_041622	4115
1779	NC_041623	317832
1779	NC_041624	856984
1779	NC_041625	172790
1779	NC_041626	50273
1779	NC_041627	62893
1779	NC_041628	52705
1779	NC_041629	172796
1779	NC_041630	42755
1779	NC_041631	257458
1779	NC_041634	315348
1931	NC_041637	1867291
1976	NC_041648	287721
1612	NC_041649	34190
1324	NC_041672	2547459
2462	NC_042144	66014
2439	NC_042145	106888
2025	NC_042146	74614
1731	NC_042148	363216
1863	NC_042153	285590
2665	NC_042154	743498
2665	NC_042155	858900
2665	NC_042156	2490641
2665	NC_042157	743505
2665	NC_042158	743511
2665	NC_042159	743513
2173	NC_042160	1938265
2173	NC_042161	1938269
1978	NC_042164	235734
1895	NC_042167	258162
1733	NC_042178	300888
648	NC_042187	1043351
648	NC_042188	262758
648	NC_042189	121788
1733	NC_042190	183944
1371	NC_042192	106567
370	NC_042193	142860
684	NC_042194	74651
341	NC_042197	141753
1699	NC_042201	180069
1694	NC_042204	112883
278	NC_042211	1387318
623	NC_042223	176135
1674	NC_042225	2568490
1141	NC_042227	100521
1141	NC_042228	182176
1337	NC_042235	714442
1337	NC_042236	416091
699	NC_042237	1629762
645	NC_042238	751591
1097	NC_042239	183298
1729	NC_042242	99507
1731	NC_042252	168120
1862	NC_042253	64034
1873	NC_042254	450287
2200	NC_042262	1296280
2200	NC_042265	424909
2200	NC_042269	1471837
1979	NC_042270	126360
2200	NC_042271	166594
2299	NC_042272	84810
2215	NC_042273	85216
2200	NC_042275	2491098
2273	NC_042276	2491099
2369	NC_042277	41398
2200	NC_042278	167908
2381	NC_042279	126564
2200	NC_042280	2563121
2361	NC_042281	1382063
2361	NC_042282	1085342
2200	NC_042283	2491090
2200	NC_042284	2491091
2058	NC_042371	49683
2200	NC_042372	1489473
2361	NC_042373	1296274
2200	NC_042374	1489476
2200	NC_042375	2491246
2200	NC_042376	2563118
2200	NC_042377	93977
2200	NC_042385	2491093
2273	NC_042386	2491094
2200	NC_042387	2491095
2273	NC_042388	2491101
1613	NC_042390	41241
2201	NC_042394	77912
1259	NC_042398	63788
1429	NC_042399	83802
871	NC_042403	1053335
2626	NC_042404	2571015
804	NC_042405	1126022
1864	NC_042408	99438
2236	NC_042410	45372
2612	NC_042415	70937
2200	NC_042424	490843
2200	NC_042425	1028355
2200	NC_042426	992666
2200	NC_042427	1081051
2200	NC_042428	549149
2186	NC_042444	113205
2200	NC_042446	126361
2200	NC_042447	126363
2273	NC_042448	126403
2200	NC_042449	38872
2200	NC_042450	56040
2200	NC_042451	56032
2200	NC_042452	126421
2200	NC_042453	126426
2200	NC_042454	46072
2200	NC_042455	126541
2200	NC_042456	126542
2200	NC_042457	126543
2200	NC_042458	126547
2200	NC_042459	126548
2200	NC_042460	126553
2287	NC_042461	323693
2200	NC_042462	424906
2200	NC_042463	424914
2200	NC_042464	96521
2200	NC_042465	126558
2200	NC_042466	126561
2200	NC_042467	126566
2227	NC_042468	126368
938	NC_042671	323096
973	NC_042672	323895
2626	NC_042673	52139
2090	NC_042680	211003
496	NC_042681	3522
149	NC_042686	665586
1389	NC_042688	714503
473	NC_042692	77009
1319	NC_042693	587870
1746	NC_042700	429560
895	NC_042701	487927
574	NC_042702	388691
841	NC_042703	211935
871	NC_042704	391966
2541	NC_042705	480614
524	NC_042706	125241
1045	NC_042707	2703948
2538	NC_042708	497292
841	NC_042709	375857
2541	NC_042710	366488
804	NC_042711	376115
2023	NC_042713	190543
1023	NC_042714	142738
2275	NC_042715	321593
2275	NC_042716	564016
516	NC_042718	413952
1614	NC_042719	190524
742	NC_042720	593753
2663	NC_042726	138327
2129	NC_042727	2495447
2486	NC_042735	65978
1734	NC_042739	137004
2288	NC_042743	13573
2323	NC_042744	13419
2323	NC_042745	300218
2495	NC_042746	16906
1132	NC_042747	4726
1319	NC_042748	688281
2456	NC_042751	1564044
1964	NC_042766	168491
2047	NC_042767	2567862
2236	NC_042775	97167
2236	NC_042776	342582
2236	NC_042777	745662
2236	NC_042778	90345
2200	NC_042782	389174
2200	NC_042783	1539464
2200	NC_042784	2491097
2200	NC_042785	126416
2200	NC_042786	1125365
2123	NC_042788	42064
2456	NC_042789	132711
2456	NC_042790	171959
944	NC_042819	98588
946	NC_042821	130512
1729	NC_042826	165353
2565	NC_042827	207932
743	NC_042830	751716
1220	NC_042831	2528937
785	NC_042832	2528930
618	NC_042834	751642
798	NC_042835	751736
700	NC_042836	1137531
635	NC_042837	2528922
681	NC_042838	160545
654	NC_042839	66004
593	NC_042840	883148
2612	NC_042841	56147
2612	NC_042842	66812
2612	NC_042843	66818
2612	NC_042844	2576623
2612	NC_042845	66815
2612	NC_042846	66816
2612	NC_042848	47084
2612	NC_042850	70962
2612	NC_042851	70950
2607	NC_042852	70938
2609	NC_042853	70952
2612	NC_042856	66807
721	NC_042858	293749
903	NC_042859	751589
651	NC_042860	751723
651	NC_042861	2576611
651	NC_042862	1697080
651	NC_042863	1844069
651	NC_042864	1245681
651	NC_042865	1914353
651	NC_042867	751732
651	NC_042868	1245684
651	NC_042869	1844070
651	NC_042870	1245682
651	NC_042871	1844071
651	NC_042872	1245680
1306	NC_042874	160690
1879	NC_042884	241857
1060	NC_042885	1686260
997	NC_042886	136217
1801	NC_042894	162025
2032	NC_042903	2358325
789	NC_042906	2583285
1497	NC_042912	2583372
1905	NC_042916	2358313
1905	NC_042917	2358314
1905	NC_042918	353927
1905	NC_042919	2358320
1905	NC_042920	2358327
2370	NC_042923	423499
2370	NC_042924	423500
1802	NC_042925	40796
2370	NC_042926	242209
2370	NC_042927	369350
2370	NC_042928	61222
2370	NC_042929	40788
2032	NC_042931	2358316
2032	NC_042934	2358322
2610	NC_042935	89639
2610	NC_042936	89640
2610	NC_042937	2029529
2610	NC_042938	2575953
2610	NC_042939	2029530
2610	NC_042940	2575954
2610	NC_042941	89660
682	NC_042942	2029531
976	NC_042950	885948
2289	NC_042954	1501482
1907	NC_042955	1501477
539	NC_043774	55496
1462	NC_043793	2559493
1675	NC_043794	2559494
1053	NC_043796	228647
1735	NC_043798	2559495
2021	NC_043799	40015
1329	NC_043804	376213
1908	NC_043805	216165
1615	NC_043806	260119
1801	NC_043807	597418
1932	NC_043808	43153
1142	NC_043809	672974
920	NC_043810	40009
1615	NC_043811	2559496
1895	NC_043829	659592
414	NC_043837	4601
535	NC_043838	4586
473	NC_043839	4515
524	NC_043840	4597
414	NC_043841	4588
959	NC_043844	223751
2092	NC_043848	98583
2121	NC_043856	88732
1857	NC_043861	165782
995	NC_043862	155636
995	NC_043863	2590898
1900	NC_043867	1267433
2377	NC_043873	204149
2200	NC_043874	56036
1148	NC_043876	79000
397	NC_043878	439901
744	NC_043881	190515
504	NC_043884	312356
426	NC_043885	2590034
575	NC_043886	312358
782	NC_043891	591210
782	NC_043892	411665
782	NC_043893	1197757
782	NC_043894	863050
371	NC_043896	124850
1521	NC_043901	36596
1371	NC_043902	106563
118	NC_043905	1053618
1524	NC_043912	325278
2283	NC_043913	369397
996	NC_043919	289766
1326	NC_043921	378228
2665	NC_043922	130426
492	NC_043923	93780
492	NC_043924	2171973
2173	NC_043925	300536
1326	NC_043926	232787
782	NC_043931	2593287
782	NC_043932	1569451
782	NC_043933	862988
782	NC_043934	146645
782	NC_043935	2593291
782	NC_043936	1676232
782	NC_043937	146649
782	NC_043938	146650
782	NC_043939	146654
782	NC_043940	1676237
782	NC_043941	1676246
782	NC_043942	1676233
782	NC_043943	2593288
782	NC_043944	1676239
782	NC_043945	146646
782	NC_043946	1676253
782	NC_043947	1676250
1750	NC_043952	45211
1750	NC_043953	44589
1750	NC_043954	44684
2226	NC_044073	2172029
1913	NC_044082	294733
483	NC_044084	459581
976	NC_044085	1799574
684	NC_044094	74645
945	NC_044100	247892
1616	NC_044105	1603716
2021	NC_044106	1679311
484	NC_044108	15000
1194	NC_044113	499991
1319	NC_044114	466223
1319	NC_044115	926279
1195	NC_044116	132452
1433	NC_044117	862910
1024	NC_044118	129218
2561	NC_044119	63789
1326	NC_044123	136465
684	NC_044126	128735
2626	NC_044147	4497
2626	NC_044148	1892225
2626	NC_044157	146534
2626	NC_044158	146529
2626	NC_044159	83522
2626	NC_044160	223562
2626	NC_044161	146532
2626	NC_044163	366594
2626	NC_044164	398447
2626	NC_044165	146535
2626	NC_044166	283873
2626	NC_044167	83523
2626	NC_044168	40828
2626	NC_044169	4500
2626	NC_044170	4499
2626	NC_044171	38783
2626	NC_044172	398446
2626	NC_044173	146530
2626	NC_044174	37663
2626	NC_044175	311213
1649	NC_044185	1744888
2665	NC_044411	113213
2665	NC_044412	165650
1422	NC_044418	654617
397	NC_044419	2511006
392	NC_044462	1550601
1077	NC_044467	210143
1077	NC_044468	93759
2665	NC_044470	48873
1162	NC_044473	29740
2306	NC_044477	1898808
2314	NC_044478	193515
2314	NC_044479	193518
2375	NC_044481	446113
2375	NC_044482	1128769
814	NC_044486	77586
938	NC_044487	1552698
813	NC_044488	2067800
188	NC_044626	59353
1252	NC_044628	1768213
1252	NC_044629	152095
1252	NC_044630	2249442
1252	NC_044631	1461640
1252	NC_044632	744034
393	NC_044633	337206
1252	NC_044636	152092
1559	NC_044637	49668
202	NC_044644	231484
1161	NC_044645	1567550
2665	NC_044666	4681
1676	NC_044667	43545
2232	NC_044668	1685549
454	NC_044691	1037063
623	NC_044692	2604687
623	NC_044693	176129
623	NC_044694	137457
1326	NC_044701	42229
2665	NC_044709	4683
1617	NC_044718	253017
1075	NC_044746	199627
1075	NC_044747	252870
1463	NC_044761	210943
1618	NC_044767	2606559
1075	NC_044774	648859
997	NC_044775	94328
1526	NC_044779	2294062
1416	NC_044780	2607986
1619	NC_044797	193468
1619	NC_044798	37824
977	NC_044799	86842
978	NC_044800	989269
1330	NC_044801	230031
1619	NC_044802	77620
1619	NC_044803	193474
1398	NC_044805	346429
1390	NC_044806	123676
1498	NC_044807	604165
1464	NC_044808	39326
1398	NC_044809	860740
1458	NC_044810	60119
1650	NC_044811	16905
1458	NC_044812	16902
2495	NC_044813	164436
2495	NC_044814	60121
2495	NC_044815	16903
2495	NC_044816	234389
1458	NC_044817	367354
1736	NC_044818	28501
1736	NC_044819	228625
1736	NC_044820	4283
1736	NC_044821	60120
1737	NC_044822	4282
1737	NC_044823	164435
1737	NC_044824	164434
1650	NC_044825	367350
1560	NC_044828	16925
1398	NC_044829	52833
1618	NC_044830	193483
1620	NC_044831	193494
1498	NC_044832	86875
1498	NC_044833	108595
1582	NC_044834	123682
1465	NC_044835	23101
1466	NC_044836	152292
1618	NC_044838	228042
1583	NC_044839	228060
1492	NC_044841	152286
1398	NC_044842	860753
1331	NC_044843	1623353
2001	NC_044844	55377
2001	NC_044845	185766
1865	NC_044846	16911
978	NC_044847	228628
2606	NC_044852	659875
1738	NC_044862	2038526
260	NC_044895	2594721
535	NC_044900	52714
1521	NC_044965	140661
255	NC_044968	44964
1699	NC_045043	180068
1342	NC_045045	370638
1875	NC_045046	180562
1025	NC_045047	180073
1434	NC_045048	180074
2002	NC_045049	626364
1584	NC_045050	180067
1561	NC_045051	59180
1699	NC_045053	86867
1699	NC_045054	105883
1585	NC_045055	179859
1699	NC_045056	77623
1246	NC_045061	4202
1547	NC_045062	432674
1699	NC_045063	486693
1405	NC_045064	486661
1884	NC_045070	858915
1143	NC_045071	2479786
1318	NC_045077	228395
1396	NC_045079	1089943
1396	NC_045080	1089944
1396	NC_045081	2021205
1396	NC_045082	2544925
2107	NC_045083	1408783
2107	NC_045084	2545923
2107	NC_045085	1903578
2107	NC_045086	1799609
2107	NC_045087	586722
2107	NC_045088	70770
887	NC_045096	1691898
1803	NC_045098	1073919
1933	NC_045099	55383
1803	NC_045100	59982
1221	NC_045104	53908
1221	NC_045105	2650787
905	NC_045106	499992
2059	NC_045111	59970
1803	NC_045112	2508515
1889	NC_045113	1341709
1803	NC_045114	2650784
1803	NC_045115	2650783
1803	NC_045116	2650782
1803	NC_045117	2650785
1803	NC_045118	2650786
378	NC_045121	318071
875	NC_045125	258320
729	NC_045126	1608486
1729	NC_045182	491196
1729	NC_045183	996943
1729	NC_045184	99506
1699	NC_045193	2589404
2515	NC_045211	13708
1828	NC_045219	134525
1326	NC_045230	2491139
404	NC_045233	2664490
333	NC_045234	2664491
430	NC_045235	1679365
997	NC_045241	136221
997	NC_045242	136218
1244	NC_045272	218618
1748	NC_045273	1280383
2143	NC_045275	110867
1677	NC_045276	54456
444	NC_045278	53103
402	NC_045279	53109
305	NC_045280	38862
1337	NC_045281	231512
1098	NC_045284	197121
1257	NC_045287	78632
1257	NC_045288	126981
1257	NC_045289	126986
1257	NC_045290	101193
1257	NC_045291	126984
1257	NC_045292	13452
1276	NC_045294	123564
362	NC_045297	509014
461	NC_045298	20342
1144	NC_045299	162940
1160	NC_045300	203098
1337	NC_045307	2599121
1371	NC_045308	106550
1078	NC_045309	2675841
1371	NC_045310	2675844
1332	NC_045311	141003
1371	NC_045312	52522
1371	NC_045313	52521
1371	NC_045314	32219
1371	NC_045315	35968
1371	NC_045316	52524
1371	NC_045317	52529
1371	NC_045318	1143211
1371	NC_045319	1768849
1371	NC_045320	52536
1332	NC_045321	141002
1371	NC_045322	32231
1371	NC_045323	1898940
1371	NC_045324	133198
1371	NC_045325	36614
1371	NC_045326	2675837
1371	NC_045327	2675839
1371	NC_045328	2675838
1371	NC_045329	2675840
1371	NC_045330	36624
1371	NC_045331	140999
1371	NC_045332	2675834
1371	NC_045333	2675835
1371	NC_045334	398295
1371	NC_045335	193303
1371	NC_045336	23211
1371	NC_045337	36622
1371	NC_045338	2675831
1371	NC_045339	690323
1371	NC_045340	690309
1371	NC_045341	690318
1371	NC_045342	1603823
1371	NC_045343	2980405
1371	NC_045344	661343
1371	NC_045345	1581416
1371	NC_045346	589999
1371	NC_045347	1581417
1371	NC_045348	2024535
1371	NC_045349	590000
1371	NC_045350	2675829
1371	NC_045351	2675836
1371	NC_045352	661344
1371	NC_045353	2675832
1371	NC_045354	2675833
1078	NC_045355	661349
1371	NC_045356	690313
1371	NC_045357	690320
1371	NC_045358	1248458
1371	NC_045359	2675830
485	NC_045380	446899
1141	NC_045384	39529
485	NC_045385	106464
485	NC_045386	106463
1467	NC_045388	72187
1371	NC_045389	106549
1371	NC_045390	106567
1078	NC_045391	36594
1371	NC_045392	36604
1371	NC_045393	106557
392	NC_045396	1393200
2112	NC_045398	86642
823	NC_045399	1072387
203	NC_045402	591961
626	NC_045403	2676863
1980	NC_045405	542673
13	NC_045406	2678729
1371	NC_045409	2654653
1371	NC_045410	106547
1371	NC_045411	193308
1371	NC_045412	661356
1371	NC_045413	2109368
1371	NC_045414	1826815
1371	NC_045415	36610
1371	NC_045416	664754
1371	NC_045417	1826816
1371	NC_045418	2906878
1371	NC_045419	193300
1371	NC_045420	36618
1371	NC_045421	2305213
1371	NC_045422	661346
1371	NC_045423	193503
1371	NC_045424	3095559
1990	NC_045516	24964
347	NC_045518	34188
1639	NC_045519	1035808
2594	NC_045520	931182
1819	NC_045534	2494235
1371	NC_045840	2704055
348	NC_045842	466243
2665	NC_045843	283479
2665	NC_045844	1491824
2666	NC_045845	743500
815	NC_045850	1848406
77	NC_045851	1525817
252	NC_045854	1354200
1578	NC_045855	1577577
108	NC_045856	1354203
595	NC_045859	1085434
1252	NC_045860	1461639
1252	NC_045861	108543
133	NC_045862	1470429
858	NC_045863	71610
1804	NC_045865	1202501
535	NC_045871	37730
530	NC_045873	229543
2236	NC_045884	123605
1202	NC_045890	2708604
1586	NC_045891	1477590
1148	NC_045894	279687
1148	NC_045895	279663
121	NC_045896	327332
426	NC_045898	179723
1487	NC_045907	145669
1888	NC_045908	387930
2665	NC_045911	105339
2665	NC_045912	105302
2665	NC_045913	105306
2244	NC_045915	291310
624	NC_045919	1009479
1993	NC_045920	286874
561	NC_045925	349097
561	NC_045926	217073
938	NC_045941	338490
2450	NC_045942	2705373
120	NC_045945	906698
1026	NC_045946	37565
2650	NC_045948	3728
2108	NC_046015	2609018
1236	NC_046017	180981
2532	NC_046022	2681627
2655	NC_046030	105305
2024	NC_046038	374729
2173	NC_046040	413731
2090	NC_046054	86738
2665	NC_046059	165651
1162	NC_046061	2699524
1844	NC_046062	153525
1844	NC_046063	153528
1844	NC_046064	153542
2273	NC_046065	2706573
904	NC_046385	1045248
1023	NC_046389	714517
380	NC_046390	2594871
273	NC_046391	2594872
323	NC_046392	2594875
513	NC_046393	2594873
306	NC_046394	2594874
1385	NC_046396	49801
2157	NC_046397	65043
2239	NC_046409	41386
700	NC_046413	1878968
2025	NC_046414	2714159
1399	NC_046415	170924
1092	NC_046427	91226
1092	NC_046428	91225
1092	NC_046429	2762697
1092	NC_046430	85252
1092	NC_046431	210135
1092	NC_046432	91219
1092	NC_046433	91209
1435	NC_046434	139932
1258	NC_046435	1370056
1092	NC_046436	2527819
513	NC_046448	374962
513	NC_046449	374960
531	NC_046450	374967
1454	NC_046451	49675
816	NC_046452	83861
1160	NC_046453	203103
296	NC_046454	221253
816	NC_046455	374954
215	NC_046456	374957
273	NC_046457	221255
380	NC_046458	49666
745	NC_046459	221258
273	NC_046460	1045496
872	NC_046461	49670
1148	NC_046464	82336
1252	NC_046472	152090
1259	NC_046473	152088
1857	NC_046477	165720
744	NC_046482	2695833
1829	NC_046483	99446
946	NC_046486	40007
2473	NC_046489	796860
795	NC_046490	217170
873	NC_046498	81762
763	NC_046506	137697
1857	NC_046507	165201
944	NC_046517	1333497
2004	NC_046520	532141
947	NC_046568	2712858
1258	NC_046572	139927
674	NC_046576	707311
1123	NC_046579	245167
997	NC_046582	105379
2108	NC_046585	75096
782	NC_046587	387589
1699	NC_046599	1112105
2113	NC_046601	1569713
997	NC_046602	136209
997	NC_046685	136216
595	NC_046687	112819
1822	NC_046692	1127564
343	NC_046695	137226
377	NC_046696	4491
417	NC_046697	4485
377	NC_046698	77602
1324	NC_046699	2547915
2530	NC_046700	4013
1211	NC_046702	78372
700	NC_046729	1137516
948	NC_046730	1137538
948	NC_046731	41982
948	NC_046732	1137519
2651	NC_046737	48117
1557	NC_046738	1291456
2527	NC_046739	393623
1521	NC_046742	552838
615	NC_046744	2099537
602	NC_046745	2099541
588	NC_046746	1226112
615	NC_046747	2714546
1318	NC_046752	152838
1139	NC_046755	2714856
764	NC_046758	210369
1683	NC_046770	166115
1683	NC_046771	690494
1739	NC_046772	2715293
532	NC_046773	44947
1937	NC_046774	52451
1374	NC_046777	1826813
2272	NC_046781	516069
1547	NC_046782	237951
1279	NC_046783	100515
2470	NC_046786	289741
1194	NC_046791	648866
2300	NC_046796	13363
245	NC_046801	1200765
637	NC_046802	1127247
415	NC_046803	419410
192	NC_046805	1200768
191	NC_046806	78836
191	NC_046807	78837
169	NC_046808	111597
164	NC_046810	431294
674	NC_046812	309526
674	NC_046813	1715879
180	NC_046816	2598666
218	NC_046817	1035805
178	NC_046818	413035
237	NC_046819	762807
190	NC_046820	59324
93	NC_046821	1499526
2004	NC_046822	2715958
684	NC_046824	74652
1468	NC_046829	71251
1371	NC_046834	2716537
2203	NC_046835	1441374
1319	NC_046836	556514
2412	NC_046837	255348
2183	NC_046838	49212
817	NC_046842	340444
701	NC_046844	68535
997	NC_046845	97736
2033	NC_046846	152355
2324	NC_046853	1348741
2157	NC_046854	326839
949	NC_046855	210344
874	NC_046857	386184
569	NC_046858	386182
1163	NC_046859	383665
1120	NC_046860	198836
1054	NC_046861	386150
1054	NC_046862	229694
842	NC_046863	386243
818	NC_046864	1054457
1079	NC_046865	463179
818	NC_046866	654837
921	NC_046867	1144424
888	NC_046868	1144436
2130	NC_046869	386639
665	NC_046870	387129
1027	NC_046871	2806871
1099	NC_046872	703387
1407	NC_046873	386173
702	NC_046874	386154
818	NC_046875	685060
744	NC_046876	386201
1770	NC_046879	52462
818	NC_046882	1144464
818	NC_046883	1144448
818	NC_046884	1144454
921	NC_046885	2613913
581	NC_046891	1981893
1639	NC_046895	1129362
1639	NC_046896	2053718
1639	NC_046897	1803867
1829	NC_046936	63358
1829	NC_046937	63360
1829	NC_046938	4400
2058	NC_046941	152363
1683	NC_046947	152138
1143	NC_047059	3897
2526	NC_047061	20340
2131	NC_047176	180581
2606	NC_047177	312783
1321	NC_047178	33125
1931	NC_047180	1968119
1771	NC_047181	1968120
1651	NC_047182	241935
1436	NC_047191	253046
2344	NC_047192	1785620
1100	NC_047193	2717818
1100	NC_047194	2717819
152	NC_047197	1312024
1258	NC_047200	139926
462	NC_047206	2717847
2362	NC_047211	616954
2518	NC_047213	512756
1121	NC_047214	2718939
1994	NC_047215	161272
2204	NC_047228	114194
2204	NC_047229	649009
922	NC_047232	2544936
875	NC_047233	2544934
923	NC_047234	174218
979	NC_047235	258323
1934	NC_047236	873451
1313	NC_047237	406422
1779	NC_047245	126910
1999	NC_047246	52570
1873	NC_047247	49511
858	NC_047248	110723
1437	NC_047249	219868
365	NC_047250	1220707
1047	NC_047251	339493
576	NC_047280	161114
1562	NC_047281	66093
1562	NC_047282	66096
1055	NC_047284	396491
1729	NC_047287	473995
1829	NC_047288	3020272
2311	NC_047292	37494
2293	NC_047293	1127172
2174	NC_047294	104301
684	NC_047295	74635
1731	NC_047297	363217
1844	NC_047298	153537
411	NC_047300	1593301
843	NC_047301	2723580
1307	NC_047302	43522
1080	NC_047310	48131
1260	NC_047311	28958
1308	NC_047313	32256
324	NC_047314	241839
352	NC_047317	162694
405	NC_047320	162690
1196	NC_047321	54894
799	NC_047322	327148
597	NC_047323	20679
270	NC_047324	2082043
291	NC_047325	301889
1144	NC_047326	1237535
765	NC_047327	162646
461	NC_047328	162898
284	NC_047329	162644
2132	NC_047331	2723573
324	NC_047332	162730
324	NC_047333	2806813
1438	NC_047334	32252
1439	NC_047335	162878
320	NC_047336	162812
503	NC_047337	130453
1587	NC_047341	225114
2025	NC_047343	74613
194	NC_047345	162734
1408	NC_047346	508915
493	NC_047347	1911670
1028	NC_047349	149639
355	NC_047351	162923
1389	NC_047352	256639
1029	NC_047353	539102
405	NC_047355	1358851
1333	NC_047356	32244
463	NC_047357	2723574
468	NC_047358	1911668
1261	NC_047359	162883
1056	NC_047363	948959
1081	NC_047365	43366
1562	NC_047369	66094
1391	NC_047370	670325
1588	NC_047371	140937
800	NC_047372	140951
1678	NC_047373	1608033
2034	NC_047375	49825
1357	NC_047377	2723577
1562	NC_047379	162936
1047	NC_047381	2184280
1409	NC_047382	206309
267	NC_047385	162836
363	NC_047388	162715
2568	NC_047389	458340
1164	NC_047390	2723576
1143	NC_047392	53827
2325	NC_047393	104316
406	NC_047394	162783
950	NC_047395	149681
455	NC_047396	162669
1740	NC_047399	114317
1222	NC_047400	948715
1957	NC_047401	2723579
1410	NC_047402	3816
1334	NC_047406	261420
2090	NC_047409	86768
167	NC_047413	536166
1092	NC_047415	2725380
1916	NC_047416	265497
2090	NC_047417	86771
684	NC_047418	2725675
997	NC_047420	105383
1590	NC_047428	642897
1844	NC_047429	59680
159	NC_047432	2726370
175	NC_047433	1189609
2290	NC_047437	16752
53	NC_047439	117978
1521	NC_047442	88123
1405	NC_047443	105885
314	NC_047446	76036
904	NC_047450	200056
1318	NC_047451	267271
1318	NC_047452	272140
1411	NC_047453	108053
1411	NC_047454	317637
1279	NC_047458	272863
722	NC_047463	2726726
1446	NC_047468	155022
2312	NC_047469	263974
1392	NC_047470	339321
219	NC_047471	63476
1279	NC_047472	272846
2021	NC_047473	685943
789	NC_047474	293060
1913	NC_047475	34256
2079	NC_047476	141317
1401	NC_047477	296036
1223	NC_047482	903998
2314	NC_047483	193523
2273	NC_047484	389109
2369	NC_047485	389179
2058	NC_048451	49681
2090	NC_048453	86754
134	NC_048458	1189608
158	NC_048459	331203
2090	NC_048460	114511
1072	NC_048461	125259
1072	NC_048462	125263
586	NC_048463	161118
1547	NC_048464	2719321
2536	NC_048474	64942
2175	NC_048478	4189
1469	NC_048492	100532
2646	NC_048493	50454
2517	NC_048498	63053
2200	NC_048503	126554
2273	NC_048504	329231
997	NC_048505	136224
2205	NC_048509	74709
2235	NC_048512	2684401
1694	NC_048514	300354
1694	NC_048515	304153
786	NC_048518	3638
539	NC_048519	55455
2187	NC_048520	127127
431	NC_048522	4477
2003	NC_048524	1501466
1326	NC_048528	1642855
1440	NC_048889	208863
629	NC_048891	217619
1695	NC_048952	210363
1866	NC_048953	35974
366	NC_048955	141750
2090	NC_048958	2735986
2090	NC_048959	2735990
2090	NC_048960	2735985
1411	NC_048961	16049
577	NC_048970	28475
421	NC_048971	78384
924	NC_048972	487139
514	NC_048973	78374
1829	NC_048981	366470
1110	NC_048982	300208
293	NC_048983	1220708
2090	NC_048992	101471
2384	NC_048993	152188
1197	NC_048994	210347
1829	NC_048995	64109
1197	NC_048996	201010
1826	NC_048997	54454
379	NC_048998	98587
1030	NC_048999	557028
2135	NC_049000	211926
997	NC_049006	311405
1702	NC_049007	616996
1702	NC_049008	499988
1702	NC_049009	1661389
279	NC_049014	481254
1031	NC_049017	4707
1252	NC_049018	79001
1358	NC_049019	59027
1031	NC_049020	59099
1145	NC_049021	1355408
385	NC_049022	49657
207	NC_049023	1045147
248	NC_049024	299601
801	NC_049025	59029
598	NC_049026	49460
221	NC_049027	2729209
2533	NC_049037	478290
2531	NC_049038	478332
1702	NC_049043	107308
1702	NC_049044	450026
1679	NC_049045	1237534
1702	NC_049046	1353446
2188	NC_049047	2739820
1702	NC_049048	705301
1679	NC_049049	1353464
1702	NC_049050	2739821
1729	NC_049051	2448746
1633	NC_049052	496671
1567	NC_049053	2448748
1729	NC_049054	496672
1729	NC_049055	1553917
1729	NC_049056	99510
1729	NC_049057	496674
1729	NC_049058	2448757
2470	NC_049060	298668
2470	NC_049061	298670
1935	NC_049062	496702
925	NC_049080	1071187
925	NC_049081	2741211
925	NC_049082	100170
925	NC_049083	108278
925	NC_049084	1071199
1262	NC_049086	83951
2227	NC_049090	178765
2326	NC_049093	1334537
2665	NC_049099	138318
2665	NC_049100	70757
2665	NC_049101	743502
2666	NC_049102	165633
2665	NC_049103	105307
2665	NC_049104	105308
2665	NC_049105	166822
2665	NC_049106	165662
1844	NC_049107	2741634
2562	NC_049108	995770
2597	NC_049110	271749
349	NC_049111	210380
1359	NC_049112	999555
1371	NC_049113	106568
1371	NC_049114	2741545
926	NC_049129	145756
2470	NC_049131	298664
846	NC_049137	655494
846	NC_049138	1313104
703	NC_049139	1312016
846	NC_049140	467326
846	NC_049141	1072386
846	NC_049142	1312015
846	NC_049143	2604358
846	NC_049144	1202985
846	NC_049145	1217313
846	NC_049146	2604359
846	NC_049147	467327
846	NC_049148	1428772
846	NC_049149	1312017
414	NC_049153	85679
414	NC_049154	4589
2670	NC_049155	284589
2314	NC_049156	193531
1499	NC_049157	179843
787	NC_049158	125022
417	NC_049159	129744
1703	NC_049160	1043438
2461	NC_049569	2742969
2638	NC_049574	169068
2650	NC_049575	457778
2632	NC_049576	1366939
2669	NC_049577	457767
1772	NC_049578	359814
2650	NC_049579	537117
2650	NC_049580	571357
2650	NC_049581	457770
1773	NC_049582	1799556
1774	NC_049583	586512
2650	NC_049584	347880
2647	NC_049585	359818
2639	NC_049586	126270
1527	NC_049587	202778
2650	NC_049588	580998
1680	NC_049589	359865
1720	NC_049590	1248441
2660	NC_049591	571374
2650	NC_049592	1579394
1772	NC_049593	115938
1772	NC_049594	486118
2650	NC_049595	264427
1772	NC_049596	359822
1772	NC_049597	115924
1772	NC_049598	115925
1772	NC_049599	72658
1772	NC_049600	115930
2650	NC_049601	264432
1421	NC_049602	278950
1423	NC_049603	82356
2650	NC_049604	300841
1495	NC_049605	416611
1604	NC_049606	416612
1885	NC_049607	50463
2650	NC_049608	71322
2650	NC_049609	457792
1592	NC_049610	558123
2652	NC_049611	71338
1638	NC_049612	97993
998	NC_049613	97989
2650	NC_049614	220483
2650	NC_049615	228876
1100	NC_049616	1819373
1592	NC_049617	82288
2640	NC_049618	1400615
1347	NC_049619	311912
1423	NC_049620	558138
1198	NC_049621	202635
2647	NC_049623	87302
1652	NC_049624	980117
2458	NC_049625	983599
1774	NC_049626	763965
2647	NC_049627	311941
1528	NC_049628	282596
2647	NC_049629	95413
1604	NC_049630	763963
1604	NC_049631	89411
2647	NC_049633	161951
1652	NC_049634	98002
1772	NC_049635	1370069
2641	NC_049636	347890
2650	NC_049637	536395
1772	NC_049638	1137569
1774	NC_049639	167684
2650	NC_049640	81980
2650	NC_049641	71350
2650	NC_049642	359846
2650	NC_049643	302141
2654	NC_049644	664009
2650	NC_049645	664011
2650	NC_049646	300830
2650	NC_049647	302120
2650	NC_049648	97864
1470	NC_049649	1398675
1890	NC_049650	153321
2642	NC_049651	302114
1775	NC_049652	1862636
1470	NC_049653	1533111
1704	NC_049654	2982282
2650	NC_049655	190884
1423	NC_049656	359856
2653	NC_049657	224274
2661	NC_049658	169074
2650	NC_049659	153659
1441	NC_049660	153338
1981	NC_049662	345534
1281	NC_049663	153358
1621	NC_049665	691208
2650	NC_049666	544825
1717	NC_049667	1520945
1720	NC_049668	359859
2642	NC_049669	1400624
1867	NC_049670	478944
1774	NC_049671	313683
1604	NC_049672	391730
2650	NC_049673	581001
2345	NC_049674	691214
2625	NC_049675	126278
1347	NC_049676	359867
1717	NC_049677	1533221
2649	NC_049678	85228
2662	NC_049679	1400636
2650	NC_049680	106785
2650	NC_049681	369028
2650	NC_049682	107243
1622	NC_049683	98021
2650	NC_049684	2498596
2650	NC_049685	664029
1717	NC_049686	664034
2650	NC_049687	71234
1371	NC_049863	2054446
1563	NC_049867	35926
1141	NC_049869	100506
1141	NC_049870	100505
2380	NC_049872	85439
1999	NC_049874	49556
2587	NC_049879	50801
1162	NC_049883	63058
1750	NC_049884	665685
2557	NC_049885	159372
1751	NC_049886	50309
1751	NC_049887	50314
1751	NC_049888	50323
1751	NC_049889	52501
2636	NC_049891	51350
1653	NC_049897	2777731
997	NC_050035	136220
858	NC_050036	136213
997	NC_050037	136223
997	NC_050038	251764
997	NC_050039	136207
997	NC_050040	136222
1879	NC_050048	479794
2405	NC_050051	74656
380	NC_050052	2706224
2183	NC_050053	268933
2363	NC_050054	1046566
1371	NC_050059	106566
2283	NC_050064	3335
1092	NC_050065	1141591
1112	NC_050163	184783
1072	NC_050165	518704
1868	NC_050169	418041
1779	NC_050204	1050191
1779	NC_050205	875672
1779	NC_050206	2650462
1779	NC_050207	80418
1779	NC_050208	136614
1779	NC_050209	682313
1779	NC_050210	875673
2090	NC_050211	215544
837	NC_050212	1043333
1360	NC_050243	110763
1564	NC_050244	690499
1224	NC_050245	175050
1032	NC_050246	175090
1242	NC_050247	2021927
1139	NC_050248	2021928
2517	NC_050249	1037060
615	NC_050250	67938
1229	NC_050251	478038
1259	NC_050268	82313
1148	NC_050269	82327
1403	NC_050270	385014
1288	NC_050285	2986133
1729	NC_050292	203717
1830	NC_050296	714495
938	NC_050300	1763976
615	NC_050306	354528
2060	NC_050347	1755846
2221	NC_050348	2126358
1198	NC_050353	2759425
1324	NC_050354	1454363
1857	NC_050357	165719
1057	NC_050358	54804
1681	NC_050371	82930
274	NC_050384	1009475
1324	NC_050388	542725
1324	NC_050389	648848
2626	NC_050395	146533
896	NC_050402	368345
914	NC_050403	2762469
414	NC_050404	52709
1891	NC_050405	388684
1891	NC_050406	388675
704	NC_050407	368355
704	NC_050408	330867
844	NC_050409	368395
1082	NC_050410	545880
914	NC_050411	795688
914	NC_050412	1620044
914	NC_050413	2071910
914	NC_050414	888266
1014	NC_050415	42048
469	NC_050416	29672
2538	NC_050417	640611
1844	NC_050645	153531
1844	NC_050646	153530
238	NC_050648	227256
845	NC_050650	155640
456	NC_050652	212401
2587	NC_050656	50802
2146	NC_050666	291318
2158	NC_050684	125041
341	NC_050687	141728
2094	NC_050689	215068
1547	NC_050741	1190427
2331	NC_050744	1579233
938	NC_050745	338498
938	NC_050746	225828
938	NC_050747	280848
938	NC_050748	871758
938	NC_050749	871764
938	NC_050750	871751
938	NC_050751	573726
938	NC_050752	29671
938	NC_050753	1873511
938	NC_050754	1182954
938	NC_050755	387594
938	NC_050756	338505
938	NC_050757	2737000
938	NC_050758	2736999
938	NC_050759	871754
938	NC_050760	1915233
938	NC_050761	2059500
938	NC_050762	338489
938	NC_050763	280849
938	NC_050764	871752
938	NC_050765	338494
938	NC_050766	318044
938	NC_050767	338519
938	NC_050768	495764
938	NC_050769	338518
938	NC_050770	871744
938	NC_050771	1929884
938	NC_050772	871748
938	NC_050773	1873501
938	NC_050774	318041
938	NC_050775	1763977
938	NC_050776	231030
938	NC_050777	512692
938	NC_050778	1419534
938	NC_050779	105183
938	NC_050780	58168
938	NC_050781	318049
1868	NC_050782	323115
1390	NC_050783	1030363
1831	NC_050784	253187
1705	NC_050785	537123
1383	NC_050786	253198
1383	NC_050787	253202
1529	NC_050788	253200
1705	NC_050789	663977
1165	NC_050790	359831
1705	NC_050791	368994
1705	NC_050792	763959
1393	NC_050793	97998
1500	NC_050794	359838
1605	NC_050795	763973
1706	NC_050798	369009
1383	NC_050799	253199
1832	NC_050800	664031
1225	NC_050801	763984
1706	NC_050802	359883
1706	NC_050803	369039
1706	NC_050804	369042
1470	NC_050805	359888
1605	NC_050806	253186
1442	NC_050807	375369
1442	NC_050808	2182743
476	NC_050810	375374
1706	NC_050811	744024
1565	NC_050812	375375
1706	NC_050813	359836
1442	NC_050814	375376
1442	NC_050815	375377
2582	NC_050816	375378
1565	NC_050817	264434
1442	NC_050818	375379
1682	NC_050819	369044
1245	NC_050820	491287
1682	NC_050821	594556
999	NC_050822	375382
898	NC_050823	359892
1706	NC_050824	744030
1706	NC_050825	664068
1936	NC_050826	537194
1706	NC_050827	234454
1833	NC_050828	358676
1282	NC_050829	355332
22	NC_050830	160534
1403	NC_050831	3510
1550	NC_050832	2291122
2558	NC_050833	58944
802	NC_050847	142181
1399	NC_050848	1044918
2236	NC_050849	745664
2159	NC_050853	54806
838	NC_050857	29683
341	NC_050858	141721
341	NC_050859	861273
876	NC_050860	90235
1238	NC_050861	747378
90	NC_050865	2771939
599	NC_050866	120015
877	NC_050867	309530
554	NC_050868	1541233
52	NC_050869	1541226
402	NC_050870	53071
401	NC_050871	53094
951	NC_050872	944284
1958	NC_050873	2291099
1336	NC_050877	248836
1309	NC_050878	248846
2321	NC_050895	268902
2321	NC_050896	587675
2035	NC_050897	1520033
2075	NC_050898	268918
2321	NC_050899	2263212
2291	NC_050900	38869
2183	NC_050901	180675
2075	NC_050902	268885
2321	NC_050903	342062
2036	NC_050917	171296
1834	NC_050920	441205
2003	NC_050924	425106
1118	NC_050926	82207
1879	NC_050927	463880
372	NC_050928	174650
2321	NC_050929	424424
2525	NC_050931	210861
906	NC_050934	1732552
2528	NC_050935	637904
544	NC_050936	1570123
1795	NC_050937	184572
626	NC_050939	171251
111	NC_050940	200641
1342	NC_050941	486677
2004	NC_050943	516070
2005	NC_050944	2774153
2139	NC_050945	1504638
858	NC_050946	105373
695	NC_050949	354508
1260	NC_050951	3824
1988	NC_050952	255891
2067	NC_050953	86643
1988	NC_050954	2652540
1988	NC_050955	577428
1988	NC_050956	2292707
2067	NC_050957	2652455
2067	NC_050958	2652586
1521	NC_050959	3758
2527	NC_050966	2774609
2525	NC_050967	2774627
1327	NC_050971	99292
1776	NC_050975	147027
2090	NC_050980	85854
2665	NC_050981	61299
1937	NC_050984	1155080
1991	NC_050985	22294
2006	NC_050986	3420
22	NC_050990	112613
2119	NC_050991	413484
1146	NC_050999	40000
1058	NC_051000	130508
1649	NC_051455	122310
2273	NC_051493	205695
1361	NC_051498	184140
356	NC_051502	283121
1510	NC_051503	701338
1185	NC_051504	1486345
1396	NC_051507	113250
1141	NC_051508	235913
1101	NC_051509	348465
414	NC_051511	445761
2090	NC_051512	2776144
1246	NC_051520	57009
1246	NC_051521	57203
2133	NC_051523	291312
2036	NC_051524	223878
1140	NC_051531	2653500
1879	NC_051532	309429
1834	NC_051533	2777457
782	NC_051535	387745
1501	NC_051540	153459
174	NC_051541	228806
927	NC_051543	267264
2377	NC_051544	39347
684	NC_051550	117261
2293	NC_051554	2777021
1916	NC_051556	265496
812	NC_051557	2686033
1324	NC_051559	479408
1102	NC_051560	1603695
557	NC_051870	1366160
723	NC_051871	487117
211	NC_051872	228855
195	NC_051874	487143
1740	NC_051876	1653467
578	NC_051877	1930050
615	NC_051878	1056460
1857	NC_051879	165707
1857	NC_051880	165711
1857	NC_051881	64481
1283	NC_051885	47101
1857	NC_051887	165712
1857	NC_051888	165705
1590	NC_051890	54703
1802	NC_051893	29761
1521	NC_051894	2762727
2176	NC_051895	1679287
2176	NC_051896	1358781
2176	NC_051897	126737
2060	NC_051898	2762684
2060	NC_051899	2762685
2176	NC_051900	1358782
2176	NC_051901	1679288
2060	NC_051902	1358783
2060	NC_051903	1345223
2176	NC_051904	1619366
2176	NC_051905	2762686
2176	NC_051906	1345225
2176	NC_051907	1358790
2176	NC_051908	1312777
2176	NC_051909	1358792
2176	NC_051910	128618
2176	NC_051911	1118771
2176	NC_051912	2762688
2060	NC_051913	128693
2176	NC_051914	3076337
2176	NC_051915	2762698
2176	NC_051916	2762699
2060	NC_051917	1358789
1332	NC_051947	1826795
587	NC_051949	50236
899	NC_051952	227244
1310	NC_051954	162759
895	NC_051964	665470
2209	NC_051966	694369
397	NC_051969	1508161
2463	NC_051970	180123
2467	NC_051972	170921
1194	NC_051982	1048768
2426	NC_051986	80774
2570	NC_051987	61241
2488	NC_051988	61243
1955	NC_051991	265245
1510	NC_051992	714505
1033	NC_051999	2708816
1033	NC_052000	2763563
242	NC_052001	2763564
1033	NC_052002	1679348
505	NC_052003	212297
1122	NC_052005	1317885
1166	NC_052006	544656
1166	NC_052007	2763562
1967	NC_052009	301862
1416	NC_052014	2173064
2039	NC_052696	204211
1416	NC_052697	1218737
718	NC_052700	43711
402	NC_052702	299270
2623	NC_052706	70945
560	NC_052718	237574
560	NC_052719	43166
1411	NC_052724	231486
38	NC_052727	1354202
1437	NC_052728	334483
2061	NC_052729	109355
1647	NC_052730	872014
1288	NC_052739	1700958
341	NC_052740	907957
766	NC_052741	72645
1123	NC_052744	2768323
2478	NC_052745	216479
705	NC_052746	212925
2327	NC_052747	526193
2039	NC_052748	886264
1324	NC_052752	296050
2399	NC_052768	66652
2427	NC_052769	90549
2200	NC_052770	490842
1252	NC_052786	85373
1252	NC_052787	1220503
1148	NC_052788	525528
1148	NC_052789	82324
1297	NC_052790	82328
1297	NC_052791	82329
1297	NC_052792	82330
616	NC_052830	354523
1475	NC_052847	238273
1167	NC_052848	13055
1550	NC_052849	46385
1327	NC_052853	210357
1303	NC_052854	323665
959	NC_052855	69462
959	NC_052856	1040644
959	NC_052857	690718
959	NC_052858	1767139
959	NC_052859	1040645
1530	NC_052860	1853235
878	NC_052861	223762
2143	NC_052863	1043453
1437	NC_052867	219892
2643	NC_052872	192827
1327	NC_052875	345800
1374	NC_052878	36599
2528	NC_052882	57928
380	NC_052909	2770580
2095	NC_052910	157659
1623	NC_052911	1571642
1282	NC_052912	690795
2176	NC_052917	1358797
2339	NC_052919	316493
1257	NC_052921	2058670
824	NC_052923	1234497
46	NC_052924	1559823
846	NC_053260	1202986
846	NC_053261	661978
846	NC_053262	467328
846	NC_053263	1202987
2573	NC_053264	574894
846	NC_053265	1312018
846	NC_053266	1312019
846	NC_053267	1312020
22	NC_053268	160532
910	NC_053276	699967
910	NC_053277	110451
910	NC_053278	127571
2397	NC_053323	39993
2397	NC_053324	3956
920	NC_053325	596822
1471	NC_053326	164936
2021	NC_053327	260142
1263	NC_053328	507410
1801	NC_053329	507437
1383	NC_053330	2771259
1383	NC_053331	2259843
1383	NC_053332	2771260
1705	NC_053333	2771261
1706	NC_053334	2771262
1706	NC_053335	2771263
1470	NC_053336	2259845
1741	NC_053337	2771264
1605	NC_053338	2259847
1605	NC_053339	2259848
1442	NC_053340	2259849
1624	NC_053341	2771265
1682	NC_053342	2259850
1442	NC_053343	2571312
1706	NC_053344	2771266
1706	NC_053345	2771267
1706	NC_053346	2771268
1706	NC_053347	2771269
1909	NC_053348	2771270
1707	NC_053349	2764686
1300	NC_053352	63422
1034	NC_053353	183220
1034	NC_053354	1898876
1034	NC_053355	1170222
1318	NC_053356	214526
1396	NC_053365	14027
1523	NC_053369	483871
2622	NC_053370	483869
2622	NC_053371	70973
2321	NC_053372	1208400
2321	NC_053373	1208407
2321	NC_053374	476459
2321	NC_053375	424418
2321	NC_053376	342063
2321	NC_053377	587677
2321	NC_053378	2263206
2321	NC_053379	476454
2321	NC_053380	2777458
2313	NC_053381	1150289
2313	NC_053382	2777459
2062	NC_053385	46961
980	NC_053386	622458
2514	NC_053387	415762
981	NC_053524	1522775
2496	NC_053525	264972
1895	NC_053535	1615733
1050	NC_053537	555433
1324	NC_053541	542727
444	NC_053544	53083
427	NC_053549	1413702
684	NC_053550	396743
2569	NC_053552	752253
44	NC_053553	160530
1835	NC_053554	40689
1639	NC_053555	470571
1168	NC_053562	3830
1148	NC_053564	109808
2200	NC_053565	424905
1311	NC_053570	1277776
579	NC_053571	1679389
560	NC_053572	2709
560	NC_053573	2709
1683	NC_053576	272090
1683	NC_053577	272088
1683	NC_053578	1648219
1502	NC_053579	166116
1399	NC_053580	370663
1683	NC_053581	1044923
1362	NC_053582	175042
1823	NC_053583	370656
1399	NC_053584	486446
1683	NC_053585	159014
1412	NC_053586	2726138
952	NC_053587	2726136
1362	NC_053588	184991
1362	NC_053589	175048
952	NC_053590	175069
1823	NC_053591	1271606
1399	NC_053592	175046
1564	NC_053593	2763000
879	NC_053595	175065
1589	NC_053596	175057
952	NC_053597	1430408
1625	NC_053598	2762999
1399	NC_053600	175070
1564	NC_053601	175101
1399	NC_053602	175068
1836	NC_053603	175096
1509	NC_053604	170923
1654	NC_053605	170920
1655	NC_053606	690488
1683	NC_053607	184996
952	NC_053608	2762998
1298	NC_053609	2742986
1312	NC_053610	191082
2074	NC_053618	904034
1647	NC_053619	362713
2134	NC_053620	201510
1324	NC_053622	542761
1994	NC_053626	268494
592	NC_053627	183267
1437	NC_053640	334460
1729	NC_053641	2806829
2090	NC_053643	85855
782	NC_053647	591955
997	NC_053656	336856
1334	NC_053687	100525
1371	NC_053688	1881092
1326	NC_053689	1813458
626	NC_053690	159041
1834	NC_053691	39388
1326	NC_053693	140662
1326	NC_053694	2854737
2527	NC_053696	1045296
953	NC_053699	151071
848	NC_053702	3631
1521	NC_053703	97319
1435	NC_053704	210133
2195	NC_053706	39271
2223	NC_053707	2849020
2167	NC_053708	587669
1750	NC_053713	2557522
446	NC_053733	76966
1052	NC_053735	106558
2143	NC_053736	213255
2090	NC_053737	86758
1994	NC_053741	161262
938	NC_053748	871745
2646	NC_053754	571362
1531	NC_053762	1234228
1503	NC_053764	118357
803	NC_053765	32229
1123	NC_053766	1506269
1857	NC_053769	2781649
2258	NC_053771	1017257
1443	NC_053773	60426
1258	NC_053774	60418
615	NC_053775	1752150
588	NC_053776	1056476
615	NC_053777	2292708
588	NC_053778	1056473
588	NC_053779	1500038
2228	NC_053780	419289
2228	NC_053781	2650408
2228	NC_053782	373122
2080	NC_053783	34254
1141	NC_053784	203835
1688	NC_053785	108868
2265	NC_053792	374723
2364	NC_053793	64093
1669	NC_053818	1177002
1557	NC_053820	1886611
2017	NC_053823	291326
2470	NC_053824	298665
1444	NC_053827	1030150
2301	NC_053828	694358
953	NC_053829	171884
1321	NC_053830	153343
1879	NC_053832	100580
1879	NC_053833	665979
1879	NC_053834	66385
1879	NC_053835	1045344
1879	NC_053836	182105
1879	NC_053837	100541
1879	NC_053838	309312
819	NC_053839	65557
1147	NC_053845	2599109
2308	NC_053848	50878
1647	NC_053849	3743
1647	NC_053850	221251
684	NC_053856	1608489
2090	NC_053860	86755
2090	NC_053861	13612
2090	NC_053862	573530
2090	NC_053863	2779941
2633	NC_053864	123598
1916	NC_053866	71605
782	NC_053872	2783672
648	NC_053873	38722
2517	NC_053879	1817789
1937	NC_053888	948046
1221	NC_053891	100158
766	NC_053892	681286
1194	NC_053893	587866
1194	NC_053894	2783717
1879	NC_053895	309270
1324	NC_053896	147913
1844	NC_053897	153522
2596	NC_053899	168121
1437	NC_053907	219895
684	NC_053909	2783860
954	NC_053910	1530311
954	NC_053911	1530314
724	NC_053912	217757
600	NC_053913	1530320
724	NC_053914	325761
1324	NC_053915	319927
2530	NC_053916	690244
721	NC_053922	110874
1801	NC_053924	1799636
1844	NC_053928	2803818
373	NC_053932	177062
1532	NC_053933	714510
1770	NC_053938	386280
2413	NC_053940	2803581
1337	NC_053944	239761
1626	NC_053952	91113
2346	NC_054150	764935
1669	NC_054151	266089
2236	NC_054152	2358304
1363	NC_054155	416285
540	NC_054162	66654
601	NC_054163	210349
447	NC_054165	1679331
1059	NC_054166	2785317
460	NC_054167	1898877
1060	NC_054168	2303458
788	NC_054169	2785316
579	NC_054170	190249
422	NC_054171	1603843
1140	NC_054172	64582
71	NC_054174	331256
2295	NC_054175	405732
1692	NC_054176	157652
674	NC_054177	1541221
1472	NC_054178	190009
16	NC_054181	161866
1148	NC_054182	1220501
1699	NC_054183	1345077
1779	NC_054186	2785320
2090	NC_054188	86766
624	NC_054193	2785437
2209	NC_054194	199175
2063	NC_054196	39321
982	NC_054197	96049
397	NC_054198	2785973
1794	NC_054200	167981
1937	NC_054205	359525
2445	NC_054211	983981
541	NC_054212	52150
652	NC_054213	2896795
1487	NC_054217	1056956
1590	NC_054219	357850
1837	NC_054220	47651
1740	NC_054221	114324
2614	NC_054224	4123
1012	NC_054233	108881
840	NC_054234	231032
1708	NC_054238	1055022
1812	NC_054247	709039
1326	NC_054252	2789311
1521	NC_054253	151431
1326	NC_054254	151433
580	NC_054256	53861
1405	NC_054265	180065
880	NC_054276	190802
1861	NC_054280	416983
1046	NC_054281	13649
1803	NC_054287	2790325
2039	NC_054294	568210
1148	NC_054295	101652
1892	NC_054296	165504
1892	NC_054297	2666434
879	NC_054305	2789741
2135	NC_054307	241844
2414	NC_054308	328098
1656	NC_054329	3442
1656	NC_054330	261451
1820	NC_054333	1188276
683	NC_054336	714477
2003	NC_054337	1501458
2482	NC_054338	2789716
2081	NC_054339	344825
2497	NC_054340	344853
2492	NC_054341	2786967
2470	NC_054342	269719
2224	NC_054343	45185
2503	NC_054344	226284
2493	NC_054345	24776
2224	NC_054346	1399730
1342	NC_054349	643838
1342	NC_054350	638626
490	NC_054353	2761820
1473	NC_054355	1603689
2258	NC_054358	1032936
1892	NC_054360	496675
1324	NC_054364	1889603
1324	NC_054365	147930
2650	NC_056081	1078589
2650	NC_056082	349956
2650	NC_056083	2730875
2650	NC_056084	2730876
2650	NC_056085	555706
2650	NC_056086	2730856
2650	NC_056087	2730879
2650	NC_056088	1891461
2650	NC_056089	2730877
2650	NC_056090	2593442
2558	NC_056093	114617
602	NC_056094	2839963
1882	NC_056096	3054486
1547	NC_056104	1127660
1035	NC_056110	1691893
1547	NC_056112	237939
1959	NC_056113	2794245
1748	NC_056129	68875
2483	NC_056133	344826
2081	NC_056134	344832
1364	NC_056137	66097
1740	NC_056139	70606
2355	NC_056141	54211
2292	NC_056142	79772
2206	NC_056145	126643
1324	NC_056149	542753
1445	NC_056151	1323965
1335	NC_056163	447127
229	NC_056165	1921744
938	NC_056166	292582
2558	NC_056172	148544
2565	NC_056173	34213
2565	NC_056174	585816
2565	NC_056175	198816
2565	NC_056177	585818
2556	NC_056178	381595
2534	NC_056179	82213
2565	NC_056180	928059
2565	NC_056182	198825
2280	NC_056184	244039
2314	NC_056188	48234
2276	NC_056190	192263
497	NC_056191	489520
368	NC_056197	38195
1199	NC_056198	1082503
2355	NC_056199	488972
2200	NC_056242	126436
1777	NC_056244	310424
2273	NC_056245	205689
397	NC_056250	2795219
397	NC_056251	77061
397	NC_056252	285592
397	NC_056253	75711
1326	NC_056266	552830
1736	NC_056267	366642
881	NC_056268	218100
1960	NC_056276	1785687
1284	NC_056278	228658
2308	NC_056280	286045
1869	NC_056284	1392609
1812	NC_056286	709060
2275	NC_056289	714648
1318	NC_056294	317635
1938	NC_056295	210328
1838	NC_056298	473997
2610	NC_056300	89636
2245	NC_056312	2753879
1779	NC_056313	2753881
706	NC_056315	2753884
1889	NC_056316	2753877
976	NC_056317	2753872
1000	NC_056318	2753878
976	NC_056320	2753873
2293	NC_056321	2753876
767	NC_056328	2544932
1001	NC_056329	175755
1509	NC_056335	2037948
1982	NC_056337	752527
2207	NC_056338	1938959
2186	NC_056339	1620947
2186	NC_056340	2749921
1337	NC_056345	1046253
1337	NC_056346	1046262
1337	NC_056347	1306156
1337	NC_056348	882115
820	NC_056352	102211
2189	NC_056353	196574
1683	NC_056361	931088
1326	NC_056362	1642861
1337	NC_056363	105599
1683	NC_056372	2724134
1258	NC_056375	1370058
1888	NC_056381	666735
2481	NC_056383	3905
388	NC_056390	1045160
2347	NC_056393	516067
2090	NC_056770	85856
2275	NC_056798	616968
1937	NC_056802	359507
1937	NC_056803	1392095
623	NC_056804	176132
623	NC_056805	176134
1306	NC_056826	574486
1169	NC_056827	320368
1306	NC_056828	574488
1169	NC_056829	865864
1306	NC_056830	574491
625	NC_056831	574493
1169	NC_056832	574494
1169	NC_056833	320322
1306	NC_056834	574500
1371	NC_056885	106546
2136	NC_056894	83906
2054	NC_056895	495260
782	NC_056904	387602
269	NC_056905	1867932
402	NC_056912	53090
1334	NC_056913	573510
2166	NC_056915	662940
2275	NC_056916	1521119
782	NC_056925	863007
2527	NC_056926	1429983
654	NC_056927	4511
2275	NC_056930	59495
2275	NC_056931	75113
2275	NC_056934	2761761
2275	NC_056935	421244
2275	NC_056936	421251
2108	NC_056937	1813504
2356	NC_056938	2761762
2275	NC_056939	421246
2108	NC_056940	616972
2275	NC_056941	1521120
1830	NC_056942	190223
2275	NC_056943	75072
2275	NC_056944	2761760
2275	NC_056945	1521122
2275	NC_056946	421253
2362	NC_056947	1813505
2406	NC_056948	45164
2021	NC_056951	1711277
983	NC_056952	487998
2054	NC_056954	1310066
2275	NC_056965	59502
1227	NC_056967	248837
1200	NC_056968	2801065
1742	NC_056969	174557
1282	NC_056970	690825
1623	NC_056971	174534
533	NC_056973	43879
432	NC_056974	3064095
1223	NC_056975	483874
1668	NC_056976	118693
1668	NC_056977	4089
1668	NC_056978	200320
1668	NC_056979	4090
1668	NC_056980	118710
1668	NC_056981	76336
2037	NC_056983	344860
1910	NC_056984	85476
473	NC_056985	4513
1342	NC_056986	447675
1895	NC_056989	1054083
2587	NC_056992	50808
2246	NC_056994	587661
2160	NC_056995	185774
1309	NC_056996	248847
1750	NC_056999	2801951
1566	NC_057000	52835
1055	NC_057003	29747
407	NC_057049	571348
398	NC_057050	1603848
394	NC_057051	316732
869	NC_057058	255352
664	NC_057059	4309
1103	NC_057060	1089404
2054	NC_057062	495256
1104	NC_057063	478036
1303	NC_057065	64700
1303	NC_057066	4673
1728	NC_057067	64477
1647	NC_057076	292385
1002	NC_057077	82382
1363	NC_057086	510735
1934	NC_057087	3498
626	NC_057088	37690
960	NC_057090	386443
263	NC_057098	108051
1699	NC_057105	2803976
1699	NC_057106	761861
1456	NC_057118	1006137
1590	NC_057128	357854
1590	NC_057129	357860
1590	NC_057130	52491
1590	NC_057131	357849
1590	NC_057132	357846
1729	NC_057133	357853
1590	NC_057134	496664
1729	NC_057135	357857
1590	NC_057136	1202429
1590	NC_057137	357856
1590	NC_057138	265822
1590	NC_057139	357845
1590	NC_057140	357858
1590	NC_057141	357855
2407	NC_057144	75085
2064	NC_057145	206307
976	NC_057148	2294054
976	NC_057149	2803973
1547	NC_057163	237933
1568	NC_057164	82257
1337	NC_057166	103354
1567	NC_057188	1271632
2377	NC_057196	204144
1075	NC_057208	1045233
1118	NC_057220	1618031
2483	NC_057226	1399722
2224	NC_057227	2583426
1892	NC_057228	496697
1802	NC_057229	1076141
698	NC_057233	210361
2119	NC_057235	361442
684	NC_057236	237596
812	NC_057237	1522117
1805	NC_057238	168488
1779	NC_057245	45839
2200	NC_057246	528268
955	NC_057253	55444
1124	NC_057254	573517
2219	NC_057255	1052904
217	NC_057262	543392
725	NC_057264	681629
2221	NC_057265	133441
2221	NC_057266	124781
1961	NC_057269	440380
2283	NC_057270	162307
2450	NC_057271	2810017
1365	NC_057275	858910
2602	NC_057277	2461305
1478	NC_057278	185703
1474	NC_057279	3926
2315	NC_057283	662933
2321	NC_057284	587671
1684	NC_057286	1623361
1812	NC_057287	1955528
1002	NC_057288	1219515
397	NC_057289	2291161
2451	NC_057290	384650
2451	NC_057291	2762383
2451	NC_057292	171944
1879	NC_057293	681501
2017	NC_057296	1136150
2090	NC_057297	86721
2090	NC_057298	86762
2090	NC_057299	85871
1812	NC_057308	3490
1743	NC_057309	566045
2161	NC_057310	145231
1132	NC_057311	244035
2236	NC_057313	425837
2236	NC_057314	97166
2236	NC_057315	1055014
1105	NC_057434	32248
314	NC_057435	83819
1002	NC_057439	197125
1497	NC_057441	691185
1540	NC_057443	1457503
1313	NC_057445	185705
1540	NC_057446	2810186
1413	NC_057447	1888364
1264	NC_057448	2810187
1413	NC_057449	1993611
2627	NC_057450	49817
1413	NC_057451	556500
1616	NC_057452	2044327
1394	NC_057453	53885
1394	NC_057454	471941
1319	NC_057455	53893
1709	NC_057456	62119
2624	NC_057457	3891
1168	NC_057458	49834
2082	NC_057459	114995
2398	NC_057460	200947
1633	NC_057463	2810618
944	NC_057465	106626
667	NC_057466	39984
1578	NC_057481	2291152
2444	NC_057482	47471
2339	NC_057486	316487
143	NC_057488	212096
581	NC_057494	55483
1557	NC_057495	1969800
2606	NC_057498	1685987
2092	NC_057499	2773787
2200	NC_057502	653727
448	NC_057504	174652
1578	NC_057506	1616486
1870	NC_057508	1699510
2077	NC_057509	39296
1703	NC_057533	1616479
397	NC_057535	1382415
1318	NC_057554	146467
1106	NC_057555	51492
629	NC_057560	3656
859	NC_057571	192627
2665	NC_057572	70754
2665	NC_057573	70761
2665	NC_057574	74897
2665	NC_057575	74900
1173	NC_057576	1234383
1411	NC_057577	82225
1962	NC_057578	51450
2665	NC_057579	669876
2665	NC_057580	70766
2665	NC_057581	669879
1939	NC_057582	1781601
2665	NC_057583	138334
2666	NC_057584	105310
2665	NC_057585	165640
1633	NC_057586	1331743
1371	NC_057587	709982
859	NC_057588	2015193
1994	NC_057592	161269
1396	NC_057594	115525
1487	NC_057595	561305
1911	NC_057598	132429
2362	NC_057600	1813497
1162	NC_057601	2291175
1236	NC_057602	157786
1236	NC_057603	115466
599	NC_057607	1470427
1009	NC_057610	390502
997	NC_057615	136225
6	NC_057616	160526
2356	NC_057620	1813488
2038	NC_057623	586111
2108	NC_057624	2814614
2275	NC_057625	2814615
2275	NC_057626	2814610
2275	NC_057627	2814616
2275	NC_057628	2814612
2108	NC_057629	2814617
2275	NC_057630	2814611
2108	NC_057631	2814613
1887	NC_057637	184983
1937	NC_057639	359505
1937	NC_057640	48105
1937	NC_057641	948041
1503	NC_057644	2798769
615	NC_057647	354507
2619	NC_057656	78529
2612	NC_057657	70966
2622	NC_057659	70975
2612	NC_057661	70936
2339	NC_057663	591100
1475	NC_057677	225334
2292	NC_057678	443373
2166	NC_057679	4142
2149	NC_057680	54229
1657	NC_057682	85268
1657	NC_057683	76397
984	NC_057953	1792663
1940	NC_057955	4326
1324	NC_057956	147911
1324	NC_057957	147912
1324	NC_057958	2056232
2258	NC_057961	871918
1045	NC_057962	4545
2009	NC_057967	153527
341	NC_057974	1190700
1060	NC_057978	190246
2208	NC_057986	2816899
27	NC_057987	934700
1313	NC_057988	714511
2200	NC_057990	178762
1390	NC_057991	860750
2162	NC_057994	167917
2481	NC_057995	1276815
1265	NC_057996	2778426
847	NC_057997	2778427
1023	NC_057998	224084
1023	NC_057999	885951
1023	NC_058000	2778425
397	NC_058001	2768116
802	NC_058012	2219189
802	NC_058013	2203444
789	NC_058018	296042
1148	NC_058199	1843188
464	NC_058203	318062
1685	NC_058204	252999
2187	NC_058205	253038
549	NC_058206	53125
900	NC_058207	315274
402	NC_058208	451014
603	NC_058209	53107
603	NC_058210	53098
401	NC_058211	296650
617	NC_058212	451016
1061	NC_058214	93770
2187	NC_058215	253034
789	NC_058216	319621
938	NC_058217	871749
2644	NC_058218	743497
2665	NC_058219	88840
2665	NC_058220	743509
2656	NC_058221	165658
1334	NC_058226	2810384
1124	NC_058227	261427
1503	NC_058233	174249
1003	NC_058237	1670841
1003	NC_058238	2830725
1414	NC_058239	1198337
1533	NC_058240	2830726
1371	NC_058241	2834524
707	NC_058245	144149
570	NC_058247	673035
1185	NC_058248	1732551
1242	NC_058249	2831536
1324	NC_058253	2830874
1324	NC_058254	2830873
1399	NC_058256	370647
1399	NC_058257	2834326
1627	NC_058258	2834331
1366	NC_058259	2834327
1627	NC_058260	2834324
1399	NC_058261	690509
1399	NC_058262	2834325
1366	NC_058263	1044913
1612	NC_058266	81733
2090	NC_058268	81865
2090	NC_058269	3407
2090	NC_058270	1172173
2090	NC_058271	86747
2090	NC_058272	86748
392	NC_058277	153471
392	NC_058278	266768
297	NC_058279	3693
457	NC_058280	539895
1522	NC_058287	239695
1522	NC_058288	239711
1522	NC_058289	239718
1806	NC_058294	49672
1710	NC_058295	1768215
1806	NC_058296	34186
1504	NC_058297	1633990
1505	NC_058298	1126413
1658	NC_058299	4694
1807	NC_058300	254980
956	NC_058302	196900
869	NC_058304	1805963
33	NC_058307	1432737
1819	NC_058311	2056509
1779	NC_058315	180580
1912	NC_058316	2614457
1062	NC_058317	210355
1458	NC_058318	16907
882	NC_058319	46789
2039	NC_058321	536986
2039	NC_058322	2588548
2039	NC_058323	536997
2039	NC_058324	2835937
2239	NC_058325	167920
2209	NC_058326	1368223
1913	NC_058327	751784
2166	NC_058328	662900
2209	NC_058329	457135
2209	NC_058330	1368226
2209	NC_058331	1737573
1659	NC_058332	41381
2209	NC_058333	694355
2302	NC_058334	2835933
2137	NC_058335	664368
1870	NC_058336	2835938
212	NC_058525	145947
2648	NC_058526	2039585
1557	NC_058527	560554
1557	NC_058528	1291450
1557	NC_058529	2802631
550	NC_058530	137223
2186	NC_058532	608807
2039	NC_058533	536985
957	NC_058534	703614
1842	NC_058536	53863
1444	NC_058537	450028
1444	NC_058538	2696680
1711	NC_058539	106130
2090	NC_058549	13606
2090	NC_058550	86753
2090	NC_058551	2872307
1124	NC_058552	1263484
1124	NC_058553	261429
1124	NC_058554	261419
1141	NC_058555	858346
1141	NC_058556	2855384
1118	NC_058557	49731
1141	NC_058558	34195
1118	NC_058559	261412
1141	NC_058560	100526
1334	NC_058561	1263486
1118	NC_058562	557558
1141	NC_058563	45371
1118	NC_058564	1263488
1118	NC_058565	261421
1118	NC_058566	261422
1118	NC_058567	2259080
1118	NC_058568	2259081
1141	NC_058569	261403
1399	NC_058572	2829159
1994	NC_058573	161264
2167	NC_058575	662921
1342	NC_058578	486666
1895	NC_058579	1433308
985	NC_058581	252528
820	NC_058582	260672
1054	NC_058583	37645
2147	NC_058592	587664
638	NC_058595	109864
883	NC_058601	29664
2225	NC_058605	2873315
1065	NC_058615	283125
1879	NC_058617	66386
53	NC_058618	179355
1162	NC_058620	1679378
1234	NC_058621	1181297
1170	NC_058622	214525
1234	NC_058623	187286
1647	NC_058625	1573160
315	NC_058627	137220
1838	NC_058628	474000
1838	NC_058629	2873938
1937	NC_058630	496572
1937	NC_058631	359519
1273	NC_058633	169980
2419	NC_058634	341989
1324	NC_058646	147924
639	NC_058648	13529
740	NC_058649	210416
821	NC_058650	309527
653	NC_058688	29737
477	NC_058691	62615
2308	NC_058692	226113
1221	NC_058693	2866711
1314	NC_058700	1008927
1342	NC_058732	2875971
1050	NC_058735	1348128
1803	NC_058736	276775
1386	NC_058739	366669
1386	NC_058740	366670
848	NC_058743	1089802
506	NC_058744	445759
535	NC_058745	86021
535	NC_058746	299427
535	NC_058747	81418
535	NC_058748	365587
414	NC_058749	145781
414	NC_058750	145780
1215	NC_058751	64905
414	NC_058753	52152
588	NC_058754	354531
2530	NC_058755	261998
899	NC_058756	199222
2090	NC_058758	2876856
2023	NC_058759	2876857
2245	NC_058762	2818324
1140	NC_058773	2876817
1140	NC_058774	2867347
2297	NC_058776	2872187
1171	NC_058777	340438
1821	NC_058779	50994
414	NC_058787	408158
414	NC_058788	125207
2303	NC_058801	253001
2536	NC_058802	674467
2536	NC_058803	538576
2536	NC_058804	101010
2536	NC_058805	538577
2536	NC_058806	64941
2536	NC_058807	60188
1502	NC_058808	175105
2260	NC_058809	2873722
2260	NC_058810	2762674
2260	NC_058811	1523614
2096	NC_058812	656700
2408	NC_058813	656699
2260	NC_058814	2873720
2260	NC_058815	1130759
2260	NC_058816	656694
2260	NC_058817	49036
2260	NC_058818	2058278
2260	NC_058819	2058280
2260	NC_058820	2873721
1337	NC_058821	2877934
449	NC_058822	3020928
1429	NC_058823	714492
707	NC_058825	2859862
525	NC_058830	619227
1004	NC_058831	2775422
401	NC_058832	2878101
413	NC_058833	78825
402	NC_058834	53093
2606	NC_058835	1685984
2636	NC_058844	1417620
392	NC_058847	2754729
2321	NC_058851	2263209
2321	NC_058852	587672
1324	NC_058853	542723
1324	NC_058854	2857521
2671	NC_058859	364664
895	NC_058870	665508
1729	NC_058871	3143517
1959	NC_058872	1679258
1959	NC_058873	173670
1959	NC_058874	16901
1324	NC_058879	544492
1324	NC_058880	452973
1324	NC_058881	479407
2181	NC_058882	2182725
2628	NC_058884	553064
1315	NC_058887	693372
433	NC_058892	137693
1363	NC_058896	2741994
562	NC_058897	273621
2090	NC_058900	86765
2090	NC_058901	86764
2090	NC_058902	86759
2090	NC_058903	86756
840	NC_058905	1280243
1045	NC_058910	516465
822	NC_058912	100810
895	NC_058913	65993
895	NC_058914	523875
1226	NC_058916	2804075
414	NC_058918	400237
414	NC_058919	52830
1004	NC_058920	1277777
1324	NC_058924	1840594
1306	NC_058925	214685
640	NC_058926	4639
1306	NC_058927	228181
1306	NC_058928	1230170
1169	NC_058929	574498
1169	NC_058930	94325
1306	NC_058931	574497
1306	NC_058932	52706
1306	NC_058933	648046
2673	NC_058934	574496
939	NC_058935	2546564
1306	NC_058936	574495
1306	NC_058937	349353
939	NC_058938	2879105
1172	NC_058939	591794
1306	NC_058940	228179
1169	NC_058941	865863
2673	NC_058942	2546563
640	NC_058943	482409
1169	NC_058944	2546562
1306	NC_058945	2563115
2673	NC_058946	574484
640	NC_058947	482298
1172	NC_058948	574483
939	NC_058949	627590
939	NC_058950	1765309
1306	NC_058951	574478
1169	NC_058952	648045
1169	NC_058953	192045
1169	NC_058954	133197
1169	NC_058955	574480
1306	NC_058956	213591
1306	NC_058957	574479
1169	NC_058958	1765313
2405	NC_058959	1068670
2405	NC_058960	176125
1506	NC_058983	489532
397	NC_058984	2182728
397	NC_058985	1413687
486	NC_058986	1413699
1201	NC_058987	185713
2003	NC_058988	1501461
186	NC_058989	38846
762	NC_058993	2880245
1148	NC_058994	78999
615	NC_058995	2306269
423	NC_058996	1056469
2090	NC_058997	86735
626	NC_058999	416196
1016	NC_059000	43861
1753	NC_059001	1367312
1812	NC_059002	194251
788	NC_059003	1008932
996	NC_059004	1357590
1437	NC_059005	2871446
230	NC_059006	212238
1803	NC_059021	13345
1326	NC_059022	2783863
1326	NC_059023	928658
1326	NC_059024	2783864
1326	NC_059025	2576276
1326	NC_059026	983205
1326	NC_059027	140651
334	NC_059029	580468
307	NC_059030	137681
334	NC_059031	1134479
337	NC_059032	1134487
2114	NC_059033	105748
427	NC_059039	349989
2021	NC_059040	2884848
2021	NC_059041	183809
2021	NC_059042	1711133
2021	NC_059043	1711173
2021	NC_059044	2884841
2021	NC_059045	1711211
2021	NC_059046	1226037
2021	NC_059047	2884842
2021	NC_059048	2884843
2021	NC_059049	1711365
2021	NC_059050	648813
2021	NC_059051	2660570
2021	NC_059052	183848
2021	NC_059053	795992
2021	NC_059054	2884844
2021	NC_059055	1711585
2021	NC_059056	2884845
2021	NC_059057	2884846
2021	NC_059058	1955439
2021	NC_059059	2884847
1371	NC_059101	144562
1173	NC_059569	152471
2577	NC_059684	995753
1411	NC_059685	679627
1411	NC_059686	2762052
1318	NC_059687	146439
1568	NC_059688	634078
1771	NC_059691	2817436
1771	NC_059692	66380
197	NC_059695	1715882
197	NC_059696	1499529
1626	NC_059698	202985
139	NC_059699	212079
1337	NC_059701	2817680
1963	NC_059715	50506
2321	NC_059718	2763342
1342	NC_059719	447676
1458	NC_059720	367337
494	NC_059726	433866
666	NC_059727	688078
2664	NC_059728	2793231
666	NC_059729	2575270
785	NC_059730	48734
746	NC_059731	314390
785	NC_059732	649487
666	NC_059733	2793230
746	NC_059734	58089
746	NC_059735	2793232
785	NC_059736	1312036
666	NC_059737	2093820
785	NC_059738	208273
666	NC_059739	2793233
470	NC_059740	208267
666	NC_059741	270105
746	NC_059742	751662
405	NC_059743	2818403
498	NC_059744	1899098
405	NC_059745	2818402
405	NC_059746	2818401
2371	NC_059747	2491184
768	NC_059748	357929
938	NC_059750	1537673
938	NC_059751	318043
782	NC_059752	387603
1591	NC_059760	253066
1844	NC_059761	153559
458	NC_059766	79760
926	NC_059767	446348
2039	NC_059786	2801067
563	NC_059787	1009339
413	NC_059788	53106
1844	NC_059789	153543
1844	NC_059790	2819571
1239	NC_059798	1318717
1239	NC_059799	1318718
314	NC_059800	488216
2650	NC_059802	71365
560	NC_059803	85681
2650	NC_059807	52824
2456	NC_059819	2752317
2456	NC_059820	2752318
2462	NC_059821	2752319
2462	NC_059822	79838
2456	NC_059823	91512
2462	NC_059824	79841
2462	NC_059825	1393007
2456	NC_059826	1564042
2456	NC_059827	2752320
2471	NC_059828	2752321
2456	NC_059829	1755060
2456	NC_059830	2752322
2456	NC_059831	2752323
2456	NC_059832	2752324
2456	NC_059833	2752325
2456	NC_059834	330584
2456	NC_059835	330568
2456	NC_059836	2529014
2456	NC_059837	2752326
2456	NC_059838	2152738
2456	NC_059839	2152740
2439	NC_059840	2152742
2439	NC_059841	2752327
2439	NC_059842	2152743
2456	NC_059843	2752329
2456	NC_059844	2152747
2038	NC_059849	586110
2563	NC_059857	995772
1791	NC_059863	710636
938	NC_059867	146642
1819	NC_059874	1824557
1819	NC_059875	442491
1819	NC_059876	382117
2339	NC_059880	1238147
1821	NC_059882	2820668
1821	NC_059883	50997
1821	NC_059884	2684111
1821	NC_059885	2762710
1821	NC_059886	50998
1821	NC_059887	2820671
1821	NC_059888	1692141
1821	NC_059889	2820670
1821	NC_059890	2820667
1821	NC_059891	1322073
1821	NC_059892	2820669
1879	NC_059898	1127366
2163	NC_059901	110753
2297	NC_059902	2792840
2108	NC_059904	321597
2108	NC_059905	321600
2348	NC_059906	54240
2339	NC_059909	316496
1933	NC_059912	213405
823	NC_059914	293753
823	NC_059915	293754
143	NC_059917	2821797
1346	NC_059918	944285
1941	NC_059942	63779
2187	NC_059943	1752749
2372	NC_059944	2822274
1149	NC_059945	2822275
1569	NC_059946	2822276
1591	NC_059947	2822277
1570	NC_059948	253057
2247	NC_059949	127142
1324	NC_059950	2822548
225	NC_059952	467323
2357	NC_059953	714471
465	NC_059954	37678
524	NC_059955	145782
1036	NC_059956	568970
414	NC_059957	2057215
414	NC_059958	382112
1063	NC_059959	568985
958	NC_059960	545882
883	NC_059961	29663
804	NC_059962	388729
769	NC_059963	389627
769	NC_059964	336211
2626	NC_059965	1793978
507	NC_059966	337259
895	NC_059967	38680
747	NC_059968	200276
2626	NC_059969	640591
2626	NC_059970	388717
2626	NC_059971	388727
2626	NC_059972	1440564
2626	NC_059973	388724
2538	NC_059974	293727
1083	NC_059975	1176442
805	NC_059976	2822524
2535	NC_059977	375994
2428	NC_059978	58937
1045	NC_059979	368336
604	NC_059980	665539
757	NC_059981	36899
1046	NC_059982	368332
2277	NC_059983	1550224
414	NC_059984	417390
2444	NC_060289	2029900
397	NC_060294	688336
1046	NC_060297	211954
836	NC_060298	1211612
2626	NC_060299	388721
112	NC_060310	1486052
1869	NC_060312	86864
2219	NC_060314	516072
1577	NC_060324	82094
1356	NC_060326	2824821
2297	NC_060331	440931
1371	NC_060332	690312
1371	NC_060333	2824816
1371	NC_060334	2824815
1371	NC_060335	690325
1371	NC_060336	690327
1712	NC_060337	690321
1371	NC_060338	690316
684	NC_060339	2282112
366	NC_060342	194508
2297	NC_060347	2824936
790	NC_060351	371026
1326	NC_060352	97308
102	NC_060362	1627839
959	NC_060363	223760
1316	NC_060367	2826952
782	NC_060376	2796462
2297	NC_060385	946018
721	NC_060389	2770812
748	NC_060390	589495
748	NC_060391	2827266
748	NC_060392	589497
748	NC_060393	2093993
748	NC_060394	589498
748	NC_060395	589500
748	NC_060396	589503
748	NC_060397	121774
748	NC_060398	589504
593	NC_060399	1986451
593	NC_060400	589505
812	NC_060401	332109
2610	NC_060402	89656
938	NC_060407	338532
605	NC_060410	159048
1317	NC_060411	58425
2225	NC_060414	2800772
2225	NC_060416	572124
1839	NC_060426	48103
1839	NC_060427	198841
397	NC_060436	2828845
1371	NC_060437	2828831
1371	NC_060438	2828832
1371	NC_060439	1143220
1371	NC_060440	36608
1371	NC_060441	1125981
1712	NC_060442	2071890
1371	NC_060443	2828828
1371	NC_060444	143397
1371	NC_060445	2828841
1371	NC_060446	690338
1371	NC_060447	2071426
1371	NC_060448	2828846
1371	NC_060449	2828842
1371	NC_060450	2828840
1371	NC_060451	2828837
1371	NC_060452	1143218
1371	NC_060453	690314
1371	NC_060454	1248455
1371	NC_060455	690335
1371	NC_060456	690308
1371	NC_060457	690310
1371	NC_060458	690329
1371	NC_060459	690317
2377	NC_060460	1224218
2665	NC_060463	2267401
1342	NC_060471	112523
1279	NC_060472	100514
726	NC_060474	174190
338	NC_060475	227243
1162	NC_060476	1214907
1752	NC_060477	71324
1752	NC_060478	359823
1752	NC_060479	883001
1752	NC_060480	883000
1752	NC_060481	2864041
471	NC_060489	3621
1521	NC_060490	551137
2083	NC_060493	524983
976	NC_060495	232789
2676	NC_060496	152891
727	NC_060497	256349
2385	NC_060498	1902268
2558	NC_060499	203638
1604	NC_060501	3704
2504	NC_060513	57926
27	NC_060514	642461
27	NC_060515	160527
20	NC_060516	160525
44	NC_060517	160540
6	NC_060518	38177
160	NC_060519	160539
1005	NC_060522	296035
2385	NC_060525	179762
2386	NC_060526	78735
2190	NC_060527	179764
2385	NC_060528	1902265
2595	NC_060529	179760
2385	NC_060530	177028
1942	NC_060536	714469
1300	NC_060545	167764
1252	NC_060547	2898755
1148	NC_060548	82334
1259	NC_060549	859525
1252	NC_060550	82316
1252	NC_060551	859542
2628	NC_060552	553057
77	NC_060558	2896526
1331	NC_060559	1623376
976	NC_060562	2715869
179	NC_060571	2593397
19	NC_060572	1286646
22	NC_060573	1476991
44	NC_060574	2259616
22	NC_060575	2315736
177	NC_060576	1097187
160	NC_060577	2662338
22	NC_060578	2315738
130	NC_060579	2315742
12	NC_060580	2910305
109	NC_060581	2315733
124	NC_060582	2315734
94	NC_060583	2315743
1342	NC_060585	2881376
1437	NC_060587	2904616
1803	NC_060599	2184481
1526	NC_060600	230060
1983	NC_060607	174648
1983	NC_060608	132459
2007	NC_060613	1497439
2429	NC_060614	1330311
2275	NC_060615	75094
1830	NC_060616	190232
2275	NC_060617	176136
2275	NC_060618	411215
1285	NC_060629	142721
690	NC_060636	183268
1125	NC_060645	123417
2275	NC_060646	75079
791	NC_060649	371028
402	NC_060650	53076
595	NC_060653	344448
562	NC_060656	1333928
1437	NC_060657	260143
1006	NC_060661	139772
1639	NC_060662	708432
1639	NC_060663	2906516
1639	NC_060664	2906000
2440	NC_060668	1752756
2303	NC_060669	2908020
2245	NC_060688	216538
1009	NC_060689	626671
1686	NC_060698	1616352
684	NC_060699	648851
2163	NC_060700	306286
1803	NC_060702	2884236
1803	NC_060706	648860
2097	NC_060707	1200277
1674	NC_060714	1679393
1674	NC_060715	51089
1674	NC_060716	389498
2090	NC_060724	86757
2090	NC_060725	1200842
1019	NC_060727	348285
948	NC_060728	121766
1733	NC_060729	59172
1300	NC_060731	1531991
429	NC_060732	75703
728	NC_060733	714473
1856	NC_060749	496690
1729	NC_060750	2666235
1660	NC_060751	584745
1628	NC_060752	584763
1729	NC_060753	948492
1628	NC_060754	584762
1628	NC_060755	2583323
1628	NC_060756	2597139
1729	NC_060757	584734
858	NC_060763	199644
997	NC_060764	110731
884	NC_060765	110733
1840	NC_060775	268493
1840	NC_060776	657399
1324	NC_060777	452971
1324	NC_060778	460809
770	NC_060779	2914709
770	NC_060780	2099396
325	NC_060785	1043515
2615	NC_060791	941697
2616	NC_060792	1603722
2610	NC_060793	1580173
1047	NC_060799	47141
1458	NC_060800	367341
1943	NC_060801	421875
771	NC_060805	329225
521	NC_060810	185975
928	NC_060811	47096
1015	NC_060812	516079
2304	NC_060826	256494
976	NC_060829	329675
1821	NC_060830	451702
1821	NC_060831	64118
1821	NC_060832	2913439
1674	NC_060834	1195740
1841	NC_060837	13393
1729	NC_060840	1133296
1729	NC_060841	312531
1371	NC_060853	1143222
1371	NC_060854	690326
1371	NC_060855	690337
1371	NC_060856	2828844
1753	NC_060861	1938282
1423	NC_060863	580365
1592	NC_060864	558121
1423	NC_060865	580366
1808	NC_060866	1439934
139	NC_060875	1792298
1007	NC_060876	13011
1375	NC_060991	228517
1736	NC_060994	2712842
581	NC_060996	55442
581	NC_060997	319739
581	NC_060998	2035401
581	NC_060999	2498161
581	NC_061000	2498162
581	NC_061001	1046420
581	NC_061002	1046409
581	NC_061003	2675546
581	NC_061004	2498163
581	NC_061005	2865628
1733	NC_061006	1530334
106	NC_061009	2915188
1007	NC_061010	658098
1062	NC_061011	2764635
1062	NC_061012	2915643
1062	NC_061013	2915633
1167	NC_061014	2915645
1062	NC_061015	2915641
1062	NC_061016	1045339
1007	NC_061017	658104
1007	NC_061018	658106
1062	NC_061019	858952
2432	NC_061020	1045338
1167	NC_061021	2054448
1007	NC_061022	658096
1062	NC_061023	2856452
1944	NC_061025	160371
1062	NC_061026	2915642
330	NC_061028	324804
2115	NC_061038	1806195
782	NC_061040	1676248
2138	NC_061041	1399684
2191	NC_061042	108594
1590	NC_061043	496689
414	NC_061050	1497993
1324	NC_061051	147928
408	NC_061056	61141
2226	NC_061173	28514
684	NC_061174	3765
2370	NC_061175	3795
1057	NC_061176	137689
1415	NC_061178	403832
246	NC_061179	72385
1416	NC_061194	2173066
1821	NC_061208	2291116
1779	NC_061213	205582
2250	NC_061214	2875946
1803	NC_061215	1200272
1301	NC_061218	3806
1084	NC_061221	62340
708	NC_061222	55464
806	NC_061223	62342
2604	NC_061224	2884936
2321	NC_061229	342065
2321	NC_061230	424425
2090	NC_061249	86773
1392	NC_061256	1650713
1392	NC_061257	1650721
2385	NC_061258	2917548
684	NC_061263	136998
684	NC_061264	74650
684	NC_061265	57935
684	NC_061266	74646
684	NC_061267	119236
684	NC_061268	127554
684	NC_061269	74631
684	NC_061270	74653
684	NC_061271	74632
729	NC_061272	74628
1717	NC_061285	63678
2650	NC_061286	203570
2650	NC_061287	97872
1571	NC_061288	225681
2650	NC_061289	97860
1638	NC_061290	59289
1571	NC_061291	81991
1577	NC_061292	84533
606	NC_061299	198286
222	NC_061304	584531
2608	NC_061314	388579
487	NC_061316	293998
264	NC_061317	114207
1639	NC_061319	39552
1085	NC_061320	4702
2308	NC_061321	50874
2223	NC_061322	2849020
485	NC_061333	2184982
260	NC_061338	2715407
419	NC_061339	2594718
301	NC_061340	2496803
301	NC_061341	2594727
301	NC_061342	2594745
860	NC_061343	2885236
938	NC_061344	2886332
395	NC_061345	2919637
897	NC_061346	2919622
1174	NC_061348	2516505
485	NC_061349	2919623
2576	NC_061350	1858743
10	NC_061356	2919641
1	NC_061357	2919642
986	NC_061358	2795722
1107	NC_061361	1127379
1475	NC_061364	482600
1475	NC_061365	2922941
1475	NC_061366	482604
1475	NC_061367	497759
1475	NC_061368	2922913
1475	NC_061369	2922942
147	NC_061373	2174814
1319	NC_061375	701532
2227	NC_061378	150409
1779	NC_061388	267265
2332	NC_061394	1986521
1888	NC_061398	1111685
2210	NC_061403	1238153
667	NC_061404	61143
730	NC_061405	413951
589	NC_061406	172013
1446	NC_061409	578554
1035	NC_061410	1691895
2332	NC_061415	694375
2219	NC_061416	1046405
1326	NC_061417	1642868
1371	NC_061549	3750
1297	NC_061550	89497
1371	NC_061551	2890411
1984	NC_061552	1310099
2308	NC_061553	1960957
1085	NC_061554	82025
2308	NC_061555	226100
1371	NC_061557	1943541
1371	NC_061558	1943543
1371	NC_061559	1943556
1577	NC_061561	642903
37	NC_061572	117955
11	NC_061573	2587348
1300	NC_061574	167762
1087	NC_061596	205465
929	NC_061597	123485
1324	NC_061599	147920
1324	NC_061600	1889602
1324	NC_061601	2920868
1324	NC_061602	147933
1324	NC_061603	147919
1336	NC_061607	248839
1336	NC_061608	1384122
1227	NC_061609	2920504
1324	NC_061610	2837496
1087	NC_061612	458696
628	NC_061617	284362
1160	NC_061618	203101
1160	NC_061619	203102
1160	NC_061620	82471
960	NC_061621	2817525
960	NC_061622	203092
1160	NC_061623	386442
1160	NC_061624	203100
960	NC_061625	386441
2419	NC_061651	341990
901	NC_061657	452458
1647	NC_061660	233715
1002	NC_061661	2924066
2550	NC_061663	426329
929	NC_061667	994668
1654	NC_061669	2925269
1476	NC_061670	2908915
1456	NC_061671	2003742
1456	NC_061673	1737103
1337	NC_061674	2021217
1337	NC_061675	2316920
1337	NC_061676	2021215
1337	NC_061677	2021216
1337	NC_061678	2021218
1729	NC_061684	2689076
1752	NC_061686	2681215
588	NC_061688	159071
1577	NC_061689	393533
1324	NC_061691	1523626
2365	NC_061694	909199
1945	NC_061695	1002525
1366	NC_061696	175067
2308	NC_061700	2919429
1018	NC_061701	2919949
2308	NC_061702	2919424
2308	NC_061703	2919427
2308	NC_061704	2919428
2358	NC_061706	354628
1778	NC_061708	110762
1683	NC_061709	690515
1337	NC_061710	345093
1456	NC_061711	345143
1337	NC_061712	178808
1337	NC_061713	345131
1337	NC_061714	416114
1337	NC_061715	926021
1744	NC_061719	332429
1744	NC_061720	1236435
2040	NC_061722	1236424
1572	NC_061725	149353
1337	NC_061726	345092
1337	NC_061727	1148074
1337	NC_061728	153474
1337	NC_061729	345097
1337	NC_061730	1046259
1337	NC_061731	1147752
1337	NC_061732	1046265
1337	NC_061733	153477
1337	NC_061734	1239142
1337	NC_061735	884148
1337	NC_061736	1046260
626	NC_061742	159037
1411	NC_061744	317644
1318	NC_061745	927782
1318	NC_061746	317645
1318	NC_061747	317646
1729	NC_061748	49553
1577	NC_061751	2291162
1577	NC_061752	2918732
1337	NC_061755	345095
490	NC_061756	173437
223	NC_061757	2029078
490	NC_061758	569774
261	NC_061759	1795539
1980	NC_061761	126435
2665	NC_061763	2695402
1324	NC_061904	2907141
1347	NC_061905	651631
1597	NC_061911	316475
2454	NC_061912	2907121
1371	NC_061917	141004
1004	NC_061927	1277771
1318	NC_061928	112565
1507	NC_061929	112578
1280	NC_061930	109060
1371	NC_061933	2911580
1371	NC_061934	356590
1371	NC_061935	106573
1411	NC_061936	317639
2584	NC_061938	81864
427	NC_061939	741061
224	NC_061940	1037462
299	NC_061941	2911880
325	NC_061942	1037477
271	NC_061943	1037474
325	NC_061944	1037470
350	NC_061945	2596928
325	NC_061946	1037461
325	NC_061947	1037479
2192	NC_061948	1679355
325	NC_061955	1037471
224	NC_061956	1037464
325	NC_061957	2859591
1126	NC_061958	1630190
1201	NC_061959	53902
1946	NC_061960	160376
1946	NC_061961	160378
1946	NC_061962	388137
1159	NC_061964	2764690
1879	NC_061976	326068
341	NC_061977	1350402
684	NC_061982	267237
684	NC_061983	2836953
684	NC_061984	267246
684	NC_061985	267247
684	NC_061986	1826188
684	NC_061987	648850
2646	NC_062040	537181
2650	NC_062041	2497539
1772	NC_062042	2182713
1604	NC_062043	457821
1604	NC_062044	1898853
588	NC_062045	354527
1984	NC_062046	2907235
402	NC_062049	53117
1324	NC_062050	2883579
2025	NC_062051	74859
1188	NC_062052	1621251
1729	NC_062053	1043700
1729	NC_062054	2927890
1729	NC_062055	1043698
1729	NC_062056	1078776
1729	NC_062057	2927891
1729	NC_062058	1553919
782	NC_062076	591215
1779	NC_062078	376710
1779	NC_062079	62889
1779	NC_062080	230663
1779	NC_062081	588598
1750	NC_062082	229542
2665	NC_062084	165637
1914	NC_062085	1093623
1842	NC_062094	698352
1629	NC_062095	499994
2305	NC_062096	1353438
1629	NC_062097	2916644
1842	NC_062098	1353443
2182	NC_062126	2871480
1315	NC_062127	2291119
1495	NC_062128	1940804
1873	NC_062129	1465736
321	NC_062130	1080332
126	NC_062132	154702
1567	NC_062134	1699809
1749	NC_062141	171886
1187	NC_062142	915270
733	NC_062144	198699
2605	NC_062145	179761
485	NC_062146	693567
485	NC_062147	693564
485	NC_062148	112807
485	NC_062149	693571
485	NC_062150	693558
485	NC_062151	561567
485	NC_062152	2899112
485	NC_062153	2899111
485	NC_062154	693559
2399	NC_062155	1729104
1843	NC_062156	207523
782	NC_062168	2690399
782	NC_062169	2922281
1371	NC_062299	3752
2328	NC_062306	345215
2116	NC_062307	1620155
2359	NC_062308	344769
2248	NC_062309	1399689
1947	NC_062310	378933
2136	NC_062311	1037061
1975	NC_062312	1399662
2136	NC_062313	2306688
2136	NC_062314	2306687
2136	NC_062315	2306686
2136	NC_062316	2928714
2136	NC_062317	1679352
2136	NC_062318	1463642
2136	NC_062319	2928713
2136	NC_062320	2928711
2136	NC_062321	1679334
2136	NC_062322	1399713
2136	NC_062323	1399712
2136	NC_062324	2306685
275	NC_062330	106205
1371	NC_062332	36606
1371	NC_062333	1143241
1371	NC_062334	470517
1371	NC_062335	2654668
1371	NC_062336	2873988
1371	NC_062337	294377
1374	NC_062338	193310
1374	NC_062339	2873989
1374	NC_062340	691235
1371	NC_062341	1826799
1332	NC_062342	691240
1371	NC_062343	193309
1371	NC_062344	36600
1363	NC_062345	510738
1363	NC_062346	36593
1363	NC_062347	298643
1371	NC_062348	141206
1371	NC_062349	106553
1371	NC_062350	106562
2329	NC_062351	126618
1046	NC_062353	1176375
2098	NC_062357	354051
1286	NC_062358	71616
302	NC_062359	299599
1729	NC_062363	317978
1729	NC_062364	325716
1729	NC_062365	489428
1729	NC_062366	424412
1729	NC_062367	318024
1729	NC_062368	327895
1729	NC_062369	1631202
1729	NC_062370	423297
1447	NC_062371	2904614
1729	NC_062372	460985
812	NC_062378	82423
2121	NC_062404	510833
654	NC_062405	285846
2665	NC_062406	1476995
2138	NC_062410	2739290
1367	NC_062411	2590076
2524	NC_062412	2928710
1830	NC_062414	714495
1156	NC_062415	133206
2670	NC_062416	60087
2041	NC_062417	70741
2517	NC_062418	236733
1779	NC_062419	1380596
1779	NC_062424	45835
1779	NC_062425	2802709
1779	NC_062426	744099
2177	NC_062427	329788
1661	NC_062428	205568
1064	NC_062430	2829915
1371	NC_062432	36597
1387	NC_062439	2839955
351	NC_062451	212301
997	NC_062457	435946
2099	NC_062458	859317
1105	NC_062461	714504
684	NC_062462	1608491
1228	NC_062463	105678
1915	NC_062465	2054556
1779	NC_062468	2598637
1713	NC_062469	115652
1779	NC_062470	205589
1713	NC_062471	2802715
1713	NC_062472	1807840
1779	NC_062474	1442340
1779	NC_062475	2802717
2053	NC_062476	115671
1779	NC_062477	2802713
1779	NC_062478	2598634
1779	NC_062479	2801129
1713	NC_062480	1807835
1713	NC_062481	1807836
1661	NC_062482	2802714
1713	NC_062483	795974
1779	NC_062484	744126
1779	NC_062485	743523
1779	NC_062486	115668
1713	NC_062487	401002
1661	NC_062488	2802710
1779	NC_062489	1442337
1779	NC_062490	1821617
1779	NC_062491	2802711
1713	NC_062493	2802712
1593	NC_062494	1442338
1661	NC_062496	2802705
1779	NC_062497	329770
1779	NC_062498	2802704
1713	NC_062499	2802706
1713	NC_062501	329778
1779	NC_062502	856977
1779	NC_062503	2598627
1779	NC_062504	856885
1779	NC_062506	315336
1779	NC_062507	744061
1779	NC_062508	205536
1779	NC_062509	205537
1713	NC_062510	795972
1713	NC_062511	856893
2415	NC_062512	421232
1779	NC_062513	2802702
1779	NC_062514	2802700
1713	NC_062515	1807819
1661	NC_062516	265389
1779	NC_062517	2801085
1148	NC_062580	82320
2077	NC_062584	39296
312	NC_062585	65559
2536	NC_062593	64940
2544	NC_062594	34205
2574	NC_062595	35876
1338	NC_062597	146538
408	NC_062600	1603707
571	NC_062601	2930052
2119	NC_062602	204215
1495	NC_062607	1049919
2090	NC_062609	1010622
1223	NC_062618	2079768
846	NC_062619	2785155
2021	NC_062635	73751
2201	NC_062639	1043706
2201	NC_062640	1044906
2090	NC_062641	215550
2090	NC_062642	2932771
2090	NC_062643	86763
2090	NC_062644	86761
2090	NC_062645	1185394
2090	NC_062646	1507420
2090	NC_062647	86719
2090	NC_062648	2932768
2090	NC_062649	2932770
2090	NC_062650	2932769
2090	NC_062651	128258
2090	NC_062652	86760
2090	NC_062653	86767
2090	NC_062654	86769
2090	NC_062655	85872
2090	NC_062656	215548
684	NC_062657	1133298
1984	NC_062666	105757
2038	NC_062667	157517
986	NC_062690	1505188
1201	NC_062691	54882
1713	NC_062693	109975
1118	NC_062699	1398552
869	NC_062701	1089399
607	NC_062702	749924
869	NC_062703	349479
607	NC_062704	749925
76	NC_062706	1470415
674	NC_062707	309533
782	NC_062708	2925815
341	NC_062713	947907
1374	NC_062714	1826803
1779	NC_062717	73572
1779	NC_062718	608812
1550	NC_062719	2708237
1550	NC_062720	2932491
1550	NC_062721	265764
1550	NC_062722	2291123
1550	NC_062723	265763
1521	NC_062793	1052178
2665	NC_062794	931133
1934	NC_062795	249543
14	NC_062796	1225685
1363	NC_062797	691223
1371	NC_062799	1143234
1371	NC_062800	691224
2650	NC_062802	1366957
2597	NC_062804	2516474
2597	NC_062805	1137046
2597	NC_062806	271750
2597	NC_062807	271748
2597	NC_062808	198761
2588	NC_062809	401011
2598	NC_062810	1157646
1218	NC_062811	304170
1303	NC_062812	2874743
1303	NC_062813	167585
1303	NC_062814	2874744
241	NC_062823	216493
2665	NC_062825	2056022
555	NC_062826	216487
351	NC_062827	318061
294	NC_062828	212310
416	NC_062829	212879
243	NC_062830	212889
902	NC_062831	212964
2536	NC_062835	538578
2536	NC_062836	538579
2536	NC_062837	101011
2665	NC_062841	743504
1023	NC_062858	2918710
1694	NC_062862	879925
1694	NC_062863	205521
1779	NC_062864	1879233
1779	NC_062865	2802699
1779	NC_062866	744050
1779	NC_062867	205527
1661	NC_062868	1097622
1779	NC_062869	2801089
1779	NC_062870	561126
1779	NC_062871	2802701
1779	NC_062872	2598619
1713	NC_062873	1807820
1779	NC_062874	1807821
2665	NC_062881	165645
2314	NC_062882	193519
1534	NC_062884	64232
2236	NC_062889	1045216
782	NC_062890	146662
2090	NC_062891	85861
2090	NC_062892	111575
2090	NC_062893	86723
2090	NC_062894	86727
2090	NC_062895	2933203
2090	NC_062896	111569
2090	NC_062897	111568
2090	NC_062898	111566
2090	NC_062899	111573
2090	NC_062900	85857
2090	NC_062901	111572
2090	NC_062902	111574
2090	NC_062903	111567
2090	NC_062904	211005
2090	NC_062905	2933199
2090	NC_062906	2933202
2090	NC_062907	2933195
2090	NC_062908	2933205
2090	NC_062909	2933198
2090	NC_062910	480420
2090	NC_062911	2933201
2090	NC_062912	2933200
2090	NC_062913	86732
2090	NC_062914	86751
2090	NC_062915	2933204
2090	NC_062916	86743
2090	NC_062917	1010628
2090	NC_062918	215546
2090	NC_062919	152192
2090	NC_062920	86734
2090	NC_062921	85867
2090	NC_062922	85860
2090	NC_062923	152185
2090	NC_062924	2933196
2090	NC_062925	86736
2090	NC_062926	54733
2090	NC_062927	86731
2090	NC_062928	86729
2090	NC_062929	86779
2090	NC_062930	3412
2090	NC_062931	85866
2090	NC_062932	85863
2090	NC_062933	3410
2090	NC_062934	349509
2090	NC_062935	86728
2090	NC_062936	49502
2090	NC_062937	86724
2090	NC_062938	216503
2090	NC_062939	116762
2090	NC_062940	87892
2090	NC_062941	215539
2090	NC_062942	86772
895	NC_062946	492770
1008	NC_062947	666013
895	NC_062948	2835875
895	NC_062949	408128
895	NC_062950	2835856
895	NC_062951	665507
895	NC_062952	2835878
895	NC_062953	665527
895	NC_062954	399722
895	NC_062955	665533
895	NC_062956	666011
895	NC_062957	2835882
1037	NC_062958	29707
895	NC_062959	665492
2330	NC_062961	1700957
1371	NC_063083	661342
2090	NC_063084	2485912
2090	NC_063085	2604425
171	NC_063087	327326
938	NC_063090	871750
550	NC_063092	694413
1573	NC_063094	184576
1197	NC_063108	201017
1487	NC_063109	145711
1694	NC_063110	258457
1573	NC_063113	1874273
397	NC_063129	1510605
938	NC_063131	1041515
938	NC_063132	1041516
938	NC_063133	2768324
938	NC_063134	39435
938	NC_063135	1873521
938	NC_063148	2937280
926	NC_063266	108542
926	NC_063267	82388
1507	NC_063301	180152
1594	NC_063302	644807
1711	NC_063303	698354
1629	NC_063304	3085985
409	NC_063305	44951
381	NC_063306	2861339
849	NC_063307	2861341
208	NC_063308	2725876
316	NC_063309	44970
311	NC_063310	44971
213	NC_063311	2861342
265	NC_063312	44972
214	NC_063313	2861343
272	NC_063314	2861340
1202	NC_063316	2291178
2650	NC_063319	308317
1703	NC_063323	2175823
1703	NC_063324	1043433
1703	NC_063325	2175818
1703	NC_063326	1043439
1703	NC_063327	1052173
2200	NC_063328	880141
1964	NC_063329	714454
2163	NC_063330	213406
651	NC_063471	1245295
1266	NC_063474	32240
2136	NC_063477	2836439
824	NC_063478	1277752
824	NC_063479	457880
1047	NC_063480	47052
824	NC_063481	2873416
824	NC_063482	2873417
824	NC_063483	2873418
824	NC_063484	2873419
824	NC_063485	2873420
824	NC_063486	2873421
1047	NC_063487	2873422
824	NC_063488	90195
824	NC_063489	90199
824	NC_063490	2873425
824	NC_063491	668558
782	NC_063504	591231
397	NC_063506	2878181
397	NC_063507	2878160
2039	NC_063508	1548292
2039	NC_063509	1237723
128	NC_063511	234053
904	NC_063512	1406249
904	NC_063513	2878119
1451	NC_063514	2870464
1937	NC_063520	270183
1780	NC_063521	2651896
1888	NC_063528	470566
1888	NC_063529	174168
414	NC_063547	2887183
2258	NC_063548	1562175
2136	NC_063549	540248
1429	NC_063553	61236
1780	NC_063554	225833
1411	NC_063555	317647
1318	NC_063556	1306909
1318	NC_063557	928062
2139	NC_063558	475396
1259	NC_063560	4690
1318	NC_063563	317641
997	NC_063565	110735
1374	NC_063569	691237
825	NC_063570	241838
1339	NC_063572	1848211
579	NC_063575	197128
1324	NC_063576	2893994
731	NC_063578	76974
1964	NC_063579	168497
142	NC_063587	256364
2294	NC_063590	1303700
2283	NC_063591	308686
1879	NC_063593	2942962
1159	NC_063594	2173067
1416	NC_063595	2764601
2275	NC_063615	2916457
1141	NC_063623	32189
1141	NC_063624	2495490
1535	NC_063626	247904
1065	NC_063630	300998
366	NC_063635	194500
2178	NC_063636	725107
2178	NC_063637	725108
366	NC_063638	2938337
366	NC_063639	194501
366	NC_063640	194506
341	NC_063641	194507
341	NC_063642	194511
368	NC_063643	194512
368	NC_063651	194504
368	NC_063652	194505
368	NC_063653	194510
368	NC_063654	2938349
368	NC_063655	194513
368	NC_063656	2938347
368	NC_063657	2267673
1893	NC_063658	170349
368	NC_063659	2306205
1626	NC_063662	2930424
1687	NC_063671	124772
560	NC_063672	37656
433	NC_063678	467335
2100	NC_063679	438425
826	NC_063682	2939309
1038	NC_063683	2807156
807	NC_063685	557061
1913	NC_063687	1164941
2464	NC_063688	1844621
1911	NC_063696	2048265
2139	NC_063697	698833
938	NC_063702	862986
1448	NC_063713	74823
503	NC_063737	108210
1869	NC_063738	1392585
2008	NC_063739	28490
1745	NC_063740	942061
1943	NC_063741	2940311
1781	NC_063742	1241138
1869	NC_063743	94282
2316	NC_063744	649672
1337	NC_063746	239086
788	NC_063747	197127
788	NC_063748	2871440
788	NC_063749	2871442
788	NC_063750	2941023
749	NC_063819	452763
564	NC_063820	452765
701	NC_063821	714465
1508	NC_063822	452797
434	NC_063823	452773
1287	NC_063824	452800
1086	NC_063827	2933812
1416	NC_063831	13306
1195	NC_063832	690556
1340	NC_063833	1428766
1340	NC_063834	1568982
1340	NC_063835	2708851
782	NC_063836	281079
1458	NC_063837	367357
1729	NC_063838	239650
1590	NC_063839	943332
1633	NC_063840	239670
1882	NC_063842	2448749
1729	NC_063843	496673
1729	NC_063844	2448752
1729	NC_063845	496670
1687	NC_063850	1202800
1595	NC_063900	2943344
986	NC_063901	1424752
782	NC_063907	2943534
341	NC_063910	71595
2321	NC_063911	424416
2321	NC_063912	640636
2321	NC_063913	2758142
2558	NC_063915	1701871
2558	NC_063916	1037020
2558	NC_063917	1701873
2558	NC_063918	995796
2558	NC_063919	2943444
2558	NC_063920	1701880
2558	NC_063921	1273554
2558	NC_063922	995810
1209	NC_063924	212655
1916	NC_063928	429696
3	NC_063952	160531
1368	NC_063957	63068
1162	NC_063958	1357738
1162	NC_063959	1357739
535	NC_063960	220462
535	NC_063961	183794
35	NC_063965	227498
1229	NC_064013	323922
1229	NC_064014	2945686
1229	NC_064015	323961
1229	NC_064016	73716
2321	NC_064051	2263221
2321	NC_064052	587673
2321	NC_064053	342064
2321	NC_064054	2263220
674	NC_064068	1541220
200	NC_064069	2945669
67	NC_064070	2945670
233	NC_064071	2497344
223	NC_064072	2761835
1229	NC_064073	149376
1229	NC_064074	2945652
1229	NC_064075	2945653
1229	NC_064076	2945654
1229	NC_064077	323975
1536	NC_064078	2945636
1229	NC_064079	2945657
1229	NC_064080	2945658
1229	NC_064081	323970
1229	NC_064082	2945637
1229	NC_064083	2945638
1229	NC_064084	2945639
1229	NC_064085	2945640
1229	NC_064086	2945660
1229	NC_064087	2945661
1536	NC_064088	323963
1229	NC_064089	2945641
1229	NC_064090	2945644
1229	NC_064091	2945664
1229	NC_064092	2945646
1229	NC_064093	2945647
1229	NC_064094	323973
1229	NC_064095	2945648
1229	NC_064096	323964
1229	NC_064097	323965
1229	NC_064098	323968
1229	NC_064099	323969
1229	NC_064100	2945650
1229	NC_064101	456994
1229	NC_064102	323971
1341	NC_064103	1898922
2140	NC_064104	2867398
1326	NC_064105	140657
1326	NC_064106	497077
1326	NC_064107	2740320
1326	NC_064108	1642870
231	NC_064114	763061
227	NC_064115	1795517
276	NC_064116	78780
303	NC_064117	2946714
2606	NC_064119	361422
2606	NC_064120	216992
2606	NC_064121	253224
2606	NC_064122	216993
2666	NC_064123	74902
2141	NC_064126	167922
2166	NC_064127	199544
2211	NC_064128	260603
560	NC_064135	135197
560	NC_064136	1008983
446	NC_064137	1603710
560	NC_064138	349445
560	NC_064139	1008984
560	NC_064140	200544
560	NC_064141	1008982
2275	NC_064142	1521127
2108	NC_064143	2949407
402	NC_064145	136296
859	NC_064146	192626
1728	NC_064147	82245
1123	NC_064148	152423
1319	NC_064210	2935096
1596	NC_064319	405848
1567	NC_064322	2949714
1378	NC_064334	3617
2163	NC_064345	167892
1610	NC_064346	3485
1071	NC_064347	2689579
2233	NC_064348	239676
2278	NC_064349	165484
1770	NC_064350	2743091
2278	NC_064351	2689580
2042	NC_064352	496663
1729	NC_064353	3151635
1834	NC_064357	2950380
1834	NC_064358	2072606
1798	NC_064360	79608
1238	NC_064361	671262
2283	NC_064363	308687
1550	NC_064364	105886
1477	NC_064365	1227988
1799	NC_064366	180066
2209	NC_064367	1168069
1342	NC_064373	486670
750	NC_064374	108357
1495	NC_064375	2870829
2140	NC_064388	374685
2115	NC_064389	2291097
905	NC_064393	1993845
1162	NC_064394	233204
1656	NC_064406	261449
1298	NC_064407	2822968
2139	NC_064501	2928439
1319	NC_064509	2952119
1319	NC_064510	2518012
1319	NC_064511	1108176
1319	NC_064512	2857520
1319	NC_064513	2518014
1319	NC_064514	2952120
1319	NC_064515	2952121
1319	NC_064516	2952122
1319	NC_064517	2518015
1319	NC_064518	2518016
945	NC_064519	2044320
1319	NC_064520	2518017
1319	NC_064521	2952125
732	NC_064522	2952126
1319	NC_064523	2729099
1319	NC_064524	2952127
1319	NC_064525	2044319
782	NC_064526	387746
189	NC_064528	536151
2373	NC_064686	214053
298	NC_064687	1537852
1051	NC_064728	117662
1510	NC_064734	409520
1767	NC_064735	1184762
2117	NC_064736	1748861
2524	NC_064737	1303705
2524	NC_064738	1399671
2524	NC_064739	647264
2524	NC_064740	1303704
1945	NC_064741	226091
2520	NC_064742	1312523
2317	NC_064743	1399693
2317	NC_064744	1586306
2266	NC_064746	1475415
1985	NC_064747	194269
2586	NC_064748	471947
1986	NC_064749	2306682
2043	NC_064750	2306683
1768	NC_064751	2807117
1342	NC_064932	2573088
1917	NC_064936	1586311
1917	NC_064937	2792736
1986	NC_064939	1399750
1917	NC_064940	681502
1986	NC_064941	194275
1917	NC_064942	1399752
1917	NC_064943	2792734
1509	NC_064959	2841358
1509	NC_064960	2841359
961	NC_064961	690504
1612	NC_064967	1249515
2249	NC_064968	2952661
2249	NC_064969	471946
2249	NC_064970	2952663
1917	NC_064971	3089690
1917	NC_064972	2952676
1917	NC_064973	2952671
1917	NC_064974	2952670
1985	NC_064975	2952668
1782	NC_064976	2952667
2524	NC_064977	2952666
2118	NC_064978	2952669
2400	NC_064980	2952662
395	NC_064985	106478
1127	NC_064988	290852
2456	NC_064989	1642874
733	NC_064990	1407655
1871	NC_064992	199392
397	NC_064995	2768819
2142	NC_064996	640501
1597	NC_064999	210387
2331	NC_065000	116758
1597	NC_065001	333555
2331	NC_065002	264812
2339	NC_065003	591090
2339	NC_065004	2994949
2365	NC_065005	2865926
2339	NC_065006	316489
2339	NC_065007	264813
2339	NC_065008	1161167
2365	NC_065009	909202
904	NC_065014	2489288
788	NC_065015	1663035
2387	NC_065017	2952650
2522	NC_065023	47064
2189	NC_065037	196573
2515	NC_065038	169607
959	NC_065040	1472648
959	NC_065041	1767999
959	NC_065042	314115
959	NC_065043	871265
959	NC_065044	223757
959	NC_065045	1768000
959	NC_065046	223759
959	NC_065047	870953
959	NC_065048	2953578
2626	NC_065056	3105834
1809	NC_065057	56851
1303	NC_065059	323663
812	NC_065062	172266
812	NC_065063	121718
812	NC_065064	66669
2235	NC_065098	1586319
684	NC_065110	1608497
1687	NC_065114	124776
1687	NC_065115	2959427
1687	NC_065116	1652689
1687	NC_065117	124775
1687	NC_065118	432243
1844	NC_065123	153547
1844	NC_065124	2959384
1844	NC_065125	2959381
1844	NC_065126	153556
1844	NC_065127	2959383
1844	NC_065128	107837
2009	NC_065129	1129724
1844	NC_065130	2959385
1844	NC_065131	13700
926	NC_065137	1515097
2025	NC_065140	2817249
2025	NC_065141	46348
2025	NC_065142	2817250
2025	NC_065143	2817251
2025	NC_065144	2817252
2025	NC_065145	2755596
1128	NC_065146	1932008
2128	NC_065148	34294
2128	NC_065149	184137
2645	NC_065151	664072
2640	NC_065152	663980
2662	NC_065153	763974
2650	NC_065154	2283222
1437	NC_065156	2930419
1214	NC_065157	2855412
997	NC_065159	765959
487	NC_065162	1174930
395	NC_065163	1908752
487	NC_065164	1904285
487	NC_065165	294107
395	NC_065166	1904287
395	NC_065167	294074
487	NC_065168	49883
395	NC_065169	1842919
395	NC_065170	294090
395	NC_065171	561112
395	NC_065172	1908566
395	NC_065173	294037
395	NC_065174	2014383
395	NC_065175	294041
395	NC_065176	106488
395	NC_065177	622462
395	NC_065178	294048
395	NC_065179	294049
395	NC_065180	1908571
395	NC_065181	49880
395	NC_065182	588394
395	NC_065183	2937323
395	NC_065184	588393
395	NC_065185	294063
395	NC_065186	49535
395	NC_065187	294078
395	NC_065188	405633
395	NC_065189	1908594
395	NC_065190	49541
395	NC_065191	49879
487	NC_065192	294111
487	NC_065193	2002970
395	NC_065194	294069
831	NC_065195	2961933
487	NC_065196	1908775
1324	NC_065198	460808
1054	NC_065199	37647
1027	NC_065200	3674
1236	NC_065201	154480
1448	NC_065204	626332
1537	NC_065205	357469
1448	NC_065206	1301400
1448	NC_065207	2042668
1448	NC_065208	669753
1448	NC_065209	669754
1537	NC_065210	215228
728	NC_065240	57919
1371	NC_065241	225117
1371	NC_065242	2448454
1371	NC_065243	436086
1326	NC_065244	1813533
1035	NC_065245	172095
2339	NC_065257	1168213
1688	NC_065258	1489956
1437	NC_065261	1009508
1451	NC_065303	286935
1486	NC_065306	146540
1141	NC_065351	1618033
1124	NC_065352	1263489
1334	NC_065353	100534
1334	NC_065354	100535
733	NC_065355	2963783
733	NC_065356	1218742
1124	NC_065357	573514
1118	NC_065358	2259078
1334	NC_065359	34185
733	NC_065360	714466
1810	NC_065361	405737
1563	NC_065369	2759058
1550	NC_065370	2892398
1683	NC_065379	2940259
1779	NC_065381	73575
2193	NC_065383	22303
1564	NC_065386	370671
952	NC_065387	175103
1324	NC_065391	542734
2186	NC_065393	1938956
2366	NC_065394	199173
508	NC_065396	76951
626	NC_065397	159025
626	NC_065398	159026
626	NC_065399	159027
1677	NC_065400	54453
2123	NC_065458	71631
2123	NC_065459	164242
952	NC_065465	175091
1306	NC_065468	214697
2200	NC_065476	2966543
1503	NC_065477	118363
1729	NC_065482	2448754
1729	NC_065483	496669
1729	NC_065484	2448756
1363	NC_065485	416289
1363	NC_065486	714459
2164	NC_065487	2812725
1729	NC_065500	2897339
1729	NC_065501	239653
817	NC_065503	1094874
895	NC_065504	408129
1371	NC_065652	661359
1371	NC_065653	2865624
1371	NC_065654	2654667
1371	NC_065655	661360
2119	NC_065666	548856
560	NC_065667	341933
1363	NC_065670	1961193
1363	NC_065671	2967324
1363	NC_065672	1826781
1983	NC_065692	1888384
224	NC_065697	2859590
325	NC_065698	1043513
325	NC_065699	1037476
374	NC_065701	2859589
299	NC_065702	2859588
299	NC_065703	2859586
843	NC_065704	2859579
843	NC_065705	2859580
843	NC_065706	593755
843	NC_065707	205464
869	NC_065708	2859577
1230	NC_065709	2859583
1087	NC_065710	1172588
450	NC_065711	1008909
1103	NC_065712	1442712
299	NC_065713	2859585
1230	NC_065714	2859584
1103	NC_065715	2859578
389	NC_065716	1037467
850	NC_065717	1172576
299	NC_065718	1037473
851	NC_065719	123465
930	NC_065720	2859582
851	NC_065721	2859592
930	NC_065722	2859593
1121	NC_065723	2859576
851	NC_065724	2859581
931	NC_065725	123405
930	NC_065726	85242
1121	NC_065727	2859594
1267	NC_065728	39394
224	NC_065729	858958
1521	NC_065730	391058
1472	NC_065734	190008
174	NC_065735	227241
1326	NC_065751	552835
932	NC_065752	341934
731	NC_065753	341931
560	NC_065754	64884
560	NC_065755	171249
560	NC_065756	481549
560	NC_065757	237575
2143	NC_065763	213266
1872	NC_065773	49121
2663	NC_065777	105311
2663	NC_065778	1287973
2663	NC_065779	1287971
2663	NC_065780	743506
2663	NC_065781	105303
790	NC_065784	125587
983	NC_065785	467334
2517	NC_065789	198264
2306	NC_065790	1032928
2172	NC_065792	1269190
2258	NC_065793	1245228
2172	NC_065794	1245236
2295	NC_065795	1245247
2258	NC_065796	1245250
2295	NC_065797	1846137
2172	NC_065798	1245262
1098	NC_065808	248822
1369	NC_065832	1117032
1896	NC_065833	50499
2349	NC_065834	2059433
1370	NC_065840	1161150
1630	NC_065861	1288439
48	NC_065862	1470422
1538	NC_065863	1603725
1689	NC_065864	255872
1538	NC_065865	520843
2321	NC_065866	588964
684	NC_065867	74649
2225	NC_065868	543981
1449	NC_065869	2954124
2119	NC_065871	1582841
2272	NC_065983	1809639
2272	NC_065984	1809642
2200	NC_065990	424903
1395	NC_065999	2969391
565	NC_066000	1616334
1363	NC_066002	140997
1729	NC_066005	40962
2065	NC_066006	119949
1268	NC_066007	452790
1567	NC_066009	571639
1746	NC_066010	53836
2675	NC_066011	4020
1175	NC_066013	45385
2359	NC_066016	2590075
1246	NC_066018	28503
2166	NC_066019	41228
2405	NC_066021	57912
2225	NC_066022	194200
1597	NC_066026	369424
1342	NC_066027	213829
2313	NC_066033	39338
2004	NC_066034	49988
2359	NC_066035	33127
2250	NC_066037	39324
414	NC_066042	129756
414	NC_066043	310254
417	NC_066044	2004890
414	NC_066045	129751
2451	NC_066047	171931
1934	NC_066053	85232
641	NC_066070	152892
459	NC_066071	1168071
597	NC_066083	20676
256	NC_066090	2878549
1524	NC_066091	2930418
220	NC_066092	2974058
268	NC_066093	2006105
301	NC_066094	2974060
260	NC_066095	2974057
301	NC_066096	2575889
260	NC_066097	2899530
176	NC_066098	2594715
301	NC_066099	2594735
301	NC_066100	2974059
222	NC_066101	2974061
2144	NC_066130	690339
1371	NC_066131	269115
1371	NC_066132	2974483
1371	NC_066133	1679318
1371	NC_066134	589997
1371	NC_066135	2024531
1371	NC_066136	2024530
1690	NC_066137	2974484
1371	NC_066138	2905423
1371	NC_066139	2905422
1371	NC_066140	2905424
1371	NC_066141	2905717
1371	NC_066142	2905425
1129	NC_066143	455430
630	NC_066144	103762
277	NC_066145	687608
288	NC_066146	687582
205	NC_066147	687651
308	NC_066148	687591
309	NC_066149	339111
280	NC_066150	38197
1130	NC_066182	167587
1895	NC_066183	203270
1895	NC_066184	2974286
1895	NC_066185	2833874
1895	NC_066186	2750599
1895	NC_066187	258158
1895	NC_066188	1882480
1895	NC_066189	258165
1895	NC_066190	2833875
1895	NC_066191	116719
1895	NC_066192	258187
1895	NC_066193	1813931
1895	NC_066194	258192
1895	NC_066195	258195
1895	NC_066196	2833873
1372	NC_066219	2785548
2090	NC_066227	2036759
1938	NC_066228	194324
1934	NC_066229	66392
401	NC_066405	53067
2323	NC_066408	2855397
2323	NC_066409	262280
1326	NC_066411	983196
1326	NC_066412	1642871
1326	NC_066413	1008929
1326	NC_066414	1642865
1326	NC_066415	1170640
1326	NC_066416	1891964
1326	NC_066417	456515
1326	NC_066418	97321
1521	NC_066419	2133964
1326	NC_066420	140311
1326	NC_066421	129217
1326	NC_066422	1642869
1326	NC_066423	1642867
1326	NC_066424	1891965
1873	NC_066431	130389
1873	NC_066432	450283
1873	NC_066433	405337
1873	NC_066434	935695
1873	NC_066435	13217
2084	NC_066436	130414
1873	NC_066437	450285
2010	NC_066438	130418
1845	NC_066439	1181298
2145	NC_066445	167999
2115	NC_066446	37489
2212	NC_066447	119595
2451	NC_066470	171938
2451	NC_066471	2976256
1879	NC_066474	665991
1879	NC_066475	309329
1879	NC_066476	744260
1879	NC_066477	100577
1694	NC_066481	402998
110	NC_066482	1617357
165	NC_066483	1617358
170	NC_066484	339115
85	NC_066485	2976879
2610	NC_066491	1835031
1375	NC_066492	228538
1803	NC_066496	1265924
1803	NC_066499	587403
1857	NC_066502	222504
1258	NC_066503	139929
1574	NC_066644	235715
615	NC_066646	1056462
588	NC_066647	1803871
588	NC_066648	1336656
1612	NC_066650	29711
2243	NC_066652	93210
1846	NC_066653	1226761
2146	NC_066656	291316
1324	NC_066658	542714
399	NC_066665	2968953
2551	NC_066666	2968952
2551	NC_066667	125586
1417	NC_066668	374745
2551	NC_066669	580465
1231	NC_066670	137680
627	NC_066672	943435
1231	NC_066673	1197307
1087	NC_066674	1172579
1729	NC_066689	496698
1729	NC_066690	2963789
1729	NC_066691	474001
1729	NC_066692	460996
1729	NC_066694	2963786
1729	NC_066695	2764672
1729	NC_066696	2928670
1598	NC_066697	2963785
1729	NC_066698	2963784
1729	NC_066699	63038
1598	NC_066700	2583430
2228	NC_066701	2650407
2228	NC_066702	419290
2350	NC_066703	475885
782	NC_066717	387744
1729	NC_066719	1170855
1786	NC_066795	2954133
2580	NC_066797	2925018
1522	NC_066798	251605
1141	NC_066799	39526
2297	NC_066801	259420
2456	NC_066807	1056941
317	NC_066811	212836
1066	NC_066812	2650045
2229	NC_066813	886265
334	NC_066815	76040
628	NC_066816	2743666
572	NC_066817	2978286
542	NC_066818	240184
542	NC_066819	574898
478	NC_066896	1333888
490	NC_066958	2500812
685	NC_066959	329239
685	NC_066960	49577
515	NC_066961	2172426
1062	NC_066964	644182
1786	NC_066966	28508
2101	NC_066967	992840
2308	NC_066973	2232085
684	NC_066975	267252
2437	NC_066997	2338916
2382	NC_066998	2306217
2433	NC_066999	1191332
2390	NC_067000	1191335
2441	NC_067001	78270
2426	NC_067002	143584
2426	NC_067003	2810547
2383	NC_067004	80776
2465	NC_067005	1191331
2437	NC_067006	61246
2418	NC_067007	2291111
2437	NC_067008	2507849
2437	NC_067009	1191334
2430	NC_067010	143585
2437	NC_067011	2291112
2418	NC_067012	2548469
2479	NC_067013	2548468
2469	NC_067014	2810549
2472	NC_067015	2507852
2446	NC_067016	2338906
2426	NC_067017	61244
2420	NC_067018	61245
2425	NC_067019	61247
2488	NC_067020	78265
2401	NC_067021	78267
2488	NC_067022	61242
2488	NC_067023	78266
2441	NC_067024	2810546
2466	NC_067025	2810548
2421	NC_067026	80775
2430	NC_067027	2338905
904	NC_067030	2974069
782	NC_067033	863016
2665	NC_067034	138325
983	NC_067040	46901
2541	NC_067043	281077
896	NC_067044	15957
918	NC_067045	289064
2538	NC_067046	29668
479	NC_067047	15371
720	NC_067048	15304
1324	NC_067053	2880969
1371	NC_067063	470520
2003	NC_067079	152367
201	NC_067080	2980633
1324	NC_067081	536626
1324	NC_067082	319929
1324	NC_067085	2321407
1324	NC_067086	2321412
1324	NC_067087	536629
1324	NC_067088	147931
1324	NC_067089	147927
1324	NC_067090	147929
1324	NC_067091	147932
1324	NC_067092	1889607
2228	NC_067370	113446
2366	NC_067499	2290804
1258	NC_067502	2528811
1258	NC_067503	1370055
1258	NC_067504	13403
1258	NC_067505	2044477
1258	NC_067506	1370061
1258	NC_067507	91227
1258	NC_067508	139928
1258	NC_067509	2800123
1753	NC_067511	2981233
1918	NC_067512	149637
1108	NC_067513	54988
2165	NC_067514	149628
1176	NC_067515	53904
1539	NC_067516	149665
1143	NC_067517	48123
1143	NC_067518	588911
950	NC_067519	53888
1056	NC_067520	212698
1894	NC_067521	2981239
734	NC_067522	248520
1631	NC_067523	450031
1632	NC_067524	115004
1232	NC_067525	557744
2085	NC_067526	1196270
1150	NC_067527	500182
1343	NC_067528	115002
885	NC_067529	1645775
1478	NC_067530	2981240
1109	NC_067531	1089623
2044	NC_067532	2983343
2044	NC_067533	1457467
2011	NC_067534	252530
1151	NC_067535	2981241
1540	NC_067536	62116
1344	NC_067537	54890
1319	NC_067538	701553
2627	NC_067539	1620053
1599	NC_067540	167626
1177	NC_067544	168535
1633	NC_067547	2836828
1373	NC_067548	859222
1633	NC_067549	2930222
1633	NC_067550	642899
1633	NC_067551	49560
1633	NC_067552	943333
782	NC_067555	2922417
1567	NC_067556	371341
1567	NC_067558	371376
1567	NC_067559	489379
1567	NC_067560	371387
1567	NC_067561	1514057
1567	NC_067562	1514018
1567	NC_067563	1514014
1567	NC_067564	371382
1567	NC_067565	371364
1567	NC_067566	92053
1567	NC_067567	371375
1567	NC_067568	371384
2351	NC_067570	4170
2279	NC_067572	1338535
534	NC_067584	1470412
821	NC_067588	2831018
821	NC_067589	2307013
428	NC_067591	3043474
2561	NC_067603	146149
412	NC_067604	2898947
328	NC_067605	299607
1324	NC_067609	674064
582	NC_067610	2511941
996	NC_067611	289701
1324	NC_067613	2915791
2530	NC_067614	269721
1874	NC_067615	1617353
166	NC_067616	1486054
157	NC_067617	1486050
782	NC_067630	2518362
782	NC_067631	326921
782	NC_067633	591219
2225	NC_067634	2920505
2470	NC_067635	1540407
2470	NC_067636	292731
2470	NC_067637	1540408
562	NC_067640	526194
2167	NC_067642	662902
2167	NC_067643	2494282
2167	NC_067645	2494283
2167	NC_067646	204131
2166	NC_067647	2494284
2167	NC_067648	2494279
2167	NC_067649	2494285
2167	NC_067651	662905
2167	NC_067652	662906
2166	NC_067653	2955199
2167	NC_067654	980662
2167	NC_067655	2494280
2167	NC_067656	986860
2167	NC_067657	986861
2166	NC_067658	662909
2167	NC_067659	662911
2167	NC_067660	2593378
2167	NC_067662	2494286
2166	NC_067663	662915
2167	NC_067664	2494287
2167	NC_067665	662916
2167	NC_067666	2494288
2167	NC_067667	662917
2167	NC_067668	662918
2167	NC_067669	2494289
2167	NC_067670	2955197
2167	NC_067671	662919
2166	NC_067672	1504647
2167	NC_067673	1504648
2167	NC_067674	1504649
2167	NC_067675	204134
2166	NC_067676	204134
2167	NC_067677	662923
2167	NC_067678	662924
2167	NC_067679	662926
2167	NC_067680	204135
2167	NC_067681	662927
2166	NC_067682	2494292
2167	NC_067683	662928
2167	NC_067684	1504659
2167	NC_067685	2494293
2166	NC_067686	204136
2166	NC_067687	2494294
2166	NC_067688	2494295
2167	NC_067689	986866
2167	NC_067690	662930
2166	NC_067691	662932
2167	NC_067692	662931
2167	NC_067693	425909
2167	NC_067694	680379
2167	NC_067695	550456
2167	NC_067696	662908
2167	NC_067697	1504651
2167	NC_067698	2494291
2167	NC_067699	662925
2167	NC_067700	2744336
2167	NC_067701	662910
2167	NC_067702	1504656
2167	NC_067703	2744337
2167	NC_067704	2744335
2167	NC_067705	1504646
2167	NC_067706	2955198
2166	NC_067707	662922
2166	NC_067708	1504653
2166	NC_067709	1504652
30	NC_067711	2976402
2283	NC_067714	3331
2123	NC_067715	55062
1324	NC_067734	218779
2321	NC_067735	428275
2321	NC_067736	49211
2321	NC_067737	268919
2321	NC_067739	476449
2321	NC_067740	476450
2321	NC_067741	2983402
2321	NC_067742	516553
2321	NC_067743	1611029
21	NC_067753	160529
22	NC_067754	160533
1152	NC_067755	432645
1555	NC_067756	189976
91	NC_067758	187182
39	NC_067759	256362
7	NC_067760	1814005
1324	NC_067764	1840588
285	NC_067766	158927
1803	NC_067768	587406
2123	NC_067769	70929
1895	NC_067770	258178
1895	NC_067771	1026947
1895	NC_067772	258196
2086	NC_067773	121720
1895	NC_067774	1054082
1895	NC_067775	258211
2167	NC_067778	204131
2167	NC_067779	662907
2167	NC_067780	705303
2166	NC_067782	425908
2166	NC_067783	204133
2147	NC_067785	694362
1567	NC_067786	1514006
962	NC_067810	2911227
1342	NC_067811	2291136
817	NC_067812	152390
1515	NC_067826	480678
1233	NC_067827	34172
1153	NC_067828	1089947
1233	NC_067829	292678
1233	NC_067830	446125
1236	NC_067831	292781
1112	NC_067832	115441
1236	NC_067833	292693
1236	NC_067835	145686
1236	NC_067836	147188
1273	NC_067837	115475
1273	NC_067838	348515
1396	NC_067839	1966430
1487	NC_067840	2559471
1396	NC_067841	1510057
1396	NC_067842	349347
1236	NC_067843	184791
1233	NC_067844	480375
1112	NC_067845	252730
2419	NC_067852	341996
1314	NC_067857	210334
2228	NC_067867	1470854
953	NC_067869	1679327
1503	NC_067870	2575814
1503	NC_067871	2839635
1687	NC_067874	1202798
1687	NC_067875	889078
1729	NC_067882	1043704
144	NC_067938	212065
89	NC_067939	2034676
96	NC_067940	1131870
357	NC_067941	2058724
2179	NC_067947	662901
2139	NC_067948	1160297
2452	NC_067950	2499693
791	NC_067968	61509
1131	NC_067977	34296
1694	NC_067978	942185
642	NC_067979	383670
1288	NC_067981	161864
341	NC_067982	180499
1288	NC_067983	1190699
1288	NC_067984	2029076
341	NC_067985	2986131
366	NC_067986	1076820
341	NC_067987	1855359
289	NC_067988	2986132
1288	NC_067989	2029077
1211	NC_067990	152299
1510	NC_067995	409519
1510	NC_067996	1450208
1510	NC_067997	1161165
1510	NC_067998	1851244
1510	NC_067999	2008514
1510	NC_068000	2008511
1510	NC_068001	2764681
1510	NC_068002	473049
1510	NC_068003	1450212
1510	NC_068004	309823
2139	NC_068005	1160299
2012	NC_068021	270951
2012	NC_068022	68869
2012	NC_068023	270954
2012	NC_068024	188300
2012	NC_068025	270956
2012	NC_068026	270957
2012	NC_068027	270958
2012	NC_068028	3349806
2091	NC_068029	4157
2091	NC_068030	2065886
2230	NC_068031	188299
2091	NC_068032	1906386
2091	NC_068033	270970
2091	NC_068034	4162
2091	NC_068035	4155
2091	NC_068036	4156
2230	NC_068037	69919
2091	NC_068038	2761763
2091	NC_068039	4158
2091	NC_068040	4159
2091	NC_068041	910426
2091	NC_068042	4161
2066	NC_068043	188307
1965	NC_068044	2986456
2148	NC_068045	49039
2045	NC_068046	4164
2194	NC_068052	168495
2067	NC_068053	2528942
2267	NC_068054	2528944
2067	NC_068055	2528947
2267	NC_068056	2528950
2267	NC_068057	2528953
1715	NC_068058	2528954
938	NC_068060	2934155
2646	NC_068066	59290
15	NC_068067	257361
1540	NC_068068	257360
938	NC_068070	338531
938	NC_068071	2986623
2306	NC_068074	2663187
2172	NC_068075	1245541
684	NC_068089	74636
684	NC_068090	117260
674	NC_068094	673185
290	NC_068106	1499538
808	NC_068107	286684
566	NC_068108	160577
699	NC_068109	751629
636	NC_068110	1704206
618	NC_068111	110881
654	NC_068112	160547
634	NC_068113	160586
654	NC_068114	433885
654	NC_068115	110892
668	NC_068116	314393
655	NC_068117	649496
655	NC_068118	946641
655	NC_068119	798113
903	NC_068120	751690
656	NC_068121	751694
656	NC_068122	751695
656	NC_068123	110901
709	NC_068124	523331
709	NC_068125	523333
699	NC_068126	751712
743	NC_068127	59911
743	NC_068128	751718
1064	NC_068131	174192
1118	NC_068132	261410
1927	NC_068133	768177
2339	NC_068134	316483
2339	NC_068135	2987624
1783	NC_068136	264811
1597	NC_068137	316473
2365	NC_068138	214529
1088	NC_068168	2963780
933	NC_068230	2599111
1092	NC_068233	2760827
1813	NC_068234	477864
2068	NC_068242	223100
2069	NC_068243	2028290
1779	NC_068253	172264
249	NC_068257	1616489
1729	NC_068258	516042
2612	NC_068269	36902
241	NC_068458	2739902
657	NC_068459	2739914
281	NC_068460	2739913
282	NC_068461	2891243
963	NC_068462	316814
963	NC_068463	1281372
241	NC_068464	2739907
1203	NC_068465	1281360
241	NC_068466	2739900
526	NC_068467	216492
1203	NC_068468	1281410
241	NC_068469	213010
963	NC_068470	1281385
551	NC_068471	1281374
963	NC_068472	334703
963	NC_068473	1281382
886	NC_068474	2739901
241	NC_068475	213007
963	NC_068476	1281373
963	NC_068477	2739916
358	NC_068478	213055
551	NC_068479	213009
228	NC_068480	212840
312	NC_068481	212908
282	NC_068482	1281337
241	NC_068483	2739919
241	NC_068484	1138352
339	NC_068485	352217
370	NC_068486	209333
382	NC_068487	212962
451	NC_068488	1129971
326	NC_068489	2739903
228	NC_068490	2739915
383	NC_068491	2739895
228	NC_068492	2739898
435	NC_068493	2740666
241	NC_068494	1138368
300	NC_068495	1281378
1337	NC_068499	125008
2060	NC_068500	1603693
2060	NC_068501	1358788
2353	NC_068503	684740
2176	NC_068505	2606809
1511	NC_068506	106677
1578	NC_068507	3610
1374	NC_068524	691227
1332	NC_068525	1825963
1374	NC_068526	1826785
1374	NC_068527	391057
1374	NC_068528	2992298
1374	NC_068529	1826812
1374	NC_068530	2992294
1374	NC_068531	1826814
1374	NC_068532	2992295
1374	NC_068533	2992296
1374	NC_068534	1826782
1374	NC_068535	1826794
1374	NC_068536	1826791
535	NC_068542	363599
414	NC_068543	435790
535	NC_068544	86020
588	NC_068579	1500039
588	NC_068580	2839964
588	NC_068581	1056468
417	NC_068583	121775
535	NC_068584	363597
535	NC_068585	435794
535	NC_068586	337260
1374	NC_068599	691244
1326	NC_068604	1679435
1521	NC_068605	36595
784	NC_068627	495765
2235	NC_068628	201506
2261	NC_068629	326271
2235	NC_068635	1585251
1185	NC_068636	1082504
1269	NC_068637	1704639
2612	NC_068638	70980
2607	NC_068639	70971
2612	NC_068640	75627
2612	NC_068641	70972
2612	NC_068642	70947
2612	NC_068643	70941
2612	NC_068644	75626
2612	NC_068645	36901
2612	NC_068646	70951
2612	NC_068647	70955
2612	NC_068648	70948
2612	NC_068649	78530
2612	NC_068650	66817
2612	NC_068651	70944
2612	NC_068652	70940
1118	NC_068653	1142948
1450	NC_068654	2917719
25	NC_068656	1552891
2374	NC_068657	1679515
1326	NC_068699	133204
1326	NC_068700	1170639
1326	NC_068701	983191
1326	NC_068702	552834
1521	NC_068703	122122
1521	NC_068704	151440
1326	NC_068705	552837
1326	NC_068706	32242
2023	NC_068711	69266
2023	NC_068712	1493660
2023	NC_068713	472369
2023	NC_068715	180763
964	NC_068716	2745281
1374	NC_068721	186522
1374	NC_068722	1826809
1374	NC_068723	691232
1374	NC_068724	1826802
2606	NC_068733	312789
499	NC_068737	2866081
1035	NC_068748	1519595
286	NC_068749	257776
2268	NC_068751	1752766
397	NC_068758	889485
397	NC_068759	40686
2149	NC_068774	54464
1696	NC_068780	147914
1324	NC_068781	147923
1324	NC_068785	941565
2665	NC_068787	166796
2665	NC_068788	2993537
2665	NC_068789	166802
2665	NC_068790	1491823
2665	NC_068791	166805
2665	NC_068793	2993539
2657	NC_068794	743508
2665	NC_068796	165667
726	NC_068800	2969582
331	NC_068801	201266
1234	NC_068805	187284
509	NC_068806	62339
938	NC_068816	318054
1298	NC_068818	2926339
690	NC_068824	241598
2665	NC_068825	165669
2665	NC_068826	165660
2665	NC_068827	165617
2665	NC_068828	1491822
2665	NC_068829	165608
2665	NC_068830	165603
2665	NC_068831	166797
782	NC_068835	1903417
1023	NC_068837	1008942
2558	NC_068838	2994578
2558	NC_068839	1037046
2558	NC_068840	2977930
2530	NC_068850	300207
1626	NC_068859	2994637
1626	NC_068860	2994638
882	NC_068870	46787
1057	NC_068871	2995247
527	NC_068872	457183
1178	NC_068873	45179
608	NC_068874	76155
1526	NC_068875	249100
790	NC_068876	467324
1039	NC_068877	517221
1694	NC_068894	367782
1124	NC_068899	2995342
1141	NC_068900	2995343
2610	NC_068906	89634
917	NC_068908	1348126
1503	NC_069024	2575812
2599	NC_069025	684760
1879	NC_069045	2930498
1879	NC_069046	2699261
1879	NC_069047	2699269
1879	NC_069048	2699272
1879	NC_069049	463868
1600	NC_069062	50001
1541	NC_069063	49997
2677	NC_069066	3772
1784	NC_069067	63090
1857	NC_069068	1286525
2149	NC_069069	1262116
390	NC_069181	2792850
241	NC_069182	2792849
228	NC_069183	1239736
241	NC_069184	1281379
480	NC_069195	49480
1512	NC_069196	448037
480	NC_069197	2995469
2295	NC_069200	1245235
1040	NC_069214	47654
2399	NC_069215	1729109
782	NC_069216	591221
782	NC_069217	591226
782	NC_069218	2733476
782	NC_069219	2996547
782	NC_069220	2996511
2004	NC_069224	228974
1550	NC_069225	85358
1324	NC_069227	674856
2606	NC_069292	228163
1875	NC_069295	180071
758	NC_069299	478039
293	NC_069300	198766
1324	NC_069309	2967310
1324	NC_069310	2967340
1247	NC_069316	29654
1720	NC_069338	2866292
1948	NC_069339	1248442
1720	NC_069340	693863
1785	NC_069341	693862
1720	NC_069342	155755
1720	NC_069343	1248448
1720	NC_069344	1965126
1720	NC_069345	693860
1785	NC_069346	2866291
2500	NC_069347	2866710
2013	NC_069348	1965127
1948	NC_069349	368987
1720	NC_069350	664069
1720	NC_069351	2866709
1720	NC_069352	694027
1785	NC_069353	1248446
1785	NC_069354	1965129
1785	NC_069355	1965130
1720	NC_069356	1965131
1785	NC_069357	664001
1720	NC_069358	414718
1720	NC_069359	537139
1785	NC_069360	359894
1719	NC_069556	35625
2331	NC_069576	316484
1258	NC_069581	1040642
1295	NC_069582	55318
2166	NC_069583	1281416
486	NC_069592	77069
2046	NC_069593	2306678
1779	NC_069595	2898760
1779	NC_069596	2898758
1779	NC_069597	856890
1779	NC_069598	2898757
1779	NC_069599	2898761
1779	NC_069600	315340
1713	NC_069601	315341
1779	NC_069602	205571
1779	NC_069603	561127
1779	NC_069604	2898759
1779	NC_069605	310796
1779	NC_069606	2898762
1779	NC_069607	2898763
2470	NC_069613	2016423
751	NC_069614	43864
1016	NC_069615	289740
2537	NC_069616	2382317
2470	NC_069617	1592061
669	NC_069618	481551
669	NC_069619	289807
1016	NC_069620	1592040
1248	NC_069621	1679254
1905	NC_069627	354022
1371	NC_069634	2994360
1879	NC_069638	309300
1896	NC_069648	65951
1896	NC_069649	65952
413	NC_069650	53065
1231	NC_069817	1197308
2021	NC_069818	39976
2295	NC_069819	1755648
2295	NC_069820	1846138
2295	NC_069821	1245243
2172	NC_069822	1245246
2295	NC_069823	1245248
2295	NC_069824	2862192
2295	NC_069825	1245256
2295	NC_069826	1245260
2295	NC_069827	2019968
2295	NC_069828	48773
2295	NC_069829	2575547
2295	NC_069830	1492708
1337	NC_069832	345127
2239	NC_069833	201514
1411	NC_069836	317640
1847	NC_069839	87519
1847	NC_069840	59974
2483	NC_069841	2945672
1750	NC_069842	82095
1751	NC_069843	137939
1550	NC_069844	2970449
1966	NC_069854	3158765
424	NC_069868	53063
444	NC_069869	451003
413	NC_069870	53091
402	NC_069871	53092
402	NC_069872	450946
402	NC_069873	53095
402	NC_069874	53096
402	NC_069875	451005
402	NC_069876	53097
603	NC_069877	53099
413	NC_069878	675674
402	NC_069879	451008
413	NC_069880	53100
444	NC_069881	2566086
444	NC_069882	451006
402	NC_069883	53102
413	NC_069884	451009
402	NC_069885	2999071
603	NC_069886	53105
359	NC_069887	1641957
402	NC_069888	53108
402	NC_069889	299272
603	NC_069890	53110
401	NC_069891	1883385
402	NC_069892	53111
603	NC_069893	451013
603	NC_069894	53112
603	NC_069895	53113
359	NC_069896	909499
413	NC_069897	78827
603	NC_069898	53115
402	NC_069899	53116
402	NC_069900	53118
402	NC_069901	53119
402	NC_069902	1971712
413	NC_069903	53120
413	NC_069904	299269
444	NC_069905	299268
413	NC_069906	53122
369	NC_069907	53123
413	NC_069908	1217868
436	NC_069909	232817
545	NC_069910	53132
545	NC_069911	53126
545	NC_069912	2932129
2054	NC_069913	3004043
2047	NC_069921	28540
1964	NC_069922	1503305
1964	NC_069923	168493
2047	NC_069924	69056
1964	NC_069925	168494
1964	NC_069926	1902460
2047	NC_069927	168500
1964	NC_069928	2029625
1964	NC_069929	2508839
1964	NC_069930	168507
1964	NC_069931	168499
1964	NC_069932	1503306
2047	NC_069933	168503
2047	NC_069934	168489
2047	NC_069935	1902457
1964	NC_069936	2056413
1964	NC_069937	1902468
1964	NC_069938	2056411
2047	NC_069939	2056412
1964	NC_069940	1902462
1964	NC_069941	2820035
1964	NC_069942	1902486
2047	NC_069943	1902458
1964	NC_069944	1902473
1791	NC_069946	929405
1791	NC_069947	929406
1791	NC_069948	400538
1791	NC_069949	1603831
1791	NC_069950	1705973
1791	NC_069951	50501
402	NC_069954	3003209
413	NC_069955	1217867
402	NC_069956	53068
603	NC_069957	53070
402	NC_069958	296648
401	NC_069959	53074
402	NC_069960	53075
402	NC_069961	1226225
402	NC_069962	53077
402	NC_069963	253090
413	NC_069964	53078
603	NC_069965	53079
402	NC_069966	53082
402	NC_069967	53084
413	NC_069968	53085
444	NC_069969	2857368
402	NC_069970	53086
402	NC_069971	451002
436	NC_069972	53087
402	NC_069973	53088
413	NC_069974	53089
2545	NC_069975	62345
516	NC_070018	61147
1327	NC_070046	210383
1371	NC_070047	2967311
2516	NC_070051	47083
1739	NC_070056	928054
1004	NC_070058	1277774
2456	NC_070069	154764
2332	NC_070070	572131
2175	NC_070081	489322
2175	NC_070082	101743
2175	NC_070083	76356
2297	NC_070084	3014869
2175	NC_070085	1749380
2422	NC_070086	3014870
1696	NC_070087	941574
2057	NC_070088	161031
1999	NC_070095	2982759
488	NC_070096	3014993
1729	NC_070097	2892309
193	NC_070098	137669
193	NC_070099	1202981
193	NC_070100	1072385
953	NC_070102	336665
1132	NC_070105	260201
1819	NC_070107	2992182
809	NC_070117	3015604
1124	NC_070118	928065
1141	NC_070119	100496
1141	NC_070120	203833
1141	NC_070121	1315756
1141	NC_070122	2652754
1141	NC_070123	3015603
809	NC_070124	1045189
1141	NC_070125	100494
2442	NC_070126	100528
1141	NC_070127	2652781
1124	NC_070128	191662
1141	NC_070129	235914
1124	NC_070130	59067
1141	NC_070131	796839
1141	NC_070132	927809
1334	NC_070133	39519
840	NC_070134	39534
1562	NC_070139	3054220
1562	NC_070140	66092
1747	NC_070141	53883
789	NC_070169	260718
792	NC_070170	296037
1005	NC_070171	296034
425	NC_070172	319607
425	NC_070173	2968738
1132	NC_070192	1165086
643	NC_070217	47619
2014	NC_070218	453234
1876	NC_070219	2027494
2048	NC_070220	1636236
2156	NC_070221	174962
1967	NC_070222	301699
1967	NC_070223	301693
1967	NC_070224	169284
384	NC_070226	1603835
253	NC_070227	1045138
385	NC_070228	1080334
328	NC_070229	1922339
244	NC_070230	714500
1934	NC_070233	32202
1984	NC_070234	1370097
1984	NC_070235	235837
1876	NC_070236	1179221
1133	NC_070237	174182
1934	NC_070238	229048
1934	NC_070239	191188
670	NC_070243	1442724
1416	NC_070244	93697
772	NC_070245	2874103
1204	NC_070249	198858
1218	NC_070252	394304
1699	NC_070274	761858
1699	NC_070275	1112097
1949	NC_070276	761856
1949	NC_070277	761857
997	NC_070283	105380
997	NC_070284	105382
997	NC_070285	97782
997	NC_070286	1576615
997	NC_070287	1576616
858	NC_070288	105381
1179	NC_070304	1683987
1179	NC_070306	1979622
1180	NC_070307	3018802
2601	NC_070308	234367
1154	NC_070309	199986
904	NC_070310	1683993
556	NC_070312	198551
887	NC_070314	3018803
1035	NC_070315	198423
904	NC_070316	198424
1067	NC_070317	199998
1154	NC_070320	1977212
1035	NC_070321	172097
904	NC_070322	1979662
904	NC_070323	1684017
904	NC_070324	1684024
1180	NC_070326	1684031
904	NC_070327	212816
1035	NC_070330	198428
1181	NC_070331	1684049
887	NC_070332	2592824
1067	NC_070333	48225
1179	NC_070334	1684060
2585	NC_070335	48236
2665	NC_070336	88843
2665	NC_070337	669881
2665	NC_070338	45004
1249	NC_070339	197604
2213	NC_070340	76374
1915	NC_070341	496686
1915	NC_070342	386070
1071	NC_070343	496688
1071	NC_070344	681596
1729	NC_070345	1042412
1729	NC_070346	496703
1691	NC_070347	1042414
1729	NC_070348	1042416
859	NC_070349	2980470
2566	NC_070353	2925184
752	NC_070354	4632
752	NC_070355	168180
752	NC_070356	1543992
752	NC_070357	94329
827	NC_070358	4634
1694	NC_070364	304130
2453	NC_070388	1605257
2378	NC_070389	76277
828	NC_070391	267621
1639	NC_070392	1035809
840	NC_070393	326070
1550	NC_070394	4052
1133	NC_070395	2544929
1879	NC_070396	309307
1729	NC_070398	40937
1729	NC_070399	1553918
1729	NC_070400	2806829
1729	NC_070401	408980
1729	NC_070402	2976882
1729	NC_070403	2976881
1371	NC_070406	138912
1418	NC_070410	1425329
1418	NC_070411	1916041
1896	NC_070412	1425330
1418	NC_070413	2948742
1604	NC_070414	1916034
1896	NC_070415	157092
1896	NC_070416	157090
1418	NC_070417	1425328
1896	NC_070418	157083
1896	NC_070419	109606
1418	NC_070420	157086
1896	NC_070421	929412
1896	NC_070422	50498
1418	NC_070423	157099
1418	NC_070424	190807
1418	NC_070425	2071524
2352	NC_070426	3019666
2352	NC_070428	3019668
2352	NC_070429	2663197
2352	NC_070430	656688
2352	NC_070431	656650
2352	NC_070432	1032966
2391	NC_070433	3019667
1888	NC_070435	1973159
1371	NC_070438	1143243
1134	NC_070439	1616261
829	NC_070440	1616262
1542	NC_070441	2784210
2251	NC_070442	1616263
1714	NC_070443	1729362
1155	NC_070444	489506
1250	NC_070445	1616264
1155	NC_070446	489507
1395	NC_070447	2784213
1686	NC_070448	1792731
1395	NC_070449	1191342
1235	NC_070450	29769
1250	NC_070451	2784220
1395	NC_070452	1729363
829	NC_070453	1792739
1395	NC_070454	489508
1714	NC_070455	1191343
1714	NC_070456	2784207
1542	NC_070457	1792748
1250	NC_070458	1792749
1714	NC_070459	489510
1714	NC_070460	3019850
1155	NC_070461	1616291
1134	NC_070462	2784224
1345	NC_070463	159961
1542	NC_070464	489512
1155	NC_070465	489514
2251	NC_070466	1729365
1395	NC_070467	1616296
1235	NC_070468	1616297
1205	NC_070469	1792758
1126	NC_070470	1616298
1395	NC_070471	2338912
1126	NC_070472	1616300
1155	NC_070473	1191345
1126	NC_070474	489515
1714	NC_070475	1792761
1714	NC_070476	1616303
1126	NC_070477	489516
1714	NC_070478	489517
1543	NC_070479	1616307
1250	NC_070480	2784240
1714	NC_070481	1616311
987	NC_070482	1616313
2307	NC_070484	1729367
497	NC_070485	2666090
497	NC_070486	1529525
829	NC_070487	1792768
1126	NC_070488	1616317
2553	NC_070489	489522
1542	NC_070490	1616320
829	NC_070491	3019852
753	NC_070492	489521
829	NC_070493	1616321
829	NC_070494	1792771
829	NC_070495	2338909
1714	NC_070496	2784254
1250	NC_070497	1616323
1126	NC_070498	1792773
1513	NC_070499	1616325
1714	NC_070500	3019853
829	NC_070501	1616328
1714	NC_070502	489524
2333	NC_070503	489526
1345	NC_070504	1616332
2015	NC_070505	489527
1634	NC_070506	1616336
1542	NC_070507	1792781
1634	NC_070508	1616340
1544	NC_070509	2338904
1542	NC_070510	1616342
1714	NC_070511	2784267
1714	NC_070512	1792784
1135	NC_070513	1616346
829	NC_070514	489529
1205	NC_070515	2784270
829	NC_070516	1616350
2338	NC_070517	1792787
1506	NC_070518	489531
1542	NC_070519	489533
1205	NC_070520	1792789
1542	NC_070521	2784275
1135	NC_070522	2267778
1320	NC_070523	1616255
1395	NC_070524	489534
1395	NC_070525	1616356
1126	NC_070526	489535
1320	NC_070527	1616357
2214	NC_070528	3019858
1847	NC_071161	87525
2180	NC_071162	87534
1847	NC_071163	87524
1567	NC_071164	371361
1567	NC_071165	371392
1567	NC_071166	371329
1567	NC_071167	200487
1567	NC_071168	371388
1567	NC_071169	1514020
1567	NC_071170	371359
1567	NC_071171	1514007
1567	NC_071172	1514008
1567	NC_071173	1514031
1567	NC_071174	371337
1567	NC_071175	2976225
1206	NC_071176	2976224
1567	NC_071177	1514053
1567	NC_071178	555418
1567	NC_071179	99502
1108	NC_071180	1079077
1108	NC_071181	104318
1248	NC_071194	1591304
1822	NC_071195	2338892
1677	NC_071196	82931
1821	NC_071197	3020270
1821	NC_071198	64136
1822	NC_071199	182071
1821	NC_071200	350026
1821	NC_071201	350024
1821	NC_071202	2338894
1877	NC_071203	96569
1821	NC_071205	1603812
1821	NC_071206	350025
1822	NC_071208	937822
1821	NC_071209	3020271
934	NC_071211	1653801
965	NC_071212	278073
965	NC_071213	1699511
965	NC_071214	63094
1140	NC_071231	2488055
710	NC_071233	254780
2200	NC_071248	126438
2200	NC_071249	178760
2200	NC_071250	1133299
2038	NC_071357	861410
2038	NC_071358	586119
2038	NC_071359	861409
2038	NC_071360	861404
2038	NC_071361	586112
2308	NC_071746	226104
1913	NC_071750	424577
2269	NC_071771	252994
1848	NC_071772	1777870
49	NC_071775	335155
59	NC_071776	257357
68	NC_071777	161869
66	NC_071778	179348
938	NC_071779	318046
938	NC_071780	318051
166	NC_071783	339076
136	NC_071786	2965324
1590	NC_071789	357852
1590	NC_071790	943329
1729	NC_071793	54728
1729	NC_071794	2448751
1729	NC_071795	3024257
1071	NC_071796	584733
1729	NC_071797	1729591
1856	NC_071798	3024258
1856	NC_071799	584735
1633	NC_071800	2817587
1856	NC_071802	3024260
1856	NC_071803	584740
1729	NC_071804	99526
1628	NC_071805	1729592
1633	NC_071806	584759
1270	NC_071807	3024259
1856	NC_071808	1729594
1633	NC_071809	2979853
2424	NC_071810	63029
1071	NC_071811	496692
1729	NC_071812	239675
1729	NC_071813	460609
1729	NC_071814	584769
1729	NC_071815	2950368
1633	NC_071816	489397
2456	NC_071817	649504
1331	NC_071818	1623368
362	NC_071827	162895
1677	NC_071828	2511895
510	NC_071829	93745
983	NC_071834	488015
2275	NC_071835	2497809
1829	NC_071836	3024860
1829	NC_071837	159571
1821	NC_071838	451700
1821	NC_071839	3024831
1821	NC_071840	64130
1821	NC_071841	64132
2267	NC_071842	2965323
966	NC_071843	154990
2235	NC_071844	3024958
2252	NC_071845	1874231
2225	NC_071846	572113
2181	NC_071847	672822
1968	NC_071848	3024959
2049	NC_071849	2052345
2181	NC_071850	3024960
2321	NC_071851	2263218
2004	NC_071852	487773
782	NC_071867	374952
2023	NC_071868	945837
1118	NC_071870	2993429
1789	NC_071874	109224
1337	NC_071890	345096
1337	NC_071891	345100
1337	NC_071892	1051291
2004	NC_071895	3025286
2635	NC_071909	2978058
2253	NC_071929	48053
684	NC_071930	1642049
1693	NC_071933	171910
877	NC_071937	1470414
2200	NC_071945	1354239
1342	NC_071948	3025959
1342	NC_071949	486688
2451	NC_071957	3025176
292	NC_072054	2917549
2200	NC_072069	424910
2548	NC_072070	179861
2253	NC_072108	330208
1999	NC_072109	2785974
2590	NC_072134	2986129
2457	NC_072142	1609287
2457	NC_072143	2572401
2419	NC_072144	154467
1153	NC_072145	349346
1273	NC_072146	290277
1748	NC_072147	1280388
172	NC_072165	228837
1694	NC_072167	304142
1436	NC_072171	342015
1324	NC_072174	319926
1896	NC_072179	1916029
2617	NC_072180	157082
2634	NC_072247	502151
623	NC_072253	281910
166	NC_072256	1486055
143	NC_072257	225557
2275	NC_072261	321604
840	NC_072262	1280228
2484	NC_072268	148919
41	NC_072269	859507
1811	NC_072274	90702
1846	NC_072275	1082498
2063	NC_072276	1981227
1337	NC_072280	345099
2606	NC_072281	3505
782	NC_072282	2490295
997	NC_072300	857214
997	NC_072301	199671
997	NC_072302	2984246
997	NC_072303	336858
997	NC_072304	336848
997	NC_072305	857215
997	NC_072306	765958
997	NC_072307	857217
997	NC_072308	2984253
997	NC_072309	2984247
997	NC_072310	2984243
997	NC_072311	2984244
1495	NC_072312	1030488
1819	NC_072313	1545860
2068	NC_072314	321418
895	NC_072315	408133
895	NC_072316	665528
895	NC_072317	408132
895	NC_072318	665544
895	NC_072319	665534
895	NC_072320	407938
895	NC_072321	665537
895	NC_072322	666005
895	NC_072323	665497
895	NC_072324	408131
895	NC_072325	408127
481	NC_072328	161106
1324	NC_072329	319924
2352	NC_072338	1523603
2189	NC_072342	471709
2626	NC_072345	366481
1138	NC_072505	386151
888	NC_072506	486424
818	NC_072507	2888449
818	NC_072508	2888446
818	NC_072509	1144452
818	NC_072510	1144461
1271	NC_072511	486431
818	NC_072512	386245
818	NC_072513	2888447
818	NC_072514	459633
818	NC_072515	685055
820	NC_072516	3670
619	NC_072517	1045181
921	NC_072518	50543
2456	NC_072524	152679
2456	NC_072525	154766
36	NC_072527	1523572
2107	NC_072528	634377
2292	NC_072529	28516
2292	NC_072530	326937
2102	NC_072531	2998964
782	NC_072532	548147
782	NC_072533	3030641
782	NC_072534	3030636
1547	NC_072552	237942
782	NC_072553	863012
1347	NC_072555	1439905
1342	NC_072556	447671
557	NC_072558	226677
143	NC_072560	331219
2168	NC_072561	1142941
2296	NC_072562	1158074
2296	NC_072564	2992860
1601	NC_072565	2992861
1635	NC_072566	49692
1207	NC_072567	381652
1547	NC_072570	2291176
2231	NC_072572	58992
1950	NC_072573	1201177
1545	NC_072574	49752
2254	NC_072575	1406371
1636	NC_072576	148520
1662	NC_072577	58964
2341	NC_072579	1053788
1289	NC_072580	58968
2280	NC_072581	915442
2296	NC_072583	152759
2231	NC_072584	2993613
2169	NC_072585	122950
1849	NC_072586	182178
1546	NC_072587	51387
1849	NC_072588	85340
2087	NC_072589	1381010
1919	NC_072590	2803922
2088	NC_072591	1218918
2160	NC_072594	160402
1324	NC_072608	452962
2665	NC_072610	105480
446	NC_072621	85437
967	NC_072622	3015786
967	NC_072623	176127
967	NC_072624	1769926
967	NC_072625	1769928
967	NC_072626	2259405
967	NC_072627	3031466
967	NC_072628	57917
967	NC_072629	1769919
36	NC_072631	2594760
42	NC_072632	160521
1577	NC_072641	2294070
1577	NC_072642	71987
1577	NC_072643	3032021
1577	NC_072644	3032019
1577	NC_072645	3032020
2255	NC_072661	152746
1950	NC_072662	58979
616	NC_072663	354522
2025	NC_072665	2731867
2519	NC_072669	118778
2513	NC_072696	33114
105	NC_072702	2977356
43	NC_072707	179351
968	NC_072708	161111
1068	NC_072724	210381
1068	NC_072725	56634
1347	NC_072727	398449
1347	NC_072728	1505641
1920	NC_072729	2854258
1298	NC_072908	2903554
674	NC_072910	309529
1419	NC_072911	401069
1156	NC_072912	32225
1479	NC_072913	120385
1472	NC_072914	190005
1472	NC_072915	141009
1472	NC_072916	1043504
1472	NC_072917	190007
1479	NC_072918	32235
1479	NC_072919	1961200
1208	NC_072920	32237
1266	NC_072921	133203
1479	NC_072922	32245
1185	NC_072931	667282
925	NC_072935	3033941
266	NC_072937	1046480
257	NC_072938	212834
257	NC_072939	216481
2224	NC_072941	345217
852	NC_072944	3019043
1516	NC_072945	175724
1326	NC_072946	1642854
1521	NC_072947	1642862
1326	NC_072948	1642864
1326	NC_072949	1358727
1326	NC_072950	1642872
2375	NC_072959	145671
2375	NC_072960	169989
853	NC_072967	2559483
1236	NC_072968	292759
168	NC_072971	312811
2164	NC_072972	152359
1729	NC_072976	2992064
1437	NC_072979	883761
889	NC_073004	4366
2070	NC_073005	223891
983	NC_073006	430754
1057	NC_073007	452457
735	NC_073010	1769920
1879	NC_073014	1118427
187	NC_073015	1130020
1550	NC_073016	46421
1198	NC_073097	202634
1786	NC_073098	2918407
2122	NC_073099	83937
1249	NC_073100	720869
1514	NC_073102	1119055
917	NC_073103	1348127
917	NC_073104	2959665
1342	NC_073106	1503369
2443	NC_073108	2851948
1051	NC_073110	140962
1748	NC_073112	1280384
2103	NC_073113	258762
2235	NC_073114	54223
1035	NC_073117	694480
904	NC_073118	294965
1035	NC_073119	161527
1035	NC_073120	79767
904	NC_073121	1045265
904	NC_073122	3027246
1035	NC_073123	3027247
2648	NC_073149	347887
1228	NC_073154	252855
1110	NC_073520	1737613
1452	NC_073535	122832
1124	NC_073539	1044910
1009	NC_073541	390498
793	NC_073542	390503
2501	NC_073560	2018573
1987	NC_073561	2652141
2379	NC_073562	2018575
2512	NC_073563	2419559
2581	NC_073564	1792766
1182	NC_073565	2664457
2571	NC_073566	3027960
2289	NC_073570	2584542
2023	NC_073583	180757
1012	NC_073584	108878
295	NC_077252	212859
736	NC_077253	212973
300	NC_077254	2739912
300	NC_077255	2739899
526	NC_077256	2739908
282	NC_077257	2739905
383	NC_077258	2739909
551	NC_077259	1281367
657	NC_077260	398634
364	NC_077261	2739911
383	NC_077262	2739897
526	NC_077263	2739904
2067	NC_077266	2651910
2267	NC_077267	2651911
1988	NC_077268	2651881
1988	NC_077269	86640
2067	NC_077270	2652659
1988	NC_077271	2652469
2067	NC_077272	2652453
2067	NC_077273	796003
2067	NC_077274	2652608
1988	NC_077275	1619497
2267	NC_077276	2652508
2067	NC_077277	2652651
2067	NC_077278	2652641
2267	NC_077279	2652619
2267	NC_077280	2652679
1988	NC_077281	2652519
2067	NC_077282	2652623
1988	NC_077283	2652557
2067	NC_077284	2652644
1988	NC_077285	2652647
2267	NC_077286	2652655
2067	NC_077287	2652656
2067	NC_077288	2652498
1988	NC_077289	2652628
1988	NC_077290	2652654
1988	NC_077291	2652471
2067	NC_077292	2652483
1988	NC_077293	2652549
2267	NC_077294	2652505
2267	NC_077295	2652526
2267	NC_077296	2652577
2267	NC_077297	2652495
2067	NC_077298	2652530
2067	NC_077299	2652496
2267	NC_077300	2652592
2067	NC_077301	2652454
2067	NC_077302	2652622
1988	NC_077303	2652574
2267	NC_077304	2652583
2067	NC_077305	2652509
2267	NC_077306	2652550
2067	NC_077307	2652598
2267	NC_077308	2652568
2267	NC_077309	2528948
2067	NC_077310	2528951
1988	NC_077311	1793945
2267	NC_077312	2652611
2067	NC_077313	2652534
2067	NC_077314	2652539
2067	NC_077315	2652567
2067	NC_077316	2652634
2267	NC_077317	2652555
2067	NC_077318	2652559
2067	NC_077319	2652691
2067	NC_077320	2652618
1988	NC_077321	2652562
2267	NC_077322	2528945
2267	NC_077323	2652638
1988	NC_077324	2652531
2067	NC_077325	2652569
2267	NC_077326	2652570
1988	NC_077327	2652525
2067	NC_077328	2652528
1988	NC_077329	2652677
2067	NC_077330	2652603
2067	NC_077331	2652610
2067	NC_077332	2652475
2067	NC_077333	572236
2067	NC_077334	2652609
2267	NC_077335	2652494
2267	NC_077336	2652630
1988	NC_077337	2652632
2067	NC_077338	2652584
2067	NC_077339	2652552
2267	NC_077340	2652543
2067	NC_077341	2652613
1988	NC_077342	2652548
2067	NC_077343	2652554
2067	NC_077344	1214565
1988	NC_077345	2652524
2267	NC_077346	2932483
2267	NC_077347	2652599
2067	NC_077348	2652640
1988	NC_077349	2652558
2067	NC_077350	2652639
2067	NC_077351	2652542
2067	NC_077352	2652589
2067	NC_077353	2652597
2267	NC_077354	2652484
2267	NC_077355	2652473
2267	NC_077356	2652581
1988	NC_077357	2652578
2267	NC_077358	2652506
1988	NC_077359	2652573
1988	NC_077360	2652507
2267	NC_077361	2652621
2067	NC_077362	2652492
2267	NC_077363	2652602
2067	NC_077364	2652503
2067	NC_077365	1806641
2067	NC_077366	2652590
1988	NC_077367	2652650
2067	NC_077368	2652479
2067	NC_077369	2652512
2067	NC_077370	2652515
2067	NC_077371	2652511
2267	NC_077372	2651908
2067	NC_077373	2652565
2067	NC_077374	2652532
2067	NC_077375	2652637
2267	NC_077376	2652646
2067	NC_077377	2652625
2067	NC_077378	2652487
1988	NC_077379	2652648
2267	NC_077380	2652545
2267	NC_077381	2724787
1988	NC_077382	2652561
1988	NC_077383	2652601
2067	NC_077384	2652614
1988	NC_077385	2652670
2067	NC_077386	2652500
2067	NC_077387	2652514
2067	NC_077388	1806642
2267	NC_077389	2652541
2067	NC_077390	2652595
1988	NC_077391	2652521
2067	NC_077392	2652504
1988	NC_077393	2652645
2067	NC_077394	2652673
1663	NC_077395	2315346
1988	NC_077396	255894
1988	NC_077397	2652529
2067	NC_077398	2652537
2067	NC_077399	2652605
1988	NC_077400	2652485
1988	NC_077401	2652468
1988	NC_077402	378412
1988	NC_077403	2652626
1988	NC_077404	139037
2256	NC_077405	2652510
2067	NC_077406	2652564
1988	NC_077407	2652466
1988	NC_077408	796002
1988	NC_077409	2652467
2267	NC_077410	2932484
2267	NC_077411	2652635
2067	NC_077412	2652478
2267	NC_077413	2652553
2067	NC_077414	2652535
2067	NC_077415	2528955
2067	NC_077416	2652649
2267	NC_077417	2652551
2067	NC_077418	2652579
2267	NC_077419	2652660
2267	NC_077420	2652620
2267	NC_077421	2652616
2267	NC_077422	2724785
2267	NC_077423	2724788
2267	NC_077424	2652477
2067	NC_077425	2652560
2267	NC_077426	2652657
2067	NC_077427	2652629
2067	NC_077428	2652653
2267	NC_077429	2932485
2267	NC_077430	2724783
1988	NC_077431	301346
1988	NC_077432	2818482
1988	NC_077433	2818484
1988	NC_077434	2818485
1988	NC_077435	651549
2067	NC_077436	2652493
1988	NC_077437	2724777
2067	NC_077438	2724790
2267	NC_077439	2932481
2267	NC_077440	2932482
2067	NC_077441	2724782
2267	NC_077442	2528943
2067	NC_077443	2724781
2067	NC_077444	2724789
1988	NC_077445	2724792
2067	NC_077446	2724779
2067	NC_077447	2724780
2067	NC_077448	2652489
1988	NC_077449	2724793
1988	NC_077450	2724784
2267	NC_077451	2652488
1988	NC_077452	2652470
2067	NC_077453	2652522
2067	NC_077454	2652482
2067	NC_077455	2652474
2067	NC_077456	2652476
1715	NC_077457	2652572
2289	NC_077467	2969155
2289	NC_077468	2584543
2289	NC_077469	2969156
2289	NC_077470	255883
2289	NC_077471	2584544
2289	NC_077472	2053897
2289	NC_077473	2969159
2289	NC_077474	2969152
1866	NC_077480	470283
1866	NC_077481	453077
1866	NC_077482	453078
1866	NC_077483	453083
1866	NC_077484	453087
1866	NC_077485	1852768
1866	NC_077486	453089
1664	NC_077487	453088
1897	NC_077488	453076
1272	NC_077489	447319
1451	NC_077490	286882
1111	NC_077491	123498
2431	NC_077492	244763
2392	NC_077493	200488
2392	NC_077494	1729111
2431	NC_077495	1045197
2431	NC_077496	1729107
1186	NC_077504	153365
1186	NC_077505	153339
1602	NC_077506	153317
1321	NC_077507	200328
1281	NC_077508	153318
1321	NC_077509	537144
1281	NC_077510	153319
2429	NC_077511	1330314
2429	NC_077512	1245804
2429	NC_077513	2764655
2429	NC_077514	1245801
2429	NC_077515	3038790
2429	NC_077516	1330309
2429	NC_077517	1330300
1295	NC_077520	62344
1295	NC_077521	246703
1295	NC_077522	384654
2403	NC_077527	1330298
740	NC_077528	390504
1355	NC_077529	390501
740	NC_077530	390500
622	NC_077531	390499
740	NC_077532	2764620
1009	NC_077533	390497
1009	NC_077534	47643
1009	NC_077535	403827
622	NC_077536	390494
740	NC_077537	20484
1157	NC_077538	390493
1158	NC_077539	2749487
1158	NC_077540	158325
707	NC_077541	2764617
707	NC_077542	3039008
2634	NC_077543	144137
707	NC_077544	2764616
1183	NC_077545	3039009
1047	NC_077546	2764613
707	NC_077547	2764612
707	NC_077548	2749464
1136	NC_077549	144064
824	NC_077550	2749462
824	NC_077551	20402
2025	NC_077552	912971
1162	NC_077557	3018408
728	NC_077561	321607
1728	NC_077564	394303
1728	NC_077565	64699
1728	NC_077566	394307
1728	NC_077567	64475
2016	NC_077568	374976
1728	NC_077569	502767
2275	NC_077571	421255
2189	NC_077573	2992654
1862	NC_077574	64032
946	NC_077577	128733
946	NC_077578	1498187
1041	NC_077579	122218
1041	NC_077580	1505647
1472	NC_077593	133202
1937	NC_077617	428561
1937	NC_077618	428562
1838	NC_077619	359509
1838	NC_077620	359514
1838	NC_077621	359516
1937	NC_077622	359522
1937	NC_077623	428563
1937	NC_077624	948052
2091	NC_077628	188305
2091	NC_077629	608809
2091	NC_077630	3041055
2186	NC_077631	2749919
2207	NC_077632	1938967
1324	NC_077634	542717
1779	NC_077636	45837
2306	NC_077643	48820
2318	NC_077644	1032964
2318	NC_077645	1217174
2318	NC_077646	656647
848	NC_077649	1189062
2665	NC_077652	105301
2665	NC_077653	165605
2665	NC_077654	2835296
2665	NC_077655	165619
2665	NC_077656	91198
2665	NC_077657	165635
2665	NC_077658	88847
2665	NC_077659	515455
2665	NC_077660	502132
2665	NC_077661	3041209
560	NC_077664	55188
2318	NC_079572	2762683
2318	NC_079573	3029072
2318	NC_079574	2762690
2258	NC_079575	1032972
24	NC_079577	764339
983	NC_079578	2582808
130	NC_079579	199945
1674	NC_079584	3036690
1371	NC_079585	604297
2250	NC_079586	1439902
1551	NC_079627	1715889
1551	NC_079628	3041676
1551	NC_079629	1715892
1764	NC_079630	3041677
1551	NC_079631	1715893
1551	NC_079632	2010894
1551	NC_079633	1715896
1551	NC_079634	3041678
1551	NC_079635	1715898
1934	NC_079652	66393
1980	NC_079661	222877
1934	NC_079665	3054372
1324	NC_079666	2321409
2049	NC_079688	2024916
2377	NC_079695	204141
1934	NC_079701	3054370
1934	NC_079702	3043289
1487	NC_079705	943339
2375	NC_079706	370905
1236	NC_079707	145673
1273	NC_079708	145675
1396	NC_079709	480371
1396	NC_079710	2544921
1396	NC_079711	292683
1396	NC_079712	2544923
1236	NC_079713	115450
1396	NC_079714	2559692
1396	NC_079715	1233743
1236	NC_079716	292746
1236	NC_079717	184795
1396	NC_079718	416373
1101	NC_079719	348460
1101	NC_079720	154471
1101	NC_079721	77339
1575	NC_079722	1089948
1236	NC_079723	2860837
1236	NC_079724	674195
1236	NC_079725	154479
1273	NC_079726	348509
1396	NC_079727	115473
1273	NC_079728	290260
1273	NC_079729	1089976
1396	NC_079730	1089980
1396	NC_079731	1089990
1236	NC_079732	115496
1236	NC_079733	131286
1515	NC_079734	115498
1396	NC_079735	446122
1396	NC_079736	446123
1236	NC_079737	446124
1480	NC_079738	4720
1396	NC_079739	446126
1396	NC_079740	446128
1487	NC_079741	93307
1233	NC_079742	154488
1273	NC_079743	154489
1236	NC_079744	184801
1236	NC_079745	131296
1233	NC_079746	115515
1233	NC_079747	469726
1233	NC_079748	446155
1233	NC_079749	115516
1233	NC_079750	469730
1233	NC_079751	54447
1233	NC_079752	469732
1273	NC_079753	469733
1480	NC_079754	348516
1396	NC_079755	447618
1396	NC_079756	2831168
1396	NC_079757	2873436
1236	NC_079758	1505919
517	NC_079759	1056962
671	NC_079760	115529
671	NC_079761	1056963
671	NC_079762	1056965
1396	NC_079763	145714
1236	NC_079764	184793
2375	NC_079765	2799473
2375	NC_079766	131249
1273	NC_079767	290258
1273	NC_079768	290272
1273	NC_079769	131259
1236	NC_079770	145677
1273	NC_079771	290278
1487	NC_079772	1225077
1236	NC_079773	292695
1101	NC_079774	348475
1515	NC_079775	3028551
1396	NC_079776	480897
1396	NC_079777	352070
1236	NC_079778	131265
1396	NC_079779	1089958
1233	NC_079780	292706
1236	NC_079781	154482
1236	NC_079782	292773
1236	NC_079783	456885
1515	NC_079784	131271
1233	NC_079785	145693
1112	NC_079786	131274
1236	NC_079787	1505921
1396	NC_079788	131276
1396	NC_079789	1089959
1515	NC_079790	93283
1233	NC_079791	1089970
1233	NC_079792	480374
1273	NC_079793	940354
1233	NC_079794	1089991
1396	NC_079795	115491
1273	NC_079796	2448448
1112	NC_079797	131288
1236	NC_079798	292669
1236	NC_079799	184789
1236	NC_079800	184787
1236	NC_079801	145697
1396	NC_079802	115504
1236	NC_079803	154485
1112	NC_079804	2559486
1112	NC_079805	2559487
1236	NC_079806	292697
1396	NC_079807	115513
1396	NC_079808	115514
1236	NC_079809	292783
1273	NC_079810	145709
1487	NC_079811	1090036
1236	NC_079812	184803
1396	NC_079813	131300
1396	NC_079814	480906
1396	NC_079815	3042829
1396	NC_079816	115527
1396	NC_079817	292712
1895	NC_079818	1431197
560	NC_079821	2211363
560	NC_079822	1868278
1374	NC_079823	1770158
1993	NC_079824	376246
560	NC_079825	200541
988	NC_079826	198854
1188	NC_079828	1621233
1188	NC_079829	539025
988	NC_079830	1621227
1188	NC_079831	595571
1188	NC_079832	539045
1188	NC_079833	198869
1010	NC_079834	539088
1188	NC_079835	198886
1010	NC_079836	539103
1188	NC_079837	198901
1188	NC_079838	1621248
1188	NC_079839	100149
1204	NC_079840	539178
1188	NC_079841	3025157
1137	NC_079845	1046423
1850	NC_079847	72185
1850	NC_079848	3472
2182	NC_079854	175026
684	NC_079867	577513
684	NC_079868	649271
684	NC_079869	2722879
684	NC_079870	3044383
684	NC_079871	577515
684	NC_079872	74630
1374	NC_079915	1008935
1898	NC_079916	478911
782	NC_079918	862998
684	NC_079924	32246
684	NC_079925	1616082
684	NC_079926	119234
684	NC_079927	74637
684	NC_079928	649269
684	NC_079929	1642051
684	NC_079930	1036029
684	NC_079931	649270
684	NC_079932	74644
684	NC_079933	1608492
684	NC_079934	971287
1324	NC_079935	452959
560	NC_079952	229630
560	NC_079953	237567
560	NC_079954	109792
684	NC_079958	641286
684	NC_079959	577510
684	NC_079960	283339
684	NC_079961	267232
684	NC_079962	396733
684	NC_079963	1826635
684	NC_079964	1036027
2050	NC_080204	374712
1590	NC_080210	1080326
168	NC_080211	2926336
1324	NC_080228	452966
1324	NC_080233	542737
1921	NC_080234	1685553
1787	NC_080235	141318
2232	NC_080236	1685548
1921	NC_080237	3040088
2232	NC_080238	1685551
1069	NC_080239	1685555
2270	NC_080240	1685547
2257	NC_080241	714472
2099	NC_080242	1685546
2342	NC_080243	3040089
2308	NC_080244	3038291
1637	NC_080251	2508689
1878	NC_080252	2508690
1637	NC_080253	929489
1637	NC_080254	2508692
623	NC_080264	3040768
482	NC_080272	1541229
386	NC_080273	1898862
1324	NC_080274	544491
1683	NC_080275	1044921
2318	NC_080277	1971718
2318	NC_080278	2750839
2318	NC_080279	1522187
2318	NC_080280	2762691
2318	NC_080281	1032937
2318	NC_080282	1971723
2665	NC_080284	669877
2665	NC_080285	669878
2665	NC_080286	669880
2665	NC_080287	165670
437	NC_080288	2483102
437	NC_080289	2483109
543	NC_080290	2483070
543	NC_080291	2973732
543	NC_080292	2973733
543	NC_080293	2483072
543	NC_080294	2483075
543	NC_080295	2483083
543	NC_080296	2483090
543	NC_080297	2483093
543	NC_080298	2483094
543	NC_080299	2483095
543	NC_080300	2483098
543	NC_080301	2483100
543	NC_080302	2483103
543	NC_080303	2483105
543	NC_080304	106456
438	NC_080305	100696
438	NC_080306	2483088
485	NC_080307	547592
429	NC_080315	2799954
2297	NC_080330	1176413
2051	NC_080332	441023
1371	NC_080341	1143231
906	NC_080342	667249
684	NC_080343	971290
2275	NC_080344	411214
2407	NC_080345	3049248
1397	NC_080346	2054570
1597	NC_080347	3049252
63	NC_080348	179352
2297	NC_080349	521743
2007	NC_080350	147635
1922	NC_080351	119585
1922	NC_080352	38788
1922	NC_080353	50469
684	NC_080356	3049958
1717	NC_080369	97984
1124	NC_080371	261437
1141	NC_080376	3043769
1875	NC_080497	2054533
1342	NC_080498	1914886
1405	NC_080499	2652152
1342	NC_080500	486663
1803	NC_080501	396393
2150	NC_080502	229438
1788	NC_080505	229427
1788	NC_080506	265247
1141	NC_080508	3051034
2281	NC_080510	2479460
1843	NC_080515	135518
1843	NC_080516	175228
1843	NC_080517	78511
1749	NC_080522	46996
1749	NC_080523	171896
1749	NC_080524	171901
1749	NC_080525	171909
1749	NC_080526	171890
2462	NC_080535	1414754
818	NC_080536	685054
854	NC_080537	1144458
1923	NC_080538	502515
1812	NC_080592	1867283
2021	NC_080867	178187
1279	NC_080870	3045929
1279	NC_080871	3041915
1731	NC_080872	363219
2017	NC_080874	692147
1324	NC_080884	542715
1959	NC_080888	173669
1959	NC_080889	3055979
1959	NC_080890	3055980
1959	NC_080891	1197916
122	NC_080893	2579145
1420	NC_080898	248827
2319	NC_080901	121077
818	NC_080912	676073
2343	NC_080919	326835
2592	NC_080920	326833
2245	NC_080922	216522
2245	NC_080923	326827
1194	NC_080966	670328
2071	NC_080986	3056920
991	NC_080989	335203
2627	NC_080990	2590719
1487	NC_080993	1090009
2064	NC_080994	206310
578	NC_080995	671525
34	NC_081004	125116
1670	NC_081012	1241825
1670	NC_081013	155013
1670	NC_081014	859319
938	NC_081017	3058091
1318	NC_081018	3058092
969	NC_081019	108412
938	NC_081047	3050396
1324	NC_081063	452963
1809	NC_081064	72190
2669	NC_081108	457775
1604	NC_081109	50459
2650	NC_081110	228874
1717	NC_081111	945839
1421	NC_081114	282595
1665	NC_081115	282597
2647	NC_081116	208904
2647	NC_081117	95392
2647	NC_081118	311953
2647	NC_081119	2764633
1772	NC_081120	2764639
1772	NC_081121	155756
1772	NC_081122	1492263
1772	NC_081123	537132
1772	NC_081124	369002
1605	NC_081125	345537
2641	NC_081126	1205763
2620	NC_081127	537184
1347	NC_081128	358674
1347	NC_081129	1619609
1184	NC_081130	1511924
1666	NC_081133	537185
1984	NC_081460	1267443
1753	NC_081461	1008904
1753	NC_081462	1009467
1246	NC_081463	57008
817	NC_081465	2925019
2539	NC_081466	1779711
1145	NC_081469	1159551
1145	NC_081470	1218747
1145	NC_081471	244036
1145	NC_081472	59115
1145	NC_081473	1547482
1862	NC_081474	64027
1862	NC_081475	64035
1862	NC_081476	64039
1913	NC_081477	204219
1118	NC_081478	3047879
2245	NC_081482	1348752
905	NC_081486	499989
1221	NC_081487	2747421
1221	NC_081488	2747424
1221	NC_081489	2747423
2023	NC_081496	516948
2023	NC_081497	669730
1716	NC_081500	41689
1326	NC_081501	1398537
322	NC_081512	1795528
487	NC_081513	1174927
395	NC_081514	294092
487	NC_081515	72644
487	NC_081516	1908554
395	NC_081604	3051553
487	NC_081605	3051594
395	NC_081606	446902
318	NC_081607	3051595
487	NC_081608	2602971
487	NC_081609	1908765
395	NC_081610	106477
395	NC_081611	294031
395	NC_081612	1618065
395	NC_081613	3051554
395	NC_081614	3051555
395	NC_081615	294032
395	NC_081616	3051596
395	NC_081617	588399
395	NC_081618	482611
395	NC_081619	1620205
395	NC_081620	3051556
318	NC_081621	405629
395	NC_081622	588398
495	NC_081623	2136380
395	NC_081624	2014384
395	NC_081625	863858
395	NC_081626	294042
395	NC_081627	2708201
395	NC_081628	294043
395	NC_081629	294044
395	NC_081630	3051557
395	NC_081631	3051558
395	NC_081632	3051559
395	NC_081633	3051560
395	NC_081634	588397
395	NC_081635	49533
395	NC_081636	482607
395	NC_081637	3051561
395	NC_081638	3051562
395	NC_081639	3051563
395	NC_081640	622461
395	NC_081641	1908568
395	NC_081642	588396
395	NC_081643	2708205
395	NC_081644	3051564
395	NC_081645	482609
395	NC_081646	294051
395	NC_081647	1842907
318	NC_081648	220113
395	NC_081649	588395
395	NC_081650	1908573
395	NC_081651	1842910
395	NC_081652	49889
395	NC_081653	294056
395	NC_081654	49890
395	NC_081655	3051566
395	NC_081656	3051567
395	NC_081657	2708212
395	NC_081658	3155939
395	NC_081659	294059
395	NC_081660	106481
395	NC_081661	3051568
395	NC_081662	2708215
395	NC_081663	2708216
318	NC_081664	3051569
344	NC_081665	2709153
318	NC_081666	2014390
395	NC_081667	622465
395	NC_081668	294061
395	NC_081669	3051570
395	NC_081670	2708219
395	NC_081671	3051571
395	NC_081672	294064
395	NC_081673	588392
395	NC_081674	294066
395	NC_081675	2708221
395	NC_081676	1908577
395	NC_081677	1908578
395	NC_081678	2014391
395	NC_081679	294068
395	NC_081680	2014393
395	NC_081681	1842917
395	NC_081682	1842918
395	NC_081683	1908581
344	NC_081684	2014394
395	NC_081685	1908582
395	NC_081686	588390
395	NC_081687	3051572
395	NC_081688	3051573
318	NC_081689	622466
395	NC_081690	588389
395	NC_081691	1842920
395	NC_081692	3051574
395	NC_081693	1842921
395	NC_081694	3051575
395	NC_081695	294073
395	NC_081696	2708226
395	NC_081697	1842923
395	NC_081698	3051576
395	NC_081699	588388
395	NC_081700	3051577
395	NC_081701	1908586
395	NC_081702	2014398
395	NC_081703	405631
395	NC_081704	294097
395	NC_081705	1093659
395	NC_081706	588387
395	NC_081707	1842927
395	NC_081708	482610
395	NC_081709	405632
395	NC_081710	3051578
395	NC_081711	1908588
395	NC_081712	3051579
395	NC_081713	588386
395	NC_081714	294079
495	NC_081715	2136396
495	NC_081716	588385
395	NC_081717	129734
395	NC_081718	294081
395	NC_081719	3051580
395	NC_081720	3051581
395	NC_081721	3051582
395	NC_081722	3051583
395	NC_081723	3051584
395	NC_081724	3051585
395	NC_081725	3051586
395	NC_081726	3051587
395	NC_081727	622467
395	NC_081728	1908592
395	NC_081729	588383
395	NC_081730	106485
395	NC_081731	1842930
395	NC_081732	3051588
395	NC_081733	2086496
395	NC_081734	405634
395	NC_081735	294083
395	NC_081736	3051589
395	NC_081737	2014404
395	NC_081738	2014405
395	NC_081739	2014406
395	NC_081740	294085
395	NC_081741	1842931
395	NC_081742	294098
318	NC_081743	863859
395	NC_081744	3051590
395	NC_081745	2014407
395	NC_081746	2014408
395	NC_081747	3051591
395	NC_081748	2709155
395	NC_081749	3051592
395	NC_081750	294094
395	NC_081751	3051593
487	NC_081752	1093665
487	NC_081753	1093671
395	NC_081754	1908774
620	NC_081864	354484
890	NC_081865	282647
794	NC_081866	1764330
794	NC_081867	1226053
672	NC_081868	1226057
2542	NC_081870	1226069
830	NC_081871	1226071
830	NC_081872	2981372
855	NC_081873	1226072
855	NC_081874	3002538
774	NC_081875	282608
754	NC_081876	1125850
754	NC_081877	2981376
686	NC_081878	354496
2552	NC_081879	1226079
673	NC_081880	354498
620	NC_081881	68548
773	NC_081883	282616
830	NC_081884	3002497
810	NC_081889	1226096
583	NC_081895	1226103
737	NC_081896	2820919
573	NC_081897	2981431
774	NC_081899	2492890
620	NC_081900	1226106
831	NC_081904	49881
831	NC_081905	2708235
440	NC_081906	100679
2409	NC_081907	1045195
1451	NC_081908	376254
740	NC_081909	575199
1315	NC_081911	669305
782	NC_081916	1161186
782	NC_081917	591211
782	NC_081918	862984
782	NC_081919	179661
782	NC_081920	1197756
782	NC_081921	1569453
782	NC_081922	591212
782	NC_081923	145982
782	NC_081924	1569454
2558	NC_081929	3058894
2558	NC_081930	995786
2558	NC_081931	995797
2558	NC_081932	1701878
473	NC_081960	38857
143	NC_081961	1617354
1112	NC_081962	400887
658	NC_081971	133573
1258	NC_081982	1620028
1258	NC_081983	1370059
1092	NC_081984	416640
1092	NC_081985	139933
711	NC_081986	139936
1209	NC_081987	3059074
1092	NC_081988	3059069
1092	NC_081989	16723
2017	NC_081995	1161996
2017	NC_081996	1970670
2017	NC_081997	1970668
1437	NC_082025	178175
1437	NC_082026	2870639
1437	NC_082027	1679386
1437	NC_082028	2994697
2054	NC_082029	3019641
2054	NC_082030	3019642
2054	NC_082031	165345
2054	NC_082032	3019644
2054	NC_082033	1205704
184	NC_082040	468851
148	NC_082041	468848
184	NC_082042	468856
173	NC_082043	331162
184	NC_082044	468858
2529	NC_082045	339046
135	NC_082046	212052
40	NC_082047	228478
31	NC_082048	212053
1503	NC_082049	75580
1475	NC_082053	3953
1748	NC_082054	2508703
342	NC_082055	2883515
1371	NC_082056	455101
1511	NC_082057	72166
115	NC_082061	814928
1486	NC_082096	146542
782	NC_082098	548154
536	NC_082100	796862
125	NC_082101	640487
204	NC_082102	2058583
687	NC_082105	413958
2318	NC_082106	1736650
2297	NC_082429	440949
852	NC_082579	289799
2347	NC_082580	204151
2275	NC_082581	124693
1335	NC_082822	447117
1335	NC_082823	447484
2456	NC_082845	2871681
1070	NC_082904	462872
2404	NC_082906	175757
1211	NC_082907	175735
161	NC_082913	3020961
166	NC_082914	339075
161	NC_082915	53059
161	NC_082916	331181
859	NC_082919	2981182
1905	NC_082920	1971366
2579	NC_082922	137186
2567	NC_082923	222649
2567	NC_082924	698813
2567	NC_082925	3073856
2578	NC_082927	3073857
2578	NC_082928	2060757
2580	NC_082929	2060756
1141	NC_082963	2917579
1331	NC_082965	3074321
1331	NC_082966	1623366
1331	NC_082967	979727
1331	NC_082968	1623363
1331	NC_082969	984478
2200	NC_082971	56038
1324	NC_082975	3074754
1324	NC_082976	1840585
1324	NC_082977	2939673
1324	NC_082978	1454366
1324	NC_082979	2915795
1324	NC_082980	2915786
1324	NC_082981	542750
439	NC_083084	714518
1392	NC_083086	1531355
1392	NC_083087	1531357
1830	NC_083088	2066563
2314	NC_083089	193528
2314	NC_083090	1185385
562	NC_083119	1333885
832	NC_083120	457253
1159	NC_083128	2173068
1159	NC_083129	58708
2236	NC_083131	78262
2600	NC_083133	65561
153	NC_083135	426947
155	NC_083136	3075770
153	NC_083137	3075771
153	NC_083138	3075772
163	NC_083139	3075773
1002	NC_083141	3075835
1002	NC_083142	1863013
1935	NC_083192	2714098
1071	NC_083193	2714099
1071	NC_083194	2714100
2018	NC_083195	584768
2233	NC_083196	2831472
1071	NC_083197	584743
1071	NC_083198	496700
1071	NC_083199	941844
1071	NC_083201	2663480
1290	NC_083202	2663478
1729	NC_083203	2666435
1071	NC_083204	2714101
1071	NC_083205	584749
609	NC_083206	2714104
1071	NC_083207	165487
1291	NC_083208	165498
1071	NC_083209	2663479
1071	NC_083210	496701
1435	NC_083211	3076540
1461	NC_083219	555479
1072	NC_083220	105674
1047	NC_083391	2836190
2634	NC_083909	2836192
856	NC_083910	3077617
1047	NC_083911	2836193
1237	NC_083912	2184288
775	NC_083913	626695
1194	NC_083914	149687
1188	NC_083919	1621226
1238	NC_083920	1479707
2481	NC_083921	483877
684	NC_083977	1608485
1713	NC_083980	205567
1011	NC_083981	4628
1011	NC_083982	341692
1573	NC_083984	2771004
209	NC_083997	426910
2183	NC_084044	933138
2035	NC_084045	342061
2035	NC_084046	2758143
2075	NC_084047	2785301
2075	NC_084048	268915
2019	NC_084049	392646
2195	NC_084051	268881
1337	NC_084065	345098
2451	NC_084066	1897473
2451	NC_084067	171939
2451	NC_084068	171943
2451	NC_084069	171935
2451	NC_084070	171932
2451	NC_084071	171933
2119	NC_084072	3080003
1899	NC_084103	248302
2039	NC_084107	1603704
2020	NC_084108	249220
997	NC_084109	3079819
1116	NC_084111	94108
983	NC_084112	856997
60	NC_084118	3080982
1192	NC_084119	1108001
1694	NC_084120	1112053
1736	NC_084123	366915
2446	NC_084130	1851346
2447	NC_084131	1155259
2426	NC_084132	40784
2426	NC_084133	669657
2434	NC_084134	80777
2441	NC_084135	1070709
500	NC_084136	66662
489	NC_084137	309535
674	NC_084138	1470411
877	NC_084139	1541217
674	NC_084140	941464
489	NC_084141	309525
86	NC_084142	1541219
877	NC_084143	309528
674	NC_084144	2491195
489	NC_084146	1541222
674	NC_084147	1470417
489	NC_084148	2491196
821	NC_084149	2877167
393	NC_084150	1541227
674	NC_084151	2877168
877	NC_084153	2491198
554	NC_084154	1541231
48	NC_084155	1470421
599	NC_084156	2491199
428	NC_084157	1541237
989	NC_084158	679631
989	NC_084159	2491200
599	NC_084160	679632
599	NC_084161	1508136
2235	NC_084165	2684400
2235	NC_084166	3081611
2235	NC_084167	984302
2235	NC_084168	1766721
2039	NC_084175	536996
2235	NC_084176	2516287
2337	NC_084177	1827312
782	NC_084179	863002
1703	NC_084187	58378
1611	NC_084188	122300
395	NC_084189	1908589
183	NC_084190	1127251
0	NC_084191	2894893
2020	NC_084199	48523
1786	NC_084200	168340
2101	NC_084201	222084
2101	NC_084202	222085
1851	NC_084203	1423388
1736	NC_084211	366919
1736	NC_084212	60117
840	NC_084216	475751
1398	NC_084217	152284
1576	NC_084218	123680
1576	NC_084219	1632116
1492	NC_084220	3083244
1398	NC_084221	152288
1331	NC_084222	3083243
1492	NC_084223	860741
1852	NC_084224	96933
1398	NC_084225	60124
1492	NC_084226	860760
1464	NC_084227	716922
1498	NC_084228	152626
1498	NC_084229	860765
2665	NC_084231	1174967
2665	NC_084232	1174970
2665	NC_084233	3055941
2665	NC_084234	165623
2665	NC_084235	105309
2659	NC_084236	48874
2665	NC_084237	88844
2665	NC_084238	113214
1324	NC_084240	447317
858	NC_084246	3084951
2276	NC_084256	204362
2441	NC_084262	3080245
1042	NC_084281	544988
1743	NC_084282	1507410
210	NC_084283	59339
1318	NC_084293	3082772
2154	NC_084319	1874238
2154	NC_084320	1898873
1989	NC_084329	1888382
1813	NC_084330	90454
1550	NC_084332	2951918
1047	NC_084335	649199
1159	NC_084336	2822940
1437	NC_084350	2915987
2456	NC_084351	4560
1437	NC_084367	262459
1437	NC_084371	334475
712	NC_084373	49581
1210	NC_084375	257354
80	NC_084377	2977355
327	NC_084378	1921730
2297	NC_084379	3065487
1437	NC_084380	2909257
1437	NC_084381	219872
1437	NC_084382	334474
1437	NC_084383	2915953
1437	NC_084386	2915957
1437	NC_084387	2915960
935	NC_084388	2916021
1437	NC_084389	2915974
1437	NC_084390	2916009
1437	NC_084391	2916011
1437	NC_084392	219902
2021	NC_084393	2916023
1437	NC_084394	2916015
1437	NC_084395	219904
1437	NC_084396	2915983
1437	NC_084397	2915986
1900	NC_084398	306929
983	NC_084400	96455
1729	NC_084401	516044
1729	NC_084402	1033851
1567	NC_084403	2930495
1729	NC_084404	1553920
1547	NC_084405	4205
1070	NC_084406	13485
1894	NC_084410	1177745
362	NC_084411	3092261
2104	NC_084412	1290953
2104	NC_084413	3082403
2104	NC_084414	1929216
1821	NC_084415	350027
1681	NC_084416	54451
1821	NC_084417	63355
1346	NC_084427	216499
891	NC_084428	212753
2298	NC_084429	2291174
1346	NC_084430	944283
1346	NC_084431	270100
1346	NC_084432	46346
1718	NC_084433	1439931
1924	NC_084434	3092757
2298	NC_084435	212756
2298	NC_084436	39385
1346	NC_084437	2803541
1924	NC_084438	944287
1924	NC_084439	216500
2067	NC_084440	3092756
1729	NC_084444	2991587
1729	NC_084445	2991586
1510	NC_084453	409518
1510	NC_084454	1161166
1324	NC_084455	147917
1324	NC_084456	147915
1356	NC_084871	2995470
1667	NC_084969	4355
823	NC_085143	3073090
1900	NC_085147	2883987
1900	NC_085148	306927
1900	NC_085149	2883986
1900	NC_085150	306925
1900	NC_085151	306931
107	NC_085156	2706247
107	NC_085157	125400
113	NC_085158	426933
50	NC_085159	125487
738	NC_085160	2706354
484	NC_085164	365733
484	NC_085165	365734
1577	NC_085169	49570
1567	NC_085181	2997898
1118	NC_085202	100527
1141	NC_085203	261406
1118	NC_085204	312036
503	NC_085210	281014
2215	NC_085215	1612632
2299	NC_085216	693376
2320	NC_085217	310423
1777	NC_085218	126432
1777	NC_085219	485365
1375	NC_085221	228522
2067	NC_085222	2724955
2067	NC_085223	2652676
2267	NC_085224	2652683
782	NC_085231	3078261
1092	NC_085233	139937
1814	NC_085237	1341708
1729	NC_085243	2995338
788	NC_085245	197126
788	NC_085246	2871443
788	NC_085247	3103161
788	NC_085248	3103162
2260	NC_085249	1523604
196	NC_085264	227494
1694	NC_085278	374031
2347	NC_085281	3104704
2412	NC_085283	298662
417	NC_085288	77603
2004	NC_085322	751787
938	NC_085342	323921
938	NC_085343	338504
1371	NC_085347	3106003
1603	NC_085351	103993
375	NC_085352	1489665
1492	NC_085353	23110
2225	NC_085355	572119
2332	NC_085356	572127
2332	NC_085357	2953175
2332	NC_085358	2856447
2332	NC_085359	572132
857	NC_085364	190803
235	NC_085365	3106216
1590	NC_085366	473991
2282	NC_085368	28510
1300	NC_085417	196626
1300	NC_085418	60423
2470	NC_085419	434235
1279	NC_085423	272856
2225	NC_085426	3107746
2225	NC_085427	193326
2225	NC_085428	1138135
2332	NC_085429	997707
2225	NC_085430	694356
2225	NC_085431	3107734
2225	NC_085432	2953166
2225	NC_085433	3107744
2225	NC_085434	2953176
2225	NC_085435	3107742
2225	NC_085436	3107743
2225	NC_085437	694380
2225	NC_085438	1138133
2225	NC_085439	3107737
2225	NC_085440	2953163
2225	NC_085441	3107736
2332	NC_085442	3107740
2225	NC_085443	1081545
2225	NC_085444	3107739
2225	NC_085445	3107738
2225	NC_085446	2953167
2225	NC_085447	2953173
2225	NC_085448	3079772
2225	NC_085449	3107784
2225	NC_085450	3107745
2332	NC_085451	572123
2332	NC_085452	2953169
2225	NC_085453	1138126
2225	NC_085454	3107735
2215	NC_085477	310425
2571	NC_085480	3107789
1481	NC_085481	49724
2410	NC_085483	694029
1324	NC_085496	2321405
1374	NC_085497	36602
1371	NC_085498	106554
1371	NC_085499	1184610
1834	NC_085504	46030
1834	NC_085505	1211623
1834	NC_085506	1685578
2225	NC_085507	53173
2225	NC_085508	3107741
2225	NC_085509	2840061
2225	NC_085510	572118
2225	NC_085511	1138141
2225	NC_085512	2953164
2332	NC_085513	2953165
2332	NC_085514	1138138
2225	NC_085515	997735
2225	NC_085516	1081546
2225	NC_085517	2953179
2225	NC_085518	572133
2225	NC_085519	2953182
1371	NC_085521	106565
1371	NC_085522	106559
1371	NC_085523	106555
2614	NC_085534	480913
1315	NC_085559	3086689
1300	NC_085564	133895
1729	NC_085567	859224
812	NC_085570	2712968
1371	NC_085571	3108480
1374	NC_085572	1826792
1371	NC_085573	470526
1374	NC_085574	3091549
1374	NC_085575	3091547
1374	NC_085576	186523
1371	NC_085577	3090533
1371	NC_085578	1008924
1371	NC_085579	3090200
1371	NC_085580	2760073
1371	NC_085581	343465
1371	NC_085582	1217205
1371	NC_085583	1770155
1374	NC_085584	1775738
1374	NC_085585	691236
1052	NC_085586	3108496
1363	NC_085587	3108492
1371	NC_085588	3095560
1371	NC_085589	3108479
1374	NC_085590	1851445
1374	NC_085591	3108495
140	NC_085592	1486051
156	NC_085593	1281861
181	NC_085594	2016658
87	NC_085595	125421
610	NC_085598	1905575
1004	NC_085600	1277773
115	NC_085603	683194
1300	NC_085604	212141
391	NC_085607	1506205
440	NC_085608	222986
480	NC_085609	230702
437	NC_085610	222990
440	NC_085611	100698
485	NC_085612	261219
480	NC_085613	106434
1714	NC_085615	1792755
1374	NC_085622	691230
1374	NC_085623	691229
1374	NC_085624	3109545
1374	NC_085625	1770163
1374	NC_085626	1770157
1374	NC_085627	3109546
1374	NC_085628	1770159
1374	NC_085629	661363
1374	NC_085631	1826797
1371	NC_085632	690342
1374	NC_085633	1826800
1374	NC_085634	1826804
1374	NC_085635	691239
1374	NC_085636	3091941
1374	NC_085637	2034696
1374	NC_085638	1826811
1374	NC_085639	1770154
1363	NC_085640	510712
1363	NC_085641	416296
1363	NC_085642	416297
1363	NC_085643	416303
1371	NC_085644	661350
1374	NC_085645	1572684
1374	NC_085646	1775740
1374	NC_085647	1000428
1371	NC_085648	3091545
1371	NC_085649	2873987
1371	NC_085650	2720251
1374	NC_085651	141006
1374	NC_085652	765745
1374	NC_085653	691233
1374	NC_085654	691241
1374	NC_085655	3091535
1374	NC_085656	3091937
1374	NC_085657	1770153
1374	NC_085658	32249
1374	NC_085659	1770160
1374	NC_085660	1770161
1371	NC_085661	2604395
1374	NC_085662	3091543
1374	NC_085663	1826807
1374	NC_085664	1826808
1374	NC_085665	656924
1374	NC_085666	2831160
1374	NC_085667	691243
1374	NC_085668	1770165
1374	NC_085669	1828479
1374	NC_085670	3091939
1374	NC_085671	1826784
1399	NC_085672	59983
340	NC_085704	142301
675	NC_085705	634106
2593	NC_085706	3079011
353	NC_085707	3079012
345	NC_085708	123163
2411	NC_085709	1959750
824	NC_085710	20401
1779	NC_085711	119830
621	NC_085712	1419549
536	NC_085713	3074324
536	NC_085714	3074325
536	NC_085715	3074326
590	NC_085716	3074327
536	NC_085717	433859
1510	NC_085718	409512
1510	NC_085719	409522
1510	NC_085720	409515
1510	NC_085721	2008527
1510	NC_085722	141007
1510	NC_085723	1450210
1510	NC_085724	23225
1510	NC_085725	2008508
1510	NC_085726	409511
1510	NC_085727	409517
1510	NC_085728	216037
1510	NC_085729	409521
1896	NC_085730	3074738
1274	NC_085731	3079884
1336	NC_085732	1538057
1336	NC_085733	248844
1047	NC_085734	339505
1577	NC_085740	2292105
1577	NC_085741	3034657
1577	NC_085742	3034671
1577	NC_085743	3034672
1577	NC_085744	3034656
2234	NC_085749	549619
1400	NC_085752	48106
1550	NC_085753	228659
1750	NC_085754	50308
1751	NC_085755	46415
1798	NC_085759	79606
937	NC_085761	667287
768	NC_085769	2844878
768	NC_085770	357931
768	NC_085771	357932
2558	NC_085774	292538
2544	NC_085775	58956
2558	NC_085776	995787
2558	NC_085777	995800
2558	NC_085778	585821
2544	NC_085779	292543
2558	NC_085780	1273557
2558	NC_085781	3111470
2558	NC_085783	1273555
472	NC_085784	714474
1598	NC_085788	1439377
936	NC_085796	1162975
858	NC_085797	97746
858	NC_085798	1540396
858	NC_085799	110722
858	NC_085800	1969798
858	NC_085801	857210
858	NC_085802	110740
858	NC_085803	1969799
858	NC_085804	2827384
858	NC_085805	4646
858	NC_085806	2981558
858	NC_085807	2981559
997	NC_085808	97751
997	NC_085809	97739
1322	NC_085810	94390
1094	NC_085818	80288
1094	NC_085819	80294
1094	NC_085820	80321
2258	NC_085823	3112158
2004	NC_086485	157259
1913	NC_086486	38860
2004	NC_086487	49992
2004	NC_086488	543980
2004	NC_086489	294739
2090	NC_086503	3025131
2090	NC_086504	3025132
1547	NC_086516	237949
1475	NC_086520	260700
1779	NC_086521	856898
1779	NC_086523	856883
1779	NC_086524	3112402
1713	NC_086525	856882
1779	NC_086526	856895
1141	NC_086529	3026407
1141	NC_086530	2917566
1141	NC_086531	2917578
1141	NC_086532	2917573
1141	NC_086540	3027164
1141	NC_086541	3027166
1141	NC_086542	3027165
1779	NC_086544	2998085
1779	NC_086545	561130
1779	NC_086546	172795
1779	NC_086547	561128
1779	NC_086548	317827
1779	NC_086549	856989
1779	NC_086550	199469
2258	NC_086552	3112624
2200	NC_086553	764602
2287	NC_086554	764601
1639	NC_086555	1087055
1371	NC_086558	2291143
1371	NC_086559	2305210
1371	NC_086560	661366
1371	NC_086561	1248461
1371	NC_086562	661340
1371	NC_086563	2305212
1371	NC_086564	661345
1371	NC_086565	661351
1371	NC_086566	665325
528	NC_086573	430093
1401	NC_086576	283133
1102	NC_086577	296041
1482	NC_086578	210077
1386	NC_086579	3113364
2558	NC_086580	995792
2558	NC_086581	198811
688	NC_086582	1720446
1211	NC_086583	1720445
1159	NC_086584	2173063
1159	NC_086585	2173072
1159	NC_086586	3064835
1246	NC_086590	1053966
2259	NC_086601	1045356
1516	NC_086625	174187
511	NC_086626	175741
107	NC_086627	125394
2332	NC_086629	378904
859	NC_086645	149379
1188	NC_086646	198888
2120	NC_086656	2028288
2459	NC_086657	290220
2507	NC_086658	3113355
567	NC_086661	2990783
1212	NC_086662	117666
1194	NC_086663	1071044
1946	NC_086665	265135
2470	NC_086667	434234
2470	NC_086668	434236
1402	NC_086669	1170574
1402	NC_086670	446147
1402	NC_086671	446146
1402	NC_086672	1125927
1547	NC_086692	61589
1547	NC_086693	237959
1547	NC_086694	179996
1547	NC_086695	61590
1547	NC_086696	1127633
1547	NC_086697	1444320
95	NC_086698	1617347
88	NC_086699	2137411
32	NC_086700	907956
103	NC_086701	469745
81	NC_086702	1424676
64	NC_086703	1905246
17	NC_086704	78697
26	NC_086705	1424690
1376	NC_086706	248856
1729	NC_086708	692012
789	NC_086709	1036588
789	NC_086710	271538
2216	NC_086711	301005
529	NC_086712	1384180
529	NC_086713	648869
2021	NC_086714	219869
1437	NC_086715	1489815
150	NC_086716	331231
1729	NC_086727	376874
1969	NC_086728	226581
1556	NC_086734	427841
859	NC_086735	435766
859	NC_086736	863852
859	NC_086737	173850
785	NC_086738	208282
947	NC_086739	29694
859	NC_086740	48735
859	NC_086741	281131
859	NC_086742	281129
859	NC_086743	1461608
859	NC_086744	2503017
1279	NC_086746	77334
1279	NC_086747	3045930
1324	NC_086748	1889606
926	NC_086774	2291139
2072	NC_086776	4436
1877	NC_086777	420835
1729	NC_086813	584765
1892	NC_086814	2847120
2473	NC_086834	330579
2473	NC_086835	1755022
2473	NC_086836	1611267
2473	NC_086837	2078704
2473	NC_086838	1620016
2473	NC_086839	330547
2473	NC_086840	1755027
2473	NC_086841	3118202
2473	NC_086842	1079125
2473	NC_086843	1755029
2649	NC_086849	537173
151	NC_086850	3116939
1538	NC_086853	1712205
2423	NC_086855	1720486
1661	NC_086861	227722
1713	NC_086862	1045174
1751	NC_086867	330647
1661	NC_086868	45843
1694	NC_086880	942186
1694	NC_086881	942187
1815	NC_086882	337183
1694	NC_086883	3118957
1694	NC_086884	1968205
1694	NC_086885	1167620
2258	NC_086889	1736646
2334	NC_086890	411098
2258	NC_086891	1736677
2258	NC_086892	1736635
2258	NC_086893	1736641
2258	NC_086894	3112179
2258	NC_086895	1523607
2258	NC_086896	1032970
2334	NC_086898	3120011
2547	NC_086899	79376
1821	NC_086901	180955
1821	NC_086902	50993
1141	NC_086925	2917563
1141	NC_086926	2917576
1141	NC_086927	2917570
1141	NC_086928	2917582
1141	NC_086929	2917564
1141	NC_086930	2917567
1141	NC_086931	2917581
1141	NC_086932	1142992
1141	NC_086933	2917568
1141	NC_086934	2917571
1141	NC_086935	2917575
1141	NC_086936	2917577
1141	NC_086937	2917569
1141	NC_086938	2917574
1141	NC_086940	2917565
1141	NC_086941	2917580
1141	NC_086942	2713338
1925	NC_086943	174551
1729	NC_086953	1917946
712	NC_086954	159053
2528	NC_086968	3121384
2525	NC_086969	478373
2525	NC_086971	57932
2528	NC_086972	3121459
2528	NC_086973	3121456
2528	NC_086974	1732554
2527	NC_086975	1429983
552	NC_086976	3121453
2335	NC_086978	3121454
501	NC_086979	3121451
544	NC_086980	667228
552	NC_086981	3121455
552	NC_086982	210862
335	NC_086983	654634
441	NC_086984	3121458
442	NC_086985	3121460
644	NC_086986	1732548
906	NC_086987	667297
906	NC_086988	1541695
1193	NC_086989	1778369
1219	NC_086990	714647
1422	NC_086991	57939
1185	NC_086992	714487
584	NC_086993	3121448
1185	NC_086994	667262
1185	NC_086995	210859
1185	NC_086996	516013
1185	NC_086997	667294
1185	NC_086998	667264
1185	NC_086999	654613
937	NC_087000	3091636
937	NC_087001	1819533
1185	NC_087002	667246
1185	NC_087003	1819540
937	NC_087004	1819547
1185	NC_087005	57942
1483	NC_087006	654631
1483	NC_087007	3091635
1483	NC_087008	1819538
1483	NC_087009	667252
1483	NC_087010	1732545
1483	NC_087011	654633
1483	NC_087012	1961204
1185	NC_087013	1732547
1185	NC_087014	654620
1185	NC_087015	1732550
1185	NC_087016	1778373
1185	NC_087017	667269
937	NC_087018	1562891
937	NC_087019	3121463
1185	NC_087020	3121465
1185	NC_087021	3091642
1185	NC_087022	1472690
2525	NC_087023	57947
2533	NC_087024	478372
2533	NC_087025	478366
2531	NC_087026	3121464
2531	NC_087027	478363
2527	NC_087028	457911
2527	NC_087029	1541699
2527	NC_087030	687993
689	NC_087031	1541698
906	NC_087032	1541697
907	NC_087033	57940
990	NC_087034	3121475
1219	NC_087035	1076577
1219	NC_087036	667283
739	NC_087037	57933
990	NC_087038	654646
990	NC_087039	3121473
990	NC_087040	1042667
990	NC_087041	57925
990	NC_087042	3089657
990	NC_087043	3121474
1422	NC_087044	1961205
990	NC_087045	2713430
990	NC_087046	1008379
2533	NC_087047	1053328
1416	NC_087048	1633998
1729	NC_087061	79200
1951	NC_087626	648879
1984	NC_087627	235797
690	NC_087631	2862211
2473	NC_087632	3024805
2473	NC_087633	3037238
2443	NC_087634	2491240
2473	NC_087635	1718237
2473	NC_087636	883142
2443	NC_087637	2851935
2502	NC_087638	3037239
2443	NC_087639	2851949
2443	NC_087640	2851938
2456	NC_087641	330571
2473	NC_087642	2851940
2473	NC_087643	2851943
2473	NC_087644	3037240
2443	NC_087645	3037241
2473	NC_087646	2851944
2473	NC_087647	2851945
2443	NC_087648	330574
2443	NC_087649	3037242
2444	NC_087650	3037206
2435	NC_087651	1755024
2443	NC_087652	3037207
2435	NC_087653	1755023
2438	NC_087654	3037208
2473	NC_087655	1755021
2435	NC_087656	3037209
2473	NC_087657	1755028
2473	NC_087658	3037212
2473	NC_087659	2491215
2435	NC_087660	3037213
2438	NC_087661	3037214
2444	NC_087662	3037215
2473	NC_087663	3037216
2443	NC_087664	3037217
2460	NC_087665	796866
2473	NC_087666	3037218
2460	NC_087667	1070438
2473	NC_087668	3024799
2438	NC_087669	106889
2438	NC_087670	3037220
2438	NC_087671	2057673
2438	NC_087672	3037221
2438	NC_087673	3037223
2438	NC_087674	1622064
2438	NC_087675	2491230
2438	NC_087676	3037224
2438	NC_087677	2491231
2438	NC_087678	106890
2438	NC_087679	3037225
2438	NC_087680	3037226
2438	NC_087681	42079
2438	NC_087682	3037228
2448	NC_087683	3037229
2438	NC_087684	3037230
2438	NC_087685	2491232
2438	NC_087686	3037231
2438	NC_087687	1755063
2438	NC_087688	3037232
2438	NC_087689	3037233
2438	NC_087690	3037234
2438	NC_087691	2491234
2438	NC_087692	1755064
2438	NC_087693	3037235
2438	NC_087694	106891
2438	NC_087695	3037236
2438	NC_087696	2491235
2438	NC_087697	1755062
2443	NC_087698	2851941
2473	NC_087699	3024796
2473	NC_087700	3037219
1729	NC_087703	52492
1729	NC_087704	669746
1729	NC_087706	1917943
1729	NC_087707	1917944
1729	NC_087708	99509
1729	NC_087709	3079890
1497	NC_087710	1917945
1567	NC_087711	1917947
1567	NC_087712	1917949
1729	NC_087713	1917952
1729	NC_087714	1917953
1729	NC_087715	642896
1729	NC_087716	3079891
484	NC_087717	120010
484	NC_087718	365729
484	NC_087719	365730
484	NC_087720	365735
518	NC_087721	55479
1702	NC_087723	2986521
2003	NC_087726	152371
1324	NC_087746	212650
1324	NC_087747	542718
1324	NC_087748	1840589
1324	NC_087749	212651
1324	NC_087750	1454367
1324	NC_087751	2915796
1312	NC_087752	542746
1092	NC_087753	1441050
2633	NC_087754	1093622
2633	NC_087755	418983
2136	NC_087757	242038
2017	NC_087760	942085
485	NC_087761	326768
1324	NC_087763	2944735
1324	NC_087764	1840596
1324	NC_087765	648846
1324	NC_087766	2811441
1324	NC_087767	1407748
1324	NC_087768	1840587
1324	NC_087769	1082390
1795	NC_087777	1007873
1159	NC_087786	2173071
2308	NC_087801	1961227
1437	NC_087811	219860
1437	NC_087812	219897
1437	NC_087813	219900
2021	NC_087814	1813521
1966	NC_087846	286838
1952	NC_087847	79245
1548	NC_087848	2071495
1548	NC_087849	59993
185	NC_087851	2594493
2510	NC_087855	3127784
53	NC_087858	183482
1517	NC_087867	120130
2039	NC_087883	2911119
2206	NC_087884	108407
2170	NC_087885	126646
2196	NC_087886	447313
2159	NC_087887	13260
2171	NC_087889	1072615
2485	NC_087922	3082032
2485	NC_087928	1209459
1933	NC_087974	2184477
1803	NC_087975	1265927
998	NC_088033	377454
2151	NC_088034	2290803
2366	NC_088035	201516
2366	NC_088036	167919
1399	NC_088042	3043455
1399	NC_088043	690490
1399	NC_088044	3043453
1366	NC_088045	690505
1683	NC_088046	3043452
1139	NC_088048	3043451
1279	NC_088049	2975459
1324	NC_088067	2982993
410	NC_088097	195802
536	NC_088431	3062116
536	NC_088432	1245322
536	NC_088433	3063525
536	NC_088434	3063526
795	NC_088435	751630
656	NC_088436	3063524
209	NC_088438	1827168
209	NC_088439	431301
1089	NC_088441	654645
1984	NC_088459	1489755
1514	NC_088483	2071455
904	NC_088496	1406279
684	NC_088498	119235
1113	NC_088509	140994
1514	NC_088510	32221
1514	NC_088511	3091706
1514	NC_088512	140996
1514	NC_088513	32243
1514	NC_088514	48231
1900	NC_088523	235825
1900	NC_088524	306912
1371	NC_088533	106560
2119	NC_088534	54477
782	NC_088555	863042
1275	NC_088559	642525
2558	NC_088562	995811
1557	NC_088573	2678244
2663	NC_088574	1287972
1990	NC_088719	1560081
1990	NC_088720	3041824
1990	NC_088721	3041819
1990	NC_088722	3041826
1990	NC_088723	3041830
1990	NC_088724	3041825
1990	NC_088725	1969477
1118	NC_088740	3114546
104	NC_088741	2803551
2039	NC_088747	1262115
1159	NC_088749	1633997
1416	NC_088750	2173070
1159	NC_088751	1325981
1159	NC_088752	3064863
1524	NC_088754	2594499
2074	NC_088755	228392
1292	NC_088760	149361
2090	NC_088761	2732299
2221	NC_088762	3137155
1578	NC_088768	2768815
1916	NC_088770	429709
2	NC_088771	267619
1377	NC_140640	3821
