1	NC_000932	3702
2	NC_001879	4097
2	NC_004561	33113
3	NC_004993	212734
4	NC_006050	34301
5	NC_006290	4054
6	NC_007144	3659
7	NC_007407	4465
2	NC_007500	4096
8	NC_007578	4236
2	NC_007602	4098
9	NC_007942	3847
2	NC_007943	147425
10	NC_007977	4232
2	NC_008096	4113
11	NC_008115	71271
12	NC_008235	43335
13	NC_008325	4039
14	NC_008326	3415
15	NC_008334	2711
16	NC_008335	4403
17	NC_008359	248361
18	NC_008407	126431
19	NC_008456	224735
20	NC_008457	398741
21	NC_008535	13443
4	NC_008788	77108
12	NC_009143	3694
22	NC_009259	3885
23	NC_009265	434059
23	NC_009266	72657
1	NC_009267	74718
1	NC_009268	78191
1	NC_009269	50458
1	NC_009270	3719
1	NC_009271	78192
1	NC_009272	171822
1	NC_009273	59292
1	NC_009274	226051
1	NC_009275	65948
24	NC_009599	153571
25	NC_009600	145286
26	NC_009808	4121
7	NC_010093	263995
27	NC_010109	4472
28	NC_010323	3649
29	NC_010433	3983
8	NC_010601	4230
30	NC_010776	180217
31	NC_011163	3827
32	NC_011828	3900
33	NC_011954	173280
29	NC_012224	180498
10	NC_013553	35935
18	NC_013707	4146
34	NC_013823	4733
22	NC_013843	157791
35	NC_013991	42345
36	NC_014056	141207
37	NC_014057	3888
37	NC_014063	3860
38	NC_014569	28960
11	NC_014570	71139
39	NC_014573	326026
40	NC_014697	3760
41	NC_014807	4312
13	NC_015113	40888
42	NC_015206	101020
29	NC_015308	3981
18	NC_015401	158383
8	NC_015543	98722
18	NC_015604	129566
16	NC_015605	4431
18	NC_015608	497767
8	NC_015621	176616
18	NC_015623	158385
13	NC_015804	40916
43	NC_015818	46379
13	NC_015821	4043
27	NC_015891	29656
44	NC_015892	86722
45	NC_015899	161112
6	NC_015983	412675
46	NC_015996	3767
2	NC_016068	118713
47	NC_016430	82096
48	NC_016433	4182
49	NC_016708	56065
50	NC_016736	3988
51	NC_016753	4460
52	NC_016921	519533
35	NC_017602	51953
22	NC_018051	3917
36	NC_018114	154679
2	NC_018117	4076
2	NC_018552	4072
1	NC_018565	414717
42	NC_018766	157670
42	NC_018767	538574
42	NC_019601	101007
42	NC_019602	101015
53	NC_019616	13750
54	NC_020019	4442
55	NC_020092	41568
48	NC_020098	41396
44	NC_020316	85864
44	NC_020317	85865
44	NC_020318	3406
55	NC_020320	146995
36	NC_020362	1276543
56	NC_020363	188518
35	NC_020364	131289
35	NC_020365	244023
35	NC_020366	292647
57	NC_020367	101696
48	NC_020431	226208
55	NC_020607	395280
22	NC_021091	3914
58	NC_021101	23250
1	NC_021102	106773
457	NC_021111	161395
59	NC_021121	1265925
60	NC_021423	4058
36	NC_021429	112603
36	NC_021430	112615
36	NC_021431	162386
36	NC_021432	160538
36	NC_021433	1324860
61	NC_021455	1308043
9	NC_021636	44015
9	NC_021645	45689
9	NC_021646	96944
9	NC_021647	48924
9	NC_021648	82538
9	NC_021649	45690
9	NC_021650	713886
54	NC_022264	182317
11	NC_022378	36592
11	NC_022379	87679
11	NC_022380	87669
11	NC_022381	582381
11	NC_022382	1171781
11	NC_022383	87670
11	NC_022384	87684
11	NC_022385	87672
11	NC_022386	87681
11	NC_022387	87688
11	NC_022388	34320
11	NC_022389	582372
11	NC_022390	183836
11	NC_022391	34319
11	NC_022392	183838
11	NC_022393	1282669
11	NC_022394	452569
11	NC_022395	87674
11	NC_022396	87663
11	NC_022397	99019
11	NC_022398	34316
11	NC_022399	106642
11	NC_022400	87685
11	NC_022401	183858
11	NC_022402	166933
11	NC_022403	183851
11	NC_022404	34315
11	NC_022405	183827
11	NC_022406	34314
11	NC_022407	183803
11	NC_022408	87660
11	NC_022409	34328
11	NC_022410	34330
11	NC_022411	34308
11	NC_022412	87657
11	NC_022413	34307
35	NC_022417	13894
62	NC_022431	528293
62	NC_022432	48545
63	NC_022451	175694
64	NC_022457	13601
54	NC_022459	319925
54	NC_022460	1339356
54	NC_022461	147918
54	NC_022462	319928
54	NC_022463	194713
47	NC_022810	137943
47	NC_022811	133939
47	NC_022812	133946
47	NC_022813	230597
47	NC_022814	228393
18	NC_022859	86093
9	NC_022868	3848
56	NC_022926	228183
56	NC_022927	4664
56	NC_022928	136219
54	NC_023084	385388
65	NC_023086	49684
66	NC_023092	63359
67	NC_023102	38596
10	NC_023107	73288
10	NC_023108	73291
10	NC_023109	73285
10	NC_023110	73283
10	NC_023111	73293
10	NC_023112	4233
10	NC_023113	382522
10	NC_023114	73297
68	NC_023115	86091
46	NC_023130	1143245
44	NC_023234	86726
44	NC_023235	86730
44	NC_023236	44759
44	NC_023237	54732
44	NC_023238	3403
44	NC_023239	86770
44	NC_023240	3411
44	NC_023241	86752
44	NC_023242	86737
69	NC_023247	152093
70	NC_023256	377280
71	NC_023259	28971
72	NC_023260	253189
57	NC_023356	120072
1	NC_023367	50452
73	NC_023463	192264
6	NC_023544	396994
74	NC_023792	124943
40	NC_023798	102107
75	NC_023833	287011
40	NC_023956	329890
36	NC_024019	142615
44	NC_024027	44926
76	NC_024036	3899
77	NC_024038	49827
78	NC_024060	1125932
78	NC_024061	22978
78	NC_024062	123495
78	NC_024063	597284
78	NC_024064	597311
78	NC_024065	1186155
78	NC_024066	715485
78	NC_024067	1186172
32	NC_024166	361940
42	NC_024258	64939
2	NC_024261	4079
8	NC_024286	124929
60	NC_024292	396313
79	NC_024421	53046
54	NC_024541	542719
4	NC_024542	105594
80	NC_024543	166117
36	NC_024544	256348
44	NC_024545	114512
38	NC_024635	337410
54	NC_024659	1454364
54	NC_024660	542733
54	NC_024661	153490
54	NC_024662	1523625
54	NC_024663	452972
69	NC_024728	108544
12	NC_024734	295326
12	NC_024735	73824
69	NC_024736	152089
12	NC_024747	75702
15	NC_024929	159033
81	NC_024936	995793
82	NC_025288	60698
83	NC_025305	101708
84	NC_025333	59097
16	NC_025339	4432
85	NC_025554	57655
0	NC_025642	87754
86	NC_025651	271221
60	NC_025655	144545
60	NC_025656	63479
62	NC_025657	351450
60	NC_025658	141598
36	NC_025659	459585
36	NC_025660	1564205
36	NC_025661	459588
36	NC_025662	451881
36	NC_025663	459594
36	NC_025664	459589
76	NC_025744	361918
76	NC_025745	97044
17	NC_025772	229049
18	NC_025787	126429
38	NC_025906	337368
55	NC_025910	669134
87	NC_026076	40716
49	NC_026134	138025
59	NC_026197	1454370
88	NC_026220	4615
67	NC_026291	54469
7	NC_026299	55184
35	NC_026444	145710
1	NC_026445	82286
1	NC_026446	352370
5	NC_026447	44586
12	NC_026462	1278906
36	NC_026541	125431
47	NC_026546	242290
89	NC_026562	3483
2	NC_026567	362364
2	NC_026570	126903
2	NC_026574	362373
49	NC_026677	321550
49	NC_026679	191923
9	NC_026682	109171
90	NC_026683	102697
90	NC_026684	35938
91	NC_026685	58860
92	NC_026690	3625
92	NC_026691	3627
2	NC_026694	126905
26	NC_026703	4120
12	NC_026722	77065
2	NC_026726	362363
36	NC_026772	53042
36	NC_026773	1390594
36	NC_026775	1498489
36	NC_026776	53104
36	NC_026777	125444
35	NC_026779	53069
93	NC_026785	59062
57	NC_026786	108411
69	NC_026787	4692
94	NC_026839	105884
2	NC_026906	362345
40	NC_026980	3759
40	NC_026981	97306
40	NC_026982	97307
95	NC_026986	316492
37	NC_027073	313081
37	NC_027074	457904
96	NC_027075	154493
96	NC_027076	313097
96	NC_027077	1234501
96	NC_027078	313104
96	NC_027079	313107
96	NC_027080	1276802
2	NC_027099	362347
17	NC_027110	981085
8	NC_027113	41561
37	NC_027148	3855
96	NC_027149	1276776
96	NC_027150	3859
37	NC_027151	3862
37	NC_027152	3864
97	NC_027155	3908
98	NC_027158	86979
98	NC_027159	229473
30	NC_027161	62330
2	NC_027177	1545468
36	NC_027227	442463
67	NC_027259	39367
99	NC_027262	65409
36	NC_027266	1534760
51	NC_027272	42196
35	NC_027276	101629
12	NC_027425	113636
8	NC_027434	947974
13	NC_027450	376870
13	NC_027451	40952
5	NC_027456	44588
47	NC_027607	98373
100	NC_027618	171969
101	NC_027668	151230
101	NC_027669	151231
69	NC_027674	82318
69	NC_027675	82331
102	NC_027677	3922
69	NC_027679	1577587
51	NC_027681	199225
47	NC_027685	46397
36	NC_027691	335152
1	NC_027693	81985
103	NC_027732	93608
36	NC_027743	112604
11	NC_027744	119951
104	NC_027829	1266557
8	NC_027835	1582844
20	NC_027941	54803
104	NC_027959	1522199
105	NC_027960	350585
8	NC_028005	293558
8	NC_028006	157702
2	NC_028007	4073
35	NC_028026	1089946
8	NC_028027	92921
89	NC_028032	3486
2	NC_028069	4109
2	NC_028070	4112
44	NC_028073	325536
44	NC_028074	1720319
36	NC_028147	1552222
36	NC_028148	48524
36	NC_028149	53134
1	NC_028170	72664
102	NC_028171	1235665
17	NC_028185	100569
57	NC_028209	1736746
11	NC_028409	183804
11	NC_028410	360304
36	NC_028422	78707
106	NC_028429	195526
36	NC_028430	154293
56	NC_028439	52838
12	NC_028504	80863
1	NC_028517	264402
106	NC_028523	261426
36	NC_028524	112607
36	NC_028525	78740
36	NC_028549	161865
60	NC_028614	1756979
13	NC_028618	182415
5	NC_028703	44685
5	NC_028704	106132
1	NC_028727	347893
107	NC_028728	347889
56	NC_028729	136215
49	NC_028732	486065
90	NC_028733	190760
81	NC_029227	198824
35	NC_029241	682621
108	NC_029243	210372
1	NC_029334	38785
1	NC_029335	97979
1	NC_029336	412662
1	NC_029337	90675
85	NC_029338	43782
33	NC_029347	157595
36	NC_029363	798536
36	NC_029364	164262
36	NC_029365	164263
48	NC_029370	39329
85	NC_029371	934068
107	NC_029378	98038
1	NC_029379	537134
13	NC_029391	55605
13	NC_029392	48101
13	NC_029393	85712
13	NC_029394	110318
102	NC_029406	20997
85	NC_029420	173701
109	NC_029427	155132
16	NC_029429	106141
16	NC_029430	723415
16	NC_029431	929407
24	NC_029433	74825
36	NC_029456	94219
62	NC_029459	228709
62	NC_029460	157409
8	NC_029465	200489
13	NC_029469	2849586
13	NC_029470	40922
36	NC_029483	862845
41	NC_029484	182084
106	NC_029485	261423
67	NC_029700	1653186
36	NC_029705	169179
36	NC_029711	112611
36	NC_029712	112612
36	NC_029713	1286644
110	NC_029719	192314
2	NC_029746	362354
54	NC_029750	17515
47	NC_029764	327218
111	NC_029808	1812841
112	NC_029813	552843
113	NC_029814	55320
114	NC_029817	141795
114	NC_029818	141790
114	NC_029819	141755
114	NC_029820	141782
114	NC_029821	141798
114	NC_029822	193335
114	NC_029823	141787
114	NC_029824	53175
114	NC_029825	180010
102	NC_029828	119829
115	NC_029830	163685
2	NC_029833	362352
13	NC_029850	4047
47	NC_029874	105268
111	NC_029885	1821062
13	NC_029889	48032
69	NC_029937	489059
35	NC_029947	93293
35	NC_029948	4714
35	NC_029949	480377
35	NC_029950	132959
35	NC_029951	402034
35	NC_029952	462332
35	NC_029953	4722
35	NC_029954	93318
35	NC_029955	1090025
35	NC_029956	93304
35	NC_029957	115506
35	NC_029958	4718
35	NC_029959	402705
35	NC_029960	115494
35	NC_029961	292710
35	NC_029963	93280
35	NC_029964	115464
35	NC_029965	1441983
35	NC_029966	115457
35	NC_029967	54446
35	NC_029968	674193
35	NC_029969	131261
57	NC_029970	202377
35	NC_029971	131256
35	NC_029972	145668
35	NC_029974	48220
39	NC_029999	28964
2	NC_030044	362374
39	NC_030045	1158081
21	NC_030053	49390
2	NC_030056	1830227
64	NC_030062	258140
64	NC_030063	211974
2	NC_030167	362362
2	NC_030168	362366
2	NC_030171	362351
10	NC_030173	73282
2	NC_030177	362359
2	NC_030178	362357
116	NC_030180	1842555
2	NC_030185	362341
49	NC_030193	362788
15	NC_030194	237571
2	NC_030207	4111
48	NC_030212	270988
54	NC_030260	60118
10	NC_030275	73275
2	NC_030282	258455
9	NC_030329	1177209
85	NC_030331	168559
85	NC_030343	948960
1	NC_030346	347883
1	NC_030347	97980
1	NC_030348	45251
1	NC_030349	302551
1	NC_030350	45249
1	NC_030351	1547872
51	NC_030371	1662495
111	NC_030484	141186
14	NC_030504	3414
1	NC_030515	473980
1	NC_030516	557876
78	NC_030517	1856792
85	NC_030526	1577648
85	NC_030527	991123
78	NC_030534	82149
2	NC_030543	80379
78	NC_030544	1272966
78	NC_030545	1856776
78	NC_030546	82151
78	NC_030547	688040
78	NC_030548	1856777
78	NC_030549	1856778
78	NC_030550	1856779
78	NC_030551	1856781
78	NC_030552	1856782
78	NC_030553	1856783
78	NC_030554	1856784
78	NC_030555	1856785
78	NC_030556	1856786
78	NC_030557	1856787
78	NC_030558	692119
78	NC_030559	1856789
78	NC_030560	692121
78	NC_030561	1186116
78	NC_030562	597303
78	NC_030563	212234
78	NC_030564	692123
78	NC_030565	692125
78	NC_030566	597312
78	NC_030567	1186147
78	NC_030568	1272982
78	NC_030569	597313
78	NC_030570	597314
78	NC_030571	163927
78	NC_030572	1186152
78	NC_030573	597315
78	NC_030574	1186154
78	NC_030575	22987
78	NC_030576	212237
78	NC_030577	1856790
78	NC_030578	692128
78	NC_030579	1272988
78	NC_030580	692130
78	NC_030581	1258705
78	NC_030582	992768
78	NC_030583	1272991
5	NC_030598	44682
40	NC_030599	151439
117	NC_030601	1862640
80	NC_030609	170926
118	NC_030702	354530
36	NC_030704	210729
36	NC_030705	1518434
36	NC_030706	1158208
36	NC_030708	1097193
39	NC_030719	337400
39	NC_030721	337399
119	NC_030722	280455
99	NC_030755	48386
99	NC_030757	608512
8	NC_030772	50225
8	NC_030773	53719
8	NC_030783	4222
120	NC_030784	413747
55	NC_030785	259893
120	NC_030786	55363
120	NC_030787	227308
120	NC_030789	35925
26	NC_031159	35883
46	NC_031163	106564
92	NC_031186	64480
92	NC_031187	1735015
44	NC_031189	3435
44	NC_031190	1898257
44	NC_031191	460789
121	NC_031195	158595
121	NC_031196	122187
121	NC_031204	122198
121	NC_031205	122197
122	NC_031370	1902425
12	NC_031371	1902783
123	NC_031376	16924
111	NC_031385	883788
118	NC_031386	328401
8	NC_031395	170727
8	NC_031396	90037
12	NC_031398	1903715
55	NC_031399	401898
55	NC_031400	265783
111	NC_031414	122810
124	NC_031433	1667030
124	NC_031434	1081573
67	NC_031435	1238142
67	NC_031436	39353
8	NC_031815	1220052
8	NC_031816	1220049
17	NC_031822	226895
111	NC_031825	946017
4	NC_031826	349246
8	NC_031833	192012
6	NC_031834	387127
48	NC_031852	121481
8	NC_031853	183030
99	NC_031874	1914264
125	NC_031875	1170328
125	NC_031876	1914271
125	NC_031877	263218
125	NC_031878	266536
125	NC_031879	263258
125	NC_031880	1630365
125	NC_031881	1277824
125	NC_031882	263294
125	NC_031883	113474
125	NC_031884	1673703
125	NC_031885	263335
125	NC_031886	40003
125	NC_031887	1160597
125	NC_031888	1170341
125	NC_031889	113480
125	NC_031890	1170342
116	NC_031892	1897053
15	NC_031894	697036
8	NC_031898	652132
85	NC_031899	168575
6	NC_032008	3654
30	NC_032031	137683
42	NC_032038	74654
126	NC_032040	122250
79	NC_032053	39510
99	NC_032054	38859
8	NC_032056	1262544
8	NC_032057	333970
12	NC_032060	77057
47	NC_032296	237963
13	NC_032364	264540
12	NC_032368	1536645
87	NC_032401	40722
15	NC_032684	159030
15	NC_032685	76959
15	NC_032686	159045
15	NC_032687	76967
15	NC_032689	68550
102	NC_032691	220690
79	NC_032696	39511
127	NC_032697	939149
128	NC_032698	59045
79	NC_032699	1821576
79	NC_032700	39524
79	NC_032701	50240
79	NC_032702	1603450
79	NC_032703	39542
79	NC_032704	232733
79	NC_032705	39553
79	NC_032706	39527
79	NC_032707	39545
128	NC_032709	51447
79	NC_032710	1247859
79	NC_032711	101622
79	NC_032712	55960
79	NC_032713	382144
79	NC_032714	334597
12	NC_032717	266767
129	NC_032718	1297873
129	NC_032719	198265
129	NC_032720	1043716
129	NC_032721	198266
2	NC_032724	4091
13	NC_033343	49565
13	NC_033344	1680231
13	NC_033345	269605
130	NC_033350	28974
60	NC_033354	403101
11	NC_033355	120290
131	NC_033366	368681
132	NC_033377	1929860
54	NC_033501	233737
120	NC_033502	1932074
2	NC_033524	165701
2	NC_033525	107817
2	NC_033526	165702
2	NC_033527	165700
67	NC_033534	332336
74	NC_033535	289753
6	NC_033871	442738
12	NC_033876	765816
47	NC_033878	180062
36	NC_033895	1661584
69	NC_033896	83800
69	NC_033897	859523
69	NC_033898	89496
6	NC_033899	519315
69	NC_033908	101653
50	NC_033910	3993
109	NC_033913	13331
46	NC_033975	2914000
17	NC_033979	66387
77	NC_034229	47080
133	NC_034285	78168
15	NC_034290	37334
67	NC_034308	99300
67	NC_034309	357460
67	NC_034310	332337
67	NC_034311	332338
67	NC_034312	255881
8	NC_034320	53750
8	NC_034321	53749
8	NC_034322	502541
8	NC_034323	53748
8	NC_034324	308558
8	NC_034325	1970106
8	NC_034326	53753
8	NC_034327	53751
8	NC_034328	502542
80	NC_034331	1971616
85	NC_034346	168561
42	NC_034347	101014
1	NC_034357	537175
1	NC_034358	3724
1	NC_034359	369043
1	NC_034360	264428
1	NC_034361	2259846
1	NC_034362	13288
1	NC_034363	153348
134	NC_034364	28532
1	NC_034365	59689
1	NC_034366	81970
23	NC_034367	228871
69	NC_034368	108546
69	NC_034369	152096
69	NC_034370	85378
80	NC_034371	1637976
1	NC_034379	81972
69	NC_034634	241767
46	NC_034639	32224
80	NC_034640	170919
80	NC_034641	1430397
13	NC_034643	656325
13	NC_034644	49563
13	NC_034645	48119
8	NC_034648	1209471
135	NC_034660	48809
111	NC_034662	1977234
15	NC_034671	85571
80	NC_034677	1980291
80	NC_034678	1648221
55	NC_034683	35608
11	NC_034684	375272
25	NC_034685	13098
44	NC_034687	86725
25	NC_034689	124778
15	NC_034690	2708
18	NC_034691	1548298
20	NC_034692	13216
18	NC_034694	660624
136	NC_034695	925377
40	NC_034696	3755
20	NC_034697	130385
25	NC_034699	114516
44	NC_034700	85223
137	NC_034702	13569
25	NC_034703	124794
69	NC_034705	1571924
69	NC_034706	1571923
69	NC_034707	89493
69	NC_034708	1928487
125	NC_034716	119954
85	NC_034744	57649
126	NC_034792	4208
126	NC_034793	179091
11	NC_034801	1882728
29	NC_034803	73154
8	NC_034810	1716031
8	NC_034811	1716020
8	NC_034812	1716019
8	NC_034813	1716023
8	NC_034814	1716029
8	NC_034815	1716030
8	NC_034816	1716024
8	NC_034817	1716037
8	NC_034818	1716028
8	NC_034819	1716038
8	NC_034820	1716032
8	NC_034821	1716039
8	NC_034822	1716022
8	NC_034823	1716035
8	NC_034824	1716025
8	NC_034825	1716036
8	NC_034826	1716034
8	NC_034827	1716026
8	NC_034828	1716033
8	NC_034829	1716021
8	NC_034830	1716027
8	NC_034831	1716018
8	NC_034832	1716017
69	NC_034840	82315
8	NC_034847	587499
8	NC_034848	381974
8	NC_034849	382033
8	NC_034850	1716006
8	NC_034851	457735
8	NC_034852	1715998
8	NC_034853	1716002
8	NC_034854	587509
8	NC_034855	2707368
8	NC_034856	1716004
8	NC_034857	587507
8	NC_034858	382017
8	NC_034859	587518
8	NC_034860	587524
8	NC_034861	587504
8	NC_034862	1716016
8	NC_034863	587517
8	NC_034864	72967
8	NC_034865	2841757
8	NC_034866	381981
8	NC_034867	1716014
8	NC_034868	1715999
8	NC_034869	1161137
8	NC_034870	381990
8	NC_034871	587510
8	NC_034872	1716003
8	NC_034873	587516
8	NC_034874	1716011
8	NC_034875	1716013
8	NC_034876	1716000
8	NC_034877	72947
8	NC_034878	587514
8	NC_034879	1716008
8	NC_034880	587506
8	NC_034881	1716009
8	NC_034882	587501
8	NC_034883	587508
8	NC_034884	382006
8	NC_034885	587519
8	NC_034886	587503
8	NC_034887	587525
8	NC_034888	381997
8	NC_034889	382052
8	NC_034890	382038
8	NC_034891	1716010
8	NC_034892	587521
8	NC_034893	1716012
8	NC_034894	587513
8	NC_034895	587512
8	NC_034896	587511
8	NC_034897	1716005
8	NC_034898	381977
8	NC_034899	1716007
8	NC_034900	587520
8	NC_034901	1716015
8	NC_034902	1716001
8	NC_034903	587515
138	NC_034908	50507
46	NC_034909	470525
92	NC_034913	64478
92	NC_034914	165200
92	NC_034915	165710
44	NC_034925	610235
44	NC_034926	460784
85	NC_034932	66201
139	NC_034934	859264
139	NC_034935	60130
139	NC_034936	349476
2	NC_034951	47970
111	NC_034952	1418012
90	NC_034985	205042
49	NC_034986	714439
49	NC_034987	1191454
49	NC_034988	1055557
90	NC_034989	1914267
90	NC_034990	1914268
49	NC_034991	1914269
49	NC_034992	76910
8	NC_034996	983245
18	NC_035000	126362
13	NC_035053	54724
13	NC_035054	165499
13	NC_035055	1978917
13	NC_035056	1050841
99	NC_035143	39350
461	NC_035154	142614
102	NC_035228	1641311
102	NC_035229	220689
99	NC_035233	395340
74	NC_035235	171929
44	NC_035236	128608
17	NC_035237	3494
85	NC_035238	151069
74	NC_035239	29780
111	NC_035240	22663
36	NC_035321	169180
36	NC_035322	154290
36	NC_035323	179350
36	NC_035324	181002
36	NC_035325	142612
36	NC_035326	172645
36	NC_035327	142613
36	NC_035328	161867
36	NC_035329	172646
36	NC_035330	363749
36	NC_035331	154289
36	NC_035333	1354201
36	NC_035334	467197
36	NC_035335	467198
36	NC_035336	154291
36	NC_035337	161868
36	NC_035338	161870
36	NC_035339	469460
36	NC_035340	179353
36	NC_035341	1354204
36	NC_035342	117953
36	NC_035343	179354
36	NC_035344	1354197
90	NC_035346	196665
90	NC_035347	138055
49	NC_035348	138062
140	NC_035379	2010895
141	NC_035415	4371
141	NC_035416	173386
141	NC_035417	4362
116	NC_035418	168123
51	NC_035499	69721
42	NC_035500	101012
42	NC_035501	101013
43	NC_035502	4049
142	NC_035505	1155789
142	NC_035506	34199
143	NC_035511	264418
143	NC_035512	2017959
1	NC_035513	358669
1	NC_035514	369024
1	NC_035515	98020
54	NC_035536	182318
54	NC_035537	2018057
54	NC_035538	1603832
54	NC_035539	197088
54	NC_035540	2018058
54	NC_035541	182319
54	NC_035542	182320
54	NC_035543	941577
54	NC_035544	194716
54	NC_035545	59677
54	NC_035546	182321
46	NC_035566	320146
17	NC_035569	172644
69	NC_035570	4689
54	NC_035574	536625
69	NC_035588	82312
69	NC_035589	79002
69	NC_035590	85370
69	NC_035591	82317
69	NC_035592	89789
87	NC_035623	459176
46	NC_035625	106552
4	NC_035632	4421
4	NC_035633	4412
56	NC_035637	101617
54	NC_035639	197085
54	NC_035640	182325
54	NC_035641	182296
54	NC_035642	197096
54	NC_035643	182316
54	NC_035644	2021137
54	NC_035645	107826
54	NC_035646	182305
54	NC_035647	941567
54	NC_035648	2021136
54	NC_035649	941568
54	NC_035650	941581
54	NC_035651	542752
54	NC_035652	674061
54	NC_035653	2021135
120	NC_035654	1938279
44	NC_035657	86749
125	NC_035661	1898640
139	NC_035662	859262
46	NC_035671	106570
46	NC_035672	106571
54	NC_035678	182329
4	NC_035680	299116
69	NC_035681	202155
54	NC_035686	197095
54	NC_035687	197097
54	NC_035688	536627
54	NC_035689	182307
54	NC_035690	182309
54	NC_035691	182322
54	NC_035692	182302
54	NC_035693	182315
54	NC_035694	197086
54	NC_035695	155545
54	NC_035696	184083
54	NC_035697	59679
54	NC_035698	184084
54	NC_035699	182306
54	NC_035700	182312
120	NC_035703	210373
54	NC_035704	194715
54	NC_035706	107827
16	NC_035707	125053
54	NC_035709	182331
54	NC_035710	125047
116	NC_035711	55371
116	NC_035712	167985
87	NC_035718	40707
56	NC_035723	574487
2	NC_035724	45834
6	NC_035727	252529
67	NC_035729	201515
12	NC_035743	2019967
36	NC_035745	431188
44	NC_035802	337465
36	NC_035832	1306921
36	NC_035834	342001
144	NC_035873	39325
145	NC_035875	4212
146	NC_035876	2029165
40	NC_035880	434060
44	NC_035882	13429
8	NC_035884	91242
40	NC_035891	378224
30	NC_035950	137228
2	NC_035952	49451
3	NC_035953	332435
44	NC_035956	215555
41	NC_035959	1739658
42	NC_035961	3747
147	NC_035968	59052
148	NC_035969	272862
106	NC_035970	261434
106	NC_035971	2033002
149	NC_035972	81729
6	NC_035974	1567104
6	NC_035975	260675
69	NC_035988	82311
69	NC_035989	78998
69	NC_035990	84056
106	NC_035995	261425
128	NC_035996	470286
150	NC_035997	2033023
79	NC_035999	1035810
151	NC_036000	51459
3	NC_036002	128609
125	NC_036021	1671323
12	NC_036040	77070
123	NC_036052	16922
66	NC_036061	1397840
152	NC_036069	51004
153	NC_036071	2041126
154	NC_036072	2041127
154	NC_036073	210362
155	NC_036074	2041130
154	NC_036076	2041132
154	NC_036077	2041133
156	NC_036084	54173
154	NC_036085	268274
157	NC_036086	2041112
157	NC_036087	2041113
157	NC_036088	2041114
157	NC_036089	2041116
157	NC_036090	2041117
157	NC_036091	2041119
157	NC_036092	2041120
157	NC_036093	2041121
157	NC_036094	2041122
154	NC_036096	2041123
155	NC_036098	16430
85	NC_036099	151065
135	NC_036100	1245227
135	NC_036101	1205707
1	NC_036110	763953
1	NC_036111	358661
40	NC_036133	23207
41	NC_036134	2041848
41	NC_036135	1592219
41	NC_036136	555432
41	NC_036140	555431
41	NC_036141	1348122
41	NC_036142	2041849
44	NC_036143	943101
158	NC_036151	47091
159	NC_036152	266420
159	NC_036153	158541
93	NC_036154	112799
100	NC_036236	46147
119	NC_036260	280454
160	NC_036300	86990
161	NC_036304	1705841
162	NC_036306	227909
162	NC_036307	227910
163	NC_036341	58228
36	NC_036342	141752
36	NC_036355	117954
164	NC_036356	4006
18	NC_036367	126418
46	NC_036368	147045
40	NC_036394	105667
165	NC_036412	3645
135	NC_036413	1492673
82	NC_036416	4330
42	NC_036423	32239
166	NC_036489	251593
8	NC_036490	2056418
136	NC_036494	2056444
136	NC_036495	2056445
136	NC_036496	2056446
136	NC_036497	2056447
136	NC_036498	2056448
136	NC_036499	2056449
136	NC_036500	2056450
136	NC_036501	2056451
136	NC_036502	2056452
136	NC_036503	3013920
75	NC_036504	149405
6	NC_036505	3661
6	NC_036506	3662
8	NC_036677	1939643
12	NC_036718	75699
2	NC_036733	337188
90	NC_036734	2004884
90	NC_036735	138044
90	NC_036736	205073
91	NC_036742	2060075
91	NC_036743	2060074
91	NC_036744	1971661
167	NC_036759	350427
49	NC_036761	375005
90	NC_036762	161753
168	NC_036807	3673
6	NC_036808	3668
145	NC_036810	4214
169	NC_036812	157677
37	NC_036828	51020
54	NC_036830	4443
8	NC_036831	2045230
8	NC_036832	2045231
8	NC_036833	717594
87	NC_036834	459177
47	NC_036835	245822
108	NC_036940	452568
170	NC_036942	1684752
36	NC_036958	53081
58	NC_036960	112844
1	NC_036962	50461
171	NC_036963	357223
1	NC_036964	352371
8	NC_036965	41550
8	NC_036966	688286
8	NC_036967	92907
67	NC_036968	1000418
172	NC_036969	29788
172	NC_036970	254777
114	NC_036971	53159
114	NC_036972	53161
85	NC_036978	246360
18	NC_036979	2057968
18	NC_036980	2057972
18	NC_036981	2057969
18	NC_036982	55183
18	NC_036983	126540
18	NC_036984	2057970
18	NC_036985	495751
18	NC_036986	2057971
18	NC_036987	34270
44	NC_037000	86741
44	NC_037001	86742
44	NC_037002	86744
44	NC_037003	1185392
44	NC_037004	2732320
44	NC_037005	114509
17	NC_037021	1736113
46	NC_037022	2080251
173	NC_037023	162053
69	NC_037038	1532388
69	NC_037039	192972
69	NC_037040	1352232
110	NC_037083	192261
35	NC_037084	169987
138	NC_037145	13674
18	NC_037171	490838
41	NC_037179	1348125
44	NC_037190	76098
174	NC_037191	1027102
174	NC_037192	4270
69	NC_037209	859524
85	NC_037211	47965
36	NC_037212	446036
69	NC_037213	279669
69	NC_037214	152094
69	NC_037215	1352233
69	NC_037216	152091
69	NC_037217	1352234
12	NC_037223	179741
136	NC_037226	2029557
136	NC_037227	2029656
136	NC_037228	2029556
136	NC_037229	2029555
136	NC_037230	353929
136	NC_037231	2029554
136	NC_037232	353931
152	NC_037243	64134
99	NC_037247	29719
74	NC_037250	179994
74	NC_037251	124947
36	NC_037361	906689
74	NC_037362	587579
55	NC_037388	344871
42	NC_037392	148910
175	NC_037400	252972
12	NC_037410	210376
12	NC_037411	179731
12	NC_037412	124846
12	NC_037413	351344
12	NC_037414	1085088
12	NC_037415	113624
12	NC_037416	3691
12	NC_037417	492479
12	NC_037418	295327
12	NC_037419	179740
12	NC_037420	2107771
12	NC_037421	242124
12	NC_037423	2107772
12	NC_037424	426352
12	NC_037425	2107773
12	NC_037427	1244996
12	NC_037428	891976
12	NC_037429	2107774
176	NC_037433	2109268
36	NC_037438	309532
36	NC_037439	459596
36	NC_037440	1462506
74	NC_037442	201012
85	NC_037443	325641
18	NC_037446	38873
85	NC_037447	128017
177	NC_037448	99658
136	NC_037455	2099405
136	NC_037456	2099417
136	NC_037457	1676596
136	NC_037458	2099428
136	NC_037459	2099437
136	NC_037460	353977
136	NC_037461	3013917
136	NC_037462	140035
54	NC_037472	450940
1	NC_037475	78190
40	NC_037477	1813010
118	NC_037482	328402
8	NC_037483	41486
8	NC_037484	69404
146	NC_037485	222567
44	NC_037489	2049519
44	NC_037490	1053105
44	NC_037491	128588
42	NC_037492	577514
66	NC_037495	29766
178	NC_037506	2138605
66	NC_037514	159960
69	NC_037517	84044
8	NC_037605	1408201
178	NC_037693	188317
152	NC_037694	66699
74	NC_037696	2768810
69	NC_037699	84058
36	NC_037700	257359
30	NC_037705	516549
30	NC_037706	1974217
13	NC_037711	48109
9	NC_037714	3832
4	NC_037718	2043564
4	NC_037719	4414
103	NC_037726	63345
100	NC_037748	107604
129	NC_037758	1737302
1	NC_037760	208936
179	NC_037761	162678
180	NC_037762	183789
180	NC_037763	3850
180	NC_037764	653049
180	NC_037765	653098
179	NC_037766	1954645
181	NC_037767	228518
180	NC_037768	162677
87	NC_037772	62886
37	NC_037830	198035
129	NC_037840	1737301
4	NC_037843	2173159
4	NC_037844	38861
4	NC_037845	54802
40	NC_037849	1501231
40	NC_037850	983195
13	NC_037852	1533308
87	NC_037879	45171
87	NC_037880	40702
152	NC_037881	4396
182	NC_037882	182070
183	NC_037884	1009483
184	NC_037885	208873
103	NC_037898	93611
103	NC_037899	336383
103	NC_037900	153728
103	NC_037901	153727
103	NC_037902	335807
103	NC_037903	35933
103	NC_037904	376444
103	NC_037905	63349
103	NC_037906	335806
103	NC_037907	382113
103	NC_037908	63347
26	NC_037911	43178
26	NC_037912	89647
26	NC_037913	35885
66	NC_037940	13413
29	NC_037945	577683
16	NC_037950	79612
126	NC_037951	224736
185	NC_037952	134526
94	NC_037954	2137014
185	NC_037955	179998
8	NC_037956	109558
8	NC_037957	109559
8	NC_037958	2211419
8	NC_037959	462407
8	NC_037960	1783558
186	NC_037991	321598
5	NC_037994	44683
114	NC_038062	4138
36	NC_038076	154292
36	NC_038077	142611
36	NC_038078	1269200
36	NC_038079	858932
13	NC_038088	2689076
42	NC_038102	197613
133	NC_038118	159424
187	NC_038119	196577
188	NC_038120	196578
133	NC_038121	237862
133	NC_038122	237863
133	NC_038123	237871
133	NC_038124	196582
189	NC_038125	196689
133	NC_038126	3685
189	NC_038127	231192
133	NC_038128	196585
189	NC_038129	231188
108	NC_038153	2213114
99	NC_038165	38868
190	NC_038170	374966
54	NC_038181	182298
189	NC_038188	2025557
69	NC_038193	59082
8	NC_038194	175518
44	NC_038203	460778
180	NC_038222	126820
6	NC_038229	3663
106	NC_039133	34193
69	NC_039162	859535
54	NC_039178	194712
8	NC_039346	1117039
191	NC_039347	2108135
80	NC_039348	1271601
80	NC_039349	1271610
8	NC_039352	186954
37	NC_039371	47742
46	NC_039374	416286
162	NC_039375	227895
162	NC_039376	227899
40	NC_039379	97309
8	NC_039381	186955
8	NC_039382	711536
8	NC_039383	1798769
8	NC_039384	2291087
8	NC_039385	262729
11	NC_039395	375264
2	NC_039412	1879227
2	NC_039413	2304587
2	NC_039414	1097642
2	NC_039415	1879258
2	NC_039416	1097620
2	NC_039417	1670882
192	NC_039424	44976
87	NC_039425	459172
193	NC_039426	397392
69	NC_039436	82319
2	NC_039457	113208
2	NC_039458	304161
120	NC_039554	665996
120	NC_039555	13493
120	NC_039556	268844
11	NC_039557	2042888
74	NC_039592	67918
97	NC_039595	347188
11	NC_039597	87676
2	NC_039598	488919
2	NC_039599	666133
2	NC_039600	329777
2	NC_039601	488922
2	NC_039602	404689
2	NC_039603	666132
2	NC_039604	329803
2	NC_039605	329779
2	NC_039606	115666
2	NC_039607	329772
2	NC_039608	205524
2	NC_039609	329765
2	NC_039610	329798
2	NC_039611	329760
44	NC_039620	590039
109	NC_039622	41782
194	NC_039623	640776
46	NC_039624	106572
54	NC_039626	674062
6	NC_039628	2184935
94	NC_039634	1304680
94	NC_039635	1503374
94	NC_039636	51255
94	NC_039637	2306360
94	NC_039638	486690
54	NC_039645	147926
55	NC_039647	637485
2	NC_039651	112879
67	NC_039654	39358
195	NC_039668	398306
196	NC_039675	85282
196	NC_039676	448267
146	NC_039678	2079031
2	NC_039692	40320
2	NC_039693	165788
2	NC_039694	113210
2	NC_039695	241756
186	NC_039704	75067
197	NC_039719	48517
89	NC_039727	1184750
89	NC_039728	63056
17	NC_039729	63060
198	NC_039730	228586
17	NC_039731	194264
40	NC_039735	151430
199	NC_039740	2316892
195	NC_039748	516548
200	NC_039752	99437
13	NC_039760	54711
146	NC_039761	1279188
146	NC_039762	1204778
8	NC_039774	2448053
106	NC_039776	580341
119	NC_039812	1088818
56	NC_039815	482283
201	NC_039924	137435
202	NC_039932	2051892
44	NC_039933	13258
44	NC_039941	1185390
106	NC_039943	593754
1	NC_039958	664052
92	NC_039973	165716
111	NC_039975	122812
79	NC_039976	1035811
203	NC_039985	66646
42	NC_039989	74647
74	NC_040009	459165
85	NC_040106	1779285
204	NC_040113	497687
138	NC_040116	124780
67	NC_040121	1986522
13	NC_040122	357851
40	NC_040125	151332
8	NC_040126	415155
152	NC_040141	292912
138	NC_040144	124782
205	NC_040160	72643
106	NC_040164	112568
4	NC_040167	296031
46	NC_040170	106556
2	NC_040178	4102
69	NC_040223	1126415
56	NC_040851	97750
56	NC_040852	97749
13	NC_040857	187269
162	NC_040862	227903
12	NC_040866	118781
12	NC_040867	2501770
12	NC_040868	1393206
12	NC_040869	2501769
12	NC_040870	2501768
12	NC_040871	550460
12	NC_040872	2501767
12	NC_040873	2501766
12	NC_040874	688333
55	NC_040920	1478181
12	NC_040928	3690
12	NC_040929	3696
185	NC_040937	79615
206	NC_040938	63102
24	NC_040939	4373
207	NC_040941	3528
207	NC_040942	427824
208	NC_040943	189791
47	NC_040944	138902
207	NC_040945	437579
169	NC_040946	1904701
169	NC_040947	2518633
207	NC_040950	2518615
209	NC_040951	2518635
12	NC_040953	2040574
44	NC_040954	86739
94	NC_040959	638627
42	NC_040960	117265
94	NC_040961	180558
94	NC_040962	447670
94	NC_040963	447669
47	NC_040964	29746
36	NC_040980	2517251
87	NC_040983	35924
210	NC_040984	48391
85	NC_040988	873093
42	NC_040997	74648
85	NC_041080	1642853
6	NC_041088	3677
99	NC_041091	342060
99	NC_041092	587670
211	NC_041102	720867
85	NC_041103	1173001
85	NC_041104	1700993
2	NC_041110	112863
108	NC_041117	223753
18	NC_041119	149022
116	NC_041126	1609849
116	NC_041127	85887
116	NC_041128	86865
54	NC_041130	362732
116	NC_041131	363218
116	NC_041132	153521
116	NC_041133	167990
116	NC_041134	167987
116	NC_041135	167989
116	NC_041136	168115
116	NC_041137	167983
116	NC_041139	85889
212	NC_041159	434245
152	NC_041163	96568
180	NC_041164	568080
116	NC_041171	168120
213	NC_041178	13044
36	NC_041179	78719
36	NC_041180	428214
36	NC_041181	210728
36	NC_041182	214676
36	NC_041183	492483
36	NC_041184	2042393
36	NC_041185	28472
36	NC_041186	322100
36	NC_041187	210730
36	NC_041188	858887
36	NC_041190	2315981
213	NC_041199	176126
26	NC_041203	129202
26	NC_041204	35882
26	NC_041205	129206
26	NC_041206	1393931
26	NC_041207	129207
26	NC_041208	2518009
213	NC_041210	667250
123	NC_041213	161873
207	NC_041235	3535
30	NC_041239	76025
16	NC_041255	2518636
30	NC_041261	2054445
212	NC_041262	2152776
208	NC_041265	1091135
207	NC_041266	146096
212	NC_041267	240055
207	NC_041268	696524
208	NC_041270	426457
207	NC_041272	363212
208	NC_041273	194564
207	NC_041274	46150
16	NC_041275	85172
214	NC_041276	122299
215	NC_041277	122303
215	NC_041278	63091
216	NC_041279	114151
217	NC_041281	49618
207	NC_041293	3589
218	NC_041294	46112
100	NC_041295	107587
207	NC_041296	3530
207	NC_041297	3538
219	NC_041298	3592
207	NC_041300	3533
207	NC_041301	169262
162	NC_041305	227902
57	NC_041309	78826
207	NC_041414	1227758
207	NC_041415	363211
207	NC_041416	117583
207	NC_041418	169268
220	NC_041424	2315787
62	NC_041431	4066
221	NC_041432	3735
12	NC_041433	77060
44	NC_041435	85868
156	NC_041436	28525
111	NC_041439	126635
62	NC_041440	141467
159	NC_041455	158573
159	NC_041456	1541216
8	NC_041458	261786
81	NC_041459	323707
81	NC_041460	82528
46	NC_041461	309349
18	NC_041463	56029
54	NC_041467	182324
54	NC_041468	182323
54	NC_041469	182310
54	NC_041470	941575
54	NC_041471	941570
54	NC_041472	941573
54	NC_041473	182300
152	NC_041487	51002
109	NC_041488	41786
174	NC_041491	2545980
217	NC_041492	2545981
54	NC_041509	2545962
54	NC_041510	197077
222	NC_041532	3449
137	NC_041539	39106
223	NC_041550	66672
2	NC_041551	103871
2	NC_041552	50514
13	NC_041580	76119
90	NC_041581	191878
95	NC_041582	369422
95	NC_041583	316486
95	NC_041584	316474
95	NC_041585	316468
2	NC_041586	2082853
2	NC_041587	317814
2	NC_041588	856881
2	NC_041589	317815
2	NC_041590	561125
2	NC_041591	317818
2	NC_041592	315332
2	NC_041593	315334
2	NC_041594	73574
2	NC_041595	856884
2	NC_041596	205531
2	NC_041597	205532
2	NC_041598	172263
2	NC_041599	856892
2	NC_041600	2082851
2	NC_041601	160510
2	NC_041602	4108
2	NC_041603	317820
2	NC_041604	200525
2	NC_041605	1050191
2	NC_041606	172792
2	NC_041607	172797
2	NC_041608	1128165
2	NC_041609	610331
2	NC_041610	317826
2	NC_041611	856976
2	NC_041612	317824
2	NC_041613	172793
2	NC_041614	198039
2	NC_041615	73573
2	NC_041616	172794
2	NC_041617	856981
2	NC_041618	710640
2	NC_041619	445678
2	NC_041620	317829
2	NC_041621	710638
2	NC_041622	4115
2	NC_041623	317832
2	NC_041624	856984
2	NC_041625	172790
2	NC_041626	50273
2	NC_041627	62893
2	NC_041628	52705
2	NC_041629	172796
2	NC_041630	42755
2	NC_041631	257458
2	NC_041634	315348
17	NC_041637	1867291
47	NC_041648	287721
224	NC_041649	34190
54	NC_041672	2547459
100	NC_041727	153875
77	NC_042146	74614
116	NC_042148	363216
8	NC_042149	77561
120	NC_042160	1938265
120	NC_042161	1938269
225	NC_042162	714457
460	NC_042164	235734
212	NC_042166	240045
64	NC_042167	258162
47	NC_042178	300888
47	NC_042190	183944
46	NC_042192	106567
211	NC_042193	142860
42	NC_042194	74651
36	NC_042197	141753
217	NC_042201	180069
2	NC_042204	112883
226	NC_042223	176135
106	NC_042227	100521
106	NC_042228	182176
145	NC_042232	576365
13	NC_042242	99507
8	NC_042244	2507418
62	NC_042245	2563732
62	NC_042246	945170
116	NC_042252	168120
20	NC_042254	450287
162	NC_042257	1026954
18	NC_042262	1296280
18	NC_042265	424909
18	NC_042269	1471837
18	NC_042270	126360
18	NC_042271	166594
18	NC_042272	84810
18	NC_042273	85216
18	NC_042275	2491098
18	NC_042276	2491099
18	NC_042277	41398
18	NC_042278	167908
18	NC_042279	126564
18	NC_042280	2563121
18	NC_042281	1382063
18	NC_042282	1085342
18	NC_042283	2491090
18	NC_042284	2491091
111	NC_042369	141191
18	NC_042372	1489473
18	NC_042373	1296274
18	NC_042374	1489476
18	NC_042375	2491246
18	NC_042376	2563118
18	NC_042377	93977
8	NC_042381	50196
8	NC_042382	50191
8	NC_042383	43197
18	NC_042384	2491092
18	NC_042385	2491093
18	NC_042386	2491094
18	NC_042387	2491095
18	NC_042388	2491101
30	NC_042390	41241
69	NC_042398	63788
69	NC_042399	83802
200	NC_042408	99438
18	NC_042424	490843
18	NC_042425	1028355
18	NC_042426	992666
18	NC_042427	1081051
18	NC_042428	549149
85	NC_042443	355900
227	NC_042444	113205
18	NC_042446	126361
18	NC_042447	126363
18	NC_042448	126403
18	NC_042449	38872
18	NC_042450	56040
18	NC_042451	56032
18	NC_042452	126421
18	NC_042453	126426
18	NC_042454	46072
18	NC_042455	126541
18	NC_042456	126542
18	NC_042457	126543
18	NC_042458	126547
18	NC_042459	126548
18	NC_042460	126553
18	NC_042461	323693
18	NC_042462	424906
18	NC_042463	424914
18	NC_042464	96521
18	NC_042465	126558
18	NC_042466	126561
18	NC_042467	126566
18	NC_042468	126368
8	NC_042605	1611546
8	NC_042606	1448044
8	NC_042607	128741
8	NC_042608	1448043
8	NC_042609	1611549
8	NC_042610	1611548
8	NC_042611	41604
8	NC_042612	1611547
44	NC_042680	211003
228	NC_042693	587870
44	NC_042696	128681
9	NC_042700	429560
53	NC_042713	190543
186	NC_042715	321593
186	NC_042716	564016
200	NC_042719	190524
229	NC_042720	593753
8	NC_042724	4217
55	NC_042725	99046
135	NC_042727	2495447
185	NC_042739	137004
230	NC_042740	4378
3	NC_042743	13573
3	NC_042744	13419
3	NC_042745	300218
54	NC_042746	16906
57	NC_042747	4726
228	NC_042748	688281
62	NC_042760	1165872
48	NC_042766	168491
48	NC_042767	2567862
18	NC_042782	389174
18	NC_042783	1539464
18	NC_042784	2491097
18	NC_042785	126416
18	NC_042786	1125365
55	NC_042787	463594
231	NC_042796	28511
232	NC_042798	381410
233	NC_042819	98588
125	NC_042821	130512
13	NC_042826	165353
81	NC_042827	207932
56	NC_042874	160690
17	NC_042884	241857
56	NC_042886	136217
111	NC_042889	1692140
111	NC_042890	2576876
111	NC_042891	13129
111	NC_042892	2576877
111	NC_042893	141187
200	NC_042894	162025
173	NC_042895	22666
111	NC_042896	2291130
111	NC_042897	2576875
111	NC_042898	141189
111	NC_042899	122808
178	NC_042903	2358325
13	NC_042912	2583372
8	NC_042913	588669
178	NC_042914	2358323
178	NC_042915	2358324
178	NC_042916	2358313
178	NC_042917	2358314
178	NC_042918	353927
178	NC_042919	2358320
178	NC_042920	2358327
234	NC_042921	76306
66	NC_042923	423499
66	NC_042924	423500
152	NC_042925	40796
66	NC_042926	242209
66	NC_042927	369350
66	NC_042928	61222
66	NC_042929	40788
178	NC_042931	2358316
178	NC_042932	2358312
178	NC_042933	545665
178	NC_042934	2358322
26	NC_042935	89639
26	NC_042936	89640
26	NC_042937	2029529
26	NC_042938	2575953
26	NC_042939	2029530
26	NC_042940	2575954
26	NC_042941	89660
8	NC_042944	1196480
67	NC_042954	1501482
135	NC_042955	1501477
235	NC_042956	437255
189	NC_043791	340634
125	NC_043792	2559492
11	NC_043793	2559493
11	NC_043794	2559494
174	NC_043795	1561780
111	NC_043797	1053376
11	NC_043798	2559495
11	NC_043799	40015
236	NC_043800	2042419
236	NC_043801	66689
130	NC_043802	1087073
11	NC_043803	178107
11	NC_043804	376213
11	NC_043805	216165
11	NC_043806	260119
200	NC_043807	597418
237	NC_043808	43153
238	NC_043809	672974
125	NC_043810	40009
11	NC_043811	2559496
187	NC_043813	1341363
188	NC_043814	133504
239	NC_043815	330177
188	NC_043816	298527
187	NC_043817	231182
189	NC_043818	1249011
189	NC_043819	298518
188	NC_043821	159432
240	NC_043822	298520
188	NC_043823	340636
189	NC_043824	378248
189	NC_043825	159421
189	NC_043826	196581
189	NC_043827	231636
64	NC_043829	659592
55	NC_043835	466072
8	NC_043842	13427
108	NC_043844	223751
11	NC_043848	98583
92	NC_043861	165782
74	NC_043862	155636
74	NC_043863	2590898
241	NC_043869	1197930
48	NC_043873	204149
18	NC_043874	56036
69	NC_043876	79000
12	NC_043878	439901
196	NC_043880	1289414
6	NC_043881	190515
8	NC_043882	244311
229	NC_043884	312356
12	NC_043885	2590034
12	NC_043886	312358
242	NC_043896	124850
40	NC_043901	36596
46	NC_043902	106563
36	NC_043905	1053618
40	NC_043912	325278
85	NC_043919	289766
40	NC_043921	378228
120	NC_043925	300536
40	NC_043926	232787
5	NC_043952	45211
5	NC_043953	44589
5	NC_043954	44684
67	NC_044073	2172029
99	NC_044082	294733
42	NC_044094	74645
228	NC_044100	247892
62	NC_044102	336055
228	NC_044105	1603716
11	NC_044106	1679311
243	NC_044108	15000
228	NC_044114	466223
228	NC_044115	926279
49	NC_044116	132452
51	NC_044118	129218
40	NC_044123	136465
42	NC_044126	128735
55	NC_044156	637479
213	NC_044418	654617
12	NC_044419	2511006
8	NC_044423	2595066
12	NC_044462	1550601
2	NC_044471	258461
244	NC_044475	289639
135	NC_044477	1898808
35	NC_044481	446113
35	NC_044482	1128769
245	NC_044626	59353
90	NC_044627	397648
69	NC_044628	1768213
69	NC_044629	152095
69	NC_044630	2249442
69	NC_044631	1461640
69	NC_044632	744034
36	NC_044633	337206
34	NC_044634	203643
69	NC_044636	152092
245	NC_044644	231484
196	NC_044645	1567550
225	NC_044668	1685549
8	NC_044671	265785
226	NC_044691	1037063
226	NC_044692	2604687
226	NC_044693	176129
226	NC_044694	137457
40	NC_044701	42229
8	NC_044726	238948
8	NC_044727	254922
8	NC_044728	2596707
8	NC_044729	2596706
8	NC_044730	947918
8	NC_044731	254923
8	NC_044732	137894
8	NC_044733	378318
8	NC_044734	378327
8	NC_044735	2596705
8	NC_044736	238946
8	NC_044737	2596708
8	NC_044738	254911
8	NC_044739	238943
142	NC_044761	210943
139	NC_044767	2606559
33	NC_044772	173278
33	NC_044773	33152
56	NC_044775	94328
69	NC_044780	2607986
139	NC_044797	193468
139	NC_044798	37824
246	NC_044799	86842
246	NC_044800	989269
246	NC_044801	230031
139	NC_044802	77620
139	NC_044803	193474
139	NC_044804	346431
139	NC_044805	346429
139	NC_044806	123676
139	NC_044807	604165
139	NC_044809	860740
123	NC_044810	60119
54	NC_044811	16905
54	NC_044812	16902
54	NC_044813	164436
54	NC_044814	60121
54	NC_044815	16903
123	NC_044816	234389
123	NC_044817	367354
217	NC_044821	60120
54	NC_044822	4282
247	NC_044823	164435
247	NC_044824	164434
116	NC_044825	367350
123	NC_044826	161874
123	NC_044827	60116
123	NC_044828	16925
139	NC_044829	52833
139	NC_044830	193483
248	NC_044831	193494
139	NC_044832	86875
139	NC_044833	108595
139	NC_044834	123682
139	NC_044837	230032
139	NC_044838	228042
249	NC_044839	228060
123	NC_044840	16897
139	NC_044841	152286
139	NC_044842	860753
217	NC_044844	55377
217	NC_044845	185766
217	NC_044846	16911
246	NC_044847	228628
225	NC_044862	2038526
44	NC_044864	2047775
40	NC_044965	140661
250	NC_044968	44964
251	NC_045041	374708
217	NC_045043	180068
94	NC_045045	370638
47	NC_045046	180562
47	NC_045047	180073
47	NC_045048	180074
195	NC_045049	626364
195	NC_045050	180067
185	NC_045051	59180
139	NC_045052	19953
70	NC_045053	86867
217	NC_045054	105883
217	NC_045055	179859
185	NC_045056	77623
47	NC_045061	4202
47	NC_045062	432674
195	NC_045063	486693
94	NC_045064	486661
234	NC_045071	2479786
4	NC_045072	54801
106	NC_045077	228395
35	NC_045079	1089943
35	NC_045080	1089944
35	NC_045081	2021205
35	NC_045082	2544925
135	NC_045083	1408783
135	NC_045084	2545923
135	NC_045085	1903578
135	NC_045086	1799609
135	NC_045087	586722
135	NC_045088	70770
55	NC_045093	669130
59	NC_045098	1073919
59	NC_045099	55383
59	NC_045100	59982
162	NC_045107	227894
252	NC_045108	2138330
162	NC_045109	2650741
59	NC_045111	59970
59	NC_045112	2508515
59	NC_045113	1341709
59	NC_045114	2650784
59	NC_045115	2650783
59	NC_045116	2650782
51	NC_045125	258320
42	NC_045126	1608486
13	NC_045182	491196
13	NC_045183	996943
13	NC_045184	99506
217	NC_045193	2589404
8	NC_045211	13708
185	NC_045219	134525
40	NC_045230	2491139
242	NC_045233	2664490
242	NC_045234	2664491
242	NC_045235	1679365
56	NC_045241	136221
56	NC_045242	136218
44	NC_045251	2654222
44	NC_045252	545644
3	NC_045253	2291132
44	NC_045254	344093
3	NC_045255	155291
44	NC_045256	128639
44	NC_045257	2654224
44	NC_045258	155293
44	NC_045259	155294
3	NC_045260	1603732
44	NC_045261	2654225
44	NC_045262	155295
44	NC_045263	1715696
44	NC_045264	155296
44	NC_045265	2654226
44	NC_045266	2654223
44	NC_045267	29744
44	NC_045268	128701
59	NC_045275	110867
253	NC_045276	54456
57	NC_045278	53103
36	NC_045279	53109
55	NC_045286	72351
7	NC_045294	123564
234	NC_045295	191917
234	NC_045296	191891
91	NC_045297	509014
91	NC_045298	20342
180	NC_045299	162940
101	NC_045303	397272
46	NC_045308	106550
46	NC_045309	2675841
46	NC_045310	2675844
46	NC_045311	141003
46	NC_045312	52522
46	NC_045313	52521
46	NC_045314	32219
46	NC_045315	35968
46	NC_045316	52524
46	NC_045317	52529
46	NC_045318	1143211
46	NC_045319	1768849
46	NC_045320	52536
46	NC_045321	141002
46	NC_045323	1898940
46	NC_045325	36614
46	NC_045326	2675837
46	NC_045327	2675839
46	NC_045328	2675838
46	NC_045329	2675840
46	NC_045330	36624
46	NC_045331	140999
46	NC_045332	2675834
46	NC_045333	2675835
46	NC_045334	398295
46	NC_045335	193303
46	NC_045336	23211
46	NC_045337	36622
46	NC_045338	2675831
46	NC_045339	690323
46	NC_045340	690309
46	NC_045341	690318
46	NC_045342	1603823
46	NC_045343	2980405
46	NC_045344	661343
46	NC_045345	1581416
46	NC_045347	1581417
46	NC_045348	2024535
46	NC_045349	590000
46	NC_045350	2675829
46	NC_045351	2675836
46	NC_045352	661344
46	NC_045353	2675832
46	NC_045354	2675833
46	NC_045355	661349
46	NC_045356	690313
46	NC_045357	690320
46	NC_045358	1248458
46	NC_045359	2675830
88	NC_045380	446899
106	NC_045384	39529
88	NC_045385	106464
88	NC_045386	106463
254	NC_045388	72187
46	NC_045389	106549
46	NC_045390	106567
46	NC_045391	36594
46	NC_045392	36604
46	NC_045393	106557
12	NC_045396	1393200
36	NC_045400	53038
36	NC_045402	591961
15	NC_045403	2676863
136	NC_045405	542673
36	NC_045406	2678729
46	NC_045409	2654653
46	NC_045410	106547
46	NC_045411	193308
46	NC_045412	661356
46	NC_045413	2109368
46	NC_045414	1826815
46	NC_045415	36610
46	NC_045416	664754
46	NC_045417	1826816
46	NC_045418	2906878
46	NC_045419	193300
46	NC_045420	36618
46	NC_045421	2305213
46	NC_045422	661346
46	NC_045423	193503
46	NC_045424	3095559
90	NC_045513	138043
234	NC_045514	138033
255	NC_045516	24964
256	NC_045518	34188
79	NC_045519	1035808
85	NC_045527	1895586
79	NC_045534	2494235
46	NC_045840	2704055
196	NC_045842	466243
36	NC_045854	1354200
46	NC_045855	1577577
36	NC_045856	1354203
242	NC_045859	1085434
69	NC_045860	1461639
69	NC_045861	108543
56	NC_045863	71610
57	NC_045865	1202501
62	NC_045868	206227
218	NC_045887	124768
69	NC_045894	279687
69	NC_045895	279663
36	NC_045896	327332
242	NC_045898	179723
35	NC_045907	145669
242	NC_045919	1009479
36	NC_045945	906698
118	NC_045946	37565
186	NC_046015	2609018
35	NC_046017	180981
62	NC_046018	62097
44	NC_046019	119260
257	NC_046022	2681627
135	NC_046038	374729
120	NC_046040	413731
44	NC_046054	86738
18	NC_046065	2706573
179	NC_046396	49801
67	NC_046397	65043
67	NC_046409	41386
77	NC_046414	2714159
80	NC_046415	170924
125	NC_046463	1603698
69	NC_046464	82336
69	NC_046472	152090
69	NC_046473	152088
92	NC_046477	165720
6	NC_046482	2695833
66	NC_046483	99446
125	NC_046486	40007
85	NC_046487	47968
85	NC_046488	2099523
202	NC_046493	1641298
150	NC_046498	81762
8	NC_046503	2709852
92	NC_046507	165201
8	NC_046512	77555
8	NC_046513	77563
8	NC_046514	502135
8	NC_046515	2710671
8	NC_046516	89039
233	NC_046517	1333497
67	NC_046520	532141
55	NC_046571	1027791
111	NC_046574	376207
212	NC_046575	400493
36	NC_046576	707311
56	NC_046582	105379
186	NC_046585	75096
70	NC_046599	1112105
258	NC_046601	1569713
56	NC_046602	136209
56	NC_046685	136216
242	NC_046687	112819
66	NC_046692	1127564
8	NC_046693	76276
54	NC_046699	2547915
74	NC_046700	4013
51	NC_046702	78372
13	NC_046737	48117
42	NC_046739	393623
40	NC_046742	552838
118	NC_046744	2099537
118	NC_046745	2099541
118	NC_046746	1226112
118	NC_046747	2714546
106	NC_046752	152838
80	NC_046755	2714856
130	NC_046758	210369
8	NC_046760	13547
208	NC_046761	426459
80	NC_046770	166115
80	NC_046771	690494
259	NC_046772	2715293
260	NC_046773	44947
46	NC_046777	1826813
114	NC_046781	516069
47	NC_046782	237951
148	NC_046783	100515
62	NC_046785	2291104
8	NC_046787	176602
8	NC_046789	72917
261	NC_046793	42337
262	NC_046796	13363
245	NC_046801	1200765
36	NC_046804	459599
245	NC_046805	1200768
36	NC_046810	431294
36	NC_046811	1294000
36	NC_046812	309526
36	NC_046813	1715879
196	NC_046814	48526
196	NC_046815	459597
36	NC_046816	2598666
36	NC_046817	1035805
245	NC_046818	413035
36	NC_046819	762807
245	NC_046820	59324
245	NC_046821	1499526
67	NC_046822	2715958
42	NC_046824	74652
261	NC_046828	51277
254	NC_046829	71251
8	NC_046830	41648
46	NC_046834	2716537
48	NC_046835	1441374
228	NC_046836	556514
74	NC_046837	255348
160	NC_046841	329875
15	NC_046844	68535
56	NC_046845	97736
47	NC_046847	2575400
176	NC_046852	326831
135	NC_046853	1348741
135	NC_046854	326839
168	NC_046855	210344
6	NC_046857	386184
168	NC_046858	386182
168	NC_046859	383665
6	NC_046861	386150
168	NC_046862	229694
6	NC_046863	386243
6	NC_046864	1054457
168	NC_046865	463179
6	NC_046866	654837
6	NC_046867	1144424
6	NC_046868	1144436
6	NC_046869	386639
41	NC_046870	387129
168	NC_046871	2806871
168	NC_046872	703387
41	NC_046873	386173
168	NC_046874	386154
168	NC_046875	685060
168	NC_046876	386201
13	NC_046879	52462
6	NC_046882	1144464
6	NC_046883	1144448
6	NC_046884	1144454
6	NC_046885	2613913
263	NC_046891	1981893
261	NC_046893	51286
79	NC_046895	1129362
79	NC_046896	2053718
79	NC_046897	1803867
66	NC_046936	63358
66	NC_046937	63360
66	NC_046938	4400
207	NC_046939	3541
80	NC_046947	152138
234	NC_047059	3897
234	NC_047060	191923
62	NC_047175	4068
2	NC_047176	180581
1	NC_047178	33125
17	NC_047180	1968119
17	NC_047181	1968120
264	NC_047183	1566870
265	NC_047201	426939
36	NC_047202	415413
265	NC_047203	683362
36	NC_047204	426898
266	NC_047205	2320126
36	NC_047206	2717847
186	NC_047211	616954
37	NC_047213	512756
109	NC_047215	161272
267	NC_047232	2544936
267	NC_047233	2544934
267	NC_047234	174218
267	NC_047235	258323
17	NC_047236	873451
228	NC_047237	406422
160	NC_047244	4060
2	NC_047245	126910
13	NC_047246	52570
20	NC_047247	49511
56	NC_047248	110723
11	NC_047249	219868
163	NC_047250	1220707
158	NC_047251	339493
261	NC_047252	980009
261	NC_047253	980005
261	NC_047254	51271
261	NC_047255	980024
261	NC_047256	980027
261	NC_047257	980025
261	NC_047258	980010
261	NC_047259	980011
261	NC_047260	2652311
261	NC_047261	980023
261	NC_047262	980028
261	NC_047263	51266
261	NC_047264	980007
261	NC_047265	980018
261	NC_047266	980021
261	NC_047267	980002
261	NC_047268	980003
261	NC_047269	293806
261	NC_047270	980006
261	NC_047272	159689
261	NC_047273	980017
261	NC_047274	980015
261	NC_047275	980026
261	NC_047276	51274
261	NC_047277	980020
261	NC_047278	51267
45	NC_047280	161114
268	NC_047281	66093
268	NC_047282	66096
234	NC_047283	346985
269	NC_047284	396491
13	NC_047287	473995
66	NC_047288	3020272
42	NC_047295	74635
85	NC_047296	134799
116	NC_047297	363217
12	NC_047300	1593301
55	NC_047308	301880
8	NC_047309	118510
270	NC_047310	48131
49	NC_047311	28958
180	NC_047312	162639
41	NC_047313	32256
91	NC_047314	241839
234	NC_047315	199163
234	NC_047316	46664
91	NC_047317	162694
234	NC_047318	247900
234	NC_047319	191919
91	NC_047320	162690
271	NC_047321	54894
91	NC_047322	327148
91	NC_047323	20679
91	NC_047324	2082043
91	NC_047325	301889
180	NC_047326	1237535
91	NC_047327	162646
91	NC_047328	162898
91	NC_047329	162644
90	NC_047330	205059
255	NC_047331	2723573
91	NC_047332	162730
91	NC_047333	2806813
182	NC_047334	32252
180	NC_047335	162878
91	NC_047336	162812
180	NC_047339	2723578
234	NC_047341	225114
90	NC_047342	149693
77	NC_047343	74613
202	NC_047344	1641295
91	NC_047345	162734
180	NC_047346	508915
91	NC_047347	1911670
234	NC_047348	1536788
91	NC_047351	162923
49	NC_047354	1679269
91	NC_047355	1358851
105	NC_047356	32244
91	NC_047357	2723574
91	NC_047358	1911668
180	NC_047359	162883
234	NC_047360	1234621
180	NC_047361	162704
180	NC_047362	323100
49	NC_047363	948959
49	NC_047364	468142
49	NC_047365	43366
234	NC_047366	346951
234	NC_047367	162876
234	NC_047368	72433
268	NC_047369	66094
228	NC_047370	670325
272	NC_047371	140937
180	NC_047373	1608033
234	NC_047374	162772
234	NC_047376	1268648
180	NC_047377	2723577
234	NC_047378	1465380
90	NC_047379	162936
90	NC_047380	191881
158	NC_047381	2184280
174	NC_047382	206309
234	NC_047383	191942
49	NC_047384	56060
91	NC_047385	162836
234	NC_047386	1387641
234	NC_047387	321570
91	NC_047388	162715
9	NC_047389	458340
273	NC_047390	2723576
268	NC_047392	53827
234	NC_047395	149681
91	NC_047396	162669
274	NC_047397	143050
234	NC_047398	3089646
90	NC_047400	948715
275	NC_047401	2723579
49	NC_047402	3816
106	NC_047406	261420
44	NC_047409	86768
32	NC_047412	57577
48	NC_047414	82927
136	NC_047416	265497
44	NC_047417	86771
42	NC_047418	2725675
56	NC_047420	105383
13	NC_047428	642897
36	NC_047432	2726370
36	NC_047433	1189609
276	NC_047437	16752
53	NC_047438	1495201
36	NC_047439	117978
40	NC_047442	88123
185	NC_047443	105885
30	NC_047446	76036
106	NC_047451	267271
106	NC_047452	272140
106	NC_047453	108053
106	NC_047454	317637
277	NC_047458	272863
8	NC_047460	99072
8	NC_047461	133254
200	NC_047468	155022
278	NC_047469	263974
279	NC_047470	339321
148	NC_047472	272846
11	NC_047473	685943
99	NC_047475	34256
225	NC_047476	141317
207	NC_047478	930814
158	NC_047482	903998
280	NC_047484	389109
18	NC_047485	389179
99	NC_047486	41390
90	NC_047594	138017
8	NC_048450	41570
8	NC_048452	50207
44	NC_048453	86754
44	NC_048460	114511
45	NC_048463	161118
126	NC_048464	2719321
42	NC_048474	64942
63	NC_048478	4189
36	NC_048479	436809
36	NC_048480	767544
36	NC_048481	2720715
36	NC_048482	767553
36	NC_048483	767561
36	NC_048484	767564
36	NC_048485	767567
36	NC_048486	767543
106	NC_048492	100532
281	NC_048493	50454
18	NC_048503	126554
18	NC_048504	329231
56	NC_048505	136224
8	NC_048508	2727856
77	NC_048509	74709
8	NC_048510	50193
67	NC_048512	2684401
2	NC_048514	300354
2	NC_048515	304153
282	NC_048522	4477
40	NC_048528	1642855
184	NC_048889	208863
130	NC_048890	210382
6	NC_048891	217619
105	NC_048952	210363
105	NC_048953	35974
44	NC_048954	155299
36	NC_048955	141750
44	NC_048958	2735986
44	NC_048959	2735990
44	NC_048960	2735985
106	NC_048961	16049
49	NC_048966	455371
51	NC_048970	28475
283	NC_048971	78384
51	NC_048972	487139
51	NC_048973	78374
207	NC_048975	482968
44	NC_048978	344096
66	NC_048981	366470
85	NC_048982	300208
163	NC_048983	1220708
44	NC_048992	101471
44	NC_048993	152188
74	NC_048994	210347
66	NC_048995	64109
74	NC_048996	201010
183	NC_048997	54454
233	NC_048998	98587
85	NC_048999	557028
178	NC_049000	211926
207	NC_049005	1170580
56	NC_049006	311405
173	NC_049010	236974
284	NC_049017	4707
69	NC_049018	79001
284	NC_049020	59099
284	NC_049021	1355408
285	NC_049027	2729209
42	NC_049037	478290
42	NC_049038	478332
13	NC_049051	2448746
13	NC_049052	496671
13	NC_049053	2448748
13	NC_049054	496672
13	NC_049055	1553917
13	NC_049056	99510
13	NC_049057	496674
13	NC_049058	2448757
74	NC_049060	298668
74	NC_049061	298670
286	NC_049062	496702
21	NC_049078	86994
271	NC_049080	1071187
271	NC_049081	2741211
271	NC_049082	100170
271	NC_049083	108278
271	NC_049084	1071199
234	NC_049085	483143
136	NC_049086	83951
18	NC_049090	178765
49	NC_049094	1341721
287	NC_049110	271749
288	NC_049112	999555
46	NC_049113	106568
46	NC_049114	2741545
85	NC_049126	1779279
85	NC_049127	47963
125	NC_049130	1799599
74	NC_049131	298664
90	NC_049132	3128859
90	NC_049133	364024
30	NC_049137	655494
30	NC_049138	1313104
30	NC_049139	1312016
30	NC_049140	467326
30	NC_049141	1072386
30	NC_049142	1312015
30	NC_049143	2604358
30	NC_049144	1202985
30	NC_049145	1217313
30	NC_049146	2604359
30	NC_049147	467327
30	NC_049148	1428772
30	NC_049149	1312017
221	NC_049157	179843
289	NC_049158	125022
87	NC_049161	2745203
85	NC_049162	134796
85	NC_049163	168562
85	NC_049164	168564
85	NC_049165	171213
85	NC_049166	2745143
290	NC_049569	2742969
55	NC_049570	2742980
55	NC_049571	2742981
55	NC_049572	637488
1	NC_049575	457778
1	NC_049576	1366939
1	NC_049577	457767
1	NC_049578	359814
1	NC_049579	537117
107	NC_049581	457770
1	NC_049583	586512
171	NC_049584	347880
107	NC_049585	359818
1	NC_049586	126270
23	NC_049587	202778
1	NC_049588	580998
23	NC_049589	359865
1	NC_049590	1248441
107	NC_049591	571374
1	NC_049592	1579394
1	NC_049593	115938
1	NC_049594	486118
1	NC_049596	359822
1	NC_049597	115924
1	NC_049598	115925
1	NC_049599	72658
1	NC_049600	115930
1	NC_049602	278950
1	NC_049603	82356
1	NC_049604	300841
1	NC_049605	416611
1	NC_049606	416612
171	NC_049607	50463
1	NC_049608	71322
107	NC_049609	457792
1	NC_049610	558123
1	NC_049612	97993
1	NC_049613	97989
1	NC_049615	228876
1	NC_049617	82288
1	NC_049618	1400615
1	NC_049620	558138
134	NC_049621	202635
1	NC_049622	358662
1	NC_049623	87302
1	NC_049624	980117
1	NC_049626	763965
1	NC_049627	311941
1	NC_049628	282596
1	NC_049629	95413
1	NC_049630	763963
291	NC_049632	359840
1	NC_049633	161951
1	NC_049634	98002
1	NC_049635	1370069
107	NC_049636	347890
1	NC_049637	536395
1	NC_049638	1137569
1	NC_049639	167684
1	NC_049642	359846
1	NC_049643	302141
1	NC_049646	300830
1	NC_049647	302120
1	NC_049648	97864
143	NC_049649	1398675
1	NC_049651	302114
1	NC_049652	1862636
143	NC_049653	1533111
1	NC_049654	2982282
1	NC_049655	190884
1	NC_049656	359856
1	NC_049657	224274
1	NC_049658	169074
1	NC_049660	153338
1	NC_049661	282600
1	NC_049662	345534
1	NC_049663	153358
1	NC_049664	537172
1	NC_049665	691208
1	NC_049666	544825
1	NC_049667	1520945
1	NC_049668	359859
1	NC_049669	1400624
1	NC_049670	478944
1	NC_049671	313683
1	NC_049672	391730
143	NC_049674	691214
1	NC_049677	1533221
1	NC_049678	85228
1	NC_049679	1400636
1	NC_049680	106785
1	NC_049681	369028
1	NC_049683	98021
1	NC_049686	664034
46	NC_049863	2054446
28	NC_049867	35926
106	NC_049869	100506
106	NC_049870	100505
13	NC_049874	49556
8	NC_049875	2754055
47	NC_049884	665685
185	NC_049885	159372
47	NC_049886	50309
47	NC_049887	50314
47	NC_049888	50323
47	NC_049889	52501
200	NC_049897	2777731
211	NC_049898	648862
56	NC_050035	136220
56	NC_050036	136213
56	NC_050037	136223
56	NC_050038	251764
56	NC_050039	136207
56	NC_050040	136222
8	NC_050043	1080004
8	NC_050046	2039307
17	NC_050048	479794
226	NC_050051	74656
48	NC_050053	268933
30	NC_050054	1046566
75	NC_050055	103745
46	NC_050059	106566
218	NC_050061	2066556
218	NC_050062	384659
218	NC_050063	240005
8	NC_050158	565441
8	NC_050159	171763
53	NC_050162	479676
35	NC_050163	184783
2	NC_050169	418041
44	NC_050171	325546
2	NC_050204	1050191
2	NC_050205	875672
2	NC_050206	2650462
2	NC_050207	80418
2	NC_050208	136614
2	NC_050209	682313
2	NC_050210	875673
44	NC_050211	215544
80	NC_050243	110763
80	NC_050244	690499
80	NC_050245	175050
80	NC_050248	2021928
118	NC_050250	67938
22	NC_050260	3915
69	NC_050268	82313
69	NC_050269	82327
36	NC_050285	2986133
286	NC_050292	203717
186	NC_050296	714495
87	NC_050330	62927
87	NC_050331	1967468
87	NC_050332	2759220
87	NC_050333	459178
292	NC_050345	136111
44	NC_050346	1132458
44	NC_050347	1755846
138	NC_050348	2126358
44	NC_050349	344085
85	NC_050351	1000413
134	NC_050353	2759425
54	NC_050354	1454363
92	NC_050357	165719
30	NC_050358	54804
44	NC_050360	155287
44	NC_050361	155290
44	NC_050362	344083
3	NC_050363	155300
44	NC_050364	344084
44	NC_050365	136122
44	NC_050366	1679282
44	NC_050367	344080
44	NC_050368	943095
3	NC_050369	1679436
44	NC_050370	344110
293	NC_050371	82930
163	NC_050384	1009475
54	NC_050388	542725
54	NC_050389	648848
62	NC_050396	264979
51	NC_050648	227256
74	NC_050650	155640
8	NC_050667	71035
85	NC_050668	1779280
85	NC_050669	1779278
85	NC_050670	99155
85	NC_050671	291221
85	NC_050672	392739
85	NC_050673	369786
85	NC_050674	57650
34	NC_050678	644748
294	NC_050684	125041
36	NC_050687	141728
55	NC_050690	159697
126	NC_050741	1190427
95	NC_050744	1579233
2	NC_050782	323115
139	NC_050783	1030363
1	NC_050784	253187
1	NC_050785	537123
1	NC_050786	253198
1	NC_050787	253202
1	NC_050788	253200
1	NC_050789	663977
1	NC_050790	359831
1	NC_050791	368994
1	NC_050792	763959
1	NC_050793	97998
1	NC_050794	359838
1	NC_050795	763973
1	NC_050798	369009
1	NC_050799	253199
1	NC_050800	664031
1	NC_050801	763984
1	NC_050802	359883
1	NC_050803	369039
1	NC_050804	369042
1	NC_050805	359888
1	NC_050806	253186
1	NC_050807	375369
1	NC_050808	2182743
1	NC_050809	375370
1	NC_050810	375374
1	NC_050811	744024
1	NC_050812	375375
1	NC_050813	359836
1	NC_050814	375376
1	NC_050815	375377
1	NC_050816	375378
1	NC_050817	264434
1	NC_050818	375379
1	NC_050819	369044
1	NC_050820	491287
1	NC_050821	594556
1	NC_050822	375382
1	NC_050823	359892
1	NC_050824	744030
1	NC_050825	664068
1	NC_050826	537194
1	NC_050827	234454
1	NC_050828	358676
295	NC_050829	355332
36	NC_050830	160534
47	NC_050832	2291122
81	NC_050833	58944
108	NC_050847	142181
80	NC_050848	1044918
296	NC_050853	54806
36	NC_050858	141721
36	NC_050859	861273
158	NC_050861	747378
36	NC_050865	2771939
36	NC_050866	120015
36	NC_050867	309530
36	NC_050868	1541233
36	NC_050869	1541226
36	NC_050870	53071
36	NC_050871	53094
99	NC_050895	268902
99	NC_050896	587675
99	NC_050897	1520033
99	NC_050898	268918
99	NC_050899	2263212
99	NC_050900	38869
99	NC_050901	180675
99	NC_050902	268885
99	NC_050903	342062
297	NC_050917	171296
119	NC_050919	1920719
170	NC_050920	441205
298	NC_050922	339271
298	NC_050923	2773786
70	NC_050925	1603842
106	NC_050926	82207
17	NC_050927	463880
30	NC_050928	174650
99	NC_050929	424424
42	NC_050931	210861
213	NC_050934	1732552
42	NC_050935	637904
42	NC_050936	1570123
247	NC_050937	184572
15	NC_050939	171251
94	NC_050941	486677
99	NC_050943	516070
135	NC_050944	2774153
56	NC_050946	105373
189	NC_050948	237881
49	NC_050951	3824
40	NC_050959	3758
21	NC_050962	981065
261	NC_050965	51269
42	NC_050966	2774609
42	NC_050967	2774627
133	NC_050970	2771272
8	NC_050977	2739505
44	NC_050980	85854
19	NC_050985	22294
19	NC_050986	3420
36	NC_050990	112613
67	NC_050991	413484
87	NC_050998	40711
125	NC_050999	40000
125	NC_051000	130508
18	NC_051493	205695
168	NC_051498	184140
8	NC_051500	171880
8	NC_051501	41633
52	NC_051503	701338
213	NC_051504	1486345
35	NC_051507	113250
106	NC_051508	235913
35	NC_051509	348465
44	NC_051512	2776144
47	NC_051520	57009
47	NC_051521	57203
297	NC_051524	223878
17	NC_051532	309429
170	NC_051533	2777457
1	NC_051540	153459
51	NC_051541	228806
85	NC_051542	1603687
42	NC_051543	267264
99	NC_051544	39347
299	NC_051546	141545
42	NC_051550	117261
162	NC_051553	2777184
136	NC_051556	265496
54	NC_051559	479408
300	NC_051870	1366160
51	NC_051871	487117
51	NC_051872	228855
51	NC_051873	487142
51	NC_051874	487143
118	NC_051878	1056460
92	NC_051879	165707
92	NC_051880	165711
92	NC_051881	64481
92	NC_051887	165712
92	NC_051888	165705
13	NC_051890	54703
183	NC_051893	29761
40	NC_051894	2762727
44	NC_051895	1679287
44	NC_051896	1358781
44	NC_051897	126737
44	NC_051898	2762684
44	NC_051899	2762685
44	NC_051900	1358782
44	NC_051901	1679288
44	NC_051902	1358783
44	NC_051903	1345223
44	NC_051904	1619366
44	NC_051905	2762686
44	NC_051906	1345225
44	NC_051907	1358790
44	NC_051908	1312777
44	NC_051909	1358792
44	NC_051910	128618
44	NC_051911	1118771
44	NC_051912	2762688
44	NC_051913	128693
44	NC_051914	3076337
44	NC_051915	2762698
44	NC_051916	2762699
44	NC_051917	1358789
301	NC_051918	1129466
8	NC_051919	43206
8	NC_051920	381722
8	NC_051921	381721
8	NC_051922	159709
8	NC_051923	381720
8	NC_051924	2913491
8	NC_051925	122535
8	NC_051926	396809
62	NC_051946	2606425
46	NC_051947	1826795
302	NC_051949	50236
51	NC_051952	227244
180	NC_051954	162759
85	NC_051955	171881
85	NC_051956	169053
85	NC_051957	4023
85	NC_051958	171216
85	NC_051959	4025
85	NC_051960	4024
303	NC_051961	171218
114	NC_051966	694369
12	NC_051969	1508161
130	NC_051971	212256
304	NC_051972	170921
8	NC_051973	996393
228	NC_051982	1048768
199	NC_051986	80774
199	NC_051987	61241
199	NC_051988	61243
191	NC_051991	265245
52	NC_051992	714505
70	NC_051997	1679342
305	NC_052006	544656
305	NC_052007	2763562
69	NC_052014	2173064
67	NC_052696	204211
69	NC_052697	1218737
15	NC_052700	43711
36	NC_052702	299270
15	NC_052718	237574
15	NC_052719	43166
106	NC_052724	231486
36	NC_052727	1354202
11	NC_052728	334483
11	NC_052729	109355
16	NC_052730	872014
36	NC_052739	1700958
36	NC_052740	907957
35	NC_052741	72645
233	NC_052745	216479
211	NC_052747	526193
306	NC_052748	886264
54	NC_052752	296050
307	NC_052768	66652
18	NC_052770	490842
69	NC_052786	85373
69	NC_052787	1220503
69	NC_052788	525528
69	NC_052789	82324
69	NC_052790	82328
69	NC_052791	82329
69	NC_052792	82330
118	NC_052830	354523
8	NC_052846	137893
47	NC_052849	46385
108	NC_052855	69462
108	NC_052856	1040644
108	NC_052857	690718
108	NC_052858	1767139
108	NC_052859	1040645
108	NC_052860	1853235
108	NC_052861	223762
51	NC_052862	199223
59	NC_052863	1043453
8	NC_052864	186957
11	NC_052867	219892
8	NC_052868	2762161
308	NC_052869	192831
308	NC_052870	413235
309	NC_052872	192827
62	NC_052877	1165891
42	NC_052882	57928
55	NC_052884	217474
9	NC_052910	157659
295	NC_052911	1571642
295	NC_052912	690795
44	NC_052917	1358797
8	NC_052918	1196477
95	NC_052919	316493
70	NC_052922	210332
310	NC_052923	1234497
145	NC_053251	207834
303	NC_053258	2684904
30	NC_053260	1202986
30	NC_053261	661978
30	NC_053262	467328
30	NC_053263	1202987
30	NC_053264	574894
30	NC_053265	1312018
30	NC_053266	1312019
30	NC_053267	1312020
36	NC_053268	160532
10	NC_053279	2770828
10	NC_053280	2770808
10	NC_053281	2770829
10	NC_053282	2770830
10	NC_053283	2770831
10	NC_053284	2770832
10	NC_053285	2770833
10	NC_053286	99452
10	NC_053287	2770835
10	NC_053288	2770836
10	NC_053289	2770837
10	NC_053290	2770838
10	NC_053291	2770822
10	NC_053292	2770823
10	NC_053293	99448
10	NC_053294	2770825
10	NC_053295	2770826
10	NC_053296	2770807
10	NC_053297	2770827
10	NC_053298	2770839
10	NC_053299	1048901
10	NC_053300	684020
189	NC_053302	697065
189	NC_053303	197922
133	NC_053304	159422
188	NC_053305	340638
189	NC_053306	1052166
133	NC_053307	2771271
189	NC_053309	197925
189	NC_053310	159429
189	NC_053311	380067
189	NC_053312	231185
133	NC_053313	197931
188	NC_053314	237893
189	NC_053315	343977
189	NC_053316	343974
301	NC_053317	159430
8	NC_053322	147812
200	NC_053323	39993
200	NC_053324	3956
125	NC_053325	596822
11	NC_053326	164936
11	NC_053327	260142
200	NC_053328	507410
200	NC_053329	507437
1	NC_053330	2771259
1	NC_053331	2259843
1	NC_053332	2771260
1	NC_053333	2771261
1	NC_053334	2771262
1	NC_053335	2771263
1	NC_053336	2259845
1	NC_053337	2771264
1	NC_053338	2259847
1	NC_053339	2259848
1	NC_053340	2259849
1	NC_053341	2771265
1	NC_053342	2259850
1	NC_053343	2571312
1	NC_053344	2771266
1	NC_053345	2771267
1	NC_053346	2771268
1	NC_053347	2771269
1	NC_053348	2771270
1	NC_053349	2764686
106	NC_053356	214526
35	NC_053365	14027
306	NC_053372	1208400
99	NC_053373	1208407
99	NC_053374	476459
99	NC_053375	424418
99	NC_053376	342063
99	NC_053377	587677
99	NC_053378	2263206
306	NC_053379	476454
99	NC_053380	2777458
99	NC_053381	1150289
99	NC_053382	2777459
311	NC_053387	415762
8	NC_053388	186951
312	NC_053524	1522775
311	NC_053525	264972
64	NC_053535	1615733
41	NC_053537	555433
54	NC_053541	542727
57	NC_053544	53083
100	NC_053545	722799
12	NC_053549	1413702
42	NC_053550	396743
57	NC_053551	1088836
36	NC_053552	752253
36	NC_053553	160530
217	NC_053554	40689
79	NC_053555	470571
162	NC_053563	227901
69	NC_053564	109808
18	NC_053565	424905
15	NC_053572	2709
15	NC_053573	2709
111	NC_053574	2778913
80	NC_053576	272090
80	NC_053577	272088
80	NC_053578	1648219
80	NC_053580	370663
80	NC_053581	1044923
80	NC_053584	486446
80	NC_053585	159014
80	NC_053591	1271606
80	NC_053592	175046
80	NC_053593	2763000
80	NC_053594	175097
80	NC_053596	175057
80	NC_053599	2763002
80	NC_053600	175070
80	NC_053601	175101
80	NC_053602	175068
80	NC_053603	175096
80	NC_053604	170923
80	NC_053605	170920
80	NC_053606	690488
80	NC_053607	184996
69	NC_053609	2742986
54	NC_053610	191082
47	NC_053618	904034
16	NC_053619	362713
67	NC_053620	201510
54	NC_053622	542761
109	NC_053626	268494
55	NC_053639	217471
11	NC_053640	334460
13	NC_053641	2806829
44	NC_053643	85855
130	NC_053654	1008907
56	NC_053656	336856
106	NC_053687	100525
46	NC_053688	1881092
40	NC_053689	1813458
15	NC_053690	159041
170	NC_053691	39388
40	NC_053693	140662
40	NC_053694	2854737
42	NC_053696	1045296
133	NC_053697	159428
100	NC_053698	176265
85	NC_053699	151071
261	NC_053700	185191
40	NC_053703	97319
8	NC_053705	414033
99	NC_053706	39271
99	NC_053707	2849020
306	NC_053708	587669
5	NC_053713	2557522
8	NC_053725	416131
8	NC_053726	324586
8	NC_053727	196703
15	NC_053733	76966
46	NC_053735	106558
59	NC_053736	213255
44	NC_053737	86758
109	NC_053741	161262
313	NC_053746	2781105
281	NC_053754	571362
314	NC_053762	1234228
313	NC_053764	118357
42	NC_053765	32229
8	NC_053767	516546
92	NC_053769	2781649
135	NC_053771	1017257
118	NC_053775	1752150
118	NC_053777	2292708
290	NC_053780	419289
290	NC_053781	2650408
290	NC_053782	373122
290	NC_053783	34254
106	NC_053784	203835
315	NC_053785	108868
316	NC_053791	321415
67	NC_053792	374723
74	NC_053824	298665
114	NC_053828	694358
85	NC_053829	171884
1	NC_053830	153343
317	NC_053832	100580
317	NC_053833	665979
317	NC_053834	66385
317	NC_053835	1045344
317	NC_053836	182105
317	NC_053837	100541
317	NC_053838	309312
318	NC_053844	34182
102	NC_053845	2599109
165	NC_053849	3743
16	NC_053850	221251
8	NC_053851	82755
42	NC_053856	1608489
44	NC_053860	86755
44	NC_053861	13612
44	NC_053862	573530
44	NC_053863	2779941
136	NC_053866	71605
35	NC_053892	681286
228	NC_053893	587866
228	NC_053894	2783717
317	NC_053895	309270
54	NC_053896	147913
116	NC_053899	168121
160	NC_053902	377125
11	NC_053907	219895
42	NC_053909	2783860
319	NC_053910	1530311
319	NC_053911	1530314
319	NC_053912	217757
319	NC_053913	1530320
319	NC_053914	325761
54	NC_053915	319927
74	NC_053916	690244
200	NC_053924	1799636
285	NC_053932	177062
17	NC_053933	714510
13	NC_053938	386280
314	NC_054151	266089
46	NC_054155	416285
8	NC_054161	50192
135	NC_054175	405732
9	NC_054176	157652
36	NC_054177	1541221
40	NC_054178	190009
196	NC_054181	161866
69	NC_054182	1220501
217	NC_054183	1345077
180	NC_054185	347003
2	NC_054186	2785320
44	NC_054188	86766
242	NC_054193	2785437
114	NC_054194	199175
12	NC_054198	2785973
116	NC_054200	167981
312	NC_054213	2896795
35	NC_054217	1056956
208	NC_054218	262211
13	NC_054219	357850
158	NC_054220	47651
145	NC_054222	1053410
26	NC_054224	4123
106	NC_054234	231032
52	NC_054238	1055022
40	NC_054252	2789311
40	NC_054253	151431
40	NC_054254	151433
185	NC_054265	180065
130	NC_054266	1045333
134	NC_054276	190802
173	NC_054282	236975
320	NC_054283	1839802
321	NC_054286	1085519
59	NC_054287	2790325
48	NC_054294	568210
69	NC_054295	101652
13	NC_054296	165504
13	NC_054297	2666434
322	NC_054308	328098
173	NC_054309	236976
22	NC_054310	35936
8	NC_054328	2792291
51	NC_054336	714477
74	NC_054342	269719
62	NC_054347	1868792
94	NC_054349	643838
94	NC_054350	638626
36	NC_054353	2761820
49	NC_054355	1603689
33	NC_054357	173276
135	NC_054358	1032936
13	NC_054360	496675
54	NC_054364	1889603
54	NC_054365	147930
286	NC_056096	3054486
47	NC_056104	1127660
47	NC_056112	237939
123	NC_056113	2794245
8	NC_056135	418267
268	NC_056137	66097
136	NC_056142	79772
44	NC_056145	126643
54	NC_056149	542753
55	NC_056150	147003
303	NC_056164	355903
36	NC_056165	1921744
8	NC_056169	1205734
81	NC_056172	148544
81	NC_056173	34213
81	NC_056174	585816
81	NC_056175	198816
81	NC_056176	198817
81	NC_056177	585818
81	NC_056178	381595
81	NC_056179	82213
81	NC_056180	928059
81	NC_056181	198823
81	NC_056182	198825
81	NC_056183	198829
323	NC_056184	244039
73	NC_056190	192263
66	NC_056191	489520
245	NC_056192	230577
36	NC_056197	38195
225	NC_056198	1082503
303	NC_056202	134795
303	NC_056203	873086
303	NC_056205	66207
303	NC_056206	66208
303	NC_056207	66209
303	NC_056208	57651
303	NC_056209	66210
303	NC_056210	1008897
303	NC_056211	2499985
303	NC_056212	291206
303	NC_056213	290838
303	NC_056214	47966
303	NC_056215	134797
303	NC_056216	171212
303	NC_056217	66211
303	NC_056218	168566
303	NC_056219	379323
303	NC_056220	1008898
303	NC_056221	168567
303	NC_056222	873090
303	NC_056223	168568
303	NC_056224	66214
303	NC_056225	349748
303	NC_056226	1779284
303	NC_056227	66215
303	NC_056228	75745
303	NC_056229	290839
303	NC_056230	886263
303	NC_056231	2291095
303	NC_056232	934069
303	NC_056233	57653
18	NC_056242	126436
18	NC_056244	310424
18	NC_056245	205689
87	NC_056247	2771584
12	NC_056250	2795219
12	NC_056251	77061
12	NC_056252	285592
12	NC_056253	75711
207	NC_056254	2794930
207	NC_056255	2794931
207	NC_056256	2259726
40	NC_056266	552830
202	NC_056268	218100
317	NC_056286	709060
186	NC_056289	714648
106	NC_056294	317635
17	NC_056295	210328
26	NC_056300	89636
8	NC_056301	72945
135	NC_056312	2753879
2	NC_056313	2753881
118	NC_056315	2753884
59	NC_056316	2753877
74	NC_056318	2753878
321	NC_056319	2306254
321	NC_056322	2753870
51	NC_056328	2544932
324	NC_056329	175755
80	NC_056335	2037948
178	NC_056337	752527
178	NC_056338	1938959
227	NC_056339	1620947
227	NC_056340	2749921
6	NC_056352	102211
80	NC_056361	931088
40	NC_056362	1642861
80	NC_056372	2724134
196	NC_056376	167572
8	NC_056380	1400687
39	NC_056382	345237
37	NC_056383	3905
130	NC_056387	1008934
48	NC_056393	516067
44	NC_056770	85856
186	NC_056798	616968
226	NC_056804	176132
226	NC_056805	176134
44	NC_056809	1053111
44	NC_056810	1312037
44	NC_056811	943094
44	NC_056812	2606805
44	NC_056813	2606807
44	NC_056814	344078
44	NC_056815	344079
44	NC_056816	2291135
44	NC_056817	2606808
4	NC_056818	349245
4	NC_056819	419115
4	NC_056820	419117
4	NC_056821	349244
4	NC_056822	419119
4	NC_056823	419120
4	NC_056824	419123
4	NC_056825	419124
56	NC_056826	574486
56	NC_056827	320368
56	NC_056828	574488
56	NC_056829	865864
56	NC_056830	574491
56	NC_056831	574493
56	NC_056832	574494
56	NC_056833	320322
56	NC_056834	574500
46	NC_056885	106546
163	NC_056905	1867932
36	NC_056912	53090
106	NC_056913	573510
207	NC_056914	1535311
306	NC_056915	662940
186	NC_056916	1521119
44	NC_056917	460776
8	NC_056924	186965
42	NC_056926	1429983
186	NC_056929	59492
186	NC_056930	59495
186	NC_056931	75113
186	NC_056932	1603829
186	NC_056933	2743669
186	NC_056934	2761761
186	NC_056935	421244
186	NC_056936	421251
186	NC_056937	1813504
186	NC_056938	2761762
186	NC_056939	421246
186	NC_056940	616972
186	NC_056941	1521120
186	NC_056942	190223
186	NC_056943	75072
186	NC_056944	2761760
186	NC_056945	1521122
186	NC_056946	421253
186	NC_056947	1813505
325	NC_056948	45164
8	NC_056949	2547412
11	NC_056951	1711277
30	NC_056952	487998
4	NC_056953	419125
8	NC_056964	189220
186	NC_056965	59502
295	NC_056968	2801065
295	NC_056969	174557
295	NC_056970	690825
295	NC_056971	174534
326	NC_056973	43879
202	NC_056974	3064095
2	NC_056976	118693
2	NC_056977	4089
2	NC_056978	200320
2	NC_056979	4090
2	NC_056980	118710
2	NC_056981	76336
30	NC_056984	85476
94	NC_056986	447675
8	NC_056987	69405
64	NC_056989	1054083
327	NC_056993	13525
99	NC_056994	587661
136	NC_056995	185774
47	NC_056999	2801951
185	NC_057000	52835
8	NC_057001	254927
269	NC_057003	29747
328	NC_057049	571348
242	NC_057050	1603848
211	NC_057051	316732
8	NC_057061	1798790
44	NC_057069	192326
16	NC_057076	292385
44	NC_057082	460770
46	NC_057086	510735
17	NC_057087	3498
321	NC_057091	52822
69	NC_057098	108051
195	NC_057105	2803976
195	NC_057106	761861
8	NC_057107	2803980
8	NC_057108	520761
59	NC_057115	587401
13	NC_057128	357854
13	NC_057129	357860
13	NC_057130	52491
13	NC_057131	357849
13	NC_057132	357846
13	NC_057133	357853
13	NC_057134	496664
13	NC_057135	357857
13	NC_057136	1202429
13	NC_057137	357856
13	NC_057138	265822
13	NC_057139	357845
13	NC_057140	357858
13	NC_057141	357855
186	NC_057144	75085
49	NC_057145	206307
47	NC_057163	237933
329	NC_057164	82257
47	NC_057165	43073
10	NC_057171	2804998
10	NC_057172	2732723
10	NC_057173	2804999
10	NC_057174	2805000
10	NC_057175	2805001
10	NC_057176	2805002
10	NC_057177	2805003
10	NC_057178	2805004
10	NC_057179	2805005
10	NC_057180	2805006
10	NC_057181	2805007
10	NC_057182	2805008
44	NC_057187	64575
13	NC_057188	1271632
43	NC_057190	434735
306	NC_057196	204144
55	NC_057202	146996
55	NC_057203	147002
8	NC_057205	927783
8	NC_057206	130285
44	NC_057217	1532343
106	NC_057220	1618031
13	NC_057228	496697
183	NC_057229	1076141
67	NC_057235	361442
42	NC_057236	237596
48	NC_057238	168488
2	NC_057245	45839
18	NC_057246	528268
113	NC_057253	55444
106	NC_057254	573517
99	NC_057255	1052904
8	NC_057258	313552
91	NC_057262	543392
138	NC_057265	133441
138	NC_057266	124781
330	NC_057267	1489963
228	NC_057275	858910
49	NC_057276	53833
331	NC_057277	2461305
49	NC_057279	3926
280	NC_057283	662933
99	NC_057284	587671
317	NC_057287	1955528
12	NC_057289	2291161
74	NC_057290	384650
74	NC_057291	2762383
74	NC_057292	171944
17	NC_057293	681501
44	NC_057297	86721
44	NC_057298	86762
44	NC_057299	85871
174	NC_057307	1231846
317	NC_057308	3490
332	NC_057309	566045
333	NC_057310	145231
57	NC_057311	244035
62	NC_057432	755258
46	NC_057434	32248
30	NC_057435	83819
55	NC_057440	463589
13	NC_057441	691185
49	NC_057443	1457503
22	NC_057444	271794
228	NC_057445	185705
49	NC_057446	2810186
331	NC_057447	1888364
331	NC_057448	2810187
331	NC_057449	1993611
334	NC_057450	49817
228	NC_057452	2044327
331	NC_057454	471941
228	NC_057455	53893
49	NC_057456	62119
334	NC_057457	3891
271	NC_057459	114995
158	NC_057460	200947
10	NC_057461	73310
10	NC_057462	73298
13	NC_057463	2810618
8	NC_057464	130296
233	NC_057465	106626
315	NC_057481	2291152
95	NC_057486	316487
263	NC_057494	55483
160	NC_057496	157934
11	NC_057499	2773787
18	NC_057502	653727
30	NC_057504	174652
315	NC_057506	1616486
99	NC_057508	1699510
99	NC_057509	39296
335	NC_057521	428255
316	NC_057523	2812889
100	NC_057526	169218
303	NC_057529	291223
12	NC_057535	1382415
329	NC_057554	146467
6	NC_057560	3656
4	NC_057562	210225
4	NC_057564	419122
4	NC_057565	126639
4	NC_057566	288675
4	NC_057567	4419
4	NC_057568	247974
128	NC_057576	1234383
329	NC_057577	82225
13	NC_057586	1331743
46	NC_057587	709982
109	NC_057592	161269
21	NC_057593	114476
35	NC_057594	115525
35	NC_057595	561305
22	NC_057597	115715
334	NC_057598	132429
186	NC_057600	1813497
129	NC_057601	2291175
35	NC_057602	157786
35	NC_057603	115466
44	NC_057605	943087
36	NC_057607	1470427
202	NC_057610	390502
56	NC_057615	136225
36	NC_057616	160526
44	NC_057619	460780
186	NC_057620	1813488
8	NC_057621	446849
8	NC_057622	186970
53	NC_057623	586111
186	NC_057624	2814614
186	NC_057625	2814615
186	NC_057626	2814610
186	NC_057627	2814616
186	NC_057628	2814612
186	NC_057629	2814617
186	NC_057630	2814611
186	NC_057631	2814613
173	NC_057633	2815227
191	NC_057637	184983
313	NC_057644	2798769
118	NC_057647	354507
95	NC_057663	591100
136	NC_057678	443373
99	NC_057679	4142
13	NC_057953	1792663
237	NC_057955	4326
54	NC_057956	147911
54	NC_057957	147912
54	NC_057958	2056232
135	NC_057961	871918
36	NC_057974	1190700
336	NC_057984	3054898
336	NC_057985	254027
225	NC_057986	2816899
36	NC_057987	934700
228	NC_057988	714511
173	NC_057989	236973
18	NC_057990	178762
139	NC_057991	860750
8	NC_057993	189211
306	NC_057994	167917
12	NC_058001	2768116
233	NC_058006	316893
55	NC_058010	1205801
108	NC_058012	2219189
108	NC_058013	2203444
69	NC_058199	1843188
233	NC_058203	318062
36	NC_058206	53125
265	NC_058207	315274
36	NC_058208	451014
36	NC_058209	53107
36	NC_058210	53098
245	NC_058211	296650
36	NC_058212	451016
173	NC_058222	363523
8	NC_058225	130281
106	NC_058226	2810384
106	NC_058227	261427
313	NC_058233	174249
337	NC_058237	1670841
337	NC_058238	2830725
337	NC_058239	1198337
337	NC_058240	2830726
46	NC_058241	2834524
310	NC_058245	144149
114	NC_058246	516545
326	NC_058247	673035
213	NC_058248	1732551
160	NC_058252	2834332
54	NC_058253	2830874
54	NC_058254	2830873
80	NC_058256	370647
80	NC_058257	2834326
80	NC_058258	2834331
80	NC_058259	2834327
80	NC_058260	2834324
80	NC_058261	690509
80	NC_058262	2834325
80	NC_058263	1044913
224	NC_058266	81733
47	NC_058267	2800577
44	NC_058268	81865
44	NC_058269	3407
44	NC_058270	1172173
44	NC_058271	86747
44	NC_058272	86748
8	NC_058273	714451
8	NC_058276	2834869
12	NC_058277	153471
12	NC_058278	266768
12	NC_058279	3693
42	NC_058280	539895
166	NC_058287	239695
284	NC_058294	49672
284	NC_058296	34186
284	NC_058297	1633990
284	NC_058298	1126413
338	NC_058300	254980
49	NC_058305	3813
36	NC_058307	1432737
79	NC_058311	2056509
2	NC_058315	180580
331	NC_058316	2614457
123	NC_058318	16907
30	NC_058319	46789
67	NC_058321	536986
67	NC_058322	2588548
67	NC_058323	536997
67	NC_058324	2835937
67	NC_058325	167920
114	NC_058326	1368223
99	NC_058327	751784
114	NC_058328	662900
114	NC_058329	457135
114	NC_058330	1368226
114	NC_058331	1737573
306	NC_058332	41381
114	NC_058333	694355
67	NC_058334	2835933
67	NC_058335	664368
99	NC_058336	2835938
245	NC_058525	145947
107	NC_058526	2039585
36	NC_058531	1097178
227	NC_058532	608807
48	NC_058533	536985
44	NC_058549	13606
44	NC_058550	86753
44	NC_058551	2872307
106	NC_058552	1263484
106	NC_058553	261429
106	NC_058554	261419
106	NC_058555	858346
106	NC_058556	2855384
106	NC_058557	49731
106	NC_058558	34195
106	NC_058559	261412
106	NC_058560	100526
106	NC_058561	1263486
106	NC_058562	557558
106	NC_058563	45371
106	NC_058564	1263488
106	NC_058565	261421
106	NC_058566	261422
106	NC_058567	2259080
106	NC_058568	2259081
106	NC_058569	261403
130	NC_058570	2872360
80	NC_058572	2829159
109	NC_058573	161264
8	NC_058574	1196495
306	NC_058575	662921
34	NC_058576	35871
34	NC_058577	669840
94	NC_058578	486666
64	NC_058579	1433308
6	NC_058581	252528
6	NC_058582	260672
6	NC_058583	37645
26	NC_058590	439689
114	NC_058592	587664
269	NC_058595	109864
114	NC_058605	2873315
8	NC_058613	75952
8	NC_058614	381730
339	NC_058615	283125
317	NC_058617	66386
36	NC_058618	179355
122	NC_058619	146502
130	NC_058624	1008906
54	NC_058625	1573160
130	NC_058626	2873782
35	NC_058633	169980
35	NC_058634	341989
8	NC_058645	415160
54	NC_058646	147924
202	NC_058649	210416
36	NC_058650	309527
44	NC_058689	1440069
44	NC_058690	1679399
125	NC_058699	2293672
74	NC_058700	1008927
44	NC_058706	325533
44	NC_058707	325534
44	NC_058708	2049520
44	NC_058709	2830825
44	NC_058710	2821792
44	NC_058711	2871784
44	NC_058712	2871785
44	NC_058713	460774
44	NC_058714	325539
44	NC_058715	1053125
44	NC_058716	1043460
44	NC_058717	136126
44	NC_058718	943097
44	NC_058719	2821793
44	NC_058720	1679399
44	NC_058721	325542
44	NC_058722	1043461
44	NC_058723	2871786
44	NC_058724	2746698
44	NC_058725	2871787
44	NC_058726	2871788
44	NC_058727	128687
44	NC_058728	2871789
44	NC_058729	325544
44	NC_058730	460787
44	NC_058731	2871790
94	NC_058732	2875971
340	NC_058735	1348128
59	NC_058736	276775
44	NC_058739	366669
44	NC_058740	366670
51	NC_058756	199222
44	NC_058758	2876856
53	NC_058759	2876857
135	NC_058762	2818324
33	NC_058775	257425
146	NC_058776	2872187
152	NC_058779	50994
34	NC_058794	319741
34	NC_058795	669838
10	NC_058796	73277
10	NC_058797	140109
10	NC_058798	73312
164	NC_058799	586382
42	NC_058802	674467
42	NC_058803	538576
42	NC_058804	101010
42	NC_058805	538577
42	NC_058806	64941
42	NC_058807	60188
135	NC_058809	2873722
135	NC_058810	2762674
135	NC_058811	1523614
135	NC_058812	656700
135	NC_058813	656699
135	NC_058815	1130759
135	NC_058816	656694
135	NC_058818	2058278
135	NC_058819	2058280
135	NC_058820	2873721
36	NC_058822	3020928
69	NC_058823	714492
8	NC_058824	2211417
310	NC_058825	2859862
44	NC_058827	317035
44	NC_058828	460781
44	NC_058829	1981914
36	NC_058832	2878101
36	NC_058833	78825
36	NC_058834	53093
162	NC_058836	2805421
162	NC_058837	1618144
162	NC_058838	2805422
162	NC_058839	2803363
162	NC_058840	2138336
162	NC_058841	2805425
162	NC_058842	2805424
162	NC_058843	2805423
164	NC_058845	559336
12	NC_058847	2754729
99	NC_058851	2263209
99	NC_058852	587672
54	NC_058853	542723
54	NC_058854	2857521
164	NC_058855	544668
162	NC_058868	70887
341	NC_058869	350433
286	NC_058871	3143517
123	NC_058872	1679258
342	NC_058873	173670
342	NC_058874	16901
54	NC_058879	544492
54	NC_058880	452973
54	NC_058881	479407
280	NC_058882	2182725
28	NC_058889	167473
28	NC_058890	361614
28	NC_058891	361618
343	NC_058892	137693
46	NC_058896	2741994
233	NC_058897	273621
44	NC_058900	86765
44	NC_058901	86764
44	NC_058902	86759
44	NC_058903	86756
106	NC_058905	1280243
261	NC_058915	51276
54	NC_058924	1840594
56	NC_058925	214685
56	NC_058926	4639
56	NC_058927	228181
56	NC_058928	1230170
56	NC_058929	574498
36	NC_058930	94325
56	NC_058931	574497
56	NC_058932	52706
56	NC_058933	648046
56	NC_058934	574496
56	NC_058935	2546564
56	NC_058936	574495
56	NC_058937	349353
56	NC_058938	2879105
56	NC_058939	591794
56	NC_058940	228179
56	NC_058941	865863
56	NC_058942	2546563
56	NC_058943	482409
56	NC_058944	2546562
56	NC_058945	2563115
56	NC_058946	574484
333	NC_058947	482298
56	NC_058948	574483
56	NC_058949	627590
56	NC_058950	1765309
56	NC_058951	574478
56	NC_058952	648045
56	NC_058953	192045
56	NC_058954	133197
56	NC_058955	574480
56	NC_058956	213591
56	NC_058957	574479
56	NC_058958	1765313
226	NC_058959	1068670
226	NC_058960	176125
125	NC_058962	2880676
344	NC_058983	489532
12	NC_058984	2182728
12	NC_058986	1413699
102	NC_058987	185713
345	NC_058989	38846
69	NC_058994	78999
118	NC_058995	2306269
118	NC_058996	1056469
44	NC_058997	86735
15	NC_058999	416196
85	NC_059000	43861
120	NC_059001	1367312
85	NC_059004	1357590
11	NC_059005	2871446
163	NC_059006	212238
59	NC_059021	13345
40	NC_059022	2783863
40	NC_059023	928658
40	NC_059024	2783864
40	NC_059025	2576276
40	NC_059026	983205
40	NC_059027	140651
343	NC_059029	580468
343	NC_059030	137681
343	NC_059031	1134479
343	NC_059032	1134487
11	NC_059040	2884848
11	NC_059041	183809
11	NC_059042	1711133
11	NC_059043	1711173
11	NC_059044	2884841
11	NC_059045	1711211
11	NC_059046	1226037
11	NC_059047	2884842
11	NC_059048	2884843
11	NC_059049	1711365
11	NC_059050	648813
11	NC_059051	2660570
11	NC_059052	183848
11	NC_059053	795992
11	NC_059054	2884844
11	NC_059055	1711585
11	NC_059056	2884845
11	NC_059057	2884846
11	NC_059058	1955439
11	NC_059059	2884847
46	NC_059101	144562
329	NC_059569	152471
329	NC_059685	679627
329	NC_059686	2762052
329	NC_059687	146439
329	NC_059688	634078
264	NC_059691	2817436
264	NC_059692	66380
245	NC_059695	1715882
245	NC_059696	1499529
44	NC_059697	128655
144	NC_059715	50506
99	NC_059718	2763342
94	NC_059719	447676
123	NC_059720	367337
346	NC_059723	378239
91	NC_059743	2818403
91	NC_059744	1899098
91	NC_059745	2818402
91	NC_059746	2818401
347	NC_059748	357929
41	NC_059766	79760
8	NC_059768	1041103
8	NC_059769	268104
67	NC_059786	2801067
348	NC_059787	1009339
36	NC_059788	53106
29	NC_059798	1318717
29	NC_059799	1318718
343	NC_059800	488216
15	NC_059803	85681
207	NC_059818	2495568
53	NC_059849	586110
16	NC_059863	710636
4	NC_059865	58040
79	NC_059874	1824557
79	NC_059875	442491
79	NC_059876	382117
95	NC_059880	1238147
152	NC_059882	2820668
152	NC_059883	50997
152	NC_059884	2684111
152	NC_059885	2762710
152	NC_059886	50998
152	NC_059887	2820671
152	NC_059888	1692141
152	NC_059889	2820670
152	NC_059890	2820667
152	NC_059891	1322073
152	NC_059892	2820669
317	NC_059898	1127366
59	NC_059901	110753
146	NC_059902	2792840
186	NC_059904	321597
186	NC_059905	321600
306	NC_059906	54240
95	NC_059909	316496
59	NC_059912	213405
54	NC_059950	2822548
343	NC_059952	467323
225	NC_059953	714471
12	NC_060294	688336
8	NC_060295	2789018
75	NC_060303	1204770
62	NC_060305	1165888
8	NC_060313	483693
99	NC_060314	516072
47	NC_060324	82094
146	NC_060331	440931
46	NC_060332	690312
46	NC_060333	2824816
46	NC_060334	2824815
46	NC_060335	690325
46	NC_060336	690327
46	NC_060337	690321
46	NC_060338	690316
42	NC_060339	2282112
36	NC_060342	194508
146	NC_060347	2824936
8	NC_060349	175698
349	NC_060351	371026
40	NC_060352	97308
111	NC_060354	2825901
111	NC_060355	672162
111	NC_060356	2825902
4	NC_060360	637490
196	NC_060362	1627839
108	NC_060363	223760
295	NC_060367	2826952
59	NC_060372	199607
146	NC_060385	946018
26	NC_060402	89656
22	NC_060403	3884
159	NC_060404	1541215
218	NC_060408	53588
15	NC_060410	159048
114	NC_060414	2800772
114	NC_060416	572124
8	NC_060417	362646
286	NC_060426	48103
286	NC_060427	198841
12	NC_060436	2828845
46	NC_060437	2828831
46	NC_060438	2828832
46	NC_060439	1143220
46	NC_060440	36608
46	NC_060441	1125981
46	NC_060442	2071890
46	NC_060443	2828828
46	NC_060444	143397
46	NC_060445	2828841
46	NC_060446	690338
46	NC_060447	2071426
46	NC_060448	2828846
46	NC_060449	2828842
46	NC_060450	2828840
46	NC_060451	2828837
46	NC_060452	1143218
46	NC_060453	690314
46	NC_060454	1248455
46	NC_060455	690335
46	NC_060456	690308
46	NC_060457	690310
46	NC_060458	690329
46	NC_060459	690317
48	NC_060460	1224218
111	NC_060469	122816
8	NC_060470	215693
94	NC_060471	112523
277	NC_060472	100514
51	NC_060474	174190
51	NC_060475	227243
1	NC_060477	71324
1	NC_060478	359823
1	NC_060479	883001
1	NC_060480	883000
1	NC_060481	2864041
40	NC_060490	551137
82	NC_060493	524983
36	NC_060496	152891
36	NC_060497	256349
265	NC_060498	1902268
81	NC_060499	203638
1	NC_060501	3704
8	NC_060507	318063
42	NC_060513	57926
36	NC_060514	642461
36	NC_060516	160525
36	NC_060517	160540
36	NC_060518	38177
36	NC_060519	160539
257	NC_060525	179762
257	NC_060526	78735
257	NC_060527	179764
265	NC_060528	1902265
257	NC_060529	179760
265	NC_060530	177028
211	NC_060542	2907390
69	NC_060547	2898755
69	NC_060548	82334
69	NC_060549	859525
69	NC_060550	82316
69	NC_060551	859542
36	NC_060571	2593397
36	NC_060572	1286646
36	NC_060573	1476991
36	NC_060574	2259616
36	NC_060575	2315736
36	NC_060576	1097187
36	NC_060577	2662338
36	NC_060578	2315738
36	NC_060579	2315742
36	NC_060580	2910305
36	NC_060581	2315733
36	NC_060582	2315734
36	NC_060583	2315743
94	NC_060585	2881376
11	NC_060587	2904616
59	NC_060598	2184480
59	NC_060599	2184481
9	NC_060607	174648
9	NC_060608	132459
262	NC_060614	1330311
186	NC_060615	75094
186	NC_060616	190232
186	NC_060617	176136
186	NC_060618	411215
350	NC_060629	142721
261	NC_060633	1527830
261	NC_060634	468846
186	NC_060646	75079
30	NC_060649	371028
36	NC_060650	53076
44	NC_060651	119264
242	NC_060653	344448
303	NC_060654	171221
233	NC_060656	1333928
11	NC_060657	260143
328	NC_060661	139772
79	NC_060662	708432
79	NC_060663	2906516
79	NC_060664	2906000
4	NC_060672	419113
208	NC_060684	194561
135	NC_060688	216538
202	NC_060689	626671
51	NC_060696	227242
344	NC_060698	1616352
42	NC_060699	648851
59	NC_060700	306286
36	NC_060701	1185431
59	NC_060702	2884236
59	NC_060703	2878544
59	NC_060706	648860
59	NC_060707	1200277
44	NC_060724	86757
44	NC_060725	1200842
47	NC_060729	59172
12	NC_060732	75703
42	NC_060733	714473
286	NC_060749	496690
286	NC_060750	2666235
286	NC_060751	584745
286	NC_060752	584763
286	NC_060753	948492
286	NC_060754	584762
286	NC_060755	2583323
286	NC_060756	2597139
286	NC_060757	584734
56	NC_060763	199644
56	NC_060764	110731
66	NC_060775	268493
66	NC_060776	657399
54	NC_060777	452971
54	NC_060778	460809
26	NC_060793	1580173
158	NC_060799	47141
120	NC_060800	367341
61	NC_060805	329225
102	NC_060810	185975
102	NC_060811	47096
102	NC_060812	516079
351	NC_060826	256494
8	NC_060827	43199
8	NC_060828	43200
152	NC_060830	451702
152	NC_060831	64118
152	NC_060832	2913439
13	NC_060840	1133296
286	NC_060841	312531
90	NC_060845	433935
51	NC_060847	1798021
46	NC_060853	1143222
46	NC_060854	690326
46	NC_060855	690337
46	NC_060856	2828844
120	NC_060861	1938282
1	NC_060863	580365
1	NC_060864	558121
1	NC_060865	580366
95	NC_060866	1439934
352	NC_060876	13011
179	NC_060991	228517
263	NC_060996	55442
263	NC_060997	319739
263	NC_060998	2035401
263	NC_060999	2498161
263	NC_061000	2498162
263	NC_061001	1046420
263	NC_061002	1046409
263	NC_061003	2675546
263	NC_061004	2498163
263	NC_061005	2865628
47	NC_061006	1530334
111	NC_061007	516017
36	NC_061009	2915188
352	NC_061010	658098
352	NC_061017	658104
352	NC_061018	658106
136	NC_061025	160371
136	NC_061042	108594
13	NC_061043	496689
54	NC_061051	147928
8	NC_061055	59297
233	NC_061056	61141
67	NC_061173	28514
42	NC_061174	3765
66	NC_061175	3795
30	NC_061176	137689
202	NC_061178	403832
353	NC_061179	72385
69	NC_061194	2173066
34	NC_061197	361423
34	NC_061198	767568
34	NC_061199	669839
34	NC_061200	1407756
34	NC_061201	1534660
34	NC_061202	1407759
34	NC_061203	1407760
152	NC_061208	2291116
2	NC_061213	205582
280	NC_061214	2875946
59	NC_061215	1200272
180	NC_061218	3806
263	NC_061221	62340
263	NC_061222	55464
263	NC_061223	62342
234	NC_061227	264982
99	NC_061229	342065
99	NC_061230	424425
44	NC_061249	86773
279	NC_061256	1650713
279	NC_061257	1650721
265	NC_061258	2917548
42	NC_061263	136998
42	NC_061264	74650
42	NC_061265	57935
42	NC_061266	74646
42	NC_061267	119236
42	NC_061268	127554
42	NC_061269	74631
42	NC_061270	74653
42	NC_061271	74632
42	NC_061272	74628
1	NC_061285	63678
1	NC_061287	97872
1	NC_061289	97860
1	NC_061290	59289
47	NC_061292	84533
189	NC_061294	237845
354	NC_061301	357897
355	NC_061306	1274368
355	NC_061309	511724
355	NC_061310	223667
356	NC_061313	75427
34	NC_061315	133196
79	NC_061319	39552
150	NC_061320	4702
99	NC_061322	2849020
88	NC_061333	2184982
355	NC_061347	2919638
88	NC_061349	2919623
34	NC_061351	2875544
34	NC_061352	1407762
34	NC_061353	2919639
34	NC_061354	2919640
34	NC_061355	2919624
357	NC_061356	2919641
358	NC_061357	2919642
102	NC_061358	2795722
8	NC_061374	186972
228	NC_061375	701532
18	NC_061378	150409
114	NC_061379	1168070
2	NC_061388	267265
359	NC_061392	1053381
136	NC_061393	258236
114	NC_061394	1986521
313	NC_061396	479660
8	NC_061397	2919320
48	NC_061403	1238153
233	NC_061404	61143
233	NC_061405	413951
233	NC_061406	172013
200	NC_061409	578554
114	NC_061415	694375
99	NC_061416	1046405
40	NC_061417	1642868
44	NC_061542	397188
44	NC_061543	881599
44	NC_061544	128660
44	NC_061545	128661
44	NC_061546	128668
44	NC_061547	1365881
44	NC_061548	2908705
46	NC_061549	3750
69	NC_061550	89497
46	NC_061551	2890411
44	NC_061552	1310099
150	NC_061554	82025
46	NC_061557	1943541
46	NC_061558	1943543
46	NC_061559	1943556
47	NC_061561	642903
36	NC_061572	117955
196	NC_061573	2587348
8	NC_061598	2855460
54	NC_061599	147920
54	NC_061600	1889602
54	NC_061601	2920868
54	NC_061602	147933
54	NC_061603	147919
54	NC_061610	2837496
35	NC_061651	341990
360	NC_061657	452458
54	NC_061660	233715
80	NC_061669	2925269
13	NC_061684	2689076
1	NC_061686	2681215
118	NC_061688	159071
47	NC_061689	393533
54	NC_061691	1523626
8	NC_061693	1049370
95	NC_061694	909199
80	NC_061696	175067
361	NC_061699	2919556
362	NC_061701	2919949
290	NC_061706	354628
80	NC_061708	110762
80	NC_061709	690515
90	NC_061740	587864
15	NC_061742	159037
329	NC_061744	317644
329	NC_061745	927782
329	NC_061746	317645
329	NC_061747	317646
13	NC_061748	49553
47	NC_061751	2291162
47	NC_061752	2918732
36	NC_061756	173437
36	NC_061757	2029078
36	NC_061758	569774
36	NC_061759	1795539
136	NC_061761	126435
8	NC_061765	381726
8	NC_061767	1045037
54	NC_061904	2907141
234	NC_061906	367322
8	NC_061907	396369
363	NC_061909	44592
95	NC_061911	316475
261	NC_061912	2907121
46	NC_061917	141004
329	NC_061928	112565
329	NC_061929	112578
46	NC_061933	2911580
46	NC_061934	356590
46	NC_061935	106573
329	NC_061936	317639
138	NC_061938	81864
364	NC_061948	1679355
3	NC_061953	943091
111	NC_061954	1128166
344	NC_061958	1630190
365	NC_061960	160376
365	NC_061961	160378
365	NC_061962	388137
69	NC_061964	2764690
8	NC_061967	252537
317	NC_061976	326068
36	NC_061977	1350402
42	NC_061982	267237
42	NC_061983	2836953
42	NC_061984	267246
42	NC_061985	267247
42	NC_061986	1826188
42	NC_061987	648850
281	NC_062040	537181
1	NC_062042	2182713
1	NC_062043	457821
118	NC_062045	354527
44	NC_062046	2907235
36	NC_062049	53117
54	NC_062050	2883579
77	NC_062051	74859
286	NC_062053	1043700
13	NC_062054	2927890
286	NC_062055	1043698
286	NC_062056	1078776
286	NC_062057	2927891
286	NC_062058	1553919
111	NC_062073	122815
111	NC_062074	122814
111	NC_062075	152766
5	NC_062082	229542
54	NC_062126	2871480
1	NC_062128	1940804
20	NC_062129	1465736
36	NC_062132	154702
44	NC_062133	1981909
286	NC_062134	1699809
8	NC_062135	50200
8	NC_062136	50212
74	NC_062142	915270
256	NC_062144	198699
88	NC_062146	693567
88	NC_062147	693564
88	NC_062148	112807
88	NC_062149	693571
88	NC_062150	693558
88	NC_062151	561567
88	NC_062152	2899112
88	NC_062153	2899111
88	NC_062154	693559
307	NC_062155	1729104
28	NC_062156	207523
111	NC_062167	2885623
46	NC_062299	3752
343	NC_062330	106205
46	NC_062332	36606
46	NC_062333	1143241
46	NC_062334	470517
46	NC_062335	2654668
46	NC_062336	2873988
46	NC_062337	294377
46	NC_062338	193310
46	NC_062339	2873989
46	NC_062340	691235
46	NC_062341	1826799
46	NC_062342	691240
46	NC_062343	193309
46	NC_062344	36600
46	NC_062345	510738
46	NC_062346	36593
46	NC_062347	298643
46	NC_062348	141206
46	NC_062349	106553
46	NC_062350	106562
366	NC_062351	126618
178	NC_062357	354051
13	NC_062363	317978
286	NC_062364	325716
286	NC_062365	489428
13	NC_062366	424412
286	NC_062367	318024
13	NC_062368	327895
286	NC_062369	1631202
13	NC_062371	2904614
13	NC_062372	460985
8	NC_062407	2927083
8	NC_062408	43207
55	NC_062413	13329
186	NC_062414	714495
61	NC_062415	133206
186	NC_062417	70741
2	NC_062419	1380596
2	NC_062421	2801088
2	NC_062422	2802707
2	NC_062423	2802708
2	NC_062424	45835
2	NC_062425	2802709
2	NC_062426	744099
2	NC_062427	329788
2	NC_062428	205568
2	NC_062429	1398764
51	NC_062430	2829915
46	NC_062432	36597
253	NC_062439	2839955
8	NC_062441	2931376
8	NC_062442	2931373
8	NC_062443	2931375
8	NC_062444	2894491
8	NC_062445	2931372
8	NC_062446	2931377
8	NC_062447	462474
8	NC_062448	2931378
8	NC_062449	904455
8	NC_062450	2931374
233	NC_062451	212301
8	NC_062456	2931379
56	NC_062457	435946
225	NC_062458	859317
46	NC_062461	714504
42	NC_062462	1608491
13	NC_062465	2054556
2	NC_062467	744128
2	NC_062468	2598637
2	NC_062469	115652
2	NC_062470	205589
2	NC_062471	2802715
2	NC_062472	1807840
2	NC_062474	1442340
2	NC_062475	2802717
2	NC_062476	115671
2	NC_062477	2802713
2	NC_062478	2598634
2	NC_062479	2801129
2	NC_062480	1807835
2	NC_062481	1807836
2	NC_062482	2802714
2	NC_062483	795974
2	NC_062484	744126
2	NC_062485	743523
2	NC_062486	115668
2	NC_062487	401002
2	NC_062488	2802710
2	NC_062489	1442337
2	NC_062490	1821617
2	NC_062491	2802711
2	NC_062492	393162
2	NC_062493	2802712
2	NC_062496	2802705
2	NC_062497	329770
2	NC_062498	2802704
2	NC_062499	2802706
2	NC_062500	329774
2	NC_062502	856977
2	NC_062503	2598627
2	NC_062504	856885
2	NC_062506	315336
2	NC_062507	744061
2	NC_062508	205536
2	NC_062509	205537
2	NC_062510	795972
2	NC_062511	856893
2	NC_062512	421232
2	NC_062513	2802702
2	NC_062514	2802700
2	NC_062515	1807819
2	NC_062516	265389
2	NC_062517	2801085
69	NC_062580	82320
99	NC_062584	39296
233	NC_062585	65559
22	NC_062586	87088
42	NC_062593	64940
81	NC_062594	34205
130	NC_062598	1082500
233	NC_062600	1603707
67	NC_062602	204215
1	NC_062607	1049919
44	NC_062609	1010622
30	NC_062619	2785155
11	NC_062635	73751
44	NC_062641	215550
44	NC_062642	2932771
44	NC_062643	86763
44	NC_062644	86761
44	NC_062645	1185394
44	NC_062646	1507420
44	NC_062647	86719
44	NC_062648	2932768
44	NC_062649	2932770
44	NC_062650	2932769
44	NC_062651	128258
44	NC_062652	86760
44	NC_062653	86767
44	NC_062654	86769
44	NC_062655	85872
44	NC_062656	215548
42	NC_062657	1133298
367	NC_062666	105757
53	NC_062667	157517
261	NC_062669	1527831
8	NC_062692	2931669
2	NC_062693	109975
106	NC_062699	1398552
36	NC_062706	1470415
36	NC_062707	309533
36	NC_062713	947907
46	NC_062714	1826803
2	NC_062717	73572
2	NC_062718	608812
47	NC_062719	2708237
47	NC_062720	2932491
47	NC_062721	265764
47	NC_062722	2291123
47	NC_062723	265763
40	NC_062793	1052178
17	NC_062795	249543
36	NC_062796	1225685
46	NC_062797	691223
230	NC_062798	194707
46	NC_062799	1143234
46	NC_062800	691224
1	NC_062802	1366957
114	NC_062803	168825
287	NC_062804	2516474
287	NC_062805	1137046
287	NC_062806	271750
287	NC_062807	271748
287	NC_062808	198761
368	NC_062810	1157646
8	NC_062824	1325994
369	NC_062826	216487
369	NC_062827	318061
204	NC_062828	212310
233	NC_062830	212889
345	NC_062831	212964
42	NC_062835	538578
42	NC_062836	538579
42	NC_062837	101011
2	NC_062862	879925
2	NC_062863	205521
2	NC_062864	1879233
2	NC_062865	2802699
2	NC_062866	744050
2	NC_062867	205527
2	NC_062868	1097622
2	NC_062869	2801089
2	NC_062870	561126
2	NC_062871	2802701
2	NC_062872	2598619
2	NC_062873	1807820
2	NC_062874	1807821
168	NC_062884	64232
44	NC_062885	317036
100	NC_062888	3597
44	NC_062891	85861
44	NC_062892	111575
44	NC_062893	86723
44	NC_062894	86727
44	NC_062895	2933203
44	NC_062896	111569
44	NC_062897	111568
44	NC_062898	111566
44	NC_062899	111573
44	NC_062900	85857
44	NC_062901	111572
44	NC_062902	111574
44	NC_062903	111567
44	NC_062904	211005
44	NC_062905	2933199
44	NC_062906	2933202
44	NC_062907	2933195
44	NC_062908	2933205
44	NC_062909	2933198
44	NC_062910	480420
44	NC_062911	2933201
44	NC_062912	2933200
44	NC_062913	86732
44	NC_062914	86751
44	NC_062915	2933204
44	NC_062916	86743
44	NC_062917	1010628
44	NC_062918	215546
44	NC_062919	152192
44	NC_062920	86734
44	NC_062921	85867
44	NC_062922	85860
44	NC_062923	152185
44	NC_062924	2933196
44	NC_062925	86736
44	NC_062926	54733
44	NC_062927	86731
44	NC_062928	86729
44	NC_062929	86779
44	NC_062930	3412
44	NC_062931	85866
44	NC_062932	85863
44	NC_062933	3410
44	NC_062934	349509
44	NC_062935	86728
44	NC_062936	49502
44	NC_062937	86724
44	NC_062938	216503
44	NC_062939	116762
44	NC_062940	87892
14	NC_062941	215539
44	NC_062942	86772
57	NC_062961	1700957
62	NC_062962	2876816
46	NC_063083	661342
44	NC_063084	2485912
44	NC_063085	2604425
36	NC_063087	327326
313	NC_063094	184576
74	NC_063108	201017
35	NC_063109	145711
2	NC_063110	258457
313	NC_063113	1874273
8	NC_063116	2936570
12	NC_063129	1510605
329	NC_063301	180152
329	NC_063302	644807
250	NC_063305	44951
250	NC_063306	2861339
250	NC_063307	2861341
250	NC_063308	2725876
370	NC_063309	44970
370	NC_063310	44971
370	NC_063311	2861342
370	NC_063312	44972
370	NC_063313	2861343
370	NC_063314	2861340
8	NC_063321	119172
8	NC_063322	324598
18	NC_063328	880141
48	NC_063329	714454
59	NC_063330	213406
8	NC_063453	2944764
8	NC_063462	255578
8	NC_063463	381736
8	NC_063464	43194
8	NC_063465	255582
8	NC_063466	381733
8	NC_063467	43192
8	NC_063468	381732
8	NC_063469	50217
208	NC_063470	194560
61	NC_063474	32240
310	NC_063478	1277752
310	NC_063479	457880
158	NC_063480	47052
310	NC_063481	2873416
310	NC_063482	2873417
310	NC_063483	2873418
310	NC_063484	2873419
310	NC_063485	2873420
371	NC_063486	2873421
371	NC_063487	2873422
371	NC_063488	90195
371	NC_063489	90199
371	NC_063490	2873425
371	NC_063491	668558
12	NC_063506	2878181
12	NC_063507	2878160
48	NC_063508	1548292
99	NC_063509	1237723
36	NC_063511	234053
135	NC_063548	1562175
8	NC_063550	859427
39	NC_063551	345239
38	NC_063552	345232
69	NC_063553	61236
329	NC_063555	317647
329	NC_063556	1306909
329	NC_063557	928062
69	NC_063560	4690
329	NC_063563	317641
56	NC_063565	110735
46	NC_063569	691237
233	NC_063570	241838
8	NC_063571	1586302
269	NC_063572	1848211
21	NC_063574	1008951
54	NC_063576	2893994
49	NC_063577	714486
15	NC_063578	76974
48	NC_063579	168497
372	NC_063580	1604314
196	NC_063587	256364
317	NC_063593	2942962
69	NC_063594	2173067
69	NC_063595	2764601
186	NC_063615	2916457
106	NC_063623	32189
106	NC_063624	2495490
236	NC_063627	228641
36	NC_063635	194500
67	NC_063636	725107
67	NC_063637	725108
36	NC_063638	2938337
36	NC_063639	194501
36	NC_063640	194506
36	NC_063641	194507
36	NC_063642	194511
36	NC_063643	194512
130	NC_063645	378437
130	NC_063646	138856
130	NC_063647	124941
36	NC_063651	194504
36	NC_063652	194505
36	NC_063653	194510
36	NC_063654	2938349
36	NC_063655	194513
36	NC_063656	2938347
36	NC_063657	2267673
62	NC_063658	170349
36	NC_063659	2306205
62	NC_063665	137761
25	NC_063671	124772
15	NC_063672	37656
111	NC_063677	312586
343	NC_063678	467335
278	NC_063679	438425
36	NC_063680	1088831
277	NC_063681	442462
85	NC_063682	2939309
85	NC_063683	2807156
85	NC_063684	222980
85	NC_063685	557061
99	NC_063687	1164941
202	NC_063688	1844621
373	NC_063696	2048265
44	NC_063700	2892998
3	NC_063701	943093
8	NC_063729	453958
4	NC_063732	2529468
4	NC_063733	2939662
4	NC_063734	518624
4	NC_063735	2939656
48	NC_063736	1134458
111	NC_063788	36775
118	NC_063819	452763
118	NC_063820	452765
118	NC_063821	714465
118	NC_063822	452797
118	NC_063824	452800
168	NC_063829	703397
69	NC_063831	13306
49	NC_063832	690556
54	NC_063837	367357
286	NC_063838	239650
13	NC_063839	943332
13	NC_063840	239670
286	NC_063842	2448749
286	NC_063843	496673
13	NC_063844	2448752
286	NC_063845	496670
25	NC_063850	1202800
70	NC_063900	2943344
55	NC_063905	324798
36	NC_063910	71595
99	NC_063911	424416
99	NC_063912	640636
99	NC_063913	2758142
81	NC_063915	1701871
81	NC_063916	1037020
81	NC_063917	1701873
81	NC_063918	995796
81	NC_063919	2943444
81	NC_063920	1701880
81	NC_063921	1273554
81	NC_063922	995810
8	NC_063929	538471
36	NC_063952	160531
8	NC_063953	1196459
8	NC_063954	1196463
8	NC_063955	1196485
129	NC_063958	1357738
129	NC_063959	1357739
51	NC_063965	227498
234	NC_063972	512270
99	NC_064050	392684
99	NC_064051	2263221
99	NC_064052	587673
99	NC_064053	342064
306	NC_064054	2263220
196	NC_064066	1891300
36	NC_064067	2945671
36	NC_064068	1541220
36	NC_064069	2945669
36	NC_064071	2497344
36	NC_064072	2761835
108	NC_064103	1898922
374	NC_064104	2867398
40	NC_064105	140657
40	NC_064106	497077
40	NC_064107	2740320
40	NC_064108	1642870
36	NC_064114	763061
375	NC_064115	1795517
375	NC_064116	78780
375	NC_064117	2946714
265	NC_064118	117406
196	NC_064125	339780
99	NC_064127	199544
99	NC_064128	260603
15	NC_064135	135197
15	NC_064136	1008983
15	NC_064137	1603710
15	NC_064138	349445
15	NC_064139	1008984
15	NC_064140	200544
15	NC_064141	1008982
186	NC_064142	1521127
186	NC_064143	2949407
36	NC_064145	136296
228	NC_064210	2935096
118	NC_064319	405848
286	NC_064322	2949714
30	NC_064334	3617
100	NC_064336	130137
55	NC_064343	146993
55	NC_064344	146994
59	NC_064345	167892
198	NC_064346	3485
286	NC_064347	2689579
13	NC_064348	239676
13	NC_064349	165484
13	NC_064350	2743091
13	NC_064351	2689580
13	NC_064352	496663
13	NC_064353	3151635
173	NC_064354	2950367
173	NC_064355	236972
130	NC_064356	1495518
170	NC_064357	2950380
170	NC_064358	2072606
217	NC_064360	79608
8	NC_064362	2816892
47	NC_064364	105886
180	NC_064365	1227988
195	NC_064366	180066
99	NC_064367	1168069
94	NC_064373	486670
1	NC_064375	2870829
374	NC_064388	374685
129	NC_064394	233204
69	NC_064407	2822968
228	NC_064509	2952119
228	NC_064511	1108176
228	NC_064512	2857520
228	NC_064513	2518014
228	NC_064514	2952120
228	NC_064515	2952121
228	NC_064516	2952122
228	NC_064517	2518015
228	NC_064518	2518016
228	NC_064519	2044320
228	NC_064520	2518017
228	NC_064521	2952125
228	NC_064522	2952126
228	NC_064523	2729099
228	NC_064524	2952127
228	NC_064525	2044319
95	NC_064686	214053
51	NC_064687	1537852
52	NC_064734	409520
94	NC_064932	2573088
80	NC_064959	2841358
80	NC_064960	2841359
80	NC_064961	690504
224	NC_064967	1249515
51	NC_064988	290852
256	NC_064990	1407655
11	NC_064992	199392
12	NC_064995	2768819
376	NC_064996	640501
95	NC_064999	210387
95	NC_065000	116758
95	NC_065001	333555
95	NC_065002	264812
95	NC_065003	591090
95	NC_065004	2994949
95	NC_065005	2865926
95	NC_065006	316489
95	NC_065007	264813
95	NC_065008	1161167
95	NC_065009	909202
212	NC_065013	29722
44	NC_065022	610232
158	NC_065023	47064
261	NC_065038	169607
108	NC_065040	1472648
108	NC_065041	1767999
108	NC_065042	314115
108	NC_065043	871265
108	NC_065044	223757
108	NC_065045	1768000
108	NC_065046	223759
108	NC_065047	870953
108	NC_065048	2953578
254	NC_065057	56851
230	NC_065058	1815893
67	NC_065098	1586319
44	NC_065099	1603709
44	NC_065100	1609859
44	NC_065101	119261
44	NC_065102	1679285
44	NC_065103	1155220
44	NC_065104	470718
44	NC_065105	562952
44	NC_065106	1755850
44	NC_065107	2950142
44	NC_065108	1440068
44	NC_065109	397098
42	NC_065110	1608497
25	NC_065114	124776
25	NC_065115	2959427
25	NC_065116	1652689
25	NC_065117	124775
25	NC_065118	432243
25	NC_065119	121383
130	NC_065132	1605858
77	NC_065140	2817249
77	NC_065141	46348
77	NC_065142	2817250
77	NC_065143	2817251
77	NC_065144	2817252
77	NC_065145	2755596
1	NC_065146	1932008
6	NC_065148	34294
6	NC_065149	184137
377	NC_065151	664072
1	NC_065152	663980
1	NC_065153	763974
1	NC_065154	2283222
8	NC_065155	397370
11	NC_065156	2930419
54	NC_065157	2855412
56	NC_065159	765959
88	NC_065164	1904285
54	NC_065198	460808
6	NC_065199	37647
168	NC_065200	3674
35	NC_065201	154480
160	NC_065203	185238
42	NC_065240	57919
46	NC_065241	225117
46	NC_065242	2448454
46	NC_065243	436086
40	NC_065244	1813533
234	NC_065246	53852
95	NC_065257	1168213
315	NC_065258	1489956
11	NC_065261	1009508
207	NC_065344	2963763
207	NC_065345	1904792
207	NC_065346	2963764
207	NC_065347	1639643
207	NC_065348	2038181
207	NC_065349	427793
207	NC_065350	2038180
106	NC_065351	1618033
106	NC_065352	1263489
106	NC_065353	100534
106	NC_065354	100535
256	NC_065355	2963783
256	NC_065356	1218742
106	NC_065357	573514
106	NC_065358	2259078
106	NC_065359	34185
256	NC_065360	714466
135	NC_065361	405737
28	NC_065369	2759058
47	NC_065370	2892398
80	NC_065379	2940259
8	NC_065380	2816894
2	NC_065381	73575
80	NC_065386	370671
59	NC_065390	1265928
54	NC_065391	542734
227	NC_065393	1938956
67	NC_065394	199173
15	NC_065396	76951
15	NC_065397	159025
15	NC_065398	159026
15	NC_065399	159027
253	NC_065400	54453
56	NC_065468	214697
298	NC_065470	84944
62	NC_065471	427660
62	NC_065472	28542
378	NC_065473	28545
18	NC_065476	2966543
313	NC_065477	118363
286	NC_065482	2448754
13	NC_065483	496669
13	NC_065484	2448756
46	NC_065485	416289
46	NC_065486	714459
286	NC_065500	2897339
286	NC_065501	239653
62	NC_065505	648865
33	NC_065600	302006
33	NC_065601	3391
33	NC_065602	173275
33	NC_065603	173281
33	NC_065604	36014
33	NC_065605	191304
33	NC_065606	288832
33	NC_065607	224737
33	NC_065608	302008
33	NC_065609	191306
33	NC_065610	3389
33	NC_065611	288820
33	NC_065612	302007
33	NC_065613	50295
33	NC_065614	173277
33	NC_065615	288826
33	NC_065616	42328
33	NC_065617	257426
33	NC_065618	191309
33	NC_065619	34344
33	NC_065620	698666
33	NC_065621	173279
33	NC_065622	191310
33	NC_065623	289842
33	NC_065624	191311
33	NC_065625	288829
33	NC_065626	288821
33	NC_065627	288822
33	NC_065628	45077
33	NC_065629	288824
33	NC_065630	39583
33	NC_065631	3390
33	NC_065632	66172
379	NC_065651	210367
46	NC_065652	661359
46	NC_065653	2865624
46	NC_065654	2654667
46	NC_065655	661360
49	NC_065665	53923
306	NC_065666	548856
15	NC_065667	341933
46	NC_065670	1961193
46	NC_065671	2967324
46	NC_065672	1826781
9	NC_065692	1888384
59	NC_065694	587397
380	NC_065709	2859583
380	NC_065714	2859584
40	NC_065730	391058
114	NC_065733	572115
40	NC_065734	190008
51	NC_065735	227241
40	NC_065751	552835
15	NC_065752	341934
15	NC_065753	341931
15	NC_065754	64884
15	NC_065755	171249
15	NC_065756	481549
15	NC_065757	237575
59	NC_065763	213266
196	NC_065767	339784
48	NC_065773	49121
349	NC_065784	125587
30	NC_065785	467334
135	NC_065790	1032928
135	NC_065791	1523616
135	NC_065794	1245236
135	NC_065795	1245247
135	NC_065797	1846137
135	NC_065798	1245262
172	NC_065832	1117032
381	NC_065833	50499
290	NC_065834	2059433
195	NC_065840	1161150
139	NC_065841	105907
212	NC_065853	1053327
212	NC_065854	1454539
212	NC_065855	1519436
212	NC_065856	1454548
212	NC_065857	124760
212	NC_065859	124761
216	NC_065861	1288439
331	NC_065863	1603725
331	NC_065865	520843
99	NC_065866	588964
42	NC_065867	74649
114	NC_065868	543981
67	NC_065871	1582841
231	NC_065983	1809639
231	NC_065984	1809642
18	NC_065990	424903
8	NC_065991	43208
8	NC_065992	268088
8	NC_065993	1940807
8	NC_065994	2026605
344	NC_065999	2969391
344	NC_066000	1616334
55	NC_066001	282717
46	NC_066002	140997
13	NC_066005	40962
11	NC_066006	119949
118	NC_066007	452790
13	NC_066009	571639
9	NC_066010	53836
142	NC_066013	45385
8	NC_066014	99035
8	NC_066017	4265
47	NC_066018	28503
306	NC_066019	41228
382	NC_066021	57912
114	NC_066022	194200
8	NC_066023	127999
55	NC_066024	72332
55	NC_066025	72341
95	NC_066026	369424
94	NC_066027	213829
8	NC_066028	41496
8	NC_066029	128002
8	NC_066031	119182
99	NC_066033	39338
99	NC_066034	49988
145	NC_066036	55670
280	NC_066037	39324
74	NC_066047	171931
17	NC_066053	85232
383	NC_066070	152892
91	NC_066083	20676
315	NC_066091	2930418
261	NC_066129	101596
46	NC_066130	690339
46	NC_066131	269115
46	NC_066132	2974483
46	NC_066133	1679318
46	NC_066134	589997
46	NC_066135	2024531
46	NC_066136	2024530
46	NC_066137	2974484
46	NC_066138	2905423
46	NC_066139	2905422
46	NC_066140	2905424
46	NC_066141	2905717
46	NC_066142	2905425
196	NC_066145	687608
196	NC_066146	687582
196	NC_066147	687651
36	NC_066148	687591
36	NC_066149	339111
36	NC_066150	38197
160	NC_066153	2974550
8	NC_066155	119173
64	NC_066183	203270
64	NC_066184	2974286
64	NC_066185	2833874
64	NC_066186	2750599
64	NC_066187	258158
64	NC_066188	1882480
64	NC_066189	258165
64	NC_066190	2833875
64	NC_066191	116719
64	NC_066192	258187
64	NC_066193	1813931
64	NC_066194	258192
64	NC_066195	258195
64	NC_066196	2833873
295	NC_066219	2785548
44	NC_066227	2036759
17	NC_066228	194324
17	NC_066229	66392
55	NC_066237	2966563
212	NC_066401	384660
55	NC_066403	2171546
36	NC_066405	53067
3	NC_066408	2855397
3	NC_066409	262280
40	NC_066411	983196
40	NC_066412	1642871
40	NC_066413	1008929
40	NC_066414	1642865
40	NC_066415	1170640
40	NC_066416	1891964
40	NC_066417	456515
40	NC_066418	97321
40	NC_066419	2133964
40	NC_066420	140311
40	NC_066421	129217
40	NC_066422	1642869
40	NC_066423	1642867
40	NC_066424	1891965
85	NC_066426	569833
20	NC_066431	130389
20	NC_066432	450283
20	NC_066433	405337
20	NC_066434	935695
20	NC_066435	13217
20	NC_066436	130414
20	NC_066437	450285
20	NC_066438	130418
208	NC_066442	189796
208	NC_066443	262218
384	NC_066447	119595
56	NC_066450	97729
74	NC_066470	171938
74	NC_066471	2976256
317	NC_066474	665991
317	NC_066475	309329
317	NC_066476	744260
317	NC_066477	100577
2	NC_066481	402998
57	NC_066483	1617358
26	NC_066491	1835031
179	NC_066492	228538
385	NC_066493	657405
59	NC_066496	1265924
59	NC_066497	587402
59	NC_066498	2305121
59	NC_066499	587403
59	NC_066500	1082643
59	NC_066501	2799864
92	NC_066502	222504
367	NC_066644	235715
118	NC_066646	1056462
118	NC_066647	1803871
224	NC_066650	29711
315	NC_066653	1226761
54	NC_066658	542714
349	NC_066665	2968953
30	NC_066666	2968952
30	NC_066667	125586
30	NC_066668	374745
30	NC_066669	580465
30	NC_066670	137680
30	NC_066671	374741
349	NC_066673	1197307
286	NC_066689	496698
286	NC_066690	2963789
286	NC_066691	474001
286	NC_066692	460996
286	NC_066693	2963787
286	NC_066694	2963786
286	NC_066695	2764672
286	NC_066696	2928670
13	NC_066697	2963785
286	NC_066698	2963784
286	NC_066699	63038
13	NC_066700	2583430
290	NC_066701	2650407
290	NC_066702	419290
290	NC_066703	475885
13	NC_066719	1170855
8	NC_066723	1941389
8	NC_066724	75961
8	NC_066725	1400691
8	NC_066726	1400654
8	NC_066727	2967312
8	NC_066728	1400658
8	NC_066729	75946
8	NC_066730	2768789
8	NC_066731	75945
8	NC_066732	883013
8	NC_066733	2768790
8	NC_066734	1941371
8	NC_066735	2259159
8	NC_066736	527214
8	NC_066737	2768791
8	NC_066738	687670
8	NC_066739	883014
8	NC_066740	687679
8	NC_066741	1941373
8	NC_066742	1941374
8	NC_066743	1941375
8	NC_066744	883015
8	NC_066745	75953
8	NC_066746	1400661
8	NC_066747	1941378
8	NC_066748	1552228
8	NC_066749	1635301
8	NC_066750	2052489
8	NC_066751	1941381
8	NC_066752	43195
8	NC_066753	1941382
8	NC_066754	1941383
8	NC_066755	75949
8	NC_066756	75948
8	NC_066757	2768802
8	NC_066758	75943
8	NC_066759	1941387
8	NC_066760	75950
8	NC_066761	75956
8	NC_066762	1941388
8	NC_066763	2977607
8	NC_066764	1400663
8	NC_066765	75947
8	NC_066766	1442804
8	NC_066767	1400671
8	NC_066768	1400673
8	NC_066769	1400668
8	NC_066770	1442805
8	NC_066771	687675
8	NC_066772	2967313
8	NC_066773	2967321
8	NC_066774	2967314
8	NC_066775	509701
8	NC_066776	2967303
8	NC_066777	2967316
8	NC_066778	883011
8	NC_066779	2805359
8	NC_066780	2967317
8	NC_066781	1941377
8	NC_066782	2967318
8	NC_066783	2768799
8	NC_066784	2967319
8	NC_066785	1400689
8	NC_066786	1941384
8	NC_066787	2967320
8	NC_066788	268010
8	NC_066789	2967322
8	NC_066790	2967323
8	NC_066791	1941391
8	NC_066792	75951
8	NC_066793	1941396
8	NC_066794	43204
386	NC_066795	2954133
106	NC_066799	39526
146	NC_066801	259420
234	NC_066804	346959
369	NC_066811	212836
134	NC_066812	2650045
387	NC_066813	886265
343	NC_066815	76040
8	NC_066898	41522
375	NC_066958	2500812
56	NC_066959	329239
56	NC_066960	49577
56	NC_066961	2172426
388	NC_066967	992840
42	NC_066975	267252
10	NC_066996	73279
199	NC_066997	2338916
199	NC_066998	2306217
199	NC_066999	1191332
199	NC_067000	1191335
199	NC_067001	78270
199	NC_067002	143584
199	NC_067003	2810547
199	NC_067004	80776
199	NC_067005	1191331
199	NC_067007	2291111
199	NC_067008	2507849
199	NC_067009	1191334
199	NC_067010	143585
199	NC_067011	2291112
199	NC_067012	2548469
199	NC_067013	2548468
199	NC_067014	2810549
199	NC_067015	2507852
199	NC_067017	61244
199	NC_067018	61245
199	NC_067019	61247
199	NC_067020	78265
199	NC_067021	78267
199	NC_067022	61242
199	NC_067023	78266
199	NC_067024	2810546
199	NC_067025	2810548
199	NC_067026	80775
199	NC_067027	2338905
8	NC_067031	2980205
49	NC_067032	499986
321	NC_067035	429508
389	NC_067040	46901
54	NC_067053	2880969
62	NC_067062	2980749
46	NC_067063	470520
100	NC_067064	110664
245	NC_067080	2980633
54	NC_067081	536626
54	NC_067082	319929
54	NC_067085	2321407
54	NC_067086	2321412
54	NC_067087	536629
54	NC_067088	147931
54	NC_067089	147927
54	NC_067090	147929
54	NC_067091	147932
54	NC_067092	1889607
262	NC_067370	113446
208	NC_067397	262217
67	NC_067499	2290804
120	NC_067511	2981233
180	NC_067513	54988
234	NC_067514	149628
49	NC_067515	53904
90	NC_067516	149665
90	NC_067517	48123
234	NC_067518	588911
234	NC_067519	53888
331	NC_067520	212698
270	NC_067522	248520
271	NC_067523	450031
271	NC_067524	115004
271	NC_067525	557744
271	NC_067526	1196270
271	NC_067527	500182
271	NC_067528	115002
390	NC_067531	1089623
49	NC_067532	2983343
49	NC_067533	1457467
49	NC_067534	252530
49	NC_067535	2981241
49	NC_067536	62116
49	NC_067537	54890
228	NC_067538	701553
334	NC_067539	1620053
334	NC_067540	167626
22	NC_067541	77317
22	NC_067542	1993800
22	NC_067543	33129
391	NC_067544	168535
13	NC_067547	2836828
13	NC_067548	859222
13	NC_067549	2930222
13	NC_067550	642899
13	NC_067551	49560
13	NC_067552	943333
13	NC_067556	371341
13	NC_067558	371376
13	NC_067559	489379
13	NC_067560	371387
13	NC_067561	1514057
13	NC_067562	1514018
13	NC_067563	1514014
13	NC_067564	371382
13	NC_067565	371364
13	NC_067566	92053
13	NC_067567	371375
13	NC_067568	371384
374	NC_067570	4170
99	NC_067572	1338535
122	NC_067573	16915
90	NC_067585	139018
36	NC_067586	1470413
36	NC_067587	2491194
36	NC_067588	2831018
36	NC_067589	2307013
36	NC_067590	142253
36	NC_067591	3043474
164	NC_067592	586388
100	NC_067593	171973
8	NC_067595	91248
54	NC_067609	674064
85	NC_067611	289701
62	NC_067612	945177
54	NC_067613	2915791
74	NC_067614	269721
114	NC_067634	2920505
74	NC_067635	1540407
74	NC_067636	292731
74	NC_067637	1540408
233	NC_067640	526194
306	NC_067642	662902
306	NC_067643	2494282
306	NC_067644	986859
306	NC_067645	2494283
306	NC_067646	204131
99	NC_067647	2494284
306	NC_067648	2494279
306	NC_067649	2494285
306	NC_067650	1504640
306	NC_067651	662905
306	NC_067652	662906
392	NC_067653	2955199
392	NC_067654	980662
392	NC_067655	2494280
392	NC_067656	986860
392	NC_067657	986861
99	NC_067658	662909
392	NC_067659	662911
392	NC_067660	2593378
392	NC_067661	986862
392	NC_067662	2494286
392	NC_067663	662915
392	NC_067664	2494287
392	NC_067665	662916
392	NC_067666	2494288
392	NC_067667	662917
392	NC_067668	662918
392	NC_067669	2494289
392	NC_067670	2955197
392	NC_067671	662919
99	NC_067672	1504647
392	NC_067673	1504648
392	NC_067674	1504649
392	NC_067675	204134
392	NC_067676	204134
392	NC_067677	662923
392	NC_067678	662924
392	NC_067679	662926
392	NC_067680	204135
392	NC_067681	662927
99	NC_067682	2494292
392	NC_067683	662928
392	NC_067684	1504659
392	NC_067685	2494293
392	NC_067686	204136
99	NC_067687	2494294
392	NC_067688	2494295
392	NC_067689	986866
392	NC_067690	662930
99	NC_067691	662932
392	NC_067692	662931
392	NC_067693	425909
392	NC_067694	680379
392	NC_067695	550456
392	NC_067696	662908
392	NC_067697	1504651
392	NC_067698	2494291
392	NC_067699	662925
392	NC_067700	2744336
392	NC_067701	662910
392	NC_067702	1504656
392	NC_067703	2744337
392	NC_067704	2744335
392	NC_067705	1504646
392	NC_067706	2955198
99	NC_067707	662922
392	NC_067708	1504653
392	NC_067709	1504652
36	NC_067711	2976402
8	NC_067730	324593
54	NC_067734	218779
306	NC_067735	428275
306	NC_067736	49211
99	NC_067738	424426
99	NC_067739	476449
99	NC_067740	476450
99	NC_067741	2983402
99	NC_067742	516553
99	NC_067743	1611029
36	NC_067753	160529
36	NC_067754	160533
181	NC_067756	189976
36	NC_067759	256362
36	NC_067760	1814005
303	NC_067762	171214
54	NC_067764	1840588
55	NC_067765	282718
393	NC_067767	77895
59	NC_067768	587406
64	NC_067770	258178
64	NC_067771	1026947
64	NC_067772	258196
64	NC_067773	121720
64	NC_067774	1054082
64	NC_067775	258211
392	NC_067778	204131
392	NC_067779	662907
392	NC_067780	705303
392	NC_067781	550457
99	NC_067782	425908
99	NC_067783	204133
8	NC_067784	2741401
114	NC_067785	694362
13	NC_067786	1514006
114	NC_067787	405945
42	NC_067810	2911227
94	NC_067811	2291136
35	NC_067826	480678
35	NC_067827	34172
35	NC_067828	1089947
35	NC_067829	292678
35	NC_067830	446125
35	NC_067831	292781
35	NC_067832	115441
35	NC_067833	292693
35	NC_067834	2219149
35	NC_067835	145686
35	NC_067836	147188
35	NC_067837	115475
35	NC_067838	348515
35	NC_067839	1966430
35	NC_067840	2559471
35	NC_067841	1510057
35	NC_067842	349347
35	NC_067843	184791
35	NC_067844	480375
35	NC_067845	252730
207	NC_067846	3527
35	NC_067852	341996
10	NC_067854	73284
74	NC_067857	210334
290	NC_067867	1470854
85	NC_067869	1679327
313	NC_067870	2575814
313	NC_067871	2839635
25	NC_067872	2984471
25	NC_067873	124773
25	NC_067874	1202798
25	NC_067875	889078
286	NC_067882	1043704
62	NC_067885	2984468
36	NC_067939	2034676
36	NC_067940	1131870
36	NC_067941	2058724
208	NC_067942	189803
394	NC_067950	2499693
62	NC_067958	2984991
62	NC_067959	945158
62	NC_067960	99298
62	NC_067961	2984992
62	NC_067962	2984993
62	NC_067963	2984994
62	NC_067964	491995
62	NC_067965	2984984
62	NC_067966	2984985
360	NC_067968	61509
139	NC_067975	59170
44	NC_067976	460785
395	NC_067977	34296
2	NC_067978	942185
6	NC_067979	383670
10	NC_067980	73305
36	NC_067981	161864
36	NC_067982	180499
36	NC_067983	1190699
36	NC_067984	2029076
36	NC_067985	2986131
36	NC_067986	1076820
36	NC_067987	1855359
36	NC_067988	2986132
36	NC_067989	2029077
51	NC_067990	152299
81	NC_067991	359411
345	NC_067993	1048799
52	NC_067995	409519
52	NC_067996	1450208
52	NC_067997	1161165
52	NC_067998	1851244
52	NC_067999	2008514
52	NC_068000	2008511
52	NC_068001	2764681
52	NC_068002	473049
52	NC_068003	1450212
52	NC_068004	309823
316	NC_068006	2061028
47	NC_068008	2986448
47	NC_068009	2986450
47	NC_068010	2986451
47	NC_068011	2575401
47	NC_068012	2986452
47	NC_068013	2986453
47	NC_068014	2986454
47	NC_068015	2855411
47	NC_068016	2291145
135	NC_068029	4157
135	NC_068030	2065886
135	NC_068031	188299
135	NC_068032	1906386
135	NC_068033	270970
135	NC_068034	4162
135	NC_068035	4155
135	NC_068036	4156
135	NC_068037	69919
135	NC_068038	2761763
135	NC_068039	4158
135	NC_068040	4159
135	NC_068041	910426
135	NC_068042	4161
136	NC_068043	188307
135	NC_068044	2986456
136	NC_068045	49039
396	NC_068047	43171
48	NC_068052	168495
281	NC_068066	59290
36	NC_068067	257361
49	NC_068068	257360
135	NC_068074	2663187
135	NC_068075	1245541
42	NC_068089	74636
42	NC_068090	117260
36	NC_068094	673185
36	NC_068106	1499538
185	NC_068129	134527
75	NC_068130	121897
51	NC_068131	174192
106	NC_068132	261410
95	NC_068134	316483
95	NC_068135	2987624
95	NC_068136	264811
95	NC_068137	316473
95	NC_068138	214529
36	NC_068142	2799750
125	NC_068143	2963765
125	NC_068144	1843297
125	NC_068145	2136684
125	NC_068146	2963768
125	NC_068147	1671320
125	NC_068148	2136455
125	NC_068150	2963777
125	NC_068151	2586950
125	NC_068152	1898884
125	NC_068153	2712065
125	NC_068154	2963771
125	NC_068155	2963766
125	NC_068156	2747786
125	NC_068157	2963791
125	NC_068158	119938
125	NC_068159	2963767
125	NC_068160	2963792
125	NC_068161	2963770
125	NC_068162	2963776
125	NC_068163	2747783
125	NC_068164	2963782
125	NC_068165	2963781
125	NC_068166	2963778
125	NC_068167	2963769
125	NC_068168	2963780
125	NC_068169	119869
125	NC_068170	2747793
125	NC_068172	2293665
125	NC_068173	137812
125	NC_068174	2494302
125	NC_068175	2963774
125	NC_068176	2963775
125	NC_068180	2586935
125	NC_068181	2963779
125	NC_068182	137790
125	NC_068183	2712023
125	NC_068184	2712022
125	NC_068185	2817533
125	NC_068186	2747787
125	NC_068187	2136440
125	NC_068188	2293684
458	NC_068190	2136456
49	NC_068230	2599111
397	NC_068234	477864
2	NC_068253	172264
13	NC_068258	516042
207	NC_068261	29725
8	NC_068273	648858
233	NC_068478	213055
233	NC_068481	212908
233	NC_068485	352217
233	NC_068486	209333
44	NC_068500	1603693
44	NC_068501	1358788
44	NC_068502	2575868
3	NC_068503	684740
44	NC_068504	610223
44	NC_068505	2606809
46	NC_068506	106677
315	NC_068507	3610
8	NC_068508	2126564
8	NC_068509	186944
8	NC_068510	186945
8	NC_068511	2126574
8	NC_068512	1798766
46	NC_068525	1825963
46	NC_068526	1826785
46	NC_068527	391057
46	NC_068528	2992298
46	NC_068529	1826812
46	NC_068530	2992294
46	NC_068531	1826814
46	NC_068532	2992295
46	NC_068533	2992296
46	NC_068534	1826782
46	NC_068535	1826794
46	NC_068536	1826791
118	NC_068580	2839964
46	NC_068599	691244
40	NC_068604	1679435
40	NC_068605	36595
67	NC_068628	201506
73	NC_068629	326271
8	NC_068630	313931
67	NC_068635	1585251
213	NC_068636	1082504
204	NC_068637	1704639
106	NC_068653	1142948
112	NC_068654	2917719
135	NC_068657	1679515
162	NC_068660	2993124
162	NC_068661	364698
40	NC_068699	133204
40	NC_068700	1170639
40	NC_068701	983191
40	NC_068702	552834
40	NC_068703	122122
40	NC_068704	151440
40	NC_068705	552837
40	NC_068706	32242
53	NC_068711	69266
53	NC_068712	1493660
53	NC_068713	472369
53	NC_068715	180763
108	NC_068716	2745281
46	NC_068721	186522
46	NC_068722	1826809
46	NC_068724	1826802
8	NC_068750	98504
12	NC_068758	889485
12	NC_068759	40686
28	NC_068762	167472
54	NC_068780	147914
54	NC_068781	147923
54	NC_068785	941565
51	NC_068799	2969583
51	NC_068800	2969582
51	NC_068801	201266
69	NC_068818	2926339
81	NC_068838	2994578
81	NC_068839	1037046
81	NC_068840	2977930
74	NC_068850	300207
339	NC_068855	287979
30	NC_068870	46787
30	NC_068871	2995247
343	NC_068872	457183
389	NC_068873	45179
30	NC_068874	76155
349	NC_068876	467324
30	NC_068877	517221
8	NC_068879	2995248
8	NC_068891	315915
55	NC_068893	1205801
2	NC_068894	367782
106	NC_068899	2995342
106	NC_068900	2995343
26	NC_068906	89634
340	NC_068908	1348126
313	NC_069023	2839636
313	NC_069024	2575812
317	NC_069045	2930498
317	NC_069046	2699261
317	NC_069047	2699269
317	NC_069048	2699272
317	NC_069049	463868
398	NC_069062	50001
398	NC_069063	49997
130	NC_069065	544658
399	NC_069066	3772
214	NC_069067	63090
92	NC_069068	1286525
299	NC_069179	2897635
299	NC_069180	85246
233	NC_069185	316844
88	NC_069195	49480
92	NC_069196	448037
88	NC_069197	2995469
307	NC_069215	1729109
67	NC_069224	228974
47	NC_069225	85358
54	NC_069227	674856
8	NC_069228	2993949
8	NC_069229	2993950
8	NC_069230	189254
385	NC_069294	482967
47	NC_069295	180071
160	NC_069298	403098
163	NC_069300	198766
54	NC_069309	2967310
54	NC_069310	2967340
400	NC_069316	29654
1	NC_069338	2866292
1	NC_069339	1248442
1	NC_069340	693863
1	NC_069341	693862
1	NC_069342	155755
1	NC_069343	1248448
1	NC_069344	1965126
1	NC_069345	693860
1	NC_069346	2866291
1	NC_069347	2866710
1	NC_069348	1965127
1	NC_069349	368987
1	NC_069350	664069
1	NC_069351	2866709
1	NC_069352	694027
1	NC_069353	1248446
1	NC_069354	1965129
1	NC_069355	1965130
1	NC_069356	1965131
1	NC_069357	664001
1	NC_069358	414718
1	NC_069359	537139
1	NC_069360	359894
2	NC_069556	35625
55	NC_069557	1903210
62	NC_069560	945165
62	NC_069561	365769
62	NC_069562	2058653
62	NC_069563	1167167
62	NC_069564	365762
62	NC_069565	1167136
62	NC_069566	2860380
62	NC_069567	1381998
62	NC_069568	365750
62	NC_069569	365751
62	NC_069570	206235
62	NC_069571	365764
125	NC_069574	2893253
95	NC_069576	316484
113	NC_069582	55318
392	NC_069583	1281416
12	NC_069592	77069
2	NC_069595	2898760
2	NC_069596	2898758
2	NC_069597	856890
2	NC_069598	2898757
2	NC_069599	2898761
2	NC_069600	315340
2	NC_069601	315341
2	NC_069602	205571
2	NC_069603	561127
2	NC_069604	2898759
2	NC_069605	310796
2	NC_069606	2898762
2	NC_069607	2898763
74	NC_069613	2016423
85	NC_069614	43864
401	NC_069615	289740
85	NC_069616	2382317
74	NC_069617	1592061
85	NC_069618	481551
74	NC_069619	289807
401	NC_069620	1592040
46	NC_069634	2994360
261	NC_069635	101595
317	NC_069638	309300
74	NC_069639	3003557
381	NC_069648	65951
381	NC_069649	65952
36	NC_069650	53065
393	NC_069807	77896
30	NC_069817	1197308
11	NC_069818	39976
135	NC_069819	1755648
135	NC_069820	1846138
135	NC_069821	1245243
135	NC_069822	1245246
135	NC_069823	1245248
135	NC_069824	2862192
135	NC_069825	1245256
135	NC_069826	1245260
135	NC_069827	2019968
135	NC_069828	48773
135	NC_069829	2575547
135	NC_069830	1492708
67	NC_069833	201514
402	NC_069834	221775
8	NC_069835	441175
329	NC_069836	317640
403	NC_069839	87519
403	NC_069840	59974
47	NC_069842	82095
47	NC_069843	137939
47	NC_069844	2970449
36	NC_069868	53063
57	NC_069869	451003
36	NC_069870	53091
36	NC_069871	53092
36	NC_069872	450946
36	NC_069873	53095
36	NC_069874	53096
36	NC_069875	451005
36	NC_069876	53097
36	NC_069877	53099
36	NC_069878	675674
36	NC_069879	451008
36	NC_069880	53100
57	NC_069881	2566086
57	NC_069882	451006
36	NC_069883	53102
245	NC_069884	451009
36	NC_069885	2999071
36	NC_069886	53105
36	NC_069887	1641957
36	NC_069888	53108
36	NC_069889	299272
36	NC_069890	53110
36	NC_069891	1883385
36	NC_069892	53111
36	NC_069893	451013
36	NC_069894	53112
36	NC_069895	53113
36	NC_069896	909499
36	NC_069897	78827
36	NC_069898	53115
36	NC_069899	53116
36	NC_069900	53118
57	NC_069901	53119
36	NC_069902	1971712
36	NC_069903	53120
245	NC_069904	299269
57	NC_069905	299268
36	NC_069906	53122
36	NC_069907	53123
36	NC_069908	1217868
36	NC_069909	232817
36	NC_069910	53132
34	NC_069911	53126
36	NC_069912	2932129
8	NC_069914	1708248
8	NC_069915	1196494
8	NC_069916	1196474
8	NC_069917	1196504
48	NC_069921	28540
48	NC_069922	1503305
48	NC_069923	168493
48	NC_069924	69056
48	NC_069925	168494
48	NC_069926	1902460
48	NC_069927	168500
48	NC_069928	2029625
48	NC_069929	2508839
48	NC_069930	168507
48	NC_069931	168499
48	NC_069932	1503306
48	NC_069933	168503
48	NC_069934	168489
48	NC_069935	1902457
48	NC_069936	2056413
48	NC_069937	1902468
48	NC_069938	2056411
48	NC_069939	2056412
48	NC_069940	1902462
48	NC_069941	2820035
48	NC_069942	1902486
48	NC_069943	1902458
48	NC_069944	1902473
62	NC_069945	228704
16	NC_069946	929405
16	NC_069947	929406
16	NC_069948	400538
16	NC_069949	1603831
16	NC_069950	1705973
16	NC_069951	50501
36	NC_069954	3003209
36	NC_069955	1217867
36	NC_069956	53068
36	NC_069957	53070
404	NC_069958	296648
404	NC_069959	53074
404	NC_069960	53075
404	NC_069961	1226225
404	NC_069962	53077
404	NC_069963	253090
404	NC_069964	53078
404	NC_069965	53079
404	NC_069966	53082
404	NC_069967	53084
404	NC_069968	53085
404	NC_069969	2857368
404	NC_069970	53086
404	NC_069971	451002
404	NC_069972	53087
404	NC_069973	53088
404	NC_069974	53089
55	NC_069982	282772
262	NC_070020	3013936
262	NC_070021	2684247
262	NC_070022	2684248
262	NC_070023	2684249
262	NC_070024	3013937
262	NC_070025	3013938
262	NC_070026	3013939
262	NC_070027	2684250
262	NC_070028	2291173
262	NC_070029	3013940
262	NC_070030	2684251
262	NC_070031	3013941
262	NC_070032	3013942
262	NC_070033	2684252
262	NC_070034	2306266
262	NC_070035	2684254
262	NC_070036	3013945
262	NC_070037	203766
262	NC_070038	1330323
262	NC_070039	1302936
262	NC_070040	1305013
262	NC_070041	2054583
262	NC_070042	3013947
262	NC_070043	2684253
262	NC_070044	2800607
262	NC_070045	3013948
46	NC_070047	2967311
259	NC_070056	928054
160	NC_070061	377126
225	NC_070062	13571
8	NC_070064	186963
8	NC_070065	1798775
8	NC_070067	238941
114	NC_070070	572131
63	NC_070081	489322
63	NC_070082	101743
63	NC_070083	76356
146	NC_070084	3014869
63	NC_070085	1749380
405	NC_070086	3014870
54	NC_070087	941574
221	NC_070088	161031
286	NC_070095	2982759
286	NC_070097	2892309
343	NC_070098	137669
343	NC_070099	1202981
343	NC_070100	1072385
85	NC_070102	336665
79	NC_070107	2992182
55	NC_070112	2991492
106	NC_070117	3015604
106	NC_070118	928065
106	NC_070119	100496
106	NC_070120	203833
106	NC_070121	1315756
106	NC_070122	2652754
106	NC_070123	3015603
106	NC_070124	1045189
106	NC_070125	100494
106	NC_070126	100528
106	NC_070127	2652781
106	NC_070128	191662
106	NC_070129	235914
106	NC_070130	59067
106	NC_070131	796839
106	NC_070132	927809
106	NC_070134	39534
8	NC_070135	996406
268	NC_070139	3054220
268	NC_070140	66092
90	NC_070141	53883
44	NC_070175	155289
57	NC_070192	1165086
55	NC_070196	669122
55	NC_070197	2806625
55	NC_070198	1810415
55	NC_070199	1227626
55	NC_070200	1903215
55	NC_070201	487770
55	NC_070202	2976246
55	NC_070203	205375
55	NC_070204	1287620
55	NC_070205	2976247
55	NC_070206	669139
55	NC_070207	2055979
17	NC_070233	32202
367	NC_070234	1370097
367	NC_070235	235837
51	NC_070237	174182
17	NC_070238	229048
17	NC_070239	191188
69	NC_070244	93697
51	NC_070245	2874103
207	NC_070248	2764623
62	NC_070251	1185349
217	NC_070274	761858
217	NC_070275	1112097
185	NC_070276	761856
185	NC_070277	761857
56	NC_070283	105380
56	NC_070284	105382
56	NC_070285	97782
56	NC_070286	1576615
56	NC_070287	1576616
56	NC_070288	105381
8	NC_070298	41548
406	NC_070307	3018802
406	NC_070326	1684031
369	NC_070339	197604
225	NC_070340	76374
13	NC_070341	496686
13	NC_070342	386070
286	NC_070343	496688
286	NC_070344	681596
13	NC_070345	1042412
13	NC_070346	496703
13	NC_070347	1042414
286	NC_070348	1042416
56	NC_070354	4632
56	NC_070355	168180
56	NC_070356	1543992
56	NC_070357	94329
56	NC_070358	4634
2	NC_070364	304130
258	NC_070388	1605257
258	NC_070389	76277
51	NC_070391	267621
79	NC_070392	1035809
106	NC_070393	326070
47	NC_070394	4052
51	NC_070395	2544929
317	NC_070396	309307
13	NC_070398	40937
286	NC_070399	1553918
13	NC_070400	2806829
13	NC_070401	408980
13	NC_070402	2976882
13	NC_070403	2976881
46	NC_070406	138912
381	NC_070410	1425329
381	NC_070411	1916041
381	NC_070412	1425330
381	NC_070413	2948742
381	NC_070414	1916034
381	NC_070415	157092
381	NC_070416	157090
381	NC_070417	1425328
381	NC_070418	157083
381	NC_070419	109606
381	NC_070420	157086
381	NC_070421	929412
381	NC_070422	50498
381	NC_070423	157099
381	NC_070424	190807
381	NC_070425	2071524
135	NC_070426	3019666
135	NC_070427	3019665
135	NC_070428	3019668
135	NC_070429	2663197
135	NC_070430	656688
135	NC_070431	656650
135	NC_070432	1032966
135	NC_070433	3019667
46	NC_070438	1143243
344	NC_070439	1616261
344	NC_070440	1616262
344	NC_070441	2784210
344	NC_070442	1616263
344	NC_070443	1729362
344	NC_070444	489506
344	NC_070445	1616264
344	NC_070446	489507
344	NC_070447	2784213
344	NC_070448	1792731
344	NC_070449	1191342
344	NC_070450	29769
344	NC_070451	2784220
344	NC_070452	1729363
344	NC_070453	1792739
344	NC_070454	489508
344	NC_070455	1191343
344	NC_070456	2784207
344	NC_070457	1792748
344	NC_070458	1792749
344	NC_070459	489510
344	NC_070460	3019850
344	NC_070461	1616291
344	NC_070462	2784224
182	NC_070463	159961
344	NC_070464	489512
344	NC_070465	489514
344	NC_070466	1729365
344	NC_070467	1616296
344	NC_070468	1616297
344	NC_070469	1792758
344	NC_070470	1616298
344	NC_070471	2338912
344	NC_070472	1616300
344	NC_070473	1191345
344	NC_070474	489515
344	NC_070475	1792761
344	NC_070476	1616303
344	NC_070477	489516
344	NC_070478	489517
344	NC_070479	1616307
344	NC_070480	2784240
344	NC_070481	1616311
344	NC_070482	1616313
385	NC_070483	489505
344	NC_070484	1729367
385	NC_070485	2666090
385	NC_070486	1529525
344	NC_070487	1792768
344	NC_070488	1616317
385	NC_070489	489522
344	NC_070490	1616320
344	NC_070491	3019852
344	NC_070492	489521
344	NC_070493	1616321
344	NC_070494	1792771
344	NC_070495	2338909
344	NC_070496	2784254
344	NC_070497	1616323
344	NC_070498	1792773
344	NC_070499	1616325
344	NC_070500	3019853
344	NC_070501	1616328
344	NC_070502	489524
182	NC_070504	1616332
344	NC_070505	489527
344	NC_070506	1616336
344	NC_070507	1792781
344	NC_070508	1616340
344	NC_070509	2338904
344	NC_070510	1616342
344	NC_070511	2784267
344	NC_070512	1792784
344	NC_070513	1616346
344	NC_070514	489529
344	NC_070515	2784270
344	NC_070516	1616350
344	NC_070517	1792787
344	NC_070518	489531
344	NC_070519	489533
344	NC_070520	1792789
344	NC_070521	2784275
344	NC_070522	2267778
344	NC_070523	1616255
344	NC_070524	489534
344	NC_070525	1616356
344	NC_070526	489535
344	NC_070527	1616357
344	NC_070528	3019858
403	NC_071161	87525
403	NC_071162	87534
403	NC_071163	87524
13	NC_071164	371361
13	NC_071165	371392
13	NC_071166	371329
13	NC_071167	200487
13	NC_071168	371388
13	NC_071169	1514020
13	NC_071170	371359
13	NC_071171	1514007
13	NC_071172	1514008
13	NC_071173	1514031
13	NC_071174	371337
13	NC_071175	2976225
13	NC_071176	2976224
13	NC_071177	1514053
13	NC_071179	99502
180	NC_071180	1079077
180	NC_071181	104318
253	NC_071196	82931
152	NC_071197	3020270
152	NC_071198	64136
152	NC_071200	350026
152	NC_071201	350024
152	NC_071202	2338894
253	NC_071203	96569
152	NC_071205	1603812
152	NC_071206	350025
152	NC_071207	51000
152	NC_071209	3020271
30	NC_071211	1653801
30	NC_071212	278073
30	NC_071213	1699511
214	NC_071214	63094
87	NC_071221	362895
87	NC_071222	40721
335	NC_071223	2734166
407	NC_071224	330490
408	NC_071226	428243
409	NC_071227	75421
410	NC_071228	428257
360	NC_071233	254780
18	NC_071248	126438
18	NC_071249	178760
18	NC_071250	1133299
321	NC_071254	141627
53	NC_071357	861410
53	NC_071358	586119
53	NC_071359	861409
53	NC_071360	861404
53	NC_071361	586112
411	NC_071362	192271
355	NC_071363	879918
355	NC_071364	308401
99	NC_071750	424577
404	NC_071758	1088841
125	NC_071759	2911714
36	NC_071775	335155
36	NC_071776	257357
36	NC_071777	161869
36	NC_071778	179348
111	NC_071782	2996715
412	NC_071785	2992612
13	NC_071789	357852
13	NC_071790	943329
286	NC_071791	239637
286	NC_071792	49575
13	NC_071793	54728
286	NC_071794	2448751
286	NC_071795	3024257
286	NC_071796	584733
286	NC_071797	1729591
286	NC_071798	3024258
286	NC_071799	584735
13	NC_071800	2817587
286	NC_071801	63028
217	NC_071802	3024260
286	NC_071803	584740
286	NC_071804	99526
286	NC_071805	1729592
13	NC_071806	584759
286	NC_071807	3024259
286	NC_071808	1729594
13	NC_071809	2979853
13	NC_071810	63029
286	NC_071811	496692
286	NC_071812	239675
286	NC_071813	460609
286	NC_071814	584769
286	NC_071815	2950368
13	NC_071816	489397
91	NC_071827	162895
253	NC_071828	2511895
389	NC_071834	488015
186	NC_071835	2497809
66	NC_071836	3024860
66	NC_071837	159571
152	NC_071838	451700
152	NC_071839	3024831
152	NC_071840	64130
152	NC_071841	64132
345	NC_071843	154990
67	NC_071844	3024958
413	NC_071845	1874231
67	NC_071846	572113
280	NC_071847	672822
280	NC_071849	2052345
280	NC_071850	3024960
99	NC_071851	2263218
67	NC_071852	487773
87	NC_071854	69719
87	NC_071855	40715
53	NC_071868	945837
106	NC_071870	2993429
9	NC_071874	109224
99	NC_071895	3025286
3	NC_071909	2978058
55	NC_071925	669127
55	NC_071926	2291100
55	NC_071927	223870
286	NC_071929	48053
42	NC_071930	1642049
36	NC_071937	1470414
18	NC_071945	1354239
94	NC_071948	3025959
94	NC_071949	486688
130	NC_071950	1603718
74	NC_071957	3025176
375	NC_072054	2917549
321	NC_072067	2985481
130	NC_072068	1736744
18	NC_072069	424910
195	NC_072070	179861
8	NC_072074	702219
8	NC_072075	595332
8	NC_072076	125697
8	NC_072077	1754164
8	NC_072078	595334
8	NC_072079	595335
8	NC_072080	595337
8	NC_072081	883002
8	NC_072082	3002699
8	NC_072083	595339
8	NC_072084	3002700
8	NC_072085	3002701
8	NC_072086	1754146
8	NC_072087	595340
8	NC_072088	3002702
8	NC_072089	595342
8	NC_072090	595343
8	NC_072091	598561
8	NC_072092	595344
8	NC_072093	2741995
8	NC_072094	1754147
8	NC_072095	595347
8	NC_072096	595349
8	NC_072097	595350
8	NC_072098	595351
8	NC_072099	2779940
8	NC_072100	595352
8	NC_072101	595353
8	NC_072102	1209484
162	NC_072103	2486982
13	NC_072106	330211
13	NC_072107	330209
286	NC_072108	330208
286	NC_072109	2785974
75	NC_072116	3026878
295	NC_072134	2986129
35	NC_072142	1609287
35	NC_072143	2572401
35	NC_072144	154467
35	NC_072145	349346
35	NC_072146	290277
51	NC_072165	228837
2	NC_072167	304142
54	NC_072174	319926
8	NC_072176	983245
381	NC_072179	1916029
381	NC_072180	157082
75	NC_072212	102772
158	NC_072247	502151
226	NC_072253	281910
321	NC_072254	3028188
49	NC_072259	199156
186	NC_072261	321604
106	NC_072262	1280228
59	NC_072267	587398
36	NC_072269	859507
208	NC_072270	223224
208	NC_072271	426461
208	NC_072272	426462
315	NC_072275	1082498
145	NC_072298	318068
56	NC_072300	857214
56	NC_072301	199671
56	NC_072302	2984246
56	NC_072303	336858
56	NC_072304	336848
56	NC_072305	857215
56	NC_072306	765958
56	NC_072307	857217
56	NC_072308	2984253
56	NC_072309	2984247
56	NC_072310	2984243
56	NC_072311	2984244
381	NC_072312	1030488
79	NC_072313	1545860
27	NC_072328	161106
54	NC_072329	319924
135	NC_072338	1523603
8	NC_072347	119176
6	NC_072505	386151
6	NC_072506	486424
6	NC_072507	2888449
6	NC_072508	2888446
6	NC_072509	1144452
168	NC_072510	1144461
6	NC_072511	486431
6	NC_072512	386245
6	NC_072513	2888447
6	NC_072514	459633
168	NC_072515	685055
168	NC_072516	3670
168	NC_072517	1045181
6	NC_072518	50543
36	NC_072527	1523572
135	NC_072528	634377
136	NC_072529	28516
136	NC_072530	326937
8	NC_072537	185202
126	NC_072552	237942
94	NC_072556	447671
300	NC_072558	226677
414	NC_072561	1142941
414	NC_072562	1158074
415	NC_072563	796831
414	NC_072564	2992860
416	NC_072565	2992861
414	NC_072566	49692
417	NC_072567	381652
47	NC_072570	2291176
366	NC_072572	58992
418	NC_072573	1201177
57	NC_072574	49752
81	NC_072575	1406371
419	NC_072576	148520
419	NC_072577	58964
414	NC_072578	1130978
323	NC_072579	1053788
323	NC_072581	915442
418	NC_072582	152754
81	NC_072583	152759
414	NC_072584	2993613
414	NC_072585	122950
81	NC_072586	182178
57	NC_072587	51387
420	NC_072588	85340
48	NC_072589	1381010
48	NC_072590	2803922
278	NC_072591	1218918
48	NC_072592	263963
396	NC_072593	3031286
48	NC_072594	160402
54	NC_072608	452962
15	NC_072621	85437
421	NC_072622	3015786
421	NC_072623	176127
421	NC_072624	1769926
421	NC_072625	1769928
421	NC_072626	2259405
421	NC_072627	3031466
421	NC_072628	57917
421	NC_072629	1769919
36	NC_072631	2594760
36	NC_072632	160521
10	NC_072636	1221638
47	NC_072641	2294070
47	NC_072642	71987
47	NC_072643	3032021
47	NC_072644	3032019
47	NC_072645	3032020
414	NC_072661	152746
418	NC_072662	58979
118	NC_072663	354522
77	NC_072665	2731867
8	NC_072669	118778
4	NC_072673	307974
44	NC_072676	434240
44	NC_072693	46945
2	NC_072696	33114
36	NC_072702	2977356
36	NC_072707	179351
45	NC_072708	161111
422	NC_072724	210381
422	NC_072725	56634
69	NC_072908	2903554
87	NC_072909	3033833
36	NC_072910	309529
52	NC_072911	401069
61	NC_072912	32225
423	NC_072913	120385
40	NC_072914	190005
40	NC_072915	141009
40	NC_072916	1043504
40	NC_072917	190007
423	NC_072918	32235
423	NC_072919	1961200
61	NC_072920	32237
61	NC_072921	133203
423	NC_072922	32245
8	NC_072928	238945
8	NC_072929	238956
8	NC_072930	238954
213	NC_072931	667282
271	NC_072935	3033941
369	NC_072937	1046480
369	NC_072938	212834
369	NC_072939	216481
85	NC_072944	3019043
51	NC_072945	175724
40	NC_072946	1642854
40	NC_072947	1642862
40	NC_072948	1642864
40	NC_072949	1358727
40	NC_072950	1642872
10	NC_072951	73300
35	NC_072959	145671
35	NC_072960	169989
35	NC_072967	2559483
35	NC_072968	292759
286	NC_072976	2992064
11	NC_072979	883761
125	NC_072987	2936324
335	NC_072999	34173
212	NC_073000	124764
2	NC_073005	223891
389	NC_073006	430754
30	NC_073007	452457
421	NC_073010	1769920
317	NC_073014	1118427
47	NC_073016	46421
24	NC_073021	122319
337	NC_073097	202634
386	NC_073098	2918407
136	NC_073099	83937
369	NC_073100	720869
42	NC_073102	1119055
340	NC_073103	1348127
340	NC_073104	2959665
94	NC_073106	1503369
107	NC_073149	347887
10	NC_073153	74140
8	NC_073505	189247
85	NC_073520	1737613
16	NC_073535	122832
8	NC_073536	1196464
8	NC_073537	1196499
106	NC_073539	1044910
202	NC_073541	390498
202	NC_073542	390503
8	NC_073547	909278
182	NC_073560	2018573
182	NC_073561	2652141
182	NC_073562	2018575
182	NC_073563	2419559
182	NC_073564	1792766
182	NC_073565	2664457
182	NC_073566	3027960
67	NC_073570	2584542
424	NC_073581	437288
234	NC_073582	489316
53	NC_073583	180757
204	NC_077252	212859
204	NC_077253	212973
67	NC_077467	2969155
67	NC_077468	2584543
67	NC_077469	2969156
67	NC_077470	255883
67	NC_077471	2584544
67	NC_077472	2053897
67	NC_077473	2969159
67	NC_077474	2969152
105	NC_077480	470283
105	NC_077481	453077
105	NC_077482	453078
105	NC_077483	453083
105	NC_077484	453087
105	NC_077485	1852768
105	NC_077486	453089
105	NC_077487	453088
105	NC_077488	453076
44	NC_077489	447319
204	NC_077491	123498
307	NC_077492	244763
307	NC_077493	200488
307	NC_077494	1729111
307	NC_077495	1045197
307	NC_077496	1729107
1	NC_077504	153365
1	NC_077505	153339
1	NC_077506	153317
1	NC_077507	200328
1	NC_077508	153318
1	NC_077509	537144
281	NC_077510	153319
262	NC_077511	1330314
262	NC_077512	1245804
262	NC_077513	2764655
262	NC_077514	1245801
262	NC_077515	3038790
262	NC_077516	1330309
262	NC_077517	1330300
113	NC_077520	62344
113	NC_077521	246703
113	NC_077522	384654
10	NC_077525	73274
262	NC_077527	1330298
202	NC_077528	390504
202	NC_077529	390501
202	NC_077530	390500
202	NC_077531	390499
202	NC_077532	2764620
202	NC_077533	390497
202	NC_077534	47643
202	NC_077535	403827
202	NC_077536	390494
202	NC_077537	20484
202	NC_077538	390493
158	NC_077539	2749487
310	NC_077541	2764617
310	NC_077542	3039008
158	NC_077543	144137
310	NC_077544	2764616
310	NC_077545	3039009
158	NC_077546	2764613
310	NC_077547	2764612
310	NC_077548	2749464
371	NC_077549	144064
310	NC_077550	2749462
310	NC_077551	20402
77	NC_077552	912971
425	NC_077558	313920
42	NC_077561	321607
186	NC_077571	421255
62	NC_077575	765270
125	NC_077577	128733
125	NC_077578	1498187
125	NC_077579	122218
125	NC_077580	1505647
8	NC_077584	1196470
8	NC_077585	2306208
423	NC_077593	133202
135	NC_077628	188305
135	NC_077629	608809
135	NC_077630	3041055
227	NC_077631	2749919
227	NC_077632	1938967
54	NC_077634	542717
2	NC_077636	45837
135	NC_077643	48820
135	NC_077644	1032964
135	NC_077645	1217174
135	NC_077646	656647
15	NC_077664	55188
55	NC_079569	1177123
135	NC_079572	2762683
135	NC_079573	3029072
135	NC_079574	2762690
135	NC_079575	1032972
36	NC_079577	764339
389	NC_079578	2582808
36	NC_079579	199945
44	NC_079582	3036691
44	NC_079583	460786
46	NC_079585	604297
99	NC_079586	1439902
321	NC_079591	69385
321	NC_079593	3036757
62	NC_079594	141482
62	NC_079595	187500
361	NC_079596	2785596
62	NC_079597	2072778
361	NC_079598	1628087
361	NC_079599	485208
62	NC_079600	1921141
62	NC_079603	120811
62	NC_079604	3036754
62	NC_079605	424982
321	NC_079607	453901
321	NC_079608	28505
321	NC_079609	3036755
426	NC_079610	1341698
321	NC_079611	3036760
160	NC_079612	144544
361	NC_079613	3036756
427	NC_079614	1220079
428	NC_079615	582711
321	NC_079616	413289
21	NC_079618	339888
21	NC_079619	339880
21	NC_079620	2994847
8	NC_079626	1196493
155	NC_079630	3041677
17	NC_079652	66393
55	NC_079653	99024
55	NC_079654	463582
55	NC_079655	463585
55	NC_079656	463587
55	NC_079657	466057
21	NC_079659	2909617
136	NC_079661	222877
17	NC_079665	3054372
54	NC_079666	2321409
280	NC_079688	2024916
392	NC_079695	204141
17	NC_079701	3054370
17	NC_079702	3043289
35	NC_079705	943339
35	NC_079706	370905
35	NC_079707	145673
35	NC_079710	2544921
35	NC_079711	292683
35	NC_079712	2544923
35	NC_079713	115450
35	NC_079714	2559692
35	NC_079715	1233743
35	NC_079716	292746
35	NC_079717	184795
35	NC_079718	416373
35	NC_079719	348460
35	NC_079720	154471
35	NC_079721	77339
35	NC_079722	1089948
35	NC_079723	2860837
35	NC_079724	674195
35	NC_079725	154479
35	NC_079726	348509
35	NC_079727	115473
35	NC_079728	290260
35	NC_079729	1089976
35	NC_079730	1089980
35	NC_079731	1089990
35	NC_079732	115496
35	NC_079733	131286
35	NC_079734	115498
35	NC_079735	446122
35	NC_079736	446123
35	NC_079737	446124
35	NC_079738	4720
35	NC_079739	446126
35	NC_079740	446128
35	NC_079741	93307
35	NC_079742	154488
35	NC_079743	154489
35	NC_079744	184801
35	NC_079745	131296
35	NC_079746	115515
35	NC_079747	469726
35	NC_079748	446155
35	NC_079749	115516
35	NC_079750	469730
35	NC_079751	54447
35	NC_079752	469732
35	NC_079753	469733
35	NC_079754	348516
35	NC_079755	447618
35	NC_079756	2831168
35	NC_079757	2873436
35	NC_079758	1505919
35	NC_079759	1056962
35	NC_079760	115529
35	NC_079761	1056963
35	NC_079762	1056965
35	NC_079763	145714
35	NC_079764	184793
35	NC_079765	2799473
35	NC_079766	131249
35	NC_079767	290258
35	NC_079768	290272
35	NC_079769	131259
35	NC_079770	145677
35	NC_079771	290278
35	NC_079772	1225077
35	NC_079773	292695
35	NC_079774	348475
35	NC_079775	3028551
35	NC_079776	480897
35	NC_079777	352070
35	NC_079778	131265
35	NC_079779	1089958
35	NC_079780	292706
35	NC_079781	154482
35	NC_079782	292773
35	NC_079783	456885
35	NC_079784	131271
35	NC_079785	145693
35	NC_079786	131274
35	NC_079787	1505921
35	NC_079788	131276
35	NC_079789	1089959
35	NC_079790	93283
35	NC_079791	1089970
35	NC_079792	480374
35	NC_079793	940354
35	NC_079794	1089991
35	NC_079795	115491
35	NC_079796	2448448
35	NC_079797	131288
35	NC_079798	292669
35	NC_079799	184789
35	NC_079800	184787
35	NC_079801	145697
35	NC_079802	115504
35	NC_079803	154485
35	NC_079804	2559486
35	NC_079805	2559487
35	NC_079806	292697
35	NC_079807	115513
35	NC_079808	115514
35	NC_079809	292783
35	NC_079810	145709
35	NC_079811	1090036
35	NC_079812	184803
35	NC_079813	131300
35	NC_079814	480906
35	NC_079815	3042829
35	NC_079816	115527
35	NC_079817	292712
64	NC_079818	1431197
15	NC_079821	2211363
15	NC_079822	1868278
46	NC_079823	1770158
15	NC_079825	200541
429	NC_079845	1046423
194	NC_079847	72185
194	NC_079848	3472
54	NC_079854	175026
42	NC_079867	577513
42	NC_079868	649271
42	NC_079869	2722879
42	NC_079870	3044383
42	NC_079871	577515
42	NC_079872	74630
46	NC_079915	1008935
225	NC_079916	478911
42	NC_079924	32246
42	NC_079925	1616082
42	NC_079926	119234
42	NC_079927	74637
42	NC_079928	649269
42	NC_079929	1642051
42	NC_079930	1036029
42	NC_079931	649270
42	NC_079932	74644
42	NC_079933	1608492
42	NC_079934	971287
54	NC_079935	452959
15	NC_079952	229630
15	NC_079953	237567
15	NC_079954	109792
42	NC_079958	641286
42	NC_079959	577510
42	NC_079960	283339
42	NC_079961	267232
42	NC_079962	396733
42	NC_079963	1826635
42	NC_079964	1036027
378	NC_079965	1040842
430	NC_080204	374712
13	NC_080210	1080326
54	NC_080228	452966
54	NC_080233	542737
225	NC_080234	1685553
225	NC_080235	141318
225	NC_080236	1685548
225	NC_080237	3040088
225	NC_080238	1685551
225	NC_080239	1685555
225	NC_080240	1685547
225	NC_080241	714472
225	NC_080242	1685546
225	NC_080243	3040089
226	NC_080264	3040768
36	NC_080272	1541229
91	NC_080273	1898862
54	NC_080274	544491
80	NC_080275	1044921
135	NC_080277	1971718
135	NC_080278	2750839
135	NC_080279	1522187
135	NC_080280	2762691
135	NC_080281	1032937
135	NC_080282	1971723
88	NC_080288	2483102
88	NC_080289	2483109
88	NC_080290	2483070
88	NC_080291	2973732
88	NC_080292	2973733
88	NC_080293	2483072
88	NC_080294	2483075
88	NC_080295	2483083
88	NC_080296	2483090
88	NC_080297	2483093
88	NC_080298	2483094
88	NC_080299	2483095
88	NC_080300	2483098
88	NC_080301	2483100
88	NC_080302	2483103
88	NC_080303	2483105
88	NC_080304	106456
88	NC_080305	100696
88	NC_080306	2483088
88	NC_080307	547592
159	NC_080308	325095
146	NC_080330	1176413
146	NC_080332	441023
46	NC_080341	1143231
213	NC_080342	667249
42	NC_080343	971290
186	NC_080344	411214
186	NC_080345	3049248
226	NC_080346	2054570
95	NC_080347	3049252
36	NC_080348	179352
146	NC_080349	521743
384	NC_080352	38788
42	NC_080356	3049958
1	NC_080369	97984
70	NC_080370	3050117
106	NC_080371	261437
159	NC_080373	12948
106	NC_080376	3043769
47	NC_080497	2054533
94	NC_080498	1914886
94	NC_080499	2652152
94	NC_080500	486663
59	NC_080501	396393
431	NC_080502	229438
432	NC_080503	184985
80	NC_080504	2940253
80	NC_080505	229427
55	NC_080507	318067
106	NC_080508	3051034
160	NC_080510	2479460
253	NC_080515	135518
182	NC_080516	175228
8	NC_080520	1798793
8	NC_080531	2744234
433	NC_080532	271243
6	NC_080536	685054
6	NC_080537	1144458
95	NC_080538	502515
317	NC_080592	1867283
11	NC_080867	178187
148	NC_080870	3045929
148	NC_080871	3041915
116	NC_080872	363219
8	NC_080873	1898829
54	NC_080884	542715
342	NC_080888	173669
342	NC_080889	3055979
342	NC_080890	3055980
342	NC_080891	1197916
44	NC_080900	128602
367	NC_080901	121077
44	NC_080902	3056407
44	NC_080903	3056408
6	NC_080912	676073
430	NC_080915	216539
430	NC_080917	1197397
430	NC_080918	216532
430	NC_080920	326833
135	NC_080921	326832
135	NC_080922	216522
374	NC_080923	326827
430	NC_080925	216516
430	NC_080929	326812
176	NC_080930	3056593
225	NC_080986	3056920
334	NC_080990	2590719
434	NC_080991	2510903
434	NC_080992	2510918
35	NC_080993	1090009
49	NC_080994	206310
36	NC_081004	125116
303	NC_081007	171206
303	NC_081008	873091
303	NC_081009	392738
111	NC_081012	1241825
352	NC_081013	155013
111	NC_081014	859319
329	NC_081018	3058092
54	NC_081063	452963
254	NC_081064	72190
412	NC_081065	72180
1	NC_081108	457775
1	NC_081109	50459
107	NC_081110	228874
1	NC_081111	945839
1	NC_081112	282603
1	NC_081113	743978
1	NC_081114	282595
1	NC_081115	282597
1	NC_081116	208904
1	NC_081117	95392
1	NC_081118	311953
1	NC_081119	2764633
1	NC_081120	2764639
1	NC_081121	155756
1	NC_081122	1492263
1	NC_081123	537132
1	NC_081124	369002
1	NC_081125	345537
107	NC_081126	1205763
1	NC_081127	537184
143	NC_081130	1511924
1	NC_081133	537185
367	NC_081460	1267443
120	NC_081461	1008904
120	NC_081462	1009467
47	NC_081463	57008
125	NC_081464	3047111
385	NC_081466	1779711
284	NC_081469	1159551
284	NC_081470	1218747
284	NC_081471	244036
284	NC_081472	59115
284	NC_081473	1547482
99	NC_081477	204219
106	NC_081478	3047879
430	NC_081481	3047500
430	NC_081482	1348752
234	NC_081484	404691
425	NC_081495	441196
53	NC_081496	516948
53	NC_081497	669730
2	NC_081500	41689
40	NC_081501	1398537
375	NC_081512	1795528
88	NC_081515	72644
88	NC_081516	1908554
118	NC_081864	354484
435	NC_081865	282647
118	NC_081868	1226057
435	NC_081869	76957
435	NC_081873	1226072
435	NC_081874	3002538
435	NC_081876	1125850
435	NC_081877	2981376
118	NC_081878	354496
435	NC_081879	1226079
435	NC_081880	354498
118	NC_081881	68548
118	NC_081882	1619493
435	NC_081883	282616
435	NC_081886	282612
435	NC_081887	2981400
436	NC_081888	483713
435	NC_081889	1226096
435	NC_081895	1226103
436	NC_081900	1226106
435	NC_081901	282620
435	NC_081902	282618
62	NC_081903	1740896
88	NC_081906	100679
307	NC_081907	1045195
202	NC_081909	575199
437	NC_081926	319738
81	NC_081929	3058894
81	NC_081930	995786
81	NC_081931	995797
81	NC_081932	1701878
145	NC_081935	176607
8	NC_081936	176604
8	NC_081937	183032
8	NC_081938	1532449
145	NC_081939	176532
145	NC_081940	183029
8	NC_081941	171780
8	NC_081942	496607
8	NC_081943	375931
145	NC_081944	41659
8	NC_081945	183056
8	NC_081946	1542364
8	NC_081947	496632
8	NC_081948	1532452
8	NC_081949	2782251
8	NC_081950	316966
35	NC_081962	400887
100	NC_081993	2775423
170	NC_081995	1161996
170	NC_081996	1970670
170	NC_081997	1970668
438	NC_081998	2493990
111	NC_081999	3062349
111	NC_082000	3062351
111	NC_082001	43077
439	NC_082002	3062352
439	NC_082003	3062350
439	NC_082004	3062348
439	NC_082005	2859069
439	NC_082006	2859219
111	NC_082007	312614
111	NC_082009	2859220
111	NC_082010	312924
439	NC_082011	2862181
111	NC_082012	1526640
173	NC_082013	1217240
111	NC_082014	312940
111	NC_082015	312915
111	NC_082016	188331
111	NC_082017	188325
111	NC_082018	312933
111	NC_082019	312931
111	NC_082020	162018
111	NC_082021	2806810
111	NC_082022	312929
111	NC_082023	907228
111	NC_082024	312920
11	NC_082025	178175
11	NC_082026	2870639
11	NC_082027	1679386
11	NC_082028	2994697
440	NC_082033	1205704
313	NC_082049	75580
8	NC_082050	91246
145	NC_082051	128738
261	NC_082052	52299
36	NC_082055	2883515
46	NC_082056	455101
315	NC_082057	72166
36	NC_082061	814928
8	NC_082099	418257
245	NC_082101	640487
245	NC_082102	2058583
135	NC_082106	1736650
146	NC_082429	440949
43	NC_082575	3073537
43	NC_082576	3073538
43	NC_082577	554380
392	NC_082580	204151
186	NC_082581	124693
43	NC_082582	3073539
43	NC_082583	3073540
43	NC_082584	3073541
43	NC_082585	3073542
43	NC_082586	3073543
43	NC_082587	2968229
43	NC_082588	2744233
43	NC_082589	2015378
441	NC_082904	462872
51	NC_082906	175757
51	NC_082907	175735
178	NC_082920	1971366
62	NC_082943	1898823
106	NC_082963	2917579
18	NC_082971	56038
8	NC_082974	114280
54	NC_082975	3074754
54	NC_082976	1840585
54	NC_082977	2939673
54	NC_082978	1454366
54	NC_082979	2915795
54	NC_082980	2915786
54	NC_082981	542750
55	NC_083085	205360
279	NC_083086	1531355
279	NC_083087	1531357
186	NC_083088	2066563
204	NC_083119	1333885
204	NC_083120	457253
69	NC_083128	2173068
69	NC_083129	58708
8	NC_083143	2720781
8	NC_083144	2291728
8	NC_083145	254904
8	NC_083146	254918
286	NC_083192	2714098
286	NC_083193	2714099
286	NC_083194	2714100
286	NC_083195	584768
13	NC_083196	2831472
286	NC_083197	584743
286	NC_083198	496700
286	NC_083199	941844
286	NC_083200	239678
286	NC_083201	2663480
286	NC_083202	2663478
286	NC_083203	2666435
286	NC_083204	2714101
286	NC_083205	584749
286	NC_083207	165487
286	NC_083208	165498
286	NC_083209	2663479
286	NC_083210	496701
234	NC_083214	247887
90	NC_083215	1789066
234	NC_083216	1574110
268	NC_083217	346994
180	NC_083218	948718
412	NC_083221	1655241
158	NC_083391	2836190
21	NC_083905	232092
21	NC_083906	49377
21	NC_083907	49369
21	NC_083908	413830
158	NC_083909	2836192
158	NC_083910	3077617
158	NC_083911	2836193
158	NC_083912	2184288
202	NC_083913	626695
228	NC_083914	149687
202	NC_083916	1641281
202	NC_083918	1641302
261	NC_083964	41653
42	NC_083977	1608485
2	NC_083980	205567
56	NC_083981	4628
56	NC_083982	341692
313	NC_083984	2771004
245	NC_083997	426910
48	NC_084044	933138
99	NC_084045	342061
99	NC_084046	2758143
99	NC_084047	2785301
99	NC_084048	268915
99	NC_084049	392646
99	NC_084050	268878
99	NC_084051	268881
162	NC_084054	1619352
252	NC_084056	50144
252	NC_084057	286087
252	NC_084058	286086
162	NC_084059	2705726
162	NC_084060	3078780
162	NC_084061	3078781
162	NC_084062	2705727
74	NC_084066	1897473
74	NC_084067	171939
74	NC_084068	171943
74	NC_084069	171935
74	NC_084070	171932
74	NC_084071	171933
392	NC_084072	3080003
372	NC_084102	189242
48	NC_084107	1603704
442	NC_084108	249220
56	NC_084109	3079819
443	NC_084111	94108
389	NC_084112	856997
196	NC_084118	3080982
2	NC_084119	1108001
2	NC_084120	1112053
199	NC_084130	1851346
199	NC_084131	1155259
199	NC_084132	40784
199	NC_084133	669657
199	NC_084134	80777
199	NC_084135	1070709
36	NC_084137	309535
36	NC_084138	1470411
36	NC_084139	1541217
36	NC_084140	941464
36	NC_084141	309525
36	NC_084142	1541219
36	NC_084143	309528
36	NC_084144	2491195
36	NC_084145	2877173
36	NC_084146	1541222
36	NC_084147	1470417
36	NC_084148	2491196
36	NC_084149	2877167
36	NC_084150	1541227
36	NC_084151	2877168
36	NC_084152	2877169
36	NC_084153	2491198
36	NC_084154	1541231
36	NC_084156	2491199
36	NC_084157	1541237
36	NC_084158	679631
36	NC_084159	2491200
36	NC_084160	679632
36	NC_084161	1508136
67	NC_084165	2684400
67	NC_084166	3081611
67	NC_084167	984302
67	NC_084168	1766721
146	NC_084174	3080981
392	NC_084175	536996
17	NC_084177	1827312
214	NC_084188	122300
375	NC_084190	1127251
36	NC_084191	2894893
433	NC_084196	58481
442	NC_084199	48523
386	NC_084200	168340
388	NC_084201	222084
388	NC_084202	222085
444	NC_084203	1423388
90	NC_084206	204979
36	NC_084215	2932053
106	NC_084216	475751
139	NC_084217	152284
139	NC_084218	123680
139	NC_084219	1632116
139	NC_084220	3083244
139	NC_084221	152288
139	NC_084223	860741
139	NC_084224	96933
139	NC_084225	60124
139	NC_084226	860760
139	NC_084228	152626
139	NC_084229	860765
54	NC_084240	447317
56	NC_084246	3084951
208	NC_084252	189786
208	NC_084253	262219
208	NC_084254	189785
199	NC_084262	3080245
332	NC_084282	1507410
245	NC_084283	59339
44	NC_084288	119263
329	NC_084293	3082772
8	NC_084318	362630
99	NC_084319	1874238
99	NC_084320	1898873
9	NC_084329	1888382
47	NC_084330	90454
47	NC_084331	2153306
47	NC_084332	2951918
47	NC_084333	127421
158	NC_084335	649199
69	NC_084336	2822940
8	NC_084337	1809698
11	NC_084350	2915987
11	NC_084367	262459
11	NC_084371	334475
15	NC_084373	49581
445	NC_084374	71123
36	NC_084375	257354
36	NC_084377	2977355
36	NC_084378	1921730
146	NC_084379	3065487
11	NC_084380	2909257
11	NC_084381	219872
11	NC_084382	334474
11	NC_084383	2915953
11	NC_084386	2915957
11	NC_084388	2916021
11	NC_084389	2915974
11	NC_084390	2916009
11	NC_084391	2916011
11	NC_084392	219902
11	NC_084393	2916023
11	NC_084394	2916015
11	NC_084395	219904
11	NC_084396	2915983
11	NC_084397	2915986
367	NC_084398	306929
389	NC_084400	96455
286	NC_084401	516044
286	NC_084402	1033851
286	NC_084403	2930495
286	NC_084404	1553920
126	NC_084405	4205
150	NC_084406	13485
91	NC_084411	3092261
446	NC_084412	1290953
446	NC_084413	3082403
446	NC_084414	1929216
152	NC_084415	350027
293	NC_084416	54451
152	NC_084417	63355
404	NC_084418	1088823
404	NC_084419	53045
404	NC_084420	1088834
286	NC_084444	2991587
286	NC_084445	2991586
52	NC_084453	409518
52	NC_084454	1161166
54	NC_084455	147917
54	NC_084456	147915
398	NC_084969	4355
367	NC_085147	2883987
367	NC_085148	306927
367	NC_085149	2883986
36	NC_085156	2706247
36	NC_085157	125400
404	NC_085158	426933
36	NC_085159	125487
36	NC_085160	2706354
8	NC_085163	186969
243	NC_085164	365733
243	NC_085165	365734
47	NC_085169	49570
286	NC_085181	2997898
44	NC_085189	1009486
44	NC_085190	155302
44	NC_085191	1679281
44	NC_085192	317038
44	NC_085193	317043
3	NC_085194	344086
8	NC_085195	189224
8	NC_085196	409886
8	NC_085197	409887
8	NC_085198	409888
8	NC_085199	409889
8	NC_085200	3102647
8	NC_085201	409890
106	NC_085202	100527
106	NC_085203	261406
106	NC_085204	312036
44	NC_085205	3102655
8	NC_085214	1131399
18	NC_085215	1612632
18	NC_085216	693376
18	NC_085217	310423
18	NC_085218	126432
18	NC_085219	485365
179	NC_085221	228522
62	NC_085235	1196636
62	NC_085236	206247
59	NC_085237	1341708
286	NC_085243	2995338
135	NC_085249	1523604
51	NC_085264	227494
2	NC_085278	374031
392	NC_085281	3104704
74	NC_085283	298662
99	NC_085322	751787
447	NC_085341	44982
46	NC_085347	3106003
8	NC_085350	190260
139	NC_085353	23110
114	NC_085355	572119
114	NC_085356	572127
114	NC_085357	2953175
114	NC_085358	2856447
114	NC_085359	572132
134	NC_085364	190803
163	NC_085365	3106216
13	NC_085366	473991
43	NC_085367	82091
114	NC_085368	28510
396	NC_085416	1315792
148	NC_085423	272856
114	NC_085426	3107746
114	NC_085427	193326
114	NC_085428	1138135
114	NC_085429	997707
114	NC_085430	694356
114	NC_085431	3107734
114	NC_085432	2953166
114	NC_085433	3107744
114	NC_085434	2953176
114	NC_085435	3107742
114	NC_085436	3107743
114	NC_085437	694380
114	NC_085438	1138133
114	NC_085439	3107737
114	NC_085440	2953163
114	NC_085441	3107736
114	NC_085442	3107740
114	NC_085443	1081545
114	NC_085444	3107739
114	NC_085445	3107738
114	NC_085446	2953167
114	NC_085447	2953173
114	NC_085448	3079772
114	NC_085449	3107784
114	NC_085450	3107745
114	NC_085451	572123
114	NC_085452	2953169
114	NC_085453	1138126
114	NC_085454	3107735
261	NC_085463	45322
18	NC_085477	310425
182	NC_085480	3107789
142	NC_085481	49724
448	NC_085483	694029
54	NC_085496	2321405
46	NC_085497	36602
46	NC_085498	106554
46	NC_085499	1184610
170	NC_085504	46030
170	NC_085505	1211623
170	NC_085506	1685578
114	NC_085507	53173
114	NC_085508	3107741
114	NC_085509	2840061
114	NC_085510	572118
114	NC_085511	1138141
114	NC_085512	2953164
114	NC_085513	2953165
114	NC_085514	1138138
114	NC_085515	997735
114	NC_085516	1081546
114	NC_085517	2953179
114	NC_085518	572133
114	NC_085519	2953182
46	NC_085521	106565
46	NC_085522	106559
46	NC_085523	106555
26	NC_085534	480913
62	NC_085545	157443
286	NC_085567	859224
286	NC_085568	2995350
46	NC_085571	3108480
46	NC_085572	1826792
46	NC_085573	470526
46	NC_085575	3091547
46	NC_085577	3090533
46	NC_085578	1008924
46	NC_085579	3090200
46	NC_085580	2760073
46	NC_085581	343465
46	NC_085582	1217205
46	NC_085583	1770155
46	NC_085584	1775738
46	NC_085586	3108496
46	NC_085587	3108492
46	NC_085588	3095560
46	NC_085589	3108479
46	NC_085591	3108495
36	NC_085593	1281861
36	NC_085594	2016658
36	NC_085595	125421
335	NC_085602	3108749
36	NC_085603	683194
88	NC_085607	1506205
88	NC_085608	222986
88	NC_085609	230702
88	NC_085610	222990
88	NC_085611	100698
88	NC_085612	261219
88	NC_085613	106434
344	NC_085615	1792755
292	NC_085617	3109060
46	NC_085622	691230
46	NC_085623	691229
46	NC_085624	3109545
46	NC_085625	1770163
46	NC_085626	1770157
46	NC_085627	3109546
46	NC_085628	1770159
46	NC_085629	661363
46	NC_085631	1826797
46	NC_085632	690342
46	NC_085633	1826800
46	NC_085634	1826804
46	NC_085635	691239
46	NC_085636	3091941
46	NC_085637	2034696
46	NC_085638	1826811
46	NC_085639	1770154
46	NC_085640	510712
46	NC_085641	416296
46	NC_085642	416297
46	NC_085643	416303
46	NC_085644	661350
46	NC_085648	3091545
46	NC_085649	2873987
46	NC_085650	2720251
46	NC_085651	141006
46	NC_085654	691241
46	NC_085655	3091535
46	NC_085656	3091937
46	NC_085657	1770153
46	NC_085658	32249
46	NC_085659	1770160
46	NC_085660	1770161
46	NC_085661	2604395
46	NC_085662	3091543
46	NC_085663	1826807
46	NC_085664	1826808
46	NC_085665	656924
46	NC_085666	2831160
46	NC_085667	691243
46	NC_085668	1770165
46	NC_085669	1828479
46	NC_085670	3091939
46	NC_085671	1826784
80	NC_085672	59983
36	NC_085705	634106
36	NC_085707	3079012
36	NC_085708	123163
449	NC_085709	1959750
310	NC_085710	20401
2	NC_085711	119830
52	NC_085718	409512
52	NC_085719	409522
52	NC_085720	409515
52	NC_085721	2008527
52	NC_085722	141007
52	NC_085723	1450210
52	NC_085724	23225
52	NC_085725	2008508
52	NC_085726	409511
52	NC_085727	409517
52	NC_085728	216037
52	NC_085729	409521
381	NC_085730	3074738
284	NC_085731	3079884
158	NC_085734	339505
8	NC_085735	456516
8	NC_085736	41502
47	NC_085740	2292105
47	NC_085741	3034657
47	NC_085742	3034671
47	NC_085743	3034672
47	NC_085744	3034656
44	NC_085749	549619
47	NC_085752	48106
47	NC_085753	228659
47	NC_085754	50308
47	NC_085755	46415
217	NC_085759	79606
213	NC_085761	667287
292	NC_085763	121071
292	NC_085764	1780282
292	NC_085765	460773
292	NC_085766	3110971
292	NC_085767	2039882
292	NC_085768	3110972
347	NC_085769	2844878
347	NC_085770	357931
347	NC_085771	357932
81	NC_085774	292538
81	NC_085775	58956
81	NC_085776	995787
81	NC_085777	995800
81	NC_085778	585821
81	NC_085779	292543
81	NC_085780	1273557
81	NC_085781	3111470
81	NC_085782	1871462
81	NC_085783	1273555
10	NC_085786	73304
13	NC_085788	1439377
56	NC_085796	1162975
56	NC_085797	97746
56	NC_085798	1540396
56	NC_085799	110722
56	NC_085800	1969798
56	NC_085801	857210
56	NC_085802	110740
56	NC_085803	1969799
56	NC_085804	2827384
56	NC_085805	4646
56	NC_085806	2981558
56	NC_085807	2981559
56	NC_085808	97751
56	NC_085809	97739
56	NC_085810	94390
212	NC_085814	277990
8	NC_085815	318057
8	NC_085816	1196490
8	NC_085817	2836194
85	NC_085818	80288
85	NC_085819	80294
85	NC_085820	80321
135	NC_085823	3112158
67	NC_086485	157259
99	NC_086486	38860
67	NC_086487	49992
99	NC_086488	543980
99	NC_086489	294739
44	NC_086503	3025131
44	NC_086504	3025132
313	NC_086505	2291154
122	NC_086516	237949
2	NC_086521	856898
2	NC_086522	3112401
2	NC_086523	856883
2	NC_086524	3112402
2	NC_086525	856882
2	NC_086526	856895
106	NC_086529	3026407
106	NC_086530	2917566
106	NC_086531	2917578
106	NC_086532	2917573
106	NC_086540	3027164
106	NC_086541	3027166
106	NC_086542	3027165
2	NC_086544	2998085
2	NC_086545	561130
2	NC_086546	172795
2	NC_086547	561128
2	NC_086548	317827
2	NC_086549	856989
2	NC_086550	199469
135	NC_086552	3112624
18	NC_086553	764602
18	NC_086554	764601
79	NC_086555	1087055
46	NC_086558	2291143
46	NC_086559	2305210
46	NC_086560	661366
46	NC_086561	1248461
46	NC_086562	661340
46	NC_086563	2305212
46	NC_086564	661345
46	NC_086565	661351
46	NC_086566	665325
44	NC_086579	3113364
81	NC_086580	995792
81	NC_086581	198811
51	NC_086582	1720446
69	NC_086584	2173063
69	NC_086585	2173072
69	NC_086586	3064835
47	NC_086590	1053966
114	NC_086601	1045356
51	NC_086625	174187
51	NC_086626	175741
36	NC_086627	125394
234	NC_086628	72402
114	NC_086629	378904
8	NC_086647	3037135
145	NC_086650	183063
158	NC_086651	483875
430	NC_086656	2028288
459	NC_086659	2061027
316	NC_086660	2953948
228	NC_086663	1071044
365	NC_086665	265135
56	NC_086669	1170574
56	NC_086670	446147
56	NC_086671	446146
56	NC_086672	1125927
8	NC_086677	122537
8	NC_086678	58662
8	NC_086679	50194
8	NC_086680	255580
8	NC_086681	50204
8	NC_086682	50206
8	NC_086683	50210
8	NC_086684	3060854
47	NC_086692	61589
47	NC_086693	237959
126	NC_086694	179996
47	NC_086695	61590
47	NC_086696	1127633
47	NC_086697	1444320
100	NC_086707	1001094
286	NC_086708	692012
11	NC_086714	219869
11	NC_086715	1489815
286	NC_086727	376874
367	NC_086728	226581
321	NC_086729	413293
321	NC_086730	3115592
321	NC_086731	3115593
277	NC_086746	77334
148	NC_086747	3045930
54	NC_086748	1889606
8	NC_086757	381729
8	NC_086758	43188
8	NC_086759	50213
450	NC_086776	4436
253	NC_086777	420835
8	NC_086780	418268
8	NC_086793	4238
8	NC_086794	2775048
100	NC_086798	176269
100	NC_086799	2893849
286	NC_086813	584765
13	NC_086814	2847120
1	NC_086849	537173
331	NC_086853	1712205
51	NC_086855	1720486
2	NC_086861	227722
2	NC_086862	1045174
180	NC_086866	1341699
47	NC_086867	330647
2	NC_086868	45843
10	NC_086872	53583
10	NC_086873	73281
10	NC_086874	73276
10	NC_086875	73272
10	NC_086876	73299
2	NC_086880	942186
2	NC_086881	942187
2	NC_086882	337183
2	NC_086883	3118957
2	NC_086884	1968205
2	NC_086885	1167620
135	NC_086889	1736646
135	NC_086890	411098
135	NC_086891	1736677
135	NC_086892	1736635
135	NC_086893	1736641
135	NC_086894	3112179
135	NC_086895	1523607
135	NC_086896	1032970
135	NC_086898	3120011
152	NC_086901	180955
152	NC_086902	50993
36	NC_086903	1138419
106	NC_086925	2917563
106	NC_086926	2917576
106	NC_086927	2917570
106	NC_086928	2917582
106	NC_086929	2917564
106	NC_086930	2917567
106	NC_086931	2917581
106	NC_086932	1142992
106	NC_086933	2917568
106	NC_086934	2917571
106	NC_086935	2917575
106	NC_086936	2917577
106	NC_086937	2917569
106	NC_086938	2917574
106	NC_086939	2917572
106	NC_086940	2917565
106	NC_086941	2917580
106	NC_086942	2713338
451	NC_086943	174551
55	NC_086944	466059
286	NC_086953	1917946
15	NC_086954	159053
212	NC_086956	2184446
292	NC_086962	3120775
42	NC_086968	3121384
42	NC_086969	478373
42	NC_086971	57932
42	NC_086972	3121459
42	NC_086973	3121456
42	NC_086974	1732554
42	NC_086975	1429983
42	NC_086976	3121453
42	NC_086978	3121454
42	NC_086979	3121451
42	NC_086980	667228
42	NC_086981	3121455
42	NC_086983	654634
42	NC_086984	3121458
42	NC_086985	3121460
213	NC_086986	1732548
213	NC_086987	667297
213	NC_086988	1541695
213	NC_086989	1778369
213	NC_086990	714647
213	NC_086991	57939
213	NC_086992	714487
42	NC_086993	3121448
213	NC_086994	667262
213	NC_086995	210859
213	NC_086996	516013
213	NC_086997	667294
213	NC_086998	667264
213	NC_086999	654613
213	NC_087000	3091636
213	NC_087001	1819533
213	NC_087002	667246
213	NC_087003	1819540
213	NC_087004	1819547
213	NC_087005	57942
213	NC_087006	654631
213	NC_087007	3091635
213	NC_087008	1819538
213	NC_087009	667252
213	NC_087010	1732545
213	NC_087011	654633
213	NC_087012	1961204
213	NC_087013	1732547
213	NC_087014	654620
213	NC_087015	1732550
213	NC_087016	1778373
213	NC_087017	667269
213	NC_087018	1562891
213	NC_087019	3121463
213	NC_087020	3121465
213	NC_087021	3091642
213	NC_087022	1472690
42	NC_087023	57947
42	NC_087024	478372
42	NC_087025	478366
42	NC_087026	3121464
42	NC_087027	478363
42	NC_087028	457911
42	NC_087029	1541699
42	NC_087030	687993
213	NC_087031	1541698
213	NC_087032	1541697
213	NC_087033	57940
213	NC_087034	3121475
213	NC_087035	1076577
213	NC_087036	667283
213	NC_087037	57933
213	NC_087038	654646
213	NC_087039	3121473
213	NC_087040	1042667
213	NC_087041	57925
213	NC_087042	3089657
213	NC_087043	3121474
213	NC_087044	1961205
213	NC_087045	2713430
213	NC_087046	1008379
42	NC_087047	1053328
69	NC_087048	1633998
13	NC_087061	79200
8	NC_087583	50205
303	NC_087587	4026
303	NC_087588	2972752
303	NC_087589	1779287
303	NC_087590	1895641
303	NC_087591	934066
303	NC_087592	168570
303	NC_087593	171204
303	NC_087594	873092
303	NC_087595	2972753
303	NC_087596	290842
303	NC_087597	392741
303	NC_087598	873089
303	NC_087599	1287646
303	NC_087600	66206
303	NC_087601	290843
303	NC_087602	290844
303	NC_087603	1779277
303	NC_087604	1895588
169	NC_087612	330176
100	NC_087625	1195127
317	NC_087626	648879
367	NC_087627	235797
286	NC_087702	357967
286	NC_087703	52492
286	NC_087704	669746
286	NC_087706	1917943
286	NC_087707	1917944
286	NC_087708	99509
286	NC_087709	3079890
286	NC_087710	1917945
286	NC_087711	1917947
286	NC_087712	1917949
286	NC_087713	1917952
286	NC_087714	1917953
286	NC_087715	642896
286	NC_087716	3079891
243	NC_087717	120010
243	NC_087718	365729
243	NC_087719	365730
243	NC_087720	365735
243	NC_087721	55479
54	NC_087746	212650
54	NC_087747	542718
54	NC_087748	1840589
54	NC_087749	212651
54	NC_087750	1454367
54	NC_087751	2915796
54	NC_087752	542746
88	NC_087761	326768
54	NC_087763	2944735
54	NC_087764	1840596
54	NC_087765	648846
54	NC_087766	2811441
54	NC_087767	1407748
54	NC_087768	1840587
54	NC_087769	1082390
120	NC_087777	1007873
268	NC_087782	346974
69	NC_087786	2173071
11	NC_087811	219860
11	NC_087812	219897
11	NC_087813	219900
11	NC_087814	1813521
430	NC_087844	3127786
36	NC_087851	2594493
385	NC_087855	3127784
36	NC_087858	183482
404	NC_087860	1088838
314	NC_087867	120130
48	NC_087883	2911119
452	NC_087884	108407
453	NC_087885	126646
454	NC_087886	447313
296	NC_087887	13260
434	NC_087888	69412
453	NC_087889	1072615
455	NC_087909	2710877
385	NC_087912	885520
8	NC_087913	3082027
8	NC_087914	1209445
8	NC_087915	3082048
8	NC_087916	1209449
8	NC_087917	3082028
8	NC_087918	1209450
8	NC_087919	1209451
8	NC_087920	3082029
8	NC_087921	3082030
8	NC_087922	3082032
8	NC_087923	1209452
8	NC_087924	1209455
8	NC_087925	1209456
8	NC_087926	1209457
8	NC_087927	1209458
8	NC_087928	1209459
8	NC_087929	1442629
8	NC_087930	1209460
8	NC_087931	1209461
8	NC_087932	3082025
8	NC_087933	481985
8	NC_087934	3082033
8	NC_087935	1209464
8	NC_087936	49045
8	NC_087937	1209465
8	NC_087938	415506
8	NC_087939	595329
8	NC_087940	1209467
8	NC_087941	1209468
8	NC_087942	3082034
8	NC_087943	2836186
8	NC_087944	3082035
8	NC_087945	3030046
8	NC_087946	1209472
8	NC_087947	1754108
8	NC_087948	3082036
8	NC_087949	3082037
8	NC_087950	1209474
8	NC_087951	1754109
8	NC_087952	3082050
8	NC_087953	1209475
8	NC_087954	59423
8	NC_087955	1209476
8	NC_087956	1209477
8	NC_087957	1209478
8	NC_087958	1209479
8	NC_087959	1209480
8	NC_087960	330692
8	NC_087961	320627
8	NC_087962	1755145
8	NC_087963	112356
8	NC_087964	1209444
8	NC_087965	415154
8	NC_087966	59425
8	NC_087967	268097
8	NC_087968	2928425
8	NC_087969	152196
8	NC_087970	91263
8	NC_087971	3133199
8	NC_087972	3133200
8	NC_087973	1177005
59	NC_087974	2184477
59	NC_087975	1265927
55	NC_087976	2979711
55	NC_087977	1287611
8	NC_087980	1131401
1	NC_088033	377454
67	NC_088034	2290803
67	NC_088035	201516
67	NC_088036	167919
80	NC_088042	3043455
80	NC_088043	690490
80	NC_088046	3043452
80	NC_088047	1637977
80	NC_088048	3043451
148	NC_088049	2975459
47	NC_088055	1008928
54	NC_088067	2982993
208	NC_088075	194562
208	NC_088076	189793
245	NC_088438	1827168
245	NC_088439	431301
367	NC_088459	1489755
42	NC_088483	2071455
42	NC_088498	119235
52	NC_088509	140994
52	NC_088510	32221
315	NC_088511	3091706
40	NC_088512	140996
52	NC_088513	32243
42	NC_088514	48231
367	NC_088523	235825
367	NC_088524	306912
90	NC_088531	191885
46	NC_088533	106560
67	NC_088534	54477
36	NC_088536	1185422
36	NC_088537	2932051
36	NC_088538	2487458
404	NC_088539	2907386
404	NC_088540	2137398
36	NC_088541	2029070
119	NC_088545	2976102
261	NC_088547	51268
8	NC_088558	41622
456	NC_088559	642525
81	NC_088562	995811
87	NC_088564	3132731
87	NC_088565	3132732
87	NC_088566	3034931
8	NC_088567	74787
255	NC_088719	1560081
255	NC_088720	3041824
255	NC_088721	3041819
255	NC_088722	3041826
255	NC_088723	3041830
255	NC_088724	3041825
255	NC_088725	1969477
162	NC_088728	1026949
162	NC_088729	3134732
162	NC_088730	2054580
162	NC_088731	3134733
162	NC_088732	3134734
252	NC_088733	3134736
252	NC_088734	2138331
162	NC_088735	529591
162	NC_088738	2138333
162	NC_088739	1146880
106	NC_088740	3114546
36	NC_088741	2803551
392	NC_088747	1262115
313	NC_088748	262921
69	NC_088749	1633997
69	NC_088750	2173070
69	NC_088751	1325981
69	NC_088752	3064863
40	NC_088754	2594499
47	NC_088755	228392
8	NC_088757	462417
44	NC_088761	2732299
138	NC_088762	3137155
315	NC_088768	2768815
136	NC_088770	429709
51	NC_088771	267619
331	NC_140640	3821
